solid OpenSCAD_Model
  facet normal -0.227099 -0.973872 0
    outer loop
      vertex -73.8303 -14.2954 0
      vertex -72.8873 -14.5153 0.2
      vertex -73.8303 -14.2954 0.2
    endloop
  endfacet
  facet normal -0.227099 -0.973872 -0
    outer loop
      vertex -72.8873 -14.5153 0.2
      vertex -73.8303 -14.2954 0
      vertex -72.8873 -14.5153 0
    endloop
  endfacet
  facet normal 0.0327019 -0.999465 0
    outer loop
      vertex -5.7869 -21.3997 0
      vertex -4.38712 -21.3539 0.2
      vertex -5.7869 -21.3997 0.2
    endloop
  endfacet
  facet normal 0.0327019 -0.999465 0
    outer loop
      vertex -4.38712 -21.3539 0.2
      vertex -5.7869 -21.3997 0
      vertex -4.38712 -21.3539 0
    endloop
  endfacet
  facet normal -0.729906 -0.683548 0
    outer loop
      vertex -80.465 -10.465 0
      vertex -81.1269 -9.75821 0.2
      vertex -81.1269 -9.75821 0
    endloop
  endfacet
  facet normal -0.729906 -0.683548 0
    outer loop
      vertex -81.1269 -9.75821 0.2
      vertex -80.465 -10.465 0
      vertex -80.465 -10.465 0.2
    endloop
  endfacet
  facet normal 0.528059 0.849208 -0
    outer loop
      vertex 6.10214 17.7932 0
      vertex 4.91306 18.5326 0.2
      vertex 6.10214 17.7932 0.2
    endloop
  endfacet
  facet normal 0.528059 0.849208 0
    outer loop
      vertex 4.91306 18.5326 0.2
      vertex 6.10214 17.7932 0
      vertex 4.91306 18.5326 0
    endloop
  endfacet
  facet normal 0.0980555 -0.995181 0
    outer loop
      vertex -4.38712 -21.3539 0
      vertex -2.99364 -21.2166 0.2
      vertex -4.38712 -21.3539 0.2
    endloop
  endfacet
  facet normal 0.0980555 -0.995181 0
    outer loop
      vertex -2.99364 -21.2166 0.2
      vertex -4.38712 -21.3539 0
      vertex -2.99364 -21.2166 0
    endloop
  endfacet
  facet normal -0.0980251 0.995184 0
    outer loop
      vertex -7.18666 21.3539 0
      vertex -8.59682 21.215 0.2
      vertex -7.18666 21.3539 0.2
    endloop
  endfacet
  facet normal -0.0980251 0.995184 0
    outer loop
      vertex -8.59682 21.215 0.2
      vertex -7.18666 21.3539 0
      vertex -8.59682 21.215 0
    endloop
  endfacet
  facet normal -0.412776 -0.910833 0
    outer loop
      vertex -76.5457 -13.2734 0
      vertex -75.6635 -13.6732 0.2
      vertex -76.5457 -13.2734 0.2
    endloop
  endfacet
  facet normal -0.412776 -0.910833 -0
    outer loop
      vertex -75.6635 -13.6732 0.2
      vertex -76.5457 -13.2734 0
      vertex -75.6635 -13.6732 0
    endloop
  endfacet
  facet normal 0.986644 0.162892 0
    outer loop
      vertex 15.4297 2.79324 0.2
      vertex 15.2016 4.17485 0
      vertex 15.2016 4.17485 0.2
    endloop
  endfacet
  facet normal 0.986644 0.162892 0
    outer loop
      vertex 15.2016 4.17485 0
      vertex 15.4297 2.79324 0.2
      vertex 15.4297 2.79324 0
    endloop
  endfacet
  facet normal 0.986644 -0.162892 0
    outer loop
      vertex 15.2016 -4.17485 0.2
      vertex 15.4297 -2.79324 0
      vertex 15.4297 -2.79324 0.2
    endloop
  endfacet
  facet normal 0.986644 -0.162892 0
    outer loop
      vertex 15.4297 -2.79324 0
      vertex 15.2016 -4.17485 0.2
      vertex 15.2016 -4.17485 0
    endloop
  endfacet
  facet normal -0.849223 -0.528034 0
    outer loop
      vertex -82.3056 -8.22211 0
      vertex -82.8168 -7.39996 0.2
      vertex -82.8168 -7.39996 0
    endloop
  endfacet
  facet normal -0.849223 -0.528034 0
    outer loop
      vertex -82.8168 -7.39996 0.2
      vertex -82.3056 -8.22211 0
      vertex -82.3056 -8.22211 0.2
    endloop
  endfacet
  facet normal -0.773044 -0.634352 0
    outer loop
      vertex -81.1269 -9.75821 0
      vertex -81.7413 -9.00948 0.2
      vertex -81.7413 -9.00948 0
    endloop
  endfacet
  facet normal -0.773044 -0.634352 0
    outer loop
      vertex -81.7413 -9.00948 0.2
      vertex -81.1269 -9.75821 0
      vertex -81.1269 -9.75821 0.2
    endloop
  endfacet
  facet normal -0.0327024 0.999465 0
    outer loop
      vertex -5.7869 21.3997 0
      vertex -7.18666 21.3539 0.2
      vertex -5.7869 21.3997 0.2
    endloop
  endfacet
  facet normal -0.0327024 0.999465 0
    outer loop
      vertex -7.18666 21.3539 0.2
      vertex -5.7869 21.3997 0
      vertex -7.18666 21.3539 0
    endloop
  endfacet
  facet normal 0.881898 0.47144 0
    outer loop
      vertex 13.4059 9.4648 0.2
      vertex 12.7457 10.6998 0
      vertex 12.7457 10.6998 0.2
    endloop
  endfacet
  facet normal 0.881898 0.47144 0
    outer loop
      vertex 12.7457 10.6998 0
      vertex 13.4059 9.4648 0.2
      vertex 13.4059 9.4648 0
    endloop
  endfacet
  facet normal 0.999463 0.0327735 0
    outer loop
      vertex 15.6128 0 0.2
      vertex 15.5669 1.39977 0
      vertex 15.5669 1.39977 0.2
    endloop
  endfacet
  facet normal 0.999463 0.0327735 0
    outer loop
      vertex 15.5669 1.39977 0
      vertex 15.6128 0 0.2
      vertex 15.6128 0 0
    endloop
  endfacet
  facet normal 0.973869 0.227112 0
    outer loop
      vertex 15.2016 4.17485 0.2
      vertex 14.8836 5.53845 0
      vertex 14.8836 5.53845 0.2
    endloop
  endfacet
  facet normal 0.973869 0.227112 0
    outer loop
      vertex 14.8836 5.53845 0
      vertex 15.2016 4.17485 0.2
      vertex 15.2016 4.17485 0
    endloop
  endfacet
  facet normal -0.162927 0.986638 0
    outer loop
      vertex -71.9305 14.6733 0
      vertex -72.8873 14.5153 0.2
      vertex -71.9305 14.6733 0.2
    endloop
  endfacet
  facet normal -0.162927 0.986638 0
    outer loop
      vertex -72.8873 14.5153 0.2
      vertex -71.9305 14.6733 0
      vertex -72.8873 14.5153 0
    endloop
  endfacet
  facet normal -0.999464 0.0327267 0
    outer loop
      vertex -84.7997 0 0
      vertex -84.768 0.968109 0.2
      vertex -84.768 0.968109 0
    endloop
  endfacet
  facet normal -0.999464 0.0327267 0
    outer loop
      vertex -84.768 0.968109 0.2
      vertex -84.7997 0 0
      vertex -84.7997 0 0.2
    endloop
  endfacet
  facet normal 0.162892 0.986644 -0
    outer loop
      vertex -1.61203 20.9885 0
      vertex -2.99364 21.2166 0.2
      vertex -1.61203 20.9885 0.2
    endloop
  endfacet
  facet normal 0.162892 0.986644 0
    outer loop
      vertex -2.99364 21.2166 0.2
      vertex -1.61203 20.9885 0
      vertex -2.99364 21.2166 0
    endloop
  endfacet
  facet normal -0.0327024 -0.999465 0
    outer loop
      vertex -7.18666 -21.3539 0
      vertex -5.7869 -21.3997 0.2
      vertex -7.18666 -21.3539 0.2
    endloop
  endfacet
  facet normal -0.0327024 -0.999465 -0
    outer loop
      vertex -5.7869 -21.3997 0.2
      vertex -7.18666 -21.3539 0
      vertex -5.7869 -21.3997 0
    endloop
  endfacet
  facet normal 0.973869 -0.227112 0
    outer loop
      vertex 14.8836 -5.53845 0.2
      vertex 15.2016 -4.17485 0
      vertex 15.2016 -4.17485 0.2
    endloop
  endfacet
  facet normal 0.973869 -0.227112 0
    outer loop
      vertex 15.2016 -4.17485 0
      vertex 14.8836 -5.53845 0.2
      vertex 14.8836 -5.53845 0
    endloop
  endfacet
  facet normal -0.162927 -0.986638 0
    outer loop
      vertex -72.8873 -14.5153 0
      vertex -71.9305 -14.6733 0.2
      vertex -72.8873 -14.5153 0.2
    endloop
  endfacet
  facet normal -0.162927 -0.986638 -0
    outer loop
      vertex -71.9305 -14.6733 0.2
      vertex -72.8873 -14.5153 0
      vertex -71.9305 -14.6733 0
    endloop
  endfacet
  facet normal -0.102743 0.994708 0
    outer loop
      vertex -8.59682 21.215 0
      vertex -71.9305 14.6733 0.2
      vertex -8.59682 21.215 0.2
    endloop
  endfacet
  facet normal -0.102743 0.994708 0
    outer loop
      vertex -71.9305 14.6733 0.2
      vertex -8.59682 21.215 0
      vertex -71.9305 14.6733 0
    endloop
  endfacet
  facet normal -0.227099 0.973872 0
    outer loop
      vertex -72.8873 14.5153 0
      vertex -73.8303 14.2954 0.2
      vertex -72.8873 14.5153 0.2
    endloop
  endfacet
  facet normal -0.227099 0.973872 0
    outer loop
      vertex -73.8303 14.2954 0.2
      vertex -72.8873 14.5153 0
      vertex -73.8303 14.2954 0
    endloop
  endfacet
  facet normal -0.910834 0.412772 0
    outer loop
      vertex -83.6732 5.66347 0
      vertex -83.2734 6.54568 0.2
      vertex -83.2734 6.54568 0
    endloop
  endfacet
  facet normal -0.910834 0.412772 0
    outer loop
      vertex -83.2734 6.54568 0.2
      vertex -83.6732 5.66347 0
      vertex -83.6732 5.66347 0.2
    endloop
  endfacet
  facet normal 0.999463 -0.0327735 0
    outer loop
      vertex 15.5669 -1.39977 0.2
      vertex 15.6128 0 0
      vertex 15.6128 0 0.2
    endloop
  endfacet
  facet normal 0.999463 -0.0327735 0
    outer loop
      vertex 15.6128 0 0
      vertex 15.5669 -1.39977 0.2
      vertex 15.5669 -1.39977 0
    endloop
  endfacet
  facet normal 0.0980555 0.995181 -0
    outer loop
      vertex -2.99364 21.2166 0
      vertex -4.38712 21.3539 0.2
      vertex -2.99364 21.2166 0.2
    endloop
  endfacet
  facet normal 0.0980555 0.995181 0
    outer loop
      vertex -4.38712 21.3539 0.2
      vertex -2.99364 21.2166 0
      vertex -4.38712 21.3539 0
    endloop
  endfacet
  facet normal -0.0980251 -0.995184 0
    outer loop
      vertex -8.59682 -21.215 0
      vertex -7.18666 -21.3539 0.2
      vertex -8.59682 -21.215 0.2
    endloop
  endfacet
  facet normal -0.0980251 -0.995184 -0
    outer loop
      vertex -7.18666 -21.3539 0.2
      vertex -8.59682 -21.215 0
      vertex -7.18666 -21.3539 0
    endloop
  endfacet
  facet normal 0.528059 -0.849208 0
    outer loop
      vertex 4.91306 -18.5326 0
      vertex 6.10214 -17.7932 0.2
      vertex 4.91306 -18.5326 0.2
    endloop
  endfacet
  facet normal 0.528059 -0.849208 0
    outer loop
      vertex 6.10214 -17.7932 0.2
      vertex 4.91306 -18.5326 0
      vertex 6.10214 -17.7932 0
    endloop
  endfacet
  facet normal 0.956961 0.290215 0
    outer loop
      vertex 14.8836 5.53845 0.2
      vertex 14.4771 6.87885 0
      vertex 14.4771 6.87885 0.2
    endloop
  endfacet
  facet normal 0.956961 0.290215 0
    outer loop
      vertex 14.4771 6.87885 0
      vertex 14.8836 5.53845 0.2
      vertex 14.8836 5.53845 0
    endloop
  endfacet
  facet normal -0.352221 -0.935917 0
    outer loop
      vertex -75.6635 -13.6732 0
      vertex -74.7574 -14.0142 0.2
      vertex -75.6635 -13.6732 0.2
    endloop
  endfacet
  facet normal -0.352221 -0.935917 -0
    outer loop
      vertex -74.7574 -14.0142 0.2
      vertex -75.6635 -13.6732 0
      vertex -74.7574 -14.0142 0
    endloop
  endfacet
  facet normal 0.995188 0.0979854 0
    outer loop
      vertex 15.5669 1.39977 0.2
      vertex 15.4297 2.79324 0
      vertex 15.4297 2.79324 0.2
    endloop
  endfacet
  facet normal 0.995188 0.0979854 0
    outer loop
      vertex 15.4297 2.79324 0
      vertex 15.5669 1.39977 0.2
      vertex 15.5669 1.39977 0
    endloop
  endfacet
  facet normal 0.683565 0.72989 -0
    outer loop
      vertex 9.34496 15.1319 0
      vertex 8.32289 16.0891 0.2
      vertex 9.34496 15.1319 0.2
    endloop
  endfacet
  facet normal 0.683565 0.72989 0
    outer loop
      vertex 8.32289 16.0891 0.2
      vertex 9.34496 15.1319 0
      vertex 8.32289 16.0891 0
    endloop
  endfacet
  facet normal 0.0327019 0.999465 -0
    outer loop
      vertex -4.38712 21.3539 0
      vertex -5.7869 21.3997 0.2
      vertex -4.38712 21.3539 0.2
    endloop
  endfacet
  facet normal 0.0327019 0.999465 0
    outer loop
      vertex -5.7869 21.3997 0.2
      vertex -4.38712 21.3539 0
      vertex -5.7869 21.3997 0
    endloop
  endfacet
  facet normal 0.412721 -0.910857 0
    outer loop
      vertex 2.40228 -19.7708 0
      vertex 3.6779 -19.1928 0.2
      vertex 2.40228 -19.7708 0.2
    endloop
  endfacet
  facet normal 0.412721 -0.910857 0
    outer loop
      vertex 3.6779 -19.1928 0.2
      vertex 2.40228 -19.7708 0
      vertex 3.6779 -19.1928 0
    endloop
  endfacet
  facet normal 0.471393 -0.881923 0
    outer loop
      vertex 3.6779 -19.1928 0
      vertex 4.91306 -18.5326 0.2
      vertex 3.6779 -19.1928 0.2
    endloop
  endfacet
  facet normal 0.471393 -0.881923 0
    outer loop
      vertex 4.91306 -18.5326 0.2
      vertex 3.6779 -19.1928 0
      vertex 4.91306 -18.5326 0
    endloop
  endfacet
  facet normal -0.102743 -0.994708 0
    outer loop
      vertex -71.9305 -14.6733 0
      vertex -8.59682 -21.215 0.2
      vertex -71.9305 -14.6733 0.2
    endloop
  endfacet
  facet normal -0.102743 -0.994708 -0
    outer loop
      vertex -8.59682 -21.215 0.2
      vertex -71.9305 -14.6733 0
      vertex -8.59682 -21.215 0
    endloop
  endfacet
  facet normal -0.582517 0.812819 0
    outer loop
      vertex -78.2221 12.3056 0
      vertex -79.0095 11.7413 0.2
      vertex -78.2221 12.3056 0.2
    endloop
  endfacet
  facet normal -0.582517 0.812819 0
    outer loop
      vertex -79.0095 11.7413 0.2
      vertex -78.2221 12.3056 0
      vertex -79.0095 11.7413 0
    endloop
  endfacet
  facet normal -0.634367 -0.773032 0
    outer loop
      vertex -79.7582 -11.1269 0
      vertex -79.0095 -11.7413 0.2
      vertex -79.7582 -11.1269 0.2
    endloop
  endfacet
  facet normal -0.634367 -0.773032 -0
    outer loop
      vertex -79.0095 -11.7413 0.2
      vertex -79.7582 -11.1269 0
      vertex -79.0095 -11.7413 0
    endloop
  endfacet
  facet normal 0.352234 0.935912 -0
    outer loop
      vertex 2.40228 19.7708 0
      vertex 1.09181 20.264 0.2
      vertex 2.40228 19.7708 0.2
    endloop
  endfacet
  facet normal 0.352234 0.935912 0
    outer loop
      vertex 1.09181 20.264 0.2
      vertex 2.40228 19.7708 0
      vertex 1.09181 20.264 0
    endloop
  endfacet
  facet normal 0.729886 0.683569 0
    outer loop
      vertex 10.3022 14.1098 0.2
      vertex 9.34496 15.1319 0
      vertex 9.34496 15.1319 0.2
    endloop
  endfacet
  facet normal 0.729886 0.683569 0
    outer loop
      vertex 9.34496 15.1319 0
      vertex 10.3022 14.1098 0.2
      vertex 10.3022 14.1098 0
    endloop
  endfacet
  facet normal 0.773005 0.6344 0
    outer loop
      vertex 11.1906 13.0273 0.2
      vertex 10.3022 14.1098 0
      vertex 10.3022 14.1098 0.2
    endloop
  endfacet
  facet normal 0.773005 0.6344 0
    outer loop
      vertex 10.3022 14.1098 0
      vertex 11.1906 13.0273 0.2
      vertex 11.1906 13.0273 0
    endloop
  endfacet
  facet normal 0.290278 -0.956942 0
    outer loop
      vertex -0.248276 -20.6705 0
      vertex 1.09181 -20.264 0.2
      vertex -0.248276 -20.6705 0.2
    endloop
  endfacet
  facet normal 0.290278 -0.956942 0
    outer loop
      vertex 1.09181 -20.264 0.2
      vertex -0.248276 -20.6705 0
      vertex 1.09181 -20.264 0
    endloop
  endfacet
  facet normal -0.352221 0.935917 0
    outer loop
      vertex -74.7574 14.0142 0
      vertex -75.6635 13.6732 0.2
      vertex -74.7574 14.0142 0.2
    endloop
  endfacet
  facet normal -0.352221 0.935917 0
    outer loop
      vertex -75.6635 13.6732 0.2
      vertex -74.7574 14.0142 0
      vertex -75.6635 13.6732 0
    endloop
  endfacet
  facet normal -0.995186 -0.0980065 0
    outer loop
      vertex -84.6731 -1.93175 0
      vertex -84.768 -0.968109 0.2
      vertex -84.768 -0.968109 0
    endloop
  endfacet
  facet normal -0.995186 -0.0980065 0
    outer loop
      vertex -84.768 -0.968109 0.2
      vertex -84.6731 -1.93175 0
      vertex -84.6731 -1.93175 0.2
    endloop
  endfacet
  facet normal -0.910834 -0.412772 0
    outer loop
      vertex -83.2734 -6.54568 0
      vertex -83.6732 -5.66347 0.2
      vertex -83.6732 -5.66347 0
    endloop
  endfacet
  facet normal -0.910834 -0.412772 0
    outer loop
      vertex -83.6732 -5.66347 0.2
      vertex -83.2734 -6.54568 0
      vertex -83.2734 -6.54568 0.2
    endloop
  endfacet
  facet normal -0.634367 0.773032 0
    outer loop
      vertex -79.0095 11.7413 0
      vertex -79.7582 11.1269 0.2
      vertex -79.0095 11.7413 0.2
    endloop
  endfacet
  facet normal -0.634367 0.773032 0
    outer loop
      vertex -79.7582 11.1269 0.2
      vertex -79.0095 11.7413 0
      vertex -79.7582 11.1269 0
    endloop
  endfacet
  facet normal 0.84922 0.52804 0
    outer loop
      vertex 12.7457 10.6998 0.2
      vertex 12.0062 11.8891 0
      vertex 12.0062 11.8891 0.2
    endloop
  endfacet
  facet normal 0.84922 0.52804 0
    outer loop
      vertex 12.0062 11.8891 0
      vertex 12.7457 10.6998 0.2
      vertex 12.7457 10.6998 0
    endloop
  endfacet
  facet normal 0.956961 -0.290215 0
    outer loop
      vertex 14.4771 -6.87885 0.2
      vertex 14.8836 -5.53845 0
      vertex 14.8836 -5.53845 0.2
    endloop
  endfacet
  facet normal 0.956961 -0.290215 0
    outer loop
      vertex 14.8836 -5.53845 0
      vertex 14.4771 -6.87885 0.2
      vertex 14.4771 -6.87885 0
    endloop
  endfacet
  facet normal 0.812854 -0.582467 0
    outer loop
      vertex 11.1906 -13.0273 0.2
      vertex 12.0062 -11.8891 0
      vertex 12.0062 -11.8891 0.2
    endloop
  endfacet
  facet normal 0.812854 -0.582467 0
    outer loop
      vertex 12.0062 -11.8891 0
      vertex 11.1906 -13.0273 0.2
      vertex 11.1906 -13.0273 0
    endloop
  endfacet
  facet normal 0.729886 -0.683569 0
    outer loop
      vertex 9.34496 -15.1319 0.2
      vertex 10.3022 -14.1098 0
      vertex 10.3022 -14.1098 0.2
    endloop
  endfacet
  facet normal 0.729886 -0.683569 0
    outer loop
      vertex 10.3022 -14.1098 0
      vertex 9.34496 -15.1319 0.2
      vertex 9.34496 -15.1319 0
    endloop
  endfacet
  facet normal -0.290254 0.95695 0
    outer loop
      vertex -73.8303 14.2954 0
      vertex -74.7574 14.0142 0.2
      vertex -73.8303 14.2954 0.2
    endloop
  endfacet
  facet normal -0.290254 0.95695 0
    outer loop
      vertex -74.7574 14.0142 0.2
      vertex -73.8303 14.2954 0
      vertex -74.7574 14.0142 0
    endloop
  endfacet
  facet normal 0.227088 0.973874 -0
    outer loop
      vertex -0.248276 20.6705 0
      vertex -1.61203 20.9885 0.2
      vertex -0.248276 20.6705 0.2
    endloop
  endfacet
  facet normal 0.227088 0.973874 0
    outer loop
      vertex -1.61203 20.9885 0.2
      vertex -0.248276 20.6705 0
      vertex -1.61203 20.9885 0
    endloop
  endfacet
  facet normal 0.162892 -0.986644 0
    outer loop
      vertex -2.99364 -21.2166 0
      vertex -1.61203 -20.9885 0.2
      vertex -2.99364 -21.2166 0.2
    endloop
  endfacet
  facet normal 0.162892 -0.986644 0
    outer loop
      vertex -1.61203 -20.9885 0.2
      vertex -2.99364 -21.2166 0
      vertex -1.61203 -20.9885 0
    endloop
  endfacet
  facet normal -0.935919 0.352214 0
    outer loop
      vertex -84.0142 4.75735 0
      vertex -83.6732 5.66347 0.2
      vertex -83.6732 5.66347 0
    endloop
  endfacet
  facet normal -0.935919 0.352214 0
    outer loop
      vertex -83.6732 5.66347 0.2
      vertex -84.0142 4.75735 0
      vertex -84.0142 4.75735 0.2
    endloop
  endfacet
  facet normal -0.683543 -0.729911 0
    outer loop
      vertex -80.465 -10.465 0
      vertex -79.7582 -11.1269 0.2
      vertex -80.465 -10.465 0.2
    endloop
  endfacet
  facet normal -0.683543 -0.729911 -0
    outer loop
      vertex -79.7582 -11.1269 0.2
      vertex -80.465 -10.465 0
      vertex -79.7582 -11.1269 0
    endloop
  endfacet
  facet normal 0.683565 -0.72989 0
    outer loop
      vertex 8.32289 -16.0891 0
      vertex 9.34496 -15.1319 0.2
      vertex 8.32289 -16.0891 0.2
    endloop
  endfacet
  facet normal 0.683565 -0.72989 0
    outer loop
      vertex 9.34496 -15.1319 0.2
      vertex 8.32289 -16.0891 0
      vertex 9.34496 -15.1319 0
    endloop
  endfacet
  facet normal -0.956949 0.290257 0
    outer loop
      vertex -84.2954 3.83026 0
      vertex -84.0142 4.75735 0.2
      vertex -84.0142 4.75735 0
    endloop
  endfacet
  facet normal -0.956949 0.290257 0
    outer loop
      vertex -84.0142 4.75735 0.2
      vertex -84.2954 3.83026 0
      vertex -84.2954 3.83026 0.2
    endloop
  endfacet
  facet normal 0.812854 0.582467 0
    outer loop
      vertex 12.0062 11.8891 0.2
      vertex 11.1906 13.0273 0
      vertex 11.1906 13.0273 0.2
    endloop
  endfacet
  facet normal 0.812854 0.582467 0
    outer loop
      vertex 11.1906 13.0273 0
      vertex 12.0062 11.8891 0.2
      vertex 12.0062 11.8891 0
    endloop
  endfacet
  facet normal 0.412721 0.910857 -0
    outer loop
      vertex 3.6779 19.1928 0
      vertex 2.40228 19.7708 0.2
      vertex 3.6779 19.1928 0.2
    endloop
  endfacet
  facet normal 0.412721 0.910857 0
    outer loop
      vertex 2.40228 19.7708 0.2
      vertex 3.6779 19.1928 0
      vertex 2.40228 19.7708 0
    endloop
  endfacet
  facet normal -0.773044 0.634352 0
    outer loop
      vertex -81.7413 9.00948 0
      vertex -81.1269 9.75821 0.2
      vertex -81.1269 9.75821 0
    endloop
  endfacet
  facet normal -0.773044 0.634352 0
    outer loop
      vertex -81.1269 9.75821 0.2
      vertex -81.7413 9.00948 0
      vertex -81.7413 9.00948 0.2
    endloop
  endfacet
  facet normal -0.528057 -0.849209 0
    outer loop
      vertex -78.2221 -12.3056 0
      vertex -77.4 -12.8168 0.2
      vertex -78.2221 -12.3056 0.2
    endloop
  endfacet
  facet normal -0.528057 -0.849209 -0
    outer loop
      vertex -77.4 -12.8168 0.2
      vertex -78.2221 -12.3056 0
      vertex -77.4 -12.8168 0
    endloop
  endfacet
  facet normal 0.773005 -0.6344 0
    outer loop
      vertex 10.3022 -14.1098 0.2
      vertex 11.1906 -13.0273 0
      vertex 11.1906 -13.0273 0.2
    endloop
  endfacet
  facet normal 0.773005 -0.6344 0
    outer loop
      vertex 11.1906 -13.0273 0
      vertex 10.3022 -14.1098 0.2
      vertex 10.3022 -14.1098 0
    endloop
  endfacet
  facet normal -0.683543 0.729911 0
    outer loop
      vertex -79.7582 11.1269 0
      vertex -80.465 10.465 0.2
      vertex -79.7582 11.1269 0.2
    endloop
  endfacet
  facet normal -0.683543 0.729911 0
    outer loop
      vertex -80.465 10.465 0.2
      vertex -79.7582 11.1269 0
      vertex -80.465 10.465 0
    endloop
  endfacet
  facet normal 0.582497 0.812833 -0
    outer loop
      vertex 7.24039 16.9775 0
      vertex 6.10214 17.7932 0.2
      vertex 7.24039 16.9775 0.2
    endloop
  endfacet
  facet normal 0.582497 0.812833 0
    outer loop
      vertex 6.10214 17.7932 0.2
      vertex 7.24039 16.9775 0
      vertex 6.10214 17.7932 0
    endloop
  endfacet
  facet normal -0.881931 -0.471379 0
    outer loop
      vertex -82.8168 -7.39996 0
      vertex -83.2734 -6.54568 0.2
      vertex -83.2734 -6.54568 0
    endloop
  endfacet
  facet normal -0.881931 -0.471379 0
    outer loop
      vertex -83.2734 -6.54568 0.2
      vertex -82.8168 -7.39996 0
      vertex -82.8168 -7.39996 0.2
    endloop
  endfacet
  facet normal 0.227088 -0.973874 0
    outer loop
      vertex -1.61203 -20.9885 0
      vertex -0.248276 -20.6705 0.2
      vertex -1.61203 -20.9885 0.2
    endloop
  endfacet
  facet normal 0.227088 -0.973874 0
    outer loop
      vertex -0.248276 -20.6705 0.2
      vertex -1.61203 -20.9885 0
      vertex -0.248276 -20.6705 0
    endloop
  endfacet
  facet normal 0.471393 0.881923 -0
    outer loop
      vertex 4.91306 18.5326 0
      vertex 3.6779 19.1928 0.2
      vertex 4.91306 18.5326 0.2
    endloop
  endfacet
  facet normal 0.471393 0.881923 0
    outer loop
      vertex 3.6779 19.1928 0.2
      vertex 4.91306 18.5326 0
      vertex 3.6779 19.1928 0
    endloop
  endfacet
  facet normal -0.881931 0.471379 0
    outer loop
      vertex -83.2734 6.54568 0
      vertex -82.8168 7.39996 0.2
      vertex -82.8168 7.39996 0
    endloop
  endfacet
  facet normal -0.881931 0.471379 0
    outer loop
      vertex -82.8168 7.39996 0.2
      vertex -83.2734 6.54568 0
      vertex -83.2734 6.54568 0.2
    endloop
  endfacet
  facet normal -0.290254 -0.95695 0
    outer loop
      vertex -74.7574 -14.0142 0
      vertex -73.8303 -14.2954 0.2
      vertex -74.7574 -14.0142 0.2
    endloop
  endfacet
  facet normal -0.290254 -0.95695 -0
    outer loop
      vertex -73.8303 -14.2954 0.2
      vertex -74.7574 -14.0142 0
      vertex -73.8303 -14.2954 0
    endloop
  endfacet
  facet normal 0.582497 -0.812833 0
    outer loop
      vertex 6.10214 -17.7932 0
      vertex 7.24039 -16.9775 0.2
      vertex 6.10214 -17.7932 0.2
    endloop
  endfacet
  facet normal 0.582497 -0.812833 0
    outer loop
      vertex 7.24039 -16.9775 0.2
      vertex 6.10214 -17.7932 0
      vertex 7.24039 -16.9775 0
    endloop
  endfacet
  facet normal -0.956949 -0.290257 0
    outer loop
      vertex -84.0142 -4.75735 0
      vertex -84.2954 -3.83026 0.2
      vertex -84.2954 -3.83026 0
    endloop
  endfacet
  facet normal -0.956949 -0.290257 0
    outer loop
      vertex -84.2954 -3.83026 0.2
      vertex -84.0142 -4.75735 0
      vertex -84.0142 -4.75735 0.2
    endloop
  endfacet
  facet normal 0.910857 0.412721 0
    outer loop
      vertex 13.9839 8.18918 0.2
      vertex 13.4059 9.4648 0
      vertex 13.4059 9.4648 0.2
    endloop
  endfacet
  facet normal 0.910857 0.412721 0
    outer loop
      vertex 13.4059 9.4648 0
      vertex 13.9839 8.18918 0.2
      vertex 13.9839 8.18918 0
    endloop
  endfacet
  facet normal -0.973871 0.227104 0
    outer loop
      vertex -84.5153 2.88728 0
      vertex -84.2954 3.83026 0.2
      vertex -84.2954 3.83026 0
    endloop
  endfacet
  facet normal -0.973871 0.227104 0
    outer loop
      vertex -84.2954 3.83026 0.2
      vertex -84.5153 2.88728 0
      vertex -84.5153 2.88728 0.2
    endloop
  endfacet
  facet normal -0.528057 0.849209 0
    outer loop
      vertex -77.4 12.8168 0
      vertex -78.2221 12.3056 0.2
      vertex -77.4 12.8168 0.2
    endloop
  endfacet
  facet normal -0.528057 0.849209 0
    outer loop
      vertex -78.2221 12.3056 0.2
      vertex -77.4 12.8168 0
      vertex -78.2221 12.3056 0
    endloop
  endfacet
  facet normal -0.999464 -0.0327267 0
    outer loop
      vertex -84.768 -0.968109 0
      vertex -84.7997 0 0.2
      vertex -84.7997 0 0
    endloop
  endfacet
  facet normal -0.999464 -0.0327267 0
    outer loop
      vertex -84.7997 0 0.2
      vertex -84.768 -0.968109 0
      vertex -84.768 -0.968109 0.2
    endloop
  endfacet
  facet normal 0.9359 0.352267 0
    outer loop
      vertex 14.4771 6.87885 0.2
      vertex 13.9839 8.18918 0
      vertex 13.9839 8.18918 0.2
    endloop
  endfacet
  facet normal 0.9359 0.352267 0
    outer loop
      vertex 13.9839 8.18918 0
      vertex 14.4771 6.87885 0.2
      vertex 14.4771 6.87885 0
    endloop
  endfacet
  facet normal 0.6344 0.773005 -0
    outer loop
      vertex 8.32289 16.0891 0
      vertex 7.24039 16.9775 0.2
      vertex 8.32289 16.0891 0.2
    endloop
  endfacet
  facet normal 0.6344 0.773005 0
    outer loop
      vertex 7.24039 16.9775 0.2
      vertex 8.32289 16.0891 0
      vertex 7.24039 16.9775 0
    endloop
  endfacet
  facet normal 0.881898 -0.47144 0
    outer loop
      vertex 12.7457 -10.6998 0.2
      vertex 13.4059 -9.4648 0
      vertex 13.4059 -9.4648 0.2
    endloop
  endfacet
  facet normal 0.881898 -0.47144 0
    outer loop
      vertex 13.4059 -9.4648 0
      vertex 12.7457 -10.6998 0.2
      vertex 12.7457 -10.6998 0
    endloop
  endfacet
  facet normal -0.412776 0.910833 0
    outer loop
      vertex -75.6635 13.6732 0
      vertex -76.5457 13.2734 0.2
      vertex -75.6635 13.6732 0.2
    endloop
  endfacet
  facet normal -0.412776 0.910833 0
    outer loop
      vertex -76.5457 13.2734 0.2
      vertex -75.6635 13.6732 0
      vertex -76.5457 13.2734 0
    endloop
  endfacet
  facet normal -0.582517 -0.812819 0
    outer loop
      vertex -79.0095 -11.7413 0
      vertex -78.2221 -12.3056 0.2
      vertex -79.0095 -11.7413 0.2
    endloop
  endfacet
  facet normal -0.582517 -0.812819 -0
    outer loop
      vertex -78.2221 -12.3056 0.2
      vertex -79.0095 -11.7413 0
      vertex -78.2221 -12.3056 0
    endloop
  endfacet
  facet normal 0.84922 -0.52804 0
    outer loop
      vertex 12.0062 -11.8891 0.2
      vertex 12.7457 -10.6998 0
      vertex 12.7457 -10.6998 0.2
    endloop
  endfacet
  facet normal 0.84922 -0.52804 0
    outer loop
      vertex 12.7457 -10.6998 0
      vertex 12.0062 -11.8891 0.2
      vertex 12.0062 -11.8891 0
    endloop
  endfacet
  facet normal -0.47137 -0.881935 0
    outer loop
      vertex -77.4 -12.8168 0
      vertex -76.5457 -13.2734 0.2
      vertex -77.4 -12.8168 0.2
    endloop
  endfacet
  facet normal -0.47137 -0.881935 -0
    outer loop
      vertex -76.5457 -13.2734 0.2
      vertex -77.4 -12.8168 0
      vertex -76.5457 -13.2734 0
    endloop
  endfacet
  facet normal -0.812808 0.582531 0
    outer loop
      vertex -82.3056 8.22211 0
      vertex -81.7413 9.00948 0.2
      vertex -81.7413 9.00948 0
    endloop
  endfacet
  facet normal -0.812808 0.582531 0
    outer loop
      vertex -81.7413 9.00948 0.2
      vertex -82.3056 8.22211 0
      vertex -82.3056 8.22211 0.2
    endloop
  endfacet
  facet normal 0.290278 0.956942 -0
    outer loop
      vertex 1.09181 20.264 0
      vertex -0.248276 20.6705 0.2
      vertex 1.09181 20.264 0.2
    endloop
  endfacet
  facet normal 0.290278 0.956942 0
    outer loop
      vertex -0.248276 20.6705 0.2
      vertex 1.09181 20.264 0
      vertex -0.248276 20.6705 0
    endloop
  endfacet
  facet normal -0.986636 0.162937 0
    outer loop
      vertex -84.6731 1.93175 0
      vertex -84.5153 2.88728 0.2
      vertex -84.5153 2.88728 0
    endloop
  endfacet
  facet normal -0.986636 0.162937 0
    outer loop
      vertex -84.5153 2.88728 0.2
      vertex -84.6731 1.93175 0
      vertex -84.6731 1.93175 0.2
    endloop
  endfacet
  facet normal 0.9359 -0.352267 0
    outer loop
      vertex 13.9839 -8.18918 0.2
      vertex 14.4771 -6.87885 0
      vertex 14.4771 -6.87885 0.2
    endloop
  endfacet
  facet normal 0.9359 -0.352267 0
    outer loop
      vertex 14.4771 -6.87885 0
      vertex 13.9839 -8.18918 0.2
      vertex 13.9839 -8.18918 0
    endloop
  endfacet
  facet normal -0.812808 -0.582531 0
    outer loop
      vertex -81.7413 -9.00948 0
      vertex -82.3056 -8.22211 0.2
      vertex -82.3056 -8.22211 0
    endloop
  endfacet
  facet normal -0.812808 -0.582531 0
    outer loop
      vertex -82.3056 -8.22211 0.2
      vertex -81.7413 -9.00948 0
      vertex -81.7413 -9.00948 0.2
    endloop
  endfacet
  facet normal 0.352234 -0.935912 0
    outer loop
      vertex 1.09181 -20.264 0
      vertex 2.40228 -19.7708 0.2
      vertex 1.09181 -20.264 0.2
    endloop
  endfacet
  facet normal 0.352234 -0.935912 0
    outer loop
      vertex 2.40228 -19.7708 0.2
      vertex 1.09181 -20.264 0
      vertex 2.40228 -19.7708 0
    endloop
  endfacet
  facet normal -0.849223 0.528034 0
    outer loop
      vertex -82.8168 7.39996 0
      vertex -82.3056 8.22211 0.2
      vertex -82.3056 8.22211 0
    endloop
  endfacet
  facet normal -0.849223 0.528034 0
    outer loop
      vertex -82.3056 8.22211 0.2
      vertex -82.8168 7.39996 0
      vertex -82.8168 7.39996 0.2
    endloop
  endfacet
  facet normal 0.995188 -0.0979854 0
    outer loop
      vertex 15.4297 -2.79324 0.2
      vertex 15.5669 -1.39977 0
      vertex 15.5669 -1.39977 0.2
    endloop
  endfacet
  facet normal 0.995188 -0.0979854 0
    outer loop
      vertex 15.5669 -1.39977 0
      vertex 15.4297 -2.79324 0.2
      vertex 15.4297 -2.79324 0
    endloop
  endfacet
  facet normal -0.973871 -0.227104 0
    outer loop
      vertex -84.2954 -3.83026 0
      vertex -84.5153 -2.88728 0.2
      vertex -84.5153 -2.88728 0
    endloop
  endfacet
  facet normal -0.973871 -0.227104 0
    outer loop
      vertex -84.5153 -2.88728 0.2
      vertex -84.2954 -3.83026 0
      vertex -84.2954 -3.83026 0.2
    endloop
  endfacet
  facet normal 0.6344 -0.773005 0
    outer loop
      vertex 7.24039 -16.9775 0
      vertex 8.32289 -16.0891 0.2
      vertex 7.24039 -16.9775 0.2
    endloop
  endfacet
  facet normal 0.6344 -0.773005 0
    outer loop
      vertex 8.32289 -16.0891 0.2
      vertex 7.24039 -16.9775 0
      vertex 8.32289 -16.0891 0
    endloop
  endfacet
  facet normal -0.995186 0.0980065 0
    outer loop
      vertex -84.768 0.968109 0
      vertex -84.6731 1.93175 0.2
      vertex -84.6731 1.93175 0
    endloop
  endfacet
  facet normal -0.995186 0.0980065 0
    outer loop
      vertex -84.6731 1.93175 0.2
      vertex -84.768 0.968109 0
      vertex -84.768 0.968109 0.2
    endloop
  endfacet
  facet normal -0.729906 0.683548 0
    outer loop
      vertex -81.1269 9.75821 0
      vertex -80.465 10.465 0.2
      vertex -80.465 10.465 0
    endloop
  endfacet
  facet normal -0.729906 0.683548 0
    outer loop
      vertex -80.465 10.465 0.2
      vertex -81.1269 9.75821 0
      vertex -81.1269 9.75821 0.2
    endloop
  endfacet
  facet normal 0.910857 -0.412721 0
    outer loop
      vertex 13.4059 -9.4648 0.2
      vertex 13.9839 -8.18918 0
      vertex 13.9839 -8.18918 0.2
    endloop
  endfacet
  facet normal 0.910857 -0.412721 0
    outer loop
      vertex 13.9839 -8.18918 0
      vertex 13.4059 -9.4648 0.2
      vertex 13.4059 -9.4648 0
    endloop
  endfacet
  facet normal -0.47137 0.881935 0
    outer loop
      vertex -76.5457 13.2734 0
      vertex -77.4 12.8168 0.2
      vertex -76.5457 13.2734 0.2
    endloop
  endfacet
  facet normal -0.47137 0.881935 0
    outer loop
      vertex -77.4 12.8168 0.2
      vertex -76.5457 13.2734 0
      vertex -77.4 12.8168 0
    endloop
  endfacet
  facet normal -0.935919 -0.352214 0
    outer loop
      vertex -83.6732 -5.66347 0
      vertex -84.0142 -4.75735 0.2
      vertex -84.0142 -4.75735 0
    endloop
  endfacet
  facet normal -0.935919 -0.352214 0
    outer loop
      vertex -84.0142 -4.75735 0.2
      vertex -83.6732 -5.66347 0
      vertex -83.6732 -5.66347 0.2
    endloop
  endfacet
  facet normal 0 0 -1
    outer loop
      vertex 12.2131 0 0
      vertex 15.6128 0 0
      vertex 15.5669 -1.39977 0
    endloop
  endfacet
  facet normal 0 0 -1
    outer loop
      vertex 12.1746 -1.17726 0
      vertex 15.5669 -1.39977 0
      vertex 15.4297 -2.79324 0
    endloop
  endfacet
  facet normal 0 0 -1
    outer loop
      vertex 15.6128 0 0
      vertex 12.2131 0 0
      vertex 15.5669 1.39977 0
    endloop
  endfacet
  facet normal 0 0 -1
    outer loop
      vertex 12.0591 -2.34947 0
      vertex 15.4297 -2.79324 0
      vertex 15.2016 -4.17485 0
    endloop
  endfacet
  facet normal 0 0 -1
    outer loop
      vertex 12.1746 1.17726 0
      vertex 15.5669 1.39977 0
      vertex 12.2131 0 0
    endloop
  endfacet
  facet normal 0 0 -1
    outer loop
      vertex 11.8672 -3.51163 0
      vertex 15.2016 -4.17485 0
      vertex 14.8836 -5.53845 0
    endloop
  endfacet
  facet normal -0 0 -1
    outer loop
      vertex 15.5669 1.39977 0
      vertex 12.1746 1.17726 0
      vertex 15.4297 2.79324 0
    endloop
  endfacet
  facet normal 0 0 -1
    outer loop
      vertex 11.5998 -4.65874 0
      vertex 14.8836 -5.53845 0
      vertex 14.4771 -6.87885 0
    endloop
  endfacet
  facet normal 0 0 -1
    outer loop
      vertex 12.0591 2.34947 0
      vertex 15.4297 2.79324 0
      vertex 12.1746 1.17726 0
    endloop
  endfacet
  facet normal 0 0 -1
    outer loop
      vertex 11.2578 -5.78591 0
      vertex 14.4771 -6.87885 0
      vertex 13.9839 -8.18918 0
    endloop
  endfacet
  facet normal -0 0 -1
    outer loop
      vertex 15.4297 2.79324 0
      vertex 12.0591 2.34947 0
      vertex 15.2016 4.17485 0
    endloop
  endfacet
  facet normal 0 0 -1
    outer loop
      vertex 10.8429 -6.8883 0
      vertex 13.9839 -8.18918 0
      vertex 13.4059 -9.4648 0
    endloop
  endfacet
  facet normal 0 0 -1
    outer loop
      vertex 11.8672 3.51163 0
      vertex 15.2016 4.17485 0
      vertex 12.0591 2.34947 0
    endloop
  endfacet
  facet normal 0 0 -1
    outer loop
      vertex 10.3568 -7.9612 0
      vertex 13.4059 -9.4648 0
      vertex 12.7457 -10.6998 0
    endloop
  endfacet
  facet normal -0 0 -1
    outer loop
      vertex 15.2016 4.17485 0
      vertex 11.8672 3.51163 0
      vertex 14.8836 5.53845 0
    endloop
  endfacet
  facet normal 0 0 -1
    outer loop
      vertex 11.5998 4.65874 0
      vertex 14.8836 5.53845 0
      vertex 11.8672 3.51163 0
    endloop
  endfacet
  facet normal 0 0 -1
    outer loop
      vertex 15.5669 -1.39977 0
      vertex 12.1746 -1.17726 0
      vertex 12.2131 0 0
    endloop
  endfacet
  facet normal 0 0 -1
    outer loop
      vertex 15.4297 -2.79324 0
      vertex 12.0591 -2.34947 0
      vertex 12.1746 -1.17726 0
    endloop
  endfacet
  facet normal 0 0 -1
    outer loop
      vertex 9.80156 -9 0
      vertex 12.7457 -10.6998 0
      vertex 12.0062 -11.8891 0
    endloop
  endfacet
  facet normal 0 0 -1
    outer loop
      vertex 15.2016 -4.17485 0
      vertex 11.8672 -3.51163 0
      vertex 12.0591 -2.34947 0
    endloop
  endfacet
  facet normal 0 0 -1
    outer loop
      vertex 14.8836 -5.53845 0
      vertex 11.5998 -4.65874 0
      vertex 11.8672 -3.51163 0
    endloop
  endfacet
  facet normal 0 0 -1
    outer loop
      vertex 14.4771 -6.87885 0
      vertex 11.2578 -5.78591 0
      vertex 11.5998 -4.65874 0
    endloop
  endfacet
  facet normal 0 0 -1
    outer loop
      vertex 9.17955 -10.0003 0
      vertex 12.0062 -11.8891 0
      vertex 11.1906 -13.0273 0
    endloop
  endfacet
  facet normal 0 0 -1
    outer loop
      vertex 13.9839 -8.18918 0
      vertex 10.8429 -6.8883 0
      vertex 11.2578 -5.78591 0
    endloop
  endfacet
  facet normal 0 0 -1
    outer loop
      vertex 13.4059 -9.4648 0
      vertex 10.3568 -7.9612 0
      vertex 10.8429 -6.8883 0
    endloop
  endfacet
  facet normal 0 0 -1
    outer loop
      vertex 8.49346 -10.9577 0
      vertex 11.1906 -13.0273 0
      vertex 10.3022 -14.1098 0
    endloop
  endfacet
  facet normal 0 0 -1
    outer loop
      vertex 12.7457 -10.6998 0
      vertex 9.80156 -9 0
      vertex 10.3568 -7.9612 0
    endloop
  endfacet
  facet normal 0 0 -1
    outer loop
      vertex 7.74622 -11.8682 0
      vertex 10.3022 -14.1098 0
      vertex 9.34496 -15.1319 0
    endloop
  endfacet
  facet normal 0 0 -1
    outer loop
      vertex 12.0062 -11.8891 0
      vertex 9.17955 -10.0003 0
      vertex 9.80156 -9 0
    endloop
  endfacet
  facet normal 0 0 -1
    outer loop
      vertex 11.1906 -13.0273 0
      vertex 8.49346 -10.9577 0
      vertex 9.17955 -10.0003 0
    endloop
  endfacet
  facet normal 0 0 -1
    outer loop
      vertex 6.94102 -12.7279 0
      vertex 9.34496 -15.1319 0
      vertex 8.32289 -16.0891 0
    endloop
  endfacet
  facet normal 0 0 -1
    outer loop
      vertex 10.3022 -14.1098 0
      vertex 7.74622 -11.8682 0
      vertex 8.49346 -10.9577 0
    endloop
  endfacet
  facet normal 0 0 -1
    outer loop
      vertex 6.08133 -13.5331 0
      vertex 8.32289 -16.0891 0
      vertex 7.24039 -16.9775 0
    endloop
  endfacet
  facet normal 0 0 -1
    outer loop
      vertex 9.34496 -15.1319 0
      vertex 6.94102 -12.7279 0
      vertex 7.74622 -11.8682 0
    endloop
  endfacet
  facet normal 0 0 -1
    outer loop
      vertex 5.17081 -14.2804 0
      vertex 7.24039 -16.9775 0
      vertex 6.10214 -17.7932 0
    endloop
  endfacet
  facet normal 0 0 -1
    outer loop
      vertex 8.32289 -16.0891 0
      vertex 6.08133 -13.5331 0
      vertex 6.94102 -12.7279 0
    endloop
  endfacet
  facet normal 0 0 -1
    outer loop
      vertex 7.24039 -16.9775 0
      vertex 5.17081 -14.2804 0
      vertex 6.08133 -13.5331 0
    endloop
  endfacet
  facet normal 0 0 -1
    outer loop
      vertex 4.21337 -14.9665 0
      vertex 6.10214 -17.7932 0
      vertex 4.91306 -18.5326 0
    endloop
  endfacet
  facet normal 0 0 -1
    outer loop
      vertex 6.10214 -17.7932 0
      vertex 4.21337 -14.9665 0
      vertex 5.17081 -14.2804 0
    endloop
  endfacet
  facet normal 0 0 -1
    outer loop
      vertex 3.2131 -15.5885 0
      vertex 4.91306 -18.5326 0
      vertex 3.6779 -19.1928 0
    endloop
  endfacet
  facet normal 0 0 -1
    outer loop
      vertex 4.91306 -18.5326 0
      vertex 3.2131 -15.5885 0
      vertex 4.21337 -14.9665 0
    endloop
  endfacet
  facet normal 0 0 -1
    outer loop
      vertex 2.1743 -16.1437 0
      vertex 3.6779 -19.1928 0
      vertex 2.40228 -19.7708 0
    endloop
  endfacet
  facet normal 0 0 -1
    outer loop
      vertex 3.6779 -19.1928 0
      vertex 2.1743 -16.1437 0
      vertex 3.2131 -15.5885 0
    endloop
  endfacet
  facet normal 0 0 -1
    outer loop
      vertex 2.40228 -19.7708 0
      vertex 1.1014 -16.6298 0
      vertex 2.1743 -16.1437 0
    endloop
  endfacet
  facet normal 0 0 -1
    outer loop
      vertex 1.09181 -20.264 0
      vertex 1.1014 -16.6298 0
      vertex 2.40228 -19.7708 0
    endloop
  endfacet
  facet normal 0 0 -1
    outer loop
      vertex 1.09181 -20.264 0
      vertex -0.000987053 -17.0447 0
      vertex 1.1014 -16.6298 0
    endloop
  endfacet
  facet normal 0 0 -1
    outer loop
      vertex -0.248276 -20.6705 0
      vertex -0.000987053 -17.0447 0
      vertex 1.09181 -20.264 0
    endloop
  endfacet
  facet normal 0 0 -1
    outer loop
      vertex -0.248276 -20.6705 0
      vertex -1.12815 -17.3867 0
      vertex -0.000987053 -17.0447 0
    endloop
  endfacet
  facet normal 0 0 -1
    outer loop
      vertex -1.61203 -20.9885 0
      vertex -1.12815 -17.3867 0
      vertex -0.248276 -20.6705 0
    endloop
  endfacet
  facet normal 0 0 -1
    outer loop
      vertex -1.61203 -20.9885 0
      vertex -2.27527 -17.6541 0
      vertex -1.12815 -17.3867 0
    endloop
  endfacet
  facet normal 0 0 -1
    outer loop
      vertex -2.99364 -21.2166 0
      vertex -2.27527 -17.6541 0
      vertex -1.61203 -20.9885 0
    endloop
  endfacet
  facet normal 0 0 -1
    outer loop
      vertex -2.99364 -21.2166 0
      vertex -3.43743 -17.846 0
      vertex -2.27527 -17.6541 0
    endloop
  endfacet
  facet normal 0 0 -1
    outer loop
      vertex -4.38712 -21.3539 0
      vertex -3.43743 -17.846 0
      vertex -2.99364 -21.2166 0
    endloop
  endfacet
  facet normal 0 0 -1
    outer loop
      vertex -4.38712 -21.3539 0
      vertex -4.60964 -17.9615 0
      vertex -3.43743 -17.846 0
    endloop
  endfacet
  facet normal 0 0 -1
    outer loop
      vertex -5.7869 -21.3997 0
      vertex -4.60964 -17.9615 0
      vertex -4.38712 -21.3539 0
    endloop
  endfacet
  facet normal 0 0 -1
    outer loop
      vertex -5.7869 -21.3997 0
      vertex -5.7869 -18 0
      vertex -4.60964 -17.9615 0
    endloop
  endfacet
  facet normal 0 0 -1
    outer loop
      vertex -5.7869 -21.3997 0
      vertex -6.96415 -17.9615 0
      vertex -5.7869 -18 0
    endloop
  endfacet
  facet normal 0 0 -1
    outer loop
      vertex -7.18666 -21.3539 0
      vertex -6.96415 -17.9615 0
      vertex -5.7869 -21.3997 0
    endloop
  endfacet
  facet normal 0 0 -1
    outer loop
      vertex -7.18666 -21.3539 0
      vertex -8.13637 -17.846 0
      vertex -6.96415 -17.9615 0
    endloop
  endfacet
  facet normal 0 0 -1
    outer loop
      vertex -8.59682 -21.215 0
      vertex -8.13637 -17.846 0
      vertex -7.18666 -21.3539 0
    endloop
  endfacet
  facet normal 0 0 -1
    outer loop
      vertex -8.59682 -21.215 0
      vertex -9.29852 -17.6541 0
      vertex -8.13637 -17.846 0
    endloop
  endfacet
  facet normal 0 0 -1
    outer loop
      vertex -8.59682 -21.215 0
      vertex -10.4456 -17.3867 0
      vertex -9.29852 -17.6541 0
    endloop
  endfacet
  facet normal 0 0 -1
    outer loop
      vertex -8.59682 -21.215 0
      vertex -11.5728 -17.0447 0
      vertex -10.4456 -17.3867 0
    endloop
  endfacet
  facet normal 0 0 -1
    outer loop
      vertex -8.59682 -21.215 0
      vertex -12.6752 -16.6298 0
      vertex -11.5728 -17.0447 0
    endloop
  endfacet
  facet normal 0 0 -1
    outer loop
      vertex -8.59682 -21.215 0
      vertex -13.7481 -16.1437 0
      vertex -12.6752 -16.6298 0
    endloop
  endfacet
  facet normal 0 0 -1
    outer loop
      vertex -8.59682 -21.215 0
      vertex -14.7869 -15.5885 0
      vertex -13.7481 -16.1437 0
    endloop
  endfacet
  facet normal 0 0 -1
    outer loop
      vertex -8.59682 -21.215 0
      vertex -15.7872 -14.9665 0
      vertex -14.7869 -15.5885 0
    endloop
  endfacet
  facet normal 0 0 -1
    outer loop
      vertex -71.9305 -14.6733 0
      vertex -15.7872 -14.9665 0
      vertex -8.59682 -21.215 0
    endloop
  endfacet
  facet normal 0 0 -1
    outer loop
      vertex -15.7872 -14.9665 0
      vertex -71.9305 -14.6733 0
      vertex -16.7446 -14.2804 0
    endloop
  endfacet
  facet normal 0 0 -1
    outer loop
      vertex -58.6244 -0.745595 0
      vertex -23.7869 0 0
      vertex -23.7484 -1.17726 0
    endloop
  endfacet
  facet normal 0 0 -1
    outer loop
      vertex -58.6975 -1.488 0
      vertex -23.7484 -1.17726 0
      vertex -23.6329 -2.34947 0
    endloop
  endfacet
  facet normal 0 0 -1
    outer loop
      vertex -58.819 -2.22403 0
      vertex -23.6329 -2.34947 0
      vertex -23.441 -3.51163 0
    endloop
  endfacet
  facet normal 0 0 -1
    outer loop
      vertex -58.9884 -2.95054 0
      vertex -23.441 -3.51163 0
      vertex -23.1736 -4.65874 0
    endloop
  endfacet
  facet normal 0 0 -1
    outer loop
      vertex -59.205 -3.66441 0
      vertex -23.1736 -4.65874 0
      vertex -22.8316 -5.78591 0
    endloop
  endfacet
  facet normal 0 0 -1
    outer loop
      vertex -59.7757 -5.04209 0
      vertex -22.8316 -5.78591 0
      vertex -22.4167 -6.8883 0
    endloop
  endfacet
  facet normal 0 0 -1
    outer loop
      vertex -60.1273 -5.7 0
      vertex -22.4167 -6.8883 0
      vertex -21.9306 -7.9612 0
    endloop
  endfacet
  facet normal 0 0 -1
    outer loop
      vertex -60.5212 -6.3335 0
      vertex -21.9306 -7.9612 0
      vertex -21.3754 -9 0
    endloop
  endfacet
  facet normal 0 0 -1
    outer loop
      vertex -60.9558 -6.93988 0
      vertex -21.3754 -9 0
      vertex -20.7533 -10.0003 0
    endloop
  endfacet
  facet normal 0 0 -1
    outer loop
      vertex -61.429 -7.51654 0
      vertex -20.7533 -10.0003 0
      vertex -20.0673 -10.9577 0
    endloop
  endfacet
  facet normal 0 0 -1
    outer loop
      vertex -62.4835 -8.57097 0
      vertex -20.0673 -10.9577 0
      vertex -19.32 -11.8682 0
    endloop
  endfacet
  facet normal 0 0 -1
    outer loop
      vertex -63.0601 -9.04423 0
      vertex -19.32 -11.8682 0
      vertex -18.5148 -12.7279 0
    endloop
  endfacet
  facet normal 0 0 -1
    outer loop
      vertex -63.6665 -9.47875 0
      vertex -18.5148 -12.7279 0
      vertex -17.6551 -13.5331 0
    endloop
  endfacet
  facet normal 0 -0 -1
    outer loop
      vertex -64.9579 -10.2243 0
      vertex -16.7446 -14.2804 0
      vertex -71.9305 -14.6733 0
    endloop
  endfacet
  facet normal -0 0 -1
    outer loop
      vertex -23.7869 0 0
      vertex -58.6244 -0.745595 0
      vertex -58.6 0 0
    endloop
  endfacet
  facet normal -0 0 -1
    outer loop
      vertex -23.7484 -1.17726 0
      vertex -58.6975 -1.488 0
      vertex -58.6244 -0.745595 0
    endloop
  endfacet
  facet normal 0 0 -1
    outer loop
      vertex -23.6329 -2.34947 0
      vertex -58.819 -2.22403 0
      vertex -58.6975 -1.488 0
    endloop
  endfacet
  facet normal 0 0 -1
    outer loop
      vertex -23.441 -3.51163 0
      vertex -58.9884 -2.95054 0
      vertex -58.819 -2.22403 0
    endloop
  endfacet
  facet normal 0 0 -1
    outer loop
      vertex -23.1736 -4.65874 0
      vertex -59.205 -3.66441 0
      vertex -58.9884 -2.95054 0
    endloop
  endfacet
  facet normal 0 0 -1
    outer loop
      vertex -22.8316 -5.78591 0
      vertex -59.4678 -4.36259 0
      vertex -59.205 -3.66441 0
    endloop
  endfacet
  facet normal 0 0 -1
    outer loop
      vertex -22.8316 -5.78591 0
      vertex -59.7757 -5.04209 0
      vertex -59.4678 -4.36259 0
    endloop
  endfacet
  facet normal 0 0 -1
    outer loop
      vertex -22.4167 -6.8883 0
      vertex -60.1273 -5.7 0
      vertex -59.7757 -5.04209 0
    endloop
  endfacet
  facet normal 0 0 -1
    outer loop
      vertex -21.9306 -7.9612 0
      vertex -60.5212 -6.3335 0
      vertex -60.1273 -5.7 0
    endloop
  endfacet
  facet normal 0 0 -1
    outer loop
      vertex -21.3754 -9 0
      vertex -60.9558 -6.93988 0
      vertex -60.5212 -6.3335 0
    endloop
  endfacet
  facet normal 0 0 -1
    outer loop
      vertex -20.7533 -10.0003 0
      vertex -61.429 -7.51654 0
      vertex -60.9558 -6.93988 0
    endloop
  endfacet
  facet normal 0 0 -1
    outer loop
      vertex -20.0673 -10.9577 0
      vertex -61.939 -8.06102 0
      vertex -61.429 -7.51654 0
    endloop
  endfacet
  facet normal 0 0 -1
    outer loop
      vertex -20.0673 -10.9577 0
      vertex -62.4835 -8.57097 0
      vertex -61.939 -8.06102 0
    endloop
  endfacet
  facet normal 0 0 -1
    outer loop
      vertex -19.32 -11.8682 0
      vertex -63.0601 -9.04423 0
      vertex -62.4835 -8.57097 0
    endloop
  endfacet
  facet normal 0 0 -1
    outer loop
      vertex -18.5148 -12.7279 0
      vertex -63.6665 -9.47875 0
      vertex -63.0601 -9.04423 0
    endloop
  endfacet
  facet normal 0 0 -1
    outer loop
      vertex -17.6551 -13.5331 0
      vertex -64.3 -9.87269 0
      vertex -63.6665 -9.47875 0
    endloop
  endfacet
  facet normal 0 0 -1
    outer loop
      vertex -16.7446 -14.2804 0
      vertex -64.3 -9.87269 0
      vertex -17.6551 -13.5331 0
    endloop
  endfacet
  facet normal 0 -0 -1
    outer loop
      vertex -64.3 -9.87269 0
      vertex -16.7446 -14.2804 0
      vertex -64.9579 -10.2243 0
    endloop
  endfacet
  facet normal 0 0 -1
    outer loop
      vertex -64.9579 -10.2243 0
      vertex -71.9305 -14.6733 0
      vertex -65.6374 -10.5322 0
    endloop
  endfacet
  facet normal 0 0 -1
    outer loop
      vertex -65.6374 -10.5322 0
      vertex -71.9305 -14.6733 0
      vertex -66.3356 -10.795 0
    endloop
  endfacet
  facet normal 0 0 -1
    outer loop
      vertex -66.3356 -10.795 0
      vertex -71.9305 -14.6733 0
      vertex -67.0495 -11.0116 0
    endloop
  endfacet
  facet normal 0 0 -1
    outer loop
      vertex -67.0495 -11.0116 0
      vertex -71.9305 -14.6733 0
      vertex -67.776 -11.181 0
    endloop
  endfacet
  facet normal 0 0 -1
    outer loop
      vertex -67.776 -11.181 0
      vertex -71.9305 -14.6733 0
      vertex -68.512 -11.3025 0
    endloop
  endfacet
  facet normal 0 0 -1
    outer loop
      vertex -68.512 -11.3025 0
      vertex -71.9305 -14.6733 0
      vertex -69.2544 -11.3756 0
    endloop
  endfacet
  facet normal 0 0 -1
    outer loop
      vertex -69.2544 -11.3756 0
      vertex -71.9305 -14.6733 0
      vertex -70 -11.4 0
    endloop
  endfacet
  facet normal -0 0 -1
    outer loop
      vertex -70 -11.4 0
      vertex -71.9305 -14.6733 0
      vertex -70.7456 -11.3756 0
    endloop
  endfacet
  facet normal -0 0 -1
    outer loop
      vertex -70.7456 -11.3756 0
      vertex -71.9305 -14.6733 0
      vertex -71.488 -11.3025 0
    endloop
  endfacet
  facet normal 0 0 -1
    outer loop
      vertex -71.9305 -14.6733 0
      vertex -72.224 -11.181 0
      vertex -71.488 -11.3025 0
    endloop
  endfacet
  facet normal 0 0 -1
    outer loop
      vertex -72.8873 -14.5153 0
      vertex -72.224 -11.181 0
      vertex -71.9305 -14.6733 0
    endloop
  endfacet
  facet normal 0 0 -1
    outer loop
      vertex -72.8873 -14.5153 0
      vertex -72.9505 -11.0116 0
      vertex -72.224 -11.181 0
    endloop
  endfacet
  facet normal 0 0 -1
    outer loop
      vertex -73.8303 -14.2954 0
      vertex -72.9505 -11.0116 0
      vertex -72.8873 -14.5153 0
    endloop
  endfacet
  facet normal -0 0 -1
    outer loop
      vertex -72.9505 -11.0116 0
      vertex -73.8303 -14.2954 0
      vertex -73.6644 -10.795 0
    endloop
  endfacet
  facet normal 0 0 -1
    outer loop
      vertex -74.7574 -14.0142 0
      vertex -73.6644 -10.795 0
      vertex -73.8303 -14.2954 0
    endloop
  endfacet
  facet normal -0 0 -1
    outer loop
      vertex -73.6644 -10.795 0
      vertex -74.7574 -14.0142 0
      vertex -74.3626 -10.5322 0
    endloop
  endfacet
  facet normal 0 0 -1
    outer loop
      vertex -75.6635 -13.6732 0
      vertex -74.3626 -10.5322 0
      vertex -74.7574 -14.0142 0
    endloop
  endfacet
  facet normal -0 0 -1
    outer loop
      vertex -74.3626 -10.5322 0
      vertex -75.6635 -13.6732 0
      vertex -75.0421 -10.2243 0
    endloop
  endfacet
  facet normal 0 0 -1
    outer loop
      vertex -76.5457 -13.2734 0
      vertex -75.0421 -10.2243 0
      vertex -75.6635 -13.6732 0
    endloop
  endfacet
  facet normal -0 0 -1
    outer loop
      vertex -75.0421 -10.2243 0
      vertex -76.5457 -13.2734 0
      vertex -75.7 -9.87269 0
    endloop
  endfacet
  facet normal 0 0 -1
    outer loop
      vertex -77.4 -12.8168 0
      vertex -75.7 -9.87269 0
      vertex -76.5457 -13.2734 0
    endloop
  endfacet
  facet normal -0 0 -1
    outer loop
      vertex -75.7 -9.87269 0
      vertex -77.4 -12.8168 0
      vertex -76.3335 -9.47875 0
    endloop
  endfacet
  facet normal 0 0 -1
    outer loop
      vertex -78.2221 -12.3056 0
      vertex -76.3335 -9.47875 0
      vertex -77.4 -12.8168 0
    endloop
  endfacet
  facet normal -0 0 -1
    outer loop
      vertex -76.3335 -9.47875 0
      vertex -78.2221 -12.3056 0
      vertex -76.9399 -9.04423 0
    endloop
  endfacet
  facet normal 0 0 -1
    outer loop
      vertex -79.0095 -11.7413 0
      vertex -76.9399 -9.04423 0
      vertex -78.2221 -12.3056 0
    endloop
  endfacet
  facet normal -0 0 -1
    outer loop
      vertex -76.9399 -9.04423 0
      vertex -79.0095 -11.7413 0
      vertex -77.5165 -8.57097 0
    endloop
  endfacet
  facet normal 0 0 -1
    outer loop
      vertex -79.7582 -11.1269 0
      vertex -77.5165 -8.57097 0
      vertex -79.0095 -11.7413 0
    endloop
  endfacet
  facet normal -0 0 -1
    outer loop
      vertex -77.5165 -8.57097 0
      vertex -79.7582 -11.1269 0
      vertex -78.061 -8.06102 0
    endloop
  endfacet
  facet normal 0 0 -1
    outer loop
      vertex -80.465 -10.465 0
      vertex -78.061 -8.06102 0
      vertex -79.7582 -11.1269 0
    endloop
  endfacet
  facet normal -0 0 -1
    outer loop
      vertex -78.061 -8.06102 0
      vertex -80.465 -10.465 0
      vertex -78.571 -7.51654 0
    endloop
  endfacet
  facet normal 0 0 -1
    outer loop
      vertex -81.1269 -9.75821 0
      vertex -78.571 -7.51654 0
      vertex -80.465 -10.465 0
    endloop
  endfacet
  facet normal -0 0 -1
    outer loop
      vertex -78.571 -7.51654 0
      vertex -81.1269 -9.75821 0
      vertex -79.0442 -6.93988 0
    endloop
  endfacet
  facet normal 0 0 -1
    outer loop
      vertex -81.7413 -9.00948 0
      vertex -79.0442 -6.93988 0
      vertex -81.1269 -9.75821 0
    endloop
  endfacet
  facet normal -0 0 -1
    outer loop
      vertex -79.0442 -6.93988 0
      vertex -81.7413 -9.00948 0
      vertex -79.4788 -6.3335 0
    endloop
  endfacet
  facet normal 0 0 -1
    outer loop
      vertex -82.3056 -8.22211 0
      vertex -79.4788 -6.3335 0
      vertex -81.7413 -9.00948 0
    endloop
  endfacet
  facet normal -0 0 -1
    outer loop
      vertex -79.4788 -6.3335 0
      vertex -82.3056 -8.22211 0
      vertex -79.8727 -5.7 0
    endloop
  endfacet
  facet normal 0 0 -1
    outer loop
      vertex -82.8168 -7.39996 0
      vertex -79.8727 -5.7 0
      vertex -82.3056 -8.22211 0
    endloop
  endfacet
  facet normal -0 0 -1
    outer loop
      vertex -79.8727 -5.7 0
      vertex -82.8168 -7.39996 0
      vertex -80.2243 -5.04209 0
    endloop
  endfacet
  facet normal 0 0 -1
    outer loop
      vertex -83.2734 -6.54568 0
      vertex -80.2243 -5.04209 0
      vertex -82.8168 -7.39996 0
    endloop
  endfacet
  facet normal -0 0 -1
    outer loop
      vertex -80.2243 -5.04209 0
      vertex -83.2734 -6.54568 0
      vertex -80.5322 -4.36259 0
    endloop
  endfacet
  facet normal 0 0 -1
    outer loop
      vertex -83.6732 -5.66347 0
      vertex -80.5322 -4.36259 0
      vertex -83.2734 -6.54568 0
    endloop
  endfacet
  facet normal -0 0 -1
    outer loop
      vertex -80.5322 -4.36259 0
      vertex -83.6732 -5.66347 0
      vertex -80.795 -3.66441 0
    endloop
  endfacet
  facet normal 0 0 -1
    outer loop
      vertex -84.0142 -4.75735 0
      vertex -80.795 -3.66441 0
      vertex -83.6732 -5.66347 0
    endloop
  endfacet
  facet normal -0 0 -1
    outer loop
      vertex 14.8836 5.53845 0
      vertex 11.5998 4.65874 0
      vertex 14.4771 6.87885 0
    endloop
  endfacet
  facet normal 0 0 -1
    outer loop
      vertex 11.2578 5.78591 0
      vertex 14.4771 6.87885 0
      vertex 11.5998 4.65874 0
    endloop
  endfacet
  facet normal -0 0 -1
    outer loop
      vertex 14.4771 6.87885 0
      vertex 11.2578 5.78591 0
      vertex 13.9839 8.18918 0
    endloop
  endfacet
  facet normal 0 0 -1
    outer loop
      vertex 10.8429 6.8883 0
      vertex 13.9839 8.18918 0
      vertex 11.2578 5.78591 0
    endloop
  endfacet
  facet normal -0 0 -1
    outer loop
      vertex 13.9839 8.18918 0
      vertex 10.8429 6.8883 0
      vertex 13.4059 9.4648 0
    endloop
  endfacet
  facet normal 0 0 -1
    outer loop
      vertex 10.3568 7.9612 0
      vertex 13.4059 9.4648 0
      vertex 10.8429 6.8883 0
    endloop
  endfacet
  facet normal -0 0 -1
    outer loop
      vertex 13.4059 9.4648 0
      vertex 10.3568 7.9612 0
      vertex 12.7457 10.6998 0
    endloop
  endfacet
  facet normal 0 0 -1
    outer loop
      vertex 9.80156 9 0
      vertex 12.7457 10.6998 0
      vertex 10.3568 7.9612 0
    endloop
  endfacet
  facet normal -0 0 -1
    outer loop
      vertex 12.7457 10.6998 0
      vertex 9.80156 9 0
      vertex 12.0062 11.8891 0
    endloop
  endfacet
  facet normal 0 0 -1
    outer loop
      vertex 9.17955 10.0003 0
      vertex 12.0062 11.8891 0
      vertex 9.80156 9 0
    endloop
  endfacet
  facet normal -0 0 -1
    outer loop
      vertex 12.0062 11.8891 0
      vertex 9.17955 10.0003 0
      vertex 11.1906 13.0273 0
    endloop
  endfacet
  facet normal 0 0 -1
    outer loop
      vertex 8.49346 10.9577 0
      vertex 11.1906 13.0273 0
      vertex 9.17955 10.0003 0
    endloop
  endfacet
  facet normal -0 0 -1
    outer loop
      vertex 11.1906 13.0273 0
      vertex 8.49346 10.9577 0
      vertex 10.3022 14.1098 0
    endloop
  endfacet
  facet normal 0 0 -1
    outer loop
      vertex 7.74622 11.8682 0
      vertex 10.3022 14.1098 0
      vertex 8.49346 10.9577 0
    endloop
  endfacet
  facet normal -0 0 -1
    outer loop
      vertex 10.3022 14.1098 0
      vertex 7.74622 11.8682 0
      vertex 9.34496 15.1319 0
    endloop
  endfacet
  facet normal 0 0 -1
    outer loop
      vertex 6.94102 12.7279 0
      vertex 9.34496 15.1319 0
      vertex 7.74622 11.8682 0
    endloop
  endfacet
  facet normal -0 0 -1
    outer loop
      vertex 9.34496 15.1319 0
      vertex 6.94102 12.7279 0
      vertex 8.32289 16.0891 0
    endloop
  endfacet
  facet normal 0 0 -1
    outer loop
      vertex 6.08133 13.5331 0
      vertex 8.32289 16.0891 0
      vertex 6.94102 12.7279 0
    endloop
  endfacet
  facet normal -0 0 -1
    outer loop
      vertex 8.32289 16.0891 0
      vertex 6.08133 13.5331 0
      vertex 7.24039 16.9775 0
    endloop
  endfacet
  facet normal 0 0 -1
    outer loop
      vertex 5.17081 14.2804 0
      vertex 7.24039 16.9775 0
      vertex 6.08133 13.5331 0
    endloop
  endfacet
  facet normal -0 0 -1
    outer loop
      vertex 7.24039 16.9775 0
      vertex 5.17081 14.2804 0
      vertex 6.10214 17.7932 0
    endloop
  endfacet
  facet normal 0 0 -1
    outer loop
      vertex 4.21337 14.9665 0
      vertex 6.10214 17.7932 0
      vertex 5.17081 14.2804 0
    endloop
  endfacet
  facet normal -0 0 -1
    outer loop
      vertex 6.10214 17.7932 0
      vertex 4.21337 14.9665 0
      vertex 4.91306 18.5326 0
    endloop
  endfacet
  facet normal 0 0 -1
    outer loop
      vertex 3.2131 15.5885 0
      vertex 4.91306 18.5326 0
      vertex 4.21337 14.9665 0
    endloop
  endfacet
  facet normal -0 0 -1
    outer loop
      vertex 4.91306 18.5326 0
      vertex 3.2131 15.5885 0
      vertex 3.6779 19.1928 0
    endloop
  endfacet
  facet normal 0 0 -1
    outer loop
      vertex 2.1743 16.1437 0
      vertex 3.6779 19.1928 0
      vertex 3.2131 15.5885 0
    endloop
  endfacet
  facet normal -0 0 -1
    outer loop
      vertex 3.6779 19.1928 0
      vertex 2.1743 16.1437 0
      vertex 2.40228 19.7708 0
    endloop
  endfacet
  facet normal 0 0 -1
    outer loop
      vertex 1.1014 16.6298 0
      vertex 2.40228 19.7708 0
      vertex 2.1743 16.1437 0
    endloop
  endfacet
  facet normal 0 0 -1
    outer loop
      vertex 1.1014 16.6298 0
      vertex 1.09181 20.264 0
      vertex 2.40228 19.7708 0
    endloop
  endfacet
  facet normal 0 0 -1
    outer loop
      vertex -0.000987053 17.0447 0
      vertex 1.09181 20.264 0
      vertex 1.1014 16.6298 0
    endloop
  endfacet
  facet normal 0 0 -1
    outer loop
      vertex -0.000987053 17.0447 0
      vertex -0.248276 20.6705 0
      vertex 1.09181 20.264 0
    endloop
  endfacet
  facet normal 0 0 -1
    outer loop
      vertex -1.12815 17.3867 0
      vertex -0.248276 20.6705 0
      vertex -0.000987053 17.0447 0
    endloop
  endfacet
  facet normal 0 0 -1
    outer loop
      vertex -1.12815 17.3867 0
      vertex -1.61203 20.9885 0
      vertex -0.248276 20.6705 0
    endloop
  endfacet
  facet normal 0 0 -1
    outer loop
      vertex -2.27527 17.6541 0
      vertex -1.61203 20.9885 0
      vertex -1.12815 17.3867 0
    endloop
  endfacet
  facet normal 0 0 -1
    outer loop
      vertex -2.27527 17.6541 0
      vertex -2.99364 21.2166 0
      vertex -1.61203 20.9885 0
    endloop
  endfacet
  facet normal 0 0 -1
    outer loop
      vertex -3.43743 17.846 0
      vertex -2.99364 21.2166 0
      vertex -2.27527 17.6541 0
    endloop
  endfacet
  facet normal 0 0 -1
    outer loop
      vertex -3.43743 17.846 0
      vertex -4.38712 21.3539 0
      vertex -2.99364 21.2166 0
    endloop
  endfacet
  facet normal 0 0 -1
    outer loop
      vertex -4.60964 17.9615 0
      vertex -4.38712 21.3539 0
      vertex -3.43743 17.846 0
    endloop
  endfacet
  facet normal 0 0 -1
    outer loop
      vertex -4.60964 17.9615 0
      vertex -5.7869 21.3997 0
      vertex -4.38712 21.3539 0
    endloop
  endfacet
  facet normal 0 0 -1
    outer loop
      vertex -5.7869 18 0
      vertex -5.7869 21.3997 0
      vertex -4.60964 17.9615 0
    endloop
  endfacet
  facet normal 0 0 -1
    outer loop
      vertex -6.96415 17.9615 0
      vertex -5.7869 21.3997 0
      vertex -5.7869 18 0
    endloop
  endfacet
  facet normal 0 0 -1
    outer loop
      vertex -6.96415 17.9615 0
      vertex -7.18666 21.3539 0
      vertex -5.7869 21.3997 0
    endloop
  endfacet
  facet normal 0 0 -1
    outer loop
      vertex -8.13637 17.846 0
      vertex -7.18666 21.3539 0
      vertex -6.96415 17.9615 0
    endloop
  endfacet
  facet normal 0 0 -1
    outer loop
      vertex -8.13637 17.846 0
      vertex -8.59682 21.215 0
      vertex -7.18666 21.3539 0
    endloop
  endfacet
  facet normal 0 0 -1
    outer loop
      vertex -9.29852 17.6541 0
      vertex -8.59682 21.215 0
      vertex -8.13637 17.846 0
    endloop
  endfacet
  facet normal 0 0 -1
    outer loop
      vertex -10.4456 17.3867 0
      vertex -8.59682 21.215 0
      vertex -9.29852 17.6541 0
    endloop
  endfacet
  facet normal 0 0 -1
    outer loop
      vertex -11.5728 17.0447 0
      vertex -8.59682 21.215 0
      vertex -10.4456 17.3867 0
    endloop
  endfacet
  facet normal 0 0 -1
    outer loop
      vertex -12.6752 16.6298 0
      vertex -8.59682 21.215 0
      vertex -11.5728 17.0447 0
    endloop
  endfacet
  facet normal 0 0 -1
    outer loop
      vertex -13.7481 16.1437 0
      vertex -8.59682 21.215 0
      vertex -12.6752 16.6298 0
    endloop
  endfacet
  facet normal 0 0 -1
    outer loop
      vertex -14.7869 15.5885 0
      vertex -8.59682 21.215 0
      vertex -13.7481 16.1437 0
    endloop
  endfacet
  facet normal 0 0 -1
    outer loop
      vertex -15.7872 14.9665 0
      vertex -8.59682 21.215 0
      vertex -14.7869 15.5885 0
    endloop
  endfacet
  facet normal 0 0 -1
    outer loop
      vertex -71.9305 14.6733 0
      vertex -15.7872 14.9665 0
      vertex -16.7446 14.2804 0
    endloop
  endfacet
  facet normal 0 0 -1
    outer loop
      vertex -64.3 9.87269 0
      vertex -16.7446 14.2804 0
      vertex -17.6551 13.5331 0
    endloop
  endfacet
  facet normal 0 0 -1
    outer loop
      vertex -58.6244 0.745595 0
      vertex -23.7869 0 0
      vertex -58.6 0 0
    endloop
  endfacet
  facet normal 0 0 -1
    outer loop
      vertex -23.7869 0 0
      vertex -58.6244 0.745595 0
      vertex -23.7484 1.17726 0
    endloop
  endfacet
  facet normal 0 0 -1
    outer loop
      vertex -58.6975 1.488 0
      vertex -23.7484 1.17726 0
      vertex -58.6244 0.745595 0
    endloop
  endfacet
  facet normal 0 0 -1
    outer loop
      vertex -23.7484 1.17726 0
      vertex -58.6975 1.488 0
      vertex -23.6329 2.34947 0
    endloop
  endfacet
  facet normal 0 0 -1
    outer loop
      vertex -58.819 2.22403 0
      vertex -23.6329 2.34947 0
      vertex -58.6975 1.488 0
    endloop
  endfacet
  facet normal -0 0 -1
    outer loop
      vertex -23.6329 2.34947 0
      vertex -58.819 2.22403 0
      vertex -23.441 3.51163 0
    endloop
  endfacet
  facet normal 0 0 -1
    outer loop
      vertex -58.9884 2.95054 0
      vertex -23.441 3.51163 0
      vertex -58.819 2.22403 0
    endloop
  endfacet
  facet normal -0 0 -1
    outer loop
      vertex -23.441 3.51163 0
      vertex -58.9884 2.95054 0
      vertex -23.1736 4.65874 0
    endloop
  endfacet
  facet normal 0 0 -1
    outer loop
      vertex -59.205 3.66441 0
      vertex -23.1736 4.65874 0
      vertex -58.9884 2.95054 0
    endloop
  endfacet
  facet normal -0 0 -1
    outer loop
      vertex -23.1736 4.65874 0
      vertex -59.205 3.66441 0
      vertex -22.8316 5.78591 0
    endloop
  endfacet
  facet normal 0 0 -1
    outer loop
      vertex -59.4678 4.36259 0
      vertex -22.8316 5.78591 0
      vertex -59.205 3.66441 0
    endloop
  endfacet
  facet normal 0 0 -1
    outer loop
      vertex -59.7757 5.04209 0
      vertex -22.8316 5.78591 0
      vertex -59.4678 4.36259 0
    endloop
  endfacet
  facet normal -0 0 -1
    outer loop
      vertex -22.8316 5.78591 0
      vertex -59.7757 5.04209 0
      vertex -22.4167 6.8883 0
    endloop
  endfacet
  facet normal 0 0 -1
    outer loop
      vertex -60.1273 5.7 0
      vertex -22.4167 6.8883 0
      vertex -59.7757 5.04209 0
    endloop
  endfacet
  facet normal -0 0 -1
    outer loop
      vertex -22.4167 6.8883 0
      vertex -60.1273 5.7 0
      vertex -21.9306 7.9612 0
    endloop
  endfacet
  facet normal 0 0 -1
    outer loop
      vertex -60.5212 6.3335 0
      vertex -21.9306 7.9612 0
      vertex -60.1273 5.7 0
    endloop
  endfacet
  facet normal -0 0 -1
    outer loop
      vertex -21.9306 7.9612 0
      vertex -60.5212 6.3335 0
      vertex -21.3754 9 0
    endloop
  endfacet
  facet normal 0 0 -1
    outer loop
      vertex -60.9558 6.93988 0
      vertex -21.3754 9 0
      vertex -60.5212 6.3335 0
    endloop
  endfacet
  facet normal -0 0 -1
    outer loop
      vertex -21.3754 9 0
      vertex -60.9558 6.93988 0
      vertex -20.7533 10.0003 0
    endloop
  endfacet
  facet normal 0 0 -1
    outer loop
      vertex -61.429 7.51654 0
      vertex -20.7533 10.0003 0
      vertex -60.9558 6.93988 0
    endloop
  endfacet
  facet normal -0 0 -1
    outer loop
      vertex -20.7533 10.0003 0
      vertex -61.429 7.51654 0
      vertex -20.0673 10.9577 0
    endloop
  endfacet
  facet normal 0 0 -1
    outer loop
      vertex -61.939 8.06102 0
      vertex -20.0673 10.9577 0
      vertex -61.429 7.51654 0
    endloop
  endfacet
  facet normal 0 0 -1
    outer loop
      vertex -62.4835 8.57097 0
      vertex -20.0673 10.9577 0
      vertex -61.939 8.06102 0
    endloop
  endfacet
  facet normal -0 0 -1
    outer loop
      vertex -20.0673 10.9577 0
      vertex -62.4835 8.57097 0
      vertex -19.32 11.8682 0
    endloop
  endfacet
  facet normal 0 0 -1
    outer loop
      vertex -63.0601 9.04423 0
      vertex -19.32 11.8682 0
      vertex -62.4835 8.57097 0
    endloop
  endfacet
  facet normal -0 0 -1
    outer loop
      vertex -19.32 11.8682 0
      vertex -63.0601 9.04423 0
      vertex -18.5148 12.7279 0
    endloop
  endfacet
  facet normal 0 0 -1
    outer loop
      vertex -63.6665 9.47875 0
      vertex -18.5148 12.7279 0
      vertex -63.0601 9.04423 0
    endloop
  endfacet
  facet normal -0 0 -1
    outer loop
      vertex -18.5148 12.7279 0
      vertex -63.6665 9.47875 0
      vertex -17.6551 13.5331 0
    endloop
  endfacet
  facet normal 0 0 -1
    outer loop
      vertex -64.3 9.87269 0
      vertex -17.6551 13.5331 0
      vertex -63.6665 9.47875 0
    endloop
  endfacet
  facet normal 0 0 -1
    outer loop
      vertex -16.7446 14.2804 0
      vertex -64.3 9.87269 0
      vertex -64.9579 10.2243 0
    endloop
  endfacet
  facet normal -0 0 -1
    outer loop
      vertex -16.7446 14.2804 0
      vertex -64.9579 10.2243 0
      vertex -71.9305 14.6733 0
    endloop
  endfacet
  facet normal 0 0 -1
    outer loop
      vertex -71.9305 14.6733 0
      vertex -64.9579 10.2243 0
      vertex -65.6374 10.5322 0
    endloop
  endfacet
  facet normal 0 0 -1
    outer loop
      vertex -71.9305 14.6733 0
      vertex -65.6374 10.5322 0
      vertex -66.3356 10.795 0
    endloop
  endfacet
  facet normal 0 0 -1
    outer loop
      vertex -71.9305 14.6733 0
      vertex -66.3356 10.795 0
      vertex -67.0495 11.0116 0
    endloop
  endfacet
  facet normal 0 0 -1
    outer loop
      vertex -71.9305 14.6733 0
      vertex -67.0495 11.0116 0
      vertex -67.776 11.181 0
    endloop
  endfacet
  facet normal 0 0 -1
    outer loop
      vertex -71.9305 14.6733 0
      vertex -67.776 11.181 0
      vertex -68.512 11.3025 0
    endloop
  endfacet
  facet normal 0 0 -1
    outer loop
      vertex -71.9305 14.6733 0
      vertex -68.512 11.3025 0
      vertex -69.2544 11.3756 0
    endloop
  endfacet
  facet normal 0 0 -1
    outer loop
      vertex -71.9305 14.6733 0
      vertex -69.2544 11.3756 0
      vertex -70 11.4 0
    endloop
  endfacet
  facet normal 0 0 -1
    outer loop
      vertex -71.9305 14.6733 0
      vertex -70 11.4 0
      vertex -70.7456 11.3756 0
    endloop
  endfacet
  facet normal 0 0 -1
    outer loop
      vertex -71.9305 14.6733 0
      vertex -70.7456 11.3756 0
      vertex -71.488 11.3025 0
    endloop
  endfacet
  facet normal -0 0 -1
    outer loop
      vertex -15.7872 14.9665 0
      vertex -71.9305 14.6733 0
      vertex -8.59682 21.215 0
    endloop
  endfacet
  facet normal 0 0 -1
    outer loop
      vertex -72.224 11.181 0
      vertex -71.9305 14.6733 0
      vertex -71.488 11.3025 0
    endloop
  endfacet
  facet normal 0 0 -1
    outer loop
      vertex -72.224 11.181 0
      vertex -72.8873 14.5153 0
      vertex -71.9305 14.6733 0
    endloop
  endfacet
  facet normal 0 0 -1
    outer loop
      vertex -72.9505 11.0116 0
      vertex -72.8873 14.5153 0
      vertex -72.224 11.181 0
    endloop
  endfacet
  facet normal 0 0 -1
    outer loop
      vertex -73.8303 14.2954 0
      vertex -72.9505 11.0116 0
      vertex -73.6644 10.795 0
    endloop
  endfacet
  facet normal 0 0 -1
    outer loop
      vertex -72.9505 11.0116 0
      vertex -73.8303 14.2954 0
      vertex -72.8873 14.5153 0
    endloop
  endfacet
  facet normal 0 0 -1
    outer loop
      vertex -74.7574 14.0142 0
      vertex -73.6644 10.795 0
      vertex -74.3626 10.5322 0
    endloop
  endfacet
  facet normal 0 0 -1
    outer loop
      vertex -73.6644 10.795 0
      vertex -74.7574 14.0142 0
      vertex -73.8303 14.2954 0
    endloop
  endfacet
  facet normal 0 0 -1
    outer loop
      vertex -75.6635 13.6732 0
      vertex -74.3626 10.5322 0
      vertex -75.0421 10.2243 0
    endloop
  endfacet
  facet normal 0 0 -1
    outer loop
      vertex -74.3626 10.5322 0
      vertex -75.6635 13.6732 0
      vertex -74.7574 14.0142 0
    endloop
  endfacet
  facet normal 0 0 -1
    outer loop
      vertex -76.5457 13.2734 0
      vertex -75.0421 10.2243 0
      vertex -75.7 9.87269 0
    endloop
  endfacet
  facet normal 0 0 -1
    outer loop
      vertex -77.4 12.8168 0
      vertex -75.7 9.87269 0
      vertex -76.3335 9.47875 0
    endloop
  endfacet
  facet normal 0 0 -1
    outer loop
      vertex -75.0421 10.2243 0
      vertex -76.5457 13.2734 0
      vertex -75.6635 13.6732 0
    endloop
  endfacet
  facet normal 0 0 -1
    outer loop
      vertex -78.2221 12.3056 0
      vertex -76.3335 9.47875 0
      vertex -76.9399 9.04423 0
    endloop
  endfacet
  facet normal 0 0 -1
    outer loop
      vertex -75.7 9.87269 0
      vertex -77.4 12.8168 0
      vertex -76.5457 13.2734 0
    endloop
  endfacet
  facet normal 0 0 -1
    outer loop
      vertex -79.0095 11.7413 0
      vertex -76.9399 9.04423 0
      vertex -77.5165 8.57097 0
    endloop
  endfacet
  facet normal 0 0 -1
    outer loop
      vertex -79.7582 11.1269 0
      vertex -77.5165 8.57097 0
      vertex -78.061 8.06102 0
    endloop
  endfacet
  facet normal 0 0 -1
    outer loop
      vertex -76.3335 9.47875 0
      vertex -78.2221 12.3056 0
      vertex -77.4 12.8168 0
    endloop
  endfacet
  facet normal 0 0 -1
    outer loop
      vertex -80.465 10.465 0
      vertex -78.061 8.06102 0
      vertex -78.571 7.51654 0
    endloop
  endfacet
  facet normal 0 0 -1
    outer loop
      vertex -76.9399 9.04423 0
      vertex -79.0095 11.7413 0
      vertex -78.2221 12.3056 0
    endloop
  endfacet
  facet normal 0 0 -1
    outer loop
      vertex -81.1269 9.75821 0
      vertex -78.571 7.51654 0
      vertex -79.0442 6.93988 0
    endloop
  endfacet
  facet normal 0 0 -1
    outer loop
      vertex -81.7413 9.00948 0
      vertex -79.0442 6.93988 0
      vertex -79.4788 6.3335 0
    endloop
  endfacet
  facet normal 0 0 -1
    outer loop
      vertex -77.5165 8.57097 0
      vertex -79.7582 11.1269 0
      vertex -79.0095 11.7413 0
    endloop
  endfacet
  facet normal 0 0 -1
    outer loop
      vertex -82.3056 8.22211 0
      vertex -79.4788 6.3335 0
      vertex -79.8727 5.7 0
    endloop
  endfacet
  facet normal 0 0 -1
    outer loop
      vertex -82.8168 7.39996 0
      vertex -79.8727 5.7 0
      vertex -80.2243 5.04209 0
    endloop
  endfacet
  facet normal 0 0 -1
    outer loop
      vertex -78.061 8.06102 0
      vertex -80.465 10.465 0
      vertex -79.7582 11.1269 0
    endloop
  endfacet
  facet normal 0 0 -1
    outer loop
      vertex -83.2734 6.54568 0
      vertex -80.2243 5.04209 0
      vertex -80.5322 4.36259 0
    endloop
  endfacet
  facet normal 0 0 -1
    outer loop
      vertex -83.6732 5.66347 0
      vertex -80.5322 4.36259 0
      vertex -80.795 3.66441 0
    endloop
  endfacet
  facet normal 0 0 -1
    outer loop
      vertex -84.0142 4.75735 0
      vertex -80.795 3.66441 0
      vertex -81.0116 2.95054 0
    endloop
  endfacet
  facet normal 0 0 -1
    outer loop
      vertex -78.571 7.51654 0
      vertex -81.1269 9.75821 0
      vertex -80.465 10.465 0
    endloop
  endfacet
  facet normal 0 0 -1
    outer loop
      vertex -84.2954 3.83026 0
      vertex -81.0116 2.95054 0
      vertex -81.181 2.22403 0
    endloop
  endfacet
  facet normal 0 0 -1
    outer loop
      vertex -84.5153 2.88728 0
      vertex -81.181 2.22403 0
      vertex -81.3025 1.488 0
    endloop
  endfacet
  facet normal 0 0 -1
    outer loop
      vertex -84.6731 1.93175 0
      vertex -81.3025 1.488 0
      vertex -81.3756 0.745595 0
    endloop
  endfacet
  facet normal 0 0 -1
    outer loop
      vertex -84.768 0.968109 0
      vertex -81.3756 0.745595 0
      vertex -81.4 0 0
    endloop
  endfacet
  facet normal -0 0 -1
    outer loop
      vertex -80.795 -3.66441 0
      vertex -84.0142 -4.75735 0
      vertex -81.0116 -2.95054 0
    endloop
  endfacet
  facet normal 0 0 -1
    outer loop
      vertex -79.0442 6.93988 0
      vertex -81.7413 9.00948 0
      vertex -81.1269 9.75821 0
    endloop
  endfacet
  facet normal 0 0 -1
    outer loop
      vertex -84.2954 -3.83026 0
      vertex -81.0116 -2.95054 0
      vertex -84.0142 -4.75735 0
    endloop
  endfacet
  facet normal 0 0 -1
    outer loop
      vertex -79.4788 6.3335 0
      vertex -82.3056 8.22211 0
      vertex -81.7413 9.00948 0
    endloop
  endfacet
  facet normal -0 0 -1
    outer loop
      vertex -81.0116 -2.95054 0
      vertex -84.2954 -3.83026 0
      vertex -81.181 -2.22403 0
    endloop
  endfacet
  facet normal 0 0 -1
    outer loop
      vertex -79.8727 5.7 0
      vertex -82.8168 7.39996 0
      vertex -82.3056 8.22211 0
    endloop
  endfacet
  facet normal 0 0 -1
    outer loop
      vertex -84.5153 -2.88728 0
      vertex -81.181 -2.22403 0
      vertex -84.2954 -3.83026 0
    endloop
  endfacet
  facet normal 0 0 -1
    outer loop
      vertex -80.2243 5.04209 0
      vertex -83.2734 6.54568 0
      vertex -82.8168 7.39996 0
    endloop
  endfacet
  facet normal -0 0 -1
    outer loop
      vertex -81.181 -2.22403 0
      vertex -84.5153 -2.88728 0
      vertex -81.3025 -1.488 0
    endloop
  endfacet
  facet normal 0 0 -1
    outer loop
      vertex -80.5322 4.36259 0
      vertex -83.6732 5.66347 0
      vertex -83.2734 6.54568 0
    endloop
  endfacet
  facet normal 0 0 -1
    outer loop
      vertex -84.6731 -1.93175 0
      vertex -81.3025 -1.488 0
      vertex -84.5153 -2.88728 0
    endloop
  endfacet
  facet normal 0 0 -1
    outer loop
      vertex -80.795 3.66441 0
      vertex -84.0142 4.75735 0
      vertex -83.6732 5.66347 0
    endloop
  endfacet
  facet normal -0 0 -1
    outer loop
      vertex -81.3025 -1.488 0
      vertex -84.6731 -1.93175 0
      vertex -81.3756 -0.745595 0
    endloop
  endfacet
  facet normal 0 0 -1
    outer loop
      vertex -81.0116 2.95054 0
      vertex -84.2954 3.83026 0
      vertex -84.0142 4.75735 0
    endloop
  endfacet
  facet normal 0 0 -1
    outer loop
      vertex -84.768 -0.968109 0
      vertex -81.3756 -0.745595 0
      vertex -84.6731 -1.93175 0
    endloop
  endfacet
  facet normal 0 0 -1
    outer loop
      vertex -81.181 2.22403 0
      vertex -84.5153 2.88728 0
      vertex -84.2954 3.83026 0
    endloop
  endfacet
  facet normal -0 0 -1
    outer loop
      vertex -81.3756 -0.745595 0
      vertex -84.768 -0.968109 0
      vertex -81.4 0 0
    endloop
  endfacet
  facet normal 0 0 -1
    outer loop
      vertex -81.3025 1.488 0
      vertex -84.6731 1.93175 0
      vertex -84.5153 2.88728 0
    endloop
  endfacet
  facet normal 0 0 -1
    outer loop
      vertex -84.7997 0 0
      vertex -81.4 0 0
      vertex -84.768 -0.968109 0
    endloop
  endfacet
  facet normal 0 0 -1
    outer loop
      vertex -81.3756 0.745595 0
      vertex -84.768 0.968109 0
      vertex -84.6731 1.93175 0
    endloop
  endfacet
  facet normal 0 0 -1
    outer loop
      vertex -81.4 0 0
      vertex -84.7997 0 0
      vertex -84.768 0.968109 0
    endloop
  endfacet
  facet normal -0.986636 -0.162937 0
    outer loop
      vertex -84.5153 -2.88728 0
      vertex -84.6731 -1.93175 0.2
      vertex -84.6731 -1.93175 0
    endloop
  endfacet
  facet normal -0.986636 -0.162937 0
    outer loop
      vertex -84.6731 -1.93175 0.2
      vertex -84.5153 -2.88728 0
      vertex -84.5153 -2.88728 0.2
    endloop
  endfacet
  facet normal 0.162889 -0.986644 0
    outer loop
      vertex -2.96751 -21.415 0.2
      vertex -1.57315 -21.1848 0.4
      vertex -2.96751 -21.415 0.4
    endloop
  endfacet
  facet normal 0.162889 -0.986644 0
    outer loop
      vertex -1.57315 -21.1848 0.4
      vertex -2.96751 -21.415 0.2
      vertex -1.57315 -21.1848 0.2
    endloop
  endfacet
  facet normal 0.0979808 -0.995188 0
    outer loop
      vertex -4.37425 -21.5535 0.2
      vertex -2.96751 -21.415 0.4
      vertex -4.37425 -21.5535 0.4
    endloop
  endfacet
  facet normal 0.0979808 -0.995188 0
    outer loop
      vertex -2.96751 -21.415 0.4
      vertex -4.37425 -21.5535 0.2
      vertex -2.96751 -21.415 0.2
    endloop
  endfacet
  facet normal 0.29032 0.95693 -0
    outer loop
      vertex 1.15627 20.4534 0.2
      vertex -0.196457 20.8638 0.4
      vertex 1.15627 20.4534 0.4
    endloop
  endfacet
  facet normal 0.29032 0.95693 0
    outer loop
      vertex -0.196457 20.8638 0.4
      vertex 1.15627 20.4534 0.2
      vertex -0.196457 20.8638 0.2
    endloop
  endfacet
  facet normal -0.102743 -0.994708 0
    outer loop
      vertex -71.957 -14.8716 0.2
      vertex -8.61737 -21.4139 0.4
      vertex -71.957 -14.8716 0.4
    endloop
  endfacet
  facet normal -0.102743 -0.994708 -0
    outer loop
      vertex -8.61737 -21.4139 0.4
      vertex -71.957 -14.8716 0.2
      vertex -8.61737 -21.4139 0.2
    endloop
  endfacet
  facet normal -0.77301 -0.634394 0
    outer loop
      vertex -81.2775 -9.89 0.2
      vertex -81.9002 -9.13124 0.4
      vertex -81.9002 -9.13124 0.2
    endloop
  endfacet
  facet normal -0.77301 -0.634394 0
    outer loop
      vertex -81.9002 -9.13124 0.4
      vertex -81.2775 -9.89 0.2
      vertex -81.2775 -9.89 0.4
    endloop
  endfacet
  facet normal -0.528093 0.849187 0
    outer loop
      vertex -77.4999 12.9902 0.2
      vertex -78.3335 12.4718 0.4
      vertex -77.4999 12.9902 0.4
    endloop
  endfacet
  facet normal -0.528093 0.849187 0
    outer loop
      vertex -78.3335 12.4718 0.4
      vertex -77.4999 12.9902 0.2
      vertex -78.3335 12.4718 0.2
    endloop
  endfacet
  facet normal 0.812843 -0.582482 0
    outer loop
      vertex 11.3494 -13.1491 0.4
      vertex 12.1727 -12.0002 0.2
      vertex 12.1727 -12.0002 0.4
    endloop
  endfacet
  facet normal 0.812843 -0.582482 0
    outer loop
      vertex 12.1727 -12.0002 0.2
      vertex 11.3494 -13.1491 0.4
      vertex 11.3494 -13.1491 0.2
    endloop
  endfacet
  facet normal -0.729804 0.683656 0
    outer loop
      vertex -81.2775 9.89 0.2
      vertex -80.6064 10.6064 0.4
      vertex -80.6064 10.6064 0.2
    endloop
  endfacet
  facet normal -0.729804 0.683656 0
    outer loop
      vertex -80.6064 10.6064 0.4
      vertex -81.2775 9.89 0.2
      vertex -81.2775 9.89 0.4
    endloop
  endfacet
  facet normal -0.528093 -0.849187 0
    outer loop
      vertex -78.3335 -12.4718 0.2
      vertex -77.4999 -12.9902 0.4
      vertex -78.3335 -12.4718 0.4
    endloop
  endfacet
  facet normal -0.528093 -0.849187 -0
    outer loop
      vertex -77.4999 -12.9902 0.4
      vertex -78.3335 -12.4718 0.2
      vertex -77.4999 -12.9902 0.2
    endloop
  endfacet
  facet normal 0.881935 -0.471371 0
    outer loop
      vertex 12.9191 -10.7999 0.4
      vertex 13.5853 -9.55344 0.2
      vertex 13.5853 -9.55344 0.4
    endloop
  endfacet
  facet normal 0.881935 -0.471371 0
    outer loop
      vertex 13.5853 -9.55344 0.2
      vertex 12.9191 -10.7999 0.4
      vertex 12.9191 -10.7999 0.2
    endloop
  endfacet
  facet normal 0.729846 -0.683612 0
    outer loop
      vertex 9.48645 -15.2733 0.4
      vertex 10.4527 -14.2417 0.2
      vertex 10.4527 -14.2417 0.4
    endloop
  endfacet
  facet normal 0.729846 -0.683612 0
    outer loop
      vertex 10.4527 -14.2417 0.2
      vertex 9.48645 -15.2733 0.4
      vertex 9.48645 -15.2733 0.2
    endloop
  endfacet
  facet normal 0.773001 0.634404 0
    outer loop
      vertex 11.3494 13.1491 0.4
      vertex 10.4527 14.2417 0.2
      vertex 10.4527 14.2417 0.4
    endloop
  endfacet
  facet normal 0.773001 0.634404 0
    outer loop
      vertex 10.4527 14.2417 0.2
      vertex 11.3494 13.1491 0.4
      vertex 11.3494 13.1491 0.2
    endloop
  endfacet
  facet normal -0.973863 0.227136 0
    outer loop
      vertex -84.7116 2.92616 0.2
      vertex -84.4886 3.88229 0.4
      vertex -84.4886 3.88229 0.2
    endloop
  endfacet
  facet normal -0.973863 0.227136 0
    outer loop
      vertex -84.4886 3.88229 0.4
      vertex -84.7116 2.92616 0.2
      vertex -84.7116 2.92616 0.4
    endloop
  endfacet
  facet normal -0.77301 0.634394 0
    outer loop
      vertex -81.9002 9.13124 0.2
      vertex -81.2775 9.89 0.4
      vertex -81.2775 9.89 0.2
    endloop
  endfacet
  facet normal -0.77301 0.634394 0
    outer loop
      vertex -81.2775 9.89 0.4
      vertex -81.9002 9.13124 0.2
      vertex -81.9002 9.13124 0.4
    endloop
  endfacet
  facet normal -0.16288 0.986646 0
    outer loop
      vertex -71.957 14.8716 0.2
      vertex -72.9262 14.7116 0.4
      vertex -71.957 14.8716 0.4
    endloop
  endfacet
  facet normal -0.16288 0.986646 0
    outer loop
      vertex -72.9262 14.7116 0.4
      vertex -71.957 14.8716 0.2
      vertex -72.9262 14.7116 0.2
    endloop
  endfacet
  facet normal 0.995188 -0.0979843 0
    outer loop
      vertex 15.6281 -2.81935 0.4
      vertex 15.7666 -1.41266 0.2
      vertex 15.7666 -1.41266 0.4
    endloop
  endfacet
  facet normal 0.995188 -0.0979843 0
    outer loop
      vertex 15.7666 -1.41266 0.2
      vertex 15.6281 -2.81935 0.4
      vertex 15.6281 -2.81935 0.2
    endloop
  endfacet
  facet normal -0.0979851 -0.995188 0
    outer loop
      vertex -8.61737 -21.4139 0.2
      vertex -7.19952 -21.5535 0.4
      vertex -8.61737 -21.4139 0.4
    endloop
  endfacet
  facet normal -0.0979851 -0.995188 -0
    outer loop
      vertex -7.19952 -21.5535 0.4
      vertex -8.61737 -21.4139 0.2
      vertex -7.19952 -21.5535 0.2
    endloop
  endfacet
  facet normal -0.290253 0.95695 0
    outer loop
      vertex -73.8823 14.4886 0.2
      vertex -74.8216 14.2037 0.4
      vertex -73.8823 14.4886 0.4
    endloop
  endfacet
  facet normal -0.290253 0.95695 0
    outer loop
      vertex -74.8216 14.2037 0.4
      vertex -73.8823 14.4886 0.2
      vertex -74.8216 14.2037 0.2
    endloop
  endfacet
  facet normal 0.97388 -0.227064 0
    outer loop
      vertex 15.0769 -5.5905 0.4
      vertex 15.3979 -4.21373 0.2
      vertex 15.3979 -4.21373 0.4
    endloop
  endfacet
  facet normal 0.97388 -0.227064 0
    outer loop
      vertex 15.3979 -4.21373 0.2
      vertex 15.0769 -5.5905 0.4
      vertex 15.0769 -5.5905 0.2
    endloop
  endfacet
  facet normal 0.0979808 0.995188 -0
    outer loop
      vertex -2.96751 21.415 0.2
      vertex -4.37425 21.5535 0.4
      vertex -2.96751 21.415 0.4
    endloop
  endfacet
  facet normal 0.0979808 0.995188 0
    outer loop
      vertex -4.37425 21.5535 0.4
      vertex -2.96751 21.415 0.2
      vertex -4.37425 21.5535 0.2
    endloop
  endfacet
  facet normal -0.634374 0.773026 0
    outer loop
      vertex -79.1312 11.9002 0.2
      vertex -79.89 11.2775 0.4
      vertex -79.1312 11.9002 0.4
    endloop
  endfacet
  facet normal -0.634374 0.773026 0
    outer loop
      vertex -79.89 11.2775 0.4
      vertex -79.1312 11.9002 0.2
      vertex -79.89 11.2775 0.2
    endloop
  endfacet
  facet normal -0.471339 -0.881952 0
    outer loop
      vertex -77.4999 -12.9902 0.2
      vertex -76.6343 -13.4528 0.4
      vertex -77.4999 -12.9902 0.4
    endloop
  endfacet
  facet normal -0.471339 -0.881952 -0
    outer loop
      vertex -76.6343 -13.4528 0.4
      vertex -77.4999 -12.9902 0.2
      vertex -76.6343 -13.4528 0.2
    endloop
  endfacet
  facet normal -0.0979851 0.995188 0
    outer loop
      vertex -7.19952 21.5535 0.2
      vertex -8.61737 21.4139 0.4
      vertex -7.19952 21.5535 0.4
    endloop
  endfacet
  facet normal -0.0979851 0.995188 0
    outer loop
      vertex -8.61737 21.4139 0.4
      vertex -7.19952 21.5535 0.2
      vertex -8.61737 21.4139 0.2
    endloop
  endfacet
  facet normal 0.995188 0.0979843 0
    outer loop
      vertex 15.7666 1.41266 0.4
      vertex 15.6281 2.81935 0.2
      vertex 15.6281 2.81935 0.4
    endloop
  endfacet
  facet normal 0.995188 0.0979843 0
    outer loop
      vertex 15.6281 2.81935 0.2
      vertex 15.7666 1.41266 0.4
      vertex 15.7666 1.41266 0.2
    endloop
  endfacet
  facet normal -0.352251 0.935906 0
    outer loop
      vertex -74.8216 14.2037 0.2
      vertex -75.7401 13.858 0.4
      vertex -74.8216 14.2037 0.4
    endloop
  endfacet
  facet normal -0.352251 0.935906 0
    outer loop
      vertex -75.7401 13.858 0.4
      vertex -74.8216 14.2037 0.2
      vertex -75.7401 13.858 0.2
    endloop
  endfacet
  facet normal -0.102743 0.994708 0
    outer loop
      vertex -8.61737 21.4139 0.2
      vertex -71.957 14.8716 0.4
      vertex -8.61737 21.4139 0.4
    endloop
  endfacet
  facet normal -0.102743 0.994708 0
    outer loop
      vertex -71.957 14.8716 0.4
      vertex -8.61737 21.4139 0.2
      vertex -71.957 14.8716 0.2
    endloop
  endfacet
  facet normal -0.227143 -0.973861 0
    outer loop
      vertex -73.8823 -14.4886 0.2
      vertex -72.9262 -14.7116 0.4
      vertex -73.8823 -14.4886 0.4
    endloop
  endfacet
  facet normal -0.227143 -0.973861 -0
    outer loop
      vertex -72.9262 -14.7116 0.4
      vertex -73.8823 -14.4886 0.2
      vertex -72.9262 -14.7116 0.2
    endloop
  endfacet
  facet normal 0.999463 0.0327575 0
    outer loop
      vertex 15.8129 0 0.4
      vertex 15.7666 1.41266 0.2
      vertex 15.7666 1.41266 0.4
    endloop
  endfacet
  facet normal 0.999463 0.0327575 0
    outer loop
      vertex 15.7666 1.41266 0.2
      vertex 15.8129 0 0.4
      vertex 15.8129 0 0.2
    endloop
  endfacet
  facet normal -0.16288 -0.986646 0
    outer loop
      vertex -72.9262 -14.7116 0.2
      vertex -71.957 -14.8716 0.4
      vertex -72.9262 -14.7116 0.4
    endloop
  endfacet
  facet normal -0.16288 -0.986646 -0
    outer loop
      vertex -71.957 -14.8716 0.4
      vertex -72.9262 -14.7116 0.2
      vertex -71.957 -14.8716 0.2
    endloop
  endfacet
  facet normal 0.227076 -0.973877 0
    outer loop
      vertex -1.57315 -21.1848 0.2
      vertex -0.196457 -20.8638 0.4
      vertex -1.57315 -21.1848 0.4
    endloop
  endfacet
  facet normal 0.227076 -0.973877 0
    outer loop
      vertex -0.196457 -20.8638 0.4
      vertex -1.57315 -21.1848 0.2
      vertex -0.196457 -20.8638 0.2
    endloop
  endfacet
  facet normal -0.999465 0.0327041 0
    outer loop
      vertex -84.9998 0 0.2
      vertex -84.9677 0.981003 0.4
      vertex -84.9677 0.981003 0.2
    endloop
  endfacet
  facet normal -0.999465 0.0327041 0
    outer loop
      vertex -84.9677 0.981003 0.4
      vertex -84.9998 0 0.2
      vertex -84.9998 0 0.4
    endloop
  endfacet
  facet normal -0.956952 -0.290248 0
    outer loop
      vertex -84.2037 -4.82161 0.2
      vertex -84.4886 -3.88229 0.4
      vertex -84.4886 -3.88229 0.2
    endloop
  endfacet
  facet normal -0.956952 -0.290248 0
    outer loop
      vertex -84.4886 -3.88229 0.4
      vertex -84.2037 -4.82161 0.2
      vertex -84.2037 -4.82161 0.4
    endloop
  endfacet
  facet normal -0.84917 0.52812 0
    outer loop
      vertex -82.9902 7.49991 0.2
      vertex -82.4718 8.33345 0.4
      vertex -82.4718 8.33345 0.2
    endloop
  endfacet
  facet normal -0.84917 0.52812 0
    outer loop
      vertex -82.4718 8.33345 0.4
      vertex -82.9902 7.49991 0.2
      vertex -82.9902 7.49991 0.4
    endloop
  endfacet
  facet normal 0.352255 0.935904 -0
    outer loop
      vertex 2.47887 19.9556 0.2
      vertex 1.15627 20.4534 0.4
      vertex 2.47887 19.9556 0.4
    endloop
  endfacet
  facet normal 0.352255 0.935904 0
    outer loop
      vertex 1.15627 20.4534 0.4
      vertex 2.47887 19.9556 0.2
      vertex 1.15627 20.4534 0.2
    endloop
  endfacet
  facet normal -0.0327584 -0.999463 0
    outer loop
      vertex -7.19952 -21.5535 0.2
      vertex -5.7869 -21.5998 0.4
      vertex -7.19952 -21.5535 0.4
    endloop
  endfacet
  facet normal -0.0327584 -0.999463 -0
    outer loop
      vertex -5.7869 -21.5998 0.4
      vertex -7.19952 -21.5535 0.2
      vertex -5.7869 -21.5998 0.2
    endloop
  endfacet
  facet normal -0.84917 -0.52812 0
    outer loop
      vertex -82.4718 -8.33345 0.2
      vertex -82.9902 -7.49991 0.4
      vertex -82.9902 -7.49991 0.2
    endloop
  endfacet
  facet normal -0.84917 -0.52812 0
    outer loop
      vertex -82.9902 -7.49991 0.4
      vertex -82.4718 -8.33345 0.2
      vertex -82.4718 -8.33345 0.4
    endloop
  endfacet
  facet normal 0.471426 -0.881906 0
    outer loop
      vertex 3.76654 -19.3722 0.2
      vertex 5.013 -18.7059 0.4
      vertex 3.76654 -19.3722 0.4
    endloop
  endfacet
  facet normal 0.471426 -0.881906 0
    outer loop
      vertex 5.013 -18.7059 0.4
      vertex 3.76654 -19.3722 0.2
      vertex 5.013 -18.7059 0.2
    endloop
  endfacet
  facet normal -0.290253 -0.95695 0
    outer loop
      vertex -74.8216 -14.2037 0.2
      vertex -73.8823 -14.4886 0.4
      vertex -74.8216 -14.2037 0.4
    endloop
  endfacet
  facet normal -0.290253 -0.95695 -0
    outer loop
      vertex -73.8823 -14.4886 0.4
      vertex -74.8216 -14.2037 0.2
      vertex -73.8823 -14.4886 0.2
    endloop
  endfacet
  facet normal -0.227143 0.973861 0
    outer loop
      vertex -72.9262 14.7116 0.2
      vertex -73.8823 14.4886 0.4
      vertex -72.9262 14.7116 0.4
    endloop
  endfacet
  facet normal -0.227143 0.973861 0
    outer loop
      vertex -73.8823 14.4886 0.4
      vertex -72.9262 14.7116 0.2
      vertex -73.8823 14.4886 0.2
    endloop
  endfacet
  facet normal -0.683656 -0.729804 0
    outer loop
      vertex -80.6064 -10.6064 0.2
      vertex -79.89 -11.2775 0.4
      vertex -80.6064 -10.6064 0.4
    endloop
  endfacet
  facet normal -0.683656 -0.729804 -0
    outer loop
      vertex -79.89 -11.2775 0.4
      vertex -80.6064 -10.6064 0.2
      vertex -79.89 -11.2775 0.2
    endloop
  endfacet
  facet normal 0.0327577 -0.999463 0
    outer loop
      vertex -5.7869 -21.5998 0.2
      vertex -4.37425 -21.5535 0.4
      vertex -5.7869 -21.5998 0.4
    endloop
  endfacet
  facet normal 0.0327577 -0.999463 0
    outer loop
      vertex -4.37425 -21.5535 0.4
      vertex -5.7869 -21.5998 0.2
      vertex -4.37425 -21.5535 0.2
    endloop
  endfacet
  facet normal -0.986638 0.162925 0
    outer loop
      vertex -84.8715 1.95784 0.2
      vertex -84.7116 2.92616 0.4
      vertex -84.7116 2.92616 0.2
    endloop
  endfacet
  facet normal -0.986638 0.162925 0
    outer loop
      vertex -84.7116 2.92616 0.4
      vertex -84.8715 1.95784 0.2
      vertex -84.8715 1.95784 0.4
    endloop
  endfacet
  facet normal -0.812889 0.582418 0
    outer loop
      vertex -82.4718 8.33345 0.2
      vertex -81.9002 9.13124 0.4
      vertex -81.9002 9.13124 0.2
    endloop
  endfacet
  facet normal -0.812889 0.582418 0
    outer loop
      vertex -81.9002 9.13124 0.4
      vertex -82.4718 8.33345 0.2
      vertex -82.4718 8.33345 0.4
    endloop
  endfacet
  facet normal -0.471339 0.881952 0
    outer loop
      vertex -76.6343 13.4528 0.2
      vertex -77.4999 12.9902 0.4
      vertex -76.6343 13.4528 0.4
    endloop
  endfacet
  facet normal -0.471339 0.881952 0
    outer loop
      vertex -77.4999 12.9902 0.4
      vertex -76.6343 13.4528 0.2
      vertex -77.4999 12.9902 0.2
    endloop
  endfacet
  facet normal -0.412744 0.910847 0
    outer loop
      vertex -75.7401 13.858 0.2
      vertex -76.6343 13.4528 0.4
      vertex -75.7401 13.858 0.4
    endloop
  endfacet
  facet normal -0.412744 0.910847 0
    outer loop
      vertex -76.6343 13.4528 0.4
      vertex -75.7401 13.858 0.2
      vertex -76.6343 13.4528 0.2
    endloop
  endfacet
  facet normal 0.8492 0.528071 0
    outer loop
      vertex 12.9191 10.7999 0.4
      vertex 12.1727 12.0002 0.2
      vertex 12.1727 12.0002 0.4
    endloop
  endfacet
  facet normal 0.8492 0.528071 0
    outer loop
      vertex 12.1727 12.0002 0.2
      vertex 12.9191 10.7999 0.4
      vertex 12.9191 10.7999 0.2
    endloop
  endfacet
  facet normal -0.995186 0.098007 0
    outer loop
      vertex -84.9677 0.981003 0.2
      vertex -84.8715 1.95784 0.4
      vertex -84.8715 1.95784 0.2
    endloop
  endfacet
  facet normal -0.995186 0.098007 0
    outer loop
      vertex -84.8715 1.95784 0.4
      vertex -84.9677 0.981003 0.2
      vertex -84.9677 0.981003 0.4
    endloop
  endfacet
  facet normal -0.412744 -0.910847 0
    outer loop
      vertex -76.6343 -13.4528 0.2
      vertex -75.7401 -13.858 0.4
      vertex -76.6343 -13.4528 0.4
    endloop
  endfacet
  facet normal -0.412744 -0.910847 -0
    outer loop
      vertex -75.7401 -13.858 0.4
      vertex -76.6343 -13.4528 0.2
      vertex -75.7401 -13.858 0.2
    endloop
  endfacet
  facet normal -0.352251 -0.935906 0
    outer loop
      vertex -75.7401 -13.858 0.2
      vertex -74.8216 -14.2037 0.4
      vertex -75.7401 -13.858 0.4
    endloop
  endfacet
  facet normal -0.352251 -0.935906 -0
    outer loop
      vertex -74.8216 -14.2037 0.4
      vertex -75.7401 -13.858 0.2
      vertex -74.8216 -14.2037 0.2
    endloop
  endfacet
  facet normal 0 0 -1
    outer loop
      vertex 15.6128 0 0.2
      vertex 15.8129 0 0.2
      vertex 15.7666 -1.41266 0.2
    endloop
  endfacet
  facet normal 0 0 -1
    outer loop
      vertex 15.5669 -1.39977 0.2
      vertex 15.7666 -1.41266 0.2
      vertex 15.6281 -2.81935 0.2
    endloop
  endfacet
  facet normal 0 0 -1
    outer loop
      vertex 15.8129 0 0.2
      vertex 15.6128 0 0.2
      vertex 15.7666 1.41266 0.2
    endloop
  endfacet
  facet normal 0 0 -1
    outer loop
      vertex 15.5669 1.39977 0.2
      vertex 15.7666 1.41266 0.2
      vertex 15.6128 0 0.2
    endloop
  endfacet
  facet normal 0 0 -1
    outer loop
      vertex 15.7666 -1.41266 0.2
      vertex 15.5669 -1.39977 0.2
      vertex 15.6128 0 0.2
    endloop
  endfacet
  facet normal 0 0 -1
    outer loop
      vertex 15.6281 -2.81935 0.2
      vertex 15.4297 -2.79324 0.2
      vertex 15.5669 -1.39977 0.2
    endloop
  endfacet
  facet normal 0 0 -1
    outer loop
      vertex 15.3979 -4.21373 0.2
      vertex 15.4297 -2.79324 0.2
      vertex 15.6281 -2.81935 0.2
    endloop
  endfacet
  facet normal 0 0 -1
    outer loop
      vertex 15.3979 -4.21373 0.2
      vertex 15.2016 -4.17485 0.2
      vertex 15.4297 -2.79324 0.2
    endloop
  endfacet
  facet normal 0 0 -1
    outer loop
      vertex 15.0769 -5.5905 0.2
      vertex 15.2016 -4.17485 0.2
      vertex 15.3979 -4.21373 0.2
    endloop
  endfacet
  facet normal 0 0 -1
    outer loop
      vertex 15.0769 -5.5905 0.2
      vertex 14.8836 -5.53845 0.2
      vertex 15.2016 -4.17485 0.2
    endloop
  endfacet
  facet normal 0 0 -1
    outer loop
      vertex 14.6666 -6.9431 0.2
      vertex 14.8836 -5.53845 0.2
      vertex 15.0769 -5.5905 0.2
    endloop
  endfacet
  facet normal 0 0 -1
    outer loop
      vertex 14.6666 -6.9431 0.2
      vertex 14.4771 -6.87885 0.2
      vertex 14.8836 -5.53845 0.2
    endloop
  endfacet
  facet normal 0 0 -1
    outer loop
      vertex 14.1687 -8.26576 0.2
      vertex 14.4771 -6.87885 0.2
      vertex 14.6666 -6.9431 0.2
    endloop
  endfacet
  facet normal 0 0 -1
    outer loop
      vertex 14.1687 -8.26576 0.2
      vertex 13.9839 -8.18918 0.2
      vertex 14.4771 -6.87885 0.2
    endloop
  endfacet
  facet normal 0 0 -1
    outer loop
      vertex 13.5853 -9.55344 0.2
      vertex 13.9839 -8.18918 0.2
      vertex 14.1687 -8.26576 0.2
    endloop
  endfacet
  facet normal 0 0 -1
    outer loop
      vertex 13.5853 -9.55344 0.2
      vertex 13.4059 -9.4648 0.2
      vertex 13.9839 -8.18918 0.2
    endloop
  endfacet
  facet normal 0 0 -1
    outer loop
      vertex 12.9191 -10.7999 0.2
      vertex 13.4059 -9.4648 0.2
      vertex 13.5853 -9.55344 0.2
    endloop
  endfacet
  facet normal 0 0 -1
    outer loop
      vertex 12.9191 -10.7999 0.2
      vertex 12.7457 -10.6998 0.2
      vertex 13.4059 -9.4648 0.2
    endloop
  endfacet
  facet normal 0 0 -1
    outer loop
      vertex 12.1727 -12.0002 0.2
      vertex 12.7457 -10.6998 0.2
      vertex 12.9191 -10.7999 0.2
    endloop
  endfacet
  facet normal 0 0 -1
    outer loop
      vertex 12.1727 -12.0002 0.2
      vertex 12.0062 -11.8891 0.2
      vertex 12.7457 -10.6998 0.2
    endloop
  endfacet
  facet normal 0 0 -1
    outer loop
      vertex 11.3494 -13.1491 0.2
      vertex 12.0062 -11.8891 0.2
      vertex 12.1727 -12.0002 0.2
    endloop
  endfacet
  facet normal 0 0 -1
    outer loop
      vertex 11.3494 -13.1491 0.2
      vertex 11.1906 -13.0273 0.2
      vertex 12.0062 -11.8891 0.2
    endloop
  endfacet
  facet normal 0 0 -1
    outer loop
      vertex 10.4527 -14.2417 0.2
      vertex 11.1906 -13.0273 0.2
      vertex 11.3494 -13.1491 0.2
    endloop
  endfacet
  facet normal 0 0 -1
    outer loop
      vertex 10.4527 -14.2417 0.2
      vertex 10.3022 -14.1098 0.2
      vertex 11.1906 -13.0273 0.2
    endloop
  endfacet
  facet normal 0 0 -1
    outer loop
      vertex 9.48645 -15.2733 0.2
      vertex 10.3022 -14.1098 0.2
      vertex 10.4527 -14.2417 0.2
    endloop
  endfacet
  facet normal 0 0 -1
    outer loop
      vertex 9.48645 -15.2733 0.2
      vertex 9.34496 -15.1319 0.2
      vertex 10.3022 -14.1098 0.2
    endloop
  endfacet
  facet normal 0 0 -1
    outer loop
      vertex 8.45479 -16.2396 0.2
      vertex 9.34496 -15.1319 0.2
      vertex 9.48645 -15.2733 0.2
    endloop
  endfacet
  facet normal 0 0 -1
    outer loop
      vertex 8.45479 -16.2396 0.2
      vertex 8.32289 -16.0891 0.2
      vertex 9.34496 -15.1319 0.2
    endloop
  endfacet
  facet normal 0 0 -1
    outer loop
      vertex 7.36217 -17.1363 0.2
      vertex 8.32289 -16.0891 0.2
      vertex 8.45479 -16.2396 0.2
    endloop
  endfacet
  facet normal 0 0 -1
    outer loop
      vertex 7.36217 -17.1363 0.2
      vertex 7.24039 -16.9775 0.2
      vertex 8.32289 -16.0891 0.2
    endloop
  endfacet
  facet normal 0 0 -1
    outer loop
      vertex 6.21332 -17.9595 0.2
      vertex 7.24039 -16.9775 0.2
      vertex 7.36217 -17.1363 0.2
    endloop
  endfacet
  facet normal 0 0 -1
    outer loop
      vertex 6.21332 -17.9595 0.2
      vertex 6.10214 -17.7932 0.2
      vertex 7.24039 -16.9775 0.2
    endloop
  endfacet
  facet normal 0 0 -1
    outer loop
      vertex 5.013 -18.7059 0.2
      vertex 6.10214 -17.7932 0.2
      vertex 6.21332 -17.9595 0.2
    endloop
  endfacet
  facet normal 0 0 -1
    outer loop
      vertex 5.013 -18.7059 0.2
      vertex 4.91306 -18.5326 0.2
      vertex 6.10214 -17.7932 0.2
    endloop
  endfacet
  facet normal 0 0 -1
    outer loop
      vertex 3.76654 -19.3722 0.2
      vertex 4.91306 -18.5326 0.2
      vertex 5.013 -18.7059 0.2
    endloop
  endfacet
  facet normal 0 0 -1
    outer loop
      vertex 3.76654 -19.3722 0.2
      vertex 3.6779 -19.1928 0.2
      vertex 4.91306 -18.5326 0.2
    endloop
  endfacet
  facet normal 0 0 -1
    outer loop
      vertex 2.47887 -19.9556 0.2
      vertex 3.6779 -19.1928 0.2
      vertex 3.76654 -19.3722 0.2
    endloop
  endfacet
  facet normal 0 0 -1
    outer loop
      vertex 2.47887 -19.9556 0.2
      vertex 2.40228 -19.7708 0.2
      vertex 3.6779 -19.1928 0.2
    endloop
  endfacet
  facet normal 0 0 -1
    outer loop
      vertex 1.15627 -20.4534 0.2
      vertex 2.40228 -19.7708 0.2
      vertex 2.47887 -19.9556 0.2
    endloop
  endfacet
  facet normal 0 0 -1
    outer loop
      vertex 1.15627 -20.4534 0.2
      vertex 1.09181 -20.264 0.2
      vertex 2.40228 -19.7708 0.2
    endloop
  endfacet
  facet normal 0 0 -1
    outer loop
      vertex -0.196457 -20.8638 0.2
      vertex 1.09181 -20.264 0.2
      vertex 1.15627 -20.4534 0.2
    endloop
  endfacet
  facet normal 0 0 -1
    outer loop
      vertex -0.196457 -20.8638 0.2
      vertex -0.248276 -20.6705 0.2
      vertex 1.09181 -20.264 0.2
    endloop
  endfacet
  facet normal 0 0 -1
    outer loop
      vertex -1.57315 -21.1848 0.2
      vertex -0.248276 -20.6705 0.2
      vertex -0.196457 -20.8638 0.2
    endloop
  endfacet
  facet normal 0 0 -1
    outer loop
      vertex -1.57315 -21.1848 0.2
      vertex -1.61203 -20.9885 0.2
      vertex -0.248276 -20.6705 0.2
    endloop
  endfacet
  facet normal 0 0 -1
    outer loop
      vertex -2.96751 -21.415 0.2
      vertex -1.61203 -20.9885 0.2
      vertex -1.57315 -21.1848 0.2
    endloop
  endfacet
  facet normal 0 0 -1
    outer loop
      vertex -2.96751 -21.415 0.2
      vertex -2.99364 -21.2166 0.2
      vertex -1.61203 -20.9885 0.2
    endloop
  endfacet
  facet normal 0 0 -1
    outer loop
      vertex -4.37425 -21.5535 0.2
      vertex -2.99364 -21.2166 0.2
      vertex -2.96751 -21.415 0.2
    endloop
  endfacet
  facet normal 0 0 -1
    outer loop
      vertex -4.37425 -21.5535 0.2
      vertex -4.38712 -21.3539 0.2
      vertex -2.99364 -21.2166 0.2
    endloop
  endfacet
  facet normal 0 0 -1
    outer loop
      vertex -5.7869 -21.5998 0.2
      vertex -4.38712 -21.3539 0.2
      vertex -4.37425 -21.5535 0.2
    endloop
  endfacet
  facet normal 0 0 -1
    outer loop
      vertex -5.7869 -21.5998 0.2
      vertex -5.7869 -21.3997 0.2
      vertex -4.38712 -21.3539 0.2
    endloop
  endfacet
  facet normal 0 0 -1
    outer loop
      vertex -5.7869 -21.5998 0.2
      vertex -7.18666 -21.3539 0.2
      vertex -5.7869 -21.3997 0.2
    endloop
  endfacet
  facet normal 0 0 -1
    outer loop
      vertex -7.19952 -21.5535 0.2
      vertex -7.18666 -21.3539 0.2
      vertex -5.7869 -21.5998 0.2
    endloop
  endfacet
  facet normal 0 0 -1
    outer loop
      vertex -8.61737 -21.4139 0.2
      vertex -7.18666 -21.3539 0.2
      vertex -7.19952 -21.5535 0.2
    endloop
  endfacet
  facet normal -0 0 -1
    outer loop
      vertex -7.18666 -21.3539 0.2
      vertex -8.61737 -21.4139 0.2
      vertex -8.59682 -21.215 0.2
    endloop
  endfacet
  facet normal 0 0 -1
    outer loop
      vertex -8.61737 -21.4139 0.2
      vertex -71.9305 -14.6733 0.2
      vertex -8.59682 -21.215 0.2
    endloop
  endfacet
  facet normal 0 0 -1
    outer loop
      vertex -71.957 -14.8716 0.2
      vertex -71.9305 -14.6733 0.2
      vertex -8.61737 -21.4139 0.2
    endloop
  endfacet
  facet normal 0 0 -1
    outer loop
      vertex -71.957 -14.8716 0.2
      vertex -72.8873 -14.5153 0.2
      vertex -71.9305 -14.6733 0.2
    endloop
  endfacet
  facet normal 0 0 -1
    outer loop
      vertex -72.9262 -14.7116 0.2
      vertex -72.8873 -14.5153 0.2
      vertex -71.957 -14.8716 0.2
    endloop
  endfacet
  facet normal 0 0 -1
    outer loop
      vertex -72.9262 -14.7116 0.2
      vertex -73.8303 -14.2954 0.2
      vertex -72.8873 -14.5153 0.2
    endloop
  endfacet
  facet normal 0 0 -1
    outer loop
      vertex -73.8823 -14.4886 0.2
      vertex -73.8303 -14.2954 0.2
      vertex -72.9262 -14.7116 0.2
    endloop
  endfacet
  facet normal 0 0 -1
    outer loop
      vertex -73.8823 -14.4886 0.2
      vertex -74.7574 -14.0142 0.2
      vertex -73.8303 -14.2954 0.2
    endloop
  endfacet
  facet normal 0 0 -1
    outer loop
      vertex -74.8216 -14.2037 0.2
      vertex -74.7574 -14.0142 0.2
      vertex -73.8823 -14.4886 0.2
    endloop
  endfacet
  facet normal 0 0 -1
    outer loop
      vertex -74.8216 -14.2037 0.2
      vertex -75.6635 -13.6732 0.2
      vertex -74.7574 -14.0142 0.2
    endloop
  endfacet
  facet normal 0 0 -1
    outer loop
      vertex -75.7401 -13.858 0.2
      vertex -75.6635 -13.6732 0.2
      vertex -74.8216 -14.2037 0.2
    endloop
  endfacet
  facet normal 0 0 -1
    outer loop
      vertex -75.7401 -13.858 0.2
      vertex -76.5457 -13.2734 0.2
      vertex -75.6635 -13.6732 0.2
    endloop
  endfacet
  facet normal 0 0 -1
    outer loop
      vertex -76.6343 -13.4528 0.2
      vertex -76.5457 -13.2734 0.2
      vertex -75.7401 -13.858 0.2
    endloop
  endfacet
  facet normal 0 0 -1
    outer loop
      vertex -76.6343 -13.4528 0.2
      vertex -77.4 -12.8168 0.2
      vertex -76.5457 -13.2734 0.2
    endloop
  endfacet
  facet normal 0 0 -1
    outer loop
      vertex -77.4999 -12.9902 0.2
      vertex -77.4 -12.8168 0.2
      vertex -76.6343 -13.4528 0.2
    endloop
  endfacet
  facet normal 0 0 -1
    outer loop
      vertex -77.4999 -12.9902 0.2
      vertex -78.2221 -12.3056 0.2
      vertex -77.4 -12.8168 0.2
    endloop
  endfacet
  facet normal 0 0 -1
    outer loop
      vertex -78.3335 -12.4718 0.2
      vertex -78.2221 -12.3056 0.2
      vertex -77.4999 -12.9902 0.2
    endloop
  endfacet
  facet normal 0 0 -1
    outer loop
      vertex -78.3335 -12.4718 0.2
      vertex -79.0095 -11.7413 0.2
      vertex -78.2221 -12.3056 0.2
    endloop
  endfacet
  facet normal 0 0 -1
    outer loop
      vertex -79.1312 -11.9002 0.2
      vertex -79.0095 -11.7413 0.2
      vertex -78.3335 -12.4718 0.2
    endloop
  endfacet
  facet normal 0 0 -1
    outer loop
      vertex -79.1312 -11.9002 0.2
      vertex -79.7582 -11.1269 0.2
      vertex -79.0095 -11.7413 0.2
    endloop
  endfacet
  facet normal 0 0 -1
    outer loop
      vertex -79.89 -11.2775 0.2
      vertex -79.7582 -11.1269 0.2
      vertex -79.1312 -11.9002 0.2
    endloop
  endfacet
  facet normal 0 0 -1
    outer loop
      vertex -79.89 -11.2775 0.2
      vertex -80.465 -10.465 0.2
      vertex -79.7582 -11.1269 0.2
    endloop
  endfacet
  facet normal 0 0 -1
    outer loop
      vertex -80.6064 -10.6064 0.2
      vertex -80.465 -10.465 0.2
      vertex -79.89 -11.2775 0.2
    endloop
  endfacet
  facet normal 0 0 -1
    outer loop
      vertex -80.6064 -10.6064 0.2
      vertex -81.1269 -9.75821 0.2
      vertex -80.465 -10.465 0.2
    endloop
  endfacet
  facet normal 0 0 -1
    outer loop
      vertex -81.2775 -9.89 0.2
      vertex -81.1269 -9.75821 0.2
      vertex -80.6064 -10.6064 0.2
    endloop
  endfacet
  facet normal 0 0 -1
    outer loop
      vertex -81.2775 -9.89 0.2
      vertex -81.7413 -9.00948 0.2
      vertex -81.1269 -9.75821 0.2
    endloop
  endfacet
  facet normal 0 0 -1
    outer loop
      vertex -81.9002 -9.13124 0.2
      vertex -81.7413 -9.00948 0.2
      vertex -81.2775 -9.89 0.2
    endloop
  endfacet
  facet normal 0 0 -1
    outer loop
      vertex -81.9002 -9.13124 0.2
      vertex -82.3056 -8.22211 0.2
      vertex -81.7413 -9.00948 0.2
    endloop
  endfacet
  facet normal 0 0 -1
    outer loop
      vertex -82.4718 -8.33345 0.2
      vertex -82.3056 -8.22211 0.2
      vertex -81.9002 -9.13124 0.2
    endloop
  endfacet
  facet normal 0 0 -1
    outer loop
      vertex -82.4718 -8.33345 0.2
      vertex -82.8168 -7.39996 0.2
      vertex -82.3056 -8.22211 0.2
    endloop
  endfacet
  facet normal 0 0 -1
    outer loop
      vertex -82.9902 -7.49991 0.2
      vertex -82.8168 -7.39996 0.2
      vertex -82.4718 -8.33345 0.2
    endloop
  endfacet
  facet normal 0 0 -1
    outer loop
      vertex -82.9902 -7.49991 0.2
      vertex -83.2734 -6.54568 0.2
      vertex -82.8168 -7.39996 0.2
    endloop
  endfacet
  facet normal 0 0 -1
    outer loop
      vertex -83.4528 -6.63432 0.2
      vertex -83.2734 -6.54568 0.2
      vertex -82.9902 -7.49991 0.2
    endloop
  endfacet
  facet normal 0 0 -1
    outer loop
      vertex -83.4528 -6.63432 0.2
      vertex -83.6732 -5.66347 0.2
      vertex -83.2734 -6.54568 0.2
    endloop
  endfacet
  facet normal 0 0 -1
    outer loop
      vertex -83.858 -5.74005 0.2
      vertex -83.6732 -5.66347 0.2
      vertex -83.4528 -6.63432 0.2
    endloop
  endfacet
  facet normal 0 0 -1
    outer loop
      vertex -83.858 -5.74005 0.2
      vertex -84.0142 -4.75735 0.2
      vertex -83.6732 -5.66347 0.2
    endloop
  endfacet
  facet normal 0 0 -1
    outer loop
      vertex -84.2037 -4.82161 0.2
      vertex -84.0142 -4.75735 0.2
      vertex -83.858 -5.74005 0.2
    endloop
  endfacet
  facet normal 0 0 -1
    outer loop
      vertex -84.2037 -4.82161 0.2
      vertex -84.2954 -3.83026 0.2
      vertex -84.0142 -4.75735 0.2
    endloop
  endfacet
  facet normal 0 0 -1
    outer loop
      vertex -84.4886 -3.88229 0.2
      vertex -84.2954 -3.83026 0.2
      vertex -84.2037 -4.82161 0.2
    endloop
  endfacet
  facet normal 0 0 -1
    outer loop
      vertex -84.4886 -3.88229 0.2
      vertex -84.5153 -2.88728 0.2
      vertex -84.2954 -3.83026 0.2
    endloop
  endfacet
  facet normal 0 0 -1
    outer loop
      vertex -84.7116 -2.92616 0.2
      vertex -84.5153 -2.88728 0.2
      vertex -84.4886 -3.88229 0.2
    endloop
  endfacet
  facet normal -0 0 -1
    outer loop
      vertex -84.5153 -2.88728 0.2
      vertex -84.7116 -2.92616 0.2
      vertex -84.6731 -1.93175 0.2
    endloop
  endfacet
  facet normal 0 0 -1
    outer loop
      vertex -84.8715 -1.95784 0.2
      vertex -84.6731 -1.93175 0.2
      vertex -84.7116 -2.92616 0.2
    endloop
  endfacet
  facet normal -0 0 -1
    outer loop
      vertex -84.6731 -1.93175 0.2
      vertex -84.8715 -1.95784 0.2
      vertex -84.768 -0.968109 0.2
    endloop
  endfacet
  facet normal 0 0 -1
    outer loop
      vertex -84.9677 -0.981003 0.2
      vertex -84.768 -0.968109 0.2
      vertex -84.8715 -1.95784 0.2
    endloop
  endfacet
  facet normal -0 0 -1
    outer loop
      vertex 15.7666 1.41266 0.2
      vertex 15.5669 1.39977 0.2
      vertex 15.6281 2.81935 0.2
    endloop
  endfacet
  facet normal 0 0 -1
    outer loop
      vertex 15.4297 2.79324 0.2
      vertex 15.6281 2.81935 0.2
      vertex 15.5669 1.39977 0.2
    endloop
  endfacet
  facet normal 0 0 -1
    outer loop
      vertex 15.4297 2.79324 0.2
      vertex 15.3979 4.21373 0.2
      vertex 15.6281 2.81935 0.2
    endloop
  endfacet
  facet normal 0 0 -1
    outer loop
      vertex 15.2016 4.17485 0.2
      vertex 15.3979 4.21373 0.2
      vertex 15.4297 2.79324 0.2
    endloop
  endfacet
  facet normal 0 0 -1
    outer loop
      vertex 15.2016 4.17485 0.2
      vertex 15.0769 5.5905 0.2
      vertex 15.3979 4.21373 0.2
    endloop
  endfacet
  facet normal 0 0 -1
    outer loop
      vertex 14.8836 5.53845 0.2
      vertex 15.0769 5.5905 0.2
      vertex 15.2016 4.17485 0.2
    endloop
  endfacet
  facet normal 0 0 -1
    outer loop
      vertex 14.8836 5.53845 0.2
      vertex 14.6666 6.9431 0.2
      vertex 15.0769 5.5905 0.2
    endloop
  endfacet
  facet normal 0 0 -1
    outer loop
      vertex 14.4771 6.87885 0.2
      vertex 14.6666 6.9431 0.2
      vertex 14.8836 5.53845 0.2
    endloop
  endfacet
  facet normal 0 0 -1
    outer loop
      vertex 14.4771 6.87885 0.2
      vertex 14.1687 8.26576 0.2
      vertex 14.6666 6.9431 0.2
    endloop
  endfacet
  facet normal 0 0 -1
    outer loop
      vertex 13.9839 8.18918 0.2
      vertex 14.1687 8.26576 0.2
      vertex 14.4771 6.87885 0.2
    endloop
  endfacet
  facet normal 0 0 -1
    outer loop
      vertex 13.9839 8.18918 0.2
      vertex 13.5853 9.55344 0.2
      vertex 14.1687 8.26576 0.2
    endloop
  endfacet
  facet normal 0 0 -1
    outer loop
      vertex 13.4059 9.4648 0.2
      vertex 13.5853 9.55344 0.2
      vertex 13.9839 8.18918 0.2
    endloop
  endfacet
  facet normal 0 0 -1
    outer loop
      vertex 13.4059 9.4648 0.2
      vertex 12.9191 10.7999 0.2
      vertex 13.5853 9.55344 0.2
    endloop
  endfacet
  facet normal 0 0 -1
    outer loop
      vertex 12.7457 10.6998 0.2
      vertex 12.9191 10.7999 0.2
      vertex 13.4059 9.4648 0.2
    endloop
  endfacet
  facet normal 0 0 -1
    outer loop
      vertex 12.7457 10.6998 0.2
      vertex 12.1727 12.0002 0.2
      vertex 12.9191 10.7999 0.2
    endloop
  endfacet
  facet normal 0 0 -1
    outer loop
      vertex 12.0062 11.8891 0.2
      vertex 12.1727 12.0002 0.2
      vertex 12.7457 10.6998 0.2
    endloop
  endfacet
  facet normal 0 0 -1
    outer loop
      vertex 12.0062 11.8891 0.2
      vertex 11.3494 13.1491 0.2
      vertex 12.1727 12.0002 0.2
    endloop
  endfacet
  facet normal 0 0 -1
    outer loop
      vertex 11.1906 13.0273 0.2
      vertex 11.3494 13.1491 0.2
      vertex 12.0062 11.8891 0.2
    endloop
  endfacet
  facet normal 0 0 -1
    outer loop
      vertex 11.1906 13.0273 0.2
      vertex 10.4527 14.2417 0.2
      vertex 11.3494 13.1491 0.2
    endloop
  endfacet
  facet normal 0 0 -1
    outer loop
      vertex 10.3022 14.1098 0.2
      vertex 10.4527 14.2417 0.2
      vertex 11.1906 13.0273 0.2
    endloop
  endfacet
  facet normal 0 0 -1
    outer loop
      vertex 10.3022 14.1098 0.2
      vertex 9.48645 15.2733 0.2
      vertex 10.4527 14.2417 0.2
    endloop
  endfacet
  facet normal 0 0 -1
    outer loop
      vertex 9.34496 15.1319 0.2
      vertex 9.48645 15.2733 0.2
      vertex 10.3022 14.1098 0.2
    endloop
  endfacet
  facet normal 0 0 -1
    outer loop
      vertex 9.34496 15.1319 0.2
      vertex 8.45479 16.2396 0.2
      vertex 9.48645 15.2733 0.2
    endloop
  endfacet
  facet normal 0 0 -1
    outer loop
      vertex 8.32289 16.0891 0.2
      vertex 8.45479 16.2396 0.2
      vertex 9.34496 15.1319 0.2
    endloop
  endfacet
  facet normal 0 0 -1
    outer loop
      vertex 8.32289 16.0891 0.2
      vertex 7.36217 17.1363 0.2
      vertex 8.45479 16.2396 0.2
    endloop
  endfacet
  facet normal 0 0 -1
    outer loop
      vertex 7.24039 16.9775 0.2
      vertex 7.36217 17.1363 0.2
      vertex 8.32289 16.0891 0.2
    endloop
  endfacet
  facet normal 0 0 -1
    outer loop
      vertex 7.24039 16.9775 0.2
      vertex 6.21332 17.9595 0.2
      vertex 7.36217 17.1363 0.2
    endloop
  endfacet
  facet normal 0 0 -1
    outer loop
      vertex 6.10214 17.7932 0.2
      vertex 6.21332 17.9595 0.2
      vertex 7.24039 16.9775 0.2
    endloop
  endfacet
  facet normal 0 0 -1
    outer loop
      vertex 6.10214 17.7932 0.2
      vertex 5.013 18.7059 0.2
      vertex 6.21332 17.9595 0.2
    endloop
  endfacet
  facet normal 0 0 -1
    outer loop
      vertex 4.91306 18.5326 0.2
      vertex 5.013 18.7059 0.2
      vertex 6.10214 17.7932 0.2
    endloop
  endfacet
  facet normal 0 0 -1
    outer loop
      vertex 4.91306 18.5326 0.2
      vertex 3.76654 19.3722 0.2
      vertex 5.013 18.7059 0.2
    endloop
  endfacet
  facet normal 0 0 -1
    outer loop
      vertex 3.6779 19.1928 0.2
      vertex 3.76654 19.3722 0.2
      vertex 4.91306 18.5326 0.2
    endloop
  endfacet
  facet normal 0 0 -1
    outer loop
      vertex 3.6779 19.1928 0.2
      vertex 2.47887 19.9556 0.2
      vertex 3.76654 19.3722 0.2
    endloop
  endfacet
  facet normal 0 0 -1
    outer loop
      vertex 2.40228 19.7708 0.2
      vertex 2.47887 19.9556 0.2
      vertex 3.6779 19.1928 0.2
    endloop
  endfacet
  facet normal 0 0 -1
    outer loop
      vertex 2.40228 19.7708 0.2
      vertex 1.15627 20.4534 0.2
      vertex 2.47887 19.9556 0.2
    endloop
  endfacet
  facet normal 0 0 -1
    outer loop
      vertex 1.09181 20.264 0.2
      vertex 1.15627 20.4534 0.2
      vertex 2.40228 19.7708 0.2
    endloop
  endfacet
  facet normal 0 0 -1
    outer loop
      vertex 1.09181 20.264 0.2
      vertex -0.196457 20.8638 0.2
      vertex 1.15627 20.4534 0.2
    endloop
  endfacet
  facet normal 0 0 -1
    outer loop
      vertex -0.248276 20.6705 0.2
      vertex -0.196457 20.8638 0.2
      vertex 1.09181 20.264 0.2
    endloop
  endfacet
  facet normal 0 0 -1
    outer loop
      vertex -0.248276 20.6705 0.2
      vertex -1.57315 21.1848 0.2
      vertex -0.196457 20.8638 0.2
    endloop
  endfacet
  facet normal 0 0 -1
    outer loop
      vertex -1.61203 20.9885 0.2
      vertex -1.57315 21.1848 0.2
      vertex -0.248276 20.6705 0.2
    endloop
  endfacet
  facet normal 0 0 -1
    outer loop
      vertex -1.61203 20.9885 0.2
      vertex -2.96751 21.415 0.2
      vertex -1.57315 21.1848 0.2
    endloop
  endfacet
  facet normal 0 0 -1
    outer loop
      vertex -2.99364 21.2166 0.2
      vertex -2.96751 21.415 0.2
      vertex -1.61203 20.9885 0.2
    endloop
  endfacet
  facet normal 0 0 -1
    outer loop
      vertex -2.99364 21.2166 0.2
      vertex -4.37425 21.5535 0.2
      vertex -2.96751 21.415 0.2
    endloop
  endfacet
  facet normal 0 0 -1
    outer loop
      vertex -4.38712 21.3539 0.2
      vertex -4.37425 21.5535 0.2
      vertex -2.99364 21.2166 0.2
    endloop
  endfacet
  facet normal 0 0 -1
    outer loop
      vertex -5.7869 21.3997 0.2
      vertex -4.37425 21.5535 0.2
      vertex -4.38712 21.3539 0.2
    endloop
  endfacet
  facet normal 0 0 -1
    outer loop
      vertex -5.7869 21.3997 0.2
      vertex -5.7869 21.5998 0.2
      vertex -4.37425 21.5535 0.2
    endloop
  endfacet
  facet normal 0 0 -1
    outer loop
      vertex -7.18666 21.3539 0.2
      vertex -5.7869 21.5998 0.2
      vertex -5.7869 21.3997 0.2
    endloop
  endfacet
  facet normal 0 0 -1
    outer loop
      vertex -7.18666 21.3539 0.2
      vertex -7.19952 21.5535 0.2
      vertex -5.7869 21.5998 0.2
    endloop
  endfacet
  facet normal 0 0 -1
    outer loop
      vertex -8.61737 21.4139 0.2
      vertex -7.18666 21.3539 0.2
      vertex -8.59682 21.215 0.2
    endloop
  endfacet
  facet normal 0 0 -1
    outer loop
      vertex -7.18666 21.3539 0.2
      vertex -8.61737 21.4139 0.2
      vertex -7.19952 21.5535 0.2
    endloop
  endfacet
  facet normal 0 0 -1
    outer loop
      vertex -71.9305 14.6733 0.2
      vertex -8.61737 21.4139 0.2
      vertex -8.59682 21.215 0.2
    endloop
  endfacet
  facet normal 0 0 -1
    outer loop
      vertex -71.9305 14.6733 0.2
      vertex -71.957 14.8716 0.2
      vertex -8.61737 21.4139 0.2
    endloop
  endfacet
  facet normal 0 0 -1
    outer loop
      vertex -72.8873 14.5153 0.2
      vertex -71.957 14.8716 0.2
      vertex -71.9305 14.6733 0.2
    endloop
  endfacet
  facet normal 0 0 -1
    outer loop
      vertex -72.8873 14.5153 0.2
      vertex -72.9262 14.7116 0.2
      vertex -71.957 14.8716 0.2
    endloop
  endfacet
  facet normal 0 0 -1
    outer loop
      vertex -73.8303 14.2954 0.2
      vertex -72.9262 14.7116 0.2
      vertex -72.8873 14.5153 0.2
    endloop
  endfacet
  facet normal 0 0 -1
    outer loop
      vertex -73.8303 14.2954 0.2
      vertex -73.8823 14.4886 0.2
      vertex -72.9262 14.7116 0.2
    endloop
  endfacet
  facet normal 0 0 -1
    outer loop
      vertex -74.7574 14.0142 0.2
      vertex -73.8823 14.4886 0.2
      vertex -73.8303 14.2954 0.2
    endloop
  endfacet
  facet normal 0 0 -1
    outer loop
      vertex -74.7574 14.0142 0.2
      vertex -74.8216 14.2037 0.2
      vertex -73.8823 14.4886 0.2
    endloop
  endfacet
  facet normal 0 0 -1
    outer loop
      vertex -75.6635 13.6732 0.2
      vertex -74.8216 14.2037 0.2
      vertex -74.7574 14.0142 0.2
    endloop
  endfacet
  facet normal 0 0 -1
    outer loop
      vertex -75.6635 13.6732 0.2
      vertex -75.7401 13.858 0.2
      vertex -74.8216 14.2037 0.2
    endloop
  endfacet
  facet normal 0 0 -1
    outer loop
      vertex -76.5457 13.2734 0.2
      vertex -75.7401 13.858 0.2
      vertex -75.6635 13.6732 0.2
    endloop
  endfacet
  facet normal 0 0 -1
    outer loop
      vertex -76.5457 13.2734 0.2
      vertex -76.6343 13.4528 0.2
      vertex -75.7401 13.858 0.2
    endloop
  endfacet
  facet normal 0 0 -1
    outer loop
      vertex -77.4 12.8168 0.2
      vertex -76.6343 13.4528 0.2
      vertex -76.5457 13.2734 0.2
    endloop
  endfacet
  facet normal 0 0 -1
    outer loop
      vertex -77.4 12.8168 0.2
      vertex -77.4999 12.9902 0.2
      vertex -76.6343 13.4528 0.2
    endloop
  endfacet
  facet normal 0 0 -1
    outer loop
      vertex -78.2221 12.3056 0.2
      vertex -77.4999 12.9902 0.2
      vertex -77.4 12.8168 0.2
    endloop
  endfacet
  facet normal 0 0 -1
    outer loop
      vertex -78.2221 12.3056 0.2
      vertex -78.3335 12.4718 0.2
      vertex -77.4999 12.9902 0.2
    endloop
  endfacet
  facet normal 0 0 -1
    outer loop
      vertex -79.0095 11.7413 0.2
      vertex -78.3335 12.4718 0.2
      vertex -78.2221 12.3056 0.2
    endloop
  endfacet
  facet normal 0 0 -1
    outer loop
      vertex -79.0095 11.7413 0.2
      vertex -79.1312 11.9002 0.2
      vertex -78.3335 12.4718 0.2
    endloop
  endfacet
  facet normal 0 0 -1
    outer loop
      vertex -79.7582 11.1269 0.2
      vertex -79.1312 11.9002 0.2
      vertex -79.0095 11.7413 0.2
    endloop
  endfacet
  facet normal 0 0 -1
    outer loop
      vertex -79.7582 11.1269 0.2
      vertex -79.89 11.2775 0.2
      vertex -79.1312 11.9002 0.2
    endloop
  endfacet
  facet normal 0 0 -1
    outer loop
      vertex -80.465 10.465 0.2
      vertex -79.89 11.2775 0.2
      vertex -79.7582 11.1269 0.2
    endloop
  endfacet
  facet normal 0 0 -1
    outer loop
      vertex -80.465 10.465 0.2
      vertex -80.6064 10.6064 0.2
      vertex -79.89 11.2775 0.2
    endloop
  endfacet
  facet normal 0 0 -1
    outer loop
      vertex -81.1269 9.75821 0.2
      vertex -80.6064 10.6064 0.2
      vertex -80.465 10.465 0.2
    endloop
  endfacet
  facet normal 0 0 -1
    outer loop
      vertex -81.1269 9.75821 0.2
      vertex -81.2775 9.89 0.2
      vertex -80.6064 10.6064 0.2
    endloop
  endfacet
  facet normal 0 0 -1
    outer loop
      vertex -81.7413 9.00948 0.2
      vertex -81.2775 9.89 0.2
      vertex -81.1269 9.75821 0.2
    endloop
  endfacet
  facet normal 0 0 -1
    outer loop
      vertex -81.7413 9.00948 0.2
      vertex -81.9002 9.13124 0.2
      vertex -81.2775 9.89 0.2
    endloop
  endfacet
  facet normal 0 0 -1
    outer loop
      vertex -82.3056 8.22211 0.2
      vertex -81.9002 9.13124 0.2
      vertex -81.7413 9.00948 0.2
    endloop
  endfacet
  facet normal 0 0 -1
    outer loop
      vertex -82.3056 8.22211 0.2
      vertex -82.4718 8.33345 0.2
      vertex -81.9002 9.13124 0.2
    endloop
  endfacet
  facet normal 0 0 -1
    outer loop
      vertex -82.8168 7.39996 0.2
      vertex -82.4718 8.33345 0.2
      vertex -82.3056 8.22211 0.2
    endloop
  endfacet
  facet normal 0 0 -1
    outer loop
      vertex -82.8168 7.39996 0.2
      vertex -82.9902 7.49991 0.2
      vertex -82.4718 8.33345 0.2
    endloop
  endfacet
  facet normal 0 0 -1
    outer loop
      vertex -83.2734 6.54568 0.2
      vertex -82.9902 7.49991 0.2
      vertex -82.8168 7.39996 0.2
    endloop
  endfacet
  facet normal 0 0 -1
    outer loop
      vertex -83.2734 6.54568 0.2
      vertex -83.4528 6.63432 0.2
      vertex -82.9902 7.49991 0.2
    endloop
  endfacet
  facet normal 0 0 -1
    outer loop
      vertex -83.6732 5.66347 0.2
      vertex -83.4528 6.63432 0.2
      vertex -83.2734 6.54568 0.2
    endloop
  endfacet
  facet normal 0 0 -1
    outer loop
      vertex -83.6732 5.66347 0.2
      vertex -83.858 5.74005 0.2
      vertex -83.4528 6.63432 0.2
    endloop
  endfacet
  facet normal 0 0 -1
    outer loop
      vertex -84.0142 4.75735 0.2
      vertex -83.858 5.74005 0.2
      vertex -83.6732 5.66347 0.2
    endloop
  endfacet
  facet normal 0 0 -1
    outer loop
      vertex -84.0142 4.75735 0.2
      vertex -84.2037 4.82161 0.2
      vertex -83.858 5.74005 0.2
    endloop
  endfacet
  facet normal 0 0 -1
    outer loop
      vertex -84.2954 3.83026 0.2
      vertex -84.2037 4.82161 0.2
      vertex -84.0142 4.75735 0.2
    endloop
  endfacet
  facet normal 0 0 -1
    outer loop
      vertex -84.2954 3.83026 0.2
      vertex -84.4886 3.88229 0.2
      vertex -84.2037 4.82161 0.2
    endloop
  endfacet
  facet normal 0 0 -1
    outer loop
      vertex -84.5153 2.88728 0.2
      vertex -84.4886 3.88229 0.2
      vertex -84.2954 3.83026 0.2
    endloop
  endfacet
  facet normal 0 0 -1
    outer loop
      vertex -84.7116 2.92616 0.2
      vertex -84.5153 2.88728 0.2
      vertex -84.6731 1.93175 0.2
    endloop
  endfacet
  facet normal 0 0 -1
    outer loop
      vertex -84.5153 2.88728 0.2
      vertex -84.7116 2.92616 0.2
      vertex -84.4886 3.88229 0.2
    endloop
  endfacet
  facet normal 0 0 -1
    outer loop
      vertex -84.8715 1.95784 0.2
      vertex -84.6731 1.93175 0.2
      vertex -84.768 0.968109 0.2
    endloop
  endfacet
  facet normal 0 0 -1
    outer loop
      vertex -84.9677 0.981003 0.2
      vertex -84.768 0.968109 0.2
      vertex -84.7997 0 0.2
    endloop
  endfacet
  facet normal -0 0 -1
    outer loop
      vertex -84.768 -0.968109 0.2
      vertex -84.9677 -0.981003 0.2
      vertex -84.7997 0 0.2
    endloop
  endfacet
  facet normal 0 0 -1
    outer loop
      vertex -84.6731 1.93175 0.2
      vertex -84.8715 1.95784 0.2
      vertex -84.7116 2.92616 0.2
    endloop
  endfacet
  facet normal 0 0 -1
    outer loop
      vertex -84.9998 0 0.2
      vertex -84.7997 0 0.2
      vertex -84.9677 -0.981003 0.2
    endloop
  endfacet
  facet normal 0 0 -1
    outer loop
      vertex -84.768 0.968109 0.2
      vertex -84.9677 0.981003 0.2
      vertex -84.8715 1.95784 0.2
    endloop
  endfacet
  facet normal 0 0 -1
    outer loop
      vertex -84.7997 0 0.2
      vertex -84.9998 0 0.2
      vertex -84.9677 0.981003 0.2
    endloop
  endfacet
  facet normal 0.0327577 0.999463 -0
    outer loop
      vertex -4.37425 21.5535 0.2
      vertex -5.7869 21.5998 0.4
      vertex -4.37425 21.5535 0.4
    endloop
  endfacet
  facet normal 0.0327577 0.999463 0
    outer loop
      vertex -5.7869 21.5998 0.4
      vertex -4.37425 21.5535 0.2
      vertex -5.7869 21.5998 0.2
    endloop
  endfacet
  facet normal 0.528064 0.849204 -0
    outer loop
      vertex 6.21332 17.9595 0.2
      vertex 5.013 18.7059 0.4
      vertex 6.21332 17.9595 0.4
    endloop
  endfacet
  facet normal 0.528064 0.849204 0
    outer loop
      vertex 5.013 18.7059 0.4
      vertex 6.21332 17.9595 0.2
      vertex 5.013 18.7059 0.2
    endloop
  endfacet
  facet normal -0.88195 -0.471343 0
    outer loop
      vertex -82.9902 -7.49991 0.2
      vertex -83.4528 -6.63432 0.4
      vertex -83.4528 -6.63432 0.2
    endloop
  endfacet
  facet normal -0.88195 -0.471343 0
    outer loop
      vertex -83.4528 -6.63432 0.4
      vertex -82.9902 -7.49991 0.2
      vertex -82.9902 -7.49991 0.4
    endloop
  endfacet
  facet normal 0.999463 -0.0327575 0
    outer loop
      vertex 15.7666 -1.41266 0.4
      vertex 15.8129 0 0.2
      vertex 15.8129 0 0.4
    endloop
  endfacet
  facet normal 0.999463 -0.0327575 0
    outer loop
      vertex 15.8129 0 0.2
      vertex 15.7666 -1.41266 0.4
      vertex 15.7666 -1.41266 0.2
    endloop
  endfacet
  facet normal 0.97388 0.227064 0
    outer loop
      vertex 15.3979 4.21373 0.4
      vertex 15.0769 5.5905 0.2
      vertex 15.0769 5.5905 0.4
    endloop
  endfacet
  facet normal 0.97388 0.227064 0
    outer loop
      vertex 15.0769 5.5905 0.2
      vertex 15.3979 4.21373 0.4
      vertex 15.3979 4.21373 0.2
    endloop
  endfacet
  facet normal 0.582452 0.812865 -0
    outer loop
      vertex 7.36217 17.1363 0.2
      vertex 6.21332 17.9595 0.4
      vertex 7.36217 17.1363 0.4
    endloop
  endfacet
  facet normal 0.582452 0.812865 0
    outer loop
      vertex 6.21332 17.9595 0.4
      vertex 7.36217 17.1363 0.2
      vertex 6.21332 17.9595 0.2
    endloop
  endfacet
  facet normal -0.683656 0.729804 0
    outer loop
      vertex -79.89 11.2775 0.2
      vertex -80.6064 10.6064 0.4
      vertex -79.89 11.2775 0.4
    endloop
  endfacet
  facet normal -0.683656 0.729804 0
    outer loop
      vertex -80.6064 10.6064 0.4
      vertex -79.89 11.2775 0.2
      vertex -80.6064 10.6064 0.2
    endloop
  endfacet
  facet normal -0.729804 -0.683656 0
    outer loop
      vertex -80.6064 -10.6064 0.2
      vertex -81.2775 -9.89 0.4
      vertex -81.2775 -9.89 0.2
    endloop
  endfacet
  facet normal -0.729804 -0.683656 0
    outer loop
      vertex -81.2775 -9.89 0.4
      vertex -80.6064 -10.6064 0.2
      vertex -80.6064 -10.6064 0.4
    endloop
  endfacet
  facet normal 0.986645 -0.162886 0
    outer loop
      vertex 15.3979 -4.21373 0.4
      vertex 15.6281 -2.81935 0.2
      vertex 15.6281 -2.81935 0.4
    endloop
  endfacet
  facet normal 0.986645 -0.162886 0
    outer loop
      vertex 15.6281 -2.81935 0.2
      vertex 15.3979 -4.21373 0.4
      vertex 15.3979 -4.21373 0.2
    endloop
  endfacet
  facet normal 0.227076 0.973877 -0
    outer loop
      vertex -0.196457 20.8638 0.2
      vertex -1.57315 21.1848 0.4
      vertex -0.196457 20.8638 0.4
    endloop
  endfacet
  facet normal 0.227076 0.973877 0
    outer loop
      vertex -1.57315 21.1848 0.4
      vertex -0.196457 20.8638 0.2
      vertex -1.57315 21.1848 0.2
    endloop
  endfacet
  facet normal -0.935898 -0.352271 0
    outer loop
      vertex -83.858 -5.74005 0.2
      vertex -84.2037 -4.82161 0.4
      vertex -84.2037 -4.82161 0.2
    endloop
  endfacet
  facet normal -0.935898 -0.352271 0
    outer loop
      vertex -84.2037 -4.82161 0.4
      vertex -83.858 -5.74005 0.2
      vertex -83.858 -5.74005 0.4
    endloop
  endfacet
  facet normal 0.986645 0.162886 0
    outer loop
      vertex 15.6281 2.81935 0.4
      vertex 15.3979 4.21373 0.2
      vertex 15.3979 4.21373 0.4
    endloop
  endfacet
  facet normal 0.986645 0.162886 0
    outer loop
      vertex 15.3979 4.21373 0.2
      vertex 15.6281 2.81935 0.4
      vertex 15.6281 2.81935 0.2
    endloop
  endfacet
  facet normal -0.995186 -0.098007 0
    outer loop
      vertex -84.8715 -1.95784 0.2
      vertex -84.9677 -0.981003 0.4
      vertex -84.9677 -0.981003 0.2
    endloop
  endfacet
  facet normal -0.995186 -0.098007 0
    outer loop
      vertex -84.9677 -0.981003 0.4
      vertex -84.8715 -1.95784 0.2
      vertex -84.8715 -1.95784 0.4
    endloop
  endfacet
  facet normal -0.88195 0.471343 0
    outer loop
      vertex -83.4528 6.63432 0.2
      vertex -82.9902 7.49991 0.4
      vertex -82.9902 7.49991 0.2
    endloop
  endfacet
  facet normal -0.88195 0.471343 0
    outer loop
      vertex -82.9902 7.49991 0.4
      vertex -83.4528 6.63432 0.2
      vertex -83.4528 6.63432 0.4
    endloop
  endfacet
  facet normal -0.999465 -0.0327041 0
    outer loop
      vertex -84.9677 -0.981003 0.2
      vertex -84.9998 0 0.4
      vertex -84.9998 0 0.2
    endloop
  endfacet
  facet normal -0.999465 -0.0327041 0
    outer loop
      vertex -84.9998 0 0.4
      vertex -84.9677 -0.981003 0.2
      vertex -84.9677 -0.981003 0.4
    endloop
  endfacet
  facet normal 0.528064 -0.849204 0
    outer loop
      vertex 5.013 -18.7059 0.2
      vertex 6.21332 -17.9595 0.4
      vertex 5.013 -18.7059 0.4
    endloop
  endfacet
  facet normal 0.528064 -0.849204 0
    outer loop
      vertex 6.21332 -17.9595 0.4
      vertex 5.013 -18.7059 0.2
      vertex 6.21332 -17.9595 0.2
    endloop
  endfacet
  facet normal 0.935886 -0.352303 0
    outer loop
      vertex 14.1687 -8.26576 0.4
      vertex 14.6666 -6.9431 0.2
      vertex 14.6666 -6.9431 0.4
    endloop
  endfacet
  facet normal 0.935886 -0.352303 0
    outer loop
      vertex 14.6666 -6.9431 0.2
      vertex 14.1687 -8.26576 0.4
      vertex 14.1687 -8.26576 0.2
    endloop
  endfacet
  facet normal 0.412686 0.910873 -0
    outer loop
      vertex 3.76654 19.3722 0.2
      vertex 2.47887 19.9556 0.4
      vertex 3.76654 19.3722 0.4
    endloop
  endfacet
  facet normal 0.412686 0.910873 0
    outer loop
      vertex 2.47887 19.9556 0.4
      vertex 3.76654 19.3722 0.2
      vertex 2.47887 19.9556 0.2
    endloop
  endfacet
  facet normal 0.471426 0.881906 -0
    outer loop
      vertex 5.013 18.7059 0.2
      vertex 3.76654 19.3722 0.4
      vertex 5.013 18.7059 0.4
    endloop
  endfacet
  facet normal 0.471426 0.881906 0
    outer loop
      vertex 3.76654 19.3722 0.4
      vertex 5.013 18.7059 0.2
      vertex 3.76654 19.3722 0.2
    endloop
  endfacet
  facet normal 0.162889 0.986644 -0
    outer loop
      vertex -1.57315 21.1848 0.2
      vertex -2.96751 21.415 0.4
      vertex -1.57315 21.1848 0.4
    endloop
  endfacet
  facet normal 0.162889 0.986644 0
    outer loop
      vertex -2.96751 21.415 0.4
      vertex -1.57315 21.1848 0.2
      vertex -2.96751 21.415 0.2
    endloop
  endfacet
  facet normal 0.634397 0.773007 -0
    outer loop
      vertex 8.45479 16.2396 0.2
      vertex 7.36217 17.1363 0.4
      vertex 8.45479 16.2396 0.4
    endloop
  endfacet
  facet normal 0.634397 0.773007 0
    outer loop
      vertex 7.36217 17.1363 0.4
      vertex 8.45479 16.2396 0.2
      vertex 7.36217 17.1363 0.2
    endloop
  endfacet
  facet normal -0.956952 0.290248 0
    outer loop
      vertex -84.4886 3.88229 0.2
      vertex -84.2037 4.82161 0.4
      vertex -84.2037 4.82161 0.2
    endloop
  endfacet
  facet normal -0.956952 0.290248 0
    outer loop
      vertex -84.2037 4.82161 0.4
      vertex -84.4886 3.88229 0.2
      vertex -84.4886 3.88229 0.4
    endloop
  endfacet
  facet normal 0.935886 0.352303 0
    outer loop
      vertex 14.6666 6.9431 0.4
      vertex 14.1687 8.26576 0.2
      vertex 14.1687 8.26576 0.4
    endloop
  endfacet
  facet normal 0.935886 0.352303 0
    outer loop
      vertex 14.1687 8.26576 0.2
      vertex 14.6666 6.9431 0.4
      vertex 14.6666 6.9431 0.2
    endloop
  endfacet
  facet normal -0.582462 -0.812858 0
    outer loop
      vertex -79.1312 -11.9002 0.2
      vertex -78.3335 -12.4718 0.4
      vertex -79.1312 -11.9002 0.4
    endloop
  endfacet
  facet normal -0.582462 -0.812858 -0
    outer loop
      vertex -78.3335 -12.4718 0.4
      vertex -79.1312 -11.9002 0.2
      vertex -78.3335 -12.4718 0.2
    endloop
  endfacet
  facet normal -0.973863 -0.227136 0
    outer loop
      vertex -84.4886 -3.88229 0.2
      vertex -84.7116 -2.92616 0.4
      vertex -84.7116 -2.92616 0.2
    endloop
  endfacet
  facet normal -0.973863 -0.227136 0
    outer loop
      vertex -84.7116 -2.92616 0.4
      vertex -84.4886 -3.88229 0.2
      vertex -84.4886 -3.88229 0.4
    endloop
  endfacet
  facet normal -0.986638 -0.162925 0
    outer loop
      vertex -84.7116 -2.92616 0.2
      vertex -84.8715 -1.95784 0.4
      vertex -84.8715 -1.95784 0.2
    endloop
  endfacet
  facet normal -0.986638 -0.162925 0
    outer loop
      vertex -84.8715 -1.95784 0.4
      vertex -84.7116 -2.92616 0.2
      vertex -84.7116 -2.92616 0.4
    endloop
  endfacet
  facet normal -0.634374 -0.773026 0
    outer loop
      vertex -79.89 -11.2775 0.2
      vertex -79.1312 -11.9002 0.4
      vertex -79.89 -11.2775 0.4
    endloop
  endfacet
  facet normal -0.634374 -0.773026 -0
    outer loop
      vertex -79.1312 -11.9002 0.4
      vertex -79.89 -11.2775 0.2
      vertex -79.1312 -11.9002 0.2
    endloop
  endfacet
  facet normal 0.956942 0.29028 0
    outer loop
      vertex 15.0769 5.5905 0.4
      vertex 14.6666 6.9431 0.2
      vertex 14.6666 6.9431 0.4
    endloop
  endfacet
  facet normal 0.956942 0.29028 0
    outer loop
      vertex 14.6666 6.9431 0.2
      vertex 15.0769 5.5905 0.4
      vertex 15.0769 5.5905 0.2
    endloop
  endfacet
  facet normal 0.812843 0.582482 0
    outer loop
      vertex 12.1727 12.0002 0.4
      vertex 11.3494 13.1491 0.2
      vertex 11.3494 13.1491 0.4
    endloop
  endfacet
  facet normal 0.812843 0.582482 0
    outer loop
      vertex 11.3494 13.1491 0.2
      vertex 12.1727 12.0002 0.4
      vertex 12.1727 12.0002 0.2
    endloop
  endfacet
  facet normal 0.881935 0.471371 0
    outer loop
      vertex 13.5853 9.55344 0.4
      vertex 12.9191 10.7999 0.2
      vertex 12.9191 10.7999 0.4
    endloop
  endfacet
  facet normal 0.881935 0.471371 0
    outer loop
      vertex 12.9191 10.7999 0.2
      vertex 13.5853 9.55344 0.4
      vertex 13.5853 9.55344 0.2
    endloop
  endfacet
  facet normal -0.0327584 0.999463 0
    outer loop
      vertex -5.7869 21.5998 0.2
      vertex -7.19952 21.5535 0.4
      vertex -5.7869 21.5998 0.4
    endloop
  endfacet
  facet normal -0.0327584 0.999463 0
    outer loop
      vertex -7.19952 21.5535 0.4
      vertex -5.7869 21.5998 0.2
      vertex -7.19952 21.5535 0.2
    endloop
  endfacet
  facet normal 0.582452 -0.812865 0
    outer loop
      vertex 6.21332 -17.9595 0.2
      vertex 7.36217 -17.1363 0.4
      vertex 6.21332 -17.9595 0.4
    endloop
  endfacet
  facet normal 0.582452 -0.812865 0
    outer loop
      vertex 7.36217 -17.1363 0.4
      vertex 6.21332 -17.9595 0.2
      vertex 7.36217 -17.1363 0.2
    endloop
  endfacet
  facet normal -0.910859 0.412717 0
    outer loop
      vertex -83.858 5.74005 0.2
      vertex -83.4528 6.63432 0.4
      vertex -83.4528 6.63432 0.2
    endloop
  endfacet
  facet normal -0.910859 0.412717 0
    outer loop
      vertex -83.4528 6.63432 0.4
      vertex -83.858 5.74005 0.2
      vertex -83.858 5.74005 0.4
    endloop
  endfacet
  facet normal 0.352255 -0.935904 0
    outer loop
      vertex 1.15627 -20.4534 0.2
      vertex 2.47887 -19.9556 0.4
      vertex 1.15627 -20.4534 0.4
    endloop
  endfacet
  facet normal 0.352255 -0.935904 0
    outer loop
      vertex 2.47887 -19.9556 0.4
      vertex 1.15627 -20.4534 0.2
      vertex 2.47887 -19.9556 0.2
    endloop
  endfacet
  facet normal -0.582462 0.812858 0
    outer loop
      vertex -78.3335 12.4718 0.2
      vertex -79.1312 11.9002 0.4
      vertex -78.3335 12.4718 0.4
    endloop
  endfacet
  facet normal -0.582462 0.812858 0
    outer loop
      vertex -79.1312 11.9002 0.4
      vertex -78.3335 12.4718 0.2
      vertex -79.1312 11.9002 0.2
    endloop
  endfacet
  facet normal -0.935898 0.352271 0
    outer loop
      vertex -84.2037 4.82161 0.2
      vertex -83.858 5.74005 0.4
      vertex -83.858 5.74005 0.2
    endloop
  endfacet
  facet normal -0.935898 0.352271 0
    outer loop
      vertex -83.858 5.74005 0.4
      vertex -84.2037 4.82161 0.2
      vertex -84.2037 4.82161 0.4
    endloop
  endfacet
  facet normal 0.683609 0.729848 -0
    outer loop
      vertex 9.48645 15.2733 0.2
      vertex 8.45479 16.2396 0.4
      vertex 9.48645 15.2733 0.4
    endloop
  endfacet
  facet normal 0.683609 0.729848 0
    outer loop
      vertex 8.45479 16.2396 0.4
      vertex 9.48645 15.2733 0.2
      vertex 8.45479 16.2396 0.2
    endloop
  endfacet
  facet normal 0.8492 -0.528071 0
    outer loop
      vertex 12.1727 -12.0002 0.4
      vertex 12.9191 -10.7999 0.2
      vertex 12.9191 -10.7999 0.4
    endloop
  endfacet
  facet normal 0.8492 -0.528071 0
    outer loop
      vertex 12.9191 -10.7999 0.2
      vertex 12.1727 -12.0002 0.4
      vertex 12.1727 -12.0002 0.2
    endloop
  endfacet
  facet normal 0.729846 0.683612 0
    outer loop
      vertex 10.4527 14.2417 0.4
      vertex 9.48645 15.2733 0.2
      vertex 9.48645 15.2733 0.4
    endloop
  endfacet
  facet normal 0.729846 0.683612 0
    outer loop
      vertex 9.48645 15.2733 0.2
      vertex 10.4527 14.2417 0.4
      vertex 10.4527 14.2417 0.2
    endloop
  endfacet
  facet normal 0.773001 -0.634404 0
    outer loop
      vertex 10.4527 -14.2417 0.4
      vertex 11.3494 -13.1491 0.2
      vertex 11.3494 -13.1491 0.4
    endloop
  endfacet
  facet normal 0.773001 -0.634404 0
    outer loop
      vertex 11.3494 -13.1491 0.2
      vertex 10.4527 -14.2417 0.4
      vertex 10.4527 -14.2417 0.2
    endloop
  endfacet
  facet normal -0.910859 -0.412717 0
    outer loop
      vertex -83.4528 -6.63432 0.2
      vertex -83.858 -5.74005 0.4
      vertex -83.858 -5.74005 0.2
    endloop
  endfacet
  facet normal -0.910859 -0.412717 0
    outer loop
      vertex -83.858 -5.74005 0.4
      vertex -83.4528 -6.63432 0.2
      vertex -83.4528 -6.63432 0.4
    endloop
  endfacet
  facet normal 0.910875 0.412683 0
    outer loop
      vertex 14.1687 8.26576 0.4
      vertex 13.5853 9.55344 0.2
      vertex 13.5853 9.55344 0.4
    endloop
  endfacet
  facet normal 0.910875 0.412683 0
    outer loop
      vertex 13.5853 9.55344 0.2
      vertex 14.1687 8.26576 0.4
      vertex 14.1687 8.26576 0.2
    endloop
  endfacet
  facet normal -0.812889 -0.582418 0
    outer loop
      vertex -81.9002 -9.13124 0.2
      vertex -82.4718 -8.33345 0.4
      vertex -82.4718 -8.33345 0.2
    endloop
  endfacet
  facet normal -0.812889 -0.582418 0
    outer loop
      vertex -82.4718 -8.33345 0.4
      vertex -81.9002 -9.13124 0.2
      vertex -81.9002 -9.13124 0.4
    endloop
  endfacet
  facet normal 0.910875 -0.412683 0
    outer loop
      vertex 13.5853 -9.55344 0.4
      vertex 14.1687 -8.26576 0.2
      vertex 14.1687 -8.26576 0.4
    endloop
  endfacet
  facet normal 0.910875 -0.412683 0
    outer loop
      vertex 14.1687 -8.26576 0.2
      vertex 13.5853 -9.55344 0.4
      vertex 13.5853 -9.55344 0.2
    endloop
  endfacet
  facet normal 0.683609 -0.729848 0
    outer loop
      vertex 8.45479 -16.2396 0.2
      vertex 9.48645 -15.2733 0.4
      vertex 8.45479 -16.2396 0.4
    endloop
  endfacet
  facet normal 0.683609 -0.729848 0
    outer loop
      vertex 9.48645 -15.2733 0.4
      vertex 8.45479 -16.2396 0.2
      vertex 9.48645 -15.2733 0.2
    endloop
  endfacet
  facet normal 0.634397 -0.773007 0
    outer loop
      vertex 7.36217 -17.1363 0.2
      vertex 8.45479 -16.2396 0.4
      vertex 7.36217 -17.1363 0.4
    endloop
  endfacet
  facet normal 0.634397 -0.773007 0
    outer loop
      vertex 8.45479 -16.2396 0.4
      vertex 7.36217 -17.1363 0.2
      vertex 8.45479 -16.2396 0.2
    endloop
  endfacet
  facet normal 0.956942 -0.29028 0
    outer loop
      vertex 14.6666 -6.9431 0.4
      vertex 15.0769 -5.5905 0.2
      vertex 15.0769 -5.5905 0.4
    endloop
  endfacet
  facet normal 0.956942 -0.29028 0
    outer loop
      vertex 15.0769 -5.5905 0.2
      vertex 14.6666 -6.9431 0.4
      vertex 14.6666 -6.9431 0.2
    endloop
  endfacet
  facet normal 0.412686 -0.910873 0
    outer loop
      vertex 2.47887 -19.9556 0.2
      vertex 3.76654 -19.3722 0.4
      vertex 2.47887 -19.9556 0.4
    endloop
  endfacet
  facet normal 0.412686 -0.910873 0
    outer loop
      vertex 3.76654 -19.3722 0.4
      vertex 2.47887 -19.9556 0.2
      vertex 3.76654 -19.3722 0.2
    endloop
  endfacet
  facet normal 0.29032 -0.95693 0
    outer loop
      vertex -0.196457 -20.8638 0.2
      vertex 1.15627 -20.4534 0.4
      vertex -0.196457 -20.8638 0.4
    endloop
  endfacet
  facet normal 0.29032 -0.95693 0
    outer loop
      vertex 1.15627 -20.4534 0.4
      vertex -0.196457 -20.8638 0.2
      vertex 1.15627 -20.4534 0.2
    endloop
  endfacet
  facet normal 0.227048 -0.973884 0
    outer loop
      vertex -1.534 -21.381 0.4
      vertex -0.144684 -21.0571 0.599999
      vertex -1.534 -21.381 0.599999
    endloop
  endfacet
  facet normal 0.227048 -0.973884 0
    outer loop
      vertex -0.144684 -21.0571 0.599999
      vertex -1.534 -21.381 0.4
      vertex -0.144684 -21.0571 0.4
    endloop
  endfacet
  facet normal -0.995194 0.0979194 0
    outer loop
      vertex -85.1673 0.994095 0.4
      vertex -85.0699 1.98401 0.599999
      vertex -85.0699 1.98401 0.4
    endloop
  endfacet
  facet normal -0.995194 0.0979194 0
    outer loop
      vertex -85.0699 1.98401 0.599999
      vertex -85.1673 0.994095 0.4
      vertex -85.1673 0.994095 0.599999
    endloop
  endfacet
  facet normal 0.986639 -0.16292 0
    outer loop
      vertex 15.5941 -4.25288 0.599999
      vertex 15.8265 -2.84547 0.4
      vertex 15.8265 -2.84547 0.599999
    endloop
  endfacet
  facet normal 0.986639 -0.16292 0
    outer loop
      vertex 15.8265 -2.84547 0.4
      vertex 15.5941 -4.25288 0.599999
      vertex 15.5941 -4.25288 0.4
    endloop
  endfacet
  facet normal 0.582444 0.812871 -0
    outer loop
      vertex 7.48407 17.295 0.4
      vertex 6.32445 18.1259 0.599999
      vertex 7.48407 17.295 0.599999
    endloop
  endfacet
  facet normal 0.582444 0.812871 0
    outer loop
      vertex 6.32445 18.1259 0.599999
      vertex 7.48407 17.295 0.4
      vertex 6.32445 18.1259 0.4
    endloop
  endfacet
  facet normal 0.412712 0.910862 -0
    outer loop
      vertex 3.85481 19.5518 0.4
      vertex 2.55554 20.1405 0.599999
      vertex 3.85481 19.5518 0.599999
    endloop
  endfacet
  facet normal 0.412712 0.910862 0
    outer loop
      vertex 2.55554 20.1405 0.599999
      vertex 3.85481 19.5518 0.4
      vertex 2.55554 20.1405 0.4
    endloop
  endfacet
  facet normal -0.0327376 -0.999464 0
    outer loop
      vertex -7.21263 -21.7532 0.4
      vertex -5.7869 -21.7999 0.599999
      vertex -7.21263 -21.7532 0.599999
    endloop
  endfacet
  facet normal -0.0327376 -0.999464 -0
    outer loop
      vertex -5.7869 -21.7999 0.599999
      vertex -7.21263 -21.7532 0.4
      vertex -5.7869 -21.7999 0.4
    endloop
  endfacet
  facet normal -0.986628 0.162987 0
    outer loop
      vertex -85.0699 1.98401 0.4
      vertex -84.9078 2.96527 0.599999
      vertex -84.9078 2.96527 0.4
    endloop
  endfacet
  facet normal -0.986628 0.162987 0
    outer loop
      vertex -84.9078 2.96527 0.599999
      vertex -85.0699 1.98401 0.4
      vertex -85.0699 1.98401 0.599999
    endloop
  endfacet
  facet normal -0.162916 -0.98664 0
    outer loop
      vertex -72.9653 -14.9078 0.4
      vertex -71.9836 -15.0699 0.599999
      vertex -72.9653 -14.9078 0.599999
    endloop
  endfacet
  facet normal -0.162916 -0.98664 -0
    outer loop
      vertex -71.9836 -15.0699 0.599999
      vertex -72.9653 -14.9078 0.4
      vertex -71.9836 -15.0699 0.4
    endloop
  endfacet
  facet normal 0.412712 -0.910862 0
    outer loop
      vertex 2.55554 -20.1405 0.4
      vertex 3.85481 -19.5518 0.599999
      vertex 2.55554 -20.1405 0.599999
    endloop
  endfacet
  facet normal 0.412712 -0.910862 0
    outer loop
      vertex 3.85481 -19.5518 0.599999
      vertex 2.55554 -20.1405 0.4
      vertex 3.85481 -19.5518 0.4
    endloop
  endfacet
  facet normal 0.995187 -0.0979962 0
    outer loop
      vertex 15.8265 -2.84547 0.599999
      vertex 15.9663 -1.42575 0.4
      vertex 15.9663 -1.42575 0.599999
    endloop
  endfacet
  facet normal 0.995187 -0.0979962 0
    outer loop
      vertex 15.9663 -1.42575 0.4
      vertex 15.8265 -2.84547 0.599999
      vertex 15.8265 -2.84547 0.4
    endloop
  endfacet
  facet normal -0.102742 -0.994708 0
    outer loop
      vertex -71.9836 -15.0699 0.4
      vertex -8.63791 -21.6128 0.599999
      vertex -71.9836 -15.0699 0.599999
    endloop
  endfacet
  facet normal -0.102742 -0.994708 -0
    outer loop
      vertex -8.63791 -21.6128 0.599999
      vertex -71.9836 -15.0699 0.4
      vertex -8.63791 -21.6128 0.4
    endloop
  endfacet
  facet normal 0.227048 0.973884 -0
    outer loop
      vertex -0.144684 21.0571 0.4
      vertex -1.534 21.381 0.599999
      vertex -0.144684 21.0571 0.599999
    endloop
  endfacet
  facet normal 0.227048 0.973884 0
    outer loop
      vertex -1.534 21.381 0.599999
      vertex -0.144684 21.0571 0.4
      vertex -1.534 21.381 0.4
    endloop
  endfacet
  facet normal 0.973884 -0.227047 0
    outer loop
      vertex 15.2702 -5.6422 0.599999
      vertex 15.5941 -4.25288 0.4
      vertex 15.5941 -4.25288 0.599999
    endloop
  endfacet
  facet normal 0.973884 -0.227047 0
    outer loop
      vertex 15.5941 -4.25288 0.4
      vertex 15.2702 -5.6422 0.599999
      vertex 15.2702 -5.6422 0.4
    endloop
  endfacet
  facet normal -0.973893 -0.227006 0
    outer loop
      vertex -84.682 -3.93399 0.4
      vertex -84.9078 -2.96527 0.599999
      vertex -84.9078 -2.96527 0.4
    endloop
  endfacet
  facet normal -0.973893 -0.227006 0
    outer loop
      vertex -84.9078 -2.96527 0.599999
      vertex -84.682 -3.93399 0.4
      vertex -84.682 -3.93399 0.599999
    endloop
  endfacet
  facet normal -0.471371 0.881935 0
    outer loop
      vertex -76.7226 13.6324 0.4
      vertex -77.6001 13.1634 0.599999
      vertex -76.7226 13.6324 0.599999
    endloop
  endfacet
  facet normal -0.471371 0.881935 0
    outer loop
      vertex -77.6001 13.1634 0.599999
      vertex -76.7226 13.6324 0.4
      vertex -77.6001 13.1634 0.4
    endloop
  endfacet
  facet normal -0.0980325 -0.995183 0
    outer loop
      vertex -8.63791 -21.6128 0.4
      vertex -7.21263 -21.7532 0.599999
      vertex -8.63791 -21.6128 0.599999
    endloop
  endfacet
  facet normal -0.0980325 -0.995183 -0
    outer loop
      vertex -7.21263 -21.7532 0.599999
      vertex -8.63791 -21.6128 0.4
      vertex -7.21263 -21.7532 0.4
    endloop
  endfacet
  facet normal -0.812897 0.582407 0
    outer loop
      vertex -82.6382 8.44458 0.4
      vertex -82.0589 9.25314 0.599999
      vertex -82.0589 9.25314 0.4
    endloop
  endfacet
  facet normal -0.812897 0.582407 0
    outer loop
      vertex -82.0589 9.25314 0.599999
      vertex -82.6382 8.44458 0.4
      vertex -82.6382 8.44458 0.599999
    endloop
  endfacet
  facet normal -0.162916 0.98664 0
    outer loop
      vertex -71.9836 15.0699 0.4
      vertex -72.9653 14.9078 0.599999
      vertex -71.9836 15.0699 0.599999
    endloop
  endfacet
  facet normal -0.162916 0.98664 0
    outer loop
      vertex -72.9653 14.9078 0.599999
      vertex -71.9836 15.0699 0.4
      vertex -72.9653 14.9078 0.4
    endloop
  endfacet
  facet normal 0.0327371 -0.999464 0
    outer loop
      vertex -5.7869 -21.7999 0.4
      vertex -4.36115 -21.7532 0.599999
      vertex -5.7869 -21.7999 0.599999
    endloop
  endfacet
  facet normal 0.0327371 -0.999464 0
    outer loop
      vertex -4.36115 -21.7532 0.599999
      vertex -5.7869 -21.7999 0.4
      vertex -4.36115 -21.7532 0.4
    endloop
  endfacet
  facet normal 0.881897 -0.471442 0
    outer loop
      vertex 13.0923 -10.8999 0.599999
      vertex 13.7649 -9.64171 0.4
      vertex 13.7649 -9.64171 0.599999
    endloop
  endfacet
  facet normal 0.881897 -0.471442 0
    outer loop
      vertex 13.7649 -9.64171 0.4
      vertex 13.0923 -10.8999 0.599999
      vertex 13.0923 -10.8999 0.4
    endloop
  endfacet
  facet normal -0.0980325 0.995183 0
    outer loop
      vertex -7.21263 21.7532 0.4
      vertex -8.63791 21.6128 0.599999
      vertex -7.21263 21.7532 0.599999
    endloop
  endfacet
  facet normal -0.0980325 0.995183 0
    outer loop
      vertex -8.63791 21.6128 0.599999
      vertex -7.21263 21.7532 0.4
      vertex -8.63791 21.6128 0.4
    endloop
  endfacet
  facet normal -0.102742 0.994708 0
    outer loop
      vertex -8.63791 21.6128 0.4
      vertex -71.9836 15.0699 0.599999
      vertex -8.63791 21.6128 0.599999
    endloop
  endfacet
  facet normal -0.102742 0.994708 0
    outer loop
      vertex -71.9836 15.0699 0.599999
      vertex -8.63791 21.6128 0.4
      vertex -71.9836 15.0699 0.4
    endloop
  endfacet
  facet normal -0.290325 0.956928 0
    outer loop
      vertex -73.934 14.682 0.4
      vertex -74.8859 14.3932 0.599999
      vertex -73.934 14.682 0.599999
    endloop
  endfacet
  facet normal -0.290325 0.956928 0
    outer loop
      vertex -74.8859 14.3932 0.599999
      vertex -73.934 14.682 0.4
      vertex -74.8859 14.3932 0.4
    endloop
  endfacet
  facet normal -0.95693 0.29032 0
    outer loop
      vertex -84.682 3.93399 0.4
      vertex -84.3932 4.88591 0.599999
      vertex -84.3932 4.88591 0.4
    endloop
  endfacet
  facet normal -0.95693 0.29032 0
    outer loop
      vertex -84.3932 4.88591 0.599999
      vertex -84.682 3.93399 0.4
      vertex -84.682 3.93399 0.599999
    endloop
  endfacet
  facet normal 0.16292 -0.986639 0
    outer loop
      vertex -2.94141 -21.6134 0.4
      vertex -1.534 -21.381 0.599999
      vertex -2.94141 -21.6134 0.599999
    endloop
  endfacet
  facet normal 0.16292 -0.986639 0
    outer loop
      vertex -1.534 -21.381 0.599999
      vertex -2.94141 -21.6134 0.4
      vertex -1.534 -21.381 0.4
    endloop
  endfacet
  facet normal 0.812842 -0.582484 0
    outer loop
      vertex 11.5081 -13.271 0.599999
      vertex 12.339 -12.1115 0.4
      vertex 12.339 -12.1115 0.599999
    endloop
  endfacet
  facet normal 0.812842 -0.582484 0
    outer loop
      vertex 12.339 -12.1115 0.4
      vertex 11.5081 -13.271 0.599999
      vertex 11.5081 -13.271 0.4
    endloop
  endfacet
  facet normal 0.471401 -0.881919 0
    outer loop
      vertex 3.85481 -19.5518 0.4
      vertex 5.11314 -18.8792 0.599999
      vertex 3.85481 -19.5518 0.599999
    endloop
  endfacet
  facet normal 0.471401 -0.881919 0
    outer loop
      vertex 5.11314 -18.8792 0.599999
      vertex 3.85481 -19.5518 0.4
      vertex 5.11314 -18.8792 0.4
    endloop
  endfacet
  facet normal 0.999464 0.0327371 0
    outer loop
      vertex 16.013 0 0.599999
      vertex 15.9663 1.42575 0.4
      vertex 15.9663 1.42575 0.599999
    endloop
  endfacet
  facet normal 0.999464 0.0327371 0
    outer loop
      vertex 15.9663 1.42575 0.4
      vertex 16.013 0 0.599999
      vertex 16.013 0 0.4
    endloop
  endfacet
  facet normal 0.634395 -0.773009 0
    outer loop
      vertex 7.48407 -17.295 0.4
      vertex 8.58681 -16.39 0.599999
      vertex 7.48407 -17.295 0.599999
    endloop
  endfacet
  facet normal 0.634395 -0.773009 0
    outer loop
      vertex 8.58681 -16.39 0.599999
      vertex 7.48407 -17.295 0.4
      vertex 8.58681 -16.39 0.4
    endloop
  endfacet
  facet normal -0.22701 -0.973892 0
    outer loop
      vertex -73.934 -14.682 0.4
      vertex -72.9653 -14.9078 0.599999
      vertex -73.934 -14.682 0.599999
    endloop
  endfacet
  facet normal -0.22701 -0.973892 -0
    outer loop
      vertex -72.9653 -14.9078 0.599999
      vertex -73.934 -14.682 0.4
      vertex -72.9653 -14.9078 0.4
    endloop
  endfacet
  facet normal 0.528098 0.849184 -0
    outer loop
      vertex 6.32445 18.1259 0.4
      vertex 5.11314 18.8792 0.599999
      vertex 6.32445 18.1259 0.599999
    endloop
  endfacet
  facet normal 0.528098 0.849184 0
    outer loop
      vertex 5.11314 18.8792 0.599999
      vertex 6.32445 18.1259 0.4
      vertex 5.11314 18.8792 0.4
    endloop
  endfacet
  facet normal -0.352225 0.935915 0
    outer loop
      vertex -74.8859 14.3932 0.4
      vertex -75.8167 14.0429 0.599999
      vertex -74.8859 14.3932 0.599999
    endloop
  endfacet
  facet normal -0.352225 0.935915 0
    outer loop
      vertex -75.8167 14.0429 0.599999
      vertex -74.8859 14.3932 0.4
      vertex -75.8167 14.0429 0.4
    endloop
  endfacet
  facet normal -0.881924 -0.471391 0
    outer loop
      vertex -83.1634 -7.60005 0.4
      vertex -83.6324 -6.7226 0.599999
      vertex -83.6324 -6.7226 0.4
    endloop
  endfacet
  facet normal -0.881924 -0.471391 0
    outer loop
      vertex -83.6324 -6.7226 0.599999
      vertex -83.1634 -7.60005 0.4
      vertex -83.1634 -7.60005 0.599999
    endloop
  endfacet
  facet normal 0 0 -1
    outer loop
      vertex 15.8129 0 0.4
      vertex 16.013 0 0.4
      vertex 15.9663 -1.42575 0.4
    endloop
  endfacet
  facet normal 0 0 -1
    outer loop
      vertex 15.7666 -1.41266 0.4
      vertex 15.9663 -1.42575 0.4
      vertex 15.8265 -2.84547 0.4
    endloop
  endfacet
  facet normal 0 0 -1
    outer loop
      vertex 16.013 0 0.4
      vertex 15.8129 0 0.4
      vertex 15.9663 1.42575 0.4
    endloop
  endfacet
  facet normal 0 0 -1
    outer loop
      vertex 15.7666 1.41266 0.4
      vertex 15.9663 1.42575 0.4
      vertex 15.8129 0 0.4
    endloop
  endfacet
  facet normal 0 0 -1
    outer loop
      vertex 15.9663 -1.42575 0.4
      vertex 15.7666 -1.41266 0.4
      vertex 15.8129 0 0.4
    endloop
  endfacet
  facet normal 0 0 -1
    outer loop
      vertex 15.8265 -2.84547 0.4
      vertex 15.6281 -2.81935 0.4
      vertex 15.7666 -1.41266 0.4
    endloop
  endfacet
  facet normal 0 0 -1
    outer loop
      vertex 15.5941 -4.25288 0.4
      vertex 15.6281 -2.81935 0.4
      vertex 15.8265 -2.84547 0.4
    endloop
  endfacet
  facet normal 0 0 -1
    outer loop
      vertex 15.5941 -4.25288 0.4
      vertex 15.3979 -4.21373 0.4
      vertex 15.6281 -2.81935 0.4
    endloop
  endfacet
  facet normal 0 0 -1
    outer loop
      vertex 15.2702 -5.6422 0.4
      vertex 15.3979 -4.21373 0.4
      vertex 15.5941 -4.25288 0.4
    endloop
  endfacet
  facet normal 0 0 -1
    outer loop
      vertex 15.2702 -5.6422 0.4
      vertex 15.0769 -5.5905 0.4
      vertex 15.3979 -4.21373 0.4
    endloop
  endfacet
  facet normal 0 0 -1
    outer loop
      vertex 14.856 -7.0074 0.4
      vertex 15.0769 -5.5905 0.4
      vertex 15.2702 -5.6422 0.4
    endloop
  endfacet
  facet normal 0 0 -1
    outer loop
      vertex 14.856 -7.0074 0.4
      vertex 14.6666 -6.9431 0.4
      vertex 15.0769 -5.5905 0.4
    endloop
  endfacet
  facet normal 0 0 -1
    outer loop
      vertex 14.3536 -8.34244 0.4
      vertex 14.6666 -6.9431 0.4
      vertex 14.856 -7.0074 0.4
    endloop
  endfacet
  facet normal 0 0 -1
    outer loop
      vertex 14.3536 -8.34244 0.4
      vertex 14.1687 -8.26576 0.4
      vertex 14.6666 -6.9431 0.4
    endloop
  endfacet
  facet normal 0 0 -1
    outer loop
      vertex 13.7649 -9.64171 0.4
      vertex 14.1687 -8.26576 0.4
      vertex 14.3536 -8.34244 0.4
    endloop
  endfacet
  facet normal 0 0 -1
    outer loop
      vertex 13.7649 -9.64171 0.4
      vertex 13.5853 -9.55344 0.4
      vertex 14.1687 -8.26576 0.4
    endloop
  endfacet
  facet normal 0 0 -1
    outer loop
      vertex 13.0923 -10.8999 0.4
      vertex 13.5853 -9.55344 0.4
      vertex 13.7649 -9.64171 0.4
    endloop
  endfacet
  facet normal 0 0 -1
    outer loop
      vertex 13.0923 -10.8999 0.4
      vertex 12.9191 -10.7999 0.4
      vertex 13.5853 -9.55344 0.4
    endloop
  endfacet
  facet normal 0 0 -1
    outer loop
      vertex 12.339 -12.1115 0.4
      vertex 12.9191 -10.7999 0.4
      vertex 13.0923 -10.8999 0.4
    endloop
  endfacet
  facet normal 0 0 -1
    outer loop
      vertex 12.339 -12.1115 0.4
      vertex 12.1727 -12.0002 0.4
      vertex 12.9191 -10.7999 0.4
    endloop
  endfacet
  facet normal 0 0 -1
    outer loop
      vertex 11.5081 -13.271 0.4
      vertex 12.1727 -12.0002 0.4
      vertex 12.339 -12.1115 0.4
    endloop
  endfacet
  facet normal 0 0 -1
    outer loop
      vertex 11.5081 -13.271 0.4
      vertex 11.3494 -13.1491 0.4
      vertex 12.1727 -12.0002 0.4
    endloop
  endfacet
  facet normal 0 0 -1
    outer loop
      vertex 10.6031 -14.3737 0.4
      vertex 11.3494 -13.1491 0.4
      vertex 11.5081 -13.271 0.4
    endloop
  endfacet
  facet normal 0 0 -1
    outer loop
      vertex 10.6031 -14.3737 0.4
      vertex 10.4527 -14.2417 0.4
      vertex 11.3494 -13.1491 0.4
    endloop
  endfacet
  facet normal 0 0 -1
    outer loop
      vertex 9.62794 -15.4148 0.4
      vertex 10.4527 -14.2417 0.4
      vertex 10.6031 -14.3737 0.4
    endloop
  endfacet
  facet normal 0 0 -1
    outer loop
      vertex 9.62794 -15.4148 0.4
      vertex 9.48645 -15.2733 0.4
      vertex 10.4527 -14.2417 0.4
    endloop
  endfacet
  facet normal 0 0 -1
    outer loop
      vertex 8.58681 -16.39 0.4
      vertex 9.48645 -15.2733 0.4
      vertex 9.62794 -15.4148 0.4
    endloop
  endfacet
  facet normal 0 0 -1
    outer loop
      vertex 8.58681 -16.39 0.4
      vertex 8.45479 -16.2396 0.4
      vertex 9.48645 -15.2733 0.4
    endloop
  endfacet
  facet normal 0 0 -1
    outer loop
      vertex 7.48407 -17.295 0.4
      vertex 8.45479 -16.2396 0.4
      vertex 8.58681 -16.39 0.4
    endloop
  endfacet
  facet normal 0 0 -1
    outer loop
      vertex 7.48407 -17.295 0.4
      vertex 7.36217 -17.1363 0.4
      vertex 8.45479 -16.2396 0.4
    endloop
  endfacet
  facet normal 0 0 -1
    outer loop
      vertex 6.32445 -18.1259 0.4
      vertex 7.36217 -17.1363 0.4
      vertex 7.48407 -17.295 0.4
    endloop
  endfacet
  facet normal 0 0 -1
    outer loop
      vertex 6.32445 -18.1259 0.4
      vertex 6.21332 -17.9595 0.4
      vertex 7.36217 -17.1363 0.4
    endloop
  endfacet
  facet normal 0 0 -1
    outer loop
      vertex 5.11314 -18.8792 0.4
      vertex 6.21332 -17.9595 0.4
      vertex 6.32445 -18.1259 0.4
    endloop
  endfacet
  facet normal 0 0 -1
    outer loop
      vertex 5.11314 -18.8792 0.4
      vertex 5.013 -18.7059 0.4
      vertex 6.21332 -17.9595 0.4
    endloop
  endfacet
  facet normal 0 0 -1
    outer loop
      vertex 3.85481 -19.5518 0.4
      vertex 5.013 -18.7059 0.4
      vertex 5.11314 -18.8792 0.4
    endloop
  endfacet
  facet normal 0 0 -1
    outer loop
      vertex 3.85481 -19.5518 0.4
      vertex 3.76654 -19.3722 0.4
      vertex 5.013 -18.7059 0.4
    endloop
  endfacet
  facet normal 0 0 -1
    outer loop
      vertex 2.55554 -20.1405 0.4
      vertex 3.76654 -19.3722 0.4
      vertex 3.85481 -19.5518 0.4
    endloop
  endfacet
  facet normal 0 0 -1
    outer loop
      vertex 2.55554 -20.1405 0.4
      vertex 2.47887 -19.9556 0.4
      vertex 3.76654 -19.3722 0.4
    endloop
  endfacet
  facet normal 0 0 -1
    outer loop
      vertex 1.2205 -20.6429 0.4
      vertex 2.47887 -19.9556 0.4
      vertex 2.55554 -20.1405 0.4
    endloop
  endfacet
  facet normal 0 0 -1
    outer loop
      vertex 1.2205 -20.6429 0.4
      vertex 1.15627 -20.4534 0.4
      vertex 2.47887 -19.9556 0.4
    endloop
  endfacet
  facet normal 0 0 -1
    outer loop
      vertex -0.144684 -21.0571 0.4
      vertex 1.15627 -20.4534 0.4
      vertex 1.2205 -20.6429 0.4
    endloop
  endfacet
  facet normal 0 0 -1
    outer loop
      vertex -0.144684 -21.0571 0.4
      vertex -0.196457 -20.8638 0.4
      vertex 1.15627 -20.4534 0.4
    endloop
  endfacet
  facet normal 0 0 -1
    outer loop
      vertex -1.534 -21.381 0.4
      vertex -0.196457 -20.8638 0.4
      vertex -0.144684 -21.0571 0.4
    endloop
  endfacet
  facet normal 0 0 -1
    outer loop
      vertex -1.534 -21.381 0.4
      vertex -1.57315 -21.1848 0.4
      vertex -0.196457 -20.8638 0.4
    endloop
  endfacet
  facet normal 0 0 -1
    outer loop
      vertex -2.94141 -21.6134 0.4
      vertex -1.57315 -21.1848 0.4
      vertex -1.534 -21.381 0.4
    endloop
  endfacet
  facet normal 0 0 -1
    outer loop
      vertex -2.94141 -21.6134 0.4
      vertex -2.96751 -21.415 0.4
      vertex -1.57315 -21.1848 0.4
    endloop
  endfacet
  facet normal 0 0 -1
    outer loop
      vertex -4.36115 -21.7532 0.4
      vertex -2.96751 -21.415 0.4
      vertex -2.94141 -21.6134 0.4
    endloop
  endfacet
  facet normal 0 0 -1
    outer loop
      vertex -4.36115 -21.7532 0.4
      vertex -4.37425 -21.5535 0.4
      vertex -2.96751 -21.415 0.4
    endloop
  endfacet
  facet normal 0 0 -1
    outer loop
      vertex -5.7869 -21.7999 0.4
      vertex -4.37425 -21.5535 0.4
      vertex -4.36115 -21.7532 0.4
    endloop
  endfacet
  facet normal 0 0 -1
    outer loop
      vertex -5.7869 -21.7999 0.4
      vertex -5.7869 -21.5998 0.4
      vertex -4.37425 -21.5535 0.4
    endloop
  endfacet
  facet normal 0 0 -1
    outer loop
      vertex -5.7869 -21.7999 0.4
      vertex -7.19952 -21.5535 0.4
      vertex -5.7869 -21.5998 0.4
    endloop
  endfacet
  facet normal 0 0 -1
    outer loop
      vertex -7.21263 -21.7532 0.4
      vertex -7.19952 -21.5535 0.4
      vertex -5.7869 -21.7999 0.4
    endloop
  endfacet
  facet normal 0 0 -1
    outer loop
      vertex -8.63791 -21.6128 0.4
      vertex -7.19952 -21.5535 0.4
      vertex -7.21263 -21.7532 0.4
    endloop
  endfacet
  facet normal -0 0 -1
    outer loop
      vertex -7.19952 -21.5535 0.4
      vertex -8.63791 -21.6128 0.4
      vertex -8.61737 -21.4139 0.4
    endloop
  endfacet
  facet normal 0 0 -1
    outer loop
      vertex -8.63791 -21.6128 0.4
      vertex -71.957 -14.8716 0.4
      vertex -8.61737 -21.4139 0.4
    endloop
  endfacet
  facet normal 0 0 -1
    outer loop
      vertex -71.9836 -15.0699 0.4
      vertex -71.957 -14.8716 0.4
      vertex -8.63791 -21.6128 0.4
    endloop
  endfacet
  facet normal 0 0 -1
    outer loop
      vertex -71.9836 -15.0699 0.4
      vertex -72.9262 -14.7116 0.4
      vertex -71.957 -14.8716 0.4
    endloop
  endfacet
  facet normal 0 0 -1
    outer loop
      vertex -72.9653 -14.9078 0.4
      vertex -72.9262 -14.7116 0.4
      vertex -71.9836 -15.0699 0.4
    endloop
  endfacet
  facet normal 0 0 -1
    outer loop
      vertex -72.9653 -14.9078 0.4
      vertex -73.8823 -14.4886 0.4
      vertex -72.9262 -14.7116 0.4
    endloop
  endfacet
  facet normal 0 0 -1
    outer loop
      vertex -73.934 -14.682 0.4
      vertex -73.8823 -14.4886 0.4
      vertex -72.9653 -14.9078 0.4
    endloop
  endfacet
  facet normal 0 0 -1
    outer loop
      vertex -73.934 -14.682 0.4
      vertex -74.8216 -14.2037 0.4
      vertex -73.8823 -14.4886 0.4
    endloop
  endfacet
  facet normal 0 0 -1
    outer loop
      vertex -74.8859 -14.3932 0.4
      vertex -74.8216 -14.2037 0.4
      vertex -73.934 -14.682 0.4
    endloop
  endfacet
  facet normal 0 0 -1
    outer loop
      vertex -74.8859 -14.3932 0.4
      vertex -75.7401 -13.858 0.4
      vertex -74.8216 -14.2037 0.4
    endloop
  endfacet
  facet normal 0 0 -1
    outer loop
      vertex -75.8167 -14.0429 0.4
      vertex -75.7401 -13.858 0.4
      vertex -74.8859 -14.3932 0.4
    endloop
  endfacet
  facet normal 0 0 -1
    outer loop
      vertex -75.8167 -14.0429 0.4
      vertex -76.6343 -13.4528 0.4
      vertex -75.7401 -13.858 0.4
    endloop
  endfacet
  facet normal 0 0 -1
    outer loop
      vertex -76.7226 -13.6324 0.4
      vertex -76.6343 -13.4528 0.4
      vertex -75.8167 -14.0429 0.4
    endloop
  endfacet
  facet normal 0 0 -1
    outer loop
      vertex -76.7226 -13.6324 0.4
      vertex -77.4999 -12.9902 0.4
      vertex -76.6343 -13.4528 0.4
    endloop
  endfacet
  facet normal 0 0 -1
    outer loop
      vertex -77.6001 -13.1634 0.4
      vertex -77.4999 -12.9902 0.4
      vertex -76.7226 -13.6324 0.4
    endloop
  endfacet
  facet normal 0 0 -1
    outer loop
      vertex -77.6001 -13.1634 0.4
      vertex -78.3335 -12.4718 0.4
      vertex -77.4999 -12.9902 0.4
    endloop
  endfacet
  facet normal 0 0 -1
    outer loop
      vertex -78.4446 -12.6382 0.4
      vertex -78.3335 -12.4718 0.4
      vertex -77.6001 -13.1634 0.4
    endloop
  endfacet
  facet normal 0 0 -1
    outer loop
      vertex -78.4446 -12.6382 0.4
      vertex -79.1312 -11.9002 0.4
      vertex -78.3335 -12.4718 0.4
    endloop
  endfacet
  facet normal 0 0 -1
    outer loop
      vertex -79.2531 -12.0589 0.4
      vertex -79.1312 -11.9002 0.4
      vertex -78.4446 -12.6382 0.4
    endloop
  endfacet
  facet normal 0 0 -1
    outer loop
      vertex -79.2531 -12.0589 0.4
      vertex -79.89 -11.2775 0.4
      vertex -79.1312 -11.9002 0.4
    endloop
  endfacet
  facet normal 0 0 -1
    outer loop
      vertex -80.022 -11.4278 0.4
      vertex -79.89 -11.2775 0.4
      vertex -79.2531 -12.0589 0.4
    endloop
  endfacet
  facet normal 0 0 -1
    outer loop
      vertex -80.022 -11.4278 0.4
      vertex -80.6064 -10.6064 0.4
      vertex -79.89 -11.2775 0.4
    endloop
  endfacet
  facet normal 0 0 -1
    outer loop
      vertex -80.7479 -10.7479 0.4
      vertex -80.6064 -10.6064 0.4
      vertex -80.022 -11.4278 0.4
    endloop
  endfacet
  facet normal 0 0 -1
    outer loop
      vertex -80.7479 -10.7479 0.4
      vertex -81.2775 -9.89 0.4
      vertex -80.6064 -10.6064 0.4
    endloop
  endfacet
  facet normal 0 0 -1
    outer loop
      vertex -81.4278 -10.022 0.4
      vertex -81.2775 -9.89 0.4
      vertex -80.7479 -10.7479 0.4
    endloop
  endfacet
  facet normal 0 0 -1
    outer loop
      vertex -81.4278 -10.022 0.4
      vertex -81.9002 -9.13124 0.4
      vertex -81.2775 -9.89 0.4
    endloop
  endfacet
  facet normal 0 0 -1
    outer loop
      vertex -82.0589 -9.25314 0.4
      vertex -81.9002 -9.13124 0.4
      vertex -81.4278 -10.022 0.4
    endloop
  endfacet
  facet normal 0 0 -1
    outer loop
      vertex -82.0589 -9.25314 0.4
      vertex -82.4718 -8.33345 0.4
      vertex -81.9002 -9.13124 0.4
    endloop
  endfacet
  facet normal 0 0 -1
    outer loop
      vertex -82.6382 -8.44458 0.4
      vertex -82.4718 -8.33345 0.4
      vertex -82.0589 -9.25314 0.4
    endloop
  endfacet
  facet normal 0 0 -1
    outer loop
      vertex -82.6382 -8.44458 0.4
      vertex -82.9902 -7.49991 0.4
      vertex -82.4718 -8.33345 0.4
    endloop
  endfacet
  facet normal 0 0 -1
    outer loop
      vertex -83.1634 -7.60005 0.4
      vertex -82.9902 -7.49991 0.4
      vertex -82.6382 -8.44458 0.4
    endloop
  endfacet
  facet normal 0 0 -1
    outer loop
      vertex -83.1634 -7.60005 0.4
      vertex -83.4528 -6.63432 0.4
      vertex -82.9902 -7.49991 0.4
    endloop
  endfacet
  facet normal 0 0 -1
    outer loop
      vertex -83.6324 -6.7226 0.4
      vertex -83.4528 -6.63432 0.4
      vertex -83.1634 -7.60005 0.4
    endloop
  endfacet
  facet normal 0 0 -1
    outer loop
      vertex -83.6324 -6.7226 0.4
      vertex -83.858 -5.74005 0.4
      vertex -83.4528 -6.63432 0.4
    endloop
  endfacet
  facet normal 0 0 -1
    outer loop
      vertex -84.0429 -5.81673 0.4
      vertex -83.858 -5.74005 0.4
      vertex -83.6324 -6.7226 0.4
    endloop
  endfacet
  facet normal 0 0 -1
    outer loop
      vertex -84.0429 -5.81673 0.4
      vertex -84.2037 -4.82161 0.4
      vertex -83.858 -5.74005 0.4
    endloop
  endfacet
  facet normal 0 0 -1
    outer loop
      vertex -84.3932 -4.88591 0.4
      vertex -84.2037 -4.82161 0.4
      vertex -84.0429 -5.81673 0.4
    endloop
  endfacet
  facet normal 0 0 -1
    outer loop
      vertex -84.3932 -4.88591 0.4
      vertex -84.4886 -3.88229 0.4
      vertex -84.2037 -4.82161 0.4
    endloop
  endfacet
  facet normal 0 0 -1
    outer loop
      vertex -84.682 -3.93399 0.4
      vertex -84.4886 -3.88229 0.4
      vertex -84.3932 -4.88591 0.4
    endloop
  endfacet
  facet normal 0 0 -1
    outer loop
      vertex -84.682 -3.93399 0.4
      vertex -84.7116 -2.92616 0.4
      vertex -84.4886 -3.88229 0.4
    endloop
  endfacet
  facet normal 0 0 -1
    outer loop
      vertex -84.9078 -2.96527 0.4
      vertex -84.7116 -2.92616 0.4
      vertex -84.682 -3.93399 0.4
    endloop
  endfacet
  facet normal -0 0 -1
    outer loop
      vertex -84.7116 -2.92616 0.4
      vertex -84.9078 -2.96527 0.4
      vertex -84.8715 -1.95784 0.4
    endloop
  endfacet
  facet normal 0 0 -1
    outer loop
      vertex -85.0699 -1.98401 0.4
      vertex -84.8715 -1.95784 0.4
      vertex -84.9078 -2.96527 0.4
    endloop
  endfacet
  facet normal -0 0 -1
    outer loop
      vertex -84.8715 -1.95784 0.4
      vertex -85.0699 -1.98401 0.4
      vertex -84.9677 -0.981003 0.4
    endloop
  endfacet
  facet normal 0 0 -1
    outer loop
      vertex -85.1673 -0.994095 0.4
      vertex -84.9677 -0.981003 0.4
      vertex -85.0699 -1.98401 0.4
    endloop
  endfacet
  facet normal -0 0 -1
    outer loop
      vertex 15.9663 1.42575 0.4
      vertex 15.7666 1.41266 0.4
      vertex 15.8265 2.84547 0.4
    endloop
  endfacet
  facet normal 0 0 -1
    outer loop
      vertex 15.6281 2.81935 0.4
      vertex 15.8265 2.84547 0.4
      vertex 15.7666 1.41266 0.4
    endloop
  endfacet
  facet normal 0 0 -1
    outer loop
      vertex 15.6281 2.81935 0.4
      vertex 15.5941 4.25288 0.4
      vertex 15.8265 2.84547 0.4
    endloop
  endfacet
  facet normal 0 0 -1
    outer loop
      vertex 15.3979 4.21373 0.4
      vertex 15.5941 4.25288 0.4
      vertex 15.6281 2.81935 0.4
    endloop
  endfacet
  facet normal 0 0 -1
    outer loop
      vertex 15.3979 4.21373 0.4
      vertex 15.2702 5.6422 0.4
      vertex 15.5941 4.25288 0.4
    endloop
  endfacet
  facet normal 0 0 -1
    outer loop
      vertex 15.0769 5.5905 0.4
      vertex 15.2702 5.6422 0.4
      vertex 15.3979 4.21373 0.4
    endloop
  endfacet
  facet normal 0 0 -1
    outer loop
      vertex 15.0769 5.5905 0.4
      vertex 14.856 7.0074 0.4
      vertex 15.2702 5.6422 0.4
    endloop
  endfacet
  facet normal 0 0 -1
    outer loop
      vertex 14.6666 6.9431 0.4
      vertex 14.856 7.0074 0.4
      vertex 15.0769 5.5905 0.4
    endloop
  endfacet
  facet normal 0 0 -1
    outer loop
      vertex 14.6666 6.9431 0.4
      vertex 14.3536 8.34244 0.4
      vertex 14.856 7.0074 0.4
    endloop
  endfacet
  facet normal 0 0 -1
    outer loop
      vertex 14.1687 8.26576 0.4
      vertex 14.3536 8.34244 0.4
      vertex 14.6666 6.9431 0.4
    endloop
  endfacet
  facet normal 0 0 -1
    outer loop
      vertex 14.1687 8.26576 0.4
      vertex 13.7649 9.64171 0.4
      vertex 14.3536 8.34244 0.4
    endloop
  endfacet
  facet normal 0 0 -1
    outer loop
      vertex 13.5853 9.55344 0.4
      vertex 13.7649 9.64171 0.4
      vertex 14.1687 8.26576 0.4
    endloop
  endfacet
  facet normal 0 0 -1
    outer loop
      vertex 13.5853 9.55344 0.4
      vertex 13.0923 10.8999 0.4
      vertex 13.7649 9.64171 0.4
    endloop
  endfacet
  facet normal 0 0 -1
    outer loop
      vertex 12.9191 10.7999 0.4
      vertex 13.0923 10.8999 0.4
      vertex 13.5853 9.55344 0.4
    endloop
  endfacet
  facet normal 0 0 -1
    outer loop
      vertex 12.9191 10.7999 0.4
      vertex 12.339 12.1115 0.4
      vertex 13.0923 10.8999 0.4
    endloop
  endfacet
  facet normal 0 0 -1
    outer loop
      vertex 12.1727 12.0002 0.4
      vertex 12.339 12.1115 0.4
      vertex 12.9191 10.7999 0.4
    endloop
  endfacet
  facet normal 0 0 -1
    outer loop
      vertex 12.1727 12.0002 0.4
      vertex 11.5081 13.271 0.4
      vertex 12.339 12.1115 0.4
    endloop
  endfacet
  facet normal 0 0 -1
    outer loop
      vertex 11.3494 13.1491 0.4
      vertex 11.5081 13.271 0.4
      vertex 12.1727 12.0002 0.4
    endloop
  endfacet
  facet normal 0 0 -1
    outer loop
      vertex 11.3494 13.1491 0.4
      vertex 10.6031 14.3737 0.4
      vertex 11.5081 13.271 0.4
    endloop
  endfacet
  facet normal 0 0 -1
    outer loop
      vertex 10.4527 14.2417 0.4
      vertex 10.6031 14.3737 0.4
      vertex 11.3494 13.1491 0.4
    endloop
  endfacet
  facet normal 0 0 -1
    outer loop
      vertex 10.4527 14.2417 0.4
      vertex 9.62794 15.4148 0.4
      vertex 10.6031 14.3737 0.4
    endloop
  endfacet
  facet normal 0 0 -1
    outer loop
      vertex 9.48645 15.2733 0.4
      vertex 9.62794 15.4148 0.4
      vertex 10.4527 14.2417 0.4
    endloop
  endfacet
  facet normal 0 0 -1
    outer loop
      vertex 9.48645 15.2733 0.4
      vertex 8.58681 16.39 0.4
      vertex 9.62794 15.4148 0.4
    endloop
  endfacet
  facet normal 0 0 -1
    outer loop
      vertex 8.45479 16.2396 0.4
      vertex 8.58681 16.39 0.4
      vertex 9.48645 15.2733 0.4
    endloop
  endfacet
  facet normal 0 0 -1
    outer loop
      vertex 8.45479 16.2396 0.4
      vertex 7.48407 17.295 0.4
      vertex 8.58681 16.39 0.4
    endloop
  endfacet
  facet normal 0 0 -1
    outer loop
      vertex 7.36217 17.1363 0.4
      vertex 7.48407 17.295 0.4
      vertex 8.45479 16.2396 0.4
    endloop
  endfacet
  facet normal 0 0 -1
    outer loop
      vertex 7.36217 17.1363 0.4
      vertex 6.32445 18.1259 0.4
      vertex 7.48407 17.295 0.4
    endloop
  endfacet
  facet normal 0 0 -1
    outer loop
      vertex 6.21332 17.9595 0.4
      vertex 6.32445 18.1259 0.4
      vertex 7.36217 17.1363 0.4
    endloop
  endfacet
  facet normal 0 0 -1
    outer loop
      vertex 6.21332 17.9595 0.4
      vertex 5.11314 18.8792 0.4
      vertex 6.32445 18.1259 0.4
    endloop
  endfacet
  facet normal 0 0 -1
    outer loop
      vertex 5.013 18.7059 0.4
      vertex 5.11314 18.8792 0.4
      vertex 6.21332 17.9595 0.4
    endloop
  endfacet
  facet normal 0 0 -1
    outer loop
      vertex 5.013 18.7059 0.4
      vertex 3.85481 19.5518 0.4
      vertex 5.11314 18.8792 0.4
    endloop
  endfacet
  facet normal 0 0 -1
    outer loop
      vertex 3.76654 19.3722 0.4
      vertex 3.85481 19.5518 0.4
      vertex 5.013 18.7059 0.4
    endloop
  endfacet
  facet normal 0 0 -1
    outer loop
      vertex 3.76654 19.3722 0.4
      vertex 2.55554 20.1405 0.4
      vertex 3.85481 19.5518 0.4
    endloop
  endfacet
  facet normal 0 0 -1
    outer loop
      vertex 2.47887 19.9556 0.4
      vertex 2.55554 20.1405 0.4
      vertex 3.76654 19.3722 0.4
    endloop
  endfacet
  facet normal 0 0 -1
    outer loop
      vertex 2.47887 19.9556 0.4
      vertex 1.2205 20.6429 0.4
      vertex 2.55554 20.1405 0.4
    endloop
  endfacet
  facet normal 0 0 -1
    outer loop
      vertex 1.15627 20.4534 0.4
      vertex 1.2205 20.6429 0.4
      vertex 2.47887 19.9556 0.4
    endloop
  endfacet
  facet normal 0 0 -1
    outer loop
      vertex 1.15627 20.4534 0.4
      vertex -0.144684 21.0571 0.4
      vertex 1.2205 20.6429 0.4
    endloop
  endfacet
  facet normal 0 0 -1
    outer loop
      vertex -0.196457 20.8638 0.4
      vertex -0.144684 21.0571 0.4
      vertex 1.15627 20.4534 0.4
    endloop
  endfacet
  facet normal 0 0 -1
    outer loop
      vertex -0.196457 20.8638 0.4
      vertex -1.534 21.381 0.4
      vertex -0.144684 21.0571 0.4
    endloop
  endfacet
  facet normal 0 0 -1
    outer loop
      vertex -1.57315 21.1848 0.4
      vertex -1.534 21.381 0.4
      vertex -0.196457 20.8638 0.4
    endloop
  endfacet
  facet normal 0 0 -1
    outer loop
      vertex -1.57315 21.1848 0.4
      vertex -2.94141 21.6134 0.4
      vertex -1.534 21.381 0.4
    endloop
  endfacet
  facet normal 0 0 -1
    outer loop
      vertex -2.96751 21.415 0.4
      vertex -2.94141 21.6134 0.4
      vertex -1.57315 21.1848 0.4
    endloop
  endfacet
  facet normal 0 0 -1
    outer loop
      vertex -2.96751 21.415 0.4
      vertex -4.36115 21.7532 0.4
      vertex -2.94141 21.6134 0.4
    endloop
  endfacet
  facet normal 0 0 -1
    outer loop
      vertex -4.37425 21.5535 0.4
      vertex -4.36115 21.7532 0.4
      vertex -2.96751 21.415 0.4
    endloop
  endfacet
  facet normal 0 0 -1
    outer loop
      vertex -5.7869 21.5998 0.4
      vertex -4.36115 21.7532 0.4
      vertex -4.37425 21.5535 0.4
    endloop
  endfacet
  facet normal 0 0 -1
    outer loop
      vertex -5.7869 21.5998 0.4
      vertex -5.7869 21.7999 0.4
      vertex -4.36115 21.7532 0.4
    endloop
  endfacet
  facet normal 0 0 -1
    outer loop
      vertex -7.19952 21.5535 0.4
      vertex -5.7869 21.7999 0.4
      vertex -5.7869 21.5998 0.4
    endloop
  endfacet
  facet normal 0 0 -1
    outer loop
      vertex -7.19952 21.5535 0.4
      vertex -7.21263 21.7532 0.4
      vertex -5.7869 21.7999 0.4
    endloop
  endfacet
  facet normal 0 0 -1
    outer loop
      vertex -8.63791 21.6128 0.4
      vertex -7.19952 21.5535 0.4
      vertex -8.61737 21.4139 0.4
    endloop
  endfacet
  facet normal 0 0 -1
    outer loop
      vertex -7.19952 21.5535 0.4
      vertex -8.63791 21.6128 0.4
      vertex -7.21263 21.7532 0.4
    endloop
  endfacet
  facet normal 0 0 -1
    outer loop
      vertex -71.957 14.8716 0.4
      vertex -8.63791 21.6128 0.4
      vertex -8.61737 21.4139 0.4
    endloop
  endfacet
  facet normal 0 0 -1
    outer loop
      vertex -71.957 14.8716 0.4
      vertex -71.9836 15.0699 0.4
      vertex -8.63791 21.6128 0.4
    endloop
  endfacet
  facet normal 0 0 -1
    outer loop
      vertex -72.9262 14.7116 0.4
      vertex -71.9836 15.0699 0.4
      vertex -71.957 14.8716 0.4
    endloop
  endfacet
  facet normal 0 0 -1
    outer loop
      vertex -72.9262 14.7116 0.4
      vertex -72.9653 14.9078 0.4
      vertex -71.9836 15.0699 0.4
    endloop
  endfacet
  facet normal 0 0 -1
    outer loop
      vertex -73.8823 14.4886 0.4
      vertex -72.9653 14.9078 0.4
      vertex -72.9262 14.7116 0.4
    endloop
  endfacet
  facet normal 0 0 -1
    outer loop
      vertex -73.8823 14.4886 0.4
      vertex -73.934 14.682 0.4
      vertex -72.9653 14.9078 0.4
    endloop
  endfacet
  facet normal 0 0 -1
    outer loop
      vertex -74.8216 14.2037 0.4
      vertex -73.934 14.682 0.4
      vertex -73.8823 14.4886 0.4
    endloop
  endfacet
  facet normal 0 0 -1
    outer loop
      vertex -74.8216 14.2037 0.4
      vertex -74.8859 14.3932 0.4
      vertex -73.934 14.682 0.4
    endloop
  endfacet
  facet normal 0 0 -1
    outer loop
      vertex -75.7401 13.858 0.4
      vertex -74.8859 14.3932 0.4
      vertex -74.8216 14.2037 0.4
    endloop
  endfacet
  facet normal 0 0 -1
    outer loop
      vertex -75.7401 13.858 0.4
      vertex -75.8167 14.0429 0.4
      vertex -74.8859 14.3932 0.4
    endloop
  endfacet
  facet normal 0 0 -1
    outer loop
      vertex -76.6343 13.4528 0.4
      vertex -75.8167 14.0429 0.4
      vertex -75.7401 13.858 0.4
    endloop
  endfacet
  facet normal 0 0 -1
    outer loop
      vertex -76.6343 13.4528 0.4
      vertex -76.7226 13.6324 0.4
      vertex -75.8167 14.0429 0.4
    endloop
  endfacet
  facet normal 0 0 -1
    outer loop
      vertex -77.4999 12.9902 0.4
      vertex -76.7226 13.6324 0.4
      vertex -76.6343 13.4528 0.4
    endloop
  endfacet
  facet normal 0 0 -1
    outer loop
      vertex -77.4999 12.9902 0.4
      vertex -77.6001 13.1634 0.4
      vertex -76.7226 13.6324 0.4
    endloop
  endfacet
  facet normal 0 0 -1
    outer loop
      vertex -78.3335 12.4718 0.4
      vertex -77.6001 13.1634 0.4
      vertex -77.4999 12.9902 0.4
    endloop
  endfacet
  facet normal 0 0 -1
    outer loop
      vertex -78.3335 12.4718 0.4
      vertex -78.4446 12.6382 0.4
      vertex -77.6001 13.1634 0.4
    endloop
  endfacet
  facet normal 0 0 -1
    outer loop
      vertex -79.1312 11.9002 0.4
      vertex -78.4446 12.6382 0.4
      vertex -78.3335 12.4718 0.4
    endloop
  endfacet
  facet normal 0 0 -1
    outer loop
      vertex -79.1312 11.9002 0.4
      vertex -79.2531 12.0589 0.4
      vertex -78.4446 12.6382 0.4
    endloop
  endfacet
  facet normal 0 0 -1
    outer loop
      vertex -79.89 11.2775 0.4
      vertex -79.2531 12.0589 0.4
      vertex -79.1312 11.9002 0.4
    endloop
  endfacet
  facet normal 0 0 -1
    outer loop
      vertex -79.89 11.2775 0.4
      vertex -80.022 11.4278 0.4
      vertex -79.2531 12.0589 0.4
    endloop
  endfacet
  facet normal 0 0 -1
    outer loop
      vertex -80.6064 10.6064 0.4
      vertex -80.022 11.4278 0.4
      vertex -79.89 11.2775 0.4
    endloop
  endfacet
  facet normal 0 0 -1
    outer loop
      vertex -80.6064 10.6064 0.4
      vertex -80.7479 10.7479 0.4
      vertex -80.022 11.4278 0.4
    endloop
  endfacet
  facet normal 0 0 -1
    outer loop
      vertex -81.2775 9.89 0.4
      vertex -80.7479 10.7479 0.4
      vertex -80.6064 10.6064 0.4
    endloop
  endfacet
  facet normal 0 0 -1
    outer loop
      vertex -81.2775 9.89 0.4
      vertex -81.4278 10.022 0.4
      vertex -80.7479 10.7479 0.4
    endloop
  endfacet
  facet normal 0 0 -1
    outer loop
      vertex -81.9002 9.13124 0.4
      vertex -81.4278 10.022 0.4
      vertex -81.2775 9.89 0.4
    endloop
  endfacet
  facet normal 0 0 -1
    outer loop
      vertex -81.9002 9.13124 0.4
      vertex -82.0589 9.25314 0.4
      vertex -81.4278 10.022 0.4
    endloop
  endfacet
  facet normal 0 0 -1
    outer loop
      vertex -82.4718 8.33345 0.4
      vertex -82.0589 9.25314 0.4
      vertex -81.9002 9.13124 0.4
    endloop
  endfacet
  facet normal 0 0 -1
    outer loop
      vertex -82.4718 8.33345 0.4
      vertex -82.6382 8.44458 0.4
      vertex -82.0589 9.25314 0.4
    endloop
  endfacet
  facet normal 0 0 -1
    outer loop
      vertex -82.9902 7.49991 0.4
      vertex -82.6382 8.44458 0.4
      vertex -82.4718 8.33345 0.4
    endloop
  endfacet
  facet normal 0 0 -1
    outer loop
      vertex -82.9902 7.49991 0.4
      vertex -83.1634 7.60005 0.4
      vertex -82.6382 8.44458 0.4
    endloop
  endfacet
  facet normal 0 0 -1
    outer loop
      vertex -83.4528 6.63432 0.4
      vertex -83.1634 7.60005 0.4
      vertex -82.9902 7.49991 0.4
    endloop
  endfacet
  facet normal 0 0 -1
    outer loop
      vertex -83.4528 6.63432 0.4
      vertex -83.6324 6.7226 0.4
      vertex -83.1634 7.60005 0.4
    endloop
  endfacet
  facet normal 0 0 -1
    outer loop
      vertex -83.858 5.74005 0.4
      vertex -83.6324 6.7226 0.4
      vertex -83.4528 6.63432 0.4
    endloop
  endfacet
  facet normal 0 0 -1
    outer loop
      vertex -83.858 5.74005 0.4
      vertex -84.0429 5.81673 0.4
      vertex -83.6324 6.7226 0.4
    endloop
  endfacet
  facet normal 0 0 -1
    outer loop
      vertex -84.2037 4.82161 0.4
      vertex -84.0429 5.81673 0.4
      vertex -83.858 5.74005 0.4
    endloop
  endfacet
  facet normal 0 0 -1
    outer loop
      vertex -84.2037 4.82161 0.4
      vertex -84.3932 4.88591 0.4
      vertex -84.0429 5.81673 0.4
    endloop
  endfacet
  facet normal 0 0 -1
    outer loop
      vertex -84.4886 3.88229 0.4
      vertex -84.3932 4.88591 0.4
      vertex -84.2037 4.82161 0.4
    endloop
  endfacet
  facet normal 0 0 -1
    outer loop
      vertex -84.4886 3.88229 0.4
      vertex -84.682 3.93399 0.4
      vertex -84.3932 4.88591 0.4
    endloop
  endfacet
  facet normal 0 0 -1
    outer loop
      vertex -84.7116 2.92616 0.4
      vertex -84.682 3.93399 0.4
      vertex -84.4886 3.88229 0.4
    endloop
  endfacet
  facet normal 0 0 -1
    outer loop
      vertex -84.9078 2.96527 0.4
      vertex -84.7116 2.92616 0.4
      vertex -84.8715 1.95784 0.4
    endloop
  endfacet
  facet normal 0 0 -1
    outer loop
      vertex -84.7116 2.92616 0.4
      vertex -84.9078 2.96527 0.4
      vertex -84.682 3.93399 0.4
    endloop
  endfacet
  facet normal 0 0 -1
    outer loop
      vertex -85.0699 1.98401 0.4
      vertex -84.8715 1.95784 0.4
      vertex -84.9677 0.981003 0.4
    endloop
  endfacet
  facet normal 0 0 -1
    outer loop
      vertex -85.1673 0.994095 0.4
      vertex -84.9677 0.981003 0.4
      vertex -84.9998 0 0.4
    endloop
  endfacet
  facet normal -0 0 -1
    outer loop
      vertex -84.9677 -0.981003 0.4
      vertex -85.1673 -0.994095 0.4
      vertex -84.9998 0 0.4
    endloop
  endfacet
  facet normal 0 0 -1
    outer loop
      vertex -84.8715 1.95784 0.4
      vertex -85.0699 1.98401 0.4
      vertex -84.9078 2.96527 0.4
    endloop
  endfacet
  facet normal 0 0 -1
    outer loop
      vertex -85.1999 0 0.4
      vertex -84.9998 0 0.4
      vertex -85.1673 -0.994095 0.4
    endloop
  endfacet
  facet normal 0 0 -1
    outer loop
      vertex -84.9677 0.981003 0.4
      vertex -85.1673 0.994095 0.4
      vertex -85.0699 1.98401 0.4
    endloop
  endfacet
  facet normal 0 0 -1
    outer loop
      vertex -84.9998 0 0.4
      vertex -85.1999 0 0.4
      vertex -85.1673 0.994095 0.4
    endloop
  endfacet
  facet normal -0.22701 0.973892 0
    outer loop
      vertex -72.9653 14.9078 0.4
      vertex -73.934 14.682 0.599999
      vertex -72.9653 14.9078 0.599999
    endloop
  endfacet
  facet normal -0.22701 0.973892 0
    outer loop
      vertex -73.934 14.682 0.599999
      vertex -72.9653 14.9078 0.4
      vertex -73.934 14.682 0.4
    endloop
  endfacet
  facet normal -0.910843 0.412753 0
    outer loop
      vertex -84.0429 5.81673 0.4
      vertex -83.6324 6.7226 0.599999
      vertex -83.6324 6.7226 0.4
    endloop
  endfacet
  facet normal -0.910843 0.412753 0
    outer loop
      vertex -83.6324 6.7226 0.599999
      vertex -84.0429 5.81673 0.4
      vertex -84.0429 5.81673 0.599999
    endloop
  endfacet
  facet normal 0.352205 0.935923 -0
    outer loop
      vertex 2.55554 20.1405 0.4
      vertex 1.2205 20.6429 0.599999
      vertex 2.55554 20.1405 0.599999
    endloop
  endfacet
  facet normal 0.352205 0.935923 0
    outer loop
      vertex 1.2205 20.6429 0.599999
      vertex 2.55554 20.1405 0.4
      vertex 1.2205 20.6429 0.4
    endloop
  endfacet
  facet normal -0.999463 -0.032776 0
    outer loop
      vertex -85.1673 -0.994095 0.4
      vertex -85.1999 0 0.599999
      vertex -85.1999 0 0.4
    endloop
  endfacet
  facet normal -0.999463 -0.032776 0
    outer loop
      vertex -85.1999 0 0.599999
      vertex -85.1673 -0.994095 0.4
      vertex -85.1673 -0.994095 0.599999
    endloop
  endfacet
  facet normal 0.0979948 -0.995187 0
    outer loop
      vertex -4.36115 -21.7532 0.4
      vertex -2.94141 -21.6134 0.599999
      vertex -4.36115 -21.7532 0.599999
    endloop
  endfacet
  facet normal 0.0979948 -0.995187 0
    outer loop
      vertex -2.94141 -21.6134 0.599999
      vertex -4.36115 -21.7532 0.4
      vertex -2.94141 -21.6134 0.4
    endloop
  endfacet
  facet normal -0.935918 0.352218 0
    outer loop
      vertex -84.3932 4.88591 0.4
      vertex -84.0429 5.81673 0.599999
      vertex -84.0429 5.81673 0.4
    endloop
  endfacet
  facet normal -0.935918 0.352218 0
    outer loop
      vertex -84.0429 5.81673 0.599999
      vertex -84.3932 4.88591 0.4
      vertex -84.3932 4.88591 0.599999
    endloop
  endfacet
  facet normal -0.582436 -0.812877 0
    outer loop
      vertex -79.2531 -12.0589 0.4
      vertex -78.4446 -12.6382 0.599999
      vertex -79.2531 -12.0589 0.599999
    endloop
  endfacet
  facet normal -0.582436 -0.812877 -0
    outer loop
      vertex -78.4446 -12.6382 0.599999
      vertex -79.2531 -12.0589 0.4
      vertex -78.4446 -12.6382 0.4
    endloop
  endfacet
  facet normal 0.973884 0.227047 0
    outer loop
      vertex 15.5941 4.25288 0.599999
      vertex 15.2702 5.6422 0.4
      vertex 15.2702 5.6422 0.599999
    endloop
  endfacet
  facet normal 0.973884 0.227047 0
    outer loop
      vertex 15.2702 5.6422 0.4
      vertex 15.5941 4.25288 0.599999
      vertex 15.5941 4.25288 0.4
    endloop
  endfacet
  facet normal -0.95693 -0.29032 0
    outer loop
      vertex -84.3932 -4.88591 0.4
      vertex -84.682 -3.93399 0.599999
      vertex -84.682 -3.93399 0.4
    endloop
  endfacet
  facet normal -0.95693 -0.29032 0
    outer loop
      vertex -84.682 -3.93399 0.599999
      vertex -84.3932 -4.88591 0.4
      vertex -84.3932 -4.88591 0.599999
    endloop
  endfacet
  facet normal -0.290325 -0.956928 0
    outer loop
      vertex -74.8859 -14.3932 0.4
      vertex -73.934 -14.682 0.599999
      vertex -74.8859 -14.3932 0.599999
    endloop
  endfacet
  facet normal -0.290325 -0.956928 -0
    outer loop
      vertex -73.934 -14.682 0.599999
      vertex -74.8859 -14.3932 0.4
      vertex -73.934 -14.682 0.4
    endloop
  endfacet
  facet normal -0.683603 0.729854 0
    outer loop
      vertex -80.022 11.4278 0.4
      vertex -80.7479 10.7479 0.599999
      vertex -80.022 11.4278 0.599999
    endloop
  endfacet
  facet normal -0.683603 0.729854 0
    outer loop
      vertex -80.7479 10.7479 0.599999
      vertex -80.022 11.4278 0.4
      vertex -80.7479 10.7479 0.4
    endloop
  endfacet
  facet normal 0.0327371 0.999464 -0
    outer loop
      vertex -4.36115 21.7532 0.4
      vertex -5.7869 21.7999 0.599999
      vertex -4.36115 21.7532 0.599999
    endloop
  endfacet
  facet normal 0.0327371 0.999464 0
    outer loop
      vertex -5.7869 21.7999 0.599999
      vertex -4.36115 21.7532 0.4
      vertex -5.7869 21.7999 0.4
    endloop
  endfacet
  facet normal 0.999464 -0.0327371 0
    outer loop
      vertex 15.9663 -1.42575 0.599999
      vertex 16.013 0 0.4
      vertex 16.013 0 0.599999
    endloop
  endfacet
  facet normal 0.999464 -0.0327371 0
    outer loop
      vertex 16.013 0 0.4
      vertex 15.9663 -1.42575 0.599999
      vertex 15.9663 -1.42575 0.4
    endloop
  endfacet
  facet normal -0.412742 0.910848 0
    outer loop
      vertex -75.8167 14.0429 0.4
      vertex -76.7226 13.6324 0.599999
      vertex -75.8167 14.0429 0.599999
    endloop
  endfacet
  facet normal -0.412742 0.910848 0
    outer loop
      vertex -76.7226 13.6324 0.599999
      vertex -75.8167 14.0429 0.4
      vertex -76.7226 13.6324 0.4
    endloop
  endfacet
  facet normal 0.290333 0.956926 -0
    outer loop
      vertex 1.2205 20.6429 0.4
      vertex -0.144684 21.0571 0.599999
      vertex 1.2205 20.6429 0.599999
    endloop
  endfacet
  facet normal 0.290333 0.956926 0
    outer loop
      vertex -0.144684 21.0571 0.599999
      vertex 1.2205 20.6429 0.4
      vertex -0.144684 21.0571 0.4
    endloop
  endfacet
  facet normal -0.412742 -0.910848 0
    outer loop
      vertex -76.7226 -13.6324 0.4
      vertex -75.8167 -14.0429 0.599999
      vertex -76.7226 -13.6324 0.599999
    endloop
  endfacet
  facet normal -0.412742 -0.910848 -0
    outer loop
      vertex -75.8167 -14.0429 0.599999
      vertex -76.7226 -13.6324 0.4
      vertex -75.8167 -14.0429 0.4
    endloop
  endfacet
  facet normal -0.528109 0.849177 0
    outer loop
      vertex -77.6001 13.1634 0.4
      vertex -78.4446 12.6382 0.599999
      vertex -77.6001 13.1634 0.599999
    endloop
  endfacet
  facet normal -0.528109 0.849177 0
    outer loop
      vertex -78.4446 12.6382 0.599999
      vertex -77.6001 13.1634 0.4
      vertex -78.4446 12.6382 0.4
    endloop
  endfacet
  facet normal -0.683603 -0.729854 0
    outer loop
      vertex -80.7479 -10.7479 0.4
      vertex -80.022 -11.4278 0.599999
      vertex -80.7479 -10.7479 0.599999
    endloop
  endfacet
  facet normal -0.683603 -0.729854 -0
    outer loop
      vertex -80.022 -11.4278 0.599999
      vertex -80.7479 -10.7479 0.4
      vertex -80.022 -11.4278 0.4
    endloop
  endfacet
  facet normal -0.995194 -0.0979194 0
    outer loop
      vertex -85.0699 -1.98401 0.4
      vertex -85.1673 -0.994095 0.599999
      vertex -85.1673 -0.994095 0.4
    endloop
  endfacet
  facet normal -0.995194 -0.0979194 0
    outer loop
      vertex -85.1673 -0.994095 0.599999
      vertex -85.0699 -1.98401 0.4
      vertex -85.0699 -1.98401 0.599999
    endloop
  endfacet
  facet normal 0.68362 0.729838 -0
    outer loop
      vertex 9.62794 15.4148 0.4
      vertex 8.58681 16.39 0.599999
      vertex 9.62794 15.4148 0.599999
    endloop
  endfacet
  facet normal 0.68362 0.729838 0
    outer loop
      vertex 8.58681 16.39 0.599999
      vertex 9.62794 15.4148 0.4
      vertex 8.58681 16.39 0.4
    endloop
  endfacet
  facet normal -0.528109 -0.849177 0
    outer loop
      vertex -78.4446 -12.6382 0.4
      vertex -77.6001 -13.1634 0.599999
      vertex -78.4446 -12.6382 0.599999
    endloop
  endfacet
  facet normal -0.528109 -0.849177 -0
    outer loop
      vertex -77.6001 -13.1634 0.599999
      vertex -78.4446 -12.6382 0.4
      vertex -77.6001 -13.1634 0.4
    endloop
  endfacet
  facet normal 0.634395 0.773009 -0
    outer loop
      vertex 8.58681 16.39 0.4
      vertex 7.48407 17.295 0.599999
      vertex 8.58681 16.39 0.599999
    endloop
  endfacet
  facet normal 0.634395 0.773009 0
    outer loop
      vertex 7.48407 17.295 0.599999
      vertex 8.58681 16.39 0.4
      vertex 7.48407 17.295 0.4
    endloop
  endfacet
  facet normal 0.812842 0.582484 0
    outer loop
      vertex 12.339 12.1115 0.599999
      vertex 11.5081 13.271 0.4
      vertex 11.5081 13.271 0.599999
    endloop
  endfacet
  facet normal 0.812842 0.582484 0
    outer loop
      vertex 11.5081 13.271 0.4
      vertex 12.339 12.1115 0.599999
      vertex 12.339 12.1115 0.4
    endloop
  endfacet
  facet normal 0.881897 0.471442 0
    outer loop
      vertex 13.7649 9.64171 0.599999
      vertex 13.0923 10.8999 0.4
      vertex 13.0923 10.8999 0.599999
    endloop
  endfacet
  facet normal 0.881897 0.471442 0
    outer loop
      vertex 13.0923 10.8999 0.4
      vertex 13.7649 9.64171 0.599999
      vertex 13.7649 9.64171 0.4
    endloop
  endfacet
  facet normal -0.471371 -0.881935 0
    outer loop
      vertex -77.6001 -13.1634 0.4
      vertex -76.7226 -13.6324 0.599999
      vertex -77.6001 -13.1634 0.599999
    endloop
  endfacet
  facet normal -0.471371 -0.881935 -0
    outer loop
      vertex -76.7226 -13.6324 0.599999
      vertex -77.6001 -13.1634 0.4
      vertex -76.7226 -13.6324 0.4
    endloop
  endfacet
  facet normal 0.582444 -0.812871 0
    outer loop
      vertex 6.32445 -18.1259 0.4
      vertex 7.48407 -17.295 0.599999
      vertex 6.32445 -18.1259 0.599999
    endloop
  endfacet
  facet normal 0.582444 -0.812871 0
    outer loop
      vertex 7.48407 -17.295 0.599999
      vertex 6.32445 -18.1259 0.4
      vertex 7.48407 -17.295 0.4
    endloop
  endfacet
  facet normal -0.634441 -0.772971 0
    outer loop
      vertex -80.022 -11.4278 0.4
      vertex -79.2531 -12.0589 0.599999
      vertex -80.022 -11.4278 0.599999
    endloop
  endfacet
  facet normal -0.634441 -0.772971 -0
    outer loop
      vertex -79.2531 -12.0589 0.599999
      vertex -80.022 -11.4278 0.4
      vertex -79.2531 -12.0589 0.4
    endloop
  endfacet
  facet normal -0.772955 -0.634461 0
    outer loop
      vertex -81.4278 -10.022 0.4
      vertex -82.0589 -9.25314 0.599999
      vertex -82.0589 -9.25314 0.4
    endloop
  endfacet
  facet normal -0.772955 -0.634461 0
    outer loop
      vertex -82.0589 -9.25314 0.599999
      vertex -81.4278 -10.022 0.4
      vertex -81.4278 -10.022 0.599999
    endloop
  endfacet
  facet normal 0.16292 0.986639 -0
    outer loop
      vertex -1.534 21.381 0.4
      vertex -2.94141 21.6134 0.599999
      vertex -1.534 21.381 0.599999
    endloop
  endfacet
  facet normal 0.16292 0.986639 0
    outer loop
      vertex -2.94141 21.6134 0.599999
      vertex -1.534 21.381 0.4
      vertex -2.94141 21.6134 0.4
    endloop
  endfacet
  facet normal -0.849185 -0.528095 0
    outer loop
      vertex -82.6382 -8.44458 0.4
      vertex -83.1634 -7.60005 0.599999
      vertex -83.1634 -7.60005 0.4
    endloop
  endfacet
  facet normal -0.849185 -0.528095 0
    outer loop
      vertex -83.1634 -7.60005 0.599999
      vertex -82.6382 -8.44458 0.4
      vertex -82.6382 -8.44458 0.599999
    endloop
  endfacet
  facet normal -0.973893 0.227006 0
    outer loop
      vertex -84.9078 2.96527 0.4
      vertex -84.682 3.93399 0.599999
      vertex -84.682 3.93399 0.4
    endloop
  endfacet
  facet normal -0.973893 0.227006 0
    outer loop
      vertex -84.682 3.93399 0.599999
      vertex -84.9078 2.96527 0.4
      vertex -84.9078 2.96527 0.599999
    endloop
  endfacet
  facet normal -0.729854 0.683603 0
    outer loop
      vertex -81.4278 10.022 0.4
      vertex -80.7479 10.7479 0.599999
      vertex -80.7479 10.7479 0.4
    endloop
  endfacet
  facet normal -0.729854 0.683603 0
    outer loop
      vertex -80.7479 10.7479 0.599999
      vertex -81.4278 10.022 0.4
      vertex -81.4278 10.022 0.599999
    endloop
  endfacet
  facet normal -0.634441 0.772971 0
    outer loop
      vertex -79.2531 12.0589 0.4
      vertex -80.022 11.4278 0.599999
      vertex -79.2531 12.0589 0.599999
    endloop
  endfacet
  facet normal -0.634441 0.772971 0
    outer loop
      vertex -80.022 11.4278 0.599999
      vertex -79.2531 12.0589 0.4
      vertex -80.022 11.4278 0.4
    endloop
  endfacet
  facet normal -0.729854 -0.683603 0
    outer loop
      vertex -80.7479 -10.7479 0.4
      vertex -81.4278 -10.022 0.599999
      vertex -81.4278 -10.022 0.4
    endloop
  endfacet
  facet normal -0.729854 -0.683603 0
    outer loop
      vertex -81.4278 -10.022 0.599999
      vertex -80.7479 -10.7479 0.4
      vertex -80.7479 -10.7479 0.599999
    endloop
  endfacet
  facet normal -0.352225 -0.935915 0
    outer loop
      vertex -75.8167 -14.0429 0.4
      vertex -74.8859 -14.3932 0.599999
      vertex -75.8167 -14.0429 0.599999
    endloop
  endfacet
  facet normal -0.352225 -0.935915 -0
    outer loop
      vertex -74.8859 -14.3932 0.599999
      vertex -75.8167 -14.0429 0.4
      vertex -74.8859 -14.3932 0.4
    endloop
  endfacet
  facet normal -0.772955 0.634461 0
    outer loop
      vertex -82.0589 9.25314 0.4
      vertex -81.4278 10.022 0.599999
      vertex -81.4278 10.022 0.4
    endloop
  endfacet
  facet normal -0.772955 0.634461 0
    outer loop
      vertex -81.4278 10.022 0.599999
      vertex -82.0589 9.25314 0.4
      vertex -82.0589 9.25314 0.599999
    endloop
  endfacet
  facet normal -0.881924 0.471391 0
    outer loop
      vertex -83.6324 6.7226 0.4
      vertex -83.1634 7.60005 0.599999
      vertex -83.1634 7.60005 0.4
    endloop
  endfacet
  facet normal -0.881924 0.471391 0
    outer loop
      vertex -83.1634 7.60005 0.599999
      vertex -83.6324 6.7226 0.4
      vertex -83.6324 6.7226 0.599999
    endloop
  endfacet
  facet normal 0.956926 -0.29033 0
    outer loop
      vertex 14.856 -7.0074 0.599999
      vertex 15.2702 -5.6422 0.4
      vertex 15.2702 -5.6422 0.599999
    endloop
  endfacet
  facet normal 0.956926 -0.29033 0
    outer loop
      vertex 15.2702 -5.6422 0.4
      vertex 14.856 -7.0074 0.599999
      vertex 14.856 -7.0074 0.4
    endloop
  endfacet
  facet normal 0.528098 -0.849184 0
    outer loop
      vertex 5.11314 -18.8792 0.4
      vertex 6.32445 -18.1259 0.599999
      vertex 5.11314 -18.8792 0.599999
    endloop
  endfacet
  facet normal 0.528098 -0.849184 0
    outer loop
      vertex 6.32445 -18.1259 0.599999
      vertex 5.11314 -18.8792 0.4
      vertex 6.32445 -18.1259 0.4
    endloop
  endfacet
  facet normal -0.812897 -0.582407 0
    outer loop
      vertex -82.0589 -9.25314 0.4
      vertex -82.6382 -8.44458 0.599999
      vertex -82.6382 -8.44458 0.4
    endloop
  endfacet
  facet normal -0.812897 -0.582407 0
    outer loop
      vertex -82.6382 -8.44458 0.599999
      vertex -82.0589 -9.25314 0.4
      vertex -82.0589 -9.25314 0.599999
    endloop
  endfacet
  facet normal 0.290333 -0.956926 0
    outer loop
      vertex -0.144684 -21.0571 0.4
      vertex 1.2205 -20.6429 0.599999
      vertex -0.144684 -21.0571 0.599999
    endloop
  endfacet
  facet normal 0.290333 -0.956926 0
    outer loop
      vertex 1.2205 -20.6429 0.599999
      vertex -0.144684 -21.0571 0.4
      vertex 1.2205 -20.6429 0.4
    endloop
  endfacet
  facet normal -0.935918 -0.352218 0
    outer loop
      vertex -84.0429 -5.81673 0.4
      vertex -84.3932 -4.88591 0.599999
      vertex -84.3932 -4.88591 0.4
    endloop
  endfacet
  facet normal -0.935918 -0.352218 0
    outer loop
      vertex -84.3932 -4.88591 0.599999
      vertex -84.0429 -5.81673 0.4
      vertex -84.0429 -5.81673 0.599999
    endloop
  endfacet
  facet normal -0.999463 0.032776 0
    outer loop
      vertex -85.1999 0 0.4
      vertex -85.1673 0.994095 0.599999
      vertex -85.1673 0.994095 0.4
    endloop
  endfacet
  facet normal -0.999463 0.032776 0
    outer loop
      vertex -85.1673 0.994095 0.599999
      vertex -85.1999 0 0.4
      vertex -85.1999 0 0.599999
    endloop
  endfacet
  facet normal -0.986628 -0.162987 0
    outer loop
      vertex -84.9078 -2.96527 0.4
      vertex -85.0699 -1.98401 0.599999
      vertex -85.0699 -1.98401 0.4
    endloop
  endfacet
  facet normal -0.986628 -0.162987 0
    outer loop
      vertex -85.0699 -1.98401 0.599999
      vertex -84.9078 -2.96527 0.4
      vertex -84.9078 -2.96527 0.599999
    endloop
  endfacet
  facet normal -0.0327376 0.999464 0
    outer loop
      vertex -5.7869 21.7999 0.4
      vertex -7.21263 21.7532 0.599999
      vertex -5.7869 21.7999 0.599999
    endloop
  endfacet
  facet normal -0.0327376 0.999464 0
    outer loop
      vertex -7.21263 21.7532 0.599999
      vertex -5.7869 21.7999 0.4
      vertex -7.21263 21.7532 0.4
    endloop
  endfacet
  facet normal 0.0979948 0.995187 -0
    outer loop
      vertex -2.94141 21.6134 0.4
      vertex -4.36115 21.7532 0.599999
      vertex -2.94141 21.6134 0.599999
    endloop
  endfacet
  facet normal 0.0979948 0.995187 0
    outer loop
      vertex -4.36115 21.7532 0.599999
      vertex -2.94141 21.6134 0.4
      vertex -4.36115 21.7532 0.4
    endloop
  endfacet
  facet normal -0.910843 -0.412753 0
    outer loop
      vertex -83.6324 -6.7226 0.4
      vertex -84.0429 -5.81673 0.599999
      vertex -84.0429 -5.81673 0.4
    endloop
  endfacet
  facet normal -0.910843 -0.412753 0
    outer loop
      vertex -84.0429 -5.81673 0.599999
      vertex -83.6324 -6.7226 0.4
      vertex -83.6324 -6.7226 0.599999
    endloop
  endfacet
  facet normal 0.729842 -0.683616 0
    outer loop
      vertex 9.62794 -15.4148 0.599999
      vertex 10.6031 -14.3737 0.4
      vertex 10.6031 -14.3737 0.599999
    endloop
  endfacet
  facet normal 0.729842 -0.683616 0
    outer loop
      vertex 10.6031 -14.3737 0.4
      vertex 9.62794 -15.4148 0.599999
      vertex 9.62794 -15.4148 0.4
    endloop
  endfacet
  facet normal -0.582436 0.812877 0
    outer loop
      vertex -78.4446 12.6382 0.4
      vertex -79.2531 12.0589 0.599999
      vertex -78.4446 12.6382 0.599999
    endloop
  endfacet
  facet normal -0.582436 0.812877 0
    outer loop
      vertex -79.2531 12.0589 0.599999
      vertex -78.4446 12.6382 0.4
      vertex -79.2531 12.0589 0.4
    endloop
  endfacet
  facet normal 0.68362 -0.729838 0
    outer loop
      vertex 8.58681 -16.39 0.4
      vertex 9.62794 -15.4148 0.599999
      vertex 8.58681 -16.39 0.599999
    endloop
  endfacet
  facet normal 0.68362 -0.729838 0
    outer loop
      vertex 9.62794 -15.4148 0.599999
      vertex 8.58681 -16.39 0.4
      vertex 9.62794 -15.4148 0.4
    endloop
  endfacet
  facet normal 0.986639 0.16292 0
    outer loop
      vertex 15.8265 2.84547 0.599999
      vertex 15.5941 4.25288 0.4
      vertex 15.5941 4.25288 0.599999
    endloop
  endfacet
  facet normal 0.986639 0.16292 0
    outer loop
      vertex 15.5941 4.25288 0.4
      vertex 15.8265 2.84547 0.599999
      vertex 15.8265 2.84547 0.4
    endloop
  endfacet
  facet normal 0.772998 0.634409 0
    outer loop
      vertex 11.5081 13.271 0.599999
      vertex 10.6031 14.3737 0.4
      vertex 10.6031 14.3737 0.599999
    endloop
  endfacet
  facet normal 0.772998 0.634409 0
    outer loop
      vertex 10.6031 14.3737 0.4
      vertex 11.5081 13.271 0.599999
      vertex 11.5081 13.271 0.4
    endloop
  endfacet
  facet normal 0.84924 0.528007 0
    outer loop
      vertex 13.0923 10.8999 0.599999
      vertex 12.339 12.1115 0.4
      vertex 12.339 12.1115 0.599999
    endloop
  endfacet
  facet normal 0.84924 0.528007 0
    outer loop
      vertex 12.339 12.1115 0.4
      vertex 13.0923 10.8999 0.599999
      vertex 13.0923 10.8999 0.4
    endloop
  endfacet
  facet normal 0.910862 0.412712 0
    outer loop
      vertex 14.3536 8.34244 0.599999
      vertex 13.7649 9.64171 0.4
      vertex 13.7649 9.64171 0.599999
    endloop
  endfacet
  facet normal 0.910862 0.412712 0
    outer loop
      vertex 13.7649 9.64171 0.4
      vertex 14.3536 8.34244 0.599999
      vertex 14.3536 8.34244 0.4
    endloop
  endfacet
  facet normal -0.849185 0.528095 0
    outer loop
      vertex -83.1634 7.60005 0.4
      vertex -82.6382 8.44458 0.599999
      vertex -82.6382 8.44458 0.4
    endloop
  endfacet
  facet normal -0.849185 0.528095 0
    outer loop
      vertex -82.6382 8.44458 0.599999
      vertex -83.1634 7.60005 0.4
      vertex -83.1634 7.60005 0.599999
    endloop
  endfacet
  facet normal 0.729842 0.683616 0
    outer loop
      vertex 10.6031 14.3737 0.599999
      vertex 9.62794 15.4148 0.4
      vertex 9.62794 15.4148 0.599999
    endloop
  endfacet
  facet normal 0.729842 0.683616 0
    outer loop
      vertex 9.62794 15.4148 0.4
      vertex 10.6031 14.3737 0.599999
      vertex 10.6031 14.3737 0.4
    endloop
  endfacet
  facet normal 0.910862 -0.412712 0
    outer loop
      vertex 13.7649 -9.64171 0.599999
      vertex 14.3536 -8.34244 0.4
      vertex 14.3536 -8.34244 0.599999
    endloop
  endfacet
  facet normal 0.910862 -0.412712 0
    outer loop
      vertex 14.3536 -8.34244 0.4
      vertex 13.7649 -9.64171 0.599999
      vertex 13.7649 -9.64171 0.4
    endloop
  endfacet
  facet normal 0.772998 -0.634409 0
    outer loop
      vertex 10.6031 -14.3737 0.599999
      vertex 11.5081 -13.271 0.4
      vertex 11.5081 -13.271 0.599999
    endloop
  endfacet
  facet normal 0.772998 -0.634409 0
    outer loop
      vertex 11.5081 -13.271 0.4
      vertex 10.6031 -14.3737 0.599999
      vertex 10.6031 -14.3737 0.4
    endloop
  endfacet
  facet normal 0.995187 0.0979962 0
    outer loop
      vertex 15.9663 1.42575 0.599999
      vertex 15.8265 2.84547 0.4
      vertex 15.8265 2.84547 0.599999
    endloop
  endfacet
  facet normal 0.995187 0.0979962 0
    outer loop
      vertex 15.8265 2.84547 0.4
      vertex 15.9663 1.42575 0.599999
      vertex 15.9663 1.42575 0.4
    endloop
  endfacet
  facet normal 0.471401 0.881919 -0
    outer loop
      vertex 5.11314 18.8792 0.4
      vertex 3.85481 19.5518 0.599999
      vertex 5.11314 18.8792 0.599999
    endloop
  endfacet
  facet normal 0.471401 0.881919 0
    outer loop
      vertex 3.85481 19.5518 0.599999
      vertex 5.11314 18.8792 0.4
      vertex 3.85481 19.5518 0.4
    endloop
  endfacet
  facet normal 0.935923 0.352205 0
    outer loop
      vertex 14.856 7.0074 0.599999
      vertex 14.3536 8.34244 0.4
      vertex 14.3536 8.34244 0.599999
    endloop
  endfacet
  facet normal 0.935923 0.352205 0
    outer loop
      vertex 14.3536 8.34244 0.4
      vertex 14.856 7.0074 0.599999
      vertex 14.856 7.0074 0.4
    endloop
  endfacet
  facet normal 0.956926 0.29033 0
    outer loop
      vertex 15.2702 5.6422 0.599999
      vertex 14.856 7.0074 0.4
      vertex 14.856 7.0074 0.599999
    endloop
  endfacet
  facet normal 0.956926 0.29033 0
    outer loop
      vertex 14.856 7.0074 0.4
      vertex 15.2702 5.6422 0.599999
      vertex 15.2702 5.6422 0.4
    endloop
  endfacet
  facet normal 0.935923 -0.352205 0
    outer loop
      vertex 14.3536 -8.34244 0.599999
      vertex 14.856 -7.0074 0.4
      vertex 14.856 -7.0074 0.599999
    endloop
  endfacet
  facet normal 0.935923 -0.352205 0
    outer loop
      vertex 14.856 -7.0074 0.4
      vertex 14.3536 -8.34244 0.599999
      vertex 14.3536 -8.34244 0.4
    endloop
  endfacet
  facet normal 0.84924 -0.528007 0
    outer loop
      vertex 12.339 -12.1115 0.599999
      vertex 13.0923 -10.8999 0.4
      vertex 13.0923 -10.8999 0.599999
    endloop
  endfacet
  facet normal 0.84924 -0.528007 0
    outer loop
      vertex 13.0923 -10.8999 0.4
      vertex 12.339 -12.1115 0.599999
      vertex 12.339 -12.1115 0.4
    endloop
  endfacet
  facet normal 0.352205 -0.935923 0
    outer loop
      vertex 1.2205 -20.6429 0.4
      vertex 2.55554 -20.1405 0.599999
      vertex 1.2205 -20.6429 0.599999
    endloop
  endfacet
  facet normal 0.352205 -0.935923 0
    outer loop
      vertex 2.55554 -20.1405 0.599999
      vertex 1.2205 -20.6429 0.4
      vertex 2.55554 -20.1405 0.4
    endloop
  endfacet
  facet normal 0.227048 -0.973884 0
    outer loop
      vertex -1.534 -21.381 2.4
      vertex -0.144684 -21.0571 2.6
      vertex -1.534 -21.381 2.6
    endloop
  endfacet
  facet normal 0.227048 -0.973884 0
    outer loop
      vertex -0.144684 -21.0571 2.6
      vertex -1.534 -21.381 2.4
      vertex -0.144684 -21.0571 2.4
    endloop
  endfacet
  facet normal -0.995194 0.0979194 0
    outer loop
      vertex -85.1673 0.994095 2.4
      vertex -85.0699 1.98401 2.6
      vertex -85.0699 1.98401 2.4
    endloop
  endfacet
  facet normal -0.995194 0.0979194 0
    outer loop
      vertex -85.0699 1.98401 2.6
      vertex -85.1673 0.994095 2.4
      vertex -85.1673 0.994095 2.6
    endloop
  endfacet
  facet normal 0.986639 -0.16292 0
    outer loop
      vertex 15.5941 -4.25288 2.6
      vertex 15.8265 -2.84547 2.4
      vertex 15.8265 -2.84547 2.6
    endloop
  endfacet
  facet normal 0.986639 -0.16292 0
    outer loop
      vertex 15.8265 -2.84547 2.4
      vertex 15.5941 -4.25288 2.6
      vertex 15.5941 -4.25288 2.4
    endloop
  endfacet
  facet normal 0.582444 0.812871 -0
    outer loop
      vertex 7.48407 17.295 2.4
      vertex 6.32445 18.1259 2.6
      vertex 7.48407 17.295 2.6
    endloop
  endfacet
  facet normal 0.582444 0.812871 0
    outer loop
      vertex 6.32445 18.1259 2.6
      vertex 7.48407 17.295 2.4
      vertex 6.32445 18.1259 2.4
    endloop
  endfacet
  facet normal 0.412712 0.910862 -0
    outer loop
      vertex 3.85481 19.5518 2.4
      vertex 2.55554 20.1405 2.6
      vertex 3.85481 19.5518 2.6
    endloop
  endfacet
  facet normal 0.412712 0.910862 0
    outer loop
      vertex 2.55554 20.1405 2.6
      vertex 3.85481 19.5518 2.4
      vertex 2.55554 20.1405 2.4
    endloop
  endfacet
  facet normal -0.0327376 -0.999464 0
    outer loop
      vertex -7.21263 -21.7532 2.4
      vertex -5.7869 -21.7999 2.6
      vertex -7.21263 -21.7532 2.6
    endloop
  endfacet
  facet normal -0.0327376 -0.999464 -0
    outer loop
      vertex -5.7869 -21.7999 2.6
      vertex -7.21263 -21.7532 2.4
      vertex -5.7869 -21.7999 2.4
    endloop
  endfacet
  facet normal -0.986628 0.162987 0
    outer loop
      vertex -85.0699 1.98401 2.4
      vertex -84.9078 2.96527 2.6
      vertex -84.9078 2.96527 2.4
    endloop
  endfacet
  facet normal -0.986628 0.162987 0
    outer loop
      vertex -84.9078 2.96527 2.6
      vertex -85.0699 1.98401 2.4
      vertex -85.0699 1.98401 2.6
    endloop
  endfacet
  facet normal -0.162916 -0.98664 0
    outer loop
      vertex -72.9653 -14.9078 2.4
      vertex -71.9836 -15.0699 2.6
      vertex -72.9653 -14.9078 2.6
    endloop
  endfacet
  facet normal -0.162916 -0.98664 -0
    outer loop
      vertex -71.9836 -15.0699 2.6
      vertex -72.9653 -14.9078 2.4
      vertex -71.9836 -15.0699 2.4
    endloop
  endfacet
  facet normal 0.412712 -0.910862 0
    outer loop
      vertex 2.55554 -20.1405 2.4
      vertex 3.85481 -19.5518 2.6
      vertex 2.55554 -20.1405 2.6
    endloop
  endfacet
  facet normal 0.412712 -0.910862 0
    outer loop
      vertex 3.85481 -19.5518 2.6
      vertex 2.55554 -20.1405 2.4
      vertex 3.85481 -19.5518 2.4
    endloop
  endfacet
  facet normal 0.995187 -0.0979962 0
    outer loop
      vertex 15.8265 -2.84547 2.6
      vertex 15.9663 -1.42575 2.4
      vertex 15.9663 -1.42575 2.6
    endloop
  endfacet
  facet normal 0.995187 -0.0979962 0
    outer loop
      vertex 15.9663 -1.42575 2.4
      vertex 15.8265 -2.84547 2.6
      vertex 15.8265 -2.84547 2.4
    endloop
  endfacet
  facet normal -0.102742 -0.994708 0
    outer loop
      vertex -71.9836 -15.0699 2.4
      vertex -8.63791 -21.6128 2.6
      vertex -71.9836 -15.0699 2.6
    endloop
  endfacet
  facet normal -0.102742 -0.994708 -0
    outer loop
      vertex -8.63791 -21.6128 2.6
      vertex -71.9836 -15.0699 2.4
      vertex -8.63791 -21.6128 2.4
    endloop
  endfacet
  facet normal 0.227048 0.973884 -0
    outer loop
      vertex -0.144684 21.0571 2.4
      vertex -1.534 21.381 2.6
      vertex -0.144684 21.0571 2.6
    endloop
  endfacet
  facet normal 0.227048 0.973884 0
    outer loop
      vertex -1.534 21.381 2.6
      vertex -0.144684 21.0571 2.4
      vertex -1.534 21.381 2.4
    endloop
  endfacet
  facet normal 0.973884 -0.227047 0
    outer loop
      vertex 15.2702 -5.6422 2.6
      vertex 15.5941 -4.25288 2.4
      vertex 15.5941 -4.25288 2.6
    endloop
  endfacet
  facet normal 0.973884 -0.227047 0
    outer loop
      vertex 15.5941 -4.25288 2.4
      vertex 15.2702 -5.6422 2.6
      vertex 15.2702 -5.6422 2.4
    endloop
  endfacet
  facet normal -0.973893 -0.227006 0
    outer loop
      vertex -84.682 -3.93399 2.4
      vertex -84.9078 -2.96527 2.6
      vertex -84.9078 -2.96527 2.4
    endloop
  endfacet
  facet normal -0.973893 -0.227006 0
    outer loop
      vertex -84.9078 -2.96527 2.6
      vertex -84.682 -3.93399 2.4
      vertex -84.682 -3.93399 2.6
    endloop
  endfacet
  facet normal -0.471371 0.881935 0
    outer loop
      vertex -76.7226 13.6324 2.4
      vertex -77.6001 13.1634 2.6
      vertex -76.7226 13.6324 2.6
    endloop
  endfacet
  facet normal -0.471371 0.881935 0
    outer loop
      vertex -77.6001 13.1634 2.6
      vertex -76.7226 13.6324 2.4
      vertex -77.6001 13.1634 2.4
    endloop
  endfacet
  facet normal -0.0980325 -0.995183 0
    outer loop
      vertex -8.63791 -21.6128 2.4
      vertex -7.21263 -21.7532 2.6
      vertex -8.63791 -21.6128 2.6
    endloop
  endfacet
  facet normal -0.0980325 -0.995183 -0
    outer loop
      vertex -7.21263 -21.7532 2.6
      vertex -8.63791 -21.6128 2.4
      vertex -7.21263 -21.7532 2.4
    endloop
  endfacet
  facet normal -0.812897 0.582407 0
    outer loop
      vertex -82.6382 8.44458 2.4
      vertex -82.0589 9.25314 2.6
      vertex -82.0589 9.25314 2.4
    endloop
  endfacet
  facet normal -0.812897 0.582407 0
    outer loop
      vertex -82.0589 9.25314 2.6
      vertex -82.6382 8.44458 2.4
      vertex -82.6382 8.44458 2.6
    endloop
  endfacet
  facet normal -0.162916 0.98664 0
    outer loop
      vertex -71.9836 15.0699 2.4
      vertex -72.9653 14.9078 2.6
      vertex -71.9836 15.0699 2.6
    endloop
  endfacet
  facet normal -0.162916 0.98664 0
    outer loop
      vertex -72.9653 14.9078 2.6
      vertex -71.9836 15.0699 2.4
      vertex -72.9653 14.9078 2.4
    endloop
  endfacet
  facet normal 0.0327371 -0.999464 0
    outer loop
      vertex -5.7869 -21.7999 2.4
      vertex -4.36115 -21.7532 2.6
      vertex -5.7869 -21.7999 2.6
    endloop
  endfacet
  facet normal 0.0327371 -0.999464 0
    outer loop
      vertex -4.36115 -21.7532 2.6
      vertex -5.7869 -21.7999 2.4
      vertex -4.36115 -21.7532 2.4
    endloop
  endfacet
  facet normal 0.881897 -0.471442 0
    outer loop
      vertex 13.0923 -10.8999 2.6
      vertex 13.7649 -9.64171 2.4
      vertex 13.7649 -9.64171 2.6
    endloop
  endfacet
  facet normal 0.881897 -0.471442 0
    outer loop
      vertex 13.7649 -9.64171 2.4
      vertex 13.0923 -10.8999 2.6
      vertex 13.0923 -10.8999 2.4
    endloop
  endfacet
  facet normal -0.0980325 0.995183 0
    outer loop
      vertex -7.21263 21.7532 2.4
      vertex -8.63791 21.6128 2.6
      vertex -7.21263 21.7532 2.6
    endloop
  endfacet
  facet normal -0.0980325 0.995183 0
    outer loop
      vertex -8.63791 21.6128 2.6
      vertex -7.21263 21.7532 2.4
      vertex -8.63791 21.6128 2.4
    endloop
  endfacet
  facet normal -0.102742 0.994708 0
    outer loop
      vertex -8.63791 21.6128 2.4
      vertex -71.9836 15.0699 2.6
      vertex -8.63791 21.6128 2.6
    endloop
  endfacet
  facet normal -0.102742 0.994708 0
    outer loop
      vertex -71.9836 15.0699 2.6
      vertex -8.63791 21.6128 2.4
      vertex -71.9836 15.0699 2.4
    endloop
  endfacet
  facet normal -0.290325 0.956928 0
    outer loop
      vertex -73.934 14.682 2.4
      vertex -74.8859 14.3932 2.6
      vertex -73.934 14.682 2.6
    endloop
  endfacet
  facet normal -0.290325 0.956928 0
    outer loop
      vertex -74.8859 14.3932 2.6
      vertex -73.934 14.682 2.4
      vertex -74.8859 14.3932 2.4
    endloop
  endfacet
  facet normal -0.95693 0.29032 0
    outer loop
      vertex -84.682 3.93399 2.4
      vertex -84.3932 4.88591 2.6
      vertex -84.3932 4.88591 2.4
    endloop
  endfacet
  facet normal -0.95693 0.29032 0
    outer loop
      vertex -84.3932 4.88591 2.6
      vertex -84.682 3.93399 2.4
      vertex -84.682 3.93399 2.6
    endloop
  endfacet
  facet normal 0.16292 -0.986639 0
    outer loop
      vertex -2.94141 -21.6134 2.4
      vertex -1.534 -21.381 2.6
      vertex -2.94141 -21.6134 2.6
    endloop
  endfacet
  facet normal 0.16292 -0.986639 0
    outer loop
      vertex -1.534 -21.381 2.6
      vertex -2.94141 -21.6134 2.4
      vertex -1.534 -21.381 2.4
    endloop
  endfacet
  facet normal 0.812842 -0.582484 0
    outer loop
      vertex 11.5081 -13.271 2.6
      vertex 12.339 -12.1115 2.4
      vertex 12.339 -12.1115 2.6
    endloop
  endfacet
  facet normal 0.812842 -0.582484 0
    outer loop
      vertex 12.339 -12.1115 2.4
      vertex 11.5081 -13.271 2.6
      vertex 11.5081 -13.271 2.4
    endloop
  endfacet
  facet normal 0.471401 -0.881919 0
    outer loop
      vertex 3.85481 -19.5518 2.4
      vertex 5.11314 -18.8792 2.6
      vertex 3.85481 -19.5518 2.6
    endloop
  endfacet
  facet normal 0.471401 -0.881919 0
    outer loop
      vertex 5.11314 -18.8792 2.6
      vertex 3.85481 -19.5518 2.4
      vertex 5.11314 -18.8792 2.4
    endloop
  endfacet
  facet normal 0.999464 0.0327371 0
    outer loop
      vertex 16.013 0 2.6
      vertex 15.9663 1.42575 2.4
      vertex 15.9663 1.42575 2.6
    endloop
  endfacet
  facet normal 0.999464 0.0327371 0
    outer loop
      vertex 15.9663 1.42575 2.4
      vertex 16.013 0 2.6
      vertex 16.013 0 2.4
    endloop
  endfacet
  facet normal 0.634395 -0.773009 0
    outer loop
      vertex 7.48407 -17.295 2.4
      vertex 8.58681 -16.39 2.6
      vertex 7.48407 -17.295 2.6
    endloop
  endfacet
  facet normal 0.634395 -0.773009 0
    outer loop
      vertex 8.58681 -16.39 2.6
      vertex 7.48407 -17.295 2.4
      vertex 8.58681 -16.39 2.4
    endloop
  endfacet
  facet normal -0.22701 -0.973892 0
    outer loop
      vertex -73.934 -14.682 2.4
      vertex -72.9653 -14.9078 2.6
      vertex -73.934 -14.682 2.6
    endloop
  endfacet
  facet normal -0.22701 -0.973892 -0
    outer loop
      vertex -72.9653 -14.9078 2.6
      vertex -73.934 -14.682 2.4
      vertex -72.9653 -14.9078 2.4
    endloop
  endfacet
  facet normal 0.528098 0.849184 -0
    outer loop
      vertex 6.32445 18.1259 2.4
      vertex 5.11314 18.8792 2.6
      vertex 6.32445 18.1259 2.6
    endloop
  endfacet
  facet normal 0.528098 0.849184 0
    outer loop
      vertex 5.11314 18.8792 2.6
      vertex 6.32445 18.1259 2.4
      vertex 5.11314 18.8792 2.4
    endloop
  endfacet
  facet normal -0.352225 0.935915 0
    outer loop
      vertex -74.8859 14.3932 2.4
      vertex -75.8167 14.0429 2.6
      vertex -74.8859 14.3932 2.6
    endloop
  endfacet
  facet normal -0.352225 0.935915 0
    outer loop
      vertex -75.8167 14.0429 2.6
      vertex -74.8859 14.3932 2.4
      vertex -75.8167 14.0429 2.4
    endloop
  endfacet
  facet normal -0.881924 -0.471391 0
    outer loop
      vertex -83.1634 -7.60005 2.4
      vertex -83.6324 -6.7226 2.6
      vertex -83.6324 -6.7226 2.4
    endloop
  endfacet
  facet normal -0.881924 -0.471391 0
    outer loop
      vertex -83.6324 -6.7226 2.6
      vertex -83.1634 -7.60005 2.4
      vertex -83.1634 -7.60005 2.6
    endloop
  endfacet
  facet normal -0.22701 0.973892 0
    outer loop
      vertex -72.9653 14.9078 2.4
      vertex -73.934 14.682 2.6
      vertex -72.9653 14.9078 2.6
    endloop
  endfacet
  facet normal -0.22701 0.973892 0
    outer loop
      vertex -73.934 14.682 2.6
      vertex -72.9653 14.9078 2.4
      vertex -73.934 14.682 2.4
    endloop
  endfacet
  facet normal -0.910843 0.412753 0
    outer loop
      vertex -84.0429 5.81673 2.4
      vertex -83.6324 6.7226 2.6
      vertex -83.6324 6.7226 2.4
    endloop
  endfacet
  facet normal -0.910843 0.412753 0
    outer loop
      vertex -83.6324 6.7226 2.6
      vertex -84.0429 5.81673 2.4
      vertex -84.0429 5.81673 2.6
    endloop
  endfacet
  facet normal 0.352205 0.935923 -0
    outer loop
      vertex 2.55554 20.1405 2.4
      vertex 1.2205 20.6429 2.6
      vertex 2.55554 20.1405 2.6
    endloop
  endfacet
  facet normal 0.352205 0.935923 0
    outer loop
      vertex 1.2205 20.6429 2.6
      vertex 2.55554 20.1405 2.4
      vertex 1.2205 20.6429 2.4
    endloop
  endfacet
  facet normal -0.999463 -0.032776 0
    outer loop
      vertex -85.1673 -0.994095 2.4
      vertex -85.1999 0 2.6
      vertex -85.1999 0 2.4
    endloop
  endfacet
  facet normal -0.999463 -0.032776 0
    outer loop
      vertex -85.1999 0 2.6
      vertex -85.1673 -0.994095 2.4
      vertex -85.1673 -0.994095 2.6
    endloop
  endfacet
  facet normal 0.0979948 -0.995187 0
    outer loop
      vertex -4.36115 -21.7532 2.4
      vertex -2.94141 -21.6134 2.6
      vertex -4.36115 -21.7532 2.6
    endloop
  endfacet
  facet normal 0.0979948 -0.995187 0
    outer loop
      vertex -2.94141 -21.6134 2.6
      vertex -4.36115 -21.7532 2.4
      vertex -2.94141 -21.6134 2.4
    endloop
  endfacet
  facet normal -0.935918 0.352218 0
    outer loop
      vertex -84.3932 4.88591 2.4
      vertex -84.0429 5.81673 2.6
      vertex -84.0429 5.81673 2.4
    endloop
  endfacet
  facet normal -0.935918 0.352218 0
    outer loop
      vertex -84.0429 5.81673 2.6
      vertex -84.3932 4.88591 2.4
      vertex -84.3932 4.88591 2.6
    endloop
  endfacet
  facet normal -0.582436 -0.812877 0
    outer loop
      vertex -79.2531 -12.0589 2.4
      vertex -78.4446 -12.6382 2.6
      vertex -79.2531 -12.0589 2.6
    endloop
  endfacet
  facet normal -0.582436 -0.812877 -0
    outer loop
      vertex -78.4446 -12.6382 2.6
      vertex -79.2531 -12.0589 2.4
      vertex -78.4446 -12.6382 2.4
    endloop
  endfacet
  facet normal 0.973884 0.227047 0
    outer loop
      vertex 15.5941 4.25288 2.6
      vertex 15.2702 5.6422 2.4
      vertex 15.2702 5.6422 2.6
    endloop
  endfacet
  facet normal 0.973884 0.227047 0
    outer loop
      vertex 15.2702 5.6422 2.4
      vertex 15.5941 4.25288 2.6
      vertex 15.5941 4.25288 2.4
    endloop
  endfacet
  facet normal -0.95693 -0.29032 0
    outer loop
      vertex -84.3932 -4.88591 2.4
      vertex -84.682 -3.93399 2.6
      vertex -84.682 -3.93399 2.4
    endloop
  endfacet
  facet normal -0.95693 -0.29032 0
    outer loop
      vertex -84.682 -3.93399 2.6
      vertex -84.3932 -4.88591 2.4
      vertex -84.3932 -4.88591 2.6
    endloop
  endfacet
  facet normal -0.290325 -0.956928 0
    outer loop
      vertex -74.8859 -14.3932 2.4
      vertex -73.934 -14.682 2.6
      vertex -74.8859 -14.3932 2.6
    endloop
  endfacet
  facet normal -0.290325 -0.956928 -0
    outer loop
      vertex -73.934 -14.682 2.6
      vertex -74.8859 -14.3932 2.4
      vertex -73.934 -14.682 2.4
    endloop
  endfacet
  facet normal -0.683603 0.729854 0
    outer loop
      vertex -80.022 11.4278 2.4
      vertex -80.7479 10.7479 2.6
      vertex -80.022 11.4278 2.6
    endloop
  endfacet
  facet normal -0.683603 0.729854 0
    outer loop
      vertex -80.7479 10.7479 2.6
      vertex -80.022 11.4278 2.4
      vertex -80.7479 10.7479 2.4
    endloop
  endfacet
  facet normal 0.0327371 0.999464 -0
    outer loop
      vertex -4.36115 21.7532 2.4
      vertex -5.7869 21.7999 2.6
      vertex -4.36115 21.7532 2.6
    endloop
  endfacet
  facet normal 0.0327371 0.999464 0
    outer loop
      vertex -5.7869 21.7999 2.6
      vertex -4.36115 21.7532 2.4
      vertex -5.7869 21.7999 2.4
    endloop
  endfacet
  facet normal 0.999464 -0.0327371 0
    outer loop
      vertex 15.9663 -1.42575 2.6
      vertex 16.013 0 2.4
      vertex 16.013 0 2.6
    endloop
  endfacet
  facet normal 0.999464 -0.0327371 0
    outer loop
      vertex 16.013 0 2.4
      vertex 15.9663 -1.42575 2.6
      vertex 15.9663 -1.42575 2.4
    endloop
  endfacet
  facet normal -0.412742 0.910848 0
    outer loop
      vertex -75.8167 14.0429 2.4
      vertex -76.7226 13.6324 2.6
      vertex -75.8167 14.0429 2.6
    endloop
  endfacet
  facet normal -0.412742 0.910848 0
    outer loop
      vertex -76.7226 13.6324 2.6
      vertex -75.8167 14.0429 2.4
      vertex -76.7226 13.6324 2.4
    endloop
  endfacet
  facet normal 0.290333 0.956926 -0
    outer loop
      vertex 1.2205 20.6429 2.4
      vertex -0.144684 21.0571 2.6
      vertex 1.2205 20.6429 2.6
    endloop
  endfacet
  facet normal 0.290333 0.956926 0
    outer loop
      vertex -0.144684 21.0571 2.6
      vertex 1.2205 20.6429 2.4
      vertex -0.144684 21.0571 2.4
    endloop
  endfacet
  facet normal -0.412742 -0.910848 0
    outer loop
      vertex -76.7226 -13.6324 2.4
      vertex -75.8167 -14.0429 2.6
      vertex -76.7226 -13.6324 2.6
    endloop
  endfacet
  facet normal -0.412742 -0.910848 -0
    outer loop
      vertex -75.8167 -14.0429 2.6
      vertex -76.7226 -13.6324 2.4
      vertex -75.8167 -14.0429 2.4
    endloop
  endfacet
  facet normal -0.528109 0.849177 0
    outer loop
      vertex -77.6001 13.1634 2.4
      vertex -78.4446 12.6382 2.6
      vertex -77.6001 13.1634 2.6
    endloop
  endfacet
  facet normal -0.528109 0.849177 0
    outer loop
      vertex -78.4446 12.6382 2.6
      vertex -77.6001 13.1634 2.4
      vertex -78.4446 12.6382 2.4
    endloop
  endfacet
  facet normal -0.683603 -0.729854 0
    outer loop
      vertex -80.7479 -10.7479 2.4
      vertex -80.022 -11.4278 2.6
      vertex -80.7479 -10.7479 2.6
    endloop
  endfacet
  facet normal -0.683603 -0.729854 -0
    outer loop
      vertex -80.022 -11.4278 2.6
      vertex -80.7479 -10.7479 2.4
      vertex -80.022 -11.4278 2.4
    endloop
  endfacet
  facet normal -0.995194 -0.0979194 0
    outer loop
      vertex -85.0699 -1.98401 2.4
      vertex -85.1673 -0.994095 2.6
      vertex -85.1673 -0.994095 2.4
    endloop
  endfacet
  facet normal -0.995194 -0.0979194 0
    outer loop
      vertex -85.1673 -0.994095 2.6
      vertex -85.0699 -1.98401 2.4
      vertex -85.0699 -1.98401 2.6
    endloop
  endfacet
  facet normal 0.68362 0.729838 -0
    outer loop
      vertex 9.62794 15.4148 2.4
      vertex 8.58681 16.39 2.6
      vertex 9.62794 15.4148 2.6
    endloop
  endfacet
  facet normal 0.68362 0.729838 0
    outer loop
      vertex 8.58681 16.39 2.6
      vertex 9.62794 15.4148 2.4
      vertex 8.58681 16.39 2.4
    endloop
  endfacet
  facet normal 0.995187 0.0979962 0
    outer loop
      vertex 15.9663 1.42575 2.6
      vertex 15.8265 2.84547 2.4
      vertex 15.8265 2.84547 2.6
    endloop
  endfacet
  facet normal 0.995187 0.0979962 0
    outer loop
      vertex 15.8265 2.84547 2.4
      vertex 15.9663 1.42575 2.6
      vertex 15.9663 1.42575 2.4
    endloop
  endfacet
  facet normal 0.634395 0.773009 -0
    outer loop
      vertex 8.58681 16.39 2.4
      vertex 7.48407 17.295 2.6
      vertex 8.58681 16.39 2.6
    endloop
  endfacet
  facet normal 0.634395 0.773009 0
    outer loop
      vertex 7.48407 17.295 2.6
      vertex 8.58681 16.39 2.4
      vertex 7.48407 17.295 2.4
    endloop
  endfacet
  facet normal 0.812842 0.582484 0
    outer loop
      vertex 12.339 12.1115 2.6
      vertex 11.5081 13.271 2.4
      vertex 11.5081 13.271 2.6
    endloop
  endfacet
  facet normal 0.812842 0.582484 0
    outer loop
      vertex 11.5081 13.271 2.4
      vertex 12.339 12.1115 2.6
      vertex 12.339 12.1115 2.4
    endloop
  endfacet
  facet normal 0.881897 0.471442 0
    outer loop
      vertex 13.7649 9.64171 2.6
      vertex 13.0923 10.8999 2.4
      vertex 13.0923 10.8999 2.6
    endloop
  endfacet
  facet normal 0.881897 0.471442 0
    outer loop
      vertex 13.0923 10.8999 2.4
      vertex 13.7649 9.64171 2.6
      vertex 13.7649 9.64171 2.4
    endloop
  endfacet
  facet normal -0.471371 -0.881935 0
    outer loop
      vertex -77.6001 -13.1634 2.4
      vertex -76.7226 -13.6324 2.6
      vertex -77.6001 -13.1634 2.6
    endloop
  endfacet
  facet normal -0.471371 -0.881935 -0
    outer loop
      vertex -76.7226 -13.6324 2.6
      vertex -77.6001 -13.1634 2.4
      vertex -76.7226 -13.6324 2.4
    endloop
  endfacet
  facet normal 0.582444 -0.812871 0
    outer loop
      vertex 6.32445 -18.1259 2.4
      vertex 7.48407 -17.295 2.6
      vertex 6.32445 -18.1259 2.6
    endloop
  endfacet
  facet normal 0.582444 -0.812871 0
    outer loop
      vertex 7.48407 -17.295 2.6
      vertex 6.32445 -18.1259 2.4
      vertex 7.48407 -17.295 2.4
    endloop
  endfacet
  facet normal -0.634441 -0.772971 0
    outer loop
      vertex -80.022 -11.4278 2.4
      vertex -79.2531 -12.0589 2.6
      vertex -80.022 -11.4278 2.6
    endloop
  endfacet
  facet normal -0.634441 -0.772971 -0
    outer loop
      vertex -79.2531 -12.0589 2.6
      vertex -80.022 -11.4278 2.4
      vertex -79.2531 -12.0589 2.4
    endloop
  endfacet
  facet normal 0 0 1
    outer loop
      vertex 15.8129 0 2.6
      vertex 16.013 0 2.6
      vertex 15.9663 1.42575 2.6
    endloop
  endfacet
  facet normal 0 0 1
    outer loop
      vertex 15.7666 1.41266 2.6
      vertex 15.9663 1.42575 2.6
      vertex 15.8265 2.84547 2.6
    endloop
  endfacet
  facet normal 0 0 1
    outer loop
      vertex 16.013 0 2.6
      vertex 15.8129 0 2.6
      vertex 15.9663 -1.42575 2.6
    endloop
  endfacet
  facet normal -0 0 1
    outer loop
      vertex 15.7666 -1.41266 2.6
      vertex 15.9663 -1.42575 2.6
      vertex 15.8129 0 2.6
    endloop
  endfacet
  facet normal 0 0 1
    outer loop
      vertex 15.9663 1.42575 2.6
      vertex 15.7666 1.41266 2.6
      vertex 15.8129 0 2.6
    endloop
  endfacet
  facet normal 0 0 1
    outer loop
      vertex 15.8265 2.84547 2.6
      vertex 15.6281 2.81935 2.6
      vertex 15.7666 1.41266 2.6
    endloop
  endfacet
  facet normal 0 0 1
    outer loop
      vertex 15.5941 4.25288 2.6
      vertex 15.6281 2.81935 2.6
      vertex 15.8265 2.84547 2.6
    endloop
  endfacet
  facet normal 0 0 1
    outer loop
      vertex 15.5941 4.25288 2.6
      vertex 15.3979 4.21373 2.6
      vertex 15.6281 2.81935 2.6
    endloop
  endfacet
  facet normal 0 0 1
    outer loop
      vertex 15.2702 5.6422 2.6
      vertex 15.3979 4.21373 2.6
      vertex 15.5941 4.25288 2.6
    endloop
  endfacet
  facet normal 0 0 1
    outer loop
      vertex 15.2702 5.6422 2.6
      vertex 15.0769 5.5905 2.6
      vertex 15.3979 4.21373 2.6
    endloop
  endfacet
  facet normal 0 0 1
    outer loop
      vertex 14.856 7.0074 2.6
      vertex 15.0769 5.5905 2.6
      vertex 15.2702 5.6422 2.6
    endloop
  endfacet
  facet normal 0 0 1
    outer loop
      vertex 14.856 7.0074 2.6
      vertex 14.6666 6.9431 2.6
      vertex 15.0769 5.5905 2.6
    endloop
  endfacet
  facet normal 0 0 1
    outer loop
      vertex 14.3536 8.34244 2.6
      vertex 14.6666 6.9431 2.6
      vertex 14.856 7.0074 2.6
    endloop
  endfacet
  facet normal 0 0 1
    outer loop
      vertex 14.3536 8.34244 2.6
      vertex 14.1687 8.26576 2.6
      vertex 14.6666 6.9431 2.6
    endloop
  endfacet
  facet normal 0 0 1
    outer loop
      vertex 13.7649 9.64171 2.6
      vertex 14.1687 8.26576 2.6
      vertex 14.3536 8.34244 2.6
    endloop
  endfacet
  facet normal 0 0 1
    outer loop
      vertex 13.7649 9.64171 2.6
      vertex 13.5853 9.55344 2.6
      vertex 14.1687 8.26576 2.6
    endloop
  endfacet
  facet normal 0 0 1
    outer loop
      vertex 13.0923 10.8999 2.6
      vertex 13.5853 9.55344 2.6
      vertex 13.7649 9.64171 2.6
    endloop
  endfacet
  facet normal 0 0 1
    outer loop
      vertex 13.0923 10.8999 2.6
      vertex 12.9191 10.7999 2.6
      vertex 13.5853 9.55344 2.6
    endloop
  endfacet
  facet normal 0 0 1
    outer loop
      vertex 12.339 12.1115 2.6
      vertex 12.9191 10.7999 2.6
      vertex 13.0923 10.8999 2.6
    endloop
  endfacet
  facet normal 0 0 1
    outer loop
      vertex 12.339 12.1115 2.6
      vertex 12.1727 12.0002 2.6
      vertex 12.9191 10.7999 2.6
    endloop
  endfacet
  facet normal 0 0 1
    outer loop
      vertex 11.5081 13.271 2.6
      vertex 12.1727 12.0002 2.6
      vertex 12.339 12.1115 2.6
    endloop
  endfacet
  facet normal 0 0 1
    outer loop
      vertex 11.5081 13.271 2.6
      vertex 11.3494 13.1491 2.6
      vertex 12.1727 12.0002 2.6
    endloop
  endfacet
  facet normal 0 0 1
    outer loop
      vertex 10.6031 14.3737 2.6
      vertex 11.3494 13.1491 2.6
      vertex 11.5081 13.271 2.6
    endloop
  endfacet
  facet normal 0 0 1
    outer loop
      vertex 10.6031 14.3737 2.6
      vertex 10.4527 14.2417 2.6
      vertex 11.3494 13.1491 2.6
    endloop
  endfacet
  facet normal 0 0 1
    outer loop
      vertex 9.62794 15.4148 2.6
      vertex 10.4527 14.2417 2.6
      vertex 10.6031 14.3737 2.6
    endloop
  endfacet
  facet normal 0 0 1
    outer loop
      vertex 9.62794 15.4148 2.6
      vertex 9.48645 15.2733 2.6
      vertex 10.4527 14.2417 2.6
    endloop
  endfacet
  facet normal 0 0 1
    outer loop
      vertex 8.58681 16.39 2.6
      vertex 9.48645 15.2733 2.6
      vertex 9.62794 15.4148 2.6
    endloop
  endfacet
  facet normal 0 0 1
    outer loop
      vertex 8.58681 16.39 2.6
      vertex 8.45479 16.2396 2.6
      vertex 9.48645 15.2733 2.6
    endloop
  endfacet
  facet normal 0 0 1
    outer loop
      vertex 7.48407 17.295 2.6
      vertex 8.45479 16.2396 2.6
      vertex 8.58681 16.39 2.6
    endloop
  endfacet
  facet normal 0 0 1
    outer loop
      vertex 7.48407 17.295 2.6
      vertex 7.36217 17.1363 2.6
      vertex 8.45479 16.2396 2.6
    endloop
  endfacet
  facet normal 0 0 1
    outer loop
      vertex 6.32445 18.1259 2.6
      vertex 7.36217 17.1363 2.6
      vertex 7.48407 17.295 2.6
    endloop
  endfacet
  facet normal 0 0 1
    outer loop
      vertex 6.32445 18.1259 2.6
      vertex 6.21332 17.9595 2.6
      vertex 7.36217 17.1363 2.6
    endloop
  endfacet
  facet normal 0 0 1
    outer loop
      vertex 5.11314 18.8792 2.6
      vertex 6.21332 17.9595 2.6
      vertex 6.32445 18.1259 2.6
    endloop
  endfacet
  facet normal 0 0 1
    outer loop
      vertex 5.11314 18.8792 2.6
      vertex 5.013 18.7059 2.6
      vertex 6.21332 17.9595 2.6
    endloop
  endfacet
  facet normal 0 0 1
    outer loop
      vertex 3.85481 19.5518 2.6
      vertex 5.013 18.7059 2.6
      vertex 5.11314 18.8792 2.6
    endloop
  endfacet
  facet normal 0 0 1
    outer loop
      vertex 3.85481 19.5518 2.6
      vertex 3.76654 19.3722 2.6
      vertex 5.013 18.7059 2.6
    endloop
  endfacet
  facet normal 0 0 1
    outer loop
      vertex 2.55554 20.1405 2.6
      vertex 3.76654 19.3722 2.6
      vertex 3.85481 19.5518 2.6
    endloop
  endfacet
  facet normal 0 0 1
    outer loop
      vertex 2.55554 20.1405 2.6
      vertex 2.47887 19.9556 2.6
      vertex 3.76654 19.3722 2.6
    endloop
  endfacet
  facet normal 0 0 1
    outer loop
      vertex 1.2205 20.6429 2.6
      vertex 2.47887 19.9556 2.6
      vertex 2.55554 20.1405 2.6
    endloop
  endfacet
  facet normal 0 0 1
    outer loop
      vertex 1.2205 20.6429 2.6
      vertex 1.15627 20.4534 2.6
      vertex 2.47887 19.9556 2.6
    endloop
  endfacet
  facet normal 0 0 1
    outer loop
      vertex -0.144684 21.0571 2.6
      vertex 1.15627 20.4534 2.6
      vertex 1.2205 20.6429 2.6
    endloop
  endfacet
  facet normal 0 0 1
    outer loop
      vertex -0.144684 21.0571 2.6
      vertex -0.196457 20.8638 2.6
      vertex 1.15627 20.4534 2.6
    endloop
  endfacet
  facet normal 0 0 1
    outer loop
      vertex -1.534 21.381 2.6
      vertex -0.196457 20.8638 2.6
      vertex -0.144684 21.0571 2.6
    endloop
  endfacet
  facet normal 0 0 1
    outer loop
      vertex -1.534 21.381 2.6
      vertex -1.57315 21.1848 2.6
      vertex -0.196457 20.8638 2.6
    endloop
  endfacet
  facet normal 0 0 1
    outer loop
      vertex -2.94141 21.6134 2.6
      vertex -1.57315 21.1848 2.6
      vertex -1.534 21.381 2.6
    endloop
  endfacet
  facet normal 0 0 1
    outer loop
      vertex -2.94141 21.6134 2.6
      vertex -2.96751 21.415 2.6
      vertex -1.57315 21.1848 2.6
    endloop
  endfacet
  facet normal 0 0 1
    outer loop
      vertex -4.36115 21.7532 2.6
      vertex -2.96751 21.415 2.6
      vertex -2.94141 21.6134 2.6
    endloop
  endfacet
  facet normal 0 0 1
    outer loop
      vertex -4.36115 21.7532 2.6
      vertex -4.37425 21.5535 2.6
      vertex -2.96751 21.415 2.6
    endloop
  endfacet
  facet normal 0 0 1
    outer loop
      vertex -5.7869 21.7999 2.6
      vertex -4.37425 21.5535 2.6
      vertex -4.36115 21.7532 2.6
    endloop
  endfacet
  facet normal 0 0 1
    outer loop
      vertex -5.7869 21.7999 2.6
      vertex -5.7869 21.5998 2.6
      vertex -4.37425 21.5535 2.6
    endloop
  endfacet
  facet normal 0 0 1
    outer loop
      vertex -5.7869 21.7999 2.6
      vertex -7.19952 21.5535 2.6
      vertex -5.7869 21.5998 2.6
    endloop
  endfacet
  facet normal -0 0 1
    outer loop
      vertex -7.21263 21.7532 2.6
      vertex -7.19952 21.5535 2.6
      vertex -5.7869 21.7999 2.6
    endloop
  endfacet
  facet normal -0 0 1
    outer loop
      vertex -8.63791 21.6128 2.6
      vertex -7.19952 21.5535 2.6
      vertex -7.21263 21.7532 2.6
    endloop
  endfacet
  facet normal 0 0 1
    outer loop
      vertex -7.19952 21.5535 2.6
      vertex -8.63791 21.6128 2.6
      vertex -8.61737 21.4139 2.6
    endloop
  endfacet
  facet normal 0 0 1
    outer loop
      vertex -8.63791 21.6128 2.6
      vertex -71.957 14.8716 2.6
      vertex -8.61737 21.4139 2.6
    endloop
  endfacet
  facet normal -0 0 1
    outer loop
      vertex -71.9836 15.0699 2.6
      vertex -71.957 14.8716 2.6
      vertex -8.63791 21.6128 2.6
    endloop
  endfacet
  facet normal 0 0 1
    outer loop
      vertex -71.9836 15.0699 2.6
      vertex -72.9262 14.7116 2.6
      vertex -71.957 14.8716 2.6
    endloop
  endfacet
  facet normal -0 0 1
    outer loop
      vertex -72.9653 14.9078 2.6
      vertex -72.9262 14.7116 2.6
      vertex -71.9836 15.0699 2.6
    endloop
  endfacet
  facet normal 0 0 1
    outer loop
      vertex -72.9653 14.9078 2.6
      vertex -73.8823 14.4886 2.6
      vertex -72.9262 14.7116 2.6
    endloop
  endfacet
  facet normal -0 0 1
    outer loop
      vertex -73.934 14.682 2.6
      vertex -73.8823 14.4886 2.6
      vertex -72.9653 14.9078 2.6
    endloop
  endfacet
  facet normal 0 0 1
    outer loop
      vertex -73.934 14.682 2.6
      vertex -74.8216 14.2037 2.6
      vertex -73.8823 14.4886 2.6
    endloop
  endfacet
  facet normal -0 0 1
    outer loop
      vertex -74.8859 14.3932 2.6
      vertex -74.8216 14.2037 2.6
      vertex -73.934 14.682 2.6
    endloop
  endfacet
  facet normal 0 0 1
    outer loop
      vertex -74.8859 14.3932 2.6
      vertex -75.7401 13.858 2.6
      vertex -74.8216 14.2037 2.6
    endloop
  endfacet
  facet normal -0 0 1
    outer loop
      vertex -75.8167 14.0429 2.6
      vertex -75.7401 13.858 2.6
      vertex -74.8859 14.3932 2.6
    endloop
  endfacet
  facet normal 0 0 1
    outer loop
      vertex -75.8167 14.0429 2.6
      vertex -76.6343 13.4528 2.6
      vertex -75.7401 13.858 2.6
    endloop
  endfacet
  facet normal -0 0 1
    outer loop
      vertex -76.7226 13.6324 2.6
      vertex -76.6343 13.4528 2.6
      vertex -75.8167 14.0429 2.6
    endloop
  endfacet
  facet normal 0 0 1
    outer loop
      vertex -76.7226 13.6324 2.6
      vertex -77.4999 12.9902 2.6
      vertex -76.6343 13.4528 2.6
    endloop
  endfacet
  facet normal -0 0 1
    outer loop
      vertex -77.6001 13.1634 2.6
      vertex -77.4999 12.9902 2.6
      vertex -76.7226 13.6324 2.6
    endloop
  endfacet
  facet normal 0 0 1
    outer loop
      vertex -77.6001 13.1634 2.6
      vertex -78.3335 12.4718 2.6
      vertex -77.4999 12.9902 2.6
    endloop
  endfacet
  facet normal -0 0 1
    outer loop
      vertex -78.4446 12.6382 2.6
      vertex -78.3335 12.4718 2.6
      vertex -77.6001 13.1634 2.6
    endloop
  endfacet
  facet normal 0 0 1
    outer loop
      vertex -78.4446 12.6382 2.6
      vertex -79.1312 11.9002 2.6
      vertex -78.3335 12.4718 2.6
    endloop
  endfacet
  facet normal -0 0 1
    outer loop
      vertex -79.2531 12.0589 2.6
      vertex -79.1312 11.9002 2.6
      vertex -78.4446 12.6382 2.6
    endloop
  endfacet
  facet normal 0 0 1
    outer loop
      vertex -79.2531 12.0589 2.6
      vertex -79.89 11.2775 2.6
      vertex -79.1312 11.9002 2.6
    endloop
  endfacet
  facet normal -0 0 1
    outer loop
      vertex -80.022 11.4278 2.6
      vertex -79.89 11.2775 2.6
      vertex -79.2531 12.0589 2.6
    endloop
  endfacet
  facet normal 0 0 1
    outer loop
      vertex -80.022 11.4278 2.6
      vertex -80.6064 10.6064 2.6
      vertex -79.89 11.2775 2.6
    endloop
  endfacet
  facet normal -0 0 1
    outer loop
      vertex -80.7479 10.7479 2.6
      vertex -80.6064 10.6064 2.6
      vertex -80.022 11.4278 2.6
    endloop
  endfacet
  facet normal 0 0 1
    outer loop
      vertex -80.7479 10.7479 2.6
      vertex -81.2775 9.89 2.6
      vertex -80.6064 10.6064 2.6
    endloop
  endfacet
  facet normal -0 0 1
    outer loop
      vertex -81.4278 10.022 2.6
      vertex -81.2775 9.89 2.6
      vertex -80.7479 10.7479 2.6
    endloop
  endfacet
  facet normal 0 0 1
    outer loop
      vertex -81.4278 10.022 2.6
      vertex -81.9002 9.13124 2.6
      vertex -81.2775 9.89 2.6
    endloop
  endfacet
  facet normal -0 0 1
    outer loop
      vertex -82.0589 9.25314 2.6
      vertex -81.9002 9.13124 2.6
      vertex -81.4278 10.022 2.6
    endloop
  endfacet
  facet normal 0 0 1
    outer loop
      vertex -82.0589 9.25314 2.6
      vertex -82.4718 8.33345 2.6
      vertex -81.9002 9.13124 2.6
    endloop
  endfacet
  facet normal -0 0 1
    outer loop
      vertex -82.6382 8.44458 2.6
      vertex -82.4718 8.33345 2.6
      vertex -82.0589 9.25314 2.6
    endloop
  endfacet
  facet normal 0 0 1
    outer loop
      vertex -82.6382 8.44458 2.6
      vertex -82.9902 7.49991 2.6
      vertex -82.4718 8.33345 2.6
    endloop
  endfacet
  facet normal -0 0 1
    outer loop
      vertex -83.1634 7.60005 2.6
      vertex -82.9902 7.49991 2.6
      vertex -82.6382 8.44458 2.6
    endloop
  endfacet
  facet normal 0 0 1
    outer loop
      vertex -83.1634 7.60005 2.6
      vertex -83.4528 6.63432 2.6
      vertex -82.9902 7.49991 2.6
    endloop
  endfacet
  facet normal -0 0 1
    outer loop
      vertex -83.6324 6.7226 2.6
      vertex -83.4528 6.63432 2.6
      vertex -83.1634 7.60005 2.6
    endloop
  endfacet
  facet normal 0 0 1
    outer loop
      vertex -83.6324 6.7226 2.6
      vertex -83.858 5.74005 2.6
      vertex -83.4528 6.63432 2.6
    endloop
  endfacet
  facet normal -0 0 1
    outer loop
      vertex -84.0429 5.81673 2.6
      vertex -83.858 5.74005 2.6
      vertex -83.6324 6.7226 2.6
    endloop
  endfacet
  facet normal 0 0 1
    outer loop
      vertex -84.0429 5.81673 2.6
      vertex -84.2037 4.82161 2.6
      vertex -83.858 5.74005 2.6
    endloop
  endfacet
  facet normal -0 0 1
    outer loop
      vertex -84.3932 4.88591 2.6
      vertex -84.2037 4.82161 2.6
      vertex -84.0429 5.81673 2.6
    endloop
  endfacet
  facet normal 0 0 1
    outer loop
      vertex -84.3932 4.88591 2.6
      vertex -84.4886 3.88229 2.6
      vertex -84.2037 4.82161 2.6
    endloop
  endfacet
  facet normal -0 0 1
    outer loop
      vertex -84.682 3.93399 2.6
      vertex -84.4886 3.88229 2.6
      vertex -84.3932 4.88591 2.6
    endloop
  endfacet
  facet normal 0 0 1
    outer loop
      vertex -84.682 3.93399 2.6
      vertex -84.7116 2.92616 2.6
      vertex -84.4886 3.88229 2.6
    endloop
  endfacet
  facet normal -0 0 1
    outer loop
      vertex -84.9078 2.96527 2.6
      vertex -84.7116 2.92616 2.6
      vertex -84.682 3.93399 2.6
    endloop
  endfacet
  facet normal 0 0 1
    outer loop
      vertex -84.7116 2.92616 2.6
      vertex -84.9078 2.96527 2.6
      vertex -84.8715 1.95784 2.6
    endloop
  endfacet
  facet normal -0 0 1
    outer loop
      vertex -85.0699 1.98401 2.6
      vertex -84.8715 1.95784 2.6
      vertex -84.9078 2.96527 2.6
    endloop
  endfacet
  facet normal 0 0 1
    outer loop
      vertex -84.8715 1.95784 2.6
      vertex -85.0699 1.98401 2.6
      vertex -84.9677 0.981003 2.6
    endloop
  endfacet
  facet normal -0 0 1
    outer loop
      vertex -85.1673 0.994095 2.6
      vertex -84.9677 0.981003 2.6
      vertex -85.0699 1.98401 2.6
    endloop
  endfacet
  facet normal 0 0 1
    outer loop
      vertex 15.9663 -1.42575 2.6
      vertex 15.7666 -1.41266 2.6
      vertex 15.8265 -2.84547 2.6
    endloop
  endfacet
  facet normal -0 0 1
    outer loop
      vertex 15.6281 -2.81935 2.6
      vertex 15.8265 -2.84547 2.6
      vertex 15.7666 -1.41266 2.6
    endloop
  endfacet
  facet normal 0 0 1
    outer loop
      vertex 15.6281 -2.81935 2.6
      vertex 15.5941 -4.25288 2.6
      vertex 15.8265 -2.84547 2.6
    endloop
  endfacet
  facet normal -0 0 1
    outer loop
      vertex 15.3979 -4.21373 2.6
      vertex 15.5941 -4.25288 2.6
      vertex 15.6281 -2.81935 2.6
    endloop
  endfacet
  facet normal 0 0 1
    outer loop
      vertex 15.3979 -4.21373 2.6
      vertex 15.2702 -5.6422 2.6
      vertex 15.5941 -4.25288 2.6
    endloop
  endfacet
  facet normal -0 0 1
    outer loop
      vertex 15.0769 -5.5905 2.6
      vertex 15.2702 -5.6422 2.6
      vertex 15.3979 -4.21373 2.6
    endloop
  endfacet
  facet normal 0 0 1
    outer loop
      vertex 15.0769 -5.5905 2.6
      vertex 14.856 -7.0074 2.6
      vertex 15.2702 -5.6422 2.6
    endloop
  endfacet
  facet normal -0 0 1
    outer loop
      vertex 14.6666 -6.9431 2.6
      vertex 14.856 -7.0074 2.6
      vertex 15.0769 -5.5905 2.6
    endloop
  endfacet
  facet normal 0 0 1
    outer loop
      vertex 14.6666 -6.9431 2.6
      vertex 14.3536 -8.34244 2.6
      vertex 14.856 -7.0074 2.6
    endloop
  endfacet
  facet normal -0 0 1
    outer loop
      vertex 14.1687 -8.26576 2.6
      vertex 14.3536 -8.34244 2.6
      vertex 14.6666 -6.9431 2.6
    endloop
  endfacet
  facet normal 0 0 1
    outer loop
      vertex 14.1687 -8.26576 2.6
      vertex 13.7649 -9.64171 2.6
      vertex 14.3536 -8.34244 2.6
    endloop
  endfacet
  facet normal -0 0 1
    outer loop
      vertex 13.5853 -9.55344 2.6
      vertex 13.7649 -9.64171 2.6
      vertex 14.1687 -8.26576 2.6
    endloop
  endfacet
  facet normal 0 0 1
    outer loop
      vertex 13.5853 -9.55344 2.6
      vertex 13.0923 -10.8999 2.6
      vertex 13.7649 -9.64171 2.6
    endloop
  endfacet
  facet normal -0 0 1
    outer loop
      vertex 12.9191 -10.7999 2.6
      vertex 13.0923 -10.8999 2.6
      vertex 13.5853 -9.55344 2.6
    endloop
  endfacet
  facet normal 0 0 1
    outer loop
      vertex 12.9191 -10.7999 2.6
      vertex 12.339 -12.1115 2.6
      vertex 13.0923 -10.8999 2.6
    endloop
  endfacet
  facet normal -0 0 1
    outer loop
      vertex 12.1727 -12.0002 2.6
      vertex 12.339 -12.1115 2.6
      vertex 12.9191 -10.7999 2.6
    endloop
  endfacet
  facet normal 0 0 1
    outer loop
      vertex 12.1727 -12.0002 2.6
      vertex 11.5081 -13.271 2.6
      vertex 12.339 -12.1115 2.6
    endloop
  endfacet
  facet normal -0 0 1
    outer loop
      vertex 11.3494 -13.1491 2.6
      vertex 11.5081 -13.271 2.6
      vertex 12.1727 -12.0002 2.6
    endloop
  endfacet
  facet normal 0 0 1
    outer loop
      vertex 11.3494 -13.1491 2.6
      vertex 10.6031 -14.3737 2.6
      vertex 11.5081 -13.271 2.6
    endloop
  endfacet
  facet normal -0 0 1
    outer loop
      vertex 10.4527 -14.2417 2.6
      vertex 10.6031 -14.3737 2.6
      vertex 11.3494 -13.1491 2.6
    endloop
  endfacet
  facet normal 0 0 1
    outer loop
      vertex 10.4527 -14.2417 2.6
      vertex 9.62794 -15.4148 2.6
      vertex 10.6031 -14.3737 2.6
    endloop
  endfacet
  facet normal -0 0 1
    outer loop
      vertex 9.48645 -15.2733 2.6
      vertex 9.62794 -15.4148 2.6
      vertex 10.4527 -14.2417 2.6
    endloop
  endfacet
  facet normal 0 0 1
    outer loop
      vertex 9.48645 -15.2733 2.6
      vertex 8.58681 -16.39 2.6
      vertex 9.62794 -15.4148 2.6
    endloop
  endfacet
  facet normal -0 0 1
    outer loop
      vertex 8.45479 -16.2396 2.6
      vertex 8.58681 -16.39 2.6
      vertex 9.48645 -15.2733 2.6
    endloop
  endfacet
  facet normal 0 0 1
    outer loop
      vertex 8.45479 -16.2396 2.6
      vertex 7.48407 -17.295 2.6
      vertex 8.58681 -16.39 2.6
    endloop
  endfacet
  facet normal -0 0 1
    outer loop
      vertex 7.36217 -17.1363 2.6
      vertex 7.48407 -17.295 2.6
      vertex 8.45479 -16.2396 2.6
    endloop
  endfacet
  facet normal 0 0 1
    outer loop
      vertex 7.36217 -17.1363 2.6
      vertex 6.32445 -18.1259 2.6
      vertex 7.48407 -17.295 2.6
    endloop
  endfacet
  facet normal -0 0 1
    outer loop
      vertex 6.21332 -17.9595 2.6
      vertex 6.32445 -18.1259 2.6
      vertex 7.36217 -17.1363 2.6
    endloop
  endfacet
  facet normal 0 0 1
    outer loop
      vertex 6.21332 -17.9595 2.6
      vertex 5.11314 -18.8792 2.6
      vertex 6.32445 -18.1259 2.6
    endloop
  endfacet
  facet normal -0 0 1
    outer loop
      vertex 5.013 -18.7059 2.6
      vertex 5.11314 -18.8792 2.6
      vertex 6.21332 -17.9595 2.6
    endloop
  endfacet
  facet normal 0 0 1
    outer loop
      vertex 5.013 -18.7059 2.6
      vertex 3.85481 -19.5518 2.6
      vertex 5.11314 -18.8792 2.6
    endloop
  endfacet
  facet normal -0 0 1
    outer loop
      vertex 3.76654 -19.3722 2.6
      vertex 3.85481 -19.5518 2.6
      vertex 5.013 -18.7059 2.6
    endloop
  endfacet
  facet normal 0 0 1
    outer loop
      vertex 3.76654 -19.3722 2.6
      vertex 2.55554 -20.1405 2.6
      vertex 3.85481 -19.5518 2.6
    endloop
  endfacet
  facet normal -0 0 1
    outer loop
      vertex 2.47887 -19.9556 2.6
      vertex 2.55554 -20.1405 2.6
      vertex 3.76654 -19.3722 2.6
    endloop
  endfacet
  facet normal 0 0 1
    outer loop
      vertex 2.47887 -19.9556 2.6
      vertex 1.2205 -20.6429 2.6
      vertex 2.55554 -20.1405 2.6
    endloop
  endfacet
  facet normal -0 0 1
    outer loop
      vertex 1.15627 -20.4534 2.6
      vertex 1.2205 -20.6429 2.6
      vertex 2.47887 -19.9556 2.6
    endloop
  endfacet
  facet normal 0 0 1
    outer loop
      vertex 1.15627 -20.4534 2.6
      vertex -0.144684 -21.0571 2.6
      vertex 1.2205 -20.6429 2.6
    endloop
  endfacet
  facet normal -0 0 1
    outer loop
      vertex -0.196457 -20.8638 2.6
      vertex -0.144684 -21.0571 2.6
      vertex 1.15627 -20.4534 2.6
    endloop
  endfacet
  facet normal 0 0 1
    outer loop
      vertex -0.196457 -20.8638 2.6
      vertex -1.534 -21.381 2.6
      vertex -0.144684 -21.0571 2.6
    endloop
  endfacet
  facet normal -0 0 1
    outer loop
      vertex -1.57315 -21.1848 2.6
      vertex -1.534 -21.381 2.6
      vertex -0.196457 -20.8638 2.6
    endloop
  endfacet
  facet normal 0 0 1
    outer loop
      vertex -1.57315 -21.1848 2.6
      vertex -2.94141 -21.6134 2.6
      vertex -1.534 -21.381 2.6
    endloop
  endfacet
  facet normal -0 0 1
    outer loop
      vertex -2.96751 -21.415 2.6
      vertex -2.94141 -21.6134 2.6
      vertex -1.57315 -21.1848 2.6
    endloop
  endfacet
  facet normal 0 0 1
    outer loop
      vertex -2.96751 -21.415 2.6
      vertex -4.36115 -21.7532 2.6
      vertex -2.94141 -21.6134 2.6
    endloop
  endfacet
  facet normal -0 0 1
    outer loop
      vertex -4.37425 -21.5535 2.6
      vertex -4.36115 -21.7532 2.6
      vertex -2.96751 -21.415 2.6
    endloop
  endfacet
  facet normal -0 0 1
    outer loop
      vertex -5.7869 -21.5998 2.6
      vertex -4.36115 -21.7532 2.6
      vertex -4.37425 -21.5535 2.6
    endloop
  endfacet
  facet normal 0 0 1
    outer loop
      vertex -5.7869 -21.5998 2.6
      vertex -5.7869 -21.7999 2.6
      vertex -4.36115 -21.7532 2.6
    endloop
  endfacet
  facet normal 0 0 1
    outer loop
      vertex -7.19952 -21.5535 2.6
      vertex -5.7869 -21.7999 2.6
      vertex -5.7869 -21.5998 2.6
    endloop
  endfacet
  facet normal 0 0 1
    outer loop
      vertex -7.19952 -21.5535 2.6
      vertex -7.21263 -21.7532 2.6
      vertex -5.7869 -21.7999 2.6
    endloop
  endfacet
  facet normal 0 0 1
    outer loop
      vertex -8.63791 -21.6128 2.6
      vertex -7.19952 -21.5535 2.6
      vertex -8.61737 -21.4139 2.6
    endloop
  endfacet
  facet normal 0 0 1
    outer loop
      vertex -7.19952 -21.5535 2.6
      vertex -8.63791 -21.6128 2.6
      vertex -7.21263 -21.7532 2.6
    endloop
  endfacet
  facet normal 0 0 1
    outer loop
      vertex -71.957 -14.8716 2.6
      vertex -8.63791 -21.6128 2.6
      vertex -8.61737 -21.4139 2.6
    endloop
  endfacet
  facet normal 0 0 1
    outer loop
      vertex -71.957 -14.8716 2.6
      vertex -71.9836 -15.0699 2.6
      vertex -8.63791 -21.6128 2.6
    endloop
  endfacet
  facet normal 0 0 1
    outer loop
      vertex -72.9262 -14.7116 2.6
      vertex -71.9836 -15.0699 2.6
      vertex -71.957 -14.8716 2.6
    endloop
  endfacet
  facet normal 0 0 1
    outer loop
      vertex -72.9262 -14.7116 2.6
      vertex -72.9653 -14.9078 2.6
      vertex -71.9836 -15.0699 2.6
    endloop
  endfacet
  facet normal 0 0 1
    outer loop
      vertex -73.8823 -14.4886 2.6
      vertex -72.9653 -14.9078 2.6
      vertex -72.9262 -14.7116 2.6
    endloop
  endfacet
  facet normal 0 0 1
    outer loop
      vertex -73.8823 -14.4886 2.6
      vertex -73.934 -14.682 2.6
      vertex -72.9653 -14.9078 2.6
    endloop
  endfacet
  facet normal 0 0 1
    outer loop
      vertex -74.8216 -14.2037 2.6
      vertex -73.934 -14.682 2.6
      vertex -73.8823 -14.4886 2.6
    endloop
  endfacet
  facet normal 0 0 1
    outer loop
      vertex -74.8216 -14.2037 2.6
      vertex -74.8859 -14.3932 2.6
      vertex -73.934 -14.682 2.6
    endloop
  endfacet
  facet normal 0 0 1
    outer loop
      vertex -75.7401 -13.858 2.6
      vertex -74.8859 -14.3932 2.6
      vertex -74.8216 -14.2037 2.6
    endloop
  endfacet
  facet normal 0 0 1
    outer loop
      vertex -75.7401 -13.858 2.6
      vertex -75.8167 -14.0429 2.6
      vertex -74.8859 -14.3932 2.6
    endloop
  endfacet
  facet normal 0 0 1
    outer loop
      vertex -76.6343 -13.4528 2.6
      vertex -75.8167 -14.0429 2.6
      vertex -75.7401 -13.858 2.6
    endloop
  endfacet
  facet normal 0 0 1
    outer loop
      vertex -76.6343 -13.4528 2.6
      vertex -76.7226 -13.6324 2.6
      vertex -75.8167 -14.0429 2.6
    endloop
  endfacet
  facet normal 0 0 1
    outer loop
      vertex -77.4999 -12.9902 2.6
      vertex -76.7226 -13.6324 2.6
      vertex -76.6343 -13.4528 2.6
    endloop
  endfacet
  facet normal 0 0 1
    outer loop
      vertex -77.4999 -12.9902 2.6
      vertex -77.6001 -13.1634 2.6
      vertex -76.7226 -13.6324 2.6
    endloop
  endfacet
  facet normal 0 0 1
    outer loop
      vertex -78.3335 -12.4718 2.6
      vertex -77.6001 -13.1634 2.6
      vertex -77.4999 -12.9902 2.6
    endloop
  endfacet
  facet normal 0 0 1
    outer loop
      vertex -78.3335 -12.4718 2.6
      vertex -78.4446 -12.6382 2.6
      vertex -77.6001 -13.1634 2.6
    endloop
  endfacet
  facet normal 0 0 1
    outer loop
      vertex -79.1312 -11.9002 2.6
      vertex -78.4446 -12.6382 2.6
      vertex -78.3335 -12.4718 2.6
    endloop
  endfacet
  facet normal 0 0 1
    outer loop
      vertex -79.1312 -11.9002 2.6
      vertex -79.2531 -12.0589 2.6
      vertex -78.4446 -12.6382 2.6
    endloop
  endfacet
  facet normal 0 0 1
    outer loop
      vertex -79.89 -11.2775 2.6
      vertex -79.2531 -12.0589 2.6
      vertex -79.1312 -11.9002 2.6
    endloop
  endfacet
  facet normal 0 0 1
    outer loop
      vertex -79.89 -11.2775 2.6
      vertex -80.022 -11.4278 2.6
      vertex -79.2531 -12.0589 2.6
    endloop
  endfacet
  facet normal 0 0 1
    outer loop
      vertex -80.6064 -10.6064 2.6
      vertex -80.022 -11.4278 2.6
      vertex -79.89 -11.2775 2.6
    endloop
  endfacet
  facet normal 0 0 1
    outer loop
      vertex -80.6064 -10.6064 2.6
      vertex -80.7479 -10.7479 2.6
      vertex -80.022 -11.4278 2.6
    endloop
  endfacet
  facet normal 0 0 1
    outer loop
      vertex -81.2775 -9.89 2.6
      vertex -80.7479 -10.7479 2.6
      vertex -80.6064 -10.6064 2.6
    endloop
  endfacet
  facet normal 0 0 1
    outer loop
      vertex -81.2775 -9.89 2.6
      vertex -81.4278 -10.022 2.6
      vertex -80.7479 -10.7479 2.6
    endloop
  endfacet
  facet normal 0 0 1
    outer loop
      vertex -81.9002 -9.13124 2.6
      vertex -81.4278 -10.022 2.6
      vertex -81.2775 -9.89 2.6
    endloop
  endfacet
  facet normal 0 0 1
    outer loop
      vertex -81.9002 -9.13124 2.6
      vertex -82.0589 -9.25314 2.6
      vertex -81.4278 -10.022 2.6
    endloop
  endfacet
  facet normal 0 0 1
    outer loop
      vertex -82.4718 -8.33345 2.6
      vertex -82.0589 -9.25314 2.6
      vertex -81.9002 -9.13124 2.6
    endloop
  endfacet
  facet normal 0 0 1
    outer loop
      vertex -82.4718 -8.33345 2.6
      vertex -82.6382 -8.44458 2.6
      vertex -82.0589 -9.25314 2.6
    endloop
  endfacet
  facet normal 0 0 1
    outer loop
      vertex -82.9902 -7.49991 2.6
      vertex -82.6382 -8.44458 2.6
      vertex -82.4718 -8.33345 2.6
    endloop
  endfacet
  facet normal 0 0 1
    outer loop
      vertex -82.9902 -7.49991 2.6
      vertex -83.1634 -7.60005 2.6
      vertex -82.6382 -8.44458 2.6
    endloop
  endfacet
  facet normal 0 0 1
    outer loop
      vertex -83.4528 -6.63432 2.6
      vertex -83.1634 -7.60005 2.6
      vertex -82.9902 -7.49991 2.6
    endloop
  endfacet
  facet normal 0 0 1
    outer loop
      vertex -83.4528 -6.63432 2.6
      vertex -83.6324 -6.7226 2.6
      vertex -83.1634 -7.60005 2.6
    endloop
  endfacet
  facet normal 0 0 1
    outer loop
      vertex -83.858 -5.74005 2.6
      vertex -83.6324 -6.7226 2.6
      vertex -83.4528 -6.63432 2.6
    endloop
  endfacet
  facet normal 0 0 1
    outer loop
      vertex -83.858 -5.74005 2.6
      vertex -84.0429 -5.81673 2.6
      vertex -83.6324 -6.7226 2.6
    endloop
  endfacet
  facet normal 0 0 1
    outer loop
      vertex -84.2037 -4.82161 2.6
      vertex -84.0429 -5.81673 2.6
      vertex -83.858 -5.74005 2.6
    endloop
  endfacet
  facet normal 0 0 1
    outer loop
      vertex -84.2037 -4.82161 2.6
      vertex -84.3932 -4.88591 2.6
      vertex -84.0429 -5.81673 2.6
    endloop
  endfacet
  facet normal 0 0 1
    outer loop
      vertex -84.4886 -3.88229 2.6
      vertex -84.3932 -4.88591 2.6
      vertex -84.2037 -4.82161 2.6
    endloop
  endfacet
  facet normal 0 0 1
    outer loop
      vertex -84.4886 -3.88229 2.6
      vertex -84.682 -3.93399 2.6
      vertex -84.3932 -4.88591 2.6
    endloop
  endfacet
  facet normal 0 0 1
    outer loop
      vertex -84.7116 -2.92616 2.6
      vertex -84.682 -3.93399 2.6
      vertex -84.4886 -3.88229 2.6
    endloop
  endfacet
  facet normal 0 0 1
    outer loop
      vertex -84.9078 -2.96527 2.6
      vertex -84.7116 -2.92616 2.6
      vertex -84.8715 -1.95784 2.6
    endloop
  endfacet
  facet normal 0 0 1
    outer loop
      vertex -84.7116 -2.92616 2.6
      vertex -84.9078 -2.96527 2.6
      vertex -84.682 -3.93399 2.6
    endloop
  endfacet
  facet normal 0 0 1
    outer loop
      vertex -85.0699 -1.98401 2.6
      vertex -84.8715 -1.95784 2.6
      vertex -84.9677 -0.981003 2.6
    endloop
  endfacet
  facet normal 0 0 1
    outer loop
      vertex -85.1673 -0.994095 2.6
      vertex -84.9677 -0.981003 2.6
      vertex -84.9998 0 2.6
    endloop
  endfacet
  facet normal 0 0 1
    outer loop
      vertex -84.9677 0.981003 2.6
      vertex -85.1673 0.994095 2.6
      vertex -84.9998 0 2.6
    endloop
  endfacet
  facet normal 0 0 1
    outer loop
      vertex -84.8715 -1.95784 2.6
      vertex -85.0699 -1.98401 2.6
      vertex -84.9078 -2.96527 2.6
    endloop
  endfacet
  facet normal 0 0 1
    outer loop
      vertex -85.1999 0 2.6
      vertex -84.9998 0 2.6
      vertex -85.1673 0.994095 2.6
    endloop
  endfacet
  facet normal 0 0 1
    outer loop
      vertex -84.9677 -0.981003 2.6
      vertex -85.1673 -0.994095 2.6
      vertex -85.0699 -1.98401 2.6
    endloop
  endfacet
  facet normal 0 0 1
    outer loop
      vertex -84.9998 0 2.6
      vertex -85.1999 0 2.6
      vertex -85.1673 -0.994095 2.6
    endloop
  endfacet
  facet normal -0.772955 -0.634461 0
    outer loop
      vertex -81.4278 -10.022 2.4
      vertex -82.0589 -9.25314 2.6
      vertex -82.0589 -9.25314 2.4
    endloop
  endfacet
  facet normal -0.772955 -0.634461 0
    outer loop
      vertex -82.0589 -9.25314 2.6
      vertex -81.4278 -10.022 2.4
      vertex -81.4278 -10.022 2.6
    endloop
  endfacet
  facet normal 0.16292 0.986639 -0
    outer loop
      vertex -1.534 21.381 2.4
      vertex -2.94141 21.6134 2.6
      vertex -1.534 21.381 2.6
    endloop
  endfacet
  facet normal 0.16292 0.986639 0
    outer loop
      vertex -2.94141 21.6134 2.6
      vertex -1.534 21.381 2.4
      vertex -2.94141 21.6134 2.4
    endloop
  endfacet
  facet normal -0.849185 -0.528095 0
    outer loop
      vertex -82.6382 -8.44458 2.4
      vertex -83.1634 -7.60005 2.6
      vertex -83.1634 -7.60005 2.4
    endloop
  endfacet
  facet normal -0.849185 -0.528095 0
    outer loop
      vertex -83.1634 -7.60005 2.6
      vertex -82.6382 -8.44458 2.4
      vertex -82.6382 -8.44458 2.6
    endloop
  endfacet
  facet normal -0.973893 0.227006 0
    outer loop
      vertex -84.9078 2.96527 2.4
      vertex -84.682 3.93399 2.6
      vertex -84.682 3.93399 2.4
    endloop
  endfacet
  facet normal -0.973893 0.227006 0
    outer loop
      vertex -84.682 3.93399 2.6
      vertex -84.9078 2.96527 2.4
      vertex -84.9078 2.96527 2.6
    endloop
  endfacet
  facet normal -0.729854 0.683603 0
    outer loop
      vertex -81.4278 10.022 2.4
      vertex -80.7479 10.7479 2.6
      vertex -80.7479 10.7479 2.4
    endloop
  endfacet
  facet normal -0.729854 0.683603 0
    outer loop
      vertex -80.7479 10.7479 2.6
      vertex -81.4278 10.022 2.4
      vertex -81.4278 10.022 2.6
    endloop
  endfacet
  facet normal -0.634441 0.772971 0
    outer loop
      vertex -79.2531 12.0589 2.4
      vertex -80.022 11.4278 2.6
      vertex -79.2531 12.0589 2.6
    endloop
  endfacet
  facet normal -0.634441 0.772971 0
    outer loop
      vertex -80.022 11.4278 2.6
      vertex -79.2531 12.0589 2.4
      vertex -80.022 11.4278 2.4
    endloop
  endfacet
  facet normal -0.528109 -0.849177 0
    outer loop
      vertex -78.4446 -12.6382 2.4
      vertex -77.6001 -13.1634 2.6
      vertex -78.4446 -12.6382 2.6
    endloop
  endfacet
  facet normal -0.528109 -0.849177 -0
    outer loop
      vertex -77.6001 -13.1634 2.6
      vertex -78.4446 -12.6382 2.4
      vertex -77.6001 -13.1634 2.4
    endloop
  endfacet
  facet normal -0.729854 -0.683603 0
    outer loop
      vertex -80.7479 -10.7479 2.4
      vertex -81.4278 -10.022 2.6
      vertex -81.4278 -10.022 2.4
    endloop
  endfacet
  facet normal -0.729854 -0.683603 0
    outer loop
      vertex -81.4278 -10.022 2.6
      vertex -80.7479 -10.7479 2.4
      vertex -80.7479 -10.7479 2.6
    endloop
  endfacet
  facet normal -0.352225 -0.935915 0
    outer loop
      vertex -75.8167 -14.0429 2.4
      vertex -74.8859 -14.3932 2.6
      vertex -75.8167 -14.0429 2.6
    endloop
  endfacet
  facet normal -0.352225 -0.935915 -0
    outer loop
      vertex -74.8859 -14.3932 2.6
      vertex -75.8167 -14.0429 2.4
      vertex -74.8859 -14.3932 2.4
    endloop
  endfacet
  facet normal -0.772955 0.634461 0
    outer loop
      vertex -82.0589 9.25314 2.4
      vertex -81.4278 10.022 2.6
      vertex -81.4278 10.022 2.4
    endloop
  endfacet
  facet normal -0.772955 0.634461 0
    outer loop
      vertex -81.4278 10.022 2.6
      vertex -82.0589 9.25314 2.4
      vertex -82.0589 9.25314 2.6
    endloop
  endfacet
  facet normal -0.881924 0.471391 0
    outer loop
      vertex -83.6324 6.7226 2.4
      vertex -83.1634 7.60005 2.6
      vertex -83.1634 7.60005 2.4
    endloop
  endfacet
  facet normal -0.881924 0.471391 0
    outer loop
      vertex -83.1634 7.60005 2.6
      vertex -83.6324 6.7226 2.4
      vertex -83.6324 6.7226 2.6
    endloop
  endfacet
  facet normal 0.956926 -0.29033 0
    outer loop
      vertex 14.856 -7.0074 2.6
      vertex 15.2702 -5.6422 2.4
      vertex 15.2702 -5.6422 2.6
    endloop
  endfacet
  facet normal 0.956926 -0.29033 0
    outer loop
      vertex 15.2702 -5.6422 2.4
      vertex 14.856 -7.0074 2.6
      vertex 14.856 -7.0074 2.4
    endloop
  endfacet
  facet normal 0.528098 -0.849184 0
    outer loop
      vertex 5.11314 -18.8792 2.4
      vertex 6.32445 -18.1259 2.6
      vertex 5.11314 -18.8792 2.6
    endloop
  endfacet
  facet normal 0.528098 -0.849184 0
    outer loop
      vertex 6.32445 -18.1259 2.6
      vertex 5.11314 -18.8792 2.4
      vertex 6.32445 -18.1259 2.4
    endloop
  endfacet
  facet normal -0.812897 -0.582407 0
    outer loop
      vertex -82.0589 -9.25314 2.4
      vertex -82.6382 -8.44458 2.6
      vertex -82.6382 -8.44458 2.4
    endloop
  endfacet
  facet normal -0.812897 -0.582407 0
    outer loop
      vertex -82.6382 -8.44458 2.6
      vertex -82.0589 -9.25314 2.4
      vertex -82.0589 -9.25314 2.6
    endloop
  endfacet
  facet normal 0.290333 -0.956926 0
    outer loop
      vertex -0.144684 -21.0571 2.4
      vertex 1.2205 -20.6429 2.6
      vertex -0.144684 -21.0571 2.6
    endloop
  endfacet
  facet normal 0.290333 -0.956926 0
    outer loop
      vertex 1.2205 -20.6429 2.6
      vertex -0.144684 -21.0571 2.4
      vertex 1.2205 -20.6429 2.4
    endloop
  endfacet
  facet normal -0.935918 -0.352218 0
    outer loop
      vertex -84.0429 -5.81673 2.4
      vertex -84.3932 -4.88591 2.6
      vertex -84.3932 -4.88591 2.4
    endloop
  endfacet
  facet normal -0.935918 -0.352218 0
    outer loop
      vertex -84.3932 -4.88591 2.6
      vertex -84.0429 -5.81673 2.4
      vertex -84.0429 -5.81673 2.6
    endloop
  endfacet
  facet normal -0.999463 0.032776 0
    outer loop
      vertex -85.1999 0 2.4
      vertex -85.1673 0.994095 2.6
      vertex -85.1673 0.994095 2.4
    endloop
  endfacet
  facet normal -0.999463 0.032776 0
    outer loop
      vertex -85.1673 0.994095 2.6
      vertex -85.1999 0 2.4
      vertex -85.1999 0 2.6
    endloop
  endfacet
  facet normal -0.986628 -0.162987 0
    outer loop
      vertex -84.9078 -2.96527 2.4
      vertex -85.0699 -1.98401 2.6
      vertex -85.0699 -1.98401 2.4
    endloop
  endfacet
  facet normal -0.986628 -0.162987 0
    outer loop
      vertex -85.0699 -1.98401 2.6
      vertex -84.9078 -2.96527 2.4
      vertex -84.9078 -2.96527 2.6
    endloop
  endfacet
  facet normal -0.0327376 0.999464 0
    outer loop
      vertex -5.7869 21.7999 2.4
      vertex -7.21263 21.7532 2.6
      vertex -5.7869 21.7999 2.6
    endloop
  endfacet
  facet normal -0.0327376 0.999464 0
    outer loop
      vertex -7.21263 21.7532 2.6
      vertex -5.7869 21.7999 2.4
      vertex -7.21263 21.7532 2.4
    endloop
  endfacet
  facet normal 0.0979948 0.995187 -0
    outer loop
      vertex -2.94141 21.6134 2.4
      vertex -4.36115 21.7532 2.6
      vertex -2.94141 21.6134 2.6
    endloop
  endfacet
  facet normal 0.0979948 0.995187 0
    outer loop
      vertex -4.36115 21.7532 2.6
      vertex -2.94141 21.6134 2.4
      vertex -4.36115 21.7532 2.4
    endloop
  endfacet
  facet normal -0.910843 -0.412753 0
    outer loop
      vertex -83.6324 -6.7226 2.4
      vertex -84.0429 -5.81673 2.6
      vertex -84.0429 -5.81673 2.4
    endloop
  endfacet
  facet normal -0.910843 -0.412753 0
    outer loop
      vertex -84.0429 -5.81673 2.6
      vertex -83.6324 -6.7226 2.4
      vertex -83.6324 -6.7226 2.6
    endloop
  endfacet
  facet normal 0.729842 -0.683616 0
    outer loop
      vertex 9.62794 -15.4148 2.6
      vertex 10.6031 -14.3737 2.4
      vertex 10.6031 -14.3737 2.6
    endloop
  endfacet
  facet normal 0.729842 -0.683616 0
    outer loop
      vertex 10.6031 -14.3737 2.4
      vertex 9.62794 -15.4148 2.6
      vertex 9.62794 -15.4148 2.4
    endloop
  endfacet
  facet normal -0.582436 0.812877 0
    outer loop
      vertex -78.4446 12.6382 2.4
      vertex -79.2531 12.0589 2.6
      vertex -78.4446 12.6382 2.6
    endloop
  endfacet
  facet normal -0.582436 0.812877 0
    outer loop
      vertex -79.2531 12.0589 2.6
      vertex -78.4446 12.6382 2.4
      vertex -79.2531 12.0589 2.4
    endloop
  endfacet
  facet normal 0.68362 -0.729838 0
    outer loop
      vertex 8.58681 -16.39 2.4
      vertex 9.62794 -15.4148 2.6
      vertex 8.58681 -16.39 2.6
    endloop
  endfacet
  facet normal 0.68362 -0.729838 0
    outer loop
      vertex 9.62794 -15.4148 2.6
      vertex 8.58681 -16.39 2.4
      vertex 9.62794 -15.4148 2.4
    endloop
  endfacet
  facet normal 0.986639 0.16292 0
    outer loop
      vertex 15.8265 2.84547 2.6
      vertex 15.5941 4.25288 2.4
      vertex 15.5941 4.25288 2.6
    endloop
  endfacet
  facet normal 0.986639 0.16292 0
    outer loop
      vertex 15.5941 4.25288 2.4
      vertex 15.8265 2.84547 2.6
      vertex 15.8265 2.84547 2.4
    endloop
  endfacet
  facet normal 0.772998 0.634409 0
    outer loop
      vertex 11.5081 13.271 2.6
      vertex 10.6031 14.3737 2.4
      vertex 10.6031 14.3737 2.6
    endloop
  endfacet
  facet normal 0.772998 0.634409 0
    outer loop
      vertex 10.6031 14.3737 2.4
      vertex 11.5081 13.271 2.6
      vertex 11.5081 13.271 2.4
    endloop
  endfacet
  facet normal 0.84924 0.528007 0
    outer loop
      vertex 13.0923 10.8999 2.6
      vertex 12.339 12.1115 2.4
      vertex 12.339 12.1115 2.6
    endloop
  endfacet
  facet normal 0.84924 0.528007 0
    outer loop
      vertex 12.339 12.1115 2.4
      vertex 13.0923 10.8999 2.6
      vertex 13.0923 10.8999 2.4
    endloop
  endfacet
  facet normal 0.910862 0.412712 0
    outer loop
      vertex 14.3536 8.34244 2.6
      vertex 13.7649 9.64171 2.4
      vertex 13.7649 9.64171 2.6
    endloop
  endfacet
  facet normal 0.910862 0.412712 0
    outer loop
      vertex 13.7649 9.64171 2.4
      vertex 14.3536 8.34244 2.6
      vertex 14.3536 8.34244 2.4
    endloop
  endfacet
  facet normal -0.849185 0.528095 0
    outer loop
      vertex -83.1634 7.60005 2.4
      vertex -82.6382 8.44458 2.6
      vertex -82.6382 8.44458 2.4
    endloop
  endfacet
  facet normal -0.849185 0.528095 0
    outer loop
      vertex -82.6382 8.44458 2.6
      vertex -83.1634 7.60005 2.4
      vertex -83.1634 7.60005 2.6
    endloop
  endfacet
  facet normal 0.729842 0.683616 0
    outer loop
      vertex 10.6031 14.3737 2.6
      vertex 9.62794 15.4148 2.4
      vertex 9.62794 15.4148 2.6
    endloop
  endfacet
  facet normal 0.729842 0.683616 0
    outer loop
      vertex 9.62794 15.4148 2.4
      vertex 10.6031 14.3737 2.6
      vertex 10.6031 14.3737 2.4
    endloop
  endfacet
  facet normal 0.910862 -0.412712 0
    outer loop
      vertex 13.7649 -9.64171 2.6
      vertex 14.3536 -8.34244 2.4
      vertex 14.3536 -8.34244 2.6
    endloop
  endfacet
  facet normal 0.910862 -0.412712 0
    outer loop
      vertex 14.3536 -8.34244 2.4
      vertex 13.7649 -9.64171 2.6
      vertex 13.7649 -9.64171 2.4
    endloop
  endfacet
  facet normal 0.772998 -0.634409 0
    outer loop
      vertex 10.6031 -14.3737 2.6
      vertex 11.5081 -13.271 2.4
      vertex 11.5081 -13.271 2.6
    endloop
  endfacet
  facet normal 0.772998 -0.634409 0
    outer loop
      vertex 11.5081 -13.271 2.4
      vertex 10.6031 -14.3737 2.6
      vertex 10.6031 -14.3737 2.4
    endloop
  endfacet
  facet normal 0.471401 0.881919 -0
    outer loop
      vertex 5.11314 18.8792 2.4
      vertex 3.85481 19.5518 2.6
      vertex 5.11314 18.8792 2.6
    endloop
  endfacet
  facet normal 0.471401 0.881919 0
    outer loop
      vertex 3.85481 19.5518 2.6
      vertex 5.11314 18.8792 2.4
      vertex 3.85481 19.5518 2.4
    endloop
  endfacet
  facet normal 0.935923 0.352205 0
    outer loop
      vertex 14.856 7.0074 2.6
      vertex 14.3536 8.34244 2.4
      vertex 14.3536 8.34244 2.6
    endloop
  endfacet
  facet normal 0.935923 0.352205 0
    outer loop
      vertex 14.3536 8.34244 2.4
      vertex 14.856 7.0074 2.6
      vertex 14.856 7.0074 2.4
    endloop
  endfacet
  facet normal 0.956926 0.29033 0
    outer loop
      vertex 15.2702 5.6422 2.6
      vertex 14.856 7.0074 2.4
      vertex 14.856 7.0074 2.6
    endloop
  endfacet
  facet normal 0.956926 0.29033 0
    outer loop
      vertex 14.856 7.0074 2.4
      vertex 15.2702 5.6422 2.6
      vertex 15.2702 5.6422 2.4
    endloop
  endfacet
  facet normal 0.935923 -0.352205 0
    outer loop
      vertex 14.3536 -8.34244 2.6
      vertex 14.856 -7.0074 2.4
      vertex 14.856 -7.0074 2.6
    endloop
  endfacet
  facet normal 0.935923 -0.352205 0
    outer loop
      vertex 14.856 -7.0074 2.4
      vertex 14.3536 -8.34244 2.6
      vertex 14.3536 -8.34244 2.4
    endloop
  endfacet
  facet normal 0.84924 -0.528007 0
    outer loop
      vertex 12.339 -12.1115 2.6
      vertex 13.0923 -10.8999 2.4
      vertex 13.0923 -10.8999 2.6
    endloop
  endfacet
  facet normal 0.84924 -0.528007 0
    outer loop
      vertex 13.0923 -10.8999 2.4
      vertex 12.339 -12.1115 2.6
      vertex 12.339 -12.1115 2.4
    endloop
  endfacet
  facet normal 0.352205 -0.935923 0
    outer loop
      vertex 1.2205 -20.6429 2.4
      vertex 2.55554 -20.1405 2.6
      vertex 1.2205 -20.6429 2.6
    endloop
  endfacet
  facet normal 0.352205 -0.935923 0
    outer loop
      vertex 2.55554 -20.1405 2.6
      vertex 1.2205 -20.6429 2.4
      vertex 2.55554 -20.1405 2.4
    endloop
  endfacet
  facet normal 0.162889 -0.986644 0
    outer loop
      vertex -2.96751 -21.415 2.6
      vertex -1.57315 -21.1848 2.8
      vertex -2.96751 -21.415 2.8
    endloop
  endfacet
  facet normal 0.162889 -0.986644 0
    outer loop
      vertex -1.57315 -21.1848 2.8
      vertex -2.96751 -21.415 2.6
      vertex -1.57315 -21.1848 2.6
    endloop
  endfacet
  facet normal 0.0979808 -0.995188 0
    outer loop
      vertex -4.37425 -21.5535 2.6
      vertex -2.96751 -21.415 2.8
      vertex -4.37425 -21.5535 2.8
    endloop
  endfacet
  facet normal 0.0979808 -0.995188 0
    outer loop
      vertex -2.96751 -21.415 2.8
      vertex -4.37425 -21.5535 2.6
      vertex -2.96751 -21.415 2.6
    endloop
  endfacet
  facet normal 0.29032 0.95693 -0
    outer loop
      vertex 1.15627 20.4534 2.6
      vertex -0.196457 20.8638 2.8
      vertex 1.15627 20.4534 2.8
    endloop
  endfacet
  facet normal 0.29032 0.95693 0
    outer loop
      vertex -0.196457 20.8638 2.8
      vertex 1.15627 20.4534 2.6
      vertex -0.196457 20.8638 2.6
    endloop
  endfacet
  facet normal -0.102743 -0.994708 0
    outer loop
      vertex -71.957 -14.8716 2.6
      vertex -8.61737 -21.4139 2.8
      vertex -71.957 -14.8716 2.8
    endloop
  endfacet
  facet normal -0.102743 -0.994708 -0
    outer loop
      vertex -8.61737 -21.4139 2.8
      vertex -71.957 -14.8716 2.6
      vertex -8.61737 -21.4139 2.6
    endloop
  endfacet
  facet normal -0.77301 -0.634394 0
    outer loop
      vertex -81.2775 -9.89 2.6
      vertex -81.9002 -9.13124 2.8
      vertex -81.9002 -9.13124 2.6
    endloop
  endfacet
  facet normal -0.77301 -0.634394 0
    outer loop
      vertex -81.9002 -9.13124 2.8
      vertex -81.2775 -9.89 2.6
      vertex -81.2775 -9.89 2.8
    endloop
  endfacet
  facet normal -0.528093 0.849187 0
    outer loop
      vertex -77.4999 12.9902 2.6
      vertex -78.3335 12.4718 2.8
      vertex -77.4999 12.9902 2.8
    endloop
  endfacet
  facet normal -0.528093 0.849187 0
    outer loop
      vertex -78.3335 12.4718 2.8
      vertex -77.4999 12.9902 2.6
      vertex -78.3335 12.4718 2.6
    endloop
  endfacet
  facet normal 0.812843 -0.582482 0
    outer loop
      vertex 11.3494 -13.1491 2.8
      vertex 12.1727 -12.0002 2.6
      vertex 12.1727 -12.0002 2.8
    endloop
  endfacet
  facet normal 0.812843 -0.582482 0
    outer loop
      vertex 12.1727 -12.0002 2.6
      vertex 11.3494 -13.1491 2.8
      vertex 11.3494 -13.1491 2.6
    endloop
  endfacet
  facet normal -0.729804 0.683656 0
    outer loop
      vertex -81.2775 9.89 2.6
      vertex -80.6064 10.6064 2.8
      vertex -80.6064 10.6064 2.6
    endloop
  endfacet
  facet normal -0.729804 0.683656 0
    outer loop
      vertex -80.6064 10.6064 2.8
      vertex -81.2775 9.89 2.6
      vertex -81.2775 9.89 2.8
    endloop
  endfacet
  facet normal -0.528093 -0.849187 0
    outer loop
      vertex -78.3335 -12.4718 2.6
      vertex -77.4999 -12.9902 2.8
      vertex -78.3335 -12.4718 2.8
    endloop
  endfacet
  facet normal -0.528093 -0.849187 -0
    outer loop
      vertex -77.4999 -12.9902 2.8
      vertex -78.3335 -12.4718 2.6
      vertex -77.4999 -12.9902 2.6
    endloop
  endfacet
  facet normal 0.881935 -0.471371 0
    outer loop
      vertex 12.9191 -10.7999 2.8
      vertex 13.5853 -9.55344 2.6
      vertex 13.5853 -9.55344 2.8
    endloop
  endfacet
  facet normal 0.881935 -0.471371 0
    outer loop
      vertex 13.5853 -9.55344 2.6
      vertex 12.9191 -10.7999 2.8
      vertex 12.9191 -10.7999 2.6
    endloop
  endfacet
  facet normal 0.729846 -0.683612 0
    outer loop
      vertex 9.48645 -15.2733 2.8
      vertex 10.4527 -14.2417 2.6
      vertex 10.4527 -14.2417 2.8
    endloop
  endfacet
  facet normal 0.729846 -0.683612 0
    outer loop
      vertex 10.4527 -14.2417 2.6
      vertex 9.48645 -15.2733 2.8
      vertex 9.48645 -15.2733 2.6
    endloop
  endfacet
  facet normal 0.773001 0.634404 0
    outer loop
      vertex 11.3494 13.1491 2.8
      vertex 10.4527 14.2417 2.6
      vertex 10.4527 14.2417 2.8
    endloop
  endfacet
  facet normal 0.773001 0.634404 0
    outer loop
      vertex 10.4527 14.2417 2.6
      vertex 11.3494 13.1491 2.8
      vertex 11.3494 13.1491 2.6
    endloop
  endfacet
  facet normal -0.973863 0.227136 0
    outer loop
      vertex -84.7116 2.92616 2.6
      vertex -84.4886 3.88229 2.8
      vertex -84.4886 3.88229 2.6
    endloop
  endfacet
  facet normal -0.973863 0.227136 0
    outer loop
      vertex -84.4886 3.88229 2.8
      vertex -84.7116 2.92616 2.6
      vertex -84.7116 2.92616 2.8
    endloop
  endfacet
  facet normal -0.77301 0.634394 0
    outer loop
      vertex -81.9002 9.13124 2.6
      vertex -81.2775 9.89 2.8
      vertex -81.2775 9.89 2.6
    endloop
  endfacet
  facet normal -0.77301 0.634394 0
    outer loop
      vertex -81.2775 9.89 2.8
      vertex -81.9002 9.13124 2.6
      vertex -81.9002 9.13124 2.8
    endloop
  endfacet
  facet normal -0.16288 0.986646 0
    outer loop
      vertex -71.957 14.8716 2.6
      vertex -72.9262 14.7116 2.8
      vertex -71.957 14.8716 2.8
    endloop
  endfacet
  facet normal -0.16288 0.986646 0
    outer loop
      vertex -72.9262 14.7116 2.8
      vertex -71.957 14.8716 2.6
      vertex -72.9262 14.7116 2.6
    endloop
  endfacet
  facet normal 0.995188 -0.0979843 0
    outer loop
      vertex 15.6281 -2.81935 2.8
      vertex 15.7666 -1.41266 2.6
      vertex 15.7666 -1.41266 2.8
    endloop
  endfacet
  facet normal 0.995188 -0.0979843 0
    outer loop
      vertex 15.7666 -1.41266 2.6
      vertex 15.6281 -2.81935 2.8
      vertex 15.6281 -2.81935 2.6
    endloop
  endfacet
  facet normal -0.0979851 -0.995188 0
    outer loop
      vertex -8.61737 -21.4139 2.6
      vertex -7.19952 -21.5535 2.8
      vertex -8.61737 -21.4139 2.8
    endloop
  endfacet
  facet normal -0.0979851 -0.995188 -0
    outer loop
      vertex -7.19952 -21.5535 2.8
      vertex -8.61737 -21.4139 2.6
      vertex -7.19952 -21.5535 2.6
    endloop
  endfacet
  facet normal -0.290253 0.95695 0
    outer loop
      vertex -73.8823 14.4886 2.6
      vertex -74.8216 14.2037 2.8
      vertex -73.8823 14.4886 2.8
    endloop
  endfacet
  facet normal -0.290253 0.95695 0
    outer loop
      vertex -74.8216 14.2037 2.8
      vertex -73.8823 14.4886 2.6
      vertex -74.8216 14.2037 2.6
    endloop
  endfacet
  facet normal 0.97388 -0.227064 0
    outer loop
      vertex 15.0769 -5.5905 2.8
      vertex 15.3979 -4.21373 2.6
      vertex 15.3979 -4.21373 2.8
    endloop
  endfacet
  facet normal 0.97388 -0.227064 0
    outer loop
      vertex 15.3979 -4.21373 2.6
      vertex 15.0769 -5.5905 2.8
      vertex 15.0769 -5.5905 2.6
    endloop
  endfacet
  facet normal 0.0979808 0.995188 -0
    outer loop
      vertex -2.96751 21.415 2.6
      vertex -4.37425 21.5535 2.8
      vertex -2.96751 21.415 2.8
    endloop
  endfacet
  facet normal 0.0979808 0.995188 0
    outer loop
      vertex -4.37425 21.5535 2.8
      vertex -2.96751 21.415 2.6
      vertex -4.37425 21.5535 2.6
    endloop
  endfacet
  facet normal -0.634374 0.773026 0
    outer loop
      vertex -79.1312 11.9002 2.6
      vertex -79.89 11.2775 2.8
      vertex -79.1312 11.9002 2.8
    endloop
  endfacet
  facet normal -0.634374 0.773026 0
    outer loop
      vertex -79.89 11.2775 2.8
      vertex -79.1312 11.9002 2.6
      vertex -79.89 11.2775 2.6
    endloop
  endfacet
  facet normal -0.471339 -0.881952 0
    outer loop
      vertex -77.4999 -12.9902 2.6
      vertex -76.6343 -13.4528 2.8
      vertex -77.4999 -12.9902 2.8
    endloop
  endfacet
  facet normal -0.471339 -0.881952 -0
    outer loop
      vertex -76.6343 -13.4528 2.8
      vertex -77.4999 -12.9902 2.6
      vertex -76.6343 -13.4528 2.6
    endloop
  endfacet
  facet normal -0.0979851 0.995188 0
    outer loop
      vertex -7.19952 21.5535 2.6
      vertex -8.61737 21.4139 2.8
      vertex -7.19952 21.5535 2.8
    endloop
  endfacet
  facet normal -0.0979851 0.995188 0
    outer loop
      vertex -8.61737 21.4139 2.8
      vertex -7.19952 21.5535 2.6
      vertex -8.61737 21.4139 2.6
    endloop
  endfacet
  facet normal 0.995188 0.0979843 0
    outer loop
      vertex 15.7666 1.41266 2.8
      vertex 15.6281 2.81935 2.6
      vertex 15.6281 2.81935 2.8
    endloop
  endfacet
  facet normal 0.995188 0.0979843 0
    outer loop
      vertex 15.6281 2.81935 2.6
      vertex 15.7666 1.41266 2.8
      vertex 15.7666 1.41266 2.6
    endloop
  endfacet
  facet normal -0.352251 0.935906 0
    outer loop
      vertex -74.8216 14.2037 2.6
      vertex -75.7401 13.858 2.8
      vertex -74.8216 14.2037 2.8
    endloop
  endfacet
  facet normal -0.352251 0.935906 0
    outer loop
      vertex -75.7401 13.858 2.8
      vertex -74.8216 14.2037 2.6
      vertex -75.7401 13.858 2.6
    endloop
  endfacet
  facet normal -0.102743 0.994708 0
    outer loop
      vertex -8.61737 21.4139 2.6
      vertex -71.957 14.8716 2.8
      vertex -8.61737 21.4139 2.8
    endloop
  endfacet
  facet normal -0.102743 0.994708 0
    outer loop
      vertex -71.957 14.8716 2.8
      vertex -8.61737 21.4139 2.6
      vertex -71.957 14.8716 2.6
    endloop
  endfacet
  facet normal -0.227143 -0.973861 0
    outer loop
      vertex -73.8823 -14.4886 2.6
      vertex -72.9262 -14.7116 2.8
      vertex -73.8823 -14.4886 2.8
    endloop
  endfacet
  facet normal -0.227143 -0.973861 -0
    outer loop
      vertex -72.9262 -14.7116 2.8
      vertex -73.8823 -14.4886 2.6
      vertex -72.9262 -14.7116 2.6
    endloop
  endfacet
  facet normal 0.999463 0.0327575 0
    outer loop
      vertex 15.8129 0 2.8
      vertex 15.7666 1.41266 2.6
      vertex 15.7666 1.41266 2.8
    endloop
  endfacet
  facet normal 0.999463 0.0327575 0
    outer loop
      vertex 15.7666 1.41266 2.6
      vertex 15.8129 0 2.8
      vertex 15.8129 0 2.6
    endloop
  endfacet
  facet normal -0.16288 -0.986646 0
    outer loop
      vertex -72.9262 -14.7116 2.6
      vertex -71.957 -14.8716 2.8
      vertex -72.9262 -14.7116 2.8
    endloop
  endfacet
  facet normal -0.16288 -0.986646 -0
    outer loop
      vertex -71.957 -14.8716 2.8
      vertex -72.9262 -14.7116 2.6
      vertex -71.957 -14.8716 2.6
    endloop
  endfacet
  facet normal -0.999465 0.0327041 0
    outer loop
      vertex -84.9998 0 2.6
      vertex -84.9677 0.981003 2.8
      vertex -84.9677 0.981003 2.6
    endloop
  endfacet
  facet normal -0.999465 0.0327041 0
    outer loop
      vertex -84.9677 0.981003 2.8
      vertex -84.9998 0 2.6
      vertex -84.9998 0 2.8
    endloop
  endfacet
  facet normal -0.956952 -0.290248 0
    outer loop
      vertex -84.2037 -4.82161 2.6
      vertex -84.4886 -3.88229 2.8
      vertex -84.4886 -3.88229 2.6
    endloop
  endfacet
  facet normal -0.956952 -0.290248 0
    outer loop
      vertex -84.4886 -3.88229 2.8
      vertex -84.2037 -4.82161 2.6
      vertex -84.2037 -4.82161 2.8
    endloop
  endfacet
  facet normal -0.84917 0.52812 0
    outer loop
      vertex -82.9902 7.49991 2.6
      vertex -82.4718 8.33345 2.8
      vertex -82.4718 8.33345 2.6
    endloop
  endfacet
  facet normal -0.84917 0.52812 0
    outer loop
      vertex -82.4718 8.33345 2.8
      vertex -82.9902 7.49991 2.6
      vertex -82.9902 7.49991 2.8
    endloop
  endfacet
  facet normal 0.352255 0.935904 -0
    outer loop
      vertex 2.47887 19.9556 2.6
      vertex 1.15627 20.4534 2.8
      vertex 2.47887 19.9556 2.8
    endloop
  endfacet
  facet normal 0.352255 0.935904 0
    outer loop
      vertex 1.15627 20.4534 2.8
      vertex 2.47887 19.9556 2.6
      vertex 1.15627 20.4534 2.6
    endloop
  endfacet
  facet normal -0.0327584 -0.999463 0
    outer loop
      vertex -7.19952 -21.5535 2.6
      vertex -5.7869 -21.5998 2.8
      vertex -7.19952 -21.5535 2.8
    endloop
  endfacet
  facet normal -0.0327584 -0.999463 -0
    outer loop
      vertex -5.7869 -21.5998 2.8
      vertex -7.19952 -21.5535 2.6
      vertex -5.7869 -21.5998 2.6
    endloop
  endfacet
  facet normal -0.84917 -0.52812 0
    outer loop
      vertex -82.4718 -8.33345 2.6
      vertex -82.9902 -7.49991 2.8
      vertex -82.9902 -7.49991 2.6
    endloop
  endfacet
  facet normal -0.84917 -0.52812 0
    outer loop
      vertex -82.9902 -7.49991 2.8
      vertex -82.4718 -8.33345 2.6
      vertex -82.4718 -8.33345 2.8
    endloop
  endfacet
  facet normal 0.471426 -0.881906 0
    outer loop
      vertex 3.76654 -19.3722 2.6
      vertex 5.013 -18.7059 2.8
      vertex 3.76654 -19.3722 2.8
    endloop
  endfacet
  facet normal 0.471426 -0.881906 0
    outer loop
      vertex 5.013 -18.7059 2.8
      vertex 3.76654 -19.3722 2.6
      vertex 5.013 -18.7059 2.6
    endloop
  endfacet
  facet normal -0.290253 -0.95695 0
    outer loop
      vertex -74.8216 -14.2037 2.6
      vertex -73.8823 -14.4886 2.8
      vertex -74.8216 -14.2037 2.8
    endloop
  endfacet
  facet normal -0.290253 -0.95695 -0
    outer loop
      vertex -73.8823 -14.4886 2.8
      vertex -74.8216 -14.2037 2.6
      vertex -73.8823 -14.4886 2.6
    endloop
  endfacet
  facet normal -0.812889 0.582418 0
    outer loop
      vertex -82.4718 8.33345 2.6
      vertex -81.9002 9.13124 2.8
      vertex -81.9002 9.13124 2.6
    endloop
  endfacet
  facet normal -0.812889 0.582418 0
    outer loop
      vertex -81.9002 9.13124 2.8
      vertex -82.4718 8.33345 2.6
      vertex -82.4718 8.33345 2.8
    endloop
  endfacet
  facet normal -0.227143 0.973861 0
    outer loop
      vertex -72.9262 14.7116 2.6
      vertex -73.8823 14.4886 2.8
      vertex -72.9262 14.7116 2.8
    endloop
  endfacet
  facet normal -0.227143 0.973861 0
    outer loop
      vertex -73.8823 14.4886 2.8
      vertex -72.9262 14.7116 2.6
      vertex -73.8823 14.4886 2.6
    endloop
  endfacet
  facet normal -0.683656 -0.729804 0
    outer loop
      vertex -80.6064 -10.6064 2.6
      vertex -79.89 -11.2775 2.8
      vertex -80.6064 -10.6064 2.8
    endloop
  endfacet
  facet normal -0.683656 -0.729804 -0
    outer loop
      vertex -79.89 -11.2775 2.8
      vertex -80.6064 -10.6064 2.6
      vertex -79.89 -11.2775 2.6
    endloop
  endfacet
  facet normal 0.0327577 -0.999463 0
    outer loop
      vertex -5.7869 -21.5998 2.6
      vertex -4.37425 -21.5535 2.8
      vertex -5.7869 -21.5998 2.8
    endloop
  endfacet
  facet normal 0.0327577 -0.999463 0
    outer loop
      vertex -4.37425 -21.5535 2.8
      vertex -5.7869 -21.5998 2.6
      vertex -4.37425 -21.5535 2.6
    endloop
  endfacet
  facet normal -0.986638 0.162925 0
    outer loop
      vertex -84.8715 1.95784 2.6
      vertex -84.7116 2.92616 2.8
      vertex -84.7116 2.92616 2.6
    endloop
  endfacet
  facet normal -0.986638 0.162925 0
    outer loop
      vertex -84.7116 2.92616 2.8
      vertex -84.8715 1.95784 2.6
      vertex -84.8715 1.95784 2.8
    endloop
  endfacet
  facet normal -0.471339 0.881952 0
    outer loop
      vertex -76.6343 13.4528 2.6
      vertex -77.4999 12.9902 2.8
      vertex -76.6343 13.4528 2.8
    endloop
  endfacet
  facet normal -0.471339 0.881952 0
    outer loop
      vertex -77.4999 12.9902 2.8
      vertex -76.6343 13.4528 2.6
      vertex -77.4999 12.9902 2.6
    endloop
  endfacet
  facet normal -0.412744 0.910847 0
    outer loop
      vertex -75.7401 13.858 2.6
      vertex -76.6343 13.4528 2.8
      vertex -75.7401 13.858 2.8
    endloop
  endfacet
  facet normal -0.412744 0.910847 0
    outer loop
      vertex -76.6343 13.4528 2.8
      vertex -75.7401 13.858 2.6
      vertex -76.6343 13.4528 2.6
    endloop
  endfacet
  facet normal 0.8492 0.528071 0
    outer loop
      vertex 12.9191 10.7999 2.8
      vertex 12.1727 12.0002 2.6
      vertex 12.1727 12.0002 2.8
    endloop
  endfacet
  facet normal 0.8492 0.528071 0
    outer loop
      vertex 12.1727 12.0002 2.6
      vertex 12.9191 10.7999 2.8
      vertex 12.9191 10.7999 2.6
    endloop
  endfacet
  facet normal -0.995186 0.098007 0
    outer loop
      vertex -84.9677 0.981003 2.6
      vertex -84.8715 1.95784 2.8
      vertex -84.8715 1.95784 2.6
    endloop
  endfacet
  facet normal -0.995186 0.098007 0
    outer loop
      vertex -84.8715 1.95784 2.8
      vertex -84.9677 0.981003 2.6
      vertex -84.9677 0.981003 2.8
    endloop
  endfacet
  facet normal -0.412744 -0.910847 0
    outer loop
      vertex -76.6343 -13.4528 2.6
      vertex -75.7401 -13.858 2.8
      vertex -76.6343 -13.4528 2.8
    endloop
  endfacet
  facet normal -0.412744 -0.910847 -0
    outer loop
      vertex -75.7401 -13.858 2.8
      vertex -76.6343 -13.4528 2.6
      vertex -75.7401 -13.858 2.6
    endloop
  endfacet
  facet normal -0.352251 -0.935906 0
    outer loop
      vertex -75.7401 -13.858 2.6
      vertex -74.8216 -14.2037 2.8
      vertex -75.7401 -13.858 2.8
    endloop
  endfacet
  facet normal -0.352251 -0.935906 -0
    outer loop
      vertex -74.8216 -14.2037 2.8
      vertex -75.7401 -13.858 2.6
      vertex -74.8216 -14.2037 2.6
    endloop
  endfacet
  facet normal 0.0327577 0.999463 -0
    outer loop
      vertex -4.37425 21.5535 2.6
      vertex -5.7869 21.5998 2.8
      vertex -4.37425 21.5535 2.8
    endloop
  endfacet
  facet normal 0.0327577 0.999463 0
    outer loop
      vertex -5.7869 21.5998 2.8
      vertex -4.37425 21.5535 2.6
      vertex -5.7869 21.5998 2.6
    endloop
  endfacet
  facet normal 0.528064 0.849204 -0
    outer loop
      vertex 6.21332 17.9595 2.6
      vertex 5.013 18.7059 2.8
      vertex 6.21332 17.9595 2.8
    endloop
  endfacet
  facet normal 0.528064 0.849204 0
    outer loop
      vertex 5.013 18.7059 2.8
      vertex 6.21332 17.9595 2.6
      vertex 5.013 18.7059 2.6
    endloop
  endfacet
  facet normal -0.88195 -0.471343 0
    outer loop
      vertex -82.9902 -7.49991 2.6
      vertex -83.4528 -6.63432 2.8
      vertex -83.4528 -6.63432 2.6
    endloop
  endfacet
  facet normal -0.88195 -0.471343 0
    outer loop
      vertex -83.4528 -6.63432 2.8
      vertex -82.9902 -7.49991 2.6
      vertex -82.9902 -7.49991 2.8
    endloop
  endfacet
  facet normal 0.999463 -0.0327575 0
    outer loop
      vertex 15.7666 -1.41266 2.8
      vertex 15.8129 0 2.6
      vertex 15.8129 0 2.8
    endloop
  endfacet
  facet normal 0.999463 -0.0327575 0
    outer loop
      vertex 15.8129 0 2.6
      vertex 15.7666 -1.41266 2.8
      vertex 15.7666 -1.41266 2.6
    endloop
  endfacet
  facet normal 0.97388 0.227064 0
    outer loop
      vertex 15.3979 4.21373 2.8
      vertex 15.0769 5.5905 2.6
      vertex 15.0769 5.5905 2.8
    endloop
  endfacet
  facet normal 0.97388 0.227064 0
    outer loop
      vertex 15.0769 5.5905 2.6
      vertex 15.3979 4.21373 2.8
      vertex 15.3979 4.21373 2.6
    endloop
  endfacet
  facet normal 0.582452 0.812865 -0
    outer loop
      vertex 7.36217 17.1363 2.6
      vertex 6.21332 17.9595 2.8
      vertex 7.36217 17.1363 2.8
    endloop
  endfacet
  facet normal 0.582452 0.812865 0
    outer loop
      vertex 6.21332 17.9595 2.8
      vertex 7.36217 17.1363 2.6
      vertex 6.21332 17.9595 2.6
    endloop
  endfacet
  facet normal -0.683656 0.729804 0
    outer loop
      vertex -79.89 11.2775 2.6
      vertex -80.6064 10.6064 2.8
      vertex -79.89 11.2775 2.8
    endloop
  endfacet
  facet normal -0.683656 0.729804 0
    outer loop
      vertex -80.6064 10.6064 2.8
      vertex -79.89 11.2775 2.6
      vertex -80.6064 10.6064 2.6
    endloop
  endfacet
  facet normal -0.729804 -0.683656 0
    outer loop
      vertex -80.6064 -10.6064 2.6
      vertex -81.2775 -9.89 2.8
      vertex -81.2775 -9.89 2.6
    endloop
  endfacet
  facet normal -0.729804 -0.683656 0
    outer loop
      vertex -81.2775 -9.89 2.8
      vertex -80.6064 -10.6064 2.6
      vertex -80.6064 -10.6064 2.8
    endloop
  endfacet
  facet normal 0.986645 -0.162886 0
    outer loop
      vertex 15.3979 -4.21373 2.8
      vertex 15.6281 -2.81935 2.6
      vertex 15.6281 -2.81935 2.8
    endloop
  endfacet
  facet normal 0.986645 -0.162886 0
    outer loop
      vertex 15.6281 -2.81935 2.6
      vertex 15.3979 -4.21373 2.8
      vertex 15.3979 -4.21373 2.6
    endloop
  endfacet
  facet normal 0.227076 0.973877 -0
    outer loop
      vertex -0.196457 20.8638 2.6
      vertex -1.57315 21.1848 2.8
      vertex -0.196457 20.8638 2.8
    endloop
  endfacet
  facet normal 0.227076 0.973877 0
    outer loop
      vertex -1.57315 21.1848 2.8
      vertex -0.196457 20.8638 2.6
      vertex -1.57315 21.1848 2.6
    endloop
  endfacet
  facet normal -0.935898 -0.352271 0
    outer loop
      vertex -83.858 -5.74005 2.6
      vertex -84.2037 -4.82161 2.8
      vertex -84.2037 -4.82161 2.6
    endloop
  endfacet
  facet normal -0.935898 -0.352271 0
    outer loop
      vertex -84.2037 -4.82161 2.8
      vertex -83.858 -5.74005 2.6
      vertex -83.858 -5.74005 2.8
    endloop
  endfacet
  facet normal 0.986645 0.162886 0
    outer loop
      vertex 15.6281 2.81935 2.8
      vertex 15.3979 4.21373 2.6
      vertex 15.3979 4.21373 2.8
    endloop
  endfacet
  facet normal 0.986645 0.162886 0
    outer loop
      vertex 15.3979 4.21373 2.6
      vertex 15.6281 2.81935 2.8
      vertex 15.6281 2.81935 2.6
    endloop
  endfacet
  facet normal -0.995186 -0.098007 0
    outer loop
      vertex -84.8715 -1.95784 2.6
      vertex -84.9677 -0.981003 2.8
      vertex -84.9677 -0.981003 2.6
    endloop
  endfacet
  facet normal -0.995186 -0.098007 0
    outer loop
      vertex -84.9677 -0.981003 2.8
      vertex -84.8715 -1.95784 2.6
      vertex -84.8715 -1.95784 2.8
    endloop
  endfacet
  facet normal -0.88195 0.471343 0
    outer loop
      vertex -83.4528 6.63432 2.6
      vertex -82.9902 7.49991 2.8
      vertex -82.9902 7.49991 2.6
    endloop
  endfacet
  facet normal -0.88195 0.471343 0
    outer loop
      vertex -82.9902 7.49991 2.8
      vertex -83.4528 6.63432 2.6
      vertex -83.4528 6.63432 2.8
    endloop
  endfacet
  facet normal -0.999465 -0.0327041 0
    outer loop
      vertex -84.9677 -0.981003 2.6
      vertex -84.9998 0 2.8
      vertex -84.9998 0 2.6
    endloop
  endfacet
  facet normal -0.999465 -0.0327041 0
    outer loop
      vertex -84.9998 0 2.8
      vertex -84.9677 -0.981003 2.6
      vertex -84.9677 -0.981003 2.8
    endloop
  endfacet
  facet normal 0.528064 -0.849204 0
    outer loop
      vertex 5.013 -18.7059 2.6
      vertex 6.21332 -17.9595 2.8
      vertex 5.013 -18.7059 2.8
    endloop
  endfacet
  facet normal 0.528064 -0.849204 0
    outer loop
      vertex 6.21332 -17.9595 2.8
      vertex 5.013 -18.7059 2.6
      vertex 6.21332 -17.9595 2.6
    endloop
  endfacet
  facet normal 0.935886 -0.352303 0
    outer loop
      vertex 14.1687 -8.26576 2.8
      vertex 14.6666 -6.9431 2.6
      vertex 14.6666 -6.9431 2.8
    endloop
  endfacet
  facet normal 0.935886 -0.352303 0
    outer loop
      vertex 14.6666 -6.9431 2.6
      vertex 14.1687 -8.26576 2.8
      vertex 14.1687 -8.26576 2.6
    endloop
  endfacet
  facet normal 0.412686 0.910873 -0
    outer loop
      vertex 3.76654 19.3722 2.6
      vertex 2.47887 19.9556 2.8
      vertex 3.76654 19.3722 2.8
    endloop
  endfacet
  facet normal 0.412686 0.910873 0
    outer loop
      vertex 2.47887 19.9556 2.8
      vertex 3.76654 19.3722 2.6
      vertex 2.47887 19.9556 2.6
    endloop
  endfacet
  facet normal 0.471426 0.881906 -0
    outer loop
      vertex 5.013 18.7059 2.6
      vertex 3.76654 19.3722 2.8
      vertex 5.013 18.7059 2.8
    endloop
  endfacet
  facet normal 0.471426 0.881906 0
    outer loop
      vertex 3.76654 19.3722 2.8
      vertex 5.013 18.7059 2.6
      vertex 3.76654 19.3722 2.6
    endloop
  endfacet
  facet normal 0.162889 0.986644 -0
    outer loop
      vertex -1.57315 21.1848 2.6
      vertex -2.96751 21.415 2.8
      vertex -1.57315 21.1848 2.8
    endloop
  endfacet
  facet normal 0.162889 0.986644 0
    outer loop
      vertex -2.96751 21.415 2.8
      vertex -1.57315 21.1848 2.6
      vertex -2.96751 21.415 2.6
    endloop
  endfacet
  facet normal 0.634397 0.773007 -0
    outer loop
      vertex 8.45479 16.2396 2.6
      vertex 7.36217 17.1363 2.8
      vertex 8.45479 16.2396 2.8
    endloop
  endfacet
  facet normal 0.634397 0.773007 0
    outer loop
      vertex 7.36217 17.1363 2.8
      vertex 8.45479 16.2396 2.6
      vertex 7.36217 17.1363 2.6
    endloop
  endfacet
  facet normal -0.956952 0.290248 0
    outer loop
      vertex -84.4886 3.88229 2.6
      vertex -84.2037 4.82161 2.8
      vertex -84.2037 4.82161 2.6
    endloop
  endfacet
  facet normal -0.956952 0.290248 0
    outer loop
      vertex -84.2037 4.82161 2.8
      vertex -84.4886 3.88229 2.6
      vertex -84.4886 3.88229 2.8
    endloop
  endfacet
  facet normal 0.935886 0.352303 0
    outer loop
      vertex 14.6666 6.9431 2.8
      vertex 14.1687 8.26576 2.6
      vertex 14.1687 8.26576 2.8
    endloop
  endfacet
  facet normal 0.935886 0.352303 0
    outer loop
      vertex 14.1687 8.26576 2.6
      vertex 14.6666 6.9431 2.8
      vertex 14.6666 6.9431 2.6
    endloop
  endfacet
  facet normal -0.582462 -0.812858 0
    outer loop
      vertex -79.1312 -11.9002 2.6
      vertex -78.3335 -12.4718 2.8
      vertex -79.1312 -11.9002 2.8
    endloop
  endfacet
  facet normal -0.582462 -0.812858 -0
    outer loop
      vertex -78.3335 -12.4718 2.8
      vertex -79.1312 -11.9002 2.6
      vertex -78.3335 -12.4718 2.6
    endloop
  endfacet
  facet normal -0.973863 -0.227136 0
    outer loop
      vertex -84.4886 -3.88229 2.6
      vertex -84.7116 -2.92616 2.8
      vertex -84.7116 -2.92616 2.6
    endloop
  endfacet
  facet normal -0.973863 -0.227136 0
    outer loop
      vertex -84.7116 -2.92616 2.8
      vertex -84.4886 -3.88229 2.6
      vertex -84.4886 -3.88229 2.8
    endloop
  endfacet
  facet normal -0.986638 -0.162925 0
    outer loop
      vertex -84.7116 -2.92616 2.6
      vertex -84.8715 -1.95784 2.8
      vertex -84.8715 -1.95784 2.6
    endloop
  endfacet
  facet normal -0.986638 -0.162925 0
    outer loop
      vertex -84.8715 -1.95784 2.8
      vertex -84.7116 -2.92616 2.6
      vertex -84.7116 -2.92616 2.8
    endloop
  endfacet
  facet normal -0.634374 -0.773026 0
    outer loop
      vertex -79.89 -11.2775 2.6
      vertex -79.1312 -11.9002 2.8
      vertex -79.89 -11.2775 2.8
    endloop
  endfacet
  facet normal -0.634374 -0.773026 -0
    outer loop
      vertex -79.1312 -11.9002 2.8
      vertex -79.89 -11.2775 2.6
      vertex -79.1312 -11.9002 2.6
    endloop
  endfacet
  facet normal 0.956942 0.29028 0
    outer loop
      vertex 15.0769 5.5905 2.8
      vertex 14.6666 6.9431 2.6
      vertex 14.6666 6.9431 2.8
    endloop
  endfacet
  facet normal 0.956942 0.29028 0
    outer loop
      vertex 14.6666 6.9431 2.6
      vertex 15.0769 5.5905 2.8
      vertex 15.0769 5.5905 2.6
    endloop
  endfacet
  facet normal 0.812843 0.582482 0
    outer loop
      vertex 12.1727 12.0002 2.8
      vertex 11.3494 13.1491 2.6
      vertex 11.3494 13.1491 2.8
    endloop
  endfacet
  facet normal 0.812843 0.582482 0
    outer loop
      vertex 11.3494 13.1491 2.6
      vertex 12.1727 12.0002 2.8
      vertex 12.1727 12.0002 2.6
    endloop
  endfacet
  facet normal 0.881935 0.471371 0
    outer loop
      vertex 13.5853 9.55344 2.8
      vertex 12.9191 10.7999 2.6
      vertex 12.9191 10.7999 2.8
    endloop
  endfacet
  facet normal 0.881935 0.471371 0
    outer loop
      vertex 12.9191 10.7999 2.6
      vertex 13.5853 9.55344 2.8
      vertex 13.5853 9.55344 2.6
    endloop
  endfacet
  facet normal -0.0327584 0.999463 0
    outer loop
      vertex -5.7869 21.5998 2.6
      vertex -7.19952 21.5535 2.8
      vertex -5.7869 21.5998 2.8
    endloop
  endfacet
  facet normal -0.0327584 0.999463 0
    outer loop
      vertex -7.19952 21.5535 2.8
      vertex -5.7869 21.5998 2.6
      vertex -7.19952 21.5535 2.6
    endloop
  endfacet
  facet normal 0.582452 -0.812865 0
    outer loop
      vertex 6.21332 -17.9595 2.6
      vertex 7.36217 -17.1363 2.8
      vertex 6.21332 -17.9595 2.8
    endloop
  endfacet
  facet normal 0.582452 -0.812865 0
    outer loop
      vertex 7.36217 -17.1363 2.8
      vertex 6.21332 -17.9595 2.6
      vertex 7.36217 -17.1363 2.6
    endloop
  endfacet
  facet normal -0.910859 0.412717 0
    outer loop
      vertex -83.858 5.74005 2.6
      vertex -83.4528 6.63432 2.8
      vertex -83.4528 6.63432 2.6
    endloop
  endfacet
  facet normal -0.910859 0.412717 0
    outer loop
      vertex -83.4528 6.63432 2.8
      vertex -83.858 5.74005 2.6
      vertex -83.858 5.74005 2.8
    endloop
  endfacet
  facet normal 0.352255 -0.935904 0
    outer loop
      vertex 1.15627 -20.4534 2.6
      vertex 2.47887 -19.9556 2.8
      vertex 1.15627 -20.4534 2.8
    endloop
  endfacet
  facet normal 0.352255 -0.935904 0
    outer loop
      vertex 2.47887 -19.9556 2.8
      vertex 1.15627 -20.4534 2.6
      vertex 2.47887 -19.9556 2.6
    endloop
  endfacet
  facet normal 0 0 1
    outer loop
      vertex 15.6128 0 2.8
      vertex 15.8129 0 2.8
      vertex 15.7666 1.41266 2.8
    endloop
  endfacet
  facet normal 0 0 1
    outer loop
      vertex 15.5669 1.39977 2.8
      vertex 15.7666 1.41266 2.8
      vertex 15.6281 2.81935 2.8
    endloop
  endfacet
  facet normal 0 0 1
    outer loop
      vertex 15.8129 0 2.8
      vertex 15.6128 0 2.8
      vertex 15.7666 -1.41266 2.8
    endloop
  endfacet
  facet normal -0 0 1
    outer loop
      vertex 15.5669 -1.39977 2.8
      vertex 15.7666 -1.41266 2.8
      vertex 15.6128 0 2.8
    endloop
  endfacet
  facet normal 0 0 1
    outer loop
      vertex 15.7666 1.41266 2.8
      vertex 15.5669 1.39977 2.8
      vertex 15.6128 0 2.8
    endloop
  endfacet
  facet normal 0 0 1
    outer loop
      vertex 15.6281 2.81935 2.8
      vertex 15.4297 2.79324 2.8
      vertex 15.5669 1.39977 2.8
    endloop
  endfacet
  facet normal 0 0 1
    outer loop
      vertex 15.3979 4.21373 2.8
      vertex 15.4297 2.79324 2.8
      vertex 15.6281 2.81935 2.8
    endloop
  endfacet
  facet normal 0 0 1
    outer loop
      vertex 15.3979 4.21373 2.8
      vertex 15.2016 4.17485 2.8
      vertex 15.4297 2.79324 2.8
    endloop
  endfacet
  facet normal 0 0 1
    outer loop
      vertex 15.0769 5.5905 2.8
      vertex 15.2016 4.17485 2.8
      vertex 15.3979 4.21373 2.8
    endloop
  endfacet
  facet normal 0 0 1
    outer loop
      vertex 15.0769 5.5905 2.8
      vertex 14.8836 5.53845 2.8
      vertex 15.2016 4.17485 2.8
    endloop
  endfacet
  facet normal 0 0 1
    outer loop
      vertex 14.6666 6.9431 2.8
      vertex 14.8836 5.53845 2.8
      vertex 15.0769 5.5905 2.8
    endloop
  endfacet
  facet normal 0 0 1
    outer loop
      vertex 14.6666 6.9431 2.8
      vertex 14.4771 6.87885 2.8
      vertex 14.8836 5.53845 2.8
    endloop
  endfacet
  facet normal 0 0 1
    outer loop
      vertex 14.1687 8.26576 2.8
      vertex 14.4771 6.87885 2.8
      vertex 14.6666 6.9431 2.8
    endloop
  endfacet
  facet normal 0 0 1
    outer loop
      vertex 14.1687 8.26576 2.8
      vertex 13.9839 8.18918 2.8
      vertex 14.4771 6.87885 2.8
    endloop
  endfacet
  facet normal 0 0 1
    outer loop
      vertex 13.5853 9.55344 2.8
      vertex 13.9839 8.18918 2.8
      vertex 14.1687 8.26576 2.8
    endloop
  endfacet
  facet normal 0 0 1
    outer loop
      vertex 13.5853 9.55344 2.8
      vertex 13.4059 9.4648 2.8
      vertex 13.9839 8.18918 2.8
    endloop
  endfacet
  facet normal 0 0 1
    outer loop
      vertex 12.9191 10.7999 2.8
      vertex 13.4059 9.4648 2.8
      vertex 13.5853 9.55344 2.8
    endloop
  endfacet
  facet normal 0 0 1
    outer loop
      vertex 12.9191 10.7999 2.8
      vertex 12.7457 10.6998 2.8
      vertex 13.4059 9.4648 2.8
    endloop
  endfacet
  facet normal 0 0 1
    outer loop
      vertex 12.1727 12.0002 2.8
      vertex 12.7457 10.6998 2.8
      vertex 12.9191 10.7999 2.8
    endloop
  endfacet
  facet normal 0 0 1
    outer loop
      vertex 12.1727 12.0002 2.8
      vertex 12.0062 11.8891 2.8
      vertex 12.7457 10.6998 2.8
    endloop
  endfacet
  facet normal 0 0 1
    outer loop
      vertex 11.3494 13.1491 2.8
      vertex 12.0062 11.8891 2.8
      vertex 12.1727 12.0002 2.8
    endloop
  endfacet
  facet normal 0 0 1
    outer loop
      vertex 11.3494 13.1491 2.8
      vertex 11.1906 13.0273 2.8
      vertex 12.0062 11.8891 2.8
    endloop
  endfacet
  facet normal 0 0 1
    outer loop
      vertex 10.4527 14.2417 2.8
      vertex 11.1906 13.0273 2.8
      vertex 11.3494 13.1491 2.8
    endloop
  endfacet
  facet normal 0 0 1
    outer loop
      vertex 10.4527 14.2417 2.8
      vertex 10.3022 14.1098 2.8
      vertex 11.1906 13.0273 2.8
    endloop
  endfacet
  facet normal 0 0 1
    outer loop
      vertex 9.48645 15.2733 2.8
      vertex 10.3022 14.1098 2.8
      vertex 10.4527 14.2417 2.8
    endloop
  endfacet
  facet normal 0 0 1
    outer loop
      vertex 9.48645 15.2733 2.8
      vertex 9.34496 15.1319 2.8
      vertex 10.3022 14.1098 2.8
    endloop
  endfacet
  facet normal 0 0 1
    outer loop
      vertex 8.45479 16.2396 2.8
      vertex 9.34496 15.1319 2.8
      vertex 9.48645 15.2733 2.8
    endloop
  endfacet
  facet normal 0 0 1
    outer loop
      vertex 8.45479 16.2396 2.8
      vertex 8.32289 16.0891 2.8
      vertex 9.34496 15.1319 2.8
    endloop
  endfacet
  facet normal 0 0 1
    outer loop
      vertex 7.36217 17.1363 2.8
      vertex 8.32289 16.0891 2.8
      vertex 8.45479 16.2396 2.8
    endloop
  endfacet
  facet normal 0 0 1
    outer loop
      vertex 7.36217 17.1363 2.8
      vertex 7.24039 16.9775 2.8
      vertex 8.32289 16.0891 2.8
    endloop
  endfacet
  facet normal 0 0 1
    outer loop
      vertex 6.21332 17.9595 2.8
      vertex 7.24039 16.9775 2.8
      vertex 7.36217 17.1363 2.8
    endloop
  endfacet
  facet normal 0 0 1
    outer loop
      vertex 6.21332 17.9595 2.8
      vertex 6.10214 17.7932 2.8
      vertex 7.24039 16.9775 2.8
    endloop
  endfacet
  facet normal 0 0 1
    outer loop
      vertex 5.013 18.7059 2.8
      vertex 6.10214 17.7932 2.8
      vertex 6.21332 17.9595 2.8
    endloop
  endfacet
  facet normal 0 0 1
    outer loop
      vertex 5.013 18.7059 2.8
      vertex 4.91306 18.5326 2.8
      vertex 6.10214 17.7932 2.8
    endloop
  endfacet
  facet normal 0 0 1
    outer loop
      vertex 3.76654 19.3722 2.8
      vertex 4.91306 18.5326 2.8
      vertex 5.013 18.7059 2.8
    endloop
  endfacet
  facet normal 0 0 1
    outer loop
      vertex 3.76654 19.3722 2.8
      vertex 3.6779 19.1928 2.8
      vertex 4.91306 18.5326 2.8
    endloop
  endfacet
  facet normal 0 0 1
    outer loop
      vertex 2.47887 19.9556 2.8
      vertex 3.6779 19.1928 2.8
      vertex 3.76654 19.3722 2.8
    endloop
  endfacet
  facet normal 0 0 1
    outer loop
      vertex 2.47887 19.9556 2.8
      vertex 2.40228 19.7708 2.8
      vertex 3.6779 19.1928 2.8
    endloop
  endfacet
  facet normal 0 0 1
    outer loop
      vertex 1.15627 20.4534 2.8
      vertex 2.40228 19.7708 2.8
      vertex 2.47887 19.9556 2.8
    endloop
  endfacet
  facet normal 0 0 1
    outer loop
      vertex 1.15627 20.4534 2.8
      vertex 1.09181 20.264 2.8
      vertex 2.40228 19.7708 2.8
    endloop
  endfacet
  facet normal 0 0 1
    outer loop
      vertex -0.196457 20.8638 2.8
      vertex 1.09181 20.264 2.8
      vertex 1.15627 20.4534 2.8
    endloop
  endfacet
  facet normal 0 0 1
    outer loop
      vertex -0.196457 20.8638 2.8
      vertex -0.248276 20.6705 2.8
      vertex 1.09181 20.264 2.8
    endloop
  endfacet
  facet normal 0 0 1
    outer loop
      vertex -1.57315 21.1848 2.8
      vertex -0.248276 20.6705 2.8
      vertex -0.196457 20.8638 2.8
    endloop
  endfacet
  facet normal 0 0 1
    outer loop
      vertex -1.57315 21.1848 2.8
      vertex -1.61203 20.9885 2.8
      vertex -0.248276 20.6705 2.8
    endloop
  endfacet
  facet normal 0 0 1
    outer loop
      vertex -2.96751 21.415 2.8
      vertex -1.61203 20.9885 2.8
      vertex -1.57315 21.1848 2.8
    endloop
  endfacet
  facet normal 0 0 1
    outer loop
      vertex -2.96751 21.415 2.8
      vertex -2.99364 21.2166 2.8
      vertex -1.61203 20.9885 2.8
    endloop
  endfacet
  facet normal 0 0 1
    outer loop
      vertex -4.37425 21.5535 2.8
      vertex -2.99364 21.2166 2.8
      vertex -2.96751 21.415 2.8
    endloop
  endfacet
  facet normal 0 0 1
    outer loop
      vertex -4.37425 21.5535 2.8
      vertex -4.38712 21.3539 2.8
      vertex -2.99364 21.2166 2.8
    endloop
  endfacet
  facet normal 0 0 1
    outer loop
      vertex -5.7869 21.5998 2.8
      vertex -4.38712 21.3539 2.8
      vertex -4.37425 21.5535 2.8
    endloop
  endfacet
  facet normal 0 0 1
    outer loop
      vertex -5.7869 21.5998 2.8
      vertex -5.7869 21.3997 2.8
      vertex -4.38712 21.3539 2.8
    endloop
  endfacet
  facet normal 0 0 1
    outer loop
      vertex -5.7869 21.5998 2.8
      vertex -7.18666 21.3539 2.8
      vertex -5.7869 21.3997 2.8
    endloop
  endfacet
  facet normal -0 0 1
    outer loop
      vertex -7.19952 21.5535 2.8
      vertex -7.18666 21.3539 2.8
      vertex -5.7869 21.5998 2.8
    endloop
  endfacet
  facet normal -0 0 1
    outer loop
      vertex -8.61737 21.4139 2.8
      vertex -7.18666 21.3539 2.8
      vertex -7.19952 21.5535 2.8
    endloop
  endfacet
  facet normal 0 0 1
    outer loop
      vertex -7.18666 21.3539 2.8
      vertex -8.61737 21.4139 2.8
      vertex -8.59682 21.215 2.8
    endloop
  endfacet
  facet normal 0 0 1
    outer loop
      vertex -8.61737 21.4139 2.8
      vertex -71.9305 14.6733 2.8
      vertex -8.59682 21.215 2.8
    endloop
  endfacet
  facet normal -0 0 1
    outer loop
      vertex -71.957 14.8716 2.8
      vertex -71.9305 14.6733 2.8
      vertex -8.61737 21.4139 2.8
    endloop
  endfacet
  facet normal 0 0 1
    outer loop
      vertex -71.957 14.8716 2.8
      vertex -72.8873 14.5153 2.8
      vertex -71.9305 14.6733 2.8
    endloop
  endfacet
  facet normal -0 0 1
    outer loop
      vertex -72.9262 14.7116 2.8
      vertex -72.8873 14.5153 2.8
      vertex -71.957 14.8716 2.8
    endloop
  endfacet
  facet normal 0 0 1
    outer loop
      vertex -72.9262 14.7116 2.8
      vertex -73.8303 14.2954 2.8
      vertex -72.8873 14.5153 2.8
    endloop
  endfacet
  facet normal -0 0 1
    outer loop
      vertex -73.8823 14.4886 2.8
      vertex -73.8303 14.2954 2.8
      vertex -72.9262 14.7116 2.8
    endloop
  endfacet
  facet normal 0 0 1
    outer loop
      vertex -73.8823 14.4886 2.8
      vertex -74.7574 14.0142 2.8
      vertex -73.8303 14.2954 2.8
    endloop
  endfacet
  facet normal -0 0 1
    outer loop
      vertex -74.8216 14.2037 2.8
      vertex -74.7574 14.0142 2.8
      vertex -73.8823 14.4886 2.8
    endloop
  endfacet
  facet normal 0 0 1
    outer loop
      vertex -74.8216 14.2037 2.8
      vertex -75.6635 13.6732 2.8
      vertex -74.7574 14.0142 2.8
    endloop
  endfacet
  facet normal -0 0 1
    outer loop
      vertex -75.7401 13.858 2.8
      vertex -75.6635 13.6732 2.8
      vertex -74.8216 14.2037 2.8
    endloop
  endfacet
  facet normal 0 0 1
    outer loop
      vertex -75.7401 13.858 2.8
      vertex -76.5457 13.2734 2.8
      vertex -75.6635 13.6732 2.8
    endloop
  endfacet
  facet normal -0 0 1
    outer loop
      vertex -76.6343 13.4528 2.8
      vertex -76.5457 13.2734 2.8
      vertex -75.7401 13.858 2.8
    endloop
  endfacet
  facet normal 0 0 1
    outer loop
      vertex -76.6343 13.4528 2.8
      vertex -77.4 12.8168 2.8
      vertex -76.5457 13.2734 2.8
    endloop
  endfacet
  facet normal -0 0 1
    outer loop
      vertex -77.4999 12.9902 2.8
      vertex -77.4 12.8168 2.8
      vertex -76.6343 13.4528 2.8
    endloop
  endfacet
  facet normal 0 0 1
    outer loop
      vertex -77.4999 12.9902 2.8
      vertex -78.2221 12.3056 2.8
      vertex -77.4 12.8168 2.8
    endloop
  endfacet
  facet normal -0 0 1
    outer loop
      vertex -78.3335 12.4718 2.8
      vertex -78.2221 12.3056 2.8
      vertex -77.4999 12.9902 2.8
    endloop
  endfacet
  facet normal 0 0 1
    outer loop
      vertex -78.3335 12.4718 2.8
      vertex -79.0095 11.7413 2.8
      vertex -78.2221 12.3056 2.8
    endloop
  endfacet
  facet normal -0 0 1
    outer loop
      vertex -79.1312 11.9002 2.8
      vertex -79.0095 11.7413 2.8
      vertex -78.3335 12.4718 2.8
    endloop
  endfacet
  facet normal 0 0 1
    outer loop
      vertex -79.1312 11.9002 2.8
      vertex -79.7582 11.1269 2.8
      vertex -79.0095 11.7413 2.8
    endloop
  endfacet
  facet normal -0 0 1
    outer loop
      vertex -79.89 11.2775 2.8
      vertex -79.7582 11.1269 2.8
      vertex -79.1312 11.9002 2.8
    endloop
  endfacet
  facet normal 0 0 1
    outer loop
      vertex -79.89 11.2775 2.8
      vertex -80.465 10.465 2.8
      vertex -79.7582 11.1269 2.8
    endloop
  endfacet
  facet normal -0 0 1
    outer loop
      vertex -80.6064 10.6064 2.8
      vertex -80.465 10.465 2.8
      vertex -79.89 11.2775 2.8
    endloop
  endfacet
  facet normal 0 0 1
    outer loop
      vertex -80.6064 10.6064 2.8
      vertex -81.1269 9.75821 2.8
      vertex -80.465 10.465 2.8
    endloop
  endfacet
  facet normal -0 0 1
    outer loop
      vertex -81.2775 9.89 2.8
      vertex -81.1269 9.75821 2.8
      vertex -80.6064 10.6064 2.8
    endloop
  endfacet
  facet normal 0 0 1
    outer loop
      vertex -81.2775 9.89 2.8
      vertex -81.7413 9.00948 2.8
      vertex -81.1269 9.75821 2.8
    endloop
  endfacet
  facet normal -0 0 1
    outer loop
      vertex -81.9002 9.13124 2.8
      vertex -81.7413 9.00948 2.8
      vertex -81.2775 9.89 2.8
    endloop
  endfacet
  facet normal 0 0 1
    outer loop
      vertex -81.9002 9.13124 2.8
      vertex -82.3056 8.22211 2.8
      vertex -81.7413 9.00948 2.8
    endloop
  endfacet
  facet normal -0 0 1
    outer loop
      vertex -82.4718 8.33345 2.8
      vertex -82.3056 8.22211 2.8
      vertex -81.9002 9.13124 2.8
    endloop
  endfacet
  facet normal 0 0 1
    outer loop
      vertex -82.4718 8.33345 2.8
      vertex -82.8168 7.39996 2.8
      vertex -82.3056 8.22211 2.8
    endloop
  endfacet
  facet normal -0 0 1
    outer loop
      vertex -82.9902 7.49991 2.8
      vertex -82.8168 7.39996 2.8
      vertex -82.4718 8.33345 2.8
    endloop
  endfacet
  facet normal 0 0 1
    outer loop
      vertex -82.9902 7.49991 2.8
      vertex -83.2734 6.54568 2.8
      vertex -82.8168 7.39996 2.8
    endloop
  endfacet
  facet normal -0 0 1
    outer loop
      vertex -83.4528 6.63432 2.8
      vertex -83.2734 6.54568 2.8
      vertex -82.9902 7.49991 2.8
    endloop
  endfacet
  facet normal 0 0 1
    outer loop
      vertex -83.4528 6.63432 2.8
      vertex -83.6732 5.66347 2.8
      vertex -83.2734 6.54568 2.8
    endloop
  endfacet
  facet normal -0 0 1
    outer loop
      vertex -83.858 5.74005 2.8
      vertex -83.6732 5.66347 2.8
      vertex -83.4528 6.63432 2.8
    endloop
  endfacet
  facet normal 0 0 1
    outer loop
      vertex -83.858 5.74005 2.8
      vertex -84.0142 4.75735 2.8
      vertex -83.6732 5.66347 2.8
    endloop
  endfacet
  facet normal -0 0 1
    outer loop
      vertex -84.2037 4.82161 2.8
      vertex -84.0142 4.75735 2.8
      vertex -83.858 5.74005 2.8
    endloop
  endfacet
  facet normal 0 0 1
    outer loop
      vertex -84.2037 4.82161 2.8
      vertex -84.2954 3.83026 2.8
      vertex -84.0142 4.75735 2.8
    endloop
  endfacet
  facet normal -0 0 1
    outer loop
      vertex -84.4886 3.88229 2.8
      vertex -84.2954 3.83026 2.8
      vertex -84.2037 4.82161 2.8
    endloop
  endfacet
  facet normal 0 0 1
    outer loop
      vertex -84.4886 3.88229 2.8
      vertex -84.5153 2.88728 2.8
      vertex -84.2954 3.83026 2.8
    endloop
  endfacet
  facet normal -0 0 1
    outer loop
      vertex -84.7116 2.92616 2.8
      vertex -84.5153 2.88728 2.8
      vertex -84.4886 3.88229 2.8
    endloop
  endfacet
  facet normal 0 0 1
    outer loop
      vertex -84.5153 2.88728 2.8
      vertex -84.7116 2.92616 2.8
      vertex -84.6731 1.93175 2.8
    endloop
  endfacet
  facet normal -0 0 1
    outer loop
      vertex -84.8715 1.95784 2.8
      vertex -84.6731 1.93175 2.8
      vertex -84.7116 2.92616 2.8
    endloop
  endfacet
  facet normal 0 0 1
    outer loop
      vertex -84.6731 1.93175 2.8
      vertex -84.8715 1.95784 2.8
      vertex -84.768 0.968109 2.8
    endloop
  endfacet
  facet normal -0 0 1
    outer loop
      vertex -84.9677 0.981003 2.8
      vertex -84.768 0.968109 2.8
      vertex -84.8715 1.95784 2.8
    endloop
  endfacet
  facet normal 0 0 1
    outer loop
      vertex 15.7666 -1.41266 2.8
      vertex 15.5669 -1.39977 2.8
      vertex 15.6281 -2.81935 2.8
    endloop
  endfacet
  facet normal -0 0 1
    outer loop
      vertex 15.4297 -2.79324 2.8
      vertex 15.6281 -2.81935 2.8
      vertex 15.5669 -1.39977 2.8
    endloop
  endfacet
  facet normal 0 0 1
    outer loop
      vertex 15.4297 -2.79324 2.8
      vertex 15.3979 -4.21373 2.8
      vertex 15.6281 -2.81935 2.8
    endloop
  endfacet
  facet normal -0 0 1
    outer loop
      vertex 15.2016 -4.17485 2.8
      vertex 15.3979 -4.21373 2.8
      vertex 15.4297 -2.79324 2.8
    endloop
  endfacet
  facet normal 0 0 1
    outer loop
      vertex 15.2016 -4.17485 2.8
      vertex 15.0769 -5.5905 2.8
      vertex 15.3979 -4.21373 2.8
    endloop
  endfacet
  facet normal -0 0 1
    outer loop
      vertex 14.8836 -5.53845 2.8
      vertex 15.0769 -5.5905 2.8
      vertex 15.2016 -4.17485 2.8
    endloop
  endfacet
  facet normal 0 0 1
    outer loop
      vertex 14.8836 -5.53845 2.8
      vertex 14.6666 -6.9431 2.8
      vertex 15.0769 -5.5905 2.8
    endloop
  endfacet
  facet normal -0 0 1
    outer loop
      vertex 14.4771 -6.87885 2.8
      vertex 14.6666 -6.9431 2.8
      vertex 14.8836 -5.53845 2.8
    endloop
  endfacet
  facet normal 0 0 1
    outer loop
      vertex 14.4771 -6.87885 2.8
      vertex 14.1687 -8.26576 2.8
      vertex 14.6666 -6.9431 2.8
    endloop
  endfacet
  facet normal -0 0 1
    outer loop
      vertex 13.9839 -8.18918 2.8
      vertex 14.1687 -8.26576 2.8
      vertex 14.4771 -6.87885 2.8
    endloop
  endfacet
  facet normal 0 0 1
    outer loop
      vertex 13.9839 -8.18918 2.8
      vertex 13.5853 -9.55344 2.8
      vertex 14.1687 -8.26576 2.8
    endloop
  endfacet
  facet normal -0 0 1
    outer loop
      vertex 13.4059 -9.4648 2.8
      vertex 13.5853 -9.55344 2.8
      vertex 13.9839 -8.18918 2.8
    endloop
  endfacet
  facet normal 0 0 1
    outer loop
      vertex 13.4059 -9.4648 2.8
      vertex 12.9191 -10.7999 2.8
      vertex 13.5853 -9.55344 2.8
    endloop
  endfacet
  facet normal -0 0 1
    outer loop
      vertex 12.7457 -10.6998 2.8
      vertex 12.9191 -10.7999 2.8
      vertex 13.4059 -9.4648 2.8
    endloop
  endfacet
  facet normal 0 0 1
    outer loop
      vertex 12.7457 -10.6998 2.8
      vertex 12.1727 -12.0002 2.8
      vertex 12.9191 -10.7999 2.8
    endloop
  endfacet
  facet normal -0 0 1
    outer loop
      vertex 12.0062 -11.8891 2.8
      vertex 12.1727 -12.0002 2.8
      vertex 12.7457 -10.6998 2.8
    endloop
  endfacet
  facet normal 0 0 1
    outer loop
      vertex 12.0062 -11.8891 2.8
      vertex 11.3494 -13.1491 2.8
      vertex 12.1727 -12.0002 2.8
    endloop
  endfacet
  facet normal -0 0 1
    outer loop
      vertex 11.1906 -13.0273 2.8
      vertex 11.3494 -13.1491 2.8
      vertex 12.0062 -11.8891 2.8
    endloop
  endfacet
  facet normal 0 0 1
    outer loop
      vertex 11.1906 -13.0273 2.8
      vertex 10.4527 -14.2417 2.8
      vertex 11.3494 -13.1491 2.8
    endloop
  endfacet
  facet normal -0 0 1
    outer loop
      vertex 10.3022 -14.1098 2.8
      vertex 10.4527 -14.2417 2.8
      vertex 11.1906 -13.0273 2.8
    endloop
  endfacet
  facet normal 0 0 1
    outer loop
      vertex 10.3022 -14.1098 2.8
      vertex 9.48645 -15.2733 2.8
      vertex 10.4527 -14.2417 2.8
    endloop
  endfacet
  facet normal -0 0 1
    outer loop
      vertex 9.34496 -15.1319 2.8
      vertex 9.48645 -15.2733 2.8
      vertex 10.3022 -14.1098 2.8
    endloop
  endfacet
  facet normal 0 0 1
    outer loop
      vertex 9.34496 -15.1319 2.8
      vertex 8.45479 -16.2396 2.8
      vertex 9.48645 -15.2733 2.8
    endloop
  endfacet
  facet normal -0 0 1
    outer loop
      vertex 8.32289 -16.0891 2.8
      vertex 8.45479 -16.2396 2.8
      vertex 9.34496 -15.1319 2.8
    endloop
  endfacet
  facet normal 0 0 1
    outer loop
      vertex 8.32289 -16.0891 2.8
      vertex 7.36217 -17.1363 2.8
      vertex 8.45479 -16.2396 2.8
    endloop
  endfacet
  facet normal -0 0 1
    outer loop
      vertex 7.24039 -16.9775 2.8
      vertex 7.36217 -17.1363 2.8
      vertex 8.32289 -16.0891 2.8
    endloop
  endfacet
  facet normal 0 0 1
    outer loop
      vertex 7.24039 -16.9775 2.8
      vertex 6.21332 -17.9595 2.8
      vertex 7.36217 -17.1363 2.8
    endloop
  endfacet
  facet normal -0 0 1
    outer loop
      vertex 6.10214 -17.7932 2.8
      vertex 6.21332 -17.9595 2.8
      vertex 7.24039 -16.9775 2.8
    endloop
  endfacet
  facet normal 0 0 1
    outer loop
      vertex 6.10214 -17.7932 2.8
      vertex 5.013 -18.7059 2.8
      vertex 6.21332 -17.9595 2.8
    endloop
  endfacet
  facet normal -0 0 1
    outer loop
      vertex 4.91306 -18.5326 2.8
      vertex 5.013 -18.7059 2.8
      vertex 6.10214 -17.7932 2.8
    endloop
  endfacet
  facet normal 0 0 1
    outer loop
      vertex 4.91306 -18.5326 2.8
      vertex 3.76654 -19.3722 2.8
      vertex 5.013 -18.7059 2.8
    endloop
  endfacet
  facet normal -0 0 1
    outer loop
      vertex 3.6779 -19.1928 2.8
      vertex 3.76654 -19.3722 2.8
      vertex 4.91306 -18.5326 2.8
    endloop
  endfacet
  facet normal 0 0 1
    outer loop
      vertex 3.6779 -19.1928 2.8
      vertex 2.47887 -19.9556 2.8
      vertex 3.76654 -19.3722 2.8
    endloop
  endfacet
  facet normal -0 0 1
    outer loop
      vertex 2.40228 -19.7708 2.8
      vertex 2.47887 -19.9556 2.8
      vertex 3.6779 -19.1928 2.8
    endloop
  endfacet
  facet normal 0 0 1
    outer loop
      vertex 2.40228 -19.7708 2.8
      vertex 1.15627 -20.4534 2.8
      vertex 2.47887 -19.9556 2.8
    endloop
  endfacet
  facet normal -0 0 1
    outer loop
      vertex 1.09181 -20.264 2.8
      vertex 1.15627 -20.4534 2.8
      vertex 2.40228 -19.7708 2.8
    endloop
  endfacet
  facet normal 0 0 1
    outer loop
      vertex 1.09181 -20.264 2.8
      vertex -0.196457 -20.8638 2.8
      vertex 1.15627 -20.4534 2.8
    endloop
  endfacet
  facet normal -0 0 1
    outer loop
      vertex -0.248276 -20.6705 2.8
      vertex -0.196457 -20.8638 2.8
      vertex 1.09181 -20.264 2.8
    endloop
  endfacet
  facet normal 0 0 1
    outer loop
      vertex -0.248276 -20.6705 2.8
      vertex -1.57315 -21.1848 2.8
      vertex -0.196457 -20.8638 2.8
    endloop
  endfacet
  facet normal -0 0 1
    outer loop
      vertex -1.61203 -20.9885 2.8
      vertex -1.57315 -21.1848 2.8
      vertex -0.248276 -20.6705 2.8
    endloop
  endfacet
  facet normal 0 0 1
    outer loop
      vertex -1.61203 -20.9885 2.8
      vertex -2.96751 -21.415 2.8
      vertex -1.57315 -21.1848 2.8
    endloop
  endfacet
  facet normal -0 0 1
    outer loop
      vertex -2.99364 -21.2166 2.8
      vertex -2.96751 -21.415 2.8
      vertex -1.61203 -20.9885 2.8
    endloop
  endfacet
  facet normal 0 0 1
    outer loop
      vertex -2.99364 -21.2166 2.8
      vertex -4.37425 -21.5535 2.8
      vertex -2.96751 -21.415 2.8
    endloop
  endfacet
  facet normal -0 0 1
    outer loop
      vertex -4.38712 -21.3539 2.8
      vertex -4.37425 -21.5535 2.8
      vertex -2.99364 -21.2166 2.8
    endloop
  endfacet
  facet normal -0 0 1
    outer loop
      vertex -5.7869 -21.3997 2.8
      vertex -4.37425 -21.5535 2.8
      vertex -4.38712 -21.3539 2.8
    endloop
  endfacet
  facet normal 0 0 1
    outer loop
      vertex -5.7869 -21.3997 2.8
      vertex -5.7869 -21.5998 2.8
      vertex -4.37425 -21.5535 2.8
    endloop
  endfacet
  facet normal 0 0 1
    outer loop
      vertex -7.18666 -21.3539 2.8
      vertex -5.7869 -21.5998 2.8
      vertex -5.7869 -21.3997 2.8
    endloop
  endfacet
  facet normal 0 0 1
    outer loop
      vertex -7.18666 -21.3539 2.8
      vertex -7.19952 -21.5535 2.8
      vertex -5.7869 -21.5998 2.8
    endloop
  endfacet
  facet normal 0 0 1
    outer loop
      vertex -8.61737 -21.4139 2.8
      vertex -7.18666 -21.3539 2.8
      vertex -8.59682 -21.215 2.8
    endloop
  endfacet
  facet normal 0 0 1
    outer loop
      vertex -7.18666 -21.3539 2.8
      vertex -8.61737 -21.4139 2.8
      vertex -7.19952 -21.5535 2.8
    endloop
  endfacet
  facet normal 0 0 1
    outer loop
      vertex -71.9305 -14.6733 2.8
      vertex -8.61737 -21.4139 2.8
      vertex -8.59682 -21.215 2.8
    endloop
  endfacet
  facet normal 0 0 1
    outer loop
      vertex -71.9305 -14.6733 2.8
      vertex -71.957 -14.8716 2.8
      vertex -8.61737 -21.4139 2.8
    endloop
  endfacet
  facet normal 0 0 1
    outer loop
      vertex -72.8873 -14.5153 2.8
      vertex -71.957 -14.8716 2.8
      vertex -71.9305 -14.6733 2.8
    endloop
  endfacet
  facet normal 0 0 1
    outer loop
      vertex -72.8873 -14.5153 2.8
      vertex -72.9262 -14.7116 2.8
      vertex -71.957 -14.8716 2.8
    endloop
  endfacet
  facet normal 0 0 1
    outer loop
      vertex -73.8303 -14.2954 2.8
      vertex -72.9262 -14.7116 2.8
      vertex -72.8873 -14.5153 2.8
    endloop
  endfacet
  facet normal 0 0 1
    outer loop
      vertex -73.8303 -14.2954 2.8
      vertex -73.8823 -14.4886 2.8
      vertex -72.9262 -14.7116 2.8
    endloop
  endfacet
  facet normal 0 0 1
    outer loop
      vertex -74.7574 -14.0142 2.8
      vertex -73.8823 -14.4886 2.8
      vertex -73.8303 -14.2954 2.8
    endloop
  endfacet
  facet normal 0 0 1
    outer loop
      vertex -74.7574 -14.0142 2.8
      vertex -74.8216 -14.2037 2.8
      vertex -73.8823 -14.4886 2.8
    endloop
  endfacet
  facet normal 0 0 1
    outer loop
      vertex -75.6635 -13.6732 2.8
      vertex -74.8216 -14.2037 2.8
      vertex -74.7574 -14.0142 2.8
    endloop
  endfacet
  facet normal 0 0 1
    outer loop
      vertex -75.6635 -13.6732 2.8
      vertex -75.7401 -13.858 2.8
      vertex -74.8216 -14.2037 2.8
    endloop
  endfacet
  facet normal 0 0 1
    outer loop
      vertex -76.5457 -13.2734 2.8
      vertex -75.7401 -13.858 2.8
      vertex -75.6635 -13.6732 2.8
    endloop
  endfacet
  facet normal 0 0 1
    outer loop
      vertex -76.5457 -13.2734 2.8
      vertex -76.6343 -13.4528 2.8
      vertex -75.7401 -13.858 2.8
    endloop
  endfacet
  facet normal 0 0 1
    outer loop
      vertex -77.4 -12.8168 2.8
      vertex -76.6343 -13.4528 2.8
      vertex -76.5457 -13.2734 2.8
    endloop
  endfacet
  facet normal 0 0 1
    outer loop
      vertex -77.4 -12.8168 2.8
      vertex -77.4999 -12.9902 2.8
      vertex -76.6343 -13.4528 2.8
    endloop
  endfacet
  facet normal 0 0 1
    outer loop
      vertex -78.2221 -12.3056 2.8
      vertex -77.4999 -12.9902 2.8
      vertex -77.4 -12.8168 2.8
    endloop
  endfacet
  facet normal 0 0 1
    outer loop
      vertex -78.2221 -12.3056 2.8
      vertex -78.3335 -12.4718 2.8
      vertex -77.4999 -12.9902 2.8
    endloop
  endfacet
  facet normal 0 0 1
    outer loop
      vertex -79.0095 -11.7413 2.8
      vertex -78.3335 -12.4718 2.8
      vertex -78.2221 -12.3056 2.8
    endloop
  endfacet
  facet normal 0 0 1
    outer loop
      vertex -79.0095 -11.7413 2.8
      vertex -79.1312 -11.9002 2.8
      vertex -78.3335 -12.4718 2.8
    endloop
  endfacet
  facet normal 0 0 1
    outer loop
      vertex -79.7582 -11.1269 2.8
      vertex -79.1312 -11.9002 2.8
      vertex -79.0095 -11.7413 2.8
    endloop
  endfacet
  facet normal 0 0 1
    outer loop
      vertex -79.7582 -11.1269 2.8
      vertex -79.89 -11.2775 2.8
      vertex -79.1312 -11.9002 2.8
    endloop
  endfacet
  facet normal 0 0 1
    outer loop
      vertex -80.465 -10.465 2.8
      vertex -79.89 -11.2775 2.8
      vertex -79.7582 -11.1269 2.8
    endloop
  endfacet
  facet normal 0 0 1
    outer loop
      vertex -80.465 -10.465 2.8
      vertex -80.6064 -10.6064 2.8
      vertex -79.89 -11.2775 2.8
    endloop
  endfacet
  facet normal 0 0 1
    outer loop
      vertex -81.1269 -9.75821 2.8
      vertex -80.6064 -10.6064 2.8
      vertex -80.465 -10.465 2.8
    endloop
  endfacet
  facet normal 0 0 1
    outer loop
      vertex -81.1269 -9.75821 2.8
      vertex -81.2775 -9.89 2.8
      vertex -80.6064 -10.6064 2.8
    endloop
  endfacet
  facet normal 0 0 1
    outer loop
      vertex -81.7413 -9.00948 2.8
      vertex -81.2775 -9.89 2.8
      vertex -81.1269 -9.75821 2.8
    endloop
  endfacet
  facet normal 0 0 1
    outer loop
      vertex -81.7413 -9.00948 2.8
      vertex -81.9002 -9.13124 2.8
      vertex -81.2775 -9.89 2.8
    endloop
  endfacet
  facet normal 0 0 1
    outer loop
      vertex -82.3056 -8.22211 2.8
      vertex -81.9002 -9.13124 2.8
      vertex -81.7413 -9.00948 2.8
    endloop
  endfacet
  facet normal 0 0 1
    outer loop
      vertex -82.3056 -8.22211 2.8
      vertex -82.4718 -8.33345 2.8
      vertex -81.9002 -9.13124 2.8
    endloop
  endfacet
  facet normal 0 0 1
    outer loop
      vertex -82.8168 -7.39996 2.8
      vertex -82.4718 -8.33345 2.8
      vertex -82.3056 -8.22211 2.8
    endloop
  endfacet
  facet normal 0 0 1
    outer loop
      vertex -82.8168 -7.39996 2.8
      vertex -82.9902 -7.49991 2.8
      vertex -82.4718 -8.33345 2.8
    endloop
  endfacet
  facet normal 0 0 1
    outer loop
      vertex -83.2734 -6.54568 2.8
      vertex -82.9902 -7.49991 2.8
      vertex -82.8168 -7.39996 2.8
    endloop
  endfacet
  facet normal 0 0 1
    outer loop
      vertex -83.2734 -6.54568 2.8
      vertex -83.4528 -6.63432 2.8
      vertex -82.9902 -7.49991 2.8
    endloop
  endfacet
  facet normal 0 0 1
    outer loop
      vertex -83.6732 -5.66347 2.8
      vertex -83.4528 -6.63432 2.8
      vertex -83.2734 -6.54568 2.8
    endloop
  endfacet
  facet normal 0 0 1
    outer loop
      vertex -83.6732 -5.66347 2.8
      vertex -83.858 -5.74005 2.8
      vertex -83.4528 -6.63432 2.8
    endloop
  endfacet
  facet normal 0 0 1
    outer loop
      vertex -84.0142 -4.75735 2.8
      vertex -83.858 -5.74005 2.8
      vertex -83.6732 -5.66347 2.8
    endloop
  endfacet
  facet normal 0 0 1
    outer loop
      vertex -84.0142 -4.75735 2.8
      vertex -84.2037 -4.82161 2.8
      vertex -83.858 -5.74005 2.8
    endloop
  endfacet
  facet normal 0 0 1
    outer loop
      vertex -84.2954 -3.83026 2.8
      vertex -84.2037 -4.82161 2.8
      vertex -84.0142 -4.75735 2.8
    endloop
  endfacet
  facet normal 0 0 1
    outer loop
      vertex -84.2954 -3.83026 2.8
      vertex -84.4886 -3.88229 2.8
      vertex -84.2037 -4.82161 2.8
    endloop
  endfacet
  facet normal 0 0 1
    outer loop
      vertex -84.5153 -2.88728 2.8
      vertex -84.4886 -3.88229 2.8
      vertex -84.2954 -3.83026 2.8
    endloop
  endfacet
  facet normal 0 0 1
    outer loop
      vertex -84.7116 -2.92616 2.8
      vertex -84.5153 -2.88728 2.8
      vertex -84.6731 -1.93175 2.8
    endloop
  endfacet
  facet normal 0 0 1
    outer loop
      vertex -84.5153 -2.88728 2.8
      vertex -84.7116 -2.92616 2.8
      vertex -84.4886 -3.88229 2.8
    endloop
  endfacet
  facet normal 0 0 1
    outer loop
      vertex -84.8715 -1.95784 2.8
      vertex -84.6731 -1.93175 2.8
      vertex -84.768 -0.968109 2.8
    endloop
  endfacet
  facet normal 0 0 1
    outer loop
      vertex -84.9677 -0.981003 2.8
      vertex -84.768 -0.968109 2.8
      vertex -84.7997 0 2.8
    endloop
  endfacet
  facet normal 0 0 1
    outer loop
      vertex -84.768 0.968109 2.8
      vertex -84.9677 0.981003 2.8
      vertex -84.7997 0 2.8
    endloop
  endfacet
  facet normal 0 0 1
    outer loop
      vertex -84.6731 -1.93175 2.8
      vertex -84.8715 -1.95784 2.8
      vertex -84.7116 -2.92616 2.8
    endloop
  endfacet
  facet normal 0 0 1
    outer loop
      vertex -84.9998 0 2.8
      vertex -84.7997 0 2.8
      vertex -84.9677 0.981003 2.8
    endloop
  endfacet
  facet normal 0 0 1
    outer loop
      vertex -84.768 -0.968109 2.8
      vertex -84.9677 -0.981003 2.8
      vertex -84.8715 -1.95784 2.8
    endloop
  endfacet
  facet normal 0 0 1
    outer loop
      vertex -84.7997 0 2.8
      vertex -84.9998 0 2.8
      vertex -84.9677 -0.981003 2.8
    endloop
  endfacet
  facet normal -0.582462 0.812858 0
    outer loop
      vertex -78.3335 12.4718 2.6
      vertex -79.1312 11.9002 2.8
      vertex -78.3335 12.4718 2.8
    endloop
  endfacet
  facet normal -0.582462 0.812858 0
    outer loop
      vertex -79.1312 11.9002 2.8
      vertex -78.3335 12.4718 2.6
      vertex -79.1312 11.9002 2.6
    endloop
  endfacet
  facet normal -0.935898 0.352271 0
    outer loop
      vertex -84.2037 4.82161 2.6
      vertex -83.858 5.74005 2.8
      vertex -83.858 5.74005 2.6
    endloop
  endfacet
  facet normal -0.935898 0.352271 0
    outer loop
      vertex -83.858 5.74005 2.8
      vertex -84.2037 4.82161 2.6
      vertex -84.2037 4.82161 2.8
    endloop
  endfacet
  facet normal 0.683609 0.729848 -0
    outer loop
      vertex 9.48645 15.2733 2.6
      vertex 8.45479 16.2396 2.8
      vertex 9.48645 15.2733 2.8
    endloop
  endfacet
  facet normal 0.683609 0.729848 0
    outer loop
      vertex 8.45479 16.2396 2.8
      vertex 9.48645 15.2733 2.6
      vertex 8.45479 16.2396 2.6
    endloop
  endfacet
  facet normal 0.729846 0.683612 0
    outer loop
      vertex 10.4527 14.2417 2.8
      vertex 9.48645 15.2733 2.6
      vertex 9.48645 15.2733 2.8
    endloop
  endfacet
  facet normal 0.729846 0.683612 0
    outer loop
      vertex 9.48645 15.2733 2.6
      vertex 10.4527 14.2417 2.8
      vertex 10.4527 14.2417 2.6
    endloop
  endfacet
  facet normal 0.773001 -0.634404 0
    outer loop
      vertex 10.4527 -14.2417 2.8
      vertex 11.3494 -13.1491 2.6
      vertex 11.3494 -13.1491 2.8
    endloop
  endfacet
  facet normal 0.773001 -0.634404 0
    outer loop
      vertex 11.3494 -13.1491 2.6
      vertex 10.4527 -14.2417 2.8
      vertex 10.4527 -14.2417 2.6
    endloop
  endfacet
  facet normal -0.910859 -0.412717 0
    outer loop
      vertex -83.4528 -6.63432 2.6
      vertex -83.858 -5.74005 2.8
      vertex -83.858 -5.74005 2.6
    endloop
  endfacet
  facet normal -0.910859 -0.412717 0
    outer loop
      vertex -83.858 -5.74005 2.8
      vertex -83.4528 -6.63432 2.6
      vertex -83.4528 -6.63432 2.8
    endloop
  endfacet
  facet normal 0.910875 0.412683 0
    outer loop
      vertex 14.1687 8.26576 2.8
      vertex 13.5853 9.55344 2.6
      vertex 13.5853 9.55344 2.8
    endloop
  endfacet
  facet normal 0.910875 0.412683 0
    outer loop
      vertex 13.5853 9.55344 2.6
      vertex 14.1687 8.26576 2.8
      vertex 14.1687 8.26576 2.6
    endloop
  endfacet
  facet normal -0.812889 -0.582418 0
    outer loop
      vertex -81.9002 -9.13124 2.6
      vertex -82.4718 -8.33345 2.8
      vertex -82.4718 -8.33345 2.6
    endloop
  endfacet
  facet normal -0.812889 -0.582418 0
    outer loop
      vertex -82.4718 -8.33345 2.8
      vertex -81.9002 -9.13124 2.6
      vertex -81.9002 -9.13124 2.8
    endloop
  endfacet
  facet normal 0.910875 -0.412683 0
    outer loop
      vertex 13.5853 -9.55344 2.8
      vertex 14.1687 -8.26576 2.6
      vertex 14.1687 -8.26576 2.8
    endloop
  endfacet
  facet normal 0.910875 -0.412683 0
    outer loop
      vertex 14.1687 -8.26576 2.6
      vertex 13.5853 -9.55344 2.8
      vertex 13.5853 -9.55344 2.6
    endloop
  endfacet
  facet normal 0.683609 -0.729848 0
    outer loop
      vertex 8.45479 -16.2396 2.6
      vertex 9.48645 -15.2733 2.8
      vertex 8.45479 -16.2396 2.8
    endloop
  endfacet
  facet normal 0.683609 -0.729848 0
    outer loop
      vertex 9.48645 -15.2733 2.8
      vertex 8.45479 -16.2396 2.6
      vertex 9.48645 -15.2733 2.6
    endloop
  endfacet
  facet normal 0.634397 -0.773007 0
    outer loop
      vertex 7.36217 -17.1363 2.6
      vertex 8.45479 -16.2396 2.8
      vertex 7.36217 -17.1363 2.8
    endloop
  endfacet
  facet normal 0.634397 -0.773007 0
    outer loop
      vertex 8.45479 -16.2396 2.8
      vertex 7.36217 -17.1363 2.6
      vertex 8.45479 -16.2396 2.6
    endloop
  endfacet
  facet normal 0.956942 -0.29028 0
    outer loop
      vertex 14.6666 -6.9431 2.8
      vertex 15.0769 -5.5905 2.6
      vertex 15.0769 -5.5905 2.8
    endloop
  endfacet
  facet normal 0.956942 -0.29028 0
    outer loop
      vertex 15.0769 -5.5905 2.6
      vertex 14.6666 -6.9431 2.8
      vertex 14.6666 -6.9431 2.6
    endloop
  endfacet
  facet normal 0.412686 -0.910873 0
    outer loop
      vertex 2.47887 -19.9556 2.6
      vertex 3.76654 -19.3722 2.8
      vertex 2.47887 -19.9556 2.8
    endloop
  endfacet
  facet normal 0.412686 -0.910873 0
    outer loop
      vertex 3.76654 -19.3722 2.8
      vertex 2.47887 -19.9556 2.6
      vertex 3.76654 -19.3722 2.6
    endloop
  endfacet
  facet normal 0.8492 -0.528071 0
    outer loop
      vertex 12.1727 -12.0002 2.8
      vertex 12.9191 -10.7999 2.6
      vertex 12.9191 -10.7999 2.8
    endloop
  endfacet
  facet normal 0.8492 -0.528071 0
    outer loop
      vertex 12.9191 -10.7999 2.6
      vertex 12.1727 -12.0002 2.8
      vertex 12.1727 -12.0002 2.6
    endloop
  endfacet
  facet normal 0.29032 -0.95693 0
    outer loop
      vertex -0.196457 -20.8638 2.6
      vertex 1.15627 -20.4534 2.8
      vertex -0.196457 -20.8638 2.8
    endloop
  endfacet
  facet normal 0.29032 -0.95693 0
    outer loop
      vertex 1.15627 -20.4534 2.8
      vertex -0.196457 -20.8638 2.6
      vertex 1.15627 -20.4534 2.6
    endloop
  endfacet
  facet normal 0.227076 -0.973877 0
    outer loop
      vertex -1.57315 -21.1848 2.6
      vertex -0.196457 -20.8638 2.8
      vertex -1.57315 -21.1848 2.8
    endloop
  endfacet
  facet normal 0.227076 -0.973877 0
    outer loop
      vertex -0.196457 -20.8638 2.8
      vertex -1.57315 -21.1848 2.6
      vertex -0.196457 -20.8638 2.6
    endloop
  endfacet
  facet normal -0.227099 -0.973872 0
    outer loop
      vertex -73.8303 -14.2954 2.8
      vertex -72.8873 -14.5153 3
      vertex -73.8303 -14.2954 3
    endloop
  endfacet
  facet normal -0.227099 -0.973872 -0
    outer loop
      vertex -72.8873 -14.5153 3
      vertex -73.8303 -14.2954 2.8
      vertex -72.8873 -14.5153 2.8
    endloop
  endfacet
  facet normal 0.0327019 -0.999465 0
    outer loop
      vertex -5.7869 -21.3997 2.8
      vertex -4.38712 -21.3539 3
      vertex -5.7869 -21.3997 3
    endloop
  endfacet
  facet normal 0.0327019 -0.999465 0
    outer loop
      vertex -4.38712 -21.3539 3
      vertex -5.7869 -21.3997 2.8
      vertex -4.38712 -21.3539 2.8
    endloop
  endfacet
  facet normal -0.162927 -0.986638 0
    outer loop
      vertex -72.8873 -14.5153 2.8
      vertex -71.9305 -14.6733 3
      vertex -72.8873 -14.5153 3
    endloop
  endfacet
  facet normal -0.162927 -0.986638 -0
    outer loop
      vertex -71.9305 -14.6733 3
      vertex -72.8873 -14.5153 2.8
      vertex -71.9305 -14.6733 2.8
    endloop
  endfacet
  facet normal 0.973869 -0.227112 0
    outer loop
      vertex 14.8836 -5.53845 3
      vertex 15.2016 -4.17485 2.8
      vertex 15.2016 -4.17485 3
    endloop
  endfacet
  facet normal 0.973869 -0.227112 0
    outer loop
      vertex 15.2016 -4.17485 2.8
      vertex 14.8836 -5.53845 3
      vertex 14.8836 -5.53845 2.8
    endloop
  endfacet
  facet normal -0.729906 -0.683548 0
    outer loop
      vertex -80.465 -10.465 2.8
      vertex -81.1269 -9.75821 3
      vertex -81.1269 -9.75821 2.8
    endloop
  endfacet
  facet normal -0.729906 -0.683548 0
    outer loop
      vertex -81.1269 -9.75821 3
      vertex -80.465 -10.465 2.8
      vertex -80.465 -10.465 3
    endloop
  endfacet
  facet normal -0.999464 -0.0327267 0
    outer loop
      vertex -84.768 -0.968109 2.8
      vertex -84.7997 0 3
      vertex -84.7997 0 2.8
    endloop
  endfacet
  facet normal -0.999464 -0.0327267 0
    outer loop
      vertex -84.7997 0 3
      vertex -84.768 -0.968109 2.8
      vertex -84.768 -0.968109 3
    endloop
  endfacet
  facet normal -0.0980251 -0.995184 0
    outer loop
      vertex -8.59682 -21.215 2.8
      vertex -7.18666 -21.3539 3
      vertex -8.59682 -21.215 3
    endloop
  endfacet
  facet normal -0.0980251 -0.995184 -0
    outer loop
      vertex -7.18666 -21.3539 3
      vertex -8.59682 -21.215 2.8
      vertex -7.18666 -21.3539 2.8
    endloop
  endfacet
  facet normal -0.0980251 0.995184 0
    outer loop
      vertex -7.18666 21.3539 2.8
      vertex -8.59682 21.215 3
      vertex -7.18666 21.3539 3
    endloop
  endfacet
  facet normal -0.0980251 0.995184 0
    outer loop
      vertex -8.59682 21.215 3
      vertex -7.18666 21.3539 2.8
      vertex -8.59682 21.215 2.8
    endloop
  endfacet
  facet normal -0.227099 0.973872 0
    outer loop
      vertex -72.8873 14.5153 2.8
      vertex -73.8303 14.2954 3
      vertex -72.8873 14.5153 3
    endloop
  endfacet
  facet normal -0.227099 0.973872 0
    outer loop
      vertex -73.8303 14.2954 3
      vertex -72.8873 14.5153 2.8
      vertex -73.8303 14.2954 2.8
    endloop
  endfacet
  facet normal -0.973871 -0.227104 0
    outer loop
      vertex -84.2954 -3.83026 2.8
      vertex -84.5153 -2.88728 3
      vertex -84.5153 -2.88728 2.8
    endloop
  endfacet
  facet normal -0.973871 -0.227104 0
    outer loop
      vertex -84.5153 -2.88728 3
      vertex -84.2954 -3.83026 2.8
      vertex -84.2954 -3.83026 3
    endloop
  endfacet
  facet normal 0.986644 0.162892 0
    outer loop
      vertex 15.4297 2.79324 3
      vertex 15.2016 4.17485 2.8
      vertex 15.2016 4.17485 3
    endloop
  endfacet
  facet normal 0.986644 0.162892 0
    outer loop
      vertex 15.2016 4.17485 2.8
      vertex 15.4297 2.79324 3
      vertex 15.4297 2.79324 2.8
    endloop
  endfacet
  facet normal -0.0327024 0.999465 0
    outer loop
      vertex -5.7869 21.3997 2.8
      vertex -7.18666 21.3539 3
      vertex -5.7869 21.3997 3
    endloop
  endfacet
  facet normal -0.0327024 0.999465 0
    outer loop
      vertex -7.18666 21.3539 3
      vertex -5.7869 21.3997 2.8
      vertex -7.18666 21.3539 2.8
    endloop
  endfacet
  facet normal -0.634367 0.773032 0
    outer loop
      vertex -79.0095 11.7413 2.8
      vertex -79.7582 11.1269 3
      vertex -79.0095 11.7413 3
    endloop
  endfacet
  facet normal -0.634367 0.773032 0
    outer loop
      vertex -79.7582 11.1269 3
      vertex -79.0095 11.7413 2.8
      vertex -79.7582 11.1269 2.8
    endloop
  endfacet
  facet normal 0.582497 0.812833 -0
    outer loop
      vertex 7.24039 16.9775 2.8
      vertex 6.10214 17.7932 3
      vertex 7.24039 16.9775 3
    endloop
  endfacet
  facet normal 0.582497 0.812833 0
    outer loop
      vertex 6.10214 17.7932 3
      vertex 7.24039 16.9775 2.8
      vertex 6.10214 17.7932 2.8
    endloop
  endfacet
  facet normal 0.352234 -0.935912 0
    outer loop
      vertex 1.09181 -20.264 2.8
      vertex 2.40228 -19.7708 3
      vertex 1.09181 -20.264 3
    endloop
  endfacet
  facet normal 0.352234 -0.935912 0
    outer loop
      vertex 2.40228 -19.7708 3
      vertex 1.09181 -20.264 2.8
      vertex 2.40228 -19.7708 2.8
    endloop
  endfacet
  facet normal -0.162927 0.986638 0
    outer loop
      vertex -71.9305 14.6733 2.8
      vertex -72.8873 14.5153 3
      vertex -71.9305 14.6733 3
    endloop
  endfacet
  facet normal -0.162927 0.986638 0
    outer loop
      vertex -72.8873 14.5153 3
      vertex -71.9305 14.6733 2.8
      vertex -72.8873 14.5153 2.8
    endloop
  endfacet
  facet normal 0.471393 0.881923 -0
    outer loop
      vertex 4.91306 18.5326 2.8
      vertex 3.6779 19.1928 3
      vertex 4.91306 18.5326 3
    endloop
  endfacet
  facet normal 0.471393 0.881923 0
    outer loop
      vertex 3.6779 19.1928 3
      vertex 4.91306 18.5326 2.8
      vertex 3.6779 19.1928 2.8
    endloop
  endfacet
  facet normal -0.849223 -0.528034 0
    outer loop
      vertex -82.3056 -8.22211 2.8
      vertex -82.8168 -7.39996 3
      vertex -82.8168 -7.39996 2.8
    endloop
  endfacet
  facet normal -0.849223 -0.528034 0
    outer loop
      vertex -82.8168 -7.39996 3
      vertex -82.3056 -8.22211 2.8
      vertex -82.3056 -8.22211 3
    endloop
  endfacet
  facet normal -0.910834 -0.412772 0
    outer loop
      vertex -83.2734 -6.54568 2.8
      vertex -83.6732 -5.66347 3
      vertex -83.6732 -5.66347 2.8
    endloop
  endfacet
  facet normal -0.910834 -0.412772 0
    outer loop
      vertex -83.6732 -5.66347 3
      vertex -83.2734 -6.54568 2.8
      vertex -83.2734 -6.54568 3
    endloop
  endfacet
  facet normal -0.102743 0.994708 0
    outer loop
      vertex -8.59682 21.215 2.8
      vertex -71.9305 14.6733 3
      vertex -8.59682 21.215 3
    endloop
  endfacet
  facet normal -0.102743 0.994708 0
    outer loop
      vertex -71.9305 14.6733 3
      vertex -8.59682 21.215 2.8
      vertex -71.9305 14.6733 2.8
    endloop
  endfacet
  facet normal -0.881931 0.471379 0
    outer loop
      vertex -83.2734 6.54568 2.8
      vertex -82.8168 7.39996 3
      vertex -82.8168 7.39996 2.8
    endloop
  endfacet
  facet normal -0.881931 0.471379 0
    outer loop
      vertex -82.8168 7.39996 3
      vertex -83.2734 6.54568 2.8
      vertex -83.2734 6.54568 3
    endloop
  endfacet
  facet normal 0.227088 -0.973874 0
    outer loop
      vertex -1.61203 -20.9885 2.8
      vertex -0.248276 -20.6705 3
      vertex -1.61203 -20.9885 3
    endloop
  endfacet
  facet normal 0.227088 -0.973874 0
    outer loop
      vertex -0.248276 -20.6705 3
      vertex -1.61203 -20.9885 2.8
      vertex -0.248276 -20.6705 2.8
    endloop
  endfacet
  facet normal 0.290278 0.956942 -0
    outer loop
      vertex 1.09181 20.264 2.8
      vertex -0.248276 20.6705 3
      vertex 1.09181 20.264 3
    endloop
  endfacet
  facet normal 0.290278 0.956942 0
    outer loop
      vertex -0.248276 20.6705 3
      vertex 1.09181 20.264 2.8
      vertex -0.248276 20.6705 2.8
    endloop
  endfacet
  facet normal -0.986636 -0.162937 0
    outer loop
      vertex -84.5153 -2.88728 2.8
      vertex -84.6731 -1.93175 3
      vertex -84.6731 -1.93175 2.8
    endloop
  endfacet
  facet normal -0.986636 -0.162937 0
    outer loop
      vertex -84.6731 -1.93175 3
      vertex -84.5153 -2.88728 2.8
      vertex -84.5153 -2.88728 3
    endloop
  endfacet
  facet normal -0.0327024 -0.999465 0
    outer loop
      vertex -7.18666 -21.3539 2.8
      vertex -5.7869 -21.3997 3
      vertex -7.18666 -21.3539 3
    endloop
  endfacet
  facet normal -0.0327024 -0.999465 -0
    outer loop
      vertex -5.7869 -21.3997 3
      vertex -7.18666 -21.3539 2.8
      vertex -5.7869 -21.3997 2.8
    endloop
  endfacet
  facet normal -0.582517 -0.812819 0
    outer loop
      vertex -79.0095 -11.7413 2.8
      vertex -78.2221 -12.3056 3
      vertex -79.0095 -11.7413 3
    endloop
  endfacet
  facet normal -0.582517 -0.812819 -0
    outer loop
      vertex -78.2221 -12.3056 3
      vertex -79.0095 -11.7413 2.8
      vertex -78.2221 -12.3056 2.8
    endloop
  endfacet
  facet normal 0.999463 0.0327735 0
    outer loop
      vertex 15.6128 0 3
      vertex 15.5669 1.39977 2.8
      vertex 15.5669 1.39977 3
    endloop
  endfacet
  facet normal 0.999463 0.0327735 0
    outer loop
      vertex 15.5669 1.39977 2.8
      vertex 15.6128 0 3
      vertex 15.6128 0 2.8
    endloop
  endfacet
  facet normal 0.881898 0.47144 0
    outer loop
      vertex 13.4059 9.4648 3
      vertex 12.7457 10.6998 2.8
      vertex 12.7457 10.6998 3
    endloop
  endfacet
  facet normal 0.881898 0.47144 0
    outer loop
      vertex 12.7457 10.6998 2.8
      vertex 13.4059 9.4648 3
      vertex 13.4059 9.4648 2.8
    endloop
  endfacet
  facet normal -0.683543 -0.729911 0
    outer loop
      vertex -80.465 -10.465 2.8
      vertex -79.7582 -11.1269 3
      vertex -80.465 -10.465 3
    endloop
  endfacet
  facet normal -0.683543 -0.729911 -0
    outer loop
      vertex -79.7582 -11.1269 3
      vertex -80.465 -10.465 2.8
      vertex -79.7582 -11.1269 2.8
    endloop
  endfacet
  facet normal 0.910857 0.412721 0
    outer loop
      vertex 13.9839 8.18918 3
      vertex 13.4059 9.4648 2.8
      vertex 13.4059 9.4648 3
    endloop
  endfacet
  facet normal 0.910857 0.412721 0
    outer loop
      vertex 13.4059 9.4648 2.8
      vertex 13.9839 8.18918 3
      vertex 13.9839 8.18918 2.8
    endloop
  endfacet
  facet normal -0.102743 -0.994708 0
    outer loop
      vertex -71.9305 -14.6733 2.8
      vertex -8.59682 -21.215 3
      vertex -71.9305 -14.6733 3
    endloop
  endfacet
  facet normal -0.102743 -0.994708 -0
    outer loop
      vertex -8.59682 -21.215 3
      vertex -71.9305 -14.6733 2.8
      vertex -8.59682 -21.215 2.8
    endloop
  endfacet
  facet normal 0.6344 0.773005 -0
    outer loop
      vertex 8.32289 16.0891 2.8
      vertex 7.24039 16.9775 3
      vertex 8.32289 16.0891 3
    endloop
  endfacet
  facet normal 0.6344 0.773005 0
    outer loop
      vertex 7.24039 16.9775 3
      vertex 8.32289 16.0891 2.8
      vertex 7.24039 16.9775 2.8
    endloop
  endfacet
  facet normal 0.812854 -0.582467 0
    outer loop
      vertex 11.1906 -13.0273 3
      vertex 12.0062 -11.8891 2.8
      vertex 12.0062 -11.8891 3
    endloop
  endfacet
  facet normal 0.812854 -0.582467 0
    outer loop
      vertex 12.0062 -11.8891 2.8
      vertex 11.1906 -13.0273 3
      vertex 11.1906 -13.0273 2.8
    endloop
  endfacet
  facet normal -0.935919 -0.352214 0
    outer loop
      vertex -83.6732 -5.66347 2.8
      vertex -84.0142 -4.75735 3
      vertex -84.0142 -4.75735 2.8
    endloop
  endfacet
  facet normal -0.935919 -0.352214 0
    outer loop
      vertex -84.0142 -4.75735 3
      vertex -83.6732 -5.66347 2.8
      vertex -83.6732 -5.66347 3
    endloop
  endfacet
  facet normal 0.0327019 0.999465 -0
    outer loop
      vertex -4.38712 21.3539 2.8
      vertex -5.7869 21.3997 3
      vertex -4.38712 21.3539 3
    endloop
  endfacet
  facet normal 0.0327019 0.999465 0
    outer loop
      vertex -5.7869 21.3997 3
      vertex -4.38712 21.3539 2.8
      vertex -5.7869 21.3997 2.8
    endloop
  endfacet
  facet normal 0.729886 -0.683569 0
    outer loop
      vertex 9.34496 -15.1319 3
      vertex 10.3022 -14.1098 2.8
      vertex 10.3022 -14.1098 3
    endloop
  endfacet
  facet normal 0.729886 -0.683569 0
    outer loop
      vertex 10.3022 -14.1098 2.8
      vertex 9.34496 -15.1319 3
      vertex 9.34496 -15.1319 2.8
    endloop
  endfacet
  facet normal -0.352221 -0.935917 0
    outer loop
      vertex -75.6635 -13.6732 2.8
      vertex -74.7574 -14.0142 3
      vertex -75.6635 -13.6732 3
    endloop
  endfacet
  facet normal -0.352221 -0.935917 -0
    outer loop
      vertex -74.7574 -14.0142 3
      vertex -75.6635 -13.6732 2.8
      vertex -74.7574 -14.0142 2.8
    endloop
  endfacet
  facet normal 0.729886 0.683569 0
    outer loop
      vertex 10.3022 14.1098 3
      vertex 9.34496 15.1319 2.8
      vertex 9.34496 15.1319 3
    endloop
  endfacet
  facet normal 0.729886 0.683569 0
    outer loop
      vertex 9.34496 15.1319 2.8
      vertex 10.3022 14.1098 3
      vertex 10.3022 14.1098 2.8
    endloop
  endfacet
  facet normal 0.528059 -0.849208 0
    outer loop
      vertex 4.91306 -18.5326 2.8
      vertex 6.10214 -17.7932 3
      vertex 4.91306 -18.5326 3
    endloop
  endfacet
  facet normal 0.528059 -0.849208 0
    outer loop
      vertex 6.10214 -17.7932 3
      vertex 4.91306 -18.5326 2.8
      vertex 6.10214 -17.7932 2.8
    endloop
  endfacet
  facet normal 0.995188 -0.0979854 0
    outer loop
      vertex 15.4297 -2.79324 3
      vertex 15.5669 -1.39977 2.8
      vertex 15.5669 -1.39977 3
    endloop
  endfacet
  facet normal 0.995188 -0.0979854 0
    outer loop
      vertex 15.5669 -1.39977 2.8
      vertex 15.4297 -2.79324 3
      vertex 15.4297 -2.79324 2.8
    endloop
  endfacet
  facet normal 0.0980555 0.995181 -0
    outer loop
      vertex -2.99364 21.2166 2.8
      vertex -4.38712 21.3539 3
      vertex -2.99364 21.2166 3
    endloop
  endfacet
  facet normal 0.0980555 0.995181 0
    outer loop
      vertex -4.38712 21.3539 3
      vertex -2.99364 21.2166 2.8
      vertex -4.38712 21.3539 2.8
    endloop
  endfacet
  facet normal -0.290254 -0.95695 0
    outer loop
      vertex -74.7574 -14.0142 2.8
      vertex -73.8303 -14.2954 3
      vertex -74.7574 -14.0142 3
    endloop
  endfacet
  facet normal -0.290254 -0.95695 -0
    outer loop
      vertex -73.8303 -14.2954 3
      vertex -74.7574 -14.0142 2.8
      vertex -73.8303 -14.2954 2.8
    endloop
  endfacet
  facet normal -0.956949 0.290257 0
    outer loop
      vertex -84.2954 3.83026 2.8
      vertex -84.0142 4.75735 3
      vertex -84.0142 4.75735 2.8
    endloop
  endfacet
  facet normal -0.956949 0.290257 0
    outer loop
      vertex -84.0142 4.75735 3
      vertex -84.2954 3.83026 2.8
      vertex -84.2954 3.83026 3
    endloop
  endfacet
  facet normal 0.910857 -0.412721 0
    outer loop
      vertex 13.4059 -9.4648 3
      vertex 13.9839 -8.18918 2.8
      vertex 13.9839 -8.18918 3
    endloop
  endfacet
  facet normal 0.910857 -0.412721 0
    outer loop
      vertex 13.9839 -8.18918 2.8
      vertex 13.4059 -9.4648 3
      vertex 13.4059 -9.4648 2.8
    endloop
  endfacet
  facet normal 0.986644 -0.162892 0
    outer loop
      vertex 15.2016 -4.17485 3
      vertex 15.4297 -2.79324 2.8
      vertex 15.4297 -2.79324 3
    endloop
  endfacet
  facet normal 0.986644 -0.162892 0
    outer loop
      vertex 15.4297 -2.79324 2.8
      vertex 15.2016 -4.17485 3
      vertex 15.2016 -4.17485 2.8
    endloop
  endfacet
  facet normal 0.995188 0.0979854 0
    outer loop
      vertex 15.5669 1.39977 3
      vertex 15.4297 2.79324 2.8
      vertex 15.4297 2.79324 3
    endloop
  endfacet
  facet normal 0.995188 0.0979854 0
    outer loop
      vertex 15.4297 2.79324 2.8
      vertex 15.5669 1.39977 3
      vertex 15.5669 1.39977 2.8
    endloop
  endfacet
  facet normal 0.582497 -0.812833 0
    outer loop
      vertex 6.10214 -17.7932 2.8
      vertex 7.24039 -16.9775 3
      vertex 6.10214 -17.7932 3
    endloop
  endfacet
  facet normal 0.582497 -0.812833 0
    outer loop
      vertex 7.24039 -16.9775 3
      vertex 6.10214 -17.7932 2.8
      vertex 7.24039 -16.9775 2.8
    endloop
  endfacet
  facet normal 0.227088 0.973874 -0
    outer loop
      vertex -0.248276 20.6705 2.8
      vertex -1.61203 20.9885 3
      vertex -0.248276 20.6705 3
    endloop
  endfacet
  facet normal 0.227088 0.973874 0
    outer loop
      vertex -1.61203 20.9885 3
      vertex -0.248276 20.6705 2.8
      vertex -1.61203 20.9885 2.8
    endloop
  endfacet
  facet normal 0.162892 0.986644 -0
    outer loop
      vertex -1.61203 20.9885 2.8
      vertex -2.99364 21.2166 3
      vertex -1.61203 20.9885 3
    endloop
  endfacet
  facet normal 0.162892 0.986644 0
    outer loop
      vertex -2.99364 21.2166 3
      vertex -1.61203 20.9885 2.8
      vertex -2.99364 21.2166 2.8
    endloop
  endfacet
  facet normal 0.84922 0.52804 0
    outer loop
      vertex 12.7457 10.6998 3
      vertex 12.0062 11.8891 2.8
      vertex 12.0062 11.8891 3
    endloop
  endfacet
  facet normal 0.84922 0.52804 0
    outer loop
      vertex 12.0062 11.8891 2.8
      vertex 12.7457 10.6998 3
      vertex 12.7457 10.6998 2.8
    endloop
  endfacet
  facet normal -0.47137 -0.881935 0
    outer loop
      vertex -77.4 -12.8168 2.8
      vertex -76.5457 -13.2734 3
      vertex -77.4 -12.8168 3
    endloop
  endfacet
  facet normal -0.47137 -0.881935 -0
    outer loop
      vertex -76.5457 -13.2734 3
      vertex -77.4 -12.8168 2.8
      vertex -76.5457 -13.2734 2.8
    endloop
  endfacet
  facet normal -0.634367 -0.773032 0
    outer loop
      vertex -79.7582 -11.1269 2.8
      vertex -79.0095 -11.7413 3
      vertex -79.7582 -11.1269 3
    endloop
  endfacet
  facet normal -0.634367 -0.773032 -0
    outer loop
      vertex -79.0095 -11.7413 3
      vertex -79.7582 -11.1269 2.8
      vertex -79.0095 -11.7413 2.8
    endloop
  endfacet
  facet normal 0.956961 0.290215 0
    outer loop
      vertex 14.8836 5.53845 3
      vertex 14.4771 6.87885 2.8
      vertex 14.4771 6.87885 3
    endloop
  endfacet
  facet normal 0.956961 0.290215 0
    outer loop
      vertex 14.4771 6.87885 2.8
      vertex 14.8836 5.53845 3
      vertex 14.8836 5.53845 2.8
    endloop
  endfacet
  facet normal -0.910834 0.412772 0
    outer loop
      vertex -83.6732 5.66347 2.8
      vertex -83.2734 6.54568 3
      vertex -83.2734 6.54568 2.8
    endloop
  endfacet
  facet normal -0.910834 0.412772 0
    outer loop
      vertex -83.2734 6.54568 3
      vertex -83.6732 5.66347 2.8
      vertex -83.6732 5.66347 3
    endloop
  endfacet
  facet normal 0.973869 0.227112 0
    outer loop
      vertex 15.2016 4.17485 3
      vertex 14.8836 5.53845 2.8
      vertex 14.8836 5.53845 3
    endloop
  endfacet
  facet normal 0.973869 0.227112 0
    outer loop
      vertex 14.8836 5.53845 2.8
      vertex 15.2016 4.17485 3
      vertex 15.2016 4.17485 2.8
    endloop
  endfacet
  facet normal 0.773005 -0.6344 0
    outer loop
      vertex 10.3022 -14.1098 3
      vertex 11.1906 -13.0273 2.8
      vertex 11.1906 -13.0273 3
    endloop
  endfacet
  facet normal 0.773005 -0.6344 0
    outer loop
      vertex 11.1906 -13.0273 2.8
      vertex 10.3022 -14.1098 3
      vertex 10.3022 -14.1098 2.8
    endloop
  endfacet
  facet normal 0.528059 0.849208 -0
    outer loop
      vertex 6.10214 17.7932 2.8
      vertex 4.91306 18.5326 3
      vertex 6.10214 17.7932 3
    endloop
  endfacet
  facet normal 0.528059 0.849208 0
    outer loop
      vertex 4.91306 18.5326 3
      vertex 6.10214 17.7932 2.8
      vertex 4.91306 18.5326 2.8
    endloop
  endfacet
  facet normal -0.683543 0.729911 0
    outer loop
      vertex -79.7582 11.1269 2.8
      vertex -80.465 10.465 3
      vertex -79.7582 11.1269 3
    endloop
  endfacet
  facet normal -0.683543 0.729911 0
    outer loop
      vertex -80.465 10.465 3
      vertex -79.7582 11.1269 2.8
      vertex -80.465 10.465 2.8
    endloop
  endfacet
  facet normal -0.999464 0.0327267 0
    outer loop
      vertex -84.7997 0 2.8
      vertex -84.768 0.968109 3
      vertex -84.768 0.968109 2.8
    endloop
  endfacet
  facet normal -0.999464 0.0327267 0
    outer loop
      vertex -84.768 0.968109 3
      vertex -84.7997 0 2.8
      vertex -84.7997 0 3
    endloop
  endfacet
  facet normal 0.352234 0.935912 -0
    outer loop
      vertex 2.40228 19.7708 2.8
      vertex 1.09181 20.264 3
      vertex 2.40228 19.7708 3
    endloop
  endfacet
  facet normal 0.352234 0.935912 0
    outer loop
      vertex 1.09181 20.264 3
      vertex 2.40228 19.7708 2.8
      vertex 1.09181 20.264 2.8
    endloop
  endfacet
  facet normal -0.582517 0.812819 0
    outer loop
      vertex -78.2221 12.3056 2.8
      vertex -79.0095 11.7413 3
      vertex -78.2221 12.3056 3
    endloop
  endfacet
  facet normal -0.582517 0.812819 0
    outer loop
      vertex -79.0095 11.7413 3
      vertex -78.2221 12.3056 2.8
      vertex -79.0095 11.7413 2.8
    endloop
  endfacet
  facet normal -0.729906 0.683548 0
    outer loop
      vertex -81.1269 9.75821 2.8
      vertex -80.465 10.465 3
      vertex -80.465 10.465 2.8
    endloop
  endfacet
  facet normal -0.729906 0.683548 0
    outer loop
      vertex -80.465 10.465 3
      vertex -81.1269 9.75821 2.8
      vertex -81.1269 9.75821 3
    endloop
  endfacet
  facet normal -0.812808 -0.582531 0
    outer loop
      vertex -81.7413 -9.00948 2.8
      vertex -82.3056 -8.22211 3
      vertex -82.3056 -8.22211 2.8
    endloop
  endfacet
  facet normal -0.812808 -0.582531 0
    outer loop
      vertex -82.3056 -8.22211 3
      vertex -81.7413 -9.00948 2.8
      vertex -81.7413 -9.00948 3
    endloop
  endfacet
  facet normal 0.683565 0.72989 -0
    outer loop
      vertex 9.34496 15.1319 2.8
      vertex 8.32289 16.0891 3
      vertex 9.34496 15.1319 3
    endloop
  endfacet
  facet normal 0.683565 0.72989 0
    outer loop
      vertex 8.32289 16.0891 3
      vertex 9.34496 15.1319 2.8
      vertex 8.32289 16.0891 2.8
    endloop
  endfacet
  facet normal 0.84922 -0.52804 0
    outer loop
      vertex 12.0062 -11.8891 3
      vertex 12.7457 -10.6998 2.8
      vertex 12.7457 -10.6998 3
    endloop
  endfacet
  facet normal 0.84922 -0.52804 0
    outer loop
      vertex 12.7457 -10.6998 2.8
      vertex 12.0062 -11.8891 3
      vertex 12.0062 -11.8891 2.8
    endloop
  endfacet
  facet normal -0.412776 0.910833 0
    outer loop
      vertex -75.6635 13.6732 2.8
      vertex -76.5457 13.2734 3
      vertex -75.6635 13.6732 3
    endloop
  endfacet
  facet normal -0.412776 0.910833 0
    outer loop
      vertex -76.5457 13.2734 3
      vertex -75.6635 13.6732 2.8
      vertex -76.5457 13.2734 2.8
    endloop
  endfacet
  facet normal -0.528057 -0.849209 0
    outer loop
      vertex -78.2221 -12.3056 2.8
      vertex -77.4 -12.8168 3
      vertex -78.2221 -12.3056 3
    endloop
  endfacet
  facet normal -0.528057 -0.849209 -0
    outer loop
      vertex -77.4 -12.8168 3
      vertex -78.2221 -12.3056 2.8
      vertex -77.4 -12.8168 2.8
    endloop
  endfacet
  facet normal 0.9359 0.352267 0
    outer loop
      vertex 14.4771 6.87885 3
      vertex 13.9839 8.18918 2.8
      vertex 13.9839 8.18918 3
    endloop
  endfacet
  facet normal 0.9359 0.352267 0
    outer loop
      vertex 13.9839 8.18918 2.8
      vertex 14.4771 6.87885 3
      vertex 14.4771 6.87885 2.8
    endloop
  endfacet
  facet normal 0.956961 -0.290215 0
    outer loop
      vertex 14.4771 -6.87885 3
      vertex 14.8836 -5.53845 2.8
      vertex 14.8836 -5.53845 3
    endloop
  endfacet
  facet normal 0.956961 -0.290215 0
    outer loop
      vertex 14.8836 -5.53845 2.8
      vertex 14.4771 -6.87885 3
      vertex 14.4771 -6.87885 2.8
    endloop
  endfacet
  facet normal 0.812854 0.582467 0
    outer loop
      vertex 12.0062 11.8891 3
      vertex 11.1906 13.0273 2.8
      vertex 11.1906 13.0273 3
    endloop
  endfacet
  facet normal 0.812854 0.582467 0
    outer loop
      vertex 11.1906 13.0273 2.8
      vertex 12.0062 11.8891 3
      vertex 12.0062 11.8891 2.8
    endloop
  endfacet
  facet normal 0.412721 0.910857 -0
    outer loop
      vertex 3.6779 19.1928 2.8
      vertex 2.40228 19.7708 3
      vertex 3.6779 19.1928 3
    endloop
  endfacet
  facet normal 0.412721 0.910857 0
    outer loop
      vertex 2.40228 19.7708 3
      vertex 3.6779 19.1928 2.8
      vertex 2.40228 19.7708 2.8
    endloop
  endfacet
  facet normal 0.881898 -0.47144 0
    outer loop
      vertex 12.7457 -10.6998 3
      vertex 13.4059 -9.4648 2.8
      vertex 13.4059 -9.4648 3
    endloop
  endfacet
  facet normal 0.881898 -0.47144 0
    outer loop
      vertex 13.4059 -9.4648 2.8
      vertex 12.7457 -10.6998 3
      vertex 12.7457 -10.6998 2.8
    endloop
  endfacet
  facet normal -0.956949 -0.290257 0
    outer loop
      vertex -84.0142 -4.75735 2.8
      vertex -84.2954 -3.83026 3
      vertex -84.2954 -3.83026 2.8
    endloop
  endfacet
  facet normal -0.956949 -0.290257 0
    outer loop
      vertex -84.2954 -3.83026 3
      vertex -84.0142 -4.75735 2.8
      vertex -84.0142 -4.75735 3
    endloop
  endfacet
  facet normal -0.995186 -0.0980065 0
    outer loop
      vertex -84.6731 -1.93175 2.8
      vertex -84.768 -0.968109 3
      vertex -84.768 -0.968109 2.8
    endloop
  endfacet
  facet normal -0.995186 -0.0980065 0
    outer loop
      vertex -84.768 -0.968109 3
      vertex -84.6731 -1.93175 2.8
      vertex -84.6731 -1.93175 3
    endloop
  endfacet
  facet normal 0.6344 -0.773005 0
    outer loop
      vertex 7.24039 -16.9775 2.8
      vertex 8.32289 -16.0891 3
      vertex 7.24039 -16.9775 3
    endloop
  endfacet
  facet normal 0.6344 -0.773005 0
    outer loop
      vertex 8.32289 -16.0891 3
      vertex 7.24039 -16.9775 2.8
      vertex 8.32289 -16.0891 2.8
    endloop
  endfacet
  facet normal -0.47137 0.881935 0
    outer loop
      vertex -76.5457 13.2734 2.8
      vertex -77.4 12.8168 3
      vertex -76.5457 13.2734 3
    endloop
  endfacet
  facet normal -0.47137 0.881935 0
    outer loop
      vertex -77.4 12.8168 3
      vertex -76.5457 13.2734 2.8
      vertex -77.4 12.8168 2.8
    endloop
  endfacet
  facet normal -0.352221 0.935917 0
    outer loop
      vertex -74.7574 14.0142 2.8
      vertex -75.6635 13.6732 3
      vertex -74.7574 14.0142 3
    endloop
  endfacet
  facet normal -0.352221 0.935917 0
    outer loop
      vertex -75.6635 13.6732 3
      vertex -74.7574 14.0142 2.8
      vertex -75.6635 13.6732 2.8
    endloop
  endfacet
  facet normal -0.290254 0.95695 0
    outer loop
      vertex -73.8303 14.2954 2.8
      vertex -74.7574 14.0142 3
      vertex -73.8303 14.2954 3
    endloop
  endfacet
  facet normal -0.290254 0.95695 0
    outer loop
      vertex -74.7574 14.0142 3
      vertex -73.8303 14.2954 2.8
      vertex -74.7574 14.0142 2.8
    endloop
  endfacet
  facet normal -0.935919 0.352214 0
    outer loop
      vertex -84.0142 4.75735 2.8
      vertex -83.6732 5.66347 3
      vertex -83.6732 5.66347 2.8
    endloop
  endfacet
  facet normal -0.935919 0.352214 0
    outer loop
      vertex -83.6732 5.66347 3
      vertex -84.0142 4.75735 2.8
      vertex -84.0142 4.75735 3
    endloop
  endfacet
  facet normal -0.412776 -0.910833 0
    outer loop
      vertex -76.5457 -13.2734 2.8
      vertex -75.6635 -13.6732 3
      vertex -76.5457 -13.2734 3
    endloop
  endfacet
  facet normal -0.412776 -0.910833 -0
    outer loop
      vertex -75.6635 -13.6732 3
      vertex -76.5457 -13.2734 2.8
      vertex -75.6635 -13.6732 2.8
    endloop
  endfacet
  facet normal -0.528057 0.849209 0
    outer loop
      vertex -77.4 12.8168 2.8
      vertex -78.2221 12.3056 3
      vertex -77.4 12.8168 3
    endloop
  endfacet
  facet normal -0.528057 0.849209 0
    outer loop
      vertex -78.2221 12.3056 3
      vertex -77.4 12.8168 2.8
      vertex -78.2221 12.3056 2.8
    endloop
  endfacet
  facet normal 0.412721 -0.910857 0
    outer loop
      vertex 2.40228 -19.7708 2.8
      vertex 3.6779 -19.1928 3
      vertex 2.40228 -19.7708 3
    endloop
  endfacet
  facet normal 0.412721 -0.910857 0
    outer loop
      vertex 3.6779 -19.1928 3
      vertex 2.40228 -19.7708 2.8
      vertex 3.6779 -19.1928 2.8
    endloop
  endfacet
  facet normal 0.471393 -0.881923 0
    outer loop
      vertex 3.6779 -19.1928 2.8
      vertex 4.91306 -18.5326 3
      vertex 3.6779 -19.1928 3
    endloop
  endfacet
  facet normal 0.471393 -0.881923 0
    outer loop
      vertex 4.91306 -18.5326 3
      vertex 3.6779 -19.1928 2.8
      vertex 4.91306 -18.5326 2.8
    endloop
  endfacet
  facet normal -0.881931 -0.471379 0
    outer loop
      vertex -82.8168 -7.39996 2.8
      vertex -83.2734 -6.54568 3
      vertex -83.2734 -6.54568 2.8
    endloop
  endfacet
  facet normal -0.881931 -0.471379 0
    outer loop
      vertex -83.2734 -6.54568 3
      vertex -82.8168 -7.39996 2.8
      vertex -82.8168 -7.39996 3
    endloop
  endfacet
  facet normal 0.999463 -0.0327735 0
    outer loop
      vertex 15.5669 -1.39977 3
      vertex 15.6128 0 2.8
      vertex 15.6128 0 3
    endloop
  endfacet
  facet normal 0.999463 -0.0327735 0
    outer loop
      vertex 15.6128 0 2.8
      vertex 15.5669 -1.39977 3
      vertex 15.5669 -1.39977 2.8
    endloop
  endfacet
  facet normal -0.773044 -0.634352 0
    outer loop
      vertex -81.1269 -9.75821 2.8
      vertex -81.7413 -9.00948 3
      vertex -81.7413 -9.00948 2.8
    endloop
  endfacet
  facet normal -0.773044 -0.634352 0
    outer loop
      vertex -81.7413 -9.00948 3
      vertex -81.1269 -9.75821 2.8
      vertex -81.1269 -9.75821 3
    endloop
  endfacet
  facet normal -0.995186 0.0980065 0
    outer loop
      vertex -84.768 0.968109 2.8
      vertex -84.6731 1.93175 3
      vertex -84.6731 1.93175 2.8
    endloop
  endfacet
  facet normal -0.995186 0.0980065 0
    outer loop
      vertex -84.6731 1.93175 3
      vertex -84.768 0.968109 2.8
      vertex -84.768 0.968109 3
    endloop
  endfacet
  facet normal 0.9359 -0.352267 0
    outer loop
      vertex 13.9839 -8.18918 3
      vertex 14.4771 -6.87885 2.8
      vertex 14.4771 -6.87885 3
    endloop
  endfacet
  facet normal 0.9359 -0.352267 0
    outer loop
      vertex 14.4771 -6.87885 2.8
      vertex 13.9839 -8.18918 3
      vertex 13.9839 -8.18918 2.8
    endloop
  endfacet
  facet normal -0.849223 0.528034 0
    outer loop
      vertex -82.8168 7.39996 2.8
      vertex -82.3056 8.22211 3
      vertex -82.3056 8.22211 2.8
    endloop
  endfacet
  facet normal -0.849223 0.528034 0
    outer loop
      vertex -82.3056 8.22211 3
      vertex -82.8168 7.39996 2.8
      vertex -82.8168 7.39996 3
    endloop
  endfacet
  facet normal -0.812808 0.582531 0
    outer loop
      vertex -82.3056 8.22211 2.8
      vertex -81.7413 9.00948 3
      vertex -81.7413 9.00948 2.8
    endloop
  endfacet
  facet normal -0.812808 0.582531 0
    outer loop
      vertex -81.7413 9.00948 3
      vertex -82.3056 8.22211 2.8
      vertex -82.3056 8.22211 3
    endloop
  endfacet
  facet normal 0.773005 0.6344 0
    outer loop
      vertex 11.1906 13.0273 3
      vertex 10.3022 14.1098 2.8
      vertex 10.3022 14.1098 3
    endloop
  endfacet
  facet normal 0.773005 0.6344 0
    outer loop
      vertex 10.3022 14.1098 2.8
      vertex 11.1906 13.0273 3
      vertex 11.1906 13.0273 2.8
    endloop
  endfacet
  facet normal -0.773044 0.634352 0
    outer loop
      vertex -81.7413 9.00948 2.8
      vertex -81.1269 9.75821 3
      vertex -81.1269 9.75821 2.8
    endloop
  endfacet
  facet normal -0.773044 0.634352 0
    outer loop
      vertex -81.1269 9.75821 3
      vertex -81.7413 9.00948 2.8
      vertex -81.7413 9.00948 3
    endloop
  endfacet
  facet normal 0.290278 -0.956942 0
    outer loop
      vertex -0.248276 -20.6705 2.8
      vertex 1.09181 -20.264 3
      vertex -0.248276 -20.6705 3
    endloop
  endfacet
  facet normal 0.290278 -0.956942 0
    outer loop
      vertex 1.09181 -20.264 3
      vertex -0.248276 -20.6705 2.8
      vertex 1.09181 -20.264 2.8
    endloop
  endfacet
  facet normal 0.683565 -0.72989 0
    outer loop
      vertex 8.32289 -16.0891 2.8
      vertex 9.34496 -15.1319 3
      vertex 8.32289 -16.0891 3
    endloop
  endfacet
  facet normal 0.683565 -0.72989 0
    outer loop
      vertex 9.34496 -15.1319 3
      vertex 8.32289 -16.0891 2.8
      vertex 9.34496 -15.1319 2.8
    endloop
  endfacet
  facet normal 0.162892 -0.986644 0
    outer loop
      vertex -2.99364 -21.2166 2.8
      vertex -1.61203 -20.9885 3
      vertex -2.99364 -21.2166 3
    endloop
  endfacet
  facet normal 0.162892 -0.986644 0
    outer loop
      vertex -1.61203 -20.9885 3
      vertex -2.99364 -21.2166 2.8
      vertex -1.61203 -20.9885 2.8
    endloop
  endfacet
  facet normal -0 0 1
    outer loop
      vertex 9.7 0.650019 3
      vertex 15.6128 0 3
      vertex 15.5669 1.39977 3
    endloop
  endfacet
  facet normal -0 0 1
    outer loop
      vertex 9.63016 1.41257 3
      vertex 15.5669 1.39977 3
      vertex 15.4297 2.79324 3
    endloop
  endfacet
  facet normal 0 0 1
    outer loop
      vertex 15.6128 0 3
      vertex 9.7 0.650019 3
      vertex 9.72128 0 3
    endloop
  endfacet
  facet normal 0 0 1
    outer loop
      vertex 9.50595 2.1693 3
      vertex 15.4297 2.79324 3
      vertex 15.2016 4.17485 3
    endloop
  endfacet
  facet normal 0 0 1
    outer loop
      vertex 9.7 -0.650019 3
      vertex 15.6128 0 3
      vertex 9.72128 0 3
    endloop
  endfacet
  facet normal 0 0 1
    outer loop
      vertex 9.13886 3.54032 3
      vertex 15.2016 4.17485 3
      vertex 14.8836 5.53845 3
    endloop
  endfacet
  facet normal 0 0 1
    outer loop
      vertex 15.6128 0 3
      vertex 9.7 -0.650019 3
      vertex 15.5669 -1.39977 3
    endloop
  endfacet
  facet normal 0 0 1
    outer loop
      vertex 8.86727 4.26272 3
      vertex 14.8836 5.53845 3
      vertex 14.4771 6.87885 3
    endloop
  endfacet
  facet normal -0 0 1
    outer loop
      vertex 9.69392 -0.765216 3
      vertex 15.5669 -1.39977 3
      vertex 9.7 -0.650019 3
    endloop
  endfacet
  facet normal 0 0 1
    outer loop
      vertex 8.54469 4.96718 3
      vertex 14.4771 6.87885 3
      vertex 13.9839 8.18918 3
    endloop
  endfacet
  facet normal 0 0 1
    outer loop
      vertex 9.63016 -1.41257 3
      vertex 15.5669 -1.39977 3
      vertex 9.69392 -0.765216 3
    endloop
  endfacet
  facet normal 0 0 1
    outer loop
      vertex 8.17265 5.65061 3
      vertex 13.9839 8.18918 3
      vertex 13.4059 9.4648 3
    endloop
  endfacet
  facet normal 0 0 1
    outer loop
      vertex 15.5669 -1.39977 3
      vertex 9.63016 -1.41257 3
      vertex 15.4297 -2.79324 3
    endloop
  endfacet
  facet normal 0 0 1
    outer loop
      vertex 7.37096 6.84306 3
      vertex 13.4059 9.4648 3
      vertex 12.7457 10.6998 3
    endloop
  endfacet
  facet normal -0 0 1
    outer loop
      vertex 9.61197 -1.52716 3
      vertex 15.4297 -2.79324 3
      vertex 9.63016 -1.41257 3
    endloop
  endfacet
  facet normal 0 0 1
    outer loop
      vertex 6.95494 7.34998 3
      vertex 12.7457 10.6998 3
      vertex 12.0062 11.8891 3
    endloop
  endfacet
  facet normal 0 0 1
    outer loop
      vertex 15.4297 -2.79324 3
      vertex 9.50595 -2.1693 3
      vertex 15.2016 -4.17485 3
    endloop
  endfacet
  facet normal 0 0 1
    outer loop
      vertex 6.32842 8.02612 3
      vertex 12.0062 11.8891 3
      vertex 11.1906 13.0273 3
    endloop
  endfacet
  facet normal -0 0 1
    outer loop
      vertex 9.35816 -2.80313 3
      vertex 15.2016 -4.17485 3
      vertex 9.50595 -2.1693 3
    endloop
  endfacet
  facet normal 0 0 1
    outer loop
      vertex 5.74698 8.56715 3
      vertex 11.1906 13.0273 3
      vertex 10.3022 14.1098 3
    endloop
  endfacet
  facet normal -0 0 1
    outer loop
      vertex 9.32795 -2.91695 3
      vertex 15.2016 -4.17485 3
      vertex 9.35816 -2.80313 3
    endloop
  endfacet
  facet normal -0 0 1
    outer loop
      vertex 9.13886 -3.54032 3
      vertex 15.2016 -4.17485 3
      vertex 9.32795 -2.91695 3
    endloop
  endfacet
  facet normal -0 0 1
    outer loop
      vertex 9.50595 -2.1693 3
      vertex 15.4297 -2.79324 3
      vertex 9.61197 -1.52716 3
    endloop
  endfacet
  facet normal 0 0 1
    outer loop
      vertex 15.5669 1.39977 3
      vertex 9.69392 0.765216 3
      vertex 9.7 0.650019 3
    endloop
  endfacet
  facet normal 0 0 1
    outer loop
      vertex 15.5669 1.39977 3
      vertex 9.63016 1.41257 3
      vertex 9.69392 0.765216 3
    endloop
  endfacet
  facet normal 0 0 1
    outer loop
      vertex 15.4297 2.79324 3
      vertex 9.61197 1.52716 3
      vertex 9.63016 1.41257 3
    endloop
  endfacet
  facet normal 0 0 1
    outer loop
      vertex 15.4297 2.79324 3
      vertex 9.50595 2.1693 3
      vertex 9.61197 1.52716 3
    endloop
  endfacet
  facet normal 0 0 1
    outer loop
      vertex 15.2016 4.17485 3
      vertex 9.35816 2.80313 3
      vertex 9.50595 2.1693 3
    endloop
  endfacet
  facet normal 0 0 1
    outer loop
      vertex 5.12908 9.07121 3
      vertex 10.3022 14.1098 3
      vertex 9.34496 15.1319 3
    endloop
  endfacet
  facet normal 0 0 1
    outer loop
      vertex 15.2016 4.17485 3
      vertex 9.32795 2.91695 3
      vertex 9.35816 2.80313 3
    endloop
  endfacet
  facet normal 0 0 1
    outer loop
      vertex 15.2016 4.17485 3
      vertex 9.13886 3.54032 3
      vertex 9.32795 2.91695 3
    endloop
  endfacet
  facet normal 0 0 1
    outer loop
      vertex 14.8836 5.53845 3
      vertex 9.09702 3.65231 3
      vertex 9.13886 3.54032 3
    endloop
  endfacet
  facet normal 0 0 1
    outer loop
      vertex 14.8836 5.53845 3
      vertex 8.86727 4.26272 3
      vertex 9.09702 3.65231 3
    endloop
  endfacet
  facet normal 0 0 1
    outer loop
      vertex 14.4771 6.87885 3
      vertex 8.5981 4.8568 3
      vertex 8.86727 4.26272 3
    endloop
  endfacet
  facet normal 0 0 1
    outer loop
      vertex 14.4771 6.87885 3
      vertex 8.54469 4.96718 3
      vertex 8.5981 4.8568 3
    endloop
  endfacet
  facet normal 0 0 1
    outer loop
      vertex 4.47763 9.53603 3
      vertex 9.34496 15.1319 3
      vertex 8.32289 16.0891 3
    endloop
  endfacet
  facet normal 0 0 1
    outer loop
      vertex 13.9839 8.18918 3
      vertex 8.23676 5.54327 3
      vertex 8.54469 4.96718 3
    endloop
  endfacet
  facet normal 0 0 1
    outer loop
      vertex 13.9839 8.18918 3
      vertex 8.17265 5.65061 3
      vertex 8.23676 5.54327 3
    endloop
  endfacet
  facet normal 0 0 1
    outer loop
      vertex 13.4059 9.4648 3
      vertex 7.82707 6.20634 3
      vertex 8.17265 5.65061 3
    endloop
  endfacet
  facet normal 0 0 1
    outer loop
      vertex 13.4059 9.4648 3
      vertex 7.75294 6.31001 3
      vertex 7.82707 6.20634 3
    endloop
  endfacet
  facet normal 0 0 1
    outer loop
      vertex 13.4059 9.4648 3
      vertex 7.37096 6.84306 3
      vertex 7.75294 6.31001 3
    endloop
  endfacet
  facet normal 0 0 1
    outer loop
      vertex 3.67607 10.0246 3
      vertex 8.32289 16.0891 3
      vertex 7.24039 16.9775 3
    endloop
  endfacet
  facet normal 0 0 1
    outer loop
      vertex 12.7457 10.6998 3
      vertex 6.95494 7.34998 3
      vertex 7.37096 6.84306 3
    endloop
  endfacet
  facet normal 0 0 1
    outer loop
      vertex 12.0062 11.8891 3
      vertex 6.87061 7.45056 3
      vertex 6.95494 7.34998 3
    endloop
  endfacet
  facet normal 0 0 1
    outer loop
      vertex 12.0062 11.8891 3
      vertex 6.42129 7.9303 3
      vertex 6.87061 7.45056 3
    endloop
  endfacet
  facet normal 0 0 1
    outer loop
      vertex 12.0062 11.8891 3
      vertex 6.32842 8.02612 3
      vertex 6.42129 7.9303 3
    endloop
  endfacet
  facet normal 0 0 1
    outer loop
      vertex 2.96404 10.3984 3
      vertex 7.24039 16.9775 3
      vertex 6.10214 17.7932 3
    endloop
  endfacet
  facet normal 0 0 1
    outer loop
      vertex 11.1906 13.0273 3
      vertex 5.84747 8.47658 3
      vertex 6.32842 8.02612 3
    endloop
  endfacet
  facet normal 0 0 1
    outer loop
      vertex 11.1906 13.0273 3
      vertex 5.74698 8.56715 3
      vertex 5.84747 8.47658 3
    endloop
  endfacet
  facet normal 0 0 1
    outer loop
      vertex 10.3022 14.1098 3
      vertex 5.23624 8.98631 3
      vertex 5.74698 8.56715 3
    endloop
  endfacet
  facet normal 0 0 1
    outer loop
      vertex 10.3022 14.1098 3
      vertex 5.12908 9.07121 3
      vertex 5.23624 8.98631 3
    endloop
  endfacet
  facet normal 0 0 1
    outer loop
      vertex 2.22884 10.7271 3
      vertex 6.10214 17.7932 3
      vertex 4.91306 18.5326 3
    endloop
  endfacet
  facet normal 0 0 1
    outer loop
      vertex 9.34496 15.1319 3
      vertex 4.5905 9.45715 3
      vertex 5.12908 9.07121 3
    endloop
  endfacet
  facet normal 0 0 1
    outer loop
      vertex 9.34496 15.1319 3
      vertex 4.47763 9.53603 3
      vertex 4.5905 9.45715 3
    endloop
  endfacet
  facet normal 0 0 1
    outer loop
      vertex 8.32289 16.0891 3
      vertex 3.91332 9.88694 3
      vertex 4.47763 9.53603 3
    endloop
  endfacet
  facet normal 0 0 1
    outer loop
      vertex 8.32289 16.0891 3
      vertex 3.79571 9.95952 3
      vertex 3.91332 9.88694 3
    endloop
  endfacet
  facet normal 0 0 1
    outer loop
      vertex 1.34967 11.0477 3
      vertex 4.91306 18.5326 3
      vertex 3.6779 19.1928 3
    endloop
  endfacet
  facet normal 0 0 1
    outer loop
      vertex 8.32289 16.0891 3
      vertex 3.67607 10.0246 3
      vertex 3.79571 9.95952 3
    endloop
  endfacet
  facet normal 0 0 1
    outer loop
      vertex 7.24039 16.9775 3
      vertex 3.08649 10.3398 3
      vertex 3.67607 10.0246 3
    endloop
  endfacet
  facet normal 0 0 1
    outer loop
      vertex 7.24039 16.9775 3
      vertex 2.96404 10.3984 3
      vertex 3.08649 10.3398 3
    endloop
  endfacet
  facet normal 0 0 1
    outer loop
      vertex 0.578356 11.2761 3
      vertex 3.6779 19.1928 3
      vertex 2.40228 19.7708 3
    endloop
  endfacet
  facet normal 0 0 1
    outer loop
      vertex 6.10214 17.7932 3
      vertex 2.35326 10.6751 3
      vertex 2.96404 10.3984 3
    endloop
  endfacet
  facet normal 0 0 1
    outer loop
      vertex 6.10214 17.7932 3
      vertex 2.22884 10.7271 3
      vertex 2.35326 10.6751 3
    endloop
  endfacet
  facet normal 0 0 1
    outer loop
      vertex 4.91306 18.5326 3
      vertex 1.59936 10.9641 3
      vertex 2.22884 10.7271 3
    endloop
  endfacet
  facet normal 0 0 1
    outer loop
      vertex 4.91306 18.5326 3
      vertex 1.47377 11.0095 3
      vertex 1.59936 10.9641 3
    endloop
  endfacet
  facet normal 0 0 1
    outer loop
      vertex 4.91306 18.5326 3
      vertex 1.34967 11.0477 3
      vertex 1.47377 11.0095 3
    endloop
  endfacet
  facet normal 0 0 1
    outer loop
      vertex -0.205456 11.4559 3
      vertex 2.40228 19.7708 3
      vertex 1.09181 20.264 3
    endloop
  endfacet
  facet normal 0 0 1
    outer loop
      vertex 3.6779 19.1928 3
      vertex 0.70219 11.2441 3
      vertex 1.34967 11.0477 3
    endloop
  endfacet
  facet normal 0 0 1
    outer loop
      vertex 3.6779 19.1928 3
      vertex 0.578356 11.2761 3
      vertex 0.70219 11.2441 3
    endloop
  endfacet
  facet normal 0 0 1
    outer loop
      vertex 2.40228 19.7708 3
      vertex -0.0824976 11.4302 3
      vertex 0.578356 11.2761 3
    endloop
  endfacet
  facet normal 0 0 1
    outer loop
      vertex 2.40228 19.7708 3
      vertex -0.205456 11.4559 3
      vertex -0.0824976 11.4302 3
    endloop
  endfacet
  facet normal 0 0 1
    outer loop
      vertex -1.11618 11.5999 3
      vertex 1.09181 20.264 3
      vertex -0.248276 20.6705 3
    endloop
  endfacet
  facet normal 0 0 1
    outer loop
      vertex 1.09181 20.264 3
      vertex -0.876868 11.5667 3
      vertex -0.205456 11.4559 3
    endloop
  endfacet
  facet normal 0 0 1
    outer loop
      vertex 1.09181 20.264 3
      vertex -0.998394 11.5863 3
      vertex -0.876868 11.5667 3
    endloop
  endfacet
  facet normal 0 0 1
    outer loop
      vertex 1.09181 20.264 3
      vertex -1.11618 11.5999 3
      vertex -0.998394 11.5863 3
    endloop
  endfacet
  facet normal 0 0 1
    outer loop
      vertex -1.91254 11.6749 3
      vertex -0.248276 20.6705 3
      vertex -1.61203 20.9885 3
    endloop
  endfacet
  facet normal 0 0 1
    outer loop
      vertex -0.248276 20.6705 3
      vertex -1.79708 11.667 3
      vertex -1.11618 11.5999 3
    endloop
  endfacet
  facet normal 0 0 1
    outer loop
      vertex -0.248276 20.6705 3
      vertex -1.91254 11.6749 3
      vertex -1.79708 11.667 3
    endloop
  endfacet
  facet normal 0 0 1
    outer loop
      vertex -1.61203 20.9885 3
      vertex -2.59811 11.6974 3
      vertex -1.91254 11.6749 3
    endloop
  endfacet
  facet normal 0 0 1
    outer loop
      vertex -1.61203 20.9885 3
      vertex -2.71086 11.7 3
      vertex -2.59811 11.6974 3
    endloop
  endfacet
  facet normal 0 0 1
    outer loop
      vertex -2.99364 21.2166 3
      vertex -2.71086 11.7 3
      vertex -1.61203 20.9885 3
    endloop
  endfacet
  facet normal 0 0 1
    outer loop
      vertex -4.38712 21.3539 3
      vertex -2.71086 11.7 3
      vertex -2.99364 21.2166 3
    endloop
  endfacet
  facet normal 0 0 1
    outer loop
      vertex -5.7869 21.3997 3
      vertex -2.71086 11.7 3
      vertex -4.38712 21.3539 3
    endloop
  endfacet
  facet normal 0 0 1
    outer loop
      vertex -7.94121 11.7 3
      vertex -5.7869 21.3997 3
      vertex -7.18666 21.3539 3
    endloop
  endfacet
  facet normal 0 0 1
    outer loop
      vertex -5.7869 21.3997 3
      vertex -7.94121 11.7 3
      vertex -2.71086 11.7 3
    endloop
  endfacet
  facet normal -0 0 1
    outer loop
      vertex -8.59682 21.215 3
      vertex -7.94121 11.7 3
      vertex -7.18666 21.3539 3
    endloop
  endfacet
  facet normal 0 0 1
    outer loop
      vertex -7.94121 11.7 3
      vertex -8.59682 21.215 3
      vertex -8.26462 11.6894 3
    endloop
  endfacet
  facet normal 0 0 1
    outer loop
      vertex -8.59682 21.215 3
      vertex -35.3385 10.7026 3
      vertex -8.26462 11.6894 3
    endloop
  endfacet
  facet normal -0 0 1
    outer loop
      vertex -71.9305 14.6733 3
      vertex -35.3385 10.7026 3
      vertex -8.59682 21.215 3
    endloop
  endfacet
  facet normal 0 0 1
    outer loop
      vertex -35.3385 10.7026 3
      vertex -71.9305 14.6733 3
      vertex -70.6122 9.33996 3
    endloop
  endfacet
  facet normal 0 0 1
    outer loop
      vertex -70.6122 9.33996 3
      vertex -71.9305 14.6733 3
      vertex -71.2217 9.27992 3
    endloop
  endfacet
  facet normal 0 0 1
    outer loop
      vertex -71.2217 9.27992 3
      vertex -71.9305 14.6733 3
      vertex -71.826 9.18015 3
    endloop
  endfacet
  facet normal -0 0 1
    outer loop
      vertex -72.8873 14.5153 3
      vertex -71.826 9.18015 3
      vertex -71.9305 14.6733 3
    endloop
  endfacet
  facet normal 0 0 1
    outer loop
      vertex -71.826 9.18015 3
      vertex -72.8873 14.5153 3
      vertex -72.4225 9.04107 3
    endloop
  endfacet
  facet normal -0 0 1
    outer loop
      vertex -73.8303 14.2954 3
      vertex -72.4225 9.04107 3
      vertex -72.8873 14.5153 3
    endloop
  endfacet
  facet normal 0 0 1
    outer loop
      vertex -72.4225 9.04107 3
      vertex -73.8303 14.2954 3
      vertex -73.0087 8.86327 3
    endloop
  endfacet
  facet normal -0 0 1
    outer loop
      vertex -74.7574 14.0142 3
      vertex -73.0087 8.86327 3
      vertex -73.8303 14.2954 3
    endloop
  endfacet
  facet normal 0 0 1
    outer loop
      vertex -73.0087 8.86327 3
      vertex -74.7574 14.0142 3
      vertex -73.5819 8.64751 3
    endloop
  endfacet
  facet normal -0 0 1
    outer loop
      vertex -75.6635 13.6732 3
      vertex -73.5819 8.64751 3
      vertex -74.7574 14.0142 3
    endloop
  endfacet
  facet normal 0 0 1
    outer loop
      vertex -73.5819 8.64751 3
      vertex -75.6635 13.6732 3
      vertex -74.1398 8.39473 3
    endloop
  endfacet
  facet normal -0 0 1
    outer loop
      vertex -76.5457 13.2734 3
      vertex -74.1398 8.39473 3
      vertex -75.6635 13.6732 3
    endloop
  endfacet
  facet normal 0 0 1
    outer loop
      vertex -74.1398 8.39473 3
      vertex -76.5457 13.2734 3
      vertex -74.68 8.106 3
    endloop
  endfacet
  facet normal -0 0 1
    outer loop
      vertex -77.4 12.8168 3
      vertex -74.68 8.106 3
      vertex -76.5457 13.2734 3
    endloop
  endfacet
  facet normal 0 0 1
    outer loop
      vertex -74.68 8.106 3
      vertex -77.4 12.8168 3
      vertex -75.2001 7.78255 3
    endloop
  endfacet
  facet normal -0 0 1
    outer loop
      vertex -78.2221 12.3056 3
      vertex -75.2001 7.78255 3
      vertex -77.4 12.8168 3
    endloop
  endfacet
  facet normal 0 0 1
    outer loop
      vertex -75.2001 7.78255 3
      vertex -78.2221 12.3056 3
      vertex -75.698 7.42579 3
    endloop
  endfacet
  facet normal -0 0 1
    outer loop
      vertex -79.0095 11.7413 3
      vertex -75.698 7.42579 3
      vertex -78.2221 12.3056 3
    endloop
  endfacet
  facet normal 0 0 1
    outer loop
      vertex -75.698 7.42579 3
      vertex -79.0095 11.7413 3
      vertex -76.1715 7.03722 3
    endloop
  endfacet
  facet normal -0 0 1
    outer loop
      vertex -79.7582 11.1269 3
      vertex -76.1715 7.03722 3
      vertex -79.0095 11.7413 3
    endloop
  endfacet
  facet normal 0 0 1
    outer loop
      vertex -76.1715 7.03722 3
      vertex -79.7582 11.1269 3
      vertex -76.6185 6.61852 3
    endloop
  endfacet
  facet normal -0 0 1
    outer loop
      vertex -80.465 10.465 3
      vertex -76.6185 6.61852 3
      vertex -79.7582 11.1269 3
    endloop
  endfacet
  facet normal 0 0 1
    outer loop
      vertex -76.6185 6.61852 3
      vertex -80.465 10.465 3
      vertex -77.0372 6.17148 3
    endloop
  endfacet
  facet normal -0 0 1
    outer loop
      vertex -81.1269 9.75821 3
      vertex -77.0372 6.17148 3
      vertex -80.465 10.465 3
    endloop
  endfacet
  facet normal 0 0 1
    outer loop
      vertex -77.0372 6.17148 3
      vertex -81.1269 9.75821 3
      vertex -77.4258 5.69801 3
    endloop
  endfacet
  facet normal -0 0 1
    outer loop
      vertex -81.7413 9.00948 3
      vertex -77.4258 5.69801 3
      vertex -81.1269 9.75821 3
    endloop
  endfacet
  facet normal 0 0 1
    outer loop
      vertex -77.4258 5.69801 3
      vertex -81.7413 9.00948 3
      vertex -77.7826 5.20014 3
    endloop
  endfacet
  facet normal -0 0 1
    outer loop
      vertex -82.3056 8.22211 3
      vertex -77.7826 5.20014 3
      vertex -81.7413 9.00948 3
    endloop
  endfacet
  facet normal 0 0 1
    outer loop
      vertex -77.7826 5.20014 3
      vertex -82.3056 8.22211 3
      vertex -78.106 4.68 3
    endloop
  endfacet
  facet normal -0 0 1
    outer loop
      vertex -82.8168 7.39996 3
      vertex -78.106 4.68 3
      vertex -82.3056 8.22211 3
    endloop
  endfacet
  facet normal 0 0 1
    outer loop
      vertex -78.106 4.68 3
      vertex -82.8168 7.39996 3
      vertex -78.3947 4.13982 3
    endloop
  endfacet
  facet normal -0 0 1
    outer loop
      vertex -83.2734 6.54568 3
      vertex -78.3947 4.13982 3
      vertex -82.8168 7.39996 3
    endloop
  endfacet
  facet normal 0 0 1
    outer loop
      vertex -78.3947 4.13982 3
      vertex -83.2734 6.54568 3
      vertex -78.6475 3.58192 3
    endloop
  endfacet
  facet normal 0 0 1
    outer loop
      vertex 15.2016 -4.17485 3
      vertex 9.13886 -3.54032 3
      vertex 14.8836 -5.53845 3
    endloop
  endfacet
  facet normal -0 0 1
    outer loop
      vertex 9.09702 -3.65231 3
      vertex 14.8836 -5.53845 3
      vertex 9.13886 -3.54032 3
    endloop
  endfacet
  facet normal -0 0 1
    outer loop
      vertex 8.86727 -4.26272 3
      vertex 14.8836 -5.53845 3
      vertex 9.09702 -3.65231 3
    endloop
  endfacet
  facet normal 0 0 1
    outer loop
      vertex 14.8836 -5.53845 3
      vertex 8.86727 -4.26272 3
      vertex 14.4771 -6.87885 3
    endloop
  endfacet
  facet normal -0 0 1
    outer loop
      vertex 8.5981 -4.8568 3
      vertex 14.4771 -6.87885 3
      vertex 8.86727 -4.26272 3
    endloop
  endfacet
  facet normal -0 0 1
    outer loop
      vertex 8.54469 -4.96718 3
      vertex 14.4771 -6.87885 3
      vertex 8.5981 -4.8568 3
    endloop
  endfacet
  facet normal 0 0 1
    outer loop
      vertex 14.4771 -6.87885 3
      vertex 8.54469 -4.96718 3
      vertex 13.9839 -8.18918 3
    endloop
  endfacet
  facet normal -0 0 1
    outer loop
      vertex 8.23676 -5.54327 3
      vertex 13.9839 -8.18918 3
      vertex 8.54469 -4.96718 3
    endloop
  endfacet
  facet normal -0 0 1
    outer loop
      vertex 8.17265 -5.65061 3
      vertex 13.9839 -8.18918 3
      vertex 8.23676 -5.54327 3
    endloop
  endfacet
  facet normal 0 0 1
    outer loop
      vertex 13.9839 -8.18918 3
      vertex 8.17265 -5.65061 3
      vertex 13.4059 -9.4648 3
    endloop
  endfacet
  facet normal -0 0 1
    outer loop
      vertex 7.82707 -6.20634 3
      vertex 13.4059 -9.4648 3
      vertex 8.17265 -5.65061 3
    endloop
  endfacet
  facet normal -0 0 1
    outer loop
      vertex 7.75294 -6.31001 3
      vertex 13.4059 -9.4648 3
      vertex 7.82707 -6.20634 3
    endloop
  endfacet
  facet normal -0 0 1
    outer loop
      vertex 7.37096 -6.84306 3
      vertex 13.4059 -9.4648 3
      vertex 7.75294 -6.31001 3
    endloop
  endfacet
  facet normal 0 0 1
    outer loop
      vertex 13.4059 -9.4648 3
      vertex 7.37096 -6.84306 3
      vertex 12.7457 -10.6998 3
    endloop
  endfacet
  facet normal -0 0 1
    outer loop
      vertex 6.95494 -7.34998 3
      vertex 12.7457 -10.6998 3
      vertex 7.37096 -6.84306 3
    endloop
  endfacet
  facet normal 0 0 1
    outer loop
      vertex 12.7457 -10.6998 3
      vertex 6.95494 -7.34998 3
      vertex 12.0062 -11.8891 3
    endloop
  endfacet
  facet normal -0 0 1
    outer loop
      vertex 6.87061 -7.45056 3
      vertex 12.0062 -11.8891 3
      vertex 6.95494 -7.34998 3
    endloop
  endfacet
  facet normal -0 0 1
    outer loop
      vertex 6.42129 -7.9303 3
      vertex 12.0062 -11.8891 3
      vertex 6.87061 -7.45056 3
    endloop
  endfacet
  facet normal -0 0 1
    outer loop
      vertex 6.32842 -8.02612 3
      vertex 12.0062 -11.8891 3
      vertex 6.42129 -7.9303 3
    endloop
  endfacet
  facet normal 0 0 1
    outer loop
      vertex 12.0062 -11.8891 3
      vertex 6.32842 -8.02612 3
      vertex 11.1906 -13.0273 3
    endloop
  endfacet
  facet normal -0 0 1
    outer loop
      vertex 5.84747 -8.47658 3
      vertex 11.1906 -13.0273 3
      vertex 6.32842 -8.02612 3
    endloop
  endfacet
  facet normal -0 0 1
    outer loop
      vertex 5.74698 -8.56715 3
      vertex 11.1906 -13.0273 3
      vertex 5.84747 -8.47658 3
    endloop
  endfacet
  facet normal 0 0 1
    outer loop
      vertex 11.1906 -13.0273 3
      vertex 5.74698 -8.56715 3
      vertex 10.3022 -14.1098 3
    endloop
  endfacet
  facet normal -0 0 1
    outer loop
      vertex 5.23624 -8.98631 3
      vertex 10.3022 -14.1098 3
      vertex 5.74698 -8.56715 3
    endloop
  endfacet
  facet normal -0 0 1
    outer loop
      vertex 5.12908 -9.07121 3
      vertex 10.3022 -14.1098 3
      vertex 5.23624 -8.98631 3
    endloop
  endfacet
  facet normal 0 0 1
    outer loop
      vertex 10.3022 -14.1098 3
      vertex 5.12908 -9.07121 3
      vertex 9.34496 -15.1319 3
    endloop
  endfacet
  facet normal -0 0 1
    outer loop
      vertex 4.5905 -9.45715 3
      vertex 9.34496 -15.1319 3
      vertex 5.12908 -9.07121 3
    endloop
  endfacet
  facet normal -0 0 1
    outer loop
      vertex 4.47763 -9.53603 3
      vertex 9.34496 -15.1319 3
      vertex 4.5905 -9.45715 3
    endloop
  endfacet
  facet normal 0 0 1
    outer loop
      vertex 9.34496 -15.1319 3
      vertex 4.47763 -9.53603 3
      vertex 8.32289 -16.0891 3
    endloop
  endfacet
  facet normal -0 0 1
    outer loop
      vertex 3.91332 -9.88694 3
      vertex 8.32289 -16.0891 3
      vertex 4.47763 -9.53603 3
    endloop
  endfacet
  facet normal -0 0 1
    outer loop
      vertex 3.79571 -9.95952 3
      vertex 8.32289 -16.0891 3
      vertex 3.91332 -9.88694 3
    endloop
  endfacet
  facet normal -0 0 1
    outer loop
      vertex 3.67607 -10.0246 3
      vertex 8.32289 -16.0891 3
      vertex 3.79571 -9.95952 3
    endloop
  endfacet
  facet normal 0 0 1
    outer loop
      vertex 8.32289 -16.0891 3
      vertex 3.67607 -10.0246 3
      vertex 7.24039 -16.9775 3
    endloop
  endfacet
  facet normal -0 0 1
    outer loop
      vertex 3.08649 -10.3398 3
      vertex 7.24039 -16.9775 3
      vertex 3.67607 -10.0246 3
    endloop
  endfacet
  facet normal -0 0 1
    outer loop
      vertex 2.96404 -10.3984 3
      vertex 7.24039 -16.9775 3
      vertex 3.08649 -10.3398 3
    endloop
  endfacet
  facet normal 0 0 1
    outer loop
      vertex 7.24039 -16.9775 3
      vertex 2.96404 -10.3984 3
      vertex 6.10214 -17.7932 3
    endloop
  endfacet
  facet normal -0 0 1
    outer loop
      vertex 2.35326 -10.6751 3
      vertex 6.10214 -17.7932 3
      vertex 2.96404 -10.3984 3
    endloop
  endfacet
  facet normal -0 0 1
    outer loop
      vertex 2.22884 -10.7271 3
      vertex 6.10214 -17.7932 3
      vertex 2.35326 -10.6751 3
    endloop
  endfacet
  facet normal 0 0 1
    outer loop
      vertex 6.10214 -17.7932 3
      vertex 2.22884 -10.7271 3
      vertex 4.91306 -18.5326 3
    endloop
  endfacet
  facet normal -0 0 1
    outer loop
      vertex 1.59936 -10.9641 3
      vertex 4.91306 -18.5326 3
      vertex 2.22884 -10.7271 3
    endloop
  endfacet
  facet normal -0 0 1
    outer loop
      vertex 1.47377 -11.0095 3
      vertex 4.91306 -18.5326 3
      vertex 1.59936 -10.9641 3
    endloop
  endfacet
  facet normal -0 0 1
    outer loop
      vertex 1.34967 -11.0477 3
      vertex 4.91306 -18.5326 3
      vertex 1.47377 -11.0095 3
    endloop
  endfacet
  facet normal 0 0 1
    outer loop
      vertex 4.91306 -18.5326 3
      vertex 1.34967 -11.0477 3
      vertex 3.6779 -19.1928 3
    endloop
  endfacet
  facet normal -0 0 1
    outer loop
      vertex 0.70219 -11.2441 3
      vertex 3.6779 -19.1928 3
      vertex 1.34967 -11.0477 3
    endloop
  endfacet
  facet normal -0 0 1
    outer loop
      vertex 0.578356 -11.2761 3
      vertex 3.6779 -19.1928 3
      vertex 0.70219 -11.2441 3
    endloop
  endfacet
  facet normal 0 0 1
    outer loop
      vertex 3.6779 -19.1928 3
      vertex 0.578356 -11.2761 3
      vertex 2.40228 -19.7708 3
    endloop
  endfacet
  facet normal -0 0 1
    outer loop
      vertex -0.0824976 -11.4302 3
      vertex 2.40228 -19.7708 3
      vertex 0.578356 -11.2761 3
    endloop
  endfacet
  facet normal -0 0 1
    outer loop
      vertex -0.205456 -11.4559 3
      vertex 2.40228 -19.7708 3
      vertex -0.0824976 -11.4302 3
    endloop
  endfacet
  facet normal 0 0 1
    outer loop
      vertex 2.40228 -19.7708 3
      vertex -0.205456 -11.4559 3
      vertex 1.09181 -20.264 3
    endloop
  endfacet
  facet normal -0 0 1
    outer loop
      vertex -0.876868 -11.5667 3
      vertex 1.09181 -20.264 3
      vertex -0.205456 -11.4559 3
    endloop
  endfacet
  facet normal -0 0 1
    outer loop
      vertex -0.998394 -11.5863 3
      vertex 1.09181 -20.264 3
      vertex -0.876868 -11.5667 3
    endloop
  endfacet
  facet normal -0 0 1
    outer loop
      vertex -1.11618 -11.5999 3
      vertex 1.09181 -20.264 3
      vertex -0.998394 -11.5863 3
    endloop
  endfacet
  facet normal 0 0 1
    outer loop
      vertex 1.09181 -20.264 3
      vertex -1.11618 -11.5999 3
      vertex -0.248276 -20.6705 3
    endloop
  endfacet
  facet normal -0 0 1
    outer loop
      vertex -1.79708 -11.667 3
      vertex -0.248276 -20.6705 3
      vertex -1.11618 -11.5999 3
    endloop
  endfacet
  facet normal -0 0 1
    outer loop
      vertex -1.91254 -11.6749 3
      vertex -0.248276 -20.6705 3
      vertex -1.79708 -11.667 3
    endloop
  endfacet
  facet normal 0 0 1
    outer loop
      vertex -0.248276 -20.6705 3
      vertex -1.91254 -11.6749 3
      vertex -1.61203 -20.9885 3
    endloop
  endfacet
  facet normal -0 0 1
    outer loop
      vertex -2.59811 -11.6974 3
      vertex -1.61203 -20.9885 3
      vertex -1.91254 -11.6749 3
    endloop
  endfacet
  facet normal -0 0 1
    outer loop
      vertex -2.71086 -11.7 3
      vertex -1.61203 -20.9885 3
      vertex -2.59811 -11.6974 3
    endloop
  endfacet
  facet normal 0 0 1
    outer loop
      vertex -2.71086 -11.7 3
      vertex -2.99364 -21.2166 3
      vertex -1.61203 -20.9885 3
    endloop
  endfacet
  facet normal 0 0 1
    outer loop
      vertex -2.71086 -11.7 3
      vertex -4.38712 -21.3539 3
      vertex -2.99364 -21.2166 3
    endloop
  endfacet
  facet normal 0 0 1
    outer loop
      vertex -2.71086 -11.7 3
      vertex -5.7869 -21.3997 3
      vertex -4.38712 -21.3539 3
    endloop
  endfacet
  facet normal -0 0 1
    outer loop
      vertex -7.94121 -11.7 3
      vertex -5.7869 -21.3997 3
      vertex -2.71086 -11.7 3
    endloop
  endfacet
  facet normal 0 0 1
    outer loop
      vertex -5.7869 -21.3997 3
      vertex -7.94121 -11.7 3
      vertex -7.18666 -21.3539 3
    endloop
  endfacet
  facet normal 0 0 1
    outer loop
      vertex -8.59682 -21.215 3
      vertex -7.94121 -11.7 3
      vertex -8.26462 -11.6894 3
    endloop
  endfacet
  facet normal 0 0 1
    outer loop
      vertex -7.94121 -11.7 3
      vertex -8.59682 -21.215 3
      vertex -7.18666 -21.3539 3
    endloop
  endfacet
  facet normal 0 0 1
    outer loop
      vertex -35.3385 -10.7026 3
      vertex -8.59682 -21.215 3
      vertex -8.26462 -11.6894 3
    endloop
  endfacet
  facet normal 0 0 1
    outer loop
      vertex -71.9305 -14.6733 3
      vertex -35.3385 -10.7026 3
      vertex -70.6122 -9.33996 3
    endloop
  endfacet
  facet normal 0 0 1
    outer loop
      vertex -71.9305 -14.6733 3
      vertex -70.6122 -9.33996 3
      vertex -71.2217 -9.27992 3
    endloop
  endfacet
  facet normal 0 0 1
    outer loop
      vertex -71.9305 -14.6733 3
      vertex -71.2217 -9.27992 3
      vertex -71.826 -9.18015 3
    endloop
  endfacet
  facet normal 0 0 1
    outer loop
      vertex -35.3385 -10.7026 3
      vertex -71.9305 -14.6733 3
      vertex -8.59682 -21.215 3
    endloop
  endfacet
  facet normal 0 0 1
    outer loop
      vertex -72.8873 -14.5153 3
      vertex -71.826 -9.18015 3
      vertex -72.4225 -9.04107 3
    endloop
  endfacet
  facet normal 0 0 1
    outer loop
      vertex -71.826 -9.18015 3
      vertex -72.8873 -14.5153 3
      vertex -71.9305 -14.6733 3
    endloop
  endfacet
  facet normal 0 0 1
    outer loop
      vertex -73.8303 -14.2954 3
      vertex -72.4225 -9.04107 3
      vertex -73.0087 -8.86327 3
    endloop
  endfacet
  facet normal 0 0 1
    outer loop
      vertex -74.7574 -14.0142 3
      vertex -73.0087 -8.86327 3
      vertex -73.5819 -8.64751 3
    endloop
  endfacet
  facet normal 0 0 1
    outer loop
      vertex -72.4225 -9.04107 3
      vertex -73.8303 -14.2954 3
      vertex -72.8873 -14.5153 3
    endloop
  endfacet
  facet normal 0 0 1
    outer loop
      vertex -75.6635 -13.6732 3
      vertex -73.5819 -8.64751 3
      vertex -74.1398 -8.39473 3
    endloop
  endfacet
  facet normal 0 0 1
    outer loop
      vertex -76.5457 -13.2734 3
      vertex -74.1398 -8.39473 3
      vertex -74.68 -8.106 3
    endloop
  endfacet
  facet normal 0 0 1
    outer loop
      vertex -73.0087 -8.86327 3
      vertex -74.7574 -14.0142 3
      vertex -73.8303 -14.2954 3
    endloop
  endfacet
  facet normal 0 0 1
    outer loop
      vertex -77.4 -12.8168 3
      vertex -74.68 -8.106 3
      vertex -75.2001 -7.78255 3
    endloop
  endfacet
  facet normal 0 0 1
    outer loop
      vertex -73.5819 -8.64751 3
      vertex -75.6635 -13.6732 3
      vertex -74.7574 -14.0142 3
    endloop
  endfacet
  facet normal 0 0 1
    outer loop
      vertex -78.2221 -12.3056 3
      vertex -75.2001 -7.78255 3
      vertex -75.698 -7.42579 3
    endloop
  endfacet
  facet normal 0 0 1
    outer loop
      vertex -79.0095 -11.7413 3
      vertex -75.698 -7.42579 3
      vertex -76.1715 -7.03722 3
    endloop
  endfacet
  facet normal 0 0 1
    outer loop
      vertex -74.1398 -8.39473 3
      vertex -76.5457 -13.2734 3
      vertex -75.6635 -13.6732 3
    endloop
  endfacet
  facet normal 0 0 1
    outer loop
      vertex -79.7582 -11.1269 3
      vertex -76.1715 -7.03722 3
      vertex -76.6185 -6.61852 3
    endloop
  endfacet
  facet normal 0 0 1
    outer loop
      vertex -80.465 -10.465 3
      vertex -76.6185 -6.61852 3
      vertex -77.0372 -6.17148 3
    endloop
  endfacet
  facet normal 0 0 1
    outer loop
      vertex -74.68 -8.106 3
      vertex -77.4 -12.8168 3
      vertex -76.5457 -13.2734 3
    endloop
  endfacet
  facet normal 0 0 1
    outer loop
      vertex -81.1269 -9.75821 3
      vertex -77.0372 -6.17148 3
      vertex -77.4258 -5.69801 3
    endloop
  endfacet
  facet normal 0 0 1
    outer loop
      vertex -81.7413 -9.00948 3
      vertex -77.4258 -5.69801 3
      vertex -77.7826 -5.20014 3
    endloop
  endfacet
  facet normal 0 0 1
    outer loop
      vertex -82.3056 -8.22211 3
      vertex -77.7826 -5.20014 3
      vertex -78.106 -4.68 3
    endloop
  endfacet
  facet normal 0 0 1
    outer loop
      vertex -75.2001 -7.78255 3
      vertex -78.2221 -12.3056 3
      vertex -77.4 -12.8168 3
    endloop
  endfacet
  facet normal 0 0 1
    outer loop
      vertex -82.8168 -7.39996 3
      vertex -78.106 -4.68 3
      vertex -78.3947 -4.13982 3
    endloop
  endfacet
  facet normal 0 0 1
    outer loop
      vertex -83.2734 -6.54568 3
      vertex -78.3947 -4.13982 3
      vertex -78.6475 -3.58192 3
    endloop
  endfacet
  facet normal 0 0 1
    outer loop
      vertex -83.6732 -5.66347 3
      vertex -78.6475 -3.58192 3
      vertex -78.8633 -3.00867 3
    endloop
  endfacet
  facet normal 0 0 1
    outer loop
      vertex -75.698 -7.42579 3
      vertex -79.0095 -11.7413 3
      vertex -78.2221 -12.3056 3
    endloop
  endfacet
  facet normal 0 0 1
    outer loop
      vertex -84.0142 -4.75735 3
      vertex -78.8633 -3.00867 3
      vertex -79.0411 -2.42255 3
    endloop
  endfacet
  facet normal 0 0 1
    outer loop
      vertex -84.2954 -3.83026 3
      vertex -79.0411 -2.42255 3
      vertex -79.1802 -1.82605 3
    endloop
  endfacet
  facet normal 0 0 1
    outer loop
      vertex -84.5153 -2.88728 3
      vertex -79.1802 -1.82605 3
      vertex -79.2799 -1.22172 3
    endloop
  endfacet
  facet normal 0 0 1
    outer loop
      vertex -84.6731 -1.93175 3
      vertex -79.2799 -1.22172 3
      vertex -79.34 -0.612173 3
    endloop
  endfacet
  facet normal 0 0 1
    outer loop
      vertex -84.768 -0.968109 3
      vertex -79.34 -0.612173 3
      vertex -79.36 0 3
    endloop
  endfacet
  facet normal -0 0 1
    outer loop
      vertex -83.6732 5.66347 3
      vertex -78.6475 3.58192 3
      vertex -83.2734 6.54568 3
    endloop
  endfacet
  facet normal 0 0 1
    outer loop
      vertex -76.1715 -7.03722 3
      vertex -79.7582 -11.1269 3
      vertex -79.0095 -11.7413 3
    endloop
  endfacet
  facet normal 0 0 1
    outer loop
      vertex -78.6475 3.58192 3
      vertex -83.6732 5.66347 3
      vertex -78.8633 3.00867 3
    endloop
  endfacet
  facet normal 0 0 1
    outer loop
      vertex -76.6185 -6.61852 3
      vertex -80.465 -10.465 3
      vertex -79.7582 -11.1269 3
    endloop
  endfacet
  facet normal -0 0 1
    outer loop
      vertex -84.0142 4.75735 3
      vertex -78.8633 3.00867 3
      vertex -83.6732 5.66347 3
    endloop
  endfacet
  facet normal 0 0 1
    outer loop
      vertex -77.0372 -6.17148 3
      vertex -81.1269 -9.75821 3
      vertex -80.465 -10.465 3
    endloop
  endfacet
  facet normal 0 0 1
    outer loop
      vertex -78.8633 3.00867 3
      vertex -84.0142 4.75735 3
      vertex -79.0411 2.42255 3
    endloop
  endfacet
  facet normal 0 0 1
    outer loop
      vertex -77.4258 -5.69801 3
      vertex -81.7413 -9.00948 3
      vertex -81.1269 -9.75821 3
    endloop
  endfacet
  facet normal -0 0 1
    outer loop
      vertex -84.2954 3.83026 3
      vertex -79.0411 2.42255 3
      vertex -84.0142 4.75735 3
    endloop
  endfacet
  facet normal 0 0 1
    outer loop
      vertex -77.7826 -5.20014 3
      vertex -82.3056 -8.22211 3
      vertex -81.7413 -9.00948 3
    endloop
  endfacet
  facet normal 0 0 1
    outer loop
      vertex -79.0411 2.42255 3
      vertex -84.2954 3.83026 3
      vertex -79.1802 1.82605 3
    endloop
  endfacet
  facet normal 0 0 1
    outer loop
      vertex -78.106 -4.68 3
      vertex -82.8168 -7.39996 3
      vertex -82.3056 -8.22211 3
    endloop
  endfacet
  facet normal -0 0 1
    outer loop
      vertex -84.5153 2.88728 3
      vertex -79.1802 1.82605 3
      vertex -84.2954 3.83026 3
    endloop
  endfacet
  facet normal 0 0 1
    outer loop
      vertex -78.3947 -4.13982 3
      vertex -83.2734 -6.54568 3
      vertex -82.8168 -7.39996 3
    endloop
  endfacet
  facet normal 0 0 1
    outer loop
      vertex -79.1802 1.82605 3
      vertex -84.5153 2.88728 3
      vertex -79.2799 1.22172 3
    endloop
  endfacet
  facet normal 0 0 1
    outer loop
      vertex -78.6475 -3.58192 3
      vertex -83.6732 -5.66347 3
      vertex -83.2734 -6.54568 3
    endloop
  endfacet
  facet normal -0 0 1
    outer loop
      vertex -84.6731 1.93175 3
      vertex -79.2799 1.22172 3
      vertex -84.5153 2.88728 3
    endloop
  endfacet
  facet normal 0 0 1
    outer loop
      vertex -78.8633 -3.00867 3
      vertex -84.0142 -4.75735 3
      vertex -83.6732 -5.66347 3
    endloop
  endfacet
  facet normal 0 0 1
    outer loop
      vertex -79.2799 1.22172 3
      vertex -84.6731 1.93175 3
      vertex -79.34 0.612173 3
    endloop
  endfacet
  facet normal 0 0 1
    outer loop
      vertex -79.0411 -2.42255 3
      vertex -84.2954 -3.83026 3
      vertex -84.0142 -4.75735 3
    endloop
  endfacet
  facet normal -0 0 1
    outer loop
      vertex -84.768 0.968109 3
      vertex -79.34 0.612173 3
      vertex -84.6731 1.93175 3
    endloop
  endfacet
  facet normal 0 0 1
    outer loop
      vertex -79.1802 -1.82605 3
      vertex -84.5153 -2.88728 3
      vertex -84.2954 -3.83026 3
    endloop
  endfacet
  facet normal 0 0 1
    outer loop
      vertex -79.34 0.612173 3
      vertex -84.768 0.968109 3
      vertex -79.36 0 3
    endloop
  endfacet
  facet normal 0 0 1
    outer loop
      vertex -79.2799 -1.22172 3
      vertex -84.6731 -1.93175 3
      vertex -84.5153 -2.88728 3
    endloop
  endfacet
  facet normal 0 0 1
    outer loop
      vertex -84.7997 0 3
      vertex -79.36 0 3
      vertex -84.768 0.968109 3
    endloop
  endfacet
  facet normal 0 0 1
    outer loop
      vertex -79.34 -0.612173 3
      vertex -84.768 -0.968109 3
      vertex -84.6731 -1.93175 3
    endloop
  endfacet
  facet normal 0 0 1
    outer loop
      vertex -79.36 0 3
      vertex -84.7997 0 3
      vertex -84.768 -0.968109 3
    endloop
  endfacet
  facet normal -0.986636 0.162937 0
    outer loop
      vertex -84.6731 1.93175 2.8
      vertex -84.5153 2.88728 3
      vertex -84.5153 2.88728 2.8
    endloop
  endfacet
  facet normal -0.986636 0.162937 0
    outer loop
      vertex -84.5153 2.88728 3
      vertex -84.6731 1.93175 2.8
      vertex -84.6731 1.93175 3
    endloop
  endfacet
  facet normal -0.973871 0.227104 0
    outer loop
      vertex -84.5153 2.88728 2.8
      vertex -84.2954 3.83026 3
      vertex -84.2954 3.83026 2.8
    endloop
  endfacet
  facet normal -0.973871 0.227104 0
    outer loop
      vertex -84.2954 3.83026 3
      vertex -84.5153 2.88728 2.8
      vertex -84.5153 2.88728 3
    endloop
  endfacet
  facet normal 0.0980555 -0.995181 0
    outer loop
      vertex -4.38712 -21.3539 2.8
      vertex -2.99364 -21.2166 3
      vertex -4.38712 -21.3539 3
    endloop
  endfacet
  facet normal 0.0980555 -0.995181 0
    outer loop
      vertex -2.99364 -21.2166 3
      vertex -4.38712 -21.3539 2.8
      vertex -2.99364 -21.2166 2.8
    endloop
  endfacet
  facet normal 0.849171 -0.528118 0
    outer loop
      vertex 12.5054 -12.2225 2.4
      vertex 13.2657 -11 0.599999
      vertex 13.2657 -11 2.4
    endloop
  endfacet
  facet normal 0.849171 -0.528118 0
    outer loop
      vertex 13.2657 -11 0.599999
      vertex 12.5054 -12.2225 2.4
      vertex 12.5054 -12.2225 0.599999
    endloop
  endfacet
  facet normal -0.999464 0.0327462 0
    outer loop
      vertex -85.4 0 0.599999
      vertex -85.367 1.00721 2.4
      vertex -85.367 1.00721 0.599999
    endloop
  endfacet
  facet normal -0.999464 0.0327462 0
    outer loop
      vertex -85.367 1.00721 2.4
      vertex -85.4 0 0.599999
      vertex -85.4 0 2.4
    endloop
  endfacet
  facet normal 0.729843 -0.683615 0
    outer loop
      vertex 9.76945 -15.5563 2.4
      vertex 10.7536 -14.5056 0.599999
      vertex 10.7536 -14.5056 2.4
    endloop
  endfacet
  facet normal 0.729843 -0.683615 0
    outer loop
      vertex 10.7536 -14.5056 0.599999
      vertex 9.76945 -15.5563 2.4
      vertex 9.76945 -15.5563 0.599999
    endloop
  endfacet
  facet normal -0.102742 0.994708 0
    outer loop
      vertex -8.65847 21.8118 0.599999
      vertex -72.0101 15.2683 2.4
      vertex -8.65847 21.8118 2.4
    endloop
  endfacet
  facet normal -0.102742 0.994708 0
    outer loop
      vertex -72.0101 15.2683 2.4
      vertex -8.65847 21.8118 0.599999
      vertex -72.0101 15.2683 0.599999
    endloop
  endfacet
  facet normal -0.528089 0.849189 0
    outer loop
      vertex -77.7 13.3368 0.599999
      vertex -78.5558 12.8046 2.4
      vertex -77.7 13.3368 2.4
    endloop
  endfacet
  facet normal -0.528089 0.849189 0
    outer loop
      vertex -78.5558 12.8046 2.4
      vertex -77.7 13.3368 0.599999
      vertex -78.5558 12.8046 0.599999
    endloop
  endfacet
  facet normal -0.0980112 -0.995185 0
    outer loop
      vertex -8.65847 -21.8118 0.599999
      vertex -7.22577 -21.9529 2.4
      vertex -8.65847 -21.8118 2.4
    endloop
  endfacet
  facet normal -0.0980112 -0.995185 -0
    outer loop
      vertex -7.22577 -21.9529 2.4
      vertex -8.65847 -21.8118 0.599999
      vertex -7.22577 -21.9529 0.599999
    endloop
  endfacet
  facet normal 0.68362 -0.729838 0
    outer loop
      vertex 8.71871 -16.5405 0.599999
      vertex 9.76945 -15.5563 2.4
      vertex 8.71871 -16.5405 2.4
    endloop
  endfacet
  facet normal 0.68362 -0.729838 0
    outer loop
      vertex 9.76945 -15.5563 2.4
      vertex 8.71871 -16.5405 0.599999
      vertex 9.76945 -15.5563 0.599999
    endloop
  endfacet
  facet normal 0.290281 0.956941 -0
    outer loop
      vertex 1.28477 20.8325 0.599999
      vertex -0.0928783 21.2504 2.4
      vertex 1.28477 20.8325 2.4
    endloop
  endfacet
  facet normal 0.290281 0.956941 0
    outer loop
      vertex -0.0928783 21.2504 2.4
      vertex 1.28477 20.8325 0.599999
      vertex -0.0928783 21.2504 0.599999
    endloop
  endfacet
  facet normal -0.582505 0.812827 0
    outer loop
      vertex -78.5558 12.8046 0.599999
      vertex -79.3749 12.2176 2.4
      vertex -78.5558 12.8046 2.4
    endloop
  endfacet
  facet normal -0.582505 0.812827 0
    outer loop
      vertex -79.3749 12.2176 2.4
      vertex -78.5558 12.8046 0.599999
      vertex -79.3749 12.2176 0.599999
    endloop
  endfacet
  facet normal -0.973885 -0.227043 0
    outer loop
      vertex -84.8753 -3.98581 0.599999
      vertex -85.1041 -3.00439 2.4
      vertex -85.1041 -3.00439 0.599999
    endloop
  endfacet
  facet normal -0.973885 -0.227043 0
    outer loop
      vertex -85.1041 -3.00439 2.4
      vertex -84.8753 -3.98581 0.599999
      vertex -84.8753 -3.98581 2.4
    endloop
  endfacet
  facet normal -0.412711 -0.910862 0
    outer loop
      vertex -76.8112 -13.8118 0.599999
      vertex -75.8933 -14.2277 2.4
      vertex -76.8112 -13.8118 2.4
    endloop
  endfacet
  facet normal -0.412711 -0.910862 -0
    outer loop
      vertex -75.8933 -14.2277 2.4
      vertex -76.8112 -13.8118 0.599999
      vertex -75.8933 -14.2277 0.599999
    endloop
  endfacet
  facet normal -0.956923 0.290343 0
    outer loop
      vertex -84.8753 3.98581 0.599999
      vertex -84.5827 4.95017 2.4
      vertex -84.5827 4.95017 0.599999
    endloop
  endfacet
  facet normal -0.956923 0.290343 0
    outer loop
      vertex -84.5827 4.95017 2.4
      vertex -84.8753 3.98581 0.599999
      vertex -84.8753 3.98581 2.4
    endloop
  endfacet
  facet normal 0.41268 0.910876 -0
    outer loop
      vertex 3.94345 19.7312 0.599999
      vertex 2.63214 20.3253 2.4
      vertex 3.94345 19.7312 2.4
    endloop
  endfacet
  facet normal 0.41268 0.910876 0
    outer loop
      vertex 2.63214 20.3253 2.4
      vertex 3.94345 19.7312 0.599999
      vertex 2.63214 20.3253 0.599999
    endloop
  endfacet
  facet normal 0.68362 0.729838 -0
    outer loop
      vertex 9.76945 15.5563 0.599999
      vertex 8.71871 16.5405 2.4
      vertex 9.76945 15.5563 2.4
    endloop
  endfacet
  facet normal 0.68362 0.729838 0
    outer loop
      vertex 8.71871 16.5405 2.4
      vertex 9.76945 15.5563 0.599999
      vertex 8.71871 16.5405 0.599999
    endloop
  endfacet
  facet normal 0.910851 0.412735 0
    outer loop
      vertex 14.5385 8.41903 2.4
      vertex 13.9443 9.73035 0.599999
      vertex 13.9443 9.73035 2.4
    endloop
  endfacet
  facet normal 0.910851 0.412735 0
    outer loop
      vertex 13.9443 9.73035 0.599999
      vertex 14.5385 8.41903 2.4
      vertex 14.5385 8.41903 0.599999
    endloop
  endfacet
  facet normal -0.634388 0.773015 0
    outer loop
      vertex -79.3749 12.2176 0.599999
      vertex -80.1539 11.5783 2.4
      vertex -79.3749 12.2176 2.4
    endloop
  endfacet
  facet normal -0.634388 0.773015 0
    outer loop
      vertex -80.1539 11.5783 2.4
      vertex -79.3749 12.2176 0.599999
      vertex -80.1539 11.5783 0.599999
    endloop
  endfacet
  facet normal -0.0980112 0.995185 0
    outer loop
      vertex -7.22577 21.9529 0.599999
      vertex -8.65847 21.8118 2.4
      vertex -7.22577 21.9529 2.4
    endloop
  endfacet
  facet normal -0.0980112 0.995185 0
    outer loop
      vertex -8.65847 21.8118 2.4
      vertex -7.22577 21.9529 0.599999
      vertex -8.65847 21.8118 0.599999
    endloop
  endfacet
  facet normal 0.0327165 0.999465 -0
    outer loop
      vertex -4.34803 21.9529 0.599999
      vertex -5.7869 22 2.4
      vertex -4.34803 21.9529 2.4
    endloop
  endfacet
  facet normal 0.0327165 0.999465 0
    outer loop
      vertex -5.7869 22 2.4
      vertex -4.34803 21.9529 0.599999
      vertex -5.7869 22 0.599999
    endloop
  endfacet
  facet normal -0.72985 0.683608 0
    outer loop
      vertex -81.5783 10.1539 0.599999
      vertex -80.8894 10.8894 2.4
      vertex -80.8894 10.8894 0.599999
    endloop
  endfacet
  facet normal -0.72985 0.683608 0
    outer loop
      vertex -80.8894 10.8894 2.4
      vertex -81.5783 10.1539 0.599999
      vertex -81.5783 10.1539 2.4
    endloop
  endfacet
  facet normal 0.0327165 -0.999465 0
    outer loop
      vertex -5.7869 -22 0.599999
      vertex -4.34803 -21.9529 2.4
      vertex -5.7869 -22 2.4
    endloop
  endfacet
  facet normal 0.0327165 -0.999465 0
    outer loop
      vertex -4.34803 -21.9529 2.4
      vertex -5.7869 -22 0.599999
      vertex -4.34803 -21.9529 0.599999
    endloop
  endfacet
  facet normal 0.582453 0.812864 -0
    outer loop
      vertex 7.60585 17.4538 0.599999
      vertex 6.43565 18.2923 2.4
      vertex 7.60585 17.4538 2.4
    endloop
  endfacet
  facet normal 0.582453 0.812864 0
    outer loop
      vertex 6.43565 18.2923 2.4
      vertex 7.60585 17.4538 0.599999
      vertex 6.43565 18.2923 0.599999
    endloop
  endfacet
  facet normal 0.956941 -0.290281 0
    outer loop
      vertex 15.0456 -7.07167 2.4
      vertex 15.4635 -5.69402 0.599999
      vertex 15.4635 -5.69402 2.4
    endloop
  endfacet
  facet normal 0.956941 -0.290281 0
    outer loop
      vertex 15.4635 -5.69402 0.599999
      vertex 15.0456 -7.07167 2.4
      vertex 15.0456 -7.07167 0.599999
    endloop
  endfacet
  facet normal -0.290332 -0.956926 0
    outer loop
      vertex -74.9502 -14.5827 0.599999
      vertex -73.9858 -14.8753 2.4
      vertex -74.9502 -14.5827 2.4
    endloop
  endfacet
  facet normal -0.290332 -0.956926 -0
    outer loop
      vertex -73.9858 -14.8753 2.4
      vertex -74.9502 -14.5827 0.599999
      vertex -73.9858 -14.8753 0.599999
    endloop
  endfacet
  facet normal 0.881933 -0.471374 0
    outer loop
      vertex 13.2657 -11 2.4
      vertex 13.9443 -9.73035 0.599999
      vertex 13.9443 -9.73035 2.4
    endloop
  endfacet
  facet normal 0.881933 -0.471374 0
    outer loop
      vertex 13.9443 -9.73035 0.599999
      vertex 13.2657 -11 2.4
      vertex 13.2657 -11 0.599999
    endloop
  endfacet
  facet normal -0.0327165 0.999465 0
    outer loop
      vertex -5.7869 22 0.599999
      vertex -7.22577 21.9529 2.4
      vertex -5.7869 22 2.4
    endloop
  endfacet
  facet normal -0.0327165 0.999465 0
    outer loop
      vertex -7.22577 21.9529 2.4
      vertex -5.7869 22 0.599999
      vertex -7.22577 21.9529 0.599999
    endloop
  endfacet
  facet normal 0.162888 0.986645 -0
    outer loop
      vertex -1.49491 21.5773 0.599999
      vertex -2.91532 21.8118 2.4
      vertex -1.49491 21.5773 2.4
    endloop
  endfacet
  facet normal 0.162888 0.986645 0
    outer loop
      vertex -2.91532 21.8118 2.4
      vertex -1.49491 21.5773 0.599999
      vertex -2.91532 21.8118 0.599999
    endloop
  endfacet
  facet normal 0.227071 -0.973878 0
    outer loop
      vertex -1.49491 -21.5773 0.599999
      vertex -0.0928783 -21.2504 2.4
      vertex -1.49491 -21.5773 2.4
    endloop
  endfacet
  facet normal 0.227071 -0.973878 0
    outer loop
      vertex -0.0928783 -21.2504 2.4
      vertex -1.49491 -21.5773 0.599999
      vertex -0.0928783 -21.2504 0.599999
    endloop
  endfacet
  facet normal 0.910851 -0.412735 0
    outer loop
      vertex 13.9443 -9.73035 2.4
      vertex 14.5385 -8.41903 0.599999
      vertex 14.5385 -8.41903 2.4
    endloop
  endfacet
  facet normal 0.910851 -0.412735 0
    outer loop
      vertex 14.5385 -8.41903 0.599999
      vertex 13.9443 -9.73035 2.4
      vertex 13.9443 -9.73035 0.599999
    endloop
  endfacet
  facet normal -0.72985 -0.683608 0
    outer loop
      vertex -80.8894 -10.8894 0.599999
      vertex -81.5783 -10.1539 2.4
      vertex -81.5783 -10.1539 0.599999
    endloop
  endfacet
  facet normal -0.72985 -0.683608 0
    outer loop
      vertex -81.5783 -10.1539 2.4
      vertex -80.8894 -10.8894 0.599999
      vertex -80.8894 -10.8894 2.4
    endloop
  endfacet
  facet normal -0.881943 -0.471357 0
    outer loop
      vertex -83.3368 -7.7 0.599999
      vertex -83.8118 -6.81124 2.4
      vertex -83.8118 -6.81124 0.599999
    endloop
  endfacet
  facet normal -0.881943 -0.471357 0
    outer loop
      vertex -83.8118 -6.81124 2.4
      vertex -83.3368 -7.7 0.599999
      vertex -83.3368 -7.7 2.4
    endloop
  endfacet
  facet normal -0.102742 -0.994708 0
    outer loop
      vertex -72.0101 -15.2683 0.599999
      vertex -8.65847 -21.8118 2.4
      vertex -72.0101 -15.2683 2.4
    endloop
  endfacet
  facet normal -0.102742 -0.994708 -0
    outer loop
      vertex -8.65847 -21.8118 2.4
      vertex -72.0101 -15.2683 0.599999
      vertex -8.65847 -21.8118 0.599999
    endloop
  endfacet
  facet normal -0.227048 0.973884 0
    outer loop
      vertex -73.0044 15.1041 0.599999
      vertex -73.9858 14.8753 2.4
      vertex -73.0044 15.1041 2.4
    endloop
  endfacet
  facet normal -0.227048 0.973884 0
    outer loop
      vertex -73.9858 14.8753 2.4
      vertex -73.0044 15.1041 0.599999
      vertex -73.9858 14.8753 0.599999
    endloop
  endfacet
  facet normal -0.849184 -0.528098 0
    outer loop
      vertex -82.8046 -8.55578 0.599999
      vertex -83.3368 -7.7 2.4
      vertex -83.3368 -7.7 0.599999
    endloop
  endfacet
  facet normal -0.849184 -0.528098 0
    outer loop
      vertex -83.3368 -7.7 2.4
      vertex -82.8046 -8.55578 0.599999
      vertex -82.8046 -8.55578 2.4
    endloop
  endfacet
  facet normal 0.162888 -0.986645 0
    outer loop
      vertex -2.91532 -21.8118 0.599999
      vertex -1.49491 -21.5773 2.4
      vertex -2.91532 -21.8118 2.4
    endloop
  endfacet
  facet normal 0.162888 -0.986645 0
    outer loop
      vertex -1.49491 -21.5773 2.4
      vertex -2.91532 -21.8118 0.599999
      vertex -1.49491 -21.5773 0.599999
    endloop
  endfacet
  facet normal 0.973878 0.227071 0
    outer loop
      vertex 15.7904 4.29199 2.4
      vertex 15.4635 5.69402 0.599999
      vertex 15.4635 5.69402 2.4
    endloop
  endfacet
  facet normal 0.973878 0.227071 0
    outer loop
      vertex 15.4635 5.69402 0.599999
      vertex 15.7904 4.29199 2.4
      vertex 15.7904 4.29199 0.599999
    endloop
  endfacet
  facet normal 0.849171 0.528118 0
    outer loop
      vertex 13.2657 11 2.4
      vertex 12.5054 12.2225 0.599999
      vertex 12.5054 12.2225 2.4
    endloop
  endfacet
  facet normal 0.849171 0.528118 0
    outer loop
      vertex 12.5054 12.2225 0.599999
      vertex 13.2657 11 2.4
      vertex 13.2657 11 0.599999
    endloop
  endfacet
  facet normal 0.999465 0.0327165 0
    outer loop
      vertex 16.2131 0 2.4
      vertex 16.166 1.43887 0.599999
      vertex 16.166 1.43887 2.4
    endloop
  endfacet
  facet normal 0.999465 0.0327165 0
    outer loop
      vertex 16.166 1.43887 0.599999
      vertex 16.2131 0 2.4
      vertex 16.2131 0 0.599999
    endloop
  endfacet
  facet normal -0.162935 -0.986637 0
    outer loop
      vertex -73.0044 -15.1041 0.599999
      vertex -72.0101 -15.2683 2.4
      vertex -73.0044 -15.1041 2.4
    endloop
  endfacet
  facet normal -0.162935 -0.986637 -0
    outer loop
      vertex -72.0101 -15.2683 2.4
      vertex -73.0044 -15.1041 0.599999
      vertex -72.0101 -15.2683 0.599999
    endloop
  endfacet
  facet normal -0.935898 -0.35227 0
    outer loop
      vertex -84.2277 -5.89332 0.599999
      vertex -84.5827 -4.95017 2.4
      vertex -84.5827 -4.95017 0.599999
    endloop
  endfacet
  facet normal -0.935898 -0.35227 0
    outer loop
      vertex -84.5827 -4.95017 2.4
      vertex -84.2277 -5.89332 0.599999
      vertex -84.2277 -5.89332 2.4
    endloop
  endfacet
  facet normal 0.881933 0.471374 0
    outer loop
      vertex 13.9443 9.73035 2.4
      vertex 13.2657 11 0.599999
      vertex 13.2657 11 2.4
    endloop
  endfacet
  facet normal 0.881933 0.471374 0
    outer loop
      vertex 13.2657 11 0.599999
      vertex 13.9443 9.73035 2.4
      vertex 13.9443 9.73035 0.599999
    endloop
  endfacet
  facet normal 0.582453 -0.812864 0
    outer loop
      vertex 6.43565 -18.2923 0.599999
      vertex 7.60585 -17.4538 2.4
      vertex 6.43565 -18.2923 2.4
    endloop
  endfacet
  facet normal 0.582453 -0.812864 0
    outer loop
      vertex 7.60585 -17.4538 2.4
      vertex 6.43565 -18.2923 0.599999
      vertex 7.60585 -17.4538 0.599999
    endloop
  endfacet
  facet normal 0.352302 0.935886 -0
    outer loop
      vertex 2.63214 20.3253 0.599999
      vertex 1.28477 20.8325 2.4
      vertex 2.63214 20.3253 2.4
    endloop
  endfacet
  facet normal 0.352302 0.935886 0
    outer loop
      vertex 1.28477 20.8325 2.4
      vertex 2.63214 20.3253 0.599999
      vertex 1.28477 20.8325 0.599999
    endloop
  endfacet
  facet normal -0.162935 0.986637 0
    outer loop
      vertex -72.0101 15.2683 0.599999
      vertex -73.0044 15.1041 2.4
      vertex -72.0101 15.2683 2.4
    endloop
  endfacet
  facet normal -0.162935 0.986637 0
    outer loop
      vertex -73.0044 15.1041 2.4
      vertex -72.0101 15.2683 0.599999
      vertex -73.0044 15.1041 0.599999
    endloop
  endfacet
  facet normal -0.47134 -0.881952 0
    outer loop
      vertex -77.7 -13.3368 0.599999
      vertex -76.8112 -13.8118 2.4
      vertex -77.7 -13.3368 2.4
    endloop
  endfacet
  facet normal -0.47134 -0.881952 -0
    outer loop
      vertex -76.8112 -13.8118 2.4
      vertex -77.7 -13.3368 0.599999
      vertex -76.8112 -13.8118 0.599999
    endloop
  endfacet
  facet normal -0.412711 0.910862 0
    outer loop
      vertex -75.8933 14.2277 0.599999
      vertex -76.8112 13.8118 2.4
      vertex -75.8933 14.2277 2.4
    endloop
  endfacet
  facet normal -0.412711 0.910862 0
    outer loop
      vertex -76.8112 13.8118 2.4
      vertex -75.8933 14.2277 0.599999
      vertex -76.8112 13.8118 0.599999
    endloop
  endfacet
  facet normal 0.772994 -0.634413 0
    outer loop
      vertex 10.7536 -14.5056 2.4
      vertex 11.6669 -13.3928 0.599999
      vertex 11.6669 -13.3928 2.4
    endloop
  endfacet
  facet normal 0.772994 -0.634413 0
    outer loop
      vertex 11.6669 -13.3928 0.599999
      vertex 10.7536 -14.5056 2.4
      vertex 10.7536 -14.5056 0.599999
    endloop
  endfacet
  facet normal -0.773003 0.634403 0
    outer loop
      vertex -82.2176 9.37493 0.599999
      vertex -81.5783 10.1539 2.4
      vertex -81.5783 10.1539 0.599999
    endloop
  endfacet
  facet normal -0.773003 0.634403 0
    outer loop
      vertex -81.5783 10.1539 2.4
      vertex -82.2176 9.37493 0.599999
      vertex -82.2176 9.37493 2.4
    endloop
  endfacet
  facet normal 0.935908 0.352244 0
    outer loop
      vertex 15.0456 7.07167 2.4
      vertex 14.5385 8.41903 0.599999
      vertex 14.5385 8.41903 2.4
    endloop
  endfacet
  facet normal 0.935908 0.352244 0
    outer loop
      vertex 14.5385 8.41903 0.599999
      vertex 15.0456 7.07167 2.4
      vertex 15.0456 7.07167 0.599999
    endloop
  endfacet
  facet normal 0.41268 -0.910876 0
    outer loop
      vertex 2.63214 -20.3253 0.599999
      vertex 3.94345 -19.7312 2.4
      vertex 2.63214 -20.3253 2.4
    endloop
  endfacet
  facet normal 0.41268 -0.910876 0
    outer loop
      vertex 3.94345 -19.7312 2.4
      vertex 2.63214 -20.3253 0.599999
      vertex 3.94345 -19.7312 0.599999
    endloop
  endfacet
  facet normal 0.528103 0.849181 -0
    outer loop
      vertex 6.43565 18.2923 0.599999
      vertex 5.2131 19.0526 2.4
      vertex 6.43565 18.2923 2.4
    endloop
  endfacet
  facet normal 0.528103 0.849181 0
    outer loop
      vertex 5.2131 19.0526 2.4
      vertex 6.43565 18.2923 0.599999
      vertex 5.2131 19.0526 0.599999
    endloop
  endfacet
  facet normal 0.812888 -0.58242 0
    outer loop
      vertex 11.6669 -13.3928 2.4
      vertex 12.5054 -12.2225 0.599999
      vertex 12.5054 -12.2225 2.4
    endloop
  endfacet
  facet normal 0.812888 -0.58242 0
    outer loop
      vertex 12.5054 -12.2225 0.599999
      vertex 11.6669 -13.3928 2.4
      vertex 11.6669 -13.3928 0.599999
    endloop
  endfacet
  facet normal -0.910865 -0.412704 0
    outer loop
      vertex -83.8118 -6.81124 0.599999
      vertex -84.2277 -5.89332 2.4
      vertex -84.2277 -5.89332 0.599999
    endloop
  endfacet
  facet normal -0.910865 -0.412704 0
    outer loop
      vertex -84.2277 -5.89332 2.4
      vertex -83.8118 -6.81124 0.599999
      vertex -83.8118 -6.81124 2.4
    endloop
  endfacet
  facet normal -0.812844 -0.582481 0
    outer loop
      vertex -82.2176 -9.37493 0.599999
      vertex -82.8046 -8.55578 2.4
      vertex -82.8046 -8.55578 0.599999
    endloop
  endfacet
  facet normal -0.812844 -0.582481 0
    outer loop
      vertex -82.8046 -8.55578 2.4
      vertex -82.2176 -9.37493 0.599999
      vertex -82.2176 -9.37493 2.4
    endloop
  endfacet
  facet normal 0.227071 0.973878 -0
    outer loop
      vertex -0.0928783 21.2504 0.599999
      vertex -1.49491 21.5773 2.4
      vertex -0.0928783 21.2504 2.4
    endloop
  endfacet
  facet normal 0.227071 0.973878 0
    outer loop
      vertex -1.49491 21.5773 2.4
      vertex -0.0928783 21.2504 0.599999
      vertex -1.49491 21.5773 0.599999
    endloop
  endfacet
  facet normal -0.352287 0.935892 0
    outer loop
      vertex -74.9502 14.5827 0.599999
      vertex -75.8933 14.2277 2.4
      vertex -74.9502 14.5827 2.4
    endloop
  endfacet
  facet normal -0.352287 0.935892 0
    outer loop
      vertex -75.8933 14.2277 2.4
      vertex -74.9502 14.5827 0.599999
      vertex -75.8933 14.2277 0.599999
    endloop
  endfacet
  facet normal -0.290332 0.956926 0
    outer loop
      vertex -73.9858 14.8753 0.599999
      vertex -74.9502 14.5827 2.4
      vertex -73.9858 14.8753 2.4
    endloop
  endfacet
  facet normal -0.290332 0.956926 0
    outer loop
      vertex -74.9502 14.5827 2.4
      vertex -73.9858 14.8753 0.599999
      vertex -74.9502 14.5827 0.599999
    endloop
  endfacet
  facet normal -0.956923 -0.290343 0
    outer loop
      vertex -84.5827 -4.95017 0.599999
      vertex -84.8753 -3.98581 2.4
      vertex -84.8753 -3.98581 0.599999
    endloop
  endfacet
  facet normal -0.956923 -0.290343 0
    outer loop
      vertex -84.8753 -3.98581 2.4
      vertex -84.5827 -4.95017 0.599999
      vertex -84.5827 -4.95017 2.4
    endloop
  endfacet
  facet normal -0.999464 -0.0327462 0
    outer loop
      vertex -85.367 -1.00721 0.599999
      vertex -85.4 0 2.4
      vertex -85.4 0 0.599999
    endloop
  endfacet
  facet normal -0.999464 -0.0327462 0
    outer loop
      vertex -85.4 0 2.4
      vertex -85.367 -1.00721 0.599999
      vertex -85.367 -1.00721 2.4
    endloop
  endfacet
  facet normal 0.634393 -0.773011 0
    outer loop
      vertex 7.60585 -17.4538 0.599999
      vertex 8.71871 -16.5405 2.4
      vertex 7.60585 -17.4538 2.4
    endloop
  endfacet
  facet normal 0.634393 -0.773011 0
    outer loop
      vertex 8.71871 -16.5405 2.4
      vertex 7.60585 -17.4538 0.599999
      vertex 8.71871 -16.5405 0.599999
    endloop
  endfacet
  facet normal -0.352287 -0.935892 0
    outer loop
      vertex -75.8933 -14.2277 0.599999
      vertex -74.9502 -14.5827 2.4
      vertex -75.8933 -14.2277 2.4
    endloop
  endfacet
  facet normal -0.352287 -0.935892 -0
    outer loop
      vertex -74.9502 -14.5827 2.4
      vertex -75.8933 -14.2277 0.599999
      vertex -74.9502 -14.5827 0.599999
    endloop
  endfacet
  facet normal 0.634393 0.773011 -0
    outer loop
      vertex 8.71871 16.5405 0.599999
      vertex 7.60585 17.4538 2.4
      vertex 8.71871 16.5405 2.4
    endloop
  endfacet
  facet normal 0.634393 0.773011 0
    outer loop
      vertex 7.60585 17.4538 2.4
      vertex 8.71871 16.5405 0.599999
      vertex 7.60585 17.4538 0.599999
    endloop
  endfacet
  facet normal -0.935898 0.35227 0
    outer loop
      vertex -84.5827 4.95017 0.599999
      vertex -84.2277 5.89332 2.4
      vertex -84.2277 5.89332 0.599999
    endloop
  endfacet
  facet normal -0.935898 0.35227 0
    outer loop
      vertex -84.2277 5.89332 2.4
      vertex -84.5827 4.95017 0.599999
      vertex -84.5827 4.95017 2.4
    endloop
  endfacet
  facet normal 0.999465 -0.0327165 0
    outer loop
      vertex 16.166 -1.43887 2.4
      vertex 16.2131 0 0.599999
      vertex 16.2131 0 2.4
    endloop
  endfacet
  facet normal 0.999465 -0.0327165 0
    outer loop
      vertex 16.2131 0 0.599999
      vertex 16.166 -1.43887 2.4
      vertex 16.166 -1.43887 0.599999
    endloop
  endfacet
  facet normal 0.956941 0.290281 0
    outer loop
      vertex 15.4635 5.69402 2.4
      vertex 15.0456 7.07167 0.599999
      vertex 15.0456 7.07167 2.4
    endloop
  endfacet
  facet normal 0.956941 0.290281 0
    outer loop
      vertex 15.0456 7.07167 0.599999
      vertex 15.4635 5.69402 2.4
      vertex 15.4635 5.69402 0.599999
    endloop
  endfacet
  facet normal -0.582505 -0.812827 0
    outer loop
      vertex -79.3749 -12.2176 0.599999
      vertex -78.5558 -12.8046 2.4
      vertex -79.3749 -12.2176 2.4
    endloop
  endfacet
  facet normal -0.582505 -0.812827 -0
    outer loop
      vertex -78.5558 -12.8046 2.4
      vertex -79.3749 -12.2176 0.599999
      vertex -78.5558 -12.8046 0.599999
    endloop
  endfacet
  facet normal 0.986645 0.162888 0
    outer loop
      vertex 16.0249 2.87158 2.4
      vertex 15.7904 4.29199 0.599999
      vertex 15.7904 4.29199 2.4
    endloop
  endfacet
  facet normal 0.986645 0.162888 0
    outer loop
      vertex 15.7904 4.29199 0.599999
      vertex 16.0249 2.87158 2.4
      vertex 16.0249 2.87158 0.599999
    endloop
  endfacet
  facet normal -0.0327165 -0.999465 0
    outer loop
      vertex -7.22577 -21.9529 0.599999
      vertex -5.7869 -22 2.4
      vertex -7.22577 -21.9529 2.4
    endloop
  endfacet
  facet normal -0.0327165 -0.999465 -0
    outer loop
      vertex -5.7869 -22 2.4
      vertex -7.22577 -21.9529 0.599999
      vertex -5.7869 -22 0.599999
    endloop
  endfacet
  facet normal 0 0 1
    outer loop
      vertex 16.013 0 2.4
      vertex 16.2131 0 2.4
      vertex 16.166 1.43887 2.4
    endloop
  endfacet
  facet normal 0 0 1
    outer loop
      vertex 15.9663 1.42575 2.4
      vertex 16.166 1.43887 2.4
      vertex 16.0249 2.87158 2.4
    endloop
  endfacet
  facet normal 0 0 1
    outer loop
      vertex 16.2131 0 2.4
      vertex 16.013 0 2.4
      vertex 16.166 -1.43887 2.4
    endloop
  endfacet
  facet normal -0 0 1
    outer loop
      vertex 15.9663 -1.42575 2.4
      vertex 16.166 -1.43887 2.4
      vertex 16.013 0 2.4
    endloop
  endfacet
  facet normal 0 0 1
    outer loop
      vertex 16.166 1.43887 2.4
      vertex 15.9663 1.42575 2.4
      vertex 16.013 0 2.4
    endloop
  endfacet
  facet normal 0 0 1
    outer loop
      vertex 16.0249 2.87158 2.4
      vertex 15.8265 2.84547 2.4
      vertex 15.9663 1.42575 2.4
    endloop
  endfacet
  facet normal 0 0 1
    outer loop
      vertex 15.7904 4.29199 2.4
      vertex 15.8265 2.84547 2.4
      vertex 16.0249 2.87158 2.4
    endloop
  endfacet
  facet normal 0 0 1
    outer loop
      vertex 15.7904 4.29199 2.4
      vertex 15.5941 4.25288 2.4
      vertex 15.8265 2.84547 2.4
    endloop
  endfacet
  facet normal 0 0 1
    outer loop
      vertex 15.4635 5.69402 2.4
      vertex 15.5941 4.25288 2.4
      vertex 15.7904 4.29199 2.4
    endloop
  endfacet
  facet normal 0 0 1
    outer loop
      vertex 15.4635 5.69402 2.4
      vertex 15.2702 5.6422 2.4
      vertex 15.5941 4.25288 2.4
    endloop
  endfacet
  facet normal 0 0 1
    outer loop
      vertex 15.0456 7.07167 2.4
      vertex 15.2702 5.6422 2.4
      vertex 15.4635 5.69402 2.4
    endloop
  endfacet
  facet normal 0 0 1
    outer loop
      vertex 15.0456 7.07167 2.4
      vertex 14.856 7.0074 2.4
      vertex 15.2702 5.6422 2.4
    endloop
  endfacet
  facet normal 0 0 1
    outer loop
      vertex 14.5385 8.41903 2.4
      vertex 14.856 7.0074 2.4
      vertex 15.0456 7.07167 2.4
    endloop
  endfacet
  facet normal 0 0 1
    outer loop
      vertex 14.5385 8.41903 2.4
      vertex 14.3536 8.34244 2.4
      vertex 14.856 7.0074 2.4
    endloop
  endfacet
  facet normal 0 0 1
    outer loop
      vertex 13.9443 9.73035 2.4
      vertex 14.3536 8.34244 2.4
      vertex 14.5385 8.41903 2.4
    endloop
  endfacet
  facet normal 0 0 1
    outer loop
      vertex 13.9443 9.73035 2.4
      vertex 13.7649 9.64171 2.4
      vertex 14.3536 8.34244 2.4
    endloop
  endfacet
  facet normal 0 0 1
    outer loop
      vertex 13.2657 11 2.4
      vertex 13.7649 9.64171 2.4
      vertex 13.9443 9.73035 2.4
    endloop
  endfacet
  facet normal 0 0 1
    outer loop
      vertex 13.2657 11 2.4
      vertex 13.0923 10.8999 2.4
      vertex 13.7649 9.64171 2.4
    endloop
  endfacet
  facet normal 0 0 1
    outer loop
      vertex 12.5054 12.2225 2.4
      vertex 13.0923 10.8999 2.4
      vertex 13.2657 11 2.4
    endloop
  endfacet
  facet normal 0 0 1
    outer loop
      vertex 12.5054 12.2225 2.4
      vertex 12.339 12.1115 2.4
      vertex 13.0923 10.8999 2.4
    endloop
  endfacet
  facet normal 0 0 1
    outer loop
      vertex 11.6669 13.3928 2.4
      vertex 12.339 12.1115 2.4
      vertex 12.5054 12.2225 2.4
    endloop
  endfacet
  facet normal 0 0 1
    outer loop
      vertex 11.6669 13.3928 2.4
      vertex 11.5081 13.271 2.4
      vertex 12.339 12.1115 2.4
    endloop
  endfacet
  facet normal 0 0 1
    outer loop
      vertex 10.7536 14.5056 2.4
      vertex 11.5081 13.271 2.4
      vertex 11.6669 13.3928 2.4
    endloop
  endfacet
  facet normal 0 0 1
    outer loop
      vertex 10.7536 14.5056 2.4
      vertex 10.6031 14.3737 2.4
      vertex 11.5081 13.271 2.4
    endloop
  endfacet
  facet normal 0 0 1
    outer loop
      vertex 9.76945 15.5563 2.4
      vertex 10.6031 14.3737 2.4
      vertex 10.7536 14.5056 2.4
    endloop
  endfacet
  facet normal 0 0 1
    outer loop
      vertex 9.76945 15.5563 2.4
      vertex 9.62794 15.4148 2.4
      vertex 10.6031 14.3737 2.4
    endloop
  endfacet
  facet normal 0 0 1
    outer loop
      vertex 8.71871 16.5405 2.4
      vertex 9.62794 15.4148 2.4
      vertex 9.76945 15.5563 2.4
    endloop
  endfacet
  facet normal 0 0 1
    outer loop
      vertex 8.71871 16.5405 2.4
      vertex 8.58681 16.39 2.4
      vertex 9.62794 15.4148 2.4
    endloop
  endfacet
  facet normal 0 0 1
    outer loop
      vertex 7.60585 17.4538 2.4
      vertex 8.58681 16.39 2.4
      vertex 8.71871 16.5405 2.4
    endloop
  endfacet
  facet normal 0 0 1
    outer loop
      vertex 7.60585 17.4538 2.4
      vertex 7.48407 17.295 2.4
      vertex 8.58681 16.39 2.4
    endloop
  endfacet
  facet normal 0 0 1
    outer loop
      vertex 6.43565 18.2923 2.4
      vertex 7.48407 17.295 2.4
      vertex 7.60585 17.4538 2.4
    endloop
  endfacet
  facet normal 0 0 1
    outer loop
      vertex 6.43565 18.2923 2.4
      vertex 6.32445 18.1259 2.4
      vertex 7.48407 17.295 2.4
    endloop
  endfacet
  facet normal 0 0 1
    outer loop
      vertex 5.2131 19.0526 2.4
      vertex 6.32445 18.1259 2.4
      vertex 6.43565 18.2923 2.4
    endloop
  endfacet
  facet normal 0 0 1
    outer loop
      vertex 5.2131 19.0526 2.4
      vertex 5.11314 18.8792 2.4
      vertex 6.32445 18.1259 2.4
    endloop
  endfacet
  facet normal 0 0 1
    outer loop
      vertex 3.94345 19.7312 2.4
      vertex 5.11314 18.8792 2.4
      vertex 5.2131 19.0526 2.4
    endloop
  endfacet
  facet normal 0 0 1
    outer loop
      vertex 3.94345 19.7312 2.4
      vertex 3.85481 19.5518 2.4
      vertex 5.11314 18.8792 2.4
    endloop
  endfacet
  facet normal 0 0 1
    outer loop
      vertex 2.63214 20.3253 2.4
      vertex 3.85481 19.5518 2.4
      vertex 3.94345 19.7312 2.4
    endloop
  endfacet
  facet normal 0 0 1
    outer loop
      vertex 2.63214 20.3253 2.4
      vertex 2.55554 20.1405 2.4
      vertex 3.85481 19.5518 2.4
    endloop
  endfacet
  facet normal 0 0 1
    outer loop
      vertex 1.28477 20.8325 2.4
      vertex 2.55554 20.1405 2.4
      vertex 2.63214 20.3253 2.4
    endloop
  endfacet
  facet normal 0 0 1
    outer loop
      vertex 1.28477 20.8325 2.4
      vertex 1.2205 20.6429 2.4
      vertex 2.55554 20.1405 2.4
    endloop
  endfacet
  facet normal 0 0 1
    outer loop
      vertex -0.0928783 21.2504 2.4
      vertex 1.2205 20.6429 2.4
      vertex 1.28477 20.8325 2.4
    endloop
  endfacet
  facet normal 0 0 1
    outer loop
      vertex -0.0928783 21.2504 2.4
      vertex -0.144684 21.0571 2.4
      vertex 1.2205 20.6429 2.4
    endloop
  endfacet
  facet normal 0 0 1
    outer loop
      vertex -1.49491 21.5773 2.4
      vertex -0.144684 21.0571 2.4
      vertex -0.0928783 21.2504 2.4
    endloop
  endfacet
  facet normal 0 0 1
    outer loop
      vertex -1.49491 21.5773 2.4
      vertex -1.534 21.381 2.4
      vertex -0.144684 21.0571 2.4
    endloop
  endfacet
  facet normal 0 0 1
    outer loop
      vertex -2.91532 21.8118 2.4
      vertex -1.534 21.381 2.4
      vertex -1.49491 21.5773 2.4
    endloop
  endfacet
  facet normal 0 0 1
    outer loop
      vertex -2.91532 21.8118 2.4
      vertex -2.94141 21.6134 2.4
      vertex -1.534 21.381 2.4
    endloop
  endfacet
  facet normal 0 0 1
    outer loop
      vertex -4.34803 21.9529 2.4
      vertex -2.94141 21.6134 2.4
      vertex -2.91532 21.8118 2.4
    endloop
  endfacet
  facet normal 0 0 1
    outer loop
      vertex -4.34803 21.9529 2.4
      vertex -4.36115 21.7532 2.4
      vertex -2.94141 21.6134 2.4
    endloop
  endfacet
  facet normal 0 0 1
    outer loop
      vertex -4.34803 21.9529 2.4
      vertex -5.7869 21.7999 2.4
      vertex -4.36115 21.7532 2.4
    endloop
  endfacet
  facet normal 0 0 1
    outer loop
      vertex -5.7869 22 2.4
      vertex -5.7869 21.7999 2.4
      vertex -4.34803 21.9529 2.4
    endloop
  endfacet
  facet normal 0 0 1
    outer loop
      vertex -5.7869 22 2.4
      vertex -7.21263 21.7532 2.4
      vertex -5.7869 21.7999 2.4
    endloop
  endfacet
  facet normal -0 0 1
    outer loop
      vertex -7.22577 21.9529 2.4
      vertex -7.21263 21.7532 2.4
      vertex -5.7869 22 2.4
    endloop
  endfacet
  facet normal -0 0 1
    outer loop
      vertex -8.65847 21.8118 2.4
      vertex -7.21263 21.7532 2.4
      vertex -7.22577 21.9529 2.4
    endloop
  endfacet
  facet normal 0 0 1
    outer loop
      vertex -7.21263 21.7532 2.4
      vertex -8.65847 21.8118 2.4
      vertex -8.63791 21.6128 2.4
    endloop
  endfacet
  facet normal 0 0 1
    outer loop
      vertex -8.65847 21.8118 2.4
      vertex -71.9836 15.0699 2.4
      vertex -8.63791 21.6128 2.4
    endloop
  endfacet
  facet normal -0 0 1
    outer loop
      vertex -72.0101 15.2683 2.4
      vertex -71.9836 15.0699 2.4
      vertex -8.65847 21.8118 2.4
    endloop
  endfacet
  facet normal 0 0 1
    outer loop
      vertex -72.0101 15.2683 2.4
      vertex -72.9653 14.9078 2.4
      vertex -71.9836 15.0699 2.4
    endloop
  endfacet
  facet normal -0 0 1
    outer loop
      vertex -73.0044 15.1041 2.4
      vertex -72.9653 14.9078 2.4
      vertex -72.0101 15.2683 2.4
    endloop
  endfacet
  facet normal 0 0 1
    outer loop
      vertex -73.0044 15.1041 2.4
      vertex -73.934 14.682 2.4
      vertex -72.9653 14.9078 2.4
    endloop
  endfacet
  facet normal -0 0 1
    outer loop
      vertex -73.9858 14.8753 2.4
      vertex -73.934 14.682 2.4
      vertex -73.0044 15.1041 2.4
    endloop
  endfacet
  facet normal 0 0 1
    outer loop
      vertex -73.9858 14.8753 2.4
      vertex -74.8859 14.3932 2.4
      vertex -73.934 14.682 2.4
    endloop
  endfacet
  facet normal -0 0 1
    outer loop
      vertex -74.9502 14.5827 2.4
      vertex -74.8859 14.3932 2.4
      vertex -73.9858 14.8753 2.4
    endloop
  endfacet
  facet normal 0 0 1
    outer loop
      vertex -74.9502 14.5827 2.4
      vertex -75.8167 14.0429 2.4
      vertex -74.8859 14.3932 2.4
    endloop
  endfacet
  facet normal -0 0 1
    outer loop
      vertex -75.8933 14.2277 2.4
      vertex -75.8167 14.0429 2.4
      vertex -74.9502 14.5827 2.4
    endloop
  endfacet
  facet normal 0 0 1
    outer loop
      vertex -75.8933 14.2277 2.4
      vertex -76.7226 13.6324 2.4
      vertex -75.8167 14.0429 2.4
    endloop
  endfacet
  facet normal -0 0 1
    outer loop
      vertex -76.8112 13.8118 2.4
      vertex -76.7226 13.6324 2.4
      vertex -75.8933 14.2277 2.4
    endloop
  endfacet
  facet normal 0 0 1
    outer loop
      vertex -76.8112 13.8118 2.4
      vertex -77.6001 13.1634 2.4
      vertex -76.7226 13.6324 2.4
    endloop
  endfacet
  facet normal -0 0 1
    outer loop
      vertex -77.7 13.3368 2.4
      vertex -77.6001 13.1634 2.4
      vertex -76.8112 13.8118 2.4
    endloop
  endfacet
  facet normal 0 0 1
    outer loop
      vertex -77.7 13.3368 2.4
      vertex -78.4446 12.6382 2.4
      vertex -77.6001 13.1634 2.4
    endloop
  endfacet
  facet normal -0 0 1
    outer loop
      vertex -78.5558 12.8046 2.4
      vertex -78.4446 12.6382 2.4
      vertex -77.7 13.3368 2.4
    endloop
  endfacet
  facet normal 0 0 1
    outer loop
      vertex -78.5558 12.8046 2.4
      vertex -79.2531 12.0589 2.4
      vertex -78.4446 12.6382 2.4
    endloop
  endfacet
  facet normal -0 0 1
    outer loop
      vertex -79.3749 12.2176 2.4
      vertex -79.2531 12.0589 2.4
      vertex -78.5558 12.8046 2.4
    endloop
  endfacet
  facet normal 0 0 1
    outer loop
      vertex -79.3749 12.2176 2.4
      vertex -80.022 11.4278 2.4
      vertex -79.2531 12.0589 2.4
    endloop
  endfacet
  facet normal -0 0 1
    outer loop
      vertex -80.1539 11.5783 2.4
      vertex -80.022 11.4278 2.4
      vertex -79.3749 12.2176 2.4
    endloop
  endfacet
  facet normal 0 0 1
    outer loop
      vertex -80.1539 11.5783 2.4
      vertex -80.7479 10.7479 2.4
      vertex -80.022 11.4278 2.4
    endloop
  endfacet
  facet normal -0 0 1
    outer loop
      vertex -80.8894 10.8894 2.4
      vertex -80.7479 10.7479 2.4
      vertex -80.1539 11.5783 2.4
    endloop
  endfacet
  facet normal 0 0 1
    outer loop
      vertex -80.8894 10.8894 2.4
      vertex -81.4278 10.022 2.4
      vertex -80.7479 10.7479 2.4
    endloop
  endfacet
  facet normal -0 0 1
    outer loop
      vertex -81.5783 10.1539 2.4
      vertex -81.4278 10.022 2.4
      vertex -80.8894 10.8894 2.4
    endloop
  endfacet
  facet normal 0 0 1
    outer loop
      vertex -81.5783 10.1539 2.4
      vertex -82.0589 9.25314 2.4
      vertex -81.4278 10.022 2.4
    endloop
  endfacet
  facet normal -0 0 1
    outer loop
      vertex -82.2176 9.37493 2.4
      vertex -82.0589 9.25314 2.4
      vertex -81.5783 10.1539 2.4
    endloop
  endfacet
  facet normal 0 0 1
    outer loop
      vertex -82.2176 9.37493 2.4
      vertex -82.6382 8.44458 2.4
      vertex -82.0589 9.25314 2.4
    endloop
  endfacet
  facet normal -0 0 1
    outer loop
      vertex -82.8046 8.55578 2.4
      vertex -82.6382 8.44458 2.4
      vertex -82.2176 9.37493 2.4
    endloop
  endfacet
  facet normal 0 0 1
    outer loop
      vertex -82.8046 8.55578 2.4
      vertex -83.1634 7.60005 2.4
      vertex -82.6382 8.44458 2.4
    endloop
  endfacet
  facet normal -0 0 1
    outer loop
      vertex -83.3368 7.7 2.4
      vertex -83.1634 7.60005 2.4
      vertex -82.8046 8.55578 2.4
    endloop
  endfacet
  facet normal 0 0 1
    outer loop
      vertex -83.3368 7.7 2.4
      vertex -83.6324 6.7226 2.4
      vertex -83.1634 7.60005 2.4
    endloop
  endfacet
  facet normal -0 0 1
    outer loop
      vertex -83.8118 6.81124 2.4
      vertex -83.6324 6.7226 2.4
      vertex -83.3368 7.7 2.4
    endloop
  endfacet
  facet normal 0 0 1
    outer loop
      vertex -83.8118 6.81124 2.4
      vertex -84.0429 5.81673 2.4
      vertex -83.6324 6.7226 2.4
    endloop
  endfacet
  facet normal -0 0 1
    outer loop
      vertex -84.2277 5.89332 2.4
      vertex -84.0429 5.81673 2.4
      vertex -83.8118 6.81124 2.4
    endloop
  endfacet
  facet normal 0 0 1
    outer loop
      vertex -84.2277 5.89332 2.4
      vertex -84.3932 4.88591 2.4
      vertex -84.0429 5.81673 2.4
    endloop
  endfacet
  facet normal -0 0 1
    outer loop
      vertex -84.5827 4.95017 2.4
      vertex -84.3932 4.88591 2.4
      vertex -84.2277 5.89332 2.4
    endloop
  endfacet
  facet normal 0 0 1
    outer loop
      vertex -84.5827 4.95017 2.4
      vertex -84.682 3.93399 2.4
      vertex -84.3932 4.88591 2.4
    endloop
  endfacet
  facet normal -0 0 1
    outer loop
      vertex -84.8753 3.98581 2.4
      vertex -84.682 3.93399 2.4
      vertex -84.5827 4.95017 2.4
    endloop
  endfacet
  facet normal 0 0 1
    outer loop
      vertex -84.8753 3.98581 2.4
      vertex -84.9078 2.96527 2.4
      vertex -84.682 3.93399 2.4
    endloop
  endfacet
  facet normal -0 0 1
    outer loop
      vertex -85.1041 3.00439 2.4
      vertex -84.9078 2.96527 2.4
      vertex -84.8753 3.98581 2.4
    endloop
  endfacet
  facet normal 0 0 1
    outer loop
      vertex -84.9078 2.96527 2.4
      vertex -85.1041 3.00439 2.4
      vertex -85.0699 1.98401 2.4
    endloop
  endfacet
  facet normal -0 0 1
    outer loop
      vertex -85.2682 2.0101 2.4
      vertex -85.0699 1.98401 2.4
      vertex -85.1041 3.00439 2.4
    endloop
  endfacet
  facet normal 0 0 1
    outer loop
      vertex -85.0699 1.98401 2.4
      vertex -85.2682 2.0101 2.4
      vertex -85.1673 0.994095 2.4
    endloop
  endfacet
  facet normal -0 0 1
    outer loop
      vertex -85.367 1.00721 2.4
      vertex -85.1673 0.994095 2.4
      vertex -85.2682 2.0101 2.4
    endloop
  endfacet
  facet normal 0 0 1
    outer loop
      vertex 16.166 -1.43887 2.4
      vertex 15.9663 -1.42575 2.4
      vertex 16.0249 -2.87158 2.4
    endloop
  endfacet
  facet normal -0 0 1
    outer loop
      vertex 15.8265 -2.84547 2.4
      vertex 16.0249 -2.87158 2.4
      vertex 15.9663 -1.42575 2.4
    endloop
  endfacet
  facet normal 0 0 1
    outer loop
      vertex 15.8265 -2.84547 2.4
      vertex 15.7904 -4.29199 2.4
      vertex 16.0249 -2.87158 2.4
    endloop
  endfacet
  facet normal -0 0 1
    outer loop
      vertex 15.5941 -4.25288 2.4
      vertex 15.7904 -4.29199 2.4
      vertex 15.8265 -2.84547 2.4
    endloop
  endfacet
  facet normal 0 0 1
    outer loop
      vertex 15.5941 -4.25288 2.4
      vertex 15.4635 -5.69402 2.4
      vertex 15.7904 -4.29199 2.4
    endloop
  endfacet
  facet normal -0 0 1
    outer loop
      vertex 15.2702 -5.6422 2.4
      vertex 15.4635 -5.69402 2.4
      vertex 15.5941 -4.25288 2.4
    endloop
  endfacet
  facet normal 0 0 1
    outer loop
      vertex 15.2702 -5.6422 2.4
      vertex 15.0456 -7.07167 2.4
      vertex 15.4635 -5.69402 2.4
    endloop
  endfacet
  facet normal -0 0 1
    outer loop
      vertex 14.856 -7.0074 2.4
      vertex 15.0456 -7.07167 2.4
      vertex 15.2702 -5.6422 2.4
    endloop
  endfacet
  facet normal 0 0 1
    outer loop
      vertex 14.856 -7.0074 2.4
      vertex 14.5385 -8.41903 2.4
      vertex 15.0456 -7.07167 2.4
    endloop
  endfacet
  facet normal -0 0 1
    outer loop
      vertex 14.3536 -8.34244 2.4
      vertex 14.5385 -8.41903 2.4
      vertex 14.856 -7.0074 2.4
    endloop
  endfacet
  facet normal 0 0 1
    outer loop
      vertex 14.3536 -8.34244 2.4
      vertex 13.9443 -9.73035 2.4
      vertex 14.5385 -8.41903 2.4
    endloop
  endfacet
  facet normal -0 0 1
    outer loop
      vertex 13.7649 -9.64171 2.4
      vertex 13.9443 -9.73035 2.4
      vertex 14.3536 -8.34244 2.4
    endloop
  endfacet
  facet normal 0 0 1
    outer loop
      vertex 13.7649 -9.64171 2.4
      vertex 13.2657 -11 2.4
      vertex 13.9443 -9.73035 2.4
    endloop
  endfacet
  facet normal -0 0 1
    outer loop
      vertex 13.0923 -10.8999 2.4
      vertex 13.2657 -11 2.4
      vertex 13.7649 -9.64171 2.4
    endloop
  endfacet
  facet normal 0 0 1
    outer loop
      vertex 13.0923 -10.8999 2.4
      vertex 12.5054 -12.2225 2.4
      vertex 13.2657 -11 2.4
    endloop
  endfacet
  facet normal -0 0 1
    outer loop
      vertex 12.339 -12.1115 2.4
      vertex 12.5054 -12.2225 2.4
      vertex 13.0923 -10.8999 2.4
    endloop
  endfacet
  facet normal 0 0 1
    outer loop
      vertex 12.339 -12.1115 2.4
      vertex 11.6669 -13.3928 2.4
      vertex 12.5054 -12.2225 2.4
    endloop
  endfacet
  facet normal -0 0 1
    outer loop
      vertex 11.5081 -13.271 2.4
      vertex 11.6669 -13.3928 2.4
      vertex 12.339 -12.1115 2.4
    endloop
  endfacet
  facet normal 0 0 1
    outer loop
      vertex 11.5081 -13.271 2.4
      vertex 10.7536 -14.5056 2.4
      vertex 11.6669 -13.3928 2.4
    endloop
  endfacet
  facet normal -0 0 1
    outer loop
      vertex 10.6031 -14.3737 2.4
      vertex 10.7536 -14.5056 2.4
      vertex 11.5081 -13.271 2.4
    endloop
  endfacet
  facet normal 0 0 1
    outer loop
      vertex 10.6031 -14.3737 2.4
      vertex 9.76945 -15.5563 2.4
      vertex 10.7536 -14.5056 2.4
    endloop
  endfacet
  facet normal -0 0 1
    outer loop
      vertex 9.62794 -15.4148 2.4
      vertex 9.76945 -15.5563 2.4
      vertex 10.6031 -14.3737 2.4
    endloop
  endfacet
  facet normal 0 0 1
    outer loop
      vertex 9.62794 -15.4148 2.4
      vertex 8.71871 -16.5405 2.4
      vertex 9.76945 -15.5563 2.4
    endloop
  endfacet
  facet normal -0 0 1
    outer loop
      vertex 8.58681 -16.39 2.4
      vertex 8.71871 -16.5405 2.4
      vertex 9.62794 -15.4148 2.4
    endloop
  endfacet
  facet normal 0 0 1
    outer loop
      vertex 8.58681 -16.39 2.4
      vertex 7.60585 -17.4538 2.4
      vertex 8.71871 -16.5405 2.4
    endloop
  endfacet
  facet normal -0 0 1
    outer loop
      vertex 7.48407 -17.295 2.4
      vertex 7.60585 -17.4538 2.4
      vertex 8.58681 -16.39 2.4
    endloop
  endfacet
  facet normal 0 0 1
    outer loop
      vertex 7.48407 -17.295 2.4
      vertex 6.43565 -18.2923 2.4
      vertex 7.60585 -17.4538 2.4
    endloop
  endfacet
  facet normal -0 0 1
    outer loop
      vertex 6.32445 -18.1259 2.4
      vertex 6.43565 -18.2923 2.4
      vertex 7.48407 -17.295 2.4
    endloop
  endfacet
  facet normal 0 0 1
    outer loop
      vertex 6.32445 -18.1259 2.4
      vertex 5.2131 -19.0526 2.4
      vertex 6.43565 -18.2923 2.4
    endloop
  endfacet
  facet normal -0 0 1
    outer loop
      vertex 5.11314 -18.8792 2.4
      vertex 5.2131 -19.0526 2.4
      vertex 6.32445 -18.1259 2.4
    endloop
  endfacet
  facet normal 0 0 1
    outer loop
      vertex 5.11314 -18.8792 2.4
      vertex 3.94345 -19.7312 2.4
      vertex 5.2131 -19.0526 2.4
    endloop
  endfacet
  facet normal -0 0 1
    outer loop
      vertex 3.85481 -19.5518 2.4
      vertex 3.94345 -19.7312 2.4
      vertex 5.11314 -18.8792 2.4
    endloop
  endfacet
  facet normal 0 0 1
    outer loop
      vertex 3.85481 -19.5518 2.4
      vertex 2.63214 -20.3253 2.4
      vertex 3.94345 -19.7312 2.4
    endloop
  endfacet
  facet normal -0 0 1
    outer loop
      vertex 2.55554 -20.1405 2.4
      vertex 2.63214 -20.3253 2.4
      vertex 3.85481 -19.5518 2.4
    endloop
  endfacet
  facet normal 0 0 1
    outer loop
      vertex 2.55554 -20.1405 2.4
      vertex 1.28477 -20.8325 2.4
      vertex 2.63214 -20.3253 2.4
    endloop
  endfacet
  facet normal -0 0 1
    outer loop
      vertex 1.2205 -20.6429 2.4
      vertex 1.28477 -20.8325 2.4
      vertex 2.55554 -20.1405 2.4
    endloop
  endfacet
  facet normal 0 0 1
    outer loop
      vertex 1.2205 -20.6429 2.4
      vertex -0.0928783 -21.2504 2.4
      vertex 1.28477 -20.8325 2.4
    endloop
  endfacet
  facet normal -0 0 1
    outer loop
      vertex -0.144684 -21.0571 2.4
      vertex -0.0928783 -21.2504 2.4
      vertex 1.2205 -20.6429 2.4
    endloop
  endfacet
  facet normal 0 0 1
    outer loop
      vertex -0.144684 -21.0571 2.4
      vertex -1.49491 -21.5773 2.4
      vertex -0.0928783 -21.2504 2.4
    endloop
  endfacet
  facet normal -0 0 1
    outer loop
      vertex -1.534 -21.381 2.4
      vertex -1.49491 -21.5773 2.4
      vertex -0.144684 -21.0571 2.4
    endloop
  endfacet
  facet normal 0 0 1
    outer loop
      vertex -1.534 -21.381 2.4
      vertex -2.91532 -21.8118 2.4
      vertex -1.49491 -21.5773 2.4
    endloop
  endfacet
  facet normal -0 0 1
    outer loop
      vertex -2.94141 -21.6134 2.4
      vertex -2.91532 -21.8118 2.4
      vertex -1.534 -21.381 2.4
    endloop
  endfacet
  facet normal 0 0 1
    outer loop
      vertex -2.94141 -21.6134 2.4
      vertex -4.34803 -21.9529 2.4
      vertex -2.91532 -21.8118 2.4
    endloop
  endfacet
  facet normal -0 0 1
    outer loop
      vertex -4.36115 -21.7532 2.4
      vertex -4.34803 -21.9529 2.4
      vertex -2.94141 -21.6134 2.4
    endloop
  endfacet
  facet normal -0 0 1
    outer loop
      vertex -5.7869 -21.7999 2.4
      vertex -4.34803 -21.9529 2.4
      vertex -4.36115 -21.7532 2.4
    endloop
  endfacet
  facet normal 0 0 1
    outer loop
      vertex -5.7869 -21.7999 2.4
      vertex -5.7869 -22 2.4
      vertex -4.34803 -21.9529 2.4
    endloop
  endfacet
  facet normal 0 0 1
    outer loop
      vertex -7.21263 -21.7532 2.4
      vertex -5.7869 -22 2.4
      vertex -5.7869 -21.7999 2.4
    endloop
  endfacet
  facet normal 0 0 1
    outer loop
      vertex -7.21263 -21.7532 2.4
      vertex -7.22577 -21.9529 2.4
      vertex -5.7869 -22 2.4
    endloop
  endfacet
  facet normal 0 0 1
    outer loop
      vertex -8.65847 -21.8118 2.4
      vertex -7.21263 -21.7532 2.4
      vertex -8.63791 -21.6128 2.4
    endloop
  endfacet
  facet normal 0 0 1
    outer loop
      vertex -7.21263 -21.7532 2.4
      vertex -8.65847 -21.8118 2.4
      vertex -7.22577 -21.9529 2.4
    endloop
  endfacet
  facet normal 0 0 1
    outer loop
      vertex -71.9836 -15.0699 2.4
      vertex -8.65847 -21.8118 2.4
      vertex -8.63791 -21.6128 2.4
    endloop
  endfacet
  facet normal 0 0 1
    outer loop
      vertex -71.9836 -15.0699 2.4
      vertex -72.0101 -15.2683 2.4
      vertex -8.65847 -21.8118 2.4
    endloop
  endfacet
  facet normal 0 0 1
    outer loop
      vertex -72.9653 -14.9078 2.4
      vertex -72.0101 -15.2683 2.4
      vertex -71.9836 -15.0699 2.4
    endloop
  endfacet
  facet normal 0 0 1
    outer loop
      vertex -72.9653 -14.9078 2.4
      vertex -73.0044 -15.1041 2.4
      vertex -72.0101 -15.2683 2.4
    endloop
  endfacet
  facet normal 0 0 1
    outer loop
      vertex -73.934 -14.682 2.4
      vertex -73.0044 -15.1041 2.4
      vertex -72.9653 -14.9078 2.4
    endloop
  endfacet
  facet normal 0 0 1
    outer loop
      vertex -73.934 -14.682 2.4
      vertex -73.9858 -14.8753 2.4
      vertex -73.0044 -15.1041 2.4
    endloop
  endfacet
  facet normal 0 0 1
    outer loop
      vertex -74.8859 -14.3932 2.4
      vertex -73.9858 -14.8753 2.4
      vertex -73.934 -14.682 2.4
    endloop
  endfacet
  facet normal 0 0 1
    outer loop
      vertex -74.8859 -14.3932 2.4
      vertex -74.9502 -14.5827 2.4
      vertex -73.9858 -14.8753 2.4
    endloop
  endfacet
  facet normal 0 0 1
    outer loop
      vertex -75.8167 -14.0429 2.4
      vertex -74.9502 -14.5827 2.4
      vertex -74.8859 -14.3932 2.4
    endloop
  endfacet
  facet normal 0 0 1
    outer loop
      vertex -75.8167 -14.0429 2.4
      vertex -75.8933 -14.2277 2.4
      vertex -74.9502 -14.5827 2.4
    endloop
  endfacet
  facet normal 0 0 1
    outer loop
      vertex -76.7226 -13.6324 2.4
      vertex -75.8933 -14.2277 2.4
      vertex -75.8167 -14.0429 2.4
    endloop
  endfacet
  facet normal 0 0 1
    outer loop
      vertex -76.7226 -13.6324 2.4
      vertex -76.8112 -13.8118 2.4
      vertex -75.8933 -14.2277 2.4
    endloop
  endfacet
  facet normal 0 0 1
    outer loop
      vertex -77.6001 -13.1634 2.4
      vertex -76.8112 -13.8118 2.4
      vertex -76.7226 -13.6324 2.4
    endloop
  endfacet
  facet normal 0 0 1
    outer loop
      vertex -77.6001 -13.1634 2.4
      vertex -77.7 -13.3368 2.4
      vertex -76.8112 -13.8118 2.4
    endloop
  endfacet
  facet normal 0 0 1
    outer loop
      vertex -78.4446 -12.6382 2.4
      vertex -77.7 -13.3368 2.4
      vertex -77.6001 -13.1634 2.4
    endloop
  endfacet
  facet normal 0 0 1
    outer loop
      vertex -78.4446 -12.6382 2.4
      vertex -78.5558 -12.8046 2.4
      vertex -77.7 -13.3368 2.4
    endloop
  endfacet
  facet normal 0 0 1
    outer loop
      vertex -79.2531 -12.0589 2.4
      vertex -78.5558 -12.8046 2.4
      vertex -78.4446 -12.6382 2.4
    endloop
  endfacet
  facet normal 0 0 1
    outer loop
      vertex -79.2531 -12.0589 2.4
      vertex -79.3749 -12.2176 2.4
      vertex -78.5558 -12.8046 2.4
    endloop
  endfacet
  facet normal 0 0 1
    outer loop
      vertex -80.022 -11.4278 2.4
      vertex -79.3749 -12.2176 2.4
      vertex -79.2531 -12.0589 2.4
    endloop
  endfacet
  facet normal 0 0 1
    outer loop
      vertex -80.022 -11.4278 2.4
      vertex -80.1539 -11.5783 2.4
      vertex -79.3749 -12.2176 2.4
    endloop
  endfacet
  facet normal 0 0 1
    outer loop
      vertex -80.7479 -10.7479 2.4
      vertex -80.1539 -11.5783 2.4
      vertex -80.022 -11.4278 2.4
    endloop
  endfacet
  facet normal 0 0 1
    outer loop
      vertex -80.7479 -10.7479 2.4
      vertex -80.8894 -10.8894 2.4
      vertex -80.1539 -11.5783 2.4
    endloop
  endfacet
  facet normal 0 0 1
    outer loop
      vertex -81.4278 -10.022 2.4
      vertex -80.8894 -10.8894 2.4
      vertex -80.7479 -10.7479 2.4
    endloop
  endfacet
  facet normal 0 0 1
    outer loop
      vertex -81.4278 -10.022 2.4
      vertex -81.5783 -10.1539 2.4
      vertex -80.8894 -10.8894 2.4
    endloop
  endfacet
  facet normal 0 0 1
    outer loop
      vertex -82.0589 -9.25314 2.4
      vertex -81.5783 -10.1539 2.4
      vertex -81.4278 -10.022 2.4
    endloop
  endfacet
  facet normal 0 0 1
    outer loop
      vertex -82.0589 -9.25314 2.4
      vertex -82.2176 -9.37493 2.4
      vertex -81.5783 -10.1539 2.4
    endloop
  endfacet
  facet normal 0 0 1
    outer loop
      vertex -82.6382 -8.44458 2.4
      vertex -82.2176 -9.37493 2.4
      vertex -82.0589 -9.25314 2.4
    endloop
  endfacet
  facet normal 0 0 1
    outer loop
      vertex -82.6382 -8.44458 2.4
      vertex -82.8046 -8.55578 2.4
      vertex -82.2176 -9.37493 2.4
    endloop
  endfacet
  facet normal 0 0 1
    outer loop
      vertex -83.1634 -7.60005 2.4
      vertex -82.8046 -8.55578 2.4
      vertex -82.6382 -8.44458 2.4
    endloop
  endfacet
  facet normal 0 0 1
    outer loop
      vertex -83.1634 -7.60005 2.4
      vertex -83.3368 -7.7 2.4
      vertex -82.8046 -8.55578 2.4
    endloop
  endfacet
  facet normal 0 0 1
    outer loop
      vertex -83.6324 -6.7226 2.4
      vertex -83.3368 -7.7 2.4
      vertex -83.1634 -7.60005 2.4
    endloop
  endfacet
  facet normal 0 0 1
    outer loop
      vertex -83.6324 -6.7226 2.4
      vertex -83.8118 -6.81124 2.4
      vertex -83.3368 -7.7 2.4
    endloop
  endfacet
  facet normal 0 0 1
    outer loop
      vertex -84.0429 -5.81673 2.4
      vertex -83.8118 -6.81124 2.4
      vertex -83.6324 -6.7226 2.4
    endloop
  endfacet
  facet normal 0 0 1
    outer loop
      vertex -84.0429 -5.81673 2.4
      vertex -84.2277 -5.89332 2.4
      vertex -83.8118 -6.81124 2.4
    endloop
  endfacet
  facet normal 0 0 1
    outer loop
      vertex -84.3932 -4.88591 2.4
      vertex -84.2277 -5.89332 2.4
      vertex -84.0429 -5.81673 2.4
    endloop
  endfacet
  facet normal 0 0 1
    outer loop
      vertex -84.3932 -4.88591 2.4
      vertex -84.5827 -4.95017 2.4
      vertex -84.2277 -5.89332 2.4
    endloop
  endfacet
  facet normal 0 0 1
    outer loop
      vertex -84.682 -3.93399 2.4
      vertex -84.5827 -4.95017 2.4
      vertex -84.3932 -4.88591 2.4
    endloop
  endfacet
  facet normal 0 0 1
    outer loop
      vertex -84.682 -3.93399 2.4
      vertex -84.8753 -3.98581 2.4
      vertex -84.5827 -4.95017 2.4
    endloop
  endfacet
  facet normal 0 0 1
    outer loop
      vertex -84.9078 -2.96527 2.4
      vertex -84.8753 -3.98581 2.4
      vertex -84.682 -3.93399 2.4
    endloop
  endfacet
  facet normal 0 0 1
    outer loop
      vertex -85.1041 -3.00439 2.4
      vertex -84.9078 -2.96527 2.4
      vertex -85.0699 -1.98401 2.4
    endloop
  endfacet
  facet normal 0 0 1
    outer loop
      vertex -84.9078 -2.96527 2.4
      vertex -85.1041 -3.00439 2.4
      vertex -84.8753 -3.98581 2.4
    endloop
  endfacet
  facet normal 0 0 1
    outer loop
      vertex -85.2682 -2.0101 2.4
      vertex -85.0699 -1.98401 2.4
      vertex -85.1673 -0.994095 2.4
    endloop
  endfacet
  facet normal 0 0 1
    outer loop
      vertex -85.367 -1.00721 2.4
      vertex -85.1673 -0.994095 2.4
      vertex -85.1999 0 2.4
    endloop
  endfacet
  facet normal 0 0 1
    outer loop
      vertex -85.1673 0.994095 2.4
      vertex -85.367 1.00721 2.4
      vertex -85.1999 0 2.4
    endloop
  endfacet
  facet normal 0 0 1
    outer loop
      vertex -85.0699 -1.98401 2.4
      vertex -85.2682 -2.0101 2.4
      vertex -85.1041 -3.00439 2.4
    endloop
  endfacet
  facet normal 0 0 1
    outer loop
      vertex -85.4 0 2.4
      vertex -85.1999 0 2.4
      vertex -85.367 1.00721 2.4
    endloop
  endfacet
  facet normal 0 0 1
    outer loop
      vertex -85.1673 -0.994095 2.4
      vertex -85.367 -1.00721 2.4
      vertex -85.2682 -2.0101 2.4
    endloop
  endfacet
  facet normal 0 0 1
    outer loop
      vertex -85.1999 0 2.4
      vertex -85.4 0 2.4
      vertex -85.367 -1.00721 2.4
    endloop
  endfacet
  facet normal 0.995185 0.0980105 0
    outer loop
      vertex 16.166 1.43887 2.4
      vertex 16.0249 2.87158 0.599999
      vertex 16.0249 2.87158 2.4
    endloop
  endfacet
  facet normal 0.995185 0.0980105 0
    outer loop
      vertex 16.0249 2.87158 0.599999
      vertex 16.166 1.43887 2.4
      vertex 16.166 1.43887 0.599999
    endloop
  endfacet
  facet normal 0.471374 0.881933 -0
    outer loop
      vertex 5.2131 19.0526 0.599999
      vertex 3.94345 19.7312 2.4
      vertex 5.2131 19.0526 2.4
    endloop
  endfacet
  facet normal 0.471374 0.881933 0
    outer loop
      vertex 3.94345 19.7312 2.4
      vertex 5.2131 19.0526 0.599999
      vertex 3.94345 19.7312 0.599999
    endloop
  endfacet
  facet normal -0.986653 0.16284 0
    outer loop
      vertex -85.2682 2.0101 0.599999
      vertex -85.1041 3.00439 2.4
      vertex -85.1041 3.00439 0.599999
    endloop
  endfacet
  facet normal -0.986653 0.16284 0
    outer loop
      vertex -85.1041 3.00439 2.4
      vertex -85.2682 2.0101 0.599999
      vertex -85.2682 2.0101 2.4
    endloop
  endfacet
  facet normal -0.683608 0.72985 0
    outer loop
      vertex -80.1539 11.5783 0.599999
      vertex -80.8894 10.8894 2.4
      vertex -80.1539 11.5783 2.4
    endloop
  endfacet
  facet normal -0.683608 0.72985 0
    outer loop
      vertex -80.8894 10.8894 2.4
      vertex -80.1539 11.5783 0.599999
      vertex -80.8894 10.8894 0.599999
    endloop
  endfacet
  facet normal 0.935908 -0.352244 0
    outer loop
      vertex 14.5385 -8.41903 2.4
      vertex 15.0456 -7.07167 0.599999
      vertex 15.0456 -7.07167 2.4
    endloop
  endfacet
  facet normal 0.935908 -0.352244 0
    outer loop
      vertex 15.0456 -7.07167 0.599999
      vertex 14.5385 -8.41903 2.4
      vertex 14.5385 -8.41903 0.599999
    endloop
  endfacet
  facet normal -0.995182 0.0980407 0
    outer loop
      vertex -85.367 1.00721 0.599999
      vertex -85.2682 2.0101 2.4
      vertex -85.2682 2.0101 0.599999
    endloop
  endfacet
  facet normal -0.995182 0.0980407 0
    outer loop
      vertex -85.2682 2.0101 2.4
      vertex -85.367 1.00721 0.599999
      vertex -85.367 1.00721 2.4
    endloop
  endfacet
  facet normal -0.227048 -0.973884 0
    outer loop
      vertex -73.9858 -14.8753 0.599999
      vertex -73.0044 -15.1041 2.4
      vertex -73.9858 -14.8753 2.4
    endloop
  endfacet
  facet normal -0.227048 -0.973884 -0
    outer loop
      vertex -73.0044 -15.1041 2.4
      vertex -73.9858 -14.8753 0.599999
      vertex -73.0044 -15.1041 0.599999
    endloop
  endfacet
  facet normal 0.729843 0.683615 0
    outer loop
      vertex 10.7536 14.5056 2.4
      vertex 9.76945 15.5563 0.599999
      vertex 9.76945 15.5563 2.4
    endloop
  endfacet
  facet normal 0.729843 0.683615 0
    outer loop
      vertex 9.76945 15.5563 0.599999
      vertex 10.7536 14.5056 2.4
      vertex 10.7536 14.5056 0.599999
    endloop
  endfacet
  facet normal -0.881943 0.471357 0
    outer loop
      vertex -83.8118 6.81124 0.599999
      vertex -83.3368 7.7 2.4
      vertex -83.3368 7.7 0.599999
    endloop
  endfacet
  facet normal -0.881943 0.471357 0
    outer loop
      vertex -83.3368 7.7 2.4
      vertex -83.8118 6.81124 0.599999
      vertex -83.8118 6.81124 2.4
    endloop
  endfacet
  facet normal -0.812844 0.582481 0
    outer loop
      vertex -82.8046 8.55578 0.599999
      vertex -82.2176 9.37493 2.4
      vertex -82.2176 9.37493 0.599999
    endloop
  endfacet
  facet normal -0.812844 0.582481 0
    outer loop
      vertex -82.2176 9.37493 2.4
      vertex -82.8046 8.55578 0.599999
      vertex -82.8046 8.55578 2.4
    endloop
  endfacet
  facet normal -0.986653 -0.16284 0
    outer loop
      vertex -85.1041 -3.00439 0.599999
      vertex -85.2682 -2.0101 2.4
      vertex -85.2682 -2.0101 0.599999
    endloop
  endfacet
  facet normal -0.986653 -0.16284 0
    outer loop
      vertex -85.2682 -2.0101 2.4
      vertex -85.1041 -3.00439 0.599999
      vertex -85.1041 -3.00439 2.4
    endloop
  endfacet
  facet normal -0.973885 0.227043 0
    outer loop
      vertex -85.1041 3.00439 0.599999
      vertex -84.8753 3.98581 2.4
      vertex -84.8753 3.98581 0.599999
    endloop
  endfacet
  facet normal -0.973885 0.227043 0
    outer loop
      vertex -84.8753 3.98581 2.4
      vertex -85.1041 3.00439 0.599999
      vertex -85.1041 3.00439 2.4
    endloop
  endfacet
  facet normal -0.995182 -0.0980407 0
    outer loop
      vertex -85.2682 -2.0101 0.599999
      vertex -85.367 -1.00721 2.4
      vertex -85.367 -1.00721 0.599999
    endloop
  endfacet
  facet normal -0.995182 -0.0980407 0
    outer loop
      vertex -85.367 -1.00721 2.4
      vertex -85.2682 -2.0101 0.599999
      vertex -85.2682 -2.0101 2.4
    endloop
  endfacet
  facet normal -0.47134 0.881952 0
    outer loop
      vertex -76.8112 13.8118 0.599999
      vertex -77.7 13.3368 2.4
      vertex -76.8112 13.8118 2.4
    endloop
  endfacet
  facet normal -0.47134 0.881952 0
    outer loop
      vertex -77.7 13.3368 2.4
      vertex -76.8112 13.8118 0.599999
      vertex -77.7 13.3368 0.599999
    endloop
  endfacet
  facet normal 0.973878 -0.227071 0
    outer loop
      vertex 15.4635 -5.69402 2.4
      vertex 15.7904 -4.29199 0.599999
      vertex 15.7904 -4.29199 2.4
    endloop
  endfacet
  facet normal 0.973878 -0.227071 0
    outer loop
      vertex 15.7904 -4.29199 0.599999
      vertex 15.4635 -5.69402 2.4
      vertex 15.4635 -5.69402 0.599999
    endloop
  endfacet
  facet normal 0.772994 0.634413 0
    outer loop
      vertex 11.6669 13.3928 2.4
      vertex 10.7536 14.5056 0.599999
      vertex 10.7536 14.5056 2.4
    endloop
  endfacet
  facet normal 0.772994 0.634413 0
    outer loop
      vertex 10.7536 14.5056 0.599999
      vertex 11.6669 13.3928 2.4
      vertex 11.6669 13.3928 0.599999
    endloop
  endfacet
  facet normal -0.910865 0.412704 0
    outer loop
      vertex -84.2277 5.89332 0.599999
      vertex -83.8118 6.81124 2.4
      vertex -83.8118 6.81124 0.599999
    endloop
  endfacet
  facet normal -0.910865 0.412704 0
    outer loop
      vertex -83.8118 6.81124 2.4
      vertex -84.2277 5.89332 0.599999
      vertex -84.2277 5.89332 2.4
    endloop
  endfacet
  facet normal 0.995185 -0.0980105 0
    outer loop
      vertex 16.0249 -2.87158 2.4
      vertex 16.166 -1.43887 0.599999
      vertex 16.166 -1.43887 2.4
    endloop
  endfacet
  facet normal 0.995185 -0.0980105 0
    outer loop
      vertex 16.166 -1.43887 0.599999
      vertex 16.0249 -2.87158 2.4
      vertex 16.0249 -2.87158 0.599999
    endloop
  endfacet
  facet normal 0.986645 -0.162888 0
    outer loop
      vertex 15.7904 -4.29199 2.4
      vertex 16.0249 -2.87158 0.599999
      vertex 16.0249 -2.87158 2.4
    endloop
  endfacet
  facet normal 0.986645 -0.162888 0
    outer loop
      vertex 16.0249 -2.87158 0.599999
      vertex 15.7904 -4.29199 2.4
      vertex 15.7904 -4.29199 0.599999
    endloop
  endfacet
  facet normal 0.290281 -0.956941 0
    outer loop
      vertex -0.0928783 -21.2504 0.599999
      vertex 1.28477 -20.8325 2.4
      vertex -0.0928783 -21.2504 2.4
    endloop
  endfacet
  facet normal 0.290281 -0.956941 0
    outer loop
      vertex 1.28477 -20.8325 2.4
      vertex -0.0928783 -21.2504 0.599999
      vertex 1.28477 -20.8325 0.599999
    endloop
  endfacet
  facet normal -0.773003 -0.634403 0
    outer loop
      vertex -81.5783 -10.1539 0.599999
      vertex -82.2176 -9.37493 2.4
      vertex -82.2176 -9.37493 0.599999
    endloop
  endfacet
  facet normal -0.773003 -0.634403 0
    outer loop
      vertex -82.2176 -9.37493 2.4
      vertex -81.5783 -10.1539 0.599999
      vertex -81.5783 -10.1539 2.4
    endloop
  endfacet
  facet normal -0.849184 0.528098 0
    outer loop
      vertex -83.3368 7.7 0.599999
      vertex -82.8046 8.55578 2.4
      vertex -82.8046 8.55578 0.599999
    endloop
  endfacet
  facet normal -0.849184 0.528098 0
    outer loop
      vertex -82.8046 8.55578 2.4
      vertex -83.3368 7.7 0.599999
      vertex -83.3368 7.7 2.4
    endloop
  endfacet
  facet normal 0.0980105 -0.995185 0
    outer loop
      vertex -4.34803 -21.9529 0.599999
      vertex -2.91532 -21.8118 2.4
      vertex -4.34803 -21.9529 2.4
    endloop
  endfacet
  facet normal 0.0980105 -0.995185 0
    outer loop
      vertex -2.91532 -21.8118 2.4
      vertex -4.34803 -21.9529 0.599999
      vertex -2.91532 -21.8118 0.599999
    endloop
  endfacet
  facet normal 0.471374 -0.881933 0
    outer loop
      vertex 3.94345 -19.7312 0.599999
      vertex 5.2131 -19.0526 2.4
      vertex 3.94345 -19.7312 2.4
    endloop
  endfacet
  facet normal 0.471374 -0.881933 0
    outer loop
      vertex 5.2131 -19.0526 2.4
      vertex 3.94345 -19.7312 0.599999
      vertex 5.2131 -19.0526 0.599999
    endloop
  endfacet
  facet normal 0 0 -1
    outer loop
      vertex 16.013 0 0.599999
      vertex 16.2131 0 0.599999
      vertex 16.166 -1.43887 0.599999
    endloop
  endfacet
  facet normal 0 0 -1
    outer loop
      vertex 15.9663 -1.42575 0.599999
      vertex 16.166 -1.43887 0.599999
      vertex 16.0249 -2.87158 0.599999
    endloop
  endfacet
  facet normal 0 0 -1
    outer loop
      vertex 16.2131 0 0.599999
      vertex 16.013 0 0.599999
      vertex 16.166 1.43887 0.599999
    endloop
  endfacet
  facet normal 0 0 -1
    outer loop
      vertex 15.9663 1.42575 0.599999
      vertex 16.166 1.43887 0.599999
      vertex 16.013 0 0.599999
    endloop
  endfacet
  facet normal 0 0 -1
    outer loop
      vertex 16.166 -1.43887 0.599999
      vertex 15.9663 -1.42575 0.599999
      vertex 16.013 0 0.599999
    endloop
  endfacet
  facet normal 0 0 -1
    outer loop
      vertex 16.0249 -2.87158 0.599999
      vertex 15.8265 -2.84547 0.599999
      vertex 15.9663 -1.42575 0.599999
    endloop
  endfacet
  facet normal 0 0 -1
    outer loop
      vertex 15.7904 -4.29199 0.599999
      vertex 15.8265 -2.84547 0.599999
      vertex 16.0249 -2.87158 0.599999
    endloop
  endfacet
  facet normal 0 0 -1
    outer loop
      vertex 15.7904 -4.29199 0.599999
      vertex 15.5941 -4.25288 0.599999
      vertex 15.8265 -2.84547 0.599999
    endloop
  endfacet
  facet normal 0 0 -1
    outer loop
      vertex 15.4635 -5.69402 0.599999
      vertex 15.5941 -4.25288 0.599999
      vertex 15.7904 -4.29199 0.599999
    endloop
  endfacet
  facet normal 0 0 -1
    outer loop
      vertex 15.4635 -5.69402 0.599999
      vertex 15.2702 -5.6422 0.599999
      vertex 15.5941 -4.25288 0.599999
    endloop
  endfacet
  facet normal 0 0 -1
    outer loop
      vertex 15.0456 -7.07167 0.599999
      vertex 15.2702 -5.6422 0.599999
      vertex 15.4635 -5.69402 0.599999
    endloop
  endfacet
  facet normal 0 0 -1
    outer loop
      vertex 15.0456 -7.07167 0.599999
      vertex 14.856 -7.0074 0.599999
      vertex 15.2702 -5.6422 0.599999
    endloop
  endfacet
  facet normal 0 0 -1
    outer loop
      vertex 14.5385 -8.41903 0.599999
      vertex 14.856 -7.0074 0.599999
      vertex 15.0456 -7.07167 0.599999
    endloop
  endfacet
  facet normal 0 0 -1
    outer loop
      vertex 14.5385 -8.41903 0.599999
      vertex 14.3536 -8.34244 0.599999
      vertex 14.856 -7.0074 0.599999
    endloop
  endfacet
  facet normal 0 0 -1
    outer loop
      vertex 13.9443 -9.73035 0.599999
      vertex 14.3536 -8.34244 0.599999
      vertex 14.5385 -8.41903 0.599999
    endloop
  endfacet
  facet normal 0 0 -1
    outer loop
      vertex 13.9443 -9.73035 0.599999
      vertex 13.7649 -9.64171 0.599999
      vertex 14.3536 -8.34244 0.599999
    endloop
  endfacet
  facet normal 0 0 -1
    outer loop
      vertex 13.2657 -11 0.599999
      vertex 13.7649 -9.64171 0.599999
      vertex 13.9443 -9.73035 0.599999
    endloop
  endfacet
  facet normal 0 0 -1
    outer loop
      vertex 13.2657 -11 0.599999
      vertex 13.0923 -10.8999 0.599999
      vertex 13.7649 -9.64171 0.599999
    endloop
  endfacet
  facet normal 0 0 -1
    outer loop
      vertex 12.5054 -12.2225 0.599999
      vertex 13.0923 -10.8999 0.599999
      vertex 13.2657 -11 0.599999
    endloop
  endfacet
  facet normal 0 0 -1
    outer loop
      vertex 12.5054 -12.2225 0.599999
      vertex 12.339 -12.1115 0.599999
      vertex 13.0923 -10.8999 0.599999
    endloop
  endfacet
  facet normal 0 0 -1
    outer loop
      vertex 11.6669 -13.3928 0.599999
      vertex 12.339 -12.1115 0.599999
      vertex 12.5054 -12.2225 0.599999
    endloop
  endfacet
  facet normal 0 0 -1
    outer loop
      vertex 11.6669 -13.3928 0.599999
      vertex 11.5081 -13.271 0.599999
      vertex 12.339 -12.1115 0.599999
    endloop
  endfacet
  facet normal 0 0 -1
    outer loop
      vertex 10.7536 -14.5056 0.599999
      vertex 11.5081 -13.271 0.599999
      vertex 11.6669 -13.3928 0.599999
    endloop
  endfacet
  facet normal 0 0 -1
    outer loop
      vertex 10.7536 -14.5056 0.599999
      vertex 10.6031 -14.3737 0.599999
      vertex 11.5081 -13.271 0.599999
    endloop
  endfacet
  facet normal 0 0 -1
    outer loop
      vertex 9.76945 -15.5563 0.599999
      vertex 10.6031 -14.3737 0.599999
      vertex 10.7536 -14.5056 0.599999
    endloop
  endfacet
  facet normal 0 0 -1
    outer loop
      vertex 9.76945 -15.5563 0.599999
      vertex 9.62794 -15.4148 0.599999
      vertex 10.6031 -14.3737 0.599999
    endloop
  endfacet
  facet normal 0 0 -1
    outer loop
      vertex 8.71871 -16.5405 0.599999
      vertex 9.62794 -15.4148 0.599999
      vertex 9.76945 -15.5563 0.599999
    endloop
  endfacet
  facet normal 0 0 -1
    outer loop
      vertex 8.71871 -16.5405 0.599999
      vertex 8.58681 -16.39 0.599999
      vertex 9.62794 -15.4148 0.599999
    endloop
  endfacet
  facet normal 0 0 -1
    outer loop
      vertex 7.60585 -17.4538 0.599999
      vertex 8.58681 -16.39 0.599999
      vertex 8.71871 -16.5405 0.599999
    endloop
  endfacet
  facet normal 0 0 -1
    outer loop
      vertex 7.60585 -17.4538 0.599999
      vertex 7.48407 -17.295 0.599999
      vertex 8.58681 -16.39 0.599999
    endloop
  endfacet
  facet normal 0 0 -1
    outer loop
      vertex 6.43565 -18.2923 0.599999
      vertex 7.48407 -17.295 0.599999
      vertex 7.60585 -17.4538 0.599999
    endloop
  endfacet
  facet normal 0 0 -1
    outer loop
      vertex 6.43565 -18.2923 0.599999
      vertex 6.32445 -18.1259 0.599999
      vertex 7.48407 -17.295 0.599999
    endloop
  endfacet
  facet normal 0 0 -1
    outer loop
      vertex 5.2131 -19.0526 0.599999
      vertex 6.32445 -18.1259 0.599999
      vertex 6.43565 -18.2923 0.599999
    endloop
  endfacet
  facet normal 0 0 -1
    outer loop
      vertex 5.2131 -19.0526 0.599999
      vertex 5.11314 -18.8792 0.599999
      vertex 6.32445 -18.1259 0.599999
    endloop
  endfacet
  facet normal 0 0 -1
    outer loop
      vertex 3.94345 -19.7312 0.599999
      vertex 5.11314 -18.8792 0.599999
      vertex 5.2131 -19.0526 0.599999
    endloop
  endfacet
  facet normal 0 0 -1
    outer loop
      vertex 3.94345 -19.7312 0.599999
      vertex 3.85481 -19.5518 0.599999
      vertex 5.11314 -18.8792 0.599999
    endloop
  endfacet
  facet normal 0 0 -1
    outer loop
      vertex 2.63214 -20.3253 0.599999
      vertex 3.85481 -19.5518 0.599999
      vertex 3.94345 -19.7312 0.599999
    endloop
  endfacet
  facet normal 0 0 -1
    outer loop
      vertex 2.63214 -20.3253 0.599999
      vertex 2.55554 -20.1405 0.599999
      vertex 3.85481 -19.5518 0.599999
    endloop
  endfacet
  facet normal 0 0 -1
    outer loop
      vertex 1.28477 -20.8325 0.599999
      vertex 2.55554 -20.1405 0.599999
      vertex 2.63214 -20.3253 0.599999
    endloop
  endfacet
  facet normal 0 0 -1
    outer loop
      vertex 1.28477 -20.8325 0.599999
      vertex 1.2205 -20.6429 0.599999
      vertex 2.55554 -20.1405 0.599999
    endloop
  endfacet
  facet normal 0 0 -1
    outer loop
      vertex -0.0928783 -21.2504 0.599999
      vertex 1.2205 -20.6429 0.599999
      vertex 1.28477 -20.8325 0.599999
    endloop
  endfacet
  facet normal 0 0 -1
    outer loop
      vertex -0.0928783 -21.2504 0.599999
      vertex -0.144684 -21.0571 0.599999
      vertex 1.2205 -20.6429 0.599999
    endloop
  endfacet
  facet normal 0 0 -1
    outer loop
      vertex -1.49491 -21.5773 0.599999
      vertex -0.144684 -21.0571 0.599999
      vertex -0.0928783 -21.2504 0.599999
    endloop
  endfacet
  facet normal 0 0 -1
    outer loop
      vertex -1.49491 -21.5773 0.599999
      vertex -1.534 -21.381 0.599999
      vertex -0.144684 -21.0571 0.599999
    endloop
  endfacet
  facet normal 0 0 -1
    outer loop
      vertex -2.91532 -21.8118 0.599999
      vertex -1.534 -21.381 0.599999
      vertex -1.49491 -21.5773 0.599999
    endloop
  endfacet
  facet normal 0 0 -1
    outer loop
      vertex -2.91532 -21.8118 0.599999
      vertex -2.94141 -21.6134 0.599999
      vertex -1.534 -21.381 0.599999
    endloop
  endfacet
  facet normal 0 0 -1
    outer loop
      vertex -4.34803 -21.9529 0.599999
      vertex -2.94141 -21.6134 0.599999
      vertex -2.91532 -21.8118 0.599999
    endloop
  endfacet
  facet normal 0 0 -1
    outer loop
      vertex -4.34803 -21.9529 0.599999
      vertex -4.36115 -21.7532 0.599999
      vertex -2.94141 -21.6134 0.599999
    endloop
  endfacet
  facet normal 0 0 -1
    outer loop
      vertex -4.34803 -21.9529 0.599999
      vertex -5.7869 -21.7999 0.599999
      vertex -4.36115 -21.7532 0.599999
    endloop
  endfacet
  facet normal 0 0 -1
    outer loop
      vertex -5.7869 -22 0.599999
      vertex -5.7869 -21.7999 0.599999
      vertex -4.34803 -21.9529 0.599999
    endloop
  endfacet
  facet normal 0 0 -1
    outer loop
      vertex -5.7869 -22 0.599999
      vertex -7.21263 -21.7532 0.599999
      vertex -5.7869 -21.7999 0.599999
    endloop
  endfacet
  facet normal 0 0 -1
    outer loop
      vertex -7.22577 -21.9529 0.599999
      vertex -7.21263 -21.7532 0.599999
      vertex -5.7869 -22 0.599999
    endloop
  endfacet
  facet normal 0 0 -1
    outer loop
      vertex -8.65847 -21.8118 0.599999
      vertex -7.21263 -21.7532 0.599999
      vertex -7.22577 -21.9529 0.599999
    endloop
  endfacet
  facet normal -0 0 -1
    outer loop
      vertex -7.21263 -21.7532 0.599999
      vertex -8.65847 -21.8118 0.599999
      vertex -8.63791 -21.6128 0.599999
    endloop
  endfacet
  facet normal 0 0 -1
    outer loop
      vertex -8.65847 -21.8118 0.599999
      vertex -71.9836 -15.0699 0.599999
      vertex -8.63791 -21.6128 0.599999
    endloop
  endfacet
  facet normal 0 0 -1
    outer loop
      vertex -72.0101 -15.2683 0.599999
      vertex -71.9836 -15.0699 0.599999
      vertex -8.65847 -21.8118 0.599999
    endloop
  endfacet
  facet normal 0 0 -1
    outer loop
      vertex -72.0101 -15.2683 0.599999
      vertex -72.9653 -14.9078 0.599999
      vertex -71.9836 -15.0699 0.599999
    endloop
  endfacet
  facet normal 0 0 -1
    outer loop
      vertex -73.0044 -15.1041 0.599999
      vertex -72.9653 -14.9078 0.599999
      vertex -72.0101 -15.2683 0.599999
    endloop
  endfacet
  facet normal 0 0 -1
    outer loop
      vertex -73.0044 -15.1041 0.599999
      vertex -73.934 -14.682 0.599999
      vertex -72.9653 -14.9078 0.599999
    endloop
  endfacet
  facet normal 0 0 -1
    outer loop
      vertex -73.9858 -14.8753 0.599999
      vertex -73.934 -14.682 0.599999
      vertex -73.0044 -15.1041 0.599999
    endloop
  endfacet
  facet normal 0 0 -1
    outer loop
      vertex -73.9858 -14.8753 0.599999
      vertex -74.8859 -14.3932 0.599999
      vertex -73.934 -14.682 0.599999
    endloop
  endfacet
  facet normal 0 0 -1
    outer loop
      vertex -74.9502 -14.5827 0.599999
      vertex -74.8859 -14.3932 0.599999
      vertex -73.9858 -14.8753 0.599999
    endloop
  endfacet
  facet normal 0 0 -1
    outer loop
      vertex -74.9502 -14.5827 0.599999
      vertex -75.8167 -14.0429 0.599999
      vertex -74.8859 -14.3932 0.599999
    endloop
  endfacet
  facet normal 0 0 -1
    outer loop
      vertex -75.8933 -14.2277 0.599999
      vertex -75.8167 -14.0429 0.599999
      vertex -74.9502 -14.5827 0.599999
    endloop
  endfacet
  facet normal 0 0 -1
    outer loop
      vertex -75.8933 -14.2277 0.599999
      vertex -76.7226 -13.6324 0.599999
      vertex -75.8167 -14.0429 0.599999
    endloop
  endfacet
  facet normal 0 0 -1
    outer loop
      vertex -76.8112 -13.8118 0.599999
      vertex -76.7226 -13.6324 0.599999
      vertex -75.8933 -14.2277 0.599999
    endloop
  endfacet
  facet normal 0 0 -1
    outer loop
      vertex -76.8112 -13.8118 0.599999
      vertex -77.6001 -13.1634 0.599999
      vertex -76.7226 -13.6324 0.599999
    endloop
  endfacet
  facet normal 0 0 -1
    outer loop
      vertex -77.7 -13.3368 0.599999
      vertex -77.6001 -13.1634 0.599999
      vertex -76.8112 -13.8118 0.599999
    endloop
  endfacet
  facet normal 0 0 -1
    outer loop
      vertex -77.7 -13.3368 0.599999
      vertex -78.4446 -12.6382 0.599999
      vertex -77.6001 -13.1634 0.599999
    endloop
  endfacet
  facet normal 0 0 -1
    outer loop
      vertex -78.5558 -12.8046 0.599999
      vertex -78.4446 -12.6382 0.599999
      vertex -77.7 -13.3368 0.599999
    endloop
  endfacet
  facet normal 0 0 -1
    outer loop
      vertex -78.5558 -12.8046 0.599999
      vertex -79.2531 -12.0589 0.599999
      vertex -78.4446 -12.6382 0.599999
    endloop
  endfacet
  facet normal 0 0 -1
    outer loop
      vertex -79.3749 -12.2176 0.599999
      vertex -79.2531 -12.0589 0.599999
      vertex -78.5558 -12.8046 0.599999
    endloop
  endfacet
  facet normal 0 0 -1
    outer loop
      vertex -79.3749 -12.2176 0.599999
      vertex -80.022 -11.4278 0.599999
      vertex -79.2531 -12.0589 0.599999
    endloop
  endfacet
  facet normal 0 0 -1
    outer loop
      vertex -80.1539 -11.5783 0.599999
      vertex -80.022 -11.4278 0.599999
      vertex -79.3749 -12.2176 0.599999
    endloop
  endfacet
  facet normal 0 0 -1
    outer loop
      vertex -80.1539 -11.5783 0.599999
      vertex -80.7479 -10.7479 0.599999
      vertex -80.022 -11.4278 0.599999
    endloop
  endfacet
  facet normal 0 0 -1
    outer loop
      vertex -80.8894 -10.8894 0.599999
      vertex -80.7479 -10.7479 0.599999
      vertex -80.1539 -11.5783 0.599999
    endloop
  endfacet
  facet normal 0 0 -1
    outer loop
      vertex -80.8894 -10.8894 0.599999
      vertex -81.4278 -10.022 0.599999
      vertex -80.7479 -10.7479 0.599999
    endloop
  endfacet
  facet normal 0 0 -1
    outer loop
      vertex -81.5783 -10.1539 0.599999
      vertex -81.4278 -10.022 0.599999
      vertex -80.8894 -10.8894 0.599999
    endloop
  endfacet
  facet normal 0 0 -1
    outer loop
      vertex -81.5783 -10.1539 0.599999
      vertex -82.0589 -9.25314 0.599999
      vertex -81.4278 -10.022 0.599999
    endloop
  endfacet
  facet normal 0 0 -1
    outer loop
      vertex -82.2176 -9.37493 0.599999
      vertex -82.0589 -9.25314 0.599999
      vertex -81.5783 -10.1539 0.599999
    endloop
  endfacet
  facet normal 0 0 -1
    outer loop
      vertex -82.2176 -9.37493 0.599999
      vertex -82.6382 -8.44458 0.599999
      vertex -82.0589 -9.25314 0.599999
    endloop
  endfacet
  facet normal 0 0 -1
    outer loop
      vertex -82.8046 -8.55578 0.599999
      vertex -82.6382 -8.44458 0.599999
      vertex -82.2176 -9.37493 0.599999
    endloop
  endfacet
  facet normal 0 0 -1
    outer loop
      vertex -82.8046 -8.55578 0.599999
      vertex -83.1634 -7.60005 0.599999
      vertex -82.6382 -8.44458 0.599999
    endloop
  endfacet
  facet normal 0 0 -1
    outer loop
      vertex -83.3368 -7.7 0.599999
      vertex -83.1634 -7.60005 0.599999
      vertex -82.8046 -8.55578 0.599999
    endloop
  endfacet
  facet normal 0 0 -1
    outer loop
      vertex -83.3368 -7.7 0.599999
      vertex -83.6324 -6.7226 0.599999
      vertex -83.1634 -7.60005 0.599999
    endloop
  endfacet
  facet normal 0 0 -1
    outer loop
      vertex -83.8118 -6.81124 0.599999
      vertex -83.6324 -6.7226 0.599999
      vertex -83.3368 -7.7 0.599999
    endloop
  endfacet
  facet normal 0 0 -1
    outer loop
      vertex -83.8118 -6.81124 0.599999
      vertex -84.0429 -5.81673 0.599999
      vertex -83.6324 -6.7226 0.599999
    endloop
  endfacet
  facet normal 0 0 -1
    outer loop
      vertex -84.2277 -5.89332 0.599999
      vertex -84.0429 -5.81673 0.599999
      vertex -83.8118 -6.81124 0.599999
    endloop
  endfacet
  facet normal 0 0 -1
    outer loop
      vertex -84.2277 -5.89332 0.599999
      vertex -84.3932 -4.88591 0.599999
      vertex -84.0429 -5.81673 0.599999
    endloop
  endfacet
  facet normal 0 0 -1
    outer loop
      vertex -84.5827 -4.95017 0.599999
      vertex -84.3932 -4.88591 0.599999
      vertex -84.2277 -5.89332 0.599999
    endloop
  endfacet
  facet normal 0 0 -1
    outer loop
      vertex -84.5827 -4.95017 0.599999
      vertex -84.682 -3.93399 0.599999
      vertex -84.3932 -4.88591 0.599999
    endloop
  endfacet
  facet normal 0 0 -1
    outer loop
      vertex -84.8753 -3.98581 0.599999
      vertex -84.682 -3.93399 0.599999
      vertex -84.5827 -4.95017 0.599999
    endloop
  endfacet
  facet normal 0 0 -1
    outer loop
      vertex -84.8753 -3.98581 0.599999
      vertex -84.9078 -2.96527 0.599999
      vertex -84.682 -3.93399 0.599999
    endloop
  endfacet
  facet normal 0 0 -1
    outer loop
      vertex -85.1041 -3.00439 0.599999
      vertex -84.9078 -2.96527 0.599999
      vertex -84.8753 -3.98581 0.599999
    endloop
  endfacet
  facet normal -0 0 -1
    outer loop
      vertex -84.9078 -2.96527 0.599999
      vertex -85.1041 -3.00439 0.599999
      vertex -85.0699 -1.98401 0.599999
    endloop
  endfacet
  facet normal 0 0 -1
    outer loop
      vertex -85.2682 -2.0101 0.599999
      vertex -85.0699 -1.98401 0.599999
      vertex -85.1041 -3.00439 0.599999
    endloop
  endfacet
  facet normal -0 0 -1
    outer loop
      vertex -85.0699 -1.98401 0.599999
      vertex -85.2682 -2.0101 0.599999
      vertex -85.1673 -0.994095 0.599999
    endloop
  endfacet
  facet normal 0 0 -1
    outer loop
      vertex -85.367 -1.00721 0.599999
      vertex -85.1673 -0.994095 0.599999
      vertex -85.2682 -2.0101 0.599999
    endloop
  endfacet
  facet normal -0 0 -1
    outer loop
      vertex 16.166 1.43887 0.599999
      vertex 15.9663 1.42575 0.599999
      vertex 16.0249 2.87158 0.599999
    endloop
  endfacet
  facet normal 0 0 -1
    outer loop
      vertex 15.8265 2.84547 0.599999
      vertex 16.0249 2.87158 0.599999
      vertex 15.9663 1.42575 0.599999
    endloop
  endfacet
  facet normal 0 0 -1
    outer loop
      vertex 15.8265 2.84547 0.599999
      vertex 15.7904 4.29199 0.599999
      vertex 16.0249 2.87158 0.599999
    endloop
  endfacet
  facet normal 0 0 -1
    outer loop
      vertex 15.5941 4.25288 0.599999
      vertex 15.7904 4.29199 0.599999
      vertex 15.8265 2.84547 0.599999
    endloop
  endfacet
  facet normal 0 0 -1
    outer loop
      vertex 15.5941 4.25288 0.599999
      vertex 15.4635 5.69402 0.599999
      vertex 15.7904 4.29199 0.599999
    endloop
  endfacet
  facet normal 0 0 -1
    outer loop
      vertex 15.2702 5.6422 0.599999
      vertex 15.4635 5.69402 0.599999
      vertex 15.5941 4.25288 0.599999
    endloop
  endfacet
  facet normal 0 0 -1
    outer loop
      vertex 15.2702 5.6422 0.599999
      vertex 15.0456 7.07167 0.599999
      vertex 15.4635 5.69402 0.599999
    endloop
  endfacet
  facet normal 0 0 -1
    outer loop
      vertex 14.856 7.0074 0.599999
      vertex 15.0456 7.07167 0.599999
      vertex 15.2702 5.6422 0.599999
    endloop
  endfacet
  facet normal 0 0 -1
    outer loop
      vertex 14.856 7.0074 0.599999
      vertex 14.5385 8.41903 0.599999
      vertex 15.0456 7.07167 0.599999
    endloop
  endfacet
  facet normal 0 0 -1
    outer loop
      vertex 14.3536 8.34244 0.599999
      vertex 14.5385 8.41903 0.599999
      vertex 14.856 7.0074 0.599999
    endloop
  endfacet
  facet normal 0 0 -1
    outer loop
      vertex 14.3536 8.34244 0.599999
      vertex 13.9443 9.73035 0.599999
      vertex 14.5385 8.41903 0.599999
    endloop
  endfacet
  facet normal 0 0 -1
    outer loop
      vertex 13.7649 9.64171 0.599999
      vertex 13.9443 9.73035 0.599999
      vertex 14.3536 8.34244 0.599999
    endloop
  endfacet
  facet normal 0 0 -1
    outer loop
      vertex 13.7649 9.64171 0.599999
      vertex 13.2657 11 0.599999
      vertex 13.9443 9.73035 0.599999
    endloop
  endfacet
  facet normal 0 0 -1
    outer loop
      vertex 13.0923 10.8999 0.599999
      vertex 13.2657 11 0.599999
      vertex 13.7649 9.64171 0.599999
    endloop
  endfacet
  facet normal 0 0 -1
    outer loop
      vertex 13.0923 10.8999 0.599999
      vertex 12.5054 12.2225 0.599999
      vertex 13.2657 11 0.599999
    endloop
  endfacet
  facet normal 0 0 -1
    outer loop
      vertex 12.339 12.1115 0.599999
      vertex 12.5054 12.2225 0.599999
      vertex 13.0923 10.8999 0.599999
    endloop
  endfacet
  facet normal 0 0 -1
    outer loop
      vertex 12.339 12.1115 0.599999
      vertex 11.6669 13.3928 0.599999
      vertex 12.5054 12.2225 0.599999
    endloop
  endfacet
  facet normal 0 0 -1
    outer loop
      vertex 11.5081 13.271 0.599999
      vertex 11.6669 13.3928 0.599999
      vertex 12.339 12.1115 0.599999
    endloop
  endfacet
  facet normal 0 0 -1
    outer loop
      vertex 11.5081 13.271 0.599999
      vertex 10.7536 14.5056 0.599999
      vertex 11.6669 13.3928 0.599999
    endloop
  endfacet
  facet normal 0 0 -1
    outer loop
      vertex 10.6031 14.3737 0.599999
      vertex 10.7536 14.5056 0.599999
      vertex 11.5081 13.271 0.599999
    endloop
  endfacet
  facet normal 0 0 -1
    outer loop
      vertex 10.6031 14.3737 0.599999
      vertex 9.76945 15.5563 0.599999
      vertex 10.7536 14.5056 0.599999
    endloop
  endfacet
  facet normal 0 0 -1
    outer loop
      vertex 9.62794 15.4148 0.599999
      vertex 9.76945 15.5563 0.599999
      vertex 10.6031 14.3737 0.599999
    endloop
  endfacet
  facet normal 0 0 -1
    outer loop
      vertex 9.62794 15.4148 0.599999
      vertex 8.71871 16.5405 0.599999
      vertex 9.76945 15.5563 0.599999
    endloop
  endfacet
  facet normal 0 0 -1
    outer loop
      vertex 8.58681 16.39 0.599999
      vertex 8.71871 16.5405 0.599999
      vertex 9.62794 15.4148 0.599999
    endloop
  endfacet
  facet normal 0 0 -1
    outer loop
      vertex 8.58681 16.39 0.599999
      vertex 7.60585 17.4538 0.599999
      vertex 8.71871 16.5405 0.599999
    endloop
  endfacet
  facet normal 0 0 -1
    outer loop
      vertex 7.48407 17.295 0.599999
      vertex 7.60585 17.4538 0.599999
      vertex 8.58681 16.39 0.599999
    endloop
  endfacet
  facet normal 0 0 -1
    outer loop
      vertex 7.48407 17.295 0.599999
      vertex 6.43565 18.2923 0.599999
      vertex 7.60585 17.4538 0.599999
    endloop
  endfacet
  facet normal 0 0 -1
    outer loop
      vertex 6.32445 18.1259 0.599999
      vertex 6.43565 18.2923 0.599999
      vertex 7.48407 17.295 0.599999
    endloop
  endfacet
  facet normal 0 0 -1
    outer loop
      vertex 6.32445 18.1259 0.599999
      vertex 5.2131 19.0526 0.599999
      vertex 6.43565 18.2923 0.599999
    endloop
  endfacet
  facet normal 0 0 -1
    outer loop
      vertex 5.11314 18.8792 0.599999
      vertex 5.2131 19.0526 0.599999
      vertex 6.32445 18.1259 0.599999
    endloop
  endfacet
  facet normal 0 0 -1
    outer loop
      vertex 5.11314 18.8792 0.599999
      vertex 3.94345 19.7312 0.599999
      vertex 5.2131 19.0526 0.599999
    endloop
  endfacet
  facet normal 0 0 -1
    outer loop
      vertex 3.85481 19.5518 0.599999
      vertex 3.94345 19.7312 0.599999
      vertex 5.11314 18.8792 0.599999
    endloop
  endfacet
  facet normal 0 0 -1
    outer loop
      vertex 3.85481 19.5518 0.599999
      vertex 2.63214 20.3253 0.599999
      vertex 3.94345 19.7312 0.599999
    endloop
  endfacet
  facet normal 0 0 -1
    outer loop
      vertex 2.55554 20.1405 0.599999
      vertex 2.63214 20.3253 0.599999
      vertex 3.85481 19.5518 0.599999
    endloop
  endfacet
  facet normal 0 0 -1
    outer loop
      vertex 2.55554 20.1405 0.599999
      vertex 1.28477 20.8325 0.599999
      vertex 2.63214 20.3253 0.599999
    endloop
  endfacet
  facet normal 0 0 -1
    outer loop
      vertex 1.2205 20.6429 0.599999
      vertex 1.28477 20.8325 0.599999
      vertex 2.55554 20.1405 0.599999
    endloop
  endfacet
  facet normal 0 0 -1
    outer loop
      vertex 1.2205 20.6429 0.599999
      vertex -0.0928783 21.2504 0.599999
      vertex 1.28477 20.8325 0.599999
    endloop
  endfacet
  facet normal 0 0 -1
    outer loop
      vertex -0.144684 21.0571 0.599999
      vertex -0.0928783 21.2504 0.599999
      vertex 1.2205 20.6429 0.599999
    endloop
  endfacet
  facet normal 0 0 -1
    outer loop
      vertex -0.144684 21.0571 0.599999
      vertex -1.49491 21.5773 0.599999
      vertex -0.0928783 21.2504 0.599999
    endloop
  endfacet
  facet normal 0 0 -1
    outer loop
      vertex -1.534 21.381 0.599999
      vertex -1.49491 21.5773 0.599999
      vertex -0.144684 21.0571 0.599999
    endloop
  endfacet
  facet normal 0 0 -1
    outer loop
      vertex -1.534 21.381 0.599999
      vertex -2.91532 21.8118 0.599999
      vertex -1.49491 21.5773 0.599999
    endloop
  endfacet
  facet normal 0 0 -1
    outer loop
      vertex -2.94141 21.6134 0.599999
      vertex -2.91532 21.8118 0.599999
      vertex -1.534 21.381 0.599999
    endloop
  endfacet
  facet normal 0 0 -1
    outer loop
      vertex -2.94141 21.6134 0.599999
      vertex -4.34803 21.9529 0.599999
      vertex -2.91532 21.8118 0.599999
    endloop
  endfacet
  facet normal 0 0 -1
    outer loop
      vertex -4.36115 21.7532 0.599999
      vertex -4.34803 21.9529 0.599999
      vertex -2.94141 21.6134 0.599999
    endloop
  endfacet
  facet normal 0 0 -1
    outer loop
      vertex -5.7869 21.7999 0.599999
      vertex -4.34803 21.9529 0.599999
      vertex -4.36115 21.7532 0.599999
    endloop
  endfacet
  facet normal 0 0 -1
    outer loop
      vertex -5.7869 21.7999 0.599999
      vertex -5.7869 22 0.599999
      vertex -4.34803 21.9529 0.599999
    endloop
  endfacet
  facet normal 0 0 -1
    outer loop
      vertex -7.21263 21.7532 0.599999
      vertex -5.7869 22 0.599999
      vertex -5.7869 21.7999 0.599999
    endloop
  endfacet
  facet normal 0 0 -1
    outer loop
      vertex -7.21263 21.7532 0.599999
      vertex -7.22577 21.9529 0.599999
      vertex -5.7869 22 0.599999
    endloop
  endfacet
  facet normal 0 0 -1
    outer loop
      vertex -8.65847 21.8118 0.599999
      vertex -7.21263 21.7532 0.599999
      vertex -8.63791 21.6128 0.599999
    endloop
  endfacet
  facet normal 0 0 -1
    outer loop
      vertex -7.21263 21.7532 0.599999
      vertex -8.65847 21.8118 0.599999
      vertex -7.22577 21.9529 0.599999
    endloop
  endfacet
  facet normal 0 0 -1
    outer loop
      vertex -71.9836 15.0699 0.599999
      vertex -8.65847 21.8118 0.599999
      vertex -8.63791 21.6128 0.599999
    endloop
  endfacet
  facet normal 0 0 -1
    outer loop
      vertex -71.9836 15.0699 0.599999
      vertex -72.0101 15.2683 0.599999
      vertex -8.65847 21.8118 0.599999
    endloop
  endfacet
  facet normal 0 0 -1
    outer loop
      vertex -72.9653 14.9078 0.599999
      vertex -72.0101 15.2683 0.599999
      vertex -71.9836 15.0699 0.599999
    endloop
  endfacet
  facet normal 0 0 -1
    outer loop
      vertex -72.9653 14.9078 0.599999
      vertex -73.0044 15.1041 0.599999
      vertex -72.0101 15.2683 0.599999
    endloop
  endfacet
  facet normal 0 0 -1
    outer loop
      vertex -73.934 14.682 0.599999
      vertex -73.0044 15.1041 0.599999
      vertex -72.9653 14.9078 0.599999
    endloop
  endfacet
  facet normal 0 0 -1
    outer loop
      vertex -73.934 14.682 0.599999
      vertex -73.9858 14.8753 0.599999
      vertex -73.0044 15.1041 0.599999
    endloop
  endfacet
  facet normal 0 0 -1
    outer loop
      vertex -74.8859 14.3932 0.599999
      vertex -73.9858 14.8753 0.599999
      vertex -73.934 14.682 0.599999
    endloop
  endfacet
  facet normal 0 0 -1
    outer loop
      vertex -74.8859 14.3932 0.599999
      vertex -74.9502 14.5827 0.599999
      vertex -73.9858 14.8753 0.599999
    endloop
  endfacet
  facet normal 0 0 -1
    outer loop
      vertex -75.8167 14.0429 0.599999
      vertex -74.9502 14.5827 0.599999
      vertex -74.8859 14.3932 0.599999
    endloop
  endfacet
  facet normal 0 0 -1
    outer loop
      vertex -75.8167 14.0429 0.599999
      vertex -75.8933 14.2277 0.599999
      vertex -74.9502 14.5827 0.599999
    endloop
  endfacet
  facet normal 0 0 -1
    outer loop
      vertex -76.7226 13.6324 0.599999
      vertex -75.8933 14.2277 0.599999
      vertex -75.8167 14.0429 0.599999
    endloop
  endfacet
  facet normal 0 0 -1
    outer loop
      vertex -76.7226 13.6324 0.599999
      vertex -76.8112 13.8118 0.599999
      vertex -75.8933 14.2277 0.599999
    endloop
  endfacet
  facet normal 0 0 -1
    outer loop
      vertex -77.6001 13.1634 0.599999
      vertex -76.8112 13.8118 0.599999
      vertex -76.7226 13.6324 0.599999
    endloop
  endfacet
  facet normal 0 0 -1
    outer loop
      vertex -77.6001 13.1634 0.599999
      vertex -77.7 13.3368 0.599999
      vertex -76.8112 13.8118 0.599999
    endloop
  endfacet
  facet normal 0 0 -1
    outer loop
      vertex -78.4446 12.6382 0.599999
      vertex -77.7 13.3368 0.599999
      vertex -77.6001 13.1634 0.599999
    endloop
  endfacet
  facet normal 0 0 -1
    outer loop
      vertex -78.4446 12.6382 0.599999
      vertex -78.5558 12.8046 0.599999
      vertex -77.7 13.3368 0.599999
    endloop
  endfacet
  facet normal 0 0 -1
    outer loop
      vertex -79.2531 12.0589 0.599999
      vertex -78.5558 12.8046 0.599999
      vertex -78.4446 12.6382 0.599999
    endloop
  endfacet
  facet normal 0 0 -1
    outer loop
      vertex -79.2531 12.0589 0.599999
      vertex -79.3749 12.2176 0.599999
      vertex -78.5558 12.8046 0.599999
    endloop
  endfacet
  facet normal 0 0 -1
    outer loop
      vertex -80.022 11.4278 0.599999
      vertex -79.3749 12.2176 0.599999
      vertex -79.2531 12.0589 0.599999
    endloop
  endfacet
  facet normal 0 0 -1
    outer loop
      vertex -80.022 11.4278 0.599999
      vertex -80.1539 11.5783 0.599999
      vertex -79.3749 12.2176 0.599999
    endloop
  endfacet
  facet normal 0 0 -1
    outer loop
      vertex -80.7479 10.7479 0.599999
      vertex -80.1539 11.5783 0.599999
      vertex -80.022 11.4278 0.599999
    endloop
  endfacet
  facet normal 0 0 -1
    outer loop
      vertex -80.7479 10.7479 0.599999
      vertex -80.8894 10.8894 0.599999
      vertex -80.1539 11.5783 0.599999
    endloop
  endfacet
  facet normal 0 0 -1
    outer loop
      vertex -81.4278 10.022 0.599999
      vertex -80.8894 10.8894 0.599999
      vertex -80.7479 10.7479 0.599999
    endloop
  endfacet
  facet normal 0 0 -1
    outer loop
      vertex -81.4278 10.022 0.599999
      vertex -81.5783 10.1539 0.599999
      vertex -80.8894 10.8894 0.599999
    endloop
  endfacet
  facet normal 0 0 -1
    outer loop
      vertex -82.0589 9.25314 0.599999
      vertex -81.5783 10.1539 0.599999
      vertex -81.4278 10.022 0.599999
    endloop
  endfacet
  facet normal 0 0 -1
    outer loop
      vertex -82.0589 9.25314 0.599999
      vertex -82.2176 9.37493 0.599999
      vertex -81.5783 10.1539 0.599999
    endloop
  endfacet
  facet normal 0 0 -1
    outer loop
      vertex -82.6382 8.44458 0.599999
      vertex -82.2176 9.37493 0.599999
      vertex -82.0589 9.25314 0.599999
    endloop
  endfacet
  facet normal 0 0 -1
    outer loop
      vertex -82.6382 8.44458 0.599999
      vertex -82.8046 8.55578 0.599999
      vertex -82.2176 9.37493 0.599999
    endloop
  endfacet
  facet normal 0 0 -1
    outer loop
      vertex -83.1634 7.60005 0.599999
      vertex -82.8046 8.55578 0.599999
      vertex -82.6382 8.44458 0.599999
    endloop
  endfacet
  facet normal 0 0 -1
    outer loop
      vertex -83.1634 7.60005 0.599999
      vertex -83.3368 7.7 0.599999
      vertex -82.8046 8.55578 0.599999
    endloop
  endfacet
  facet normal 0 0 -1
    outer loop
      vertex -83.6324 6.7226 0.599999
      vertex -83.3368 7.7 0.599999
      vertex -83.1634 7.60005 0.599999
    endloop
  endfacet
  facet normal 0 0 -1
    outer loop
      vertex -83.6324 6.7226 0.599999
      vertex -83.8118 6.81124 0.599999
      vertex -83.3368 7.7 0.599999
    endloop
  endfacet
  facet normal 0 0 -1
    outer loop
      vertex -84.0429 5.81673 0.599999
      vertex -83.8118 6.81124 0.599999
      vertex -83.6324 6.7226 0.599999
    endloop
  endfacet
  facet normal 0 0 -1
    outer loop
      vertex -84.0429 5.81673 0.599999
      vertex -84.2277 5.89332 0.599999
      vertex -83.8118 6.81124 0.599999
    endloop
  endfacet
  facet normal 0 0 -1
    outer loop
      vertex -84.3932 4.88591 0.599999
      vertex -84.2277 5.89332 0.599999
      vertex -84.0429 5.81673 0.599999
    endloop
  endfacet
  facet normal 0 0 -1
    outer loop
      vertex -84.3932 4.88591 0.599999
      vertex -84.5827 4.95017 0.599999
      vertex -84.2277 5.89332 0.599999
    endloop
  endfacet
  facet normal 0 0 -1
    outer loop
      vertex -84.682 3.93399 0.599999
      vertex -84.5827 4.95017 0.599999
      vertex -84.3932 4.88591 0.599999
    endloop
  endfacet
  facet normal 0 0 -1
    outer loop
      vertex -84.682 3.93399 0.599999
      vertex -84.8753 3.98581 0.599999
      vertex -84.5827 4.95017 0.599999
    endloop
  endfacet
  facet normal 0 0 -1
    outer loop
      vertex -84.9078 2.96527 0.599999
      vertex -84.8753 3.98581 0.599999
      vertex -84.682 3.93399 0.599999
    endloop
  endfacet
  facet normal 0 0 -1
    outer loop
      vertex -85.1041 3.00439 0.599999
      vertex -84.9078 2.96527 0.599999
      vertex -85.0699 1.98401 0.599999
    endloop
  endfacet
  facet normal 0 0 -1
    outer loop
      vertex -84.9078 2.96527 0.599999
      vertex -85.1041 3.00439 0.599999
      vertex -84.8753 3.98581 0.599999
    endloop
  endfacet
  facet normal 0 0 -1
    outer loop
      vertex -85.2682 2.0101 0.599999
      vertex -85.0699 1.98401 0.599999
      vertex -85.1673 0.994095 0.599999
    endloop
  endfacet
  facet normal 0 0 -1
    outer loop
      vertex -85.367 1.00721 0.599999
      vertex -85.1673 0.994095 0.599999
      vertex -85.1999 0 0.599999
    endloop
  endfacet
  facet normal -0 0 -1
    outer loop
      vertex -85.1673 -0.994095 0.599999
      vertex -85.367 -1.00721 0.599999
      vertex -85.1999 0 0.599999
    endloop
  endfacet
  facet normal 0 0 -1
    outer loop
      vertex -85.0699 1.98401 0.599999
      vertex -85.2682 2.0101 0.599999
      vertex -85.1041 3.00439 0.599999
    endloop
  endfacet
  facet normal 0 0 -1
    outer loop
      vertex -85.4 0 0.599999
      vertex -85.1999 0 0.599999
      vertex -85.367 -1.00721 0.599999
    endloop
  endfacet
  facet normal 0 0 -1
    outer loop
      vertex -85.1673 0.994095 0.599999
      vertex -85.367 1.00721 0.599999
      vertex -85.2682 2.0101 0.599999
    endloop
  endfacet
  facet normal 0 0 -1
    outer loop
      vertex -85.1999 0 0.599999
      vertex -85.4 0 0.599999
      vertex -85.367 1.00721 0.599999
    endloop
  endfacet
  facet normal 0.352302 -0.935886 0
    outer loop
      vertex 1.28477 -20.8325 0.599999
      vertex 2.63214 -20.3253 2.4
      vertex 1.28477 -20.8325 2.4
    endloop
  endfacet
  facet normal 0.352302 -0.935886 0
    outer loop
      vertex 2.63214 -20.3253 2.4
      vertex 1.28477 -20.8325 0.599999
      vertex 2.63214 -20.3253 0.599999
    endloop
  endfacet
  facet normal 0.812888 0.58242 0
    outer loop
      vertex 12.5054 12.2225 2.4
      vertex 11.6669 13.3928 0.599999
      vertex 11.6669 13.3928 2.4
    endloop
  endfacet
  facet normal 0.812888 0.58242 0
    outer loop
      vertex 11.6669 13.3928 0.599999
      vertex 12.5054 12.2225 2.4
      vertex 12.5054 12.2225 0.599999
    endloop
  endfacet
  facet normal 0.0980105 0.995185 -0
    outer loop
      vertex -2.91532 21.8118 0.599999
      vertex -4.34803 21.9529 2.4
      vertex -2.91532 21.8118 2.4
    endloop
  endfacet
  facet normal 0.0980105 0.995185 0
    outer loop
      vertex -4.34803 21.9529 2.4
      vertex -2.91532 21.8118 0.599999
      vertex -4.34803 21.9529 0.599999
    endloop
  endfacet
  facet normal -0.528089 -0.849189 0
    outer loop
      vertex -78.5558 -12.8046 0.599999
      vertex -77.7 -13.3368 2.4
      vertex -78.5558 -12.8046 2.4
    endloop
  endfacet
  facet normal -0.528089 -0.849189 -0
    outer loop
      vertex -77.7 -13.3368 2.4
      vertex -78.5558 -12.8046 0.599999
      vertex -77.7 -13.3368 0.599999
    endloop
  endfacet
  facet normal 0.528103 -0.849181 0
    outer loop
      vertex 5.2131 -19.0526 0.599999
      vertex 6.43565 -18.2923 2.4
      vertex 5.2131 -19.0526 2.4
    endloop
  endfacet
  facet normal 0.528103 -0.849181 0
    outer loop
      vertex 6.43565 -18.2923 2.4
      vertex 5.2131 -19.0526 0.599999
      vertex 6.43565 -18.2923 0.599999
    endloop
  endfacet
  facet normal -0.634388 -0.773015 0
    outer loop
      vertex -80.1539 -11.5783 0.599999
      vertex -79.3749 -12.2176 2.4
      vertex -80.1539 -11.5783 2.4
    endloop
  endfacet
  facet normal -0.634388 -0.773015 -0
    outer loop
      vertex -79.3749 -12.2176 2.4
      vertex -80.1539 -11.5783 0.599999
      vertex -79.3749 -12.2176 0.599999
    endloop
  endfacet
  facet normal -0.683608 -0.72985 0
    outer loop
      vertex -80.8894 -10.8894 0.599999
      vertex -80.1539 -11.5783 2.4
      vertex -80.8894 -10.8894 2.4
    endloop
  endfacet
  facet normal -0.683608 -0.72985 -0
    outer loop
      vertex -80.1539 -11.5783 2.4
      vertex -80.8894 -10.8894 0.599999
      vertex -80.1539 -11.5783 0.599999
    endloop
  endfacet
  facet normal 0.575967 0.412734 -0.70563
    outer loop
      vertex 7.75294 6.31001 3
      vertex 7.37096 6.84306 3
      vertex 30.5079 5.17478 20.9096
    endloop
  endfacet
  facet normal -0.334312 0.239585 0.911501
    outer loop
      vertex -77.4258 5.69801 3
      vertex -77.7826 5.20014 3
      vertex 17.8334 3.02818 38.64
    endloop
  endfacet
  facet normal -0.0364123 0.999009 -0.0256075
    outer loop
      vertex -8.26462 11.6894 3
      vertex -35.3385 10.7026 3
      vertex -9.51817 11.7 5.196
    endloop
  endfacet
  facet normal 0.813507 -2.74581e-05 0.581555
    outer loop
      vertex 30.0629 6.50017 21.5321
      vertex 28.8918 8.79653 23.1704
      vertex 30.298 5.85 21.2032
    endloop
  endfacet
  facet normal -0.148376 -0.898701 0.4127
    outer loop
      vertex 21.3962 -10.4934 33.6559
      vertex -71.826 -9.18015 3
      vertex -71.2217 -9.27992 3
    endloop
  endfacet
  facet normal 0.813349 -0.00102798 0.581775
    outer loop
      vertex 23.0782 -11.4752 31.3031
      vertex 22.2185 -11.0791 32.5057
      vertex 22.6446 -11.3013 31.9096
    endloop
  endfacet
  facet normal -0.32616 -0.305483 0.894595
    outer loop
      vertex 17.9627 -3.76084 38.4592
      vertex -77.0372 -6.17148 3
      vertex -76.6185 -6.61852 3
    endloop
  endfacet
  facet normal 0.199867 0.956254 -0.213615
    outer loop
      vertex -0.0824976 11.4302 3
      vertex 26.1666 11.3013 26.9827
      vertex 26.5926 11.0791 26.3866
    endloop
  endfacet
  facet normal 0.19987 0.956253 -0.213618
    outer loop
      vertex 26.1666 11.3013 26.9827
      vertex -0.0824976 11.4302 3
      vertex -0.205456 11.4559 3
    endloop
  endfacet
  facet normal 0.449479 0.7283 -0.51725
    outer loop
      vertex 3.91332 9.88694 3
      vertex 28.8918 8.79653 23.1704
      vertex 29.2167 8.27315 22.7158
    endloop
  endfacet
  facet normal 0.449465 0.728321 -0.517232
    outer loop
      vertex 28.8918 8.79653 23.1704
      vertex 3.91332 9.88694 3
      vertex 3.79571 9.95952 3
    endloop
  endfacet
  facet normal 0.576147 0.412009 -0.705906
    outer loop
      vertex 7.82707 6.20634 3
      vertex 30.5079 5.17478 20.9096
      vertex 30.6916 4.4774 20.6525
    endloop
  endfacet
  facet normal 0.576154 0.411983 -0.705915
    outer loop
      vertex 30.5079 5.17478 20.9096
      vertex 7.82707 6.20634 3
      vertex 7.75294 6.31001 3
    endloop
  endfacet
  facet normal 0.81261 -0.00080787 0.582808
    outer loop
      vertex 30.5079 5.17478 20.9096
      vertex 30.298 5.85 21.2032
      vertex 30.6916 4.4774 20.6525
    endloop
  endfacet
  facet normal 0.328281 0.871926 -0.363284
    outer loop
      vertex 2.22884 10.7271 3
      vertex 1.59936 10.9641 3
      vertex 27.8076 10.1325 24.6871
    endloop
  endfacet
  facet normal 0.813587 -0.00164766 0.581441
    outer loop
      vertex 25.2937 -11.5999 28.2038
      vertex 24.4056 -11.7 29.4462
      vertex 24.8506 -11.6749 28.8236
    endloop
  endfacet
  facet normal 0.160448 0.972265 -0.170166
    outer loop
      vertex -0.205456 11.4559 3
      vertex -0.876868 11.5667 3
      vertex 26.1666 11.3013 26.9827
    endloop
  endfacet
  facet normal -0.343779 0.129416 0.93009
    outer loop
      vertex -78.6475 3.58192 3
      vertex -78.8633 3.00867 3
      vertex 17.6598 1.52716 38.8829
    endloop
  endfacet
  facet normal 0.813491 -2.21417e-05 0.581577
    outer loop
      vertex 19.9194 -8.79653 35.7219
      vertex 17.6016 0 38.9643
      vertex 18.5131 -5.85 37.6891
    endloop
  endfacet
  facet normal 0.813397 -0.000441453 0.581709
    outer loop
      vertex 22.2185 -11.0791 32.5057
      vertex 20.6255 -9.72819 34.7342
      vertex 21.0036 -10.1325 34.2052
    endloop
  endfacet
  facet normal -0.215207 0.760209 0.613
    outer loop
      vertex 20.2636 9.28223 35.2404
      vertex -72.4225 9.04107 3
      vertex 19.9194 8.79653 35.7219
    endloop
  endfacet
  facet normal 0.813522 0.000489987 0.581534
    outer loop
      vertex 24.4056 -11.7 29.4462
      vertex 23.5175 -11.5999 30.6885
      vertex 23.9606 -11.6749 30.0687
    endloop
  endfacet
  facet normal -0.198354 -0.801427 0.564243
    outer loop
      vertex 20.2636 -9.28223 35.2404
      vertex -72.4225 -9.04107 3
      vertex 20.6255 -9.72819 34.7342
    endloop
  endfacet
  facet normal -0.341833 -0.157298 0.926503
    outer loop
      vertex 17.6598 -1.52716 38.8829
      vertex -78.3947 -4.13982 3
      vertex 17.7323 -2.28256 38.7814
    endloop
  endfacet
  facet normal 0.501566 0.632997 -0.5897
    outer loop
      vertex 5.23624 8.98631 3
      vertex 29.5211 7.71435 22.29
      vertex 29.8035 7.12251 21.8949
    endloop
  endfacet
  facet normal 0.501544 0.633044 -0.589669
    outer loop
      vertex 29.5211 7.71435 22.29
      vertex 5.23624 8.98631 3
      vertex 5.12908 9.07121 3
    endloop
  endfacet
  facet normal 0.523905 0.581309 -0.622578
    outer loop
      vertex 5.84747 8.47658 3
      vertex 29.8035 7.12251 21.8949
      vertex 30.0629 6.50017 21.5321
    endloop
  endfacet
  facet normal 0.523911 0.581294 -0.622587
    outer loop
      vertex 29.8035 7.12251 21.8949
      vertex 5.84747 8.47658 3
      vertex 5.74698 8.56715 3
    endloop
  endfacet
  facet normal 0.813541 -9.28626e-05 0.581507
    outer loop
      vertex 20.6255 9.72819 34.7342
      vertex 19.9194 8.79653 35.7219
      vertex 23.0782 11.4752 31.3031
    endloop
  endfacet
  facet normal 0.607013 0.226747 -0.761657
    outer loop
      vertex 9.13886 3.54032 3
      vertex 30.9777 3.02818 20.2523
      vertex 31.0788 2.28256 20.1109
    endloop
  endfacet
  facet normal 0.607008 0.226781 -0.76165
    outer loop
      vertex 30.9777 3.02818 20.2523
      vertex 9.13886 3.54032 3
      vertex 9.09702 3.65231 3
    endloop
  endfacet
  facet normal 0.813732 -3.03178e-05 0.58124
    outer loop
      vertex 31.2096 0 19.928
      vertex 31.1514 -1.52716 20.0094
      vertex 31.195 -0.765216 19.9484
    endloop
  endfacet
  facet normal -0.190845 -0.818517 0.541856
    outer loop
      vertex 20.6255 -9.72819 34.7342
      vertex -72.4225 -9.04107 3
      vertex -71.826 -9.18015 3
    endloop
  endfacet
  facet normal 0.813491 2.21417e-05 0.581577
    outer loop
      vertex 18.5131 5.85 37.6891
      vertex 17.6016 0 38.9643
      vertex 19.9194 8.79653 35.7219
    endloop
  endfacet
  facet normal 0.616775 0.0978217 -0.781037
    outer loop
      vertex 9.63016 1.41257 3
      vertex 31.1514 1.52716 20.0094
      vertex 31.195 0.765216 19.9484
    endloop
  endfacet
  facet normal 0.61677 0.0979059 -0.781031
    outer loop
      vertex 31.1514 1.52716 20.0094
      vertex 9.63016 1.41257 3
      vertex 9.61197 1.52716 3
    endloop
  endfacet
  facet normal 0.813497 -1.9759e-05 0.58157
    outer loop
      vertex 18.5131 -5.85 37.6891
      vertex 17.6016 0 38.9643
      vertex 17.7323 -2.28256 38.7814
    endloop
  endfacet
  facet normal -0.28846 -0.513216 0.808332
    outer loop
      vertex 18.5131 -5.85 37.6891
      vertex -74.68 -8.106 3
      vertex 18.7482 -6.50017 37.3602
    endloop
  endfacet
  facet normal -0.0874933 -0.972407 0.216265
    outer loop
      vertex 22.6446 -11.3013 31.9096
      vertex -70.6122 -9.33996 3
      vertex 23.0782 -11.4752 31.3031
    endloop
  endfacet
  facet normal 0.548131 0.513375 -0.660302
    outer loop
      vertex 6.87061 7.45056 3
      vertex 6.42129 7.9303 3
      vertex 30.298 5.85 21.2032
    endloop
  endfacet
  facet normal -0.0390421 -0.999161 0.0123774
    outer loop
      vertex -9.96317 -11.6749 5.81852
      vertex -70.6122 -9.33996 3
      vertex -9.51817 -11.7 5.196
    endloop
  endfacet
  facet normal -0.0190653 -0.999462 0.0266706
    outer loop
      vertex 23.9606 -11.6749 30.0687
      vertex -9.96317 -11.6749 5.81852
      vertex 24.4056 -11.7 29.4462
    endloop
  endfacet
  facet normal 0.548131 -0.513375 -0.660302
    outer loop
      vertex 30.298 -5.85 21.2032
      vertex 6.42129 -7.9303 3
      vertex 6.87061 -7.45056 3
    endloop
  endfacet
  facet normal 0.586178 0.364514 -0.72355
    outer loop
      vertex 8.17265 5.65061 3
      vertex 7.82707 6.20634 3
      vertex 30.6916 4.4774 20.6525
    endloop
  endfacet
  facet normal 0.529795 0.565655 -0.631943
    outer loop
      vertex 6.32842 8.02612 3
      vertex 5.84747 8.47658 3
      vertex 30.0629 6.50017 21.5321
    endloop
  endfacet
  facet normal 0.813496 -0.000283892 0.581571
    outer loop
      vertex 26.1666 11.3013 26.9827
      vertex 25.733 11.4752 27.5893
      vertex 27.0093 10.8094 25.8037
    endloop
  endfacet
  facet normal -0.162867 0.873996 0.457826
    outer loop
      vertex 21.3962 10.4934 33.6559
      vertex -71.826 9.18015 3
      vertex 21.0036 10.1325 34.2052
    endloop
  endfacet
  facet normal 0.813524 6.85658e-06 0.581531
    outer loop
      vertex 31.1514 1.52716 20.0094
      vertex 30.298 5.85 21.2032
      vertex 31.2096 0 19.928
    endloop
  endfacet
  facet normal -0.246953 -0.668831 0.701198
    outer loop
      vertex 19.29 -7.71435 36.6023
      vertex -73.0087 -8.86327 3
      vertex 19.5944 -8.27315 36.1765
    endloop
  endfacet
  facet normal -0.334312 -0.239585 0.911501
    outer loop
      vertex 17.8334 -3.02818 38.64
      vertex -77.7826 -5.20014 3
      vertex -77.4258 -5.69801 3
    endloop
  endfacet
  facet normal 0.813513 5.34925e-06 0.581547
    outer loop
      vertex 19.9194 8.79653 35.7219
      vertex 17.6016 0 38.9643
      vertex 23.0782 11.4752 31.3031
    endloop
  endfacet
  facet normal -0.0410733 -0.997503 0.0574577
    outer loop
      vertex 23.9606 -11.6749 30.0687
      vertex -70.6122 -9.33996 3
      vertex -9.96317 -11.6749 5.81852
    endloop
  endfacet
  facet normal 0.813513 -5.34925e-06 0.581547
    outer loop
      vertex 23.0782 -11.4752 31.3031
      vertex 17.6016 0 38.9643
      vertex 19.9194 -8.79653 35.7219
    endloop
  endfacet
  facet normal -0.311265 -0.399826 0.862121
    outer loop
      vertex 18.1195 -4.4774 38.2398
      vertex -75.698 -7.42579 3
      vertex 18.3032 -5.17478 37.9827
    endloop
  endfacet
  facet normal -0.300402 -0.457337 0.837019
    outer loop
      vertex 18.3032 -5.17478 37.9827
      vertex -75.2001 -7.78255 3
      vertex 18.5131 -5.85 37.6891
    endloop
  endfacet
  facet normal -0.306299 -0.427476 0.850556
    outer loop
      vertex 18.3032 -5.17478 37.9827
      vertex -75.698 -7.42579 3
      vertex -75.2001 -7.78255 3
    endloop
  endfacet
  facet normal -0.0386017 -0.999255 2.35567e-05
    outer loop
      vertex -9.51817 -11.7 5.196
      vertex -70.6122 -9.33996 3
      vertex -35.3385 -10.7026 3
    endloop
  endfacet
  facet normal -0.0364123 -0.999009 -0.0256075
    outer loop
      vertex -9.51817 -11.7 5.196
      vertex -35.3385 -10.7026 3
      vertex -8.26462 -11.6894 3
    endloop
  endfacet
  facet normal 0.813481 -2.98436e-05 0.581592
    outer loop
      vertex 30.8485 3.76084 20.4331
      vertex 30.298 5.85 21.2032
      vertex 31.0788 2.28256 20.1109
    endloop
  endfacet
  facet normal 0.813496 0.000283892 0.581571
    outer loop
      vertex 27.0093 -10.8094 25.8037
      vertex 25.733 -11.4752 27.5893
      vertex 26.1666 -11.3013 26.9827
    endloop
  endfacet
  facet normal 0.610914 0.185312 -0.769704
    outer loop
      vertex 9.32795 2.91695 3
      vertex 9.13886 3.54032 3
      vertex 31.0788 2.28256 20.1109
    endloop
  endfacet
  facet normal 0.601307 0.272444 -0.751135
    outer loop
      vertex 8.86727 4.26272 3
      vertex 8.5981 4.8568 3
      vertex 30.9777 3.02818 20.2523
    endloop
  endfacet
  facet normal 0.476694 0.682162 -0.554453
    outer loop
      vertex 4.5905 9.45715 3
      vertex 29.2167 8.27315 22.7158
      vertex 29.5211 7.71435 22.29
    endloop
  endfacet
  facet normal 0.476712 0.68213 -0.554477
    outer loop
      vertex 29.2167 8.27315 22.7158
      vertex 4.5905 9.45715 3
      vertex 4.47763 9.53603 3
    endloop
  endfacet
  facet normal 0.813349 0.00102798 0.581775
    outer loop
      vertex 22.6446 11.3013 31.9096
      vertex 22.2185 11.0791 32.5057
      vertex 23.0782 11.4752 31.3031
    endloop
  endfacet
  facet normal 0.543817 0.527016 -0.653083
    outer loop
      vertex 6.42129 7.9303 3
      vertex 30.0629 6.50017 21.5321
      vertex 30.298 5.85 21.2032
    endloop
  endfacet
  facet normal 0.543802 0.52706 -0.65306
    outer loop
      vertex 30.0629 6.50017 21.5321
      vertex 6.42129 7.9303 3
      vertex 6.32842 8.02612 3
    endloop
  endfacet
  facet normal 0.813421 -0.000135284 0.581675
    outer loop
      vertex 23.0782 11.4752 31.3031
      vertex 24.0808 8.67172 29.9004
      vertex 24.4056 8.69 29.4462
    endloop
  endfacet
  facet normal 0.813064 -0.000512309 0.582173
    outer loop
      vertex 23.0782 11.4752 31.3031
      vertex 24.075 8.67139 29.9085
      vertex 24.0808 8.67172 29.9004
    endloop
  endfacet
  facet normal 0.81354 -1.30333e-05 0.581509
    outer loop
      vertex 23.0782 11.4752 31.3031
      vertex 23.7517 8.61663 30.3608
      vertex 24.075 8.67139 29.9085
    endloop
  endfacet
  facet normal 0.813074 -0.000337479 0.582161
    outer loop
      vertex 23.0782 11.4752 31.3031
      vertex 23.7459 8.61566 30.3689
      vertex 23.7517 8.61663 30.3608
    endloop
  endfacet
  facet normal 0.81355 -8.58035e-06 0.581494
    outer loop
      vertex 23.0782 11.4752 31.3031
      vertex 23.4254 8.52465 30.8173
      vertex 23.7459 8.61566 30.3689
    endloop
  endfacet
  facet normal 0.814393 0.000285081 0.580313
    outer loop
      vertex 23.0782 11.4752 31.3031
      vertex 23.4197 8.52302 30.8253
      vertex 23.4254 8.52465 30.8173
    endloop
  endfacet
  facet normal 0.811065 -0.000851214 0.584955
    outer loop
      vertex 23.0782 11.4752 31.3031
      vertex 23.414 8.52076 30.8332
      vertex 23.4197 8.52302 30.8253
    endloop
  endfacet
  facet normal 0.813573 -1.053e-05 0.581462
    outer loop
      vertex 23.0782 11.4752 31.3031
      vertex 23.0976 8.3939 31.2759
      vertex 23.414 8.52076 30.8332
    endloop
  endfacet
  facet normal 0.813735 -7.52037e-06 0.581236
    outer loop
      vertex 23.0782 11.4752 31.3031
      vertex 23.0921 8.391 31.2836
      vertex 23.0976 8.3939 31.2759
    endloop
  endfacet
  facet normal 0.813571 -9.70993e-06 0.581466
    outer loop
      vertex 23.0782 11.4752 31.3031
      vertex 22.7812 8.22882 31.7186
      vertex 23.0921 8.391 31.2836
    endloop
  endfacet
  facet normal 0.813444 2.47054e-05 0.581644
    outer loop
      vertex 23.0782 11.4752 31.3031
      vertex 22.4771 8.03203 32.1439
      vertex 22.7812 8.22882 31.7186
    endloop
  endfacet
  facet normal 0.815395 -0.000985144 0.578904
    outer loop
      vertex 23.0782 11.4752 31.3031
      vertex 22.4717 8.02851 32.1515
      vertex 22.4771 8.03203 32.1439
    endloop
  endfacet
  facet normal 0.812908 0.00031098 0.582391
    outer loop
      vertex 23.0782 11.4752 31.3031
      vertex 22.4664 8.02439 32.1589
      vertex 22.4717 8.02851 32.1515
    endloop
  endfacet
  facet normal 0.813462 2.08764e-05 0.581618
    outer loop
      vertex 23.0782 11.4752 31.3031
      vertex 22.1704 7.79382 32.5729
      vertex 22.4664 8.02439 32.1589
    endloop
  endfacet
  facet normal 0.813538 -3.46067e-05 0.581511
    outer loop
      vertex 23.0782 11.4752 31.3031
      vertex 21.8839 7.53046 32.9737
      vertex 22.1704 7.79382 32.5729
    endloop
  endfacet
  facet normal 0.816985 -0.0031367 0.57665
    outer loop
      vertex 23.0782 11.4752 31.3031
      vertex 21.8788 7.52576 32.9809
      vertex 21.8839 7.53046 32.9737
    endloop
  endfacet
  facet normal 0.813566 -5.00863e-05 0.581472
    outer loop
      vertex 23.0782 11.4752 31.3031
      vertex 21.6029 7.23074 33.3669
      vertex 21.8788 7.52576 32.9809
    endloop
  endfacet
  facet normal 0.809967 0.00362875 0.586465
    outer loop
      vertex 23.0782 11.4752 31.3031
      vertex 21.598 7.22547 33.3737
      vertex 21.6029 7.23074 33.3669
    endloop
  endfacet
  facet normal 0.805123 0.00852269 0.593047
    outer loop
      vertex 23.0782 11.4752 31.3031
      vertex 21.5932 7.21966 33.3803
      vertex 21.598 7.22547 33.3737
    endloop
  endfacet
  facet normal 0.8136 -0.000107983 0.581425
    outer loop
      vertex 23.0782 11.4752 31.3031
      vertex 21.3291 6.89424 33.7498
      vertex 21.5932 7.21966 33.3803
    endloop
  endfacet
  facet normal 0.827079 -0.0157005 0.561867
    outer loop
      vertex 23.0782 11.4752 31.3031
      vertex 21.3247 6.88791 33.7561
      vertex 21.3291 6.89424 33.7498
    endloop
  endfacet
  facet normal 0.813337 0.000207191 0.581793
    outer loop
      vertex 23.0782 11.4752 31.3031
      vertex 21.0735 6.53349 34.1074
      vertex 21.3247 6.88791 33.7561
    endloop
  endfacet
  facet normal 0.816862 -0.00404491 0.576819
    outer loop
      vertex 23.0782 11.4752 31.3031
      vertex 21.0693 6.52667 34.1133
      vertex 21.0735 6.53349 34.1074
    endloop
  endfacet
  facet normal 0.813576 -7.69068e-05 0.581458
    outer loop
      vertex 23.0782 11.4752 31.3031
      vertex 20.8322 6.14476 34.445
      vertex 21.0693 6.52667 34.1133
    endloop
  endfacet
  facet normal 0.813543 -3.51643e-05 0.581505
    outer loop
      vertex 23.0782 11.4752 31.3031
      vertex 20.6101 5.737 34.7557
      vertex 20.8322 6.14476 34.445
    endloop
  endfacet
  facet normal 0.814516 -0.00127548 0.580139
    outer loop
      vertex 23.0782 11.4752 31.3031
      vertex 20.6061 5.72972 34.7613
      vertex 20.6101 5.737 34.7557
    endloop
  endfacet
  facet normal 0.813403 0.000142732 0.5817
    outer loop
      vertex 23.0782 11.4752 31.3031
      vertex 20.4 5.29785 35.0496
      vertex 20.6061 5.72972 34.7613
    endloop
  endfacet
  facet normal 0.763306 0.059232 0.643316
    outer loop
      vertex 23.0782 11.4752 31.3031
      vertex 20.3963 5.29014 35.0547
      vertex 20.4 5.29785 35.0496
    endloop
  endfacet
  facet normal 0.811479 0.00336558 0.584371
    outer loop
      vertex 17.6016 0 38.9643
      vertex 20.0263 4.3362 35.5723
      vertex 20.029 4.345 35.5685
    endloop
  endfacet
  facet normal 0.813526 -2.20985e-05 0.581529
    outer loop
      vertex 17.6016 0 38.9643
      vertex 19.5259 2.25869 36.2724
      vertex 19.6202 2.79331 36.1405
    endloop
  endfacet
  facet normal 0.813514 3.27141e-05 0.581545
    outer loop
      vertex 17.6016 0 38.9643
      vertex 19.3947 1.12434 36.4559
      vertex 19.3952 1.13427 36.4552
    endloop
  endfacet
  facet normal 0.81353 -4.12859e-05 0.581523
    outer loop
      vertex 19.3947 1.12434 36.4559
      vertex 17.6016 0 38.9643
      vertex 19.3771 0.818103 36.4805
    endloop
  endfacet
  facet normal 0.813531 -4.79345e-05 0.581521
    outer loop
      vertex 19.4482 1.68549 36.3811
      vertex 17.6016 0 38.9643
      vertex 19.3952 1.13427 36.4552
    endloop
  endfacet
  facet normal 0.812695 0.00264862 0.582683
    outer loop
      vertex 19.4491 1.69533 36.3798
      vertex 17.6016 0 38.9643
      vertex 19.4482 1.68549 36.3811
    endloop
  endfacet
  facet normal 0.813913 -0.0012668 0.580985
    outer loop
      vertex 19.4504 1.70505 36.378
      vertex 17.6016 0 38.9643
      vertex 19.4491 1.69533 36.3798
    endloop
  endfacet
  facet normal 0.813496 7.40774e-05 0.581571
    outer loop
      vertex 19.5242 2.24914 36.2747
      vertex 17.6016 0 38.9643
      vertex 19.4504 1.70505 36.378
    endloop
  endfacet
  facet normal 0.815869 -0.00597961 0.578205
    outer loop
      vertex 19.5259 2.25869 36.2724
      vertex 17.6016 0 38.9643
      vertex 19.5242 2.24914 36.2747
    endloop
  endfacet
  facet normal 0.813465 0.000106805 0.581613
    outer loop
      vertex 19.7346 3.31618 35.9804
      vertex 17.6016 0 38.9643
      vertex 19.6202 2.79331 36.1405
    endloop
  endfacet
  facet normal 0.815403 -0.00359573 0.578883
    outer loop
      vertex 19.7367 3.32552 35.9775
      vertex 17.6016 0 38.9643
      vertex 19.7346 3.31618 35.9804
    endloop
  endfacet
  facet normal 0.816748 -0.00618476 0.576962
    outer loop
      vertex 19.7391 3.33461 35.9742
      vertex 17.6016 0 38.9643
      vertex 19.7367 3.32552 35.9775
    endloop
  endfacet
  facet normal 0.813502 2.05094e-05 0.581562
    outer loop
      vertex 19.8732 3.84349 35.7866
      vertex 17.6016 0 38.9643
      vertex 19.7391 3.33461 35.9742
    endloop
  endfacet
  facet normal 0.813327 0.000326646 0.581807
    outer loop
      vertex 20.0263 4.3362 35.5723
      vertex 17.6016 0 38.9643
      vertex 19.8732 3.84349 35.7866
    endloop
  endfacet
  facet normal 0.81365 -0.000205149 0.581354
    outer loop
      vertex 20.2006 4.81943 35.3285
      vertex 17.6016 0 38.9643
      vertex 20.029 4.345 35.5685
    endloop
  endfacet
  facet normal 0.818324 -0.0077415 0.574705
    outer loop
      vertex 20.2037 4.8279 35.3242
      vertex 17.6016 0 38.9643
      vertex 20.2006 4.81943 35.3285
    endloop
  endfacet
  facet normal 0.824336 -0.0176778 0.565825
    outer loop
      vertex 20.2071 4.83601 35.3195
      vertex 17.6016 0 38.9643
      vertex 20.2037 4.8279 35.3242
    endloop
  endfacet
  facet normal 0.813051 0.0007384 0.582192
    outer loop
      vertex 20.3963 5.29014 35.0547
      vertex 17.6016 0 38.9643
      vertex 20.2071 4.83601 35.3195
    endloop
  endfacet
  facet normal 0.813591 -0.000105057 0.581437
    outer loop
      vertex 17.6016 0 38.9643
      vertex 20.3963 5.29014 35.0547
      vertex 23.0782 11.4752 31.3031
    endloop
  endfacet
  facet normal 0.813565 6.76489e-05 0.581474
    outer loop
      vertex 24.7303 8.67172 28.9919
      vertex 23.0782 11.4752 31.3031
      vertex 24.4056 8.69 29.4462
    endloop
  endfacet
  facet normal 0.813038 -0.000850253 0.58221
    outer loop
      vertex 24.7361 8.67139 28.9838
      vertex 23.0782 11.4752 31.3031
      vertex 24.7303 8.67172 28.9919
    endloop
  endfacet
  facet normal 0.813541 2.74327e-05 0.581508
    outer loop
      vertex 25.0594 8.61663 28.5315
      vertex 23.0782 11.4752 31.3031
      vertex 24.7361 8.67139 28.9838
    endloop
  endfacet
  facet normal 0.812992 -0.0010948 0.582274
    outer loop
      vertex 25.0652 8.61566 28.5234
      vertex 23.0782 11.4752 31.3031
      vertex 25.0594 8.61663 28.5315
    endloop
  endfacet
  facet normal 0.813555 6.08247e-05 0.581487
    outer loop
      vertex 25.3857 8.52465 28.075
      vertex 23.0782 11.4752 31.3031
      vertex 25.0652 8.61566 28.5234
    endloop
  endfacet
  facet normal 0.808432 -0.0115906 0.588475
    outer loop
      vertex 25.3915 8.52302 28.067
      vertex 23.0782 11.4752 31.3031
      vertex 25.3857 8.52465 28.075
    endloop
  endfacet
  facet normal 0.816848 0.00780231 0.5768
    outer loop
      vertex 25.3971 8.52076 28.0591
      vertex 23.0782 11.4752 31.3031
      vertex 25.3915 8.52302 28.067
    endloop
  endfacet
  facet normal 0.813594 0.000159225 0.581434
    outer loop
      vertex 25.7135 8.3939 27.6164
      vertex 23.0782 11.4752 31.3031
      vertex 25.3971 8.52076 28.0591
    endloop
  endfacet
  facet normal 0.804614 -0.0218342 0.593397
    outer loop
      vertex 25.7191 8.391 27.6087
      vertex 23.0782 11.4752 31.3031
      vertex 25.7135 8.3939 27.6164
    endloop
  endfacet
  facet normal 0.813608 0.000221946 0.581413
    outer loop
      vertex 26.03 8.22882 27.1737
      vertex 23.0782 11.4752 31.3031
      vertex 25.7191 8.391 27.6087
    endloop
  endfacet
  facet normal 0.813339 -0.000501124 0.58179
    outer loop
      vertex 26.3341 8.03203 26.7484
      vertex 23.0782 11.4752 31.3031
      vertex 26.03 8.22882 27.1737
    endloop
  endfacet
  facet normal 0.81775 0.0120586 0.575448
    outer loop
      vertex 26.3395 8.02851 26.7408
      vertex 23.0782 11.4752 31.3031
      vertex 26.3341 8.03203 26.7484
    endloop
  endfacet
  facet normal 0.81149 -0.00563304 0.584339
    outer loop
      vertex 26.3448 8.02439 26.7334
      vertex 23.0782 11.4752 31.3031
      vertex 26.3395 8.02851 26.7408
    endloop
  endfacet
  facet normal 0.813674 0.000429989 0.581321
    outer loop
      vertex 26.6407 7.79382 26.3194
      vertex 23.0782 11.4752 31.3031
      vertex 26.3448 8.02439 26.7334
    endloop
  endfacet
  facet normal 0.813503 -7.80696e-05 0.58156
    outer loop
      vertex 30.298 5.85 21.2032
      vertex 26.6407 7.79382 26.3194
      vertex 26.9272 7.53046 25.9186
    endloop
  endfacet
  facet normal 0.81676 0.020317 0.57662
    outer loop
      vertex 30.298 5.85 21.2032
      vertex 26.9272 7.53046 25.9186
      vertex 26.9324 7.52576 25.9114
    endloop
  endfacet
  facet normal 0.813501 -0.000129704 0.581564
    outer loop
      vertex 30.298 5.85 21.2032
      vertex 27.2179 7.21966 25.512
      vertex 27.482 6.89424 25.1425
    endloop
  endfacet
  facet normal 0.813488 -0.000284289 0.581581
    outer loop
      vertex 30.298 5.85 21.2032
      vertex 27.4865 6.88791 25.1363
      vertex 27.7376 6.53349 24.7849
    endloop
  endfacet
  facet normal 0.813521 -2.5799e-05 0.581536
    outer loop
      vertex 30.298 5.85 21.2032
      vertex 27.7419 6.52667 24.779
      vertex 27.979 6.14476 24.4473
    endloop
  endfacet
  facet normal 0.813511 -3.76648e-05 0.58155
    outer loop
      vertex 26.6407 7.79382 26.3194
      vertex 30.298 5.85 21.2032
      vertex 23.0782 11.4752 31.3031
    endloop
  endfacet
  facet normal 0.813559 0.000227233 0.581482
    outer loop
      vertex 27.2083 7.23074 25.5255
      vertex 30.298 5.85 21.2032
      vertex 26.9324 7.52576 25.9114
    endloop
  endfacet
  facet normal 0.812199 -0.00855997 0.583317
    outer loop
      vertex 27.2132 7.22547 25.5186
      vertex 30.298 5.85 21.2032
      vertex 27.2083 7.23074 25.5255
    endloop
  endfacet
  facet normal 0.812923 -0.00392882 0.582358
    outer loop
      vertex 27.2179 7.21966 25.512
      vertex 30.298 5.85 21.2032
      vertex 27.2132 7.22547 25.5186
    endloop
  endfacet
  facet normal 0.814939 0.0118148 0.579426
    outer loop
      vertex 27.4865 6.88791 25.1363
      vertex 30.298 5.85 21.2032
      vertex 27.482 6.89424 25.1425
    endloop
  endfacet
  facet normal 0.81452 0.0117797 0.580016
    outer loop
      vertex 27.7419 6.52667 24.779
      vertex 30.298 5.85 21.2032
      vertex 27.7376 6.53349 24.7849
    endloop
  endfacet
  facet normal 0.813522 8.65566e-07 0.581535
    outer loop
      vertex 28.2011 5.737 24.1366
      vertex 30.298 5.85 21.2032
      vertex 27.979 6.14476 24.4473
    endloop
  endfacet
  facet normal 0.813675 -0.0111897 0.581213
    outer loop
      vertex 28.205 5.72972 24.131
      vertex 30.298 5.85 21.2032
      vertex 28.2011 5.737 24.1366
    endloop
  endfacet
  facet normal 0.813504 0.000188149 0.581559
    outer loop
      vertex 28.4112 5.29785 23.8427
      vertex 30.298 5.85 21.2032
      vertex 28.205 5.72972 24.131
    endloop
  endfacet
  facet normal 0.813934 -0.00423296 0.580941
    outer loop
      vertex 28.4148 5.29014 23.8376
      vertex 30.298 5.85 21.2032
      vertex 28.4112 5.29785 23.8427
    endloop
  endfacet
  facet normal 0.813532 -0.000157978 0.58152
    outer loop
      vertex 30.298 5.85 21.2032
      vertex 28.4148 5.29014 23.8376
      vertex 28.5224 5.0319 23.687
    endloop
  endfacet
  facet normal 0.220598 0.946029 -0.237415
    outer loop
      vertex 0.578356 11.2761 3
      vertex -0.0824976 11.4302 3
      vertex 26.5926 11.0791 26.3866
    endloop
  endfacet
  facet normal 0.451171 0.725542 -0.519648
    outer loop
      vertex 4.47763 9.53603 3
      vertex 3.91332 9.88694 3
      vertex 29.2167 8.27315 22.7158
    endloop
  endfacet
  facet normal -0.336388 -0.219291 0.915835
    outer loop
      vertex 17.7323 -2.28256 38.7814
      vertex -77.7826 -5.20014 3
      vertex 17.8334 -3.02818 38.64
    endloop
  endfacet
  facet normal 0.81261 0.00080787 0.582808
    outer loop
      vertex 30.6916 -4.4774 20.6525
      vertex 30.298 -5.85 21.2032
      vertex 30.5079 -5.17478 20.9096
    endloop
  endfacet
  facet normal 0.81261 -0.00080787 0.582808
    outer loop
      vertex 18.5131 -5.85 37.6891
      vertex 18.1195 -4.4774 38.2398
      vertex 18.3032 -5.17478 37.9827
    endloop
  endfacet
  facet normal 0.813192 -0.00010787 0.581995
    outer loop
      vertex 17.9627 -3.76084 38.4592
      vertex 17.7323 -2.28256 38.7814
      vertex 17.8334 -3.02818 38.64
    endloop
  endfacet
  facet normal -0.339955 -0.18169 0.922724
    outer loop
      vertex 17.7323 -2.28256 38.7814
      vertex -78.3947 -4.13982 3
      vertex -78.106 -4.68 3
    endloop
  endfacet
  facet normal 0.813682 0.000100167 0.58131
    outer loop
      vertex 18.5131 -5.85 37.6891
      vertex 17.7323 -2.28256 38.7814
      vertex 18.1195 -4.4774 38.2398
    endloop
  endfacet
  facet normal 0.81397 0.00025083 0.580906
    outer loop
      vertex 18.1195 -4.4774 38.2398
      vertex 17.7323 -2.28256 38.7814
      vertex 17.9627 -3.76084 38.4592
    endloop
  endfacet
  facet normal 0.812881 -0.000123855 0.582429
    outer loop
      vertex 17.7323 -2.28256 38.7814
      vertex 17.6016 0 38.9643
      vertex 17.6161 -0.765216 38.9439
    endloop
  endfacet
  facet normal 0.813446 8.59497e-05 0.58164
    outer loop
      vertex 19.29 7.71435 36.6023
      vertex 18.5131 5.85 37.6891
      vertex 19.9194 8.79653 35.7219
    endloop
  endfacet
  facet normal 0.0231558 0.99945 -0.0237422
    outer loop
      vertex -2.59811 11.6974 3
      vertex 24.4056 11.7 29.4462
      vertex 24.8506 11.6749 28.8236
    endloop
  endfacet
  facet normal 0.0230473 0.999455 -0.0236314
    outer loop
      vertex 24.4056 11.7 29.4462
      vertex -2.59811 11.6974 3
      vertex -2.71086 11.7 3
    endloop
  endfacet
  facet normal -0.0951341 0.96576 0.241363
    outer loop
      vertex -70.6122 9.33996 3
      vertex -71.2217 9.27992 3
      vertex 22.6446 11.3013 31.9096
    endloop
  endfacet
  facet normal -0.125672 -0.931559 0.34118
    outer loop
      vertex 21.8018 -10.8094 33.0886
      vertex -71.2217 -9.27992 3
      vertex 22.2185 -11.0791 32.5057
    endloop
  endfacet
  facet normal 0.0680922 -0.99518 -0.0705696
    outer loop
      vertex -1.79708 -11.667 3
      vertex 24.8506 -11.6749 28.8236
      vertex -1.91254 -11.6749 3
    endloop
  endfacet
  facet normal 0.0687579 -0.995085 -0.0712565
    outer loop
      vertex 24.8506 -11.6749 28.8236
      vertex -1.79708 -11.667 3
      vertex 25.2937 -11.5999 28.2038
    endloop
  endfacet
  facet normal 0.813424 -0.000124198 0.581671
    outer loop
      vertex 19.9194 -8.79653 35.7219
      vertex 19.29 -7.71435 36.6023
      vertex 19.5944 -8.27315 36.1765
    endloop
  endfacet
  facet normal 0.813446 -8.59497e-05 0.58164
    outer loop
      vertex 19.9194 -8.79653 35.7219
      vertex 18.5131 -5.85 37.6891
      vertex 19.29 -7.71435 36.6023
    endloop
  endfacet
  facet normal 0.814067 0.000426713 0.580772
    outer loop
      vertex 30.6916 4.4774 20.6525
      vertex 30.298 5.85 21.2032
      vertex 30.8485 3.76084 20.4331
    endloop
  endfacet
  facet normal 0.594514 0.317778 -0.738628
    outer loop
      vertex 8.54469 4.96718 3
      vertex 8.23676 5.54327 3
      vertex 30.8485 3.76084 20.4331
    endloop
  endfacet
  facet normal 0.813523 -8.36166e-06 0.581533
    outer loop
      vertex 30.298 -5.85 21.2032
      vertex 23.0782 -11.4752 31.3031
      vertex 28.1857 -9.72819 24.1581
    endloop
  endfacet
  facet normal 0.813519 2.62075e-05 0.581539
    outer loop
      vertex 28.1857 -9.72819 24.1581
      vertex 23.0782 -11.4752 31.3031
      vertex 24.4056 -11.7 29.4462
    endloop
  endfacet
  facet normal 0.81353 4.12859e-05 0.581523
    outer loop
      vertex 17.6016 0 38.9643
      vertex 19.3947 -1.12434 36.4559
      vertex 19.3771 -0.818103 36.4805
    endloop
  endfacet
  facet normal 0.813514 -3.27141e-05 0.581545
    outer loop
      vertex 17.6016 0 38.9643
      vertex 19.3952 -1.13427 36.4552
      vertex 19.3947 -1.12434 36.4559
    endloop
  endfacet
  facet normal 0.813531 4.79345e-05 0.581521
    outer loop
      vertex 17.6016 0 38.9643
      vertex 19.4482 -1.68549 36.3811
      vertex 19.3952 -1.13427 36.4552
    endloop
  endfacet
  facet normal 0.812695 -0.00264862 0.582683
    outer loop
      vertex 17.6016 0 38.9643
      vertex 19.4491 -1.69533 36.3798
      vertex 19.4482 -1.68549 36.3811
    endloop
  endfacet
  facet normal 0.813913 0.0012668 0.580985
    outer loop
      vertex 17.6016 0 38.9643
      vertex 19.4504 -1.70505 36.378
      vertex 19.4491 -1.69533 36.3798
    endloop
  endfacet
  facet normal 0.813496 -7.40774e-05 0.581571
    outer loop
      vertex 17.6016 0 38.9643
      vertex 19.5242 -2.24914 36.2747
      vertex 19.4504 -1.70505 36.378
    endloop
  endfacet
  facet normal 0.815869 0.00597961 0.578205
    outer loop
      vertex 17.6016 0 38.9643
      vertex 19.5259 -2.25869 36.2724
      vertex 19.5242 -2.24914 36.2747
    endloop
  endfacet
  facet normal 0.813526 2.20985e-05 0.581529
    outer loop
      vertex 17.6016 0 38.9643
      vertex 19.6202 -2.79331 36.1405
      vertex 19.5259 -2.25869 36.2724
    endloop
  endfacet
  facet normal 0.813465 -0.000106805 0.581613
    outer loop
      vertex 17.6016 0 38.9643
      vertex 19.7346 -3.31618 35.9804
      vertex 19.6202 -2.79331 36.1405
    endloop
  endfacet
  facet normal 0.815403 0.00359573 0.578883
    outer loop
      vertex 17.6016 0 38.9643
      vertex 19.7367 -3.32552 35.9775
      vertex 19.7346 -3.31618 35.9804
    endloop
  endfacet
  facet normal 0.816748 0.00618476 0.576962
    outer loop
      vertex 17.6016 0 38.9643
      vertex 19.7391 -3.33461 35.9742
      vertex 19.7367 -3.32552 35.9775
    endloop
  endfacet
  facet normal 0.813502 -2.05094e-05 0.581562
    outer loop
      vertex 17.6016 0 38.9643
      vertex 19.8732 -3.84349 35.7866
      vertex 19.7391 -3.33461 35.9742
    endloop
  endfacet
  facet normal 0.813327 -0.000326646 0.581807
    outer loop
      vertex 17.6016 0 38.9643
      vertex 20.0263 -4.3362 35.5723
      vertex 19.8732 -3.84349 35.7866
    endloop
  endfacet
  facet normal 0.811479 -0.00336558 0.584371
    outer loop
      vertex 17.6016 0 38.9643
      vertex 20.029 -4.345 35.5685
      vertex 20.0263 -4.3362 35.5723
    endloop
  endfacet
  facet normal 0.81365 0.000205149 0.581354
    outer loop
      vertex 17.6016 0 38.9643
      vertex 20.2006 -4.81943 35.3285
      vertex 20.029 -4.345 35.5685
    endloop
  endfacet
  facet normal 0.818324 0.0077415 0.574705
    outer loop
      vertex 17.6016 0 38.9643
      vertex 20.2037 -4.8279 35.3242
      vertex 20.2006 -4.81943 35.3285
    endloop
  endfacet
  facet normal 0.824336 0.0176778 0.565825
    outer loop
      vertex 17.6016 0 38.9643
      vertex 20.2071 -4.83601 35.3195
      vertex 20.2037 -4.8279 35.3242
    endloop
  endfacet
  facet normal 0.813051 -0.0007384 0.582192
    outer loop
      vertex 17.6016 0 38.9643
      vertex 20.3963 -5.29014 35.0547
      vertex 20.2071 -4.83601 35.3195
    endloop
  endfacet
  facet normal 0.847038 0.0569146 0.528476
    outer loop
      vertex 17.6016 0 38.9643
      vertex 20.4 -5.29785 35.0496
      vertex 20.3963 -5.29014 35.0547
    endloop
  endfacet
  facet normal 0.813649 0.000204071 0.581356
    outer loop
      vertex 17.6016 0 38.9643
      vertex 20.6061 -5.72972 34.7613
      vertex 20.4 -5.29785 35.0496
    endloop
  endfacet
  facet normal 0.813576 7.69068e-05 0.581458
    outer loop
      vertex 23.0782 -11.4752 31.3031
      vertex 21.0693 -6.52667 34.1133
      vertex 20.8322 -6.14476 34.445
    endloop
  endfacet
  facet normal 0.813462 -2.08764e-05 0.581618
    outer loop
      vertex 23.0782 -11.4752 31.3031
      vertex 22.4664 -8.02439 32.1589
      vertex 22.1704 -7.79382 32.5729
    endloop
  endfacet
  facet normal 0.815395 0.000985144 0.578904
    outer loop
      vertex 23.0782 -11.4752 31.3031
      vertex 22.4771 -8.03203 32.1439
      vertex 22.4717 -8.02851 32.1515
    endloop
  endfacet
  facet normal 0.813571 9.70993e-06 0.581466
    outer loop
      vertex 23.0782 -11.4752 31.3031
      vertex 23.0921 -8.391 31.2836
      vertex 22.7812 -8.22882 31.7186
    endloop
  endfacet
  facet normal 0.813573 1.053e-05 0.581462
    outer loop
      vertex 23.0782 -11.4752 31.3031
      vertex 23.414 -8.52076 30.8332
      vertex 23.0976 -8.3939 31.2759
    endloop
  endfacet
  facet normal 0.814393 -0.000285081 0.580313
    outer loop
      vertex 23.0782 -11.4752 31.3031
      vertex 23.4254 -8.52465 30.8173
      vertex 23.4197 -8.52302 30.8253
    endloop
  endfacet
  facet normal 0.813064 0.000512309 0.582173
    outer loop
      vertex 23.0782 -11.4752 31.3031
      vertex 24.0808 -8.67172 29.9004
      vertex 24.075 -8.67139 29.9085
    endloop
  endfacet
  facet normal 0.813421 0.000135284 0.581675
    outer loop
      vertex 24.0808 -8.67172 29.9004
      vertex 23.0782 -11.4752 31.3031
      vertex 24.4056 -8.69 29.4462
    endloop
  endfacet
  facet normal 0.81354 1.30333e-05 0.581509
    outer loop
      vertex 23.7517 -8.61663 30.3608
      vertex 23.0782 -11.4752 31.3031
      vertex 24.075 -8.67139 29.9085
    endloop
  endfacet
  facet normal 0.813074 0.000337479 0.582161
    outer loop
      vertex 23.7459 -8.61566 30.3689
      vertex 23.0782 -11.4752 31.3031
      vertex 23.7517 -8.61663 30.3608
    endloop
  endfacet
  facet normal 0.81355 8.58035e-06 0.581494
    outer loop
      vertex 23.4254 -8.52465 30.8173
      vertex 23.0782 -11.4752 31.3031
      vertex 23.7459 -8.61566 30.3689
    endloop
  endfacet
  facet normal 0.811065 0.000851214 0.584955
    outer loop
      vertex 23.414 -8.52076 30.8332
      vertex 23.0782 -11.4752 31.3031
      vertex 23.4197 -8.52302 30.8253
    endloop
  endfacet
  facet normal 0.813735 7.52037e-06 0.581236
    outer loop
      vertex 23.0921 -8.391 31.2836
      vertex 23.0782 -11.4752 31.3031
      vertex 23.0976 -8.3939 31.2759
    endloop
  endfacet
  facet normal 0.813444 -2.47054e-05 0.581644
    outer loop
      vertex 22.4771 -8.03203 32.1439
      vertex 23.0782 -11.4752 31.3031
      vertex 22.7812 -8.22882 31.7186
    endloop
  endfacet
  facet normal 0.812908 -0.00031098 0.582391
    outer loop
      vertex 22.4664 -8.02439 32.1589
      vertex 23.0782 -11.4752 31.3031
      vertex 22.4717 -8.02851 32.1515
    endloop
  endfacet
  facet normal 0.813538 3.46067e-05 0.581511
    outer loop
      vertex 21.8839 -7.53046 32.9737
      vertex 23.0782 -11.4752 31.3031
      vertex 22.1704 -7.79382 32.5729
    endloop
  endfacet
  facet normal 0.816985 0.0031367 0.57665
    outer loop
      vertex 21.8788 -7.52576 32.9809
      vertex 23.0782 -11.4752 31.3031
      vertex 21.8839 -7.53046 32.9737
    endloop
  endfacet
  facet normal 0.813566 5.00863e-05 0.581472
    outer loop
      vertex 21.6029 -7.23074 33.3669
      vertex 23.0782 -11.4752 31.3031
      vertex 21.8788 -7.52576 32.9809
    endloop
  endfacet
  facet normal 0.809967 -0.00362875 0.586465
    outer loop
      vertex 21.598 -7.22547 33.3737
      vertex 23.0782 -11.4752 31.3031
      vertex 21.6029 -7.23074 33.3669
    endloop
  endfacet
  facet normal 0.805123 -0.00852269 0.593047
    outer loop
      vertex 21.5932 -7.21966 33.3803
      vertex 23.0782 -11.4752 31.3031
      vertex 21.598 -7.22547 33.3737
    endloop
  endfacet
  facet normal 0.8136 0.000107983 0.581425
    outer loop
      vertex 21.3291 -6.89424 33.7498
      vertex 23.0782 -11.4752 31.3031
      vertex 21.5932 -7.21966 33.3803
    endloop
  endfacet
  facet normal 0.827079 0.0157005 0.561867
    outer loop
      vertex 21.3247 -6.88791 33.7561
      vertex 23.0782 -11.4752 31.3031
      vertex 21.3291 -6.89424 33.7498
    endloop
  endfacet
  facet normal 0.813337 -0.000207191 0.581793
    outer loop
      vertex 21.0735 -6.53349 34.1074
      vertex 23.0782 -11.4752 31.3031
      vertex 21.3247 -6.88791 33.7561
    endloop
  endfacet
  facet normal 0.816862 0.00404491 0.576819
    outer loop
      vertex 21.0693 -6.52667 34.1133
      vertex 23.0782 -11.4752 31.3031
      vertex 21.0735 -6.53349 34.1074
    endloop
  endfacet
  facet normal 0.813543 3.51643e-05 0.581505
    outer loop
      vertex 20.6101 -5.737 34.7557
      vertex 23.0782 -11.4752 31.3031
      vertex 20.8322 -6.14476 34.445
    endloop
  endfacet
  facet normal 0.814516 0.00127548 0.580139
    outer loop
      vertex 20.6061 -5.72972 34.7613
      vertex 23.0782 -11.4752 31.3031
      vertex 20.6101 -5.737 34.7557
    endloop
  endfacet
  facet normal 0.813527 1.39663e-05 0.581528
    outer loop
      vertex 23.0782 -11.4752 31.3031
      vertex 20.6061 -5.72972 34.7613
      vertex 17.6016 0 38.9643
    endloop
  endfacet
  facet normal 0.813504 -0.000188149 0.581559
    outer loop
      vertex 30.298 -5.85 21.2032
      vertex 28.4112 -5.29785 23.8427
      vertex 28.205 -5.72972 24.131
    endloop
  endfacet
  facet normal 0.813532 0.000157978 0.58152
    outer loop
      vertex 28.4148 -5.29014 23.8376
      vertex 30.298 -5.85 21.2032
      vertex 28.5224 -5.0319 23.687
    endloop
  endfacet
  facet normal 0.813934 0.00423296 0.580941
    outer loop
      vertex 28.4112 -5.29785 23.8427
      vertex 30.298 -5.85 21.2032
      vertex 28.4148 -5.29014 23.8376
    endloop
  endfacet
  facet normal 0.813675 0.0111897 0.581213
    outer loop
      vertex 28.2011 -5.737 24.1366
      vertex 30.298 -5.85 21.2032
      vertex 28.205 -5.72972 24.131
    endloop
  endfacet
  facet normal 0.813522 -8.65566e-07 0.581535
    outer loop
      vertex 27.979 -6.14476 24.4473
      vertex 30.298 -5.85 21.2032
      vertex 28.2011 -5.737 24.1366
    endloop
  endfacet
  facet normal 0.813521 2.5799e-05 0.581536
    outer loop
      vertex 27.7419 -6.52667 24.779
      vertex 30.298 -5.85 21.2032
      vertex 27.979 -6.14476 24.4473
    endloop
  endfacet
  facet normal 0.81452 -0.0117797 0.580016
    outer loop
      vertex 27.7376 -6.53349 24.7849
      vertex 30.298 -5.85 21.2032
      vertex 27.7419 -6.52667 24.779
    endloop
  endfacet
  facet normal 0.813488 0.000284289 0.581581
    outer loop
      vertex 27.4865 -6.88791 25.1363
      vertex 30.298 -5.85 21.2032
      vertex 27.7376 -6.53349 24.7849
    endloop
  endfacet
  facet normal 0.814939 -0.0118148 0.579426
    outer loop
      vertex 27.482 -6.89424 25.1425
      vertex 30.298 -5.85 21.2032
      vertex 27.4865 -6.88791 25.1363
    endloop
  endfacet
  facet normal 0.813501 0.000129704 0.581564
    outer loop
      vertex 27.2179 -7.21966 25.512
      vertex 30.298 -5.85 21.2032
      vertex 27.482 -6.89424 25.1425
    endloop
  endfacet
  facet normal 0.812923 0.00392882 0.582358
    outer loop
      vertex 27.2132 -7.22547 25.5186
      vertex 30.298 -5.85 21.2032
      vertex 27.2179 -7.21966 25.512
    endloop
  endfacet
  facet normal 0.812199 0.00855997 0.583317
    outer loop
      vertex 27.2083 -7.23074 25.5255
      vertex 30.298 -5.85 21.2032
      vertex 27.2132 -7.22547 25.5186
    endloop
  endfacet
  facet normal 0.813559 -0.000227233 0.581482
    outer loop
      vertex 26.9324 -7.52576 25.9114
      vertex 30.298 -5.85 21.2032
      vertex 27.2083 -7.23074 25.5255
    endloop
  endfacet
  facet normal 0.81676 -0.020317 0.57662
    outer loop
      vertex 26.9272 -7.53046 25.9186
      vertex 30.298 -5.85 21.2032
      vertex 26.9324 -7.52576 25.9114
    endloop
  endfacet
  facet normal 0.813503 7.80696e-05 0.58156
    outer loop
      vertex 26.6407 -7.79382 26.3194
      vertex 30.298 -5.85 21.2032
      vertex 26.9272 -7.53046 25.9186
    endloop
  endfacet
  facet normal 0.813424 0.000517735 0.581671
    outer loop
      vertex 26.3448 -8.02439 26.7334
      vertex 30.298 -5.85 21.2032
      vertex 26.6407 -7.79382 26.3194
    endloop
  endfacet
  facet normal 0.814776 -0.00686249 0.579735
    outer loop
      vertex 26.3395 -8.02851 26.7408
      vertex 30.298 -5.85 21.2032
      vertex 26.3448 -8.02439 26.7334
    endloop
  endfacet
  facet normal 0.81775 -0.0120586 0.575448
    outer loop
      vertex 23.0782 -11.4752 31.3031
      vertex 26.3395 -8.02851 26.7408
      vertex 26.3341 -8.03203 26.7484
    endloop
  endfacet
  facet normal 0.813339 0.000501124 0.58179
    outer loop
      vertex 23.0782 -11.4752 31.3031
      vertex 26.3341 -8.03203 26.7484
      vertex 26.03 -8.22882 27.1737
    endloop
  endfacet
  facet normal 0.804614 0.0218342 0.593397
    outer loop
      vertex 23.0782 -11.4752 31.3031
      vertex 25.7191 -8.391 27.6087
      vertex 25.7135 -8.3939 27.6164
    endloop
  endfacet
  facet normal 0.816848 -0.00780231 0.5768
    outer loop
      vertex 23.0782 -11.4752 31.3031
      vertex 25.3971 -8.52076 28.0591
      vertex 25.3915 -8.52302 28.067
    endloop
  endfacet
  facet normal 0.813555 -6.08247e-05 0.581487
    outer loop
      vertex 23.0782 -11.4752 31.3031
      vertex 25.3857 -8.52465 28.075
      vertex 25.0652 -8.61566 28.5234
    endloop
  endfacet
  facet normal 0.813565 -6.76489e-05 0.581474
    outer loop
      vertex 23.0782 -11.4752 31.3031
      vertex 24.7303 -8.67172 28.9919
      vertex 24.4056 -8.69 29.4462
    endloop
  endfacet
  facet normal 0.813519 7.97477e-06 0.581539
    outer loop
      vertex 26.3395 -8.02851 26.7408
      vertex 23.0782 -11.4752 31.3031
      vertex 30.298 -5.85 21.2032
    endloop
  endfacet
  facet normal 0.813608 -0.000221946 0.581413
    outer loop
      vertex 25.7191 -8.391 27.6087
      vertex 23.0782 -11.4752 31.3031
      vertex 26.03 -8.22882 27.1737
    endloop
  endfacet
  facet normal 0.813594 -0.000159225 0.581434
    outer loop
      vertex 25.3971 -8.52076 28.0591
      vertex 23.0782 -11.4752 31.3031
      vertex 25.7135 -8.3939 27.6164
    endloop
  endfacet
  facet normal 0.808432 0.0115906 0.588475
    outer loop
      vertex 25.3857 -8.52465 28.075
      vertex 23.0782 -11.4752 31.3031
      vertex 25.3915 -8.52302 28.067
    endloop
  endfacet
  facet normal 0.812992 0.0010948 0.582274
    outer loop
      vertex 25.0594 -8.61663 28.5315
      vertex 23.0782 -11.4752 31.3031
      vertex 25.0652 -8.61566 28.5234
    endloop
  endfacet
  facet normal 0.813541 -2.74327e-05 0.581508
    outer loop
      vertex 24.7361 -8.67139 28.9838
      vertex 23.0782 -11.4752 31.3031
      vertex 25.0594 -8.61663 28.5315
    endloop
  endfacet
  facet normal 0.813038 0.000850253 0.58221
    outer loop
      vertex 24.7303 -8.67172 28.9919
      vertex 23.0782 -11.4752 31.3031
      vertex 24.7361 -8.67139 28.9838
    endloop
  endfacet
  facet normal 0.576147 -0.412009 -0.705906
    outer loop
      vertex 30.5079 -5.17478 20.9096
      vertex 7.82707 -6.20634 3
      vertex 30.6916 -4.4774 20.6525
    endloop
  endfacet
  facet normal 0.576154 -0.411983 -0.705915
    outer loop
      vertex 7.82707 -6.20634 3
      vertex 30.5079 -5.17478 20.9096
      vertex 7.75294 -6.31001 3
    endloop
  endfacet
  facet normal 0.813454 0.000102806 0.58163
    outer loop
      vertex 30.298 -5.85 21.2032
      vertex 28.1857 -9.72819 24.1581
      vertex 28.8918 -8.79653 23.1704
    endloop
  endfacet
  facet normal 0.588793 0.351745 -0.727735
    outer loop
      vertex 8.23676 5.54327 3
      vertex 30.6916 4.4774 20.6525
      vertex 30.8485 3.76084 20.4331
    endloop
  endfacet
  facet normal 0.588808 0.351672 -0.727758
    outer loop
      vertex 30.6916 4.4774 20.6525
      vertex 8.23676 5.54327 3
      vertex 8.17265 5.65061 3
    endloop
  endfacet
  facet normal 0.617908 -0.0608598 -0.783891
    outer loop
      vertex 31.195 -0.765216 19.9484
      vertex 9.63016 -1.41257 3
      vertex 9.69392 -0.765216 3
    endloop
  endfacet
  facet normal 0.481809 0.672365 -0.561948
    outer loop
      vertex 5.12908 9.07121 3
      vertex 4.5905 9.45715 3
      vertex 29.5211 7.71435 22.29
    endloop
  endfacet
  facet normal 0.813137 -0.000586474 0.582073
    outer loop
      vertex 29.5211 7.71435 22.29
      vertex 29.2167 8.27315 22.7158
      vertex 29.8035 7.12251 21.8949
    endloop
  endfacet
  facet normal 0.50786 0.61882 -0.599282
    outer loop
      vertex 5.74698 8.56715 3
      vertex 5.23624 8.98631 3
      vertex 29.8035 7.12251 21.8949
    endloop
  endfacet
  facet normal 0 1 -0
    outer loop
      vertex -2.71086 11.7 3
      vertex -9.51817 11.7 5.196
      vertex 24.4056 11.7 29.4462
    endloop
  endfacet
  facet normal 0 1 0
    outer loop
      vertex -9.51817 11.7 5.196
      vertex -2.71086 11.7 3
      vertex -7.94121 11.7 3
    endloop
  endfacet
  facet normal 0.415524 0.777236 -0.472486
    outer loop
      vertex 3.67607 10.0246 3
      vertex 3.08649 10.3398 3
      vertex 28.5476 9.28223 23.6519
    endloop
  endfacet
  facet normal 0.561216 0.470534 -0.680908
    outer loop
      vertex 6.95494 7.34998 3
      vertex 30.298 5.85 21.2032
      vertex 30.5079 5.17478 20.9096
    endloop
  endfacet
  facet normal 0.561213 0.470542 -0.680904
    outer loop
      vertex 30.298 5.85 21.2032
      vertex 6.95494 7.34998 3
      vertex 6.87061 7.45056 3
    endloop
  endfacet
  facet normal 0.563366 0.462344 -0.684731
    outer loop
      vertex 7.37096 6.84306 3
      vertex 6.95494 7.34998 3
      vertex 30.5079 5.17478 20.9096
    endloop
  endfacet
  facet normal 0.280533 0.909708 -0.306158
    outer loop
      vertex 1.47377 11.0095 3
      vertex 27.0093 10.8094 25.8037
      vertex 27.4149 10.4934 25.2364
    endloop
  endfacet
  facet normal 0.280112 0.909997 -0.305684
    outer loop
      vertex 27.0093 10.8094 25.8037
      vertex 1.47377 11.0095 3
      vertex 1.34967 11.0477 3
    endloop
  endfacet
  facet normal 0.374459 0.82657 -0.420194
    outer loop
      vertex 2.96404 10.3984 3
      vertex 2.35326 10.6751 3
      vertex 28.1857 9.72819 24.1581
    endloop
  endfacet
  facet normal 0.813523 8.36166e-06 0.581533
    outer loop
      vertex 28.1857 9.72819 24.1581
      vertex 23.0782 11.4752 31.3031
      vertex 30.298 5.85 21.2032
    endloop
  endfacet
  facet normal 0.813137 0.000586474 0.582073
    outer loop
      vertex 29.8035 -7.12251 21.8949
      vertex 29.2167 -8.27315 22.7158
      vertex 29.5211 -7.71435 22.29
    endloop
  endfacet
  facet normal -0.347739 -0.0113608 0.937523
    outer loop
      vertex 17.6016 0 38.9643
      vertex -79.36 0 3
      vertex -79.34 -0.612173 3
    endloop
  endfacet
  facet normal -0.320987 -0.340798 0.883643
    outer loop
      vertex 17.9627 -3.76084 38.4592
      vertex -76.6185 -6.61852 3
      vertex 18.1195 -4.4774 38.2398
    endloop
  endfacet
  facet normal -0.314257 -0.382945 0.868675
    outer loop
      vertex 18.1195 -4.4774 38.2398
      vertex -76.1715 -7.03722 3
      vertex -75.698 -7.42579 3
    endloop
  endfacet
  facet normal 0.814929 0.000340228 0.57956
    outer loop
      vertex 17.7323 -2.28256 38.7814
      vertex 17.6161 -0.765216 38.9439
      vertex 17.6598 -1.52716 38.8829
    endloop
  endfacet
  facet normal -0.346196 -0.0807307 0.934682
    outer loop
      vertex 17.6161 -0.765216 38.9439
      vertex -79.1802 -1.82605 3
      vertex -79.0411 -2.42255 3
    endloop
  endfacet
  facet normal -0.306299 0.427476 0.850556
    outer loop
      vertex -75.2001 7.78255 3
      vertex -75.698 7.42579 3
      vertex 18.3032 5.17478 37.9827
    endloop
  endfacet
  facet normal -0.345128 0.104695 0.932698
    outer loop
      vertex -78.8633 3.00867 3
      vertex -79.0411 2.42255 3
      vertex 17.6598 1.52716 38.8829
    endloop
  endfacet
  facet normal -0.284244 -0.531808 0.797738
    outer loop
      vertex 18.7482 -6.50017 37.3602
      vertex -74.68 -8.106 3
      vertex -74.1398 -8.39473 3
    endloop
  endfacet
  facet normal -0.345128 -0.104695 0.932698
    outer loop
      vertex 17.6598 -1.52716 38.8829
      vertex -79.0411 -2.42255 3
      vertex -78.8633 -3.00867 3
    endloop
  endfacet
  facet normal -0.261668 0.619136 0.740406
    outer loop
      vertex 19.29 7.71435 36.6023
      vertex -73.5819 8.64751 3
      vertex 19.0076 7.12251 36.9974
    endloop
  endfacet
  facet normal 0.813405 0.000136961 0.581698
    outer loop
      vertex 18.7482 6.50017 37.3602
      vertex 18.5131 5.85 37.6891
      vertex 19.29 7.71435 36.6023
    endloop
  endfacet
  facet normal -0.148376 0.898701 0.4127
    outer loop
      vertex -71.2217 9.27992 3
      vertex -71.826 9.18015 3
      vertex 21.3962 10.4934 33.6559
    endloop
  endfacet
  facet normal 0.813476 0.000143158 0.581599
    outer loop
      vertex 21.8018 10.8094 33.0886
      vertex 21.0036 10.1325 34.2052
      vertex 22.2185 11.0791 32.5057
    endloop
  endfacet
  facet normal 0.813475 0.000730525 0.581599
    outer loop
      vertex 23.5175 11.5999 30.6885
      vertex 23.0782 11.4752 31.3031
      vertex 24.4056 11.7 29.4462
    endloop
  endfacet
  facet normal -0.180848 -0.839508 0.512368
    outer loop
      vertex 20.6255 -9.72819 34.7342
      vertex -71.826 -9.18015 3
      vertex 21.0036 -10.1325 34.2052
    endloop
  endfacet
  facet normal 0.81296 -0.00193327 0.582316
    outer loop
      vertex 21.8018 -10.8094 33.0886
      vertex 21.0036 -10.1325 34.2052
      vertex 21.3962 -10.4934 33.6559
    endloop
  endfacet
  facet normal -0.144475 -0.904757 0.400677
    outer loop
      vertex 21.3962 -10.4934 33.6559
      vertex -71.2217 -9.27992 3
      vertex 21.8018 -10.8094 33.0886
    endloop
  endfacet
  facet normal 0.813257 -0.000543624 0.581905
    outer loop
      vertex 20.6255 -9.72819 34.7342
      vertex 19.9194 -8.79653 35.7219
      vertex 20.2636 -9.28223 35.2404
    endloop
  endfacet
  facet normal -0.215207 -0.760209 0.613
    outer loop
      vertex 19.9194 -8.79653 35.7219
      vertex -72.4225 -9.04107 3
      vertex 20.2636 -9.28223 35.2404
    endloop
  endfacet
  facet normal -0.261668 -0.619136 0.740406
    outer loop
      vertex 19.0076 -7.12251 36.9974
      vertex -73.5819 -8.64751 3
      vertex 19.29 -7.71435 36.6023
    endloop
  endfacet
  facet normal -0.268829 -0.593321 0.75875
    outer loop
      vertex 19.0076 -7.12251 36.9974
      vertex -74.1398 -8.39473 3
      vertex -73.5819 -8.64751 3
    endloop
  endfacet
  facet normal 0.813541 9.28626e-05 0.581507
    outer loop
      vertex 23.0782 -11.4752 31.3031
      vertex 19.9194 -8.79653 35.7219
      vertex 20.6255 -9.72819 34.7342
    endloop
  endfacet
  facet normal 0.813492 -0.000109267 0.581576
    outer loop
      vertex 23.0782 -11.4752 31.3031
      vertex 20.6255 -9.72819 34.7342
      vertex 22.2185 -11.0791 32.5057
    endloop
  endfacet
  facet normal 0.813542 -0.0004256 0.581507
    outer loop
      vertex 25.733 -11.4752 27.5893
      vertex 24.4056 -11.7 29.4462
      vertex 25.2937 -11.5999 28.2038
    endloop
  endfacet
  facet normal 0.813475 -0.000730525 0.581599
    outer loop
      vertex 24.4056 -11.7 29.4462
      vertex 23.0782 -11.4752 31.3031
      vertex 23.5175 -11.5999 30.6885
    endloop
  endfacet
  facet normal 0.813514 5.14062e-05 0.581545
    outer loop
      vertex 28.1857 -9.72819 24.1581
      vertex 24.4056 -11.7 29.4462
      vertex 25.733 -11.4752 27.5893
    endloop
  endfacet
  facet normal 0.599074 -0.289833 -0.746396
    outer loop
      vertex 30.8485 -3.76084 20.4331
      vertex 8.5981 -4.8568 3
      vertex 30.9777 -3.02818 20.2523
    endloop
  endfacet
  facet normal 0.599068 -0.289873 -0.746385
    outer loop
      vertex 8.5981 -4.8568 3
      vertex 30.8485 -3.76084 20.4331
      vertex 8.54469 -4.96718 3
    endloop
  endfacet
  facet normal 0.588793 -0.351745 -0.727735
    outer loop
      vertex 30.6916 -4.4774 20.6525
      vertex 8.23676 -5.54327 3
      vertex 30.8485 -3.76084 20.4331
    endloop
  endfacet
  facet normal 0.588808 -0.351672 -0.727758
    outer loop
      vertex 8.23676 -5.54327 3
      vertex 30.6916 -4.4774 20.6525
      vertex 8.17265 -5.65061 3
    endloop
  endfacet
  facet normal 0.599074 0.289833 -0.746396
    outer loop
      vertex 8.5981 4.8568 3
      vertex 30.8485 3.76084 20.4331
      vertex 30.9777 3.02818 20.2523
    endloop
  endfacet
  facet normal 0.599068 0.289873 -0.746385
    outer loop
      vertex 30.8485 3.76084 20.4331
      vertex 8.5981 4.8568 3
      vertex 8.54469 4.96718 3
    endloop
  endfacet
  facet normal 0.814112 0.00026085 0.580708
    outer loop
      vertex 30.9777 3.02818 20.2523
      vertex 30.8485 3.76084 20.4331
      vertex 31.0788 2.28256 20.1109
    endloop
  endfacet
  facet normal 0.618696 0.0202546 -0.785369
    outer loop
      vertex 9.72128 0 3
      vertex 9.7 0.650019 3
      vertex 31.2096 0 19.928
    endloop
  endfacet
  facet normal 0.618724 0.0327305 -0.784926
    outer loop
      vertex 9.7 0.650019 3
      vertex 31.195 0.765216 19.9484
      vertex 31.2096 0 19.928
    endloop
  endfacet
  facet normal 0.618726 0.0326558 -0.784928
    outer loop
      vertex 31.195 0.765216 19.9484
      vertex 9.7 0.650019 3
      vertex 9.69392 0.765216 3
    endloop
  endfacet
  facet normal 0.617908 0.0608598 -0.783891
    outer loop
      vertex 9.69392 0.765216 3
      vertex 9.63016 1.41257 3
      vertex 31.195 0.765216 19.9484
    endloop
  endfacet
  facet normal 0.813958 0.00207007 0.58092
    outer loop
      vertex 26.5926 11.0791 26.3866
      vertex 26.1666 11.3013 26.9827
      vertex 27.0093 10.8094 25.8037
    endloop
  endfacet
  facet normal -0.0190649 0.999462 0.02667
    outer loop
      vertex -9.51817 11.7 5.196
      vertex -9.96317 11.6749 5.81852
      vertex 24.4056 11.7 29.4462
    endloop
  endfacet
  facet normal 0.813454 -0.000102806 0.58163
    outer loop
      vertex 28.8918 8.79653 23.1704
      vertex 28.1857 9.72819 24.1581
      vertex 30.298 5.85 21.2032
    endloop
  endfacet
  facet normal 0.813257 -0.000543624 0.581905
    outer loop
      vertex 28.5476 9.28223 23.6519
      vertex 28.1857 9.72819 24.1581
      vertex 28.8918 8.79653 23.1704
    endloop
  endfacet
  facet normal 0.813597 0.000292867 0.581429
    outer loop
      vertex 27.0093 10.8094 25.8037
      vertex 25.733 11.4752 27.5893
      vertex 28.1857 9.72819 24.1581
    endloop
  endfacet
  facet normal 0 -1 0
    outer loop
      vertex -2.71086 -11.7 3
      vertex -9.51817 -11.7 5.196
      vertex -7.94121 -11.7 3
    endloop
  endfacet
  facet normal 0 -1 0
    outer loop
      vertex -9.51817 -11.7 5.196
      vertex -2.71086 -11.7 3
      vertex 24.4056 -11.7 29.4462
    endloop
  endfacet
  facet normal 0.50786 -0.61882 -0.599282
    outer loop
      vertex 29.8035 -7.12251 21.8949
      vertex 5.23624 -8.98631 3
      vertex 5.74698 -8.56715 3
    endloop
  endfacet
  facet normal 0.523905 -0.581309 -0.622578
    outer loop
      vertex 29.8035 -7.12251 21.8949
      vertex 5.84747 -8.47658 3
      vertex 30.0629 -6.50017 21.5321
    endloop
  endfacet
  facet normal 0.523911 -0.581294 -0.622587
    outer loop
      vertex 5.84747 -8.47658 3
      vertex 29.8035 -7.12251 21.8949
      vertex 5.74698 -8.56715 3
    endloop
  endfacet
  facet normal 0.610914 -0.185312 -0.769704
    outer loop
      vertex 31.0788 -2.28256 20.1109
      vertex 9.13886 -3.54032 3
      vertex 9.32795 -2.91695 3
    endloop
  endfacet
  facet normal -0.329383 -0.280604 0.901537
    outer loop
      vertex 17.8334 -3.02818 38.64
      vertex -77.0372 -6.17148 3
      vertex 17.9627 -3.76084 38.4592
    endloop
  endfacet
  facet normal -0.330589 -0.271331 0.90393
    outer loop
      vertex 17.8334 -3.02818 38.64
      vertex -77.4258 -5.69801 3
      vertex -77.0372 -6.17148 3
    endloop
  endfacet
  facet normal -0.320748 -0.342428 0.883099
    outer loop
      vertex 18.1195 -4.4774 38.2398
      vertex -76.6185 -6.61852 3
      vertex -76.1715 -7.03722 3
    endloop
  endfacet
  facet normal -0.249145 -0.661893 0.706983
    outer loop
      vertex 19.29 -7.71435 36.6023
      vertex -73.5819 -8.64751 3
      vertex -73.0087 -8.86327 3
    endloop
  endfacet
  facet normal 0.814185 0.00089394 0.580605
    outer loop
      vertex 19.29 -7.71435 36.6023
      vertex 18.7482 -6.50017 37.3602
      vertex 19.0076 -7.12251 36.9974
    endloop
  endfacet
  facet normal 0.813405 -0.000136961 0.581698
    outer loop
      vertex 19.29 -7.71435 36.6023
      vertex 18.5131 -5.85 37.6891
      vertex 18.7482 -6.50017 37.3602
    endloop
  endfacet
  facet normal -0.296489 -0.476747 0.82753
    outer loop
      vertex 18.5131 -5.85 37.6891
      vertex -75.2001 -7.78255 3
      vertex -74.68 -8.106 3
    endloop
  endfacet
  facet normal -0.342017 -0.154978 0.926826
    outer loop
      vertex 17.6598 -1.52716 38.8829
      vertex -78.6475 -3.58192 3
      vertex -78.3947 -4.13982 3
    endloop
  endfacet
  facet normal -0.343779 -0.129416 0.93009
    outer loop
      vertex 17.6598 -1.52716 38.8829
      vertex -78.8633 -3.00867 3
      vertex -78.6475 -3.58192 3
    endloop
  endfacet
  facet normal -0.337378 -0.209767 0.917701
    outer loop
      vertex 17.7323 -2.28256 38.7814
      vertex -78.106 -4.68 3
      vertex -77.7826 -5.20014 3
    endloop
  endfacet
  facet normal -0.28846 0.513216 0.808332
    outer loop
      vertex 18.7482 6.50017 37.3602
      vertex -74.68 8.106 3
      vertex 18.5131 5.85 37.6891
    endloop
  endfacet
  facet normal -0.300402 0.457337 0.837019
    outer loop
      vertex 18.5131 5.85 37.6891
      vertex -75.2001 7.78255 3
      vertex 18.3032 5.17478 37.9827
    endloop
  endfacet
  facet normal -0.346988 0.0572447 0.936121
    outer loop
      vertex -79.1802 1.82605 3
      vertex -79.2799 1.22172 3
      vertex 17.6161 0.765216 38.9439
    endloop
  endfacet
  facet normal -0.346196 0.0807307 0.934682
    outer loop
      vertex -79.0411 2.42255 3
      vertex -79.1802 1.82605 3
      vertex 17.6161 0.765216 38.9439
    endloop
  endfacet
  facet normal -0.337378 0.209767 0.917701
    outer loop
      vertex -77.7826 5.20014 3
      vertex -78.106 4.68 3
      vertex 17.7323 2.28256 38.7814
    endloop
  endfacet
  facet normal -0.339955 0.18169 0.922724
    outer loop
      vertex -78.106 4.68 3
      vertex -78.3947 4.13982 3
      vertex 17.7323 2.28256 38.7814
    endloop
  endfacet
  facet normal -0.268829 0.593321 0.75875
    outer loop
      vertex -73.5819 8.64751 3
      vertex -74.1398 8.39473 3
      vertex 19.0076 7.12251 36.9974
    endloop
  endfacet
  facet normal 0.813257 0.000543624 0.581905
    outer loop
      vertex 20.2636 9.28223 35.2404
      vertex 19.9194 8.79653 35.7219
      vertex 20.6255 9.72819 34.7342
    endloop
  endfacet
  facet normal 0.813492 0.000109267 0.581576
    outer loop
      vertex 22.2185 11.0791 32.5057
      vertex 20.6255 9.72819 34.7342
      vertex 23.0782 11.4752 31.3031
    endloop
  endfacet
  facet normal -0.180848 0.839508 0.512368
    outer loop
      vertex 21.0036 10.1325 34.2052
      vertex -71.826 9.18015 3
      vertex 20.6255 9.72819 34.7342
    endloop
  endfacet
  facet normal -0.0681925 0.986127 0.151339
    outer loop
      vertex 23.5175 11.5999 30.6885
      vertex -70.6122 9.33996 3
      vertex 23.0782 11.4752 31.3031
    endloop
  endfacet
  facet normal 0.813519 -2.62075e-05 0.581539
    outer loop
      vertex 24.4056 11.7 29.4462
      vertex 23.0782 11.4752 31.3031
      vertex 28.1857 9.72819 24.1581
    endloop
  endfacet
  facet normal -0.162867 -0.873996 0.457826
    outer loop
      vertex 21.0036 -10.1325 34.2052
      vertex -71.826 -9.18015 3
      vertex 21.3962 -10.4934 33.6559
    endloop
  endfacet
  facet normal 0.813476 -0.000143158 0.581599
    outer loop
      vertex 22.2185 -11.0791 32.5057
      vertex 21.0036 -10.1325 34.2052
      vertex 21.8018 -10.8094 33.0886
    endloop
  endfacet
  facet normal -0.0681925 -0.986127 0.151339
    outer loop
      vertex 23.0782 -11.4752 31.3031
      vertex -70.6122 -9.33996 3
      vertex 23.5175 -11.5999 30.6885
    endloop
  endfacet
  facet normal -0.0490078 -0.995142 0.0853829
    outer loop
      vertex 23.5175 -11.5999 30.6885
      vertex -70.6122 -9.33996 3
      vertex 23.9606 -11.6749 30.0687
    endloop
  endfacet
  facet normal -0.0190649 -0.999462 0.02667
    outer loop
      vertex 24.4056 -11.7 29.4462
      vertex -9.96317 -11.6749 5.81852
      vertex -9.51817 -11.7 5.196
    endloop
  endfacet
  facet normal -0.0327491 -0.999187 -0.0235173
    outer loop
      vertex -7.94121 -11.7 3
      vertex -9.51817 -11.7 5.196
      vertex -8.26462 -11.6894 3
    endloop
  endfacet
  facet normal 0.813509 0 0.581552
    outer loop
      vertex 30.298 5.85 21.2032
      vertex 30.298 -5.85 21.2032
      vertex 31.2096 0 19.928
    endloop
  endfacet
  facet normal 0.813474 0.000214513 0.581601
    outer loop
      vertex 28.6041 4.83601 23.5728
      vertex 30.298 5.85 21.2032
      vertex 28.5224 5.0319 23.687
    endloop
  endfacet
  facet normal 0.812859 0.00323033 0.582452
    outer loop
      vertex 28.6075 4.8279 23.5681
      vertex 30.298 5.85 21.2032
      vertex 28.6041 4.83601 23.5728
    endloop
  endfacet
  facet normal 0.814698 -0.00581862 0.579856
    outer loop
      vertex 28.6105 4.81943 23.5638
      vertex 30.298 5.85 21.2032
      vertex 28.6075 4.8279 23.5681
    endloop
  endfacet
  facet normal 0.813502 4.69796e-05 0.581561
    outer loop
      vertex 28.7821 4.345 23.3238
      vertex 30.298 5.85 21.2032
      vertex 28.6105 4.81943 23.5638
    endloop
  endfacet
  facet normal 0.813908 -0.00116176 0.580993
    outer loop
      vertex 28.7848 4.3362 23.32
      vertex 30.298 5.85 21.2032
      vertex 28.7821 4.345 23.3238
    endloop
  endfacet
  facet normal 0.813512 8.92416e-06 0.581548
    outer loop
      vertex 28.938 3.84349 23.1057
      vertex 30.298 5.85 21.2032
      vertex 28.7848 4.3362 23.32
    endloop
  endfacet
  facet normal 0.813479 7.57891e-05 0.581594
    outer loop
      vertex 29.0721 3.33461 22.9182
      vertex 30.298 5.85 21.2032
      vertex 28.938 3.84349 23.1057
    endloop
  endfacet
  facet normal 0.814748 -0.00175695 0.579813
    outer loop
      vertex 29.0745 3.32552 22.9148
      vertex 30.298 5.85 21.2032
      vertex 29.0721 3.33461 22.9182
    endloop
  endfacet
  facet normal 0.81656 -0.00437756 0.577244
    outer loop
      vertex 29.0765 3.31618 22.9119
      vertex 30.298 5.85 21.2032
      vertex 29.0745 3.32552 22.9148
    endloop
  endfacet
  facet normal 0.813493 2.20967e-05 0.581575
    outer loop
      vertex 29.1909 2.79331 22.7519
      vertex 30.298 5.85 21.2032
      vertex 29.0765 3.31618 22.9119
    endloop
  endfacet
  facet normal 0.813476 3.96879e-05 0.581598
    outer loop
      vertex 29.2853 2.25869 22.6199
      vertex 30.298 5.85 21.2032
      vertex 29.1909 2.79331 22.7519
    endloop
  endfacet
  facet normal 0.81632 -0.00234112 0.577595
    outer loop
      vertex 29.2869 2.24914 22.6176
      vertex 30.298 5.85 21.2032
      vertex 29.2853 2.25869 22.6199
    endloop
  endfacet
  facet normal 0.81348 2.65179e-05 0.581593
    outer loop
      vertex 29.3607 1.70505 22.5144
      vertex 30.298 5.85 21.2032
      vertex 29.2869 2.24914 22.6176
    endloop
  endfacet
  facet normal 0.818019 -0.00302726 0.575184
    outer loop
      vertex 29.362 1.69533 22.5125
      vertex 30.298 5.85 21.2032
      vertex 29.3607 1.70505 22.5144
    endloop
  endfacet
  facet normal 0.807319 0.00408415 0.590101
    outer loop
      vertex 29.363 1.68549 22.5112
      vertex 30.298 5.85 21.2032
      vertex 29.362 1.69533 22.5125
    endloop
  endfacet
  facet normal 0.813519 2.52948e-06 0.581538
    outer loop
      vertex 29.4159 1.13427 22.4372
      vertex 30.298 5.85 21.2032
      vertex 29.363 1.68549 22.5112
    endloop
  endfacet
  facet normal 0.810337 0.00175556 0.585962
    outer loop
      vertex 29.4165 1.12434 22.4364
      vertex 30.298 5.85 21.2032
      vertex 29.4159 1.13427 22.4372
    endloop
  endfacet
  facet normal 0.813696 -8.99923e-05 0.581291
    outer loop
      vertex 29.4483 0.568353 22.3918
      vertex 30.298 5.85 21.2032
      vertex 29.4165 1.12434 22.4364
    endloop
  endfacet
  facet normal 0.815694 -0.0010435 0.578482
    outer loop
      vertex 29.4485 0.558381 22.3915
      vertex 30.298 5.85 21.2032
      vertex 29.4483 0.568353 22.3918
    endloop
  endfacet
  facet normal 0.813448 2.56368e-05 0.581637
    outer loop
      vertex 29.4591 0 22.3767
      vertex 30.298 5.85 21.2032
      vertex 29.4485 0.558381 22.3915
    endloop
  endfacet
  facet normal 0.813448 -2.56368e-05 0.581637
    outer loop
      vertex 30.298 -5.85 21.2032
      vertex 29.4591 0 22.3767
      vertex 29.4485 -0.558381 22.3915
    endloop
  endfacet
  facet normal 0.815694 0.0010435 0.578482
    outer loop
      vertex 30.298 -5.85 21.2032
      vertex 29.4485 -0.558381 22.3915
      vertex 29.4483 -0.568353 22.3918
    endloop
  endfacet
  facet normal 0.813696 8.99923e-05 0.581291
    outer loop
      vertex 30.298 -5.85 21.2032
      vertex 29.4483 -0.568353 22.3918
      vertex 29.4165 -1.12434 22.4364
    endloop
  endfacet
  facet normal 0.810337 -0.00175556 0.585962
    outer loop
      vertex 30.298 -5.85 21.2032
      vertex 29.4165 -1.12434 22.4364
      vertex 29.4159 -1.13427 22.4372
    endloop
  endfacet
  facet normal 0.813519 -2.52948e-06 0.581538
    outer loop
      vertex 30.298 -5.85 21.2032
      vertex 29.4159 -1.13427 22.4372
      vertex 29.363 -1.68549 22.5112
    endloop
  endfacet
  facet normal 0.807319 -0.00408415 0.590101
    outer loop
      vertex 30.298 -5.85 21.2032
      vertex 29.363 -1.68549 22.5112
      vertex 29.362 -1.69533 22.5125
    endloop
  endfacet
  facet normal 0.81656 0.00437756 0.577244
    outer loop
      vertex 30.298 -5.85 21.2032
      vertex 29.0765 -3.31618 22.9119
      vertex 29.0745 -3.32552 22.9148
    endloop
  endfacet
  facet normal 0.813908 0.00116176 0.580993
    outer loop
      vertex 30.298 -5.85 21.2032
      vertex 28.7848 -4.3362 23.32
      vertex 28.7821 -4.345 23.3238
    endloop
  endfacet
  facet normal 0.814698 0.00581862 0.579856
    outer loop
      vertex 30.298 -5.85 21.2032
      vertex 28.6105 -4.81943 23.5638
      vertex 28.6075 -4.8279 23.5681
    endloop
  endfacet
  facet normal 0.813474 -0.000214513 0.581601
    outer loop
      vertex 30.298 -5.85 21.2032
      vertex 28.6041 -4.83601 23.5728
      vertex 28.5224 -5.0319 23.687
    endloop
  endfacet
  facet normal 0.813509 0 0.581553
    outer loop
      vertex 29.4591 0 22.3767
      vertex 30.298 -5.85 21.2032
      vertex 30.298 5.85 21.2032
    endloop
  endfacet
  facet normal 0.818019 0.00302726 0.575184
    outer loop
      vertex 29.3607 -1.70505 22.5144
      vertex 30.298 -5.85 21.2032
      vertex 29.362 -1.69533 22.5125
    endloop
  endfacet
  facet normal 0.81348 -2.65179e-05 0.581593
    outer loop
      vertex 29.2869 -2.24914 22.6176
      vertex 30.298 -5.85 21.2032
      vertex 29.3607 -1.70505 22.5144
    endloop
  endfacet
  facet normal 0.81632 0.00234112 0.577595
    outer loop
      vertex 29.2853 -2.25869 22.6199
      vertex 30.298 -5.85 21.2032
      vertex 29.2869 -2.24914 22.6176
    endloop
  endfacet
  facet normal 0.813476 -3.96879e-05 0.581598
    outer loop
      vertex 29.1909 -2.79331 22.7519
      vertex 30.298 -5.85 21.2032
      vertex 29.2853 -2.25869 22.6199
    endloop
  endfacet
  facet normal 0.813493 -2.20967e-05 0.581575
    outer loop
      vertex 29.0765 -3.31618 22.9119
      vertex 30.298 -5.85 21.2032
      vertex 29.1909 -2.79331 22.7519
    endloop
  endfacet
  facet normal 0.814748 0.00175695 0.579813
    outer loop
      vertex 29.0721 -3.33461 22.9182
      vertex 30.298 -5.85 21.2032
      vertex 29.0745 -3.32552 22.9148
    endloop
  endfacet
  facet normal 0.813479 -7.57891e-05 0.581594
    outer loop
      vertex 28.938 -3.84349 23.1057
      vertex 30.298 -5.85 21.2032
      vertex 29.0721 -3.33461 22.9182
    endloop
  endfacet
  facet normal 0.813512 -8.92416e-06 0.581548
    outer loop
      vertex 28.7848 -4.3362 23.32
      vertex 30.298 -5.85 21.2032
      vertex 28.938 -3.84349 23.1057
    endloop
  endfacet
  facet normal 0.813502 -4.69796e-05 0.581561
    outer loop
      vertex 28.6105 -4.81943 23.5638
      vertex 30.298 -5.85 21.2032
      vertex 28.7821 -4.345 23.3238
    endloop
  endfacet
  facet normal 0.812859 -0.00323033 0.582452
    outer loop
      vertex 28.6041 -4.83601 23.5728
      vertex 30.298 -5.85 21.2032
      vertex 28.6075 -4.8279 23.5681
    endloop
  endfacet
  facet normal 0.813525 -1.12337e-05 0.58153
    outer loop
      vertex 17.6016 0 38.9643
      vertex 19.3628 0.568353 36.5005
      vertex 19.3771 0.818103 36.4805
    endloop
  endfacet
  facet normal 0.813394 0.00118683 0.581713
    outer loop
      vertex 17.6016 0 38.9643
      vertex 19.3626 0.558381 36.5008
      vertex 19.3628 0.568353 36.5005
    endloop
  endfacet
  facet normal 0.813525 -2.99276e-05 0.58153
    outer loop
      vertex 17.6016 0 38.9643
      vertex 19.352 0 36.5156
      vertex 19.3626 0.558381 36.5008
    endloop
  endfacet
  facet normal 0.813525 2.99276e-05 0.58153
    outer loop
      vertex 17.6016 0 38.9643
      vertex 19.3626 -0.558381 36.5008
      vertex 19.352 0 36.5156
    endloop
  endfacet
  facet normal 0.813394 -0.00118683 0.581713
    outer loop
      vertex 17.6016 0 38.9643
      vertex 19.3628 -0.568353 36.5005
      vertex 19.3626 -0.558381 36.5008
    endloop
  endfacet
  facet normal 0.813525 1.12337e-05 0.58153
    outer loop
      vertex 19.3628 -0.568353 36.5005
      vertex 17.6016 0 38.9643
      vertex 19.3771 -0.818103 36.4805
    endloop
  endfacet
  facet normal 0.606804 0.228393 -0.761332
    outer loop
      vertex 9.09702 3.65231 3
      vertex 8.86727 4.26272 3
      vertex 30.9777 3.02818 20.2523
    endloop
  endfacet
  facet normal 0.616775 -0.0978217 -0.781037
    outer loop
      vertex 31.1514 -1.52716 20.0094
      vertex 9.63016 -1.41257 3
      vertex 31.195 -0.765216 19.9484
    endloop
  endfacet
  facet normal 0.61677 -0.0979059 -0.781031
    outer loop
      vertex 9.63016 -1.41257 3
      vertex 31.1514 -1.52716 20.0094
      vertex 9.61197 -1.52716 3
    endloop
  endfacet
  facet normal 0.618724 -0.0327305 -0.784926
    outer loop
      vertex 31.195 -0.765216 19.9484
      vertex 9.7 -0.650019 3
      vertex 31.2096 0 19.928
    endloop
  endfacet
  facet normal 0.618726 -0.0326558 -0.784928
    outer loop
      vertex 9.7 -0.650019 3
      vertex 31.195 -0.765216 19.9484
      vertex 9.69392 -0.765216 3
    endloop
  endfacet
  facet normal 0.614128 0.143196 -0.776107
    outer loop
      vertex 9.50595 2.1693 3
      vertex 9.35816 2.80313 3
      vertex 31.1514 1.52716 20.0094
    endloop
  endfacet
  facet normal 0.388268 0.811269 -0.437139
    outer loop
      vertex 3.08649 10.3398 3
      vertex 28.1857 9.72819 24.1581
      vertex 28.5476 9.28223 23.6519
    endloop
  endfacet
  facet normal 0.388252 0.811287 -0.43712
    outer loop
      vertex 28.1857 9.72819 24.1581
      vertex 3.08649 10.3398 3
      vertex 2.96404 10.3984 3
    endloop
  endfacet
  facet normal 0.419937 0.771468 -0.478006
    outer loop
      vertex 3.79571 9.95952 3
      vertex 28.5476 9.28223 23.6519
      vertex 28.8918 8.79653 23.1704
    endloop
  endfacet
  facet normal 0.419771 0.771687 -0.477799
    outer loop
      vertex 28.5476 9.28223 23.6519
      vertex 3.79571 9.95952 3
      vertex 3.67607 10.0246 3
    endloop
  endfacet
  facet normal 0.27673 0.912307 -0.301854
    outer loop
      vertex 1.34967 11.0477 3
      vertex 0.70219 11.2441 3
      vertex 27.0093 10.8094 25.8037
    endloop
  endfacet
  facet normal 0.354332 0.847752 -0.394672
    outer loop
      vertex 2.35326 10.6751 3
      vertex 27.8076 10.1325 24.6871
      vertex 28.1857 9.72819 24.1581
    endloop
  endfacet
  facet normal 0.354315 0.847768 -0.394652
    outer loop
      vertex 27.8076 10.1325 24.6871
      vertex 2.35326 10.6751 3
      vertex 2.22884 10.7271 3
    endloop
  endfacet
  facet normal 0.813514 -5.14062e-05 0.581545
    outer loop
      vertex 25.733 11.4752 27.5893
      vertex 24.4056 11.7 29.4462
      vertex 28.1857 9.72819 24.1581
    endloop
  endfacet
  facet normal 0.113553 0.986381 -0.118988
    outer loop
      vertex -0.998394 11.5863 3
      vertex 25.2937 11.5999 28.2038
      vertex 25.733 11.4752 27.5893
    endloop
  endfacet
  facet normal 0.113882 0.986302 -0.119332
    outer loop
      vertex 25.2937 11.5999 28.2038
      vertex -0.998394 11.5863 3
      vertex -1.11618 11.5999 3
    endloop
  endfacet
  facet normal -0.345563 -0.0945632 0.933619
    outer loop
      vertex 17.6161 -0.765216 38.9439
      vertex -79.0411 -2.42255 3
      vertex 17.6598 -1.52716 38.8829
    endloop
  endfacet
  facet normal -0.275511 -0.567263 0.776084
    outer loop
      vertex 18.7482 -6.50017 37.3602
      vertex -74.1398 -8.39473 3
      vertex 19.0076 -7.12251 36.9974
    endloop
  endfacet
  facet normal 0.614128 -0.143196 -0.776107
    outer loop
      vertex 31.1514 -1.52716 20.0094
      vertex 9.35816 -2.80313 3
      vertex 9.50595 -2.1693 3
    endloop
  endfacet
  facet normal 0.813481 2.98436e-05 0.581592
    outer loop
      vertex 31.0788 -2.28256 20.1109
      vertex 30.298 -5.85 21.2032
      vertex 30.8485 -3.76084 20.4331
    endloop
  endfacet
  facet normal 0.814067 -0.000426713 0.580772
    outer loop
      vertex 30.8485 -3.76084 20.4331
      vertex 30.298 -5.85 21.2032
      vertex 30.6916 -4.4774 20.6525
    endloop
  endfacet
  facet normal 0.586178 -0.364514 -0.72355
    outer loop
      vertex 30.6916 -4.4774 20.6525
      vertex 7.82707 -6.20634 3
      vertex 8.17265 -5.65061 3
    endloop
  endfacet
  facet normal 0.606804 -0.228393 -0.761332
    outer loop
      vertex 30.9777 -3.02818 20.2523
      vertex 8.86727 -4.26272 3
      vertex 9.09702 -3.65231 3
    endloop
  endfacet
  facet normal -0.223755 -0.737713 0.636956
    outer loop
      vertex 19.9194 -8.79653 35.7219
      vertex -73.0087 -8.86327 3
      vertex -72.4225 -9.04107 3
    endloop
  endfacet
  facet normal -0.231442 -0.715889 0.65874
    outer loop
      vertex 19.5944 -8.27315 36.1765
      vertex -73.0087 -8.86327 3
      vertex 19.9194 -8.79653 35.7219
    endloop
  endfacet
  facet normal 0.813424 0.000124198 0.581671
    outer loop
      vertex 19.5944 8.27315 36.1765
      vertex 19.29 7.71435 36.6023
      vertex 19.9194 8.79653 35.7219
    endloop
  endfacet
  facet normal -0.198354 0.801427 0.564243
    outer loop
      vertex 20.6255 9.72819 34.7342
      vertex -72.4225 9.04107 3
      vertex 20.2636 9.28223 35.2404
    endloop
  endfacet
  facet normal -0.314257 0.382945 0.868675
    outer loop
      vertex -75.698 7.42579 3
      vertex -76.1715 7.03722 3
      vertex 18.1195 4.4774 38.2398
    endloop
  endfacet
  facet normal -0.249145 0.661893 0.706983
    outer loop
      vertex -73.0087 8.86327 3
      vertex -73.5819 8.64751 3
      vertex 19.29 7.71435 36.6023
    endloop
  endfacet
  facet normal -0.296489 0.476747 0.82753
    outer loop
      vertex -74.68 8.106 3
      vertex -75.2001 7.78255 3
      vertex 18.5131 5.85 37.6891
    endloop
  endfacet
  facet normal -0.190845 0.818517 0.541856
    outer loop
      vertex -71.826 9.18015 3
      vertex -72.4225 9.04107 3
      vertex 20.6255 9.72819 34.7342
    endloop
  endfacet
  facet normal -0.284244 0.531808 0.797738
    outer loop
      vertex -74.1398 8.39473 3
      vertex -74.68 8.106 3
      vertex 18.7482 6.50017 37.3602
    endloop
  endfacet
  facet normal -0.346988 -0.0572447 0.936121
    outer loop
      vertex 17.6161 -0.765216 38.9439
      vertex -79.2799 -1.22172 3
      vertex -79.1802 -1.82605 3
    endloop
  endfacet
  facet normal -0.347739 0.0113608 0.937523
    outer loop
      vertex -79.34 0.612173 3
      vertex -79.36 0 3
      vertex 17.6016 0 38.9643
    endloop
  endfacet
  facet normal -0.345563 0.0945632 0.933619
    outer loop
      vertex 17.6598 1.52716 38.8829
      vertex -79.0411 2.42255 3
      vertex 17.6161 0.765216 38.9439
    endloop
  endfacet
  facet normal -0.341833 0.157298 0.926503
    outer loop
      vertex 17.7323 2.28256 38.7814
      vertex -78.3947 4.13982 3
      vertex 17.6598 1.52716 38.8829
    endloop
  endfacet
  facet normal -0.347449 0.0342577 0.937073
    outer loop
      vertex -79.2799 1.22172 3
      vertex -79.34 0.612173 3
      vertex 17.6161 0.765216 38.9439
    endloop
  endfacet
  facet normal -0.347476 0.0315681 0.937157
    outer loop
      vertex 17.6161 0.765216 38.9439
      vertex -79.34 0.612173 3
      vertex 17.6016 0 38.9643
    endloop
  endfacet
  facet normal 0.81397 -0.00025083 0.580906
    outer loop
      vertex 17.9627 3.76084 38.4592
      vertex 17.7323 2.28256 38.7814
      vertex 18.1195 4.4774 38.2398
    endloop
  endfacet
  facet normal 0.813397 0.000441453 0.581709
    outer loop
      vertex 21.0036 10.1325 34.2052
      vertex 20.6255 9.72819 34.7342
      vertex 22.2185 11.0791 32.5057
    endloop
  endfacet
  facet normal 0.81296 0.00193327 0.582316
    outer loop
      vertex 21.3962 10.4934 33.6559
      vertex 21.0036 10.1325 34.2052
      vertex 21.8018 10.8094 33.0886
    endloop
  endfacet
  facet normal -0.0874933 0.972407 0.216265
    outer loop
      vertex 23.0782 11.4752 31.3031
      vertex -70.6122 9.33996 3
      vertex 22.6446 11.3013 31.9096
    endloop
  endfacet
  facet normal -0.106623 0.954215 0.279474
    outer loop
      vertex 22.6446 11.3013 31.9096
      vertex -71.2217 9.27992 3
      vertex 22.2185 11.0791 32.5057
    endloop
  endfacet
  facet normal -0.0327491 0.999187 -0.0235173
    outer loop
      vertex -8.26462 11.6894 3
      vertex -9.51817 11.7 5.196
      vertex -7.94121 11.7 3
    endloop
  endfacet
  facet normal -0.0951341 -0.96576 0.241363
    outer loop
      vertex 22.6446 -11.3013 31.9096
      vertex -71.2217 -9.27992 3
      vertex -70.6122 -9.33996 3
    endloop
  endfacet
  facet normal -0.106623 -0.954215 0.279474
    outer loop
      vertex 22.2185 -11.0791 32.5057
      vertex -71.2217 -9.27992 3
      vertex 22.6446 -11.3013 31.9096
    endloop
  endfacet
  facet normal 0.0230473 -0.999455 -0.0236314
    outer loop
      vertex -2.59811 -11.6974 3
      vertex 24.4056 -11.7 29.4462
      vertex -2.71086 -11.7 3
    endloop
  endfacet
  facet normal 0.0231558 -0.99945 -0.0237422
    outer loop
      vertex 24.4056 -11.7 29.4462
      vertex -2.59811 -11.6974 3
      vertex 24.8506 -11.6749 28.8236
    endloop
  endfacet
  facet normal 0.0327828 -0.998885 -0.0339755
    outer loop
      vertex 24.8506 -11.6749 28.8236
      vertex -2.59811 -11.6974 3
      vertex -1.91254 -11.6749 3
    endloop
  endfacet
  facet normal 0.27673 -0.912307 -0.301854
    outer loop
      vertex 27.0093 -10.8094 25.8037
      vertex 0.70219 -11.2441 3
      vertex 1.34967 -11.0477 3
    endloop
  endfacet
  facet normal 0.501544 -0.633044 -0.589669
    outer loop
      vertex 5.23624 -8.98631 3
      vertex 29.5211 -7.71435 22.29
      vertex 5.12908 -9.07121 3
    endloop
  endfacet
  facet normal 0.501566 -0.632997 -0.5897
    outer loop
      vertex 29.5211 -7.71435 22.29
      vertex 5.23624 -8.98631 3
      vertex 29.8035 -7.12251 21.8949
    endloop
  endfacet
  facet normal 0.543817 -0.527016 -0.653083
    outer loop
      vertex 30.0629 -6.50017 21.5321
      vertex 6.42129 -7.9303 3
      vertex 30.298 -5.85 21.2032
    endloop
  endfacet
  facet normal 0.543802 -0.52706 -0.65306
    outer loop
      vertex 6.42129 -7.9303 3
      vertex 30.0629 -6.50017 21.5321
      vertex 6.32842 -8.02612 3
    endloop
  endfacet
  facet normal 0.813257 0.000543624 0.581905
    outer loop
      vertex 28.8918 -8.79653 23.1704
      vertex 28.1857 -9.72819 24.1581
      vertex 28.5476 -9.28223 23.6519
    endloop
  endfacet
  facet normal 0.813507 2.74581e-05 0.581555
    outer loop
      vertex 30.298 -5.85 21.2032
      vertex 28.8918 -8.79653 23.1704
      vertex 30.0629 -6.50017 21.5321
    endloop
  endfacet
  facet normal 0.813524 -6.85658e-06 0.581531
    outer loop
      vertex 31.2096 0 19.928
      vertex 30.298 -5.85 21.2032
      vertex 31.1514 -1.52716 20.0094
    endloop
  endfacet
  facet normal 0.813662 -8.74765e-05 0.581338
    outer loop
      vertex 31.1514 -1.52716 20.0094
      vertex 30.298 -5.85 21.2032
      vertex 31.0788 -2.28256 20.1109
    endloop
  endfacet
  facet normal 0.616528 0.101791 -0.780725
    outer loop
      vertex 9.61197 1.52716 3
      vertex 9.50595 2.1693 3
      vertex 31.1514 1.52716 20.0094
    endloop
  endfacet
  facet normal 0.813732 3.03178e-05 0.58124
    outer loop
      vertex 31.195 0.765216 19.9484
      vertex 31.1514 1.52716 20.0094
      vertex 31.2096 0 19.928
    endloop
  endfacet
  facet normal 0.61297 -0.162797 -0.773153
    outer loop
      vertex 31.0788 -2.28256 20.1109
      vertex 9.35816 -2.80313 3
      vertex 31.1514 -1.52716 20.0094
    endloop
  endfacet
  facet normal 0.612978 -0.162696 -0.773167
    outer loop
      vertex 9.35816 -2.80313 3
      vertex 31.0788 -2.28256 20.1109
      vertex 9.32795 -2.91695 3
    endloop
  endfacet
  facet normal 0.616528 -0.101791 -0.780725
    outer loop
      vertex 31.1514 -1.52716 20.0094
      vertex 9.50595 -2.1693 3
      vertex 9.61197 -1.52716 3
    endloop
  endfacet
  facet normal 0.813814 0.000436193 0.581125
    outer loop
      vertex 29.8035 7.12251 21.8949
      vertex 28.8918 8.79653 23.1704
      vertex 30.0629 6.50017 21.5321
    endloop
  endfacet
  facet normal 0.813808 0.000425637 0.581134
    outer loop
      vertex 29.2167 8.27315 22.7158
      vertex 28.8918 8.79653 23.1704
      vertex 29.8035 7.12251 21.8949
    endloop
  endfacet
  facet normal 0.318366 0.880604 -0.350969
    outer loop
      vertex 1.59936 10.9641 3
      vertex 27.4149 10.4934 25.2364
      vertex 27.8076 10.1325 24.6871
    endloop
  endfacet
  facet normal 0.318341 0.880625 -0.350939
    outer loop
      vertex 27.4149 10.4934 25.2364
      vertex 1.59936 10.9641 3
      vertex 1.47377 11.0095 3
    endloop
  endfacet
  facet normal 0.241057 0.934961 -0.260268
    outer loop
      vertex 0.70219 11.2441 3
      vertex 26.5926 11.0791 26.3866
      vertex 27.0093 10.8094 25.8037
    endloop
  endfacet
  facet normal 0.241534 0.93469 -0.260798
    outer loop
      vertex 26.5926 11.0791 26.3866
      vertex 0.70219 11.2441 3
      vertex 0.578356 11.2761 3
    endloop
  endfacet
  facet normal -0.0390421 0.999161 0.0123774
    outer loop
      vertex -9.51817 11.7 5.196
      vertex -70.6122 9.33996 3
      vertex -9.96317 11.6749 5.81852
    endloop
  endfacet
  facet normal -0.0386017 0.999255 2.35567e-05
    outer loop
      vertex -35.3385 10.7026 3
      vertex -70.6122 9.33996 3
      vertex -9.51817 11.7 5.196
    endloop
  endfacet
  facet normal 0.157306 0.973394 -0.16661
    outer loop
      vertex -0.876868 11.5667 3
      vertex 25.733 11.4752 27.5893
      vertex 26.1666 11.3013 26.9827
    endloop
  endfacet
  facet normal 0.157008 0.973497 -0.166287
    outer loop
      vertex 25.733 11.4752 27.5893
      vertex -0.876868 11.5667 3
      vertex -0.998394 11.5863 3
    endloop
  endfacet
  facet normal 0.0687579 0.995085 -0.0712565
    outer loop
      vertex -1.79708 11.667 3
      vertex 24.8506 11.6749 28.8236
      vertex 25.2937 11.5999 28.2038
    endloop
  endfacet
  facet normal 0.0680922 0.99518 -0.0705696
    outer loop
      vertex 24.8506 11.6749 28.8236
      vertex -1.79708 11.667 3
      vertex -1.91254 11.6749 3
    endloop
  endfacet
  facet normal 0.618696 -0.0202546 -0.785369
    outer loop
      vertex 31.2096 0 19.928
      vertex 9.7 -0.650019 3
      vertex 9.72128 0 3
    endloop
  endfacet
  facet normal 0.607013 -0.226747 -0.761657
    outer loop
      vertex 30.9777 -3.02818 20.2523
      vertex 9.13886 -3.54032 3
      vertex 31.0788 -2.28256 20.1109
    endloop
  endfacet
  facet normal 0.607008 -0.226781 -0.76165
    outer loop
      vertex 9.13886 -3.54032 3
      vertex 30.9777 -3.02818 20.2523
      vertex 9.09702 -3.65231 3
    endloop
  endfacet
  facet normal 0.814112 -0.00026085 0.580708
    outer loop
      vertex 31.0788 -2.28256 20.1109
      vertex 30.8485 -3.76084 20.4331
      vertex 30.9777 -3.02818 20.2523
    endloop
  endfacet
  facet normal 0.594514 -0.317778 -0.738628
    outer loop
      vertex 30.8485 -3.76084 20.4331
      vertex 8.23676 -5.54327 3
      vertex 8.54469 -4.96718 3
    endloop
  endfacet
  facet normal 0.575967 -0.412734 -0.70563
    outer loop
      vertex 30.5079 -5.17478 20.9096
      vertex 7.37096 -6.84306 3
      vertex 7.75294 -6.31001 3
    endloop
  endfacet
  facet normal 0.561216 -0.470534 -0.680908
    outer loop
      vertex 30.298 -5.85 21.2032
      vertex 6.95494 -7.34998 3
      vertex 30.5079 -5.17478 20.9096
    endloop
  endfacet
  facet normal 0.561213 -0.470542 -0.680904
    outer loop
      vertex 6.95494 -7.34998 3
      vertex 30.298 -5.85 21.2032
      vertex 6.87061 -7.45056 3
    endloop
  endfacet
  facet normal -0.275511 0.567263 0.776084
    outer loop
      vertex 19.0076 7.12251 36.9974
      vertex -74.1398 8.39473 3
      vertex 18.7482 6.50017 37.3602
    endloop
  endfacet
  facet normal 0.814185 -0.00089394 0.580605
    outer loop
      vertex 19.0076 7.12251 36.9974
      vertex 18.7482 6.50017 37.3602
      vertex 19.29 7.71435 36.6023
    endloop
  endfacet
  facet normal -0.223755 0.737713 0.636956
    outer loop
      vertex -72.4225 9.04107 3
      vertex -73.0087 8.86327 3
      vertex 19.9194 8.79653 35.7219
    endloop
  endfacet
  facet normal -0.347476 -0.0315681 0.937157
    outer loop
      vertex 17.6016 0 38.9643
      vertex -79.34 -0.612173 3
      vertex 17.6161 -0.765216 38.9439
    endloop
  endfacet
  facet normal 0.813192 0.00010787 0.581995
    outer loop
      vertex 17.8334 3.02818 38.64
      vertex 17.7323 2.28256 38.7814
      vertex 17.9627 3.76084 38.4592
    endloop
  endfacet
  facet normal 0.813497 1.9759e-05 0.58157
    outer loop
      vertex 17.7323 2.28256 38.7814
      vertex 17.6016 0 38.9643
      vertex 18.5131 5.85 37.6891
    endloop
  endfacet
  facet normal 0.813682 -0.000100167 0.58131
    outer loop
      vertex 18.1195 4.4774 38.2398
      vertex 17.7323 2.28256 38.7814
      vertex 18.5131 5.85 37.6891
    endloop
  endfacet
  facet normal -0.342017 0.154978 0.926826
    outer loop
      vertex -78.3947 4.13982 3
      vertex -78.6475 3.58192 3
      vertex 17.6598 1.52716 38.8829
    endloop
  endfacet
  facet normal -0.125672 0.931559 0.34118
    outer loop
      vertex 22.2185 11.0791 32.5057
      vertex -71.2217 9.27992 3
      vertex 21.8018 10.8094 33.0886
    endloop
  endfacet
  facet normal -0.144475 0.904757 0.400677
    outer loop
      vertex 21.8018 10.8094 33.0886
      vertex -71.2217 9.27992 3
      vertex 21.3962 10.4934 33.6559
    endloop
  endfacet
  facet normal 0.328281 -0.871926 -0.363284
    outer loop
      vertex 27.8076 -10.1325 24.6871
      vertex 1.59936 -10.9641 3
      vertex 2.22884 -10.7271 3
    endloop
  endfacet
  facet normal 0.813597 -0.000292867 0.581429
    outer loop
      vertex 28.1857 -9.72819 24.1581
      vertex 25.733 -11.4752 27.5893
      vertex 27.0093 -10.8094 25.8037
    endloop
  endfacet
  facet normal 0.241534 -0.93469 -0.260798
    outer loop
      vertex 0.70219 -11.2441 3
      vertex 26.5926 -11.0791 26.3866
      vertex 0.578356 -11.2761 3
    endloop
  endfacet
  facet normal 0.241057 -0.934961 -0.260268
    outer loop
      vertex 26.5926 -11.0791 26.3866
      vertex 0.70219 -11.2441 3
      vertex 27.0093 -10.8094 25.8037
    endloop
  endfacet
  facet normal 0.19987 -0.956253 -0.213618
    outer loop
      vertex -0.0824976 -11.4302 3
      vertex 26.1666 -11.3013 26.9827
      vertex -0.205456 -11.4559 3
    endloop
  endfacet
  facet normal 0.199867 -0.956254 -0.213615
    outer loop
      vertex 26.1666 -11.3013 26.9827
      vertex -0.0824976 -11.4302 3
      vertex 26.5926 -11.0791 26.3866
    endloop
  endfacet
  facet normal 0.813814 -0.000436193 0.581125
    outer loop
      vertex 30.0629 -6.50017 21.5321
      vertex 28.8918 -8.79653 23.1704
      vertex 29.8035 -7.12251 21.8949
    endloop
  endfacet
  facet normal 0.481809 -0.672365 -0.561948
    outer loop
      vertex 29.5211 -7.71435 22.29
      vertex 4.5905 -9.45715 3
      vertex 5.12908 -9.07121 3
    endloop
  endfacet
  facet normal 0.813808 -0.000425637 0.581134
    outer loop
      vertex 29.8035 -7.12251 21.8949
      vertex 28.8918 -8.79653 23.1704
      vertex 29.2167 -8.27315 22.7158
    endloop
  endfacet
  facet normal 0.61297 0.162797 -0.773153
    outer loop
      vertex 9.35816 2.80313 3
      vertex 31.0788 2.28256 20.1109
      vertex 31.1514 1.52716 20.0094
    endloop
  endfacet
  facet normal 0.612978 0.162696 -0.773167
    outer loop
      vertex 31.0788 2.28256 20.1109
      vertex 9.35816 2.80313 3
      vertex 9.32795 2.91695 3
    endloop
  endfacet
  facet normal 0.813662 8.74765e-05 0.581338
    outer loop
      vertex 31.0788 2.28256 20.1109
      vertex 30.298 5.85 21.2032
      vertex 31.1514 1.52716 20.0094
    endloop
  endfacet
  facet normal 0.813196 -0.000994936 0.581988
    outer loop
      vertex 27.8076 10.1325 24.6871
      vertex 27.0093 10.8094 25.8037
      vertex 28.1857 9.72819 24.1581
    endloop
  endfacet
  facet normal 0.813352 -0.000453403 0.581771
    outer loop
      vertex 27.4149 10.4934 25.2364
      vertex 27.0093 10.8094 25.8037
      vertex 27.8076 10.1325 24.6871
    endloop
  endfacet
  facet normal -0.0490078 0.995142 0.0853829
    outer loop
      vertex 23.9606 11.6749 30.0687
      vertex -70.6122 9.33996 3
      vertex 23.5175 11.5999 30.6885
    endloop
  endfacet
  facet normal 0.813522 -0.000489987 0.581534
    outer loop
      vertex 23.9606 11.6749 30.0687
      vertex 23.5175 11.5999 30.6885
      vertex 24.4056 11.7 29.4462
    endloop
  endfacet
  facet normal 0.0975572 0.989966 -0.102226
    outer loop
      vertex -1.11618 11.5999 3
      vertex -1.79708 11.667 3
      vertex 25.2937 11.5999 28.2038
    endloop
  endfacet
  facet normal 0.0327828 0.998885 -0.0339755
    outer loop
      vertex -1.91254 11.6749 3
      vertex -2.59811 11.6974 3
      vertex 24.8506 11.6749 28.8236
    endloop
  endfacet
  facet normal 0.601307 -0.272444 -0.751135
    outer loop
      vertex 30.9777 -3.02818 20.2523
      vertex 8.5981 -4.8568 3
      vertex 8.86727 -4.26272 3
    endloop
  endfacet
  facet normal 0.563366 -0.462344 -0.684731
    outer loop
      vertex 30.5079 -5.17478 20.9096
      vertex 6.95494 -7.34998 3
      vertex 7.37096 -6.84306 3
    endloop
  endfacet
  facet normal -0.311265 0.399826 0.862121
    outer loop
      vertex 18.3032 5.17478 37.9827
      vertex -75.698 7.42579 3
      vertex 18.1195 4.4774 38.2398
    endloop
  endfacet
  facet normal 0.81261 0.00080787 0.582808
    outer loop
      vertex 18.3032 5.17478 37.9827
      vertex 18.1195 4.4774 38.2398
      vertex 18.5131 5.85 37.6891
    endloop
  endfacet
  facet normal -0.231442 0.715889 0.65874
    outer loop
      vertex 19.9194 8.79653 35.7219
      vertex -73.0087 8.86327 3
      vertex 19.5944 8.27315 36.1765
    endloop
  endfacet
  facet normal -0.246953 0.668831 0.701198
    outer loop
      vertex 19.5944 8.27315 36.1765
      vertex -73.0087 8.86327 3
      vertex 19.29 7.71435 36.6023
    endloop
  endfacet
  facet normal 0.814929 -0.000340228 0.57956
    outer loop
      vertex 17.6598 1.52716 38.8829
      vertex 17.6161 0.765216 38.9439
      vertex 17.7323 2.28256 38.7814
    endloop
  endfacet
  facet normal 0.812881 0.000123855 0.582429
    outer loop
      vertex 17.6161 0.765216 38.9439
      vertex 17.6016 0 38.9643
      vertex 17.7323 2.28256 38.7814
    endloop
  endfacet
  facet normal 0.113882 -0.986302 -0.119332
    outer loop
      vertex -0.998394 -11.5863 3
      vertex 25.2937 -11.5999 28.2038
      vertex -1.11618 -11.5999 3
    endloop
  endfacet
  facet normal 0.113553 -0.986381 -0.118988
    outer loop
      vertex 25.2937 -11.5999 28.2038
      vertex -0.998394 -11.5863 3
      vertex 25.733 -11.4752 27.5893
    endloop
  endfacet
  facet normal 0.0975572 -0.989966 -0.102226
    outer loop
      vertex 25.2937 -11.5999 28.2038
      vertex -1.79708 -11.667 3
      vertex -1.11618 -11.5999 3
    endloop
  endfacet
  facet normal 0.374459 -0.82657 -0.420194
    outer loop
      vertex 28.1857 -9.72819 24.1581
      vertex 2.35326 -10.6751 3
      vertex 2.96404 -10.3984 3
    endloop
  endfacet
  facet normal 0.354315 -0.847768 -0.394652
    outer loop
      vertex 2.35326 -10.6751 3
      vertex 27.8076 -10.1325 24.6871
      vertex 2.22884 -10.7271 3
    endloop
  endfacet
  facet normal 0.354332 -0.847752 -0.394672
    outer loop
      vertex 27.8076 -10.1325 24.6871
      vertex 2.35326 -10.6751 3
      vertex 28.1857 -9.72819 24.1581
    endloop
  endfacet
  facet normal 0.813196 0.000994936 0.581988
    outer loop
      vertex 28.1857 -9.72819 24.1581
      vertex 27.0093 -10.8094 25.8037
      vertex 27.8076 -10.1325 24.6871
    endloop
  endfacet
  facet normal 0.280112 -0.909997 -0.305684
    outer loop
      vertex 1.47377 -11.0095 3
      vertex 27.0093 -10.8094 25.8037
      vertex 1.34967 -11.0477 3
    endloop
  endfacet
  facet normal 0.280533 -0.909708 -0.306158
    outer loop
      vertex 27.0093 -10.8094 25.8037
      vertex 1.47377 -11.0095 3
      vertex 27.4149 -10.4934 25.2364
    endloop
  endfacet
  facet normal 0.813958 -0.00207007 0.58092
    outer loop
      vertex 27.0093 -10.8094 25.8037
      vertex 26.1666 -11.3013 26.9827
      vertex 26.5926 -11.0791 26.3866
    endloop
  endfacet
  facet normal 0.220598 -0.946029 -0.237415
    outer loop
      vertex 26.5926 -11.0791 26.3866
      vertex -0.0824976 -11.4302 3
      vertex 0.578356 -11.2761 3
    endloop
  endfacet
  facet normal 0.451171 -0.725542 -0.519648
    outer loop
      vertex 29.2167 -8.27315 22.7158
      vertex 3.91332 -9.88694 3
      vertex 4.47763 -9.53603 3
    endloop
  endfacet
  facet normal 0.529795 -0.565655 -0.631943
    outer loop
      vertex 30.0629 -6.50017 21.5321
      vertex 5.84747 -8.47658 3
      vertex 6.32842 -8.02612 3
    endloop
  endfacet
  facet normal 0.449465 -0.728321 -0.517232
    outer loop
      vertex 3.91332 -9.88694 3
      vertex 28.8918 -8.79653 23.1704
      vertex 3.79571 -9.95952 3
    endloop
  endfacet
  facet normal 0.449479 -0.7283 -0.51725
    outer loop
      vertex 28.8918 -8.79653 23.1704
      vertex 3.91332 -9.88694 3
      vertex 29.2167 -8.27315 22.7158
    endloop
  endfacet
  facet normal 0.476712 -0.68213 -0.554477
    outer loop
      vertex 4.5905 -9.45715 3
      vertex 29.2167 -8.27315 22.7158
      vertex 4.47763 -9.53603 3
    endloop
  endfacet
  facet normal 0.476694 -0.682162 -0.554453
    outer loop
      vertex 29.2167 -8.27315 22.7158
      vertex 4.5905 -9.45715 3
      vertex 29.5211 -7.71435 22.29
    endloop
  endfacet
  facet normal 0.388252 -0.811287 -0.43712
    outer loop
      vertex 3.08649 -10.3398 3
      vertex 28.1857 -9.72819 24.1581
      vertex 2.96404 -10.3984 3
    endloop
  endfacet
  facet normal 0.388268 -0.811269 -0.437139
    outer loop
      vertex 28.1857 -9.72819 24.1581
      vertex 3.08649 -10.3398 3
      vertex 28.5476 -9.28223 23.6519
    endloop
  endfacet
  facet normal 0.419771 -0.771687 -0.477799
    outer loop
      vertex 3.79571 -9.95952 3
      vertex 28.5476 -9.28223 23.6519
      vertex 3.67607 -10.0246 3
    endloop
  endfacet
  facet normal 0.419937 -0.771468 -0.478006
    outer loop
      vertex 28.5476 -9.28223 23.6519
      vertex 3.79571 -9.95952 3
      vertex 28.8918 -8.79653 23.1704
    endloop
  endfacet
  facet normal -0.0190653 0.999462 0.0266706
    outer loop
      vertex 24.4056 11.7 29.4462
      vertex -9.96317 11.6749 5.81852
      vertex 23.9606 11.6749 30.0687
    endloop
  endfacet
  facet normal -0.0410733 0.997503 0.0574577
    outer loop
      vertex -9.96317 11.6749 5.81852
      vertex -70.6122 9.33996 3
      vertex 23.9606 11.6749 30.0687
    endloop
  endfacet
  facet normal 0.813587 0.00164766 0.581441
    outer loop
      vertex 24.8506 11.6749 28.8236
      vertex 24.4056 11.7 29.4462
      vertex 25.2937 11.5999 28.2038
    endloop
  endfacet
  facet normal 0.813542 0.0004256 0.581507
    outer loop
      vertex 25.2937 11.5999 28.2038
      vertex 24.4056 11.7 29.4462
      vertex 25.733 11.4752 27.5893
    endloop
  endfacet
  facet normal -0.320987 0.340798 0.883643
    outer loop
      vertex 18.1195 4.4774 38.2398
      vertex -76.6185 6.61852 3
      vertex 17.9627 3.76084 38.4592
    endloop
  endfacet
  facet normal -0.320748 0.342428 0.883099
    outer loop
      vertex -76.1715 7.03722 3
      vertex -76.6185 6.61852 3
      vertex 18.1195 4.4774 38.2398
    endloop
  endfacet
  facet normal -0.347449 -0.0342577 0.937073
    outer loop
      vertex 17.6161 -0.765216 38.9439
      vertex -79.34 -0.612173 3
      vertex -79.2799 -1.22172 3
    endloop
  endfacet
  facet normal -0.32616 0.305483 0.894595
    outer loop
      vertex -76.6185 6.61852 3
      vertex -77.0372 6.17148 3
      vertex 17.9627 3.76084 38.4592
    endloop
  endfacet
  facet normal -0.336388 0.219291 0.915835
    outer loop
      vertex 17.8334 3.02818 38.64
      vertex -77.7826 5.20014 3
      vertex 17.7323 2.28256 38.7814
    endloop
  endfacet
  facet normal 0.813352 0.000453403 0.581771
    outer loop
      vertex 27.8076 -10.1325 24.6871
      vertex 27.0093 -10.8094 25.8037
      vertex 27.4149 -10.4934 25.2364
    endloop
  endfacet
  facet normal 0.318341 -0.880625 -0.350939
    outer loop
      vertex 1.59936 -10.9641 3
      vertex 27.4149 -10.4934 25.2364
      vertex 1.47377 -11.0095 3
    endloop
  endfacet
  facet normal 0.318366 -0.880604 -0.350969
    outer loop
      vertex 27.4149 -10.4934 25.2364
      vertex 1.59936 -10.9641 3
      vertex 27.8076 -10.1325 24.6871
    endloop
  endfacet
  facet normal 0.157008 -0.973497 -0.166287
    outer loop
      vertex -0.876868 -11.5667 3
      vertex 25.733 -11.4752 27.5893
      vertex -0.998394 -11.5863 3
    endloop
  endfacet
  facet normal 0.157306 -0.973394 -0.16661
    outer loop
      vertex 25.733 -11.4752 27.5893
      vertex -0.876868 -11.5667 3
      vertex 26.1666 -11.3013 26.9827
    endloop
  endfacet
  facet normal 0.160448 -0.972265 -0.170166
    outer loop
      vertex 26.1666 -11.3013 26.9827
      vertex -0.876868 -11.5667 3
      vertex -0.205456 -11.4559 3
    endloop
  endfacet
  facet normal 0.415524 -0.777236 -0.472486
    outer loop
      vertex 28.5476 -9.28223 23.6519
      vertex 3.08649 -10.3398 3
      vertex 3.67607 -10.0246 3
    endloop
  endfacet
  facet normal -0.329383 0.280604 0.901537
    outer loop
      vertex 17.9627 3.76084 38.4592
      vertex -77.0372 6.17148 3
      vertex 17.8334 3.02818 38.64
    endloop
  endfacet
  facet normal -0.330589 0.271331 0.90393
    outer loop
      vertex -77.0372 6.17148 3
      vertex -77.4258 5.69801 3
      vertex 17.8334 3.02818 38.64
    endloop
  endfacet
  facet normal -0.578737 -0.0980279 0.809601
    outer loop
      vertex 28.0397 1.00505 22.6599
      vertex 4.46826 0.503604 5.74932
      vertex 28.0684 0.503604 22.6197
    endloop
  endfacet
  facet normal -0.578739 -0.0980028 0.809603
    outer loop
      vertex 4.46826 0.503604 5.74932
      vertex 28.0397 1.00505 22.6599
      vertex 4.43954 1.00505 5.78949
    endloop
  endfacet
  facet normal -0.581227 -0.0327144 0.813084
    outer loop
      vertex 28.0684 0.503604 22.6197
      vertex 4.47785 0 5.7359
      vertex 28.078 0 22.6063
    endloop
  endfacet
  facet normal -0.581226 -0.0327351 0.813083
    outer loop
      vertex 4.47785 0 5.7359
      vertex 28.0684 0.503604 22.6197
      vertex 4.46826 0.503604 5.74932
    endloop
  endfacet
  facet normal 0.33873 0.812852 -0.473849
    outer loop
      vertex 21.1124 -6.40232 32.3506
      vertex -2.72594 -6.10882 15.8133
      vertex 20.8742 -6.10882 32.6838
    endloop
  endfacet
  facet normal 0.338736 0.812844 -0.473858
    outer loop
      vertex -2.72594 -6.10882 15.8133
      vertex 21.1124 -6.40232 32.3506
      vertex -2.48776 -6.40232 15.4801
    endloop
  endfacet
  facet normal -0.0570003 0.995185 0.0797382
    outer loop
      vertex 24.1847 -7.63412 28.0528
      vertex 0.292865 -7.68351 11.5903
      vertex 23.893 -7.68351 28.4607
    endloop
  endfacet
  facet normal -0.057006 0.995184 0.0797464
    outer loop
      vertex 0.292865 -7.68351 11.5903
      vertex 24.1847 -7.63412 28.0528
      vertex 0.584476 -7.63412 11.1824
    endloop
  endfacet
  facet normal 0.472723 0.582428 -0.661295
    outer loop
      vertex -3.55251 -4.68746 16.9696
      vertex 19.877 -4.27789 34.0788
      vertex 20.0477 -4.68746 33.8401
    endloop
  endfacet
  facet normal 0.472684 0.582519 -0.661242
    outer loop
      vertex 19.877 -4.27789 34.0788
      vertex -3.55251 -4.68746 16.9696
      vertex -3.72319 -4.27789 17.2084
    endloop
  endfacet
  facet normal 0.544266 0.352244 -0.761379
    outer loop
      vertex -4.13699 -2.94666 17.7873
      vertex 19.36 -2.47508 34.8021
      vertex 19.4632 -2.94666 34.6577
    endloop
  endfacet
  facet normal 0.544261 0.352265 -0.761373
    outer loop
      vertex 19.36 -2.47508 34.8021
      vertex -4.13699 -2.94666 17.7873
      vertex -4.24021 -2.47508 17.9317
    endloop
  endfacet
  facet normal 0.566348 0.227064 -0.79227
    outer loop
      vertex -4.32527 -1.99291 18.0507
      vertex 19.2084 -1.5022 35.0142
      vertex 19.2749 -1.99291 34.9211
    endloop
  endfacet
  facet normal 0.566365 0.226954 -0.79229
    outer loop
      vertex 19.2084 -1.5022 35.0142
      vertex -4.32527 -1.99291 18.0507
      vertex -4.39181 -1.5022 18.1437
    endloop
  endfacet
  facet normal -0.168806 0.956944 0.236143
    outer loop
      vertex 25.0395 -7.29136 26.8569
      vertex 1.15895 -7.43763 10.3787
      vertex 24.7591 -7.43763 27.2492
    endloop
  endfacet
  facet normal -0.168822 0.956935 0.236166
    outer loop
      vertex 1.15895 -7.43763 10.3787
      vertex 25.0395 -7.29136 26.8569
      vertex 1.43936 -7.29136 9.98647
    endloop
  endfacet
  facet normal -0.57377 -0.162901 0.802652
    outer loop
      vertex 27.992 1.5022 22.7267
      vertex 4.43954 1.00505 5.78949
      vertex 28.0397 1.00505 22.6599
    endloop
  endfacet
  facet normal -0.57377 -0.162903 0.802652
    outer loop
      vertex 4.43954 1.00505 5.78949
      vertex 27.992 1.5022 22.7267
      vertex 4.39181 1.5022 5.85627
    endloop
  endfacet
  facet normal 0.424452 0.683577 -0.593771
    outer loop
      vertex 20.4339 -5.44472 33.2998
      vertex -3.36662 -5.07696 16.7096
      vertex 20.2336 -5.07696 33.58
    endloop
  endfacet
  facet normal 0.424452 0.683577 -0.593771
    outer loop
      vertex -3.36662 -5.07696 16.7096
      vertex 20.4339 -5.44472 33.2998
      vertex -3.16632 -5.44472 16.4294
    endloop
  endfacet
  facet normal -0.566334 0.227173 0.792249
    outer loop
      vertex 4.39181 -1.5022 5.85627
      vertex 27.9254 -1.99291 22.8198
      vertex 27.992 -1.5022 22.7267
    endloop
  endfacet
  facet normal -0.566348 0.227077 0.792266
    outer loop
      vertex 27.9254 -1.99291 22.8198
      vertex 4.39181 -1.5022 5.85627
      vertex 4.32527 -1.99291 5.94935
    endloop
  endfacet
  facet normal 0.493837 -0.528085 -0.690834
    outer loop
      vertex 19.7223 3.85 34.2953
      vertex -3.72319 4.27789 17.2084
      vertex 19.877 4.27789 34.0788
    endloop
  endfacet
  facet normal 0.493824 -0.528118 -0.690818
    outer loop
      vertex -3.72319 4.27789 17.2084
      vertex 19.7223 3.85 34.2953
      vertex -3.87793 3.85 17.4249
    endloop
  endfacet
  facet normal -0.449553 0.634356 0.628884
    outer loop
      vertex 27.1527 -4.68746 23.9008
      vertex 3.36662 -5.07696 7.2904
      vertex 26.9668 -5.07696 24.1608
    endloop
  endfacet
  facet normal -0.449538 0.634388 0.628862
    outer loop
      vertex 3.36662 -5.07696 7.2904
      vertex 27.1527 -4.68746 23.9008
      vertex 3.55251 -4.68746 7.03036
    endloop
  endfacet
  facet normal 0.578738 -0.0980279 -0.809601
    outer loop
      vertex 19.1319 0.503604 35.1211
      vertex -4.43954 1.00505 18.2105
      vertex 19.1606 1.00505 35.0809
    endloop
  endfacet
  facet normal 0.578736 -0.0980508 -0.809599
    outer loop
      vertex -4.43954 1.00505 18.2105
      vertex 19.1319 0.503604 35.1211
      vertex -4.46826 0.503604 18.2507
    endloop
  endfacet
  facet normal 0.132052 -0.973878 -0.184728
    outer loop
      vertex -1.15895 7.43763 13.6213
      vertex 22.7266 7.55205 30.0925
      vertex 22.4412 7.43763 30.4917
    endloop
  endfacet
  facet normal 0.132057 -0.973876 -0.184735
    outer loop
      vertex 22.7266 7.55205 30.0925
      vertex -1.15895 7.43763 13.6213
      vertex -0.873584 7.55205 13.2221
    endloop
  endfacet
  facet normal -0.204846 -0.935906 0.286561
    outer loop
      vertex 1.43936 7.29136 9.98647
      vertex 25.3138 7.11387 26.4733
      vertex 25.0395 7.29136 26.8569
    endloop
  endfacet
  facet normal -0.204847 -0.935906 0.286562
    outer loop
      vertex 25.3138 7.11387 26.4733
      vertex 1.43936 7.29136 9.98647
      vertex 1.7136 7.11387 9.60283
    endloop
  endfacet
  facet normal -0.566334 -0.227173 0.792249
    outer loop
      vertex 27.9254 1.99291 22.8198
      vertex 4.39181 1.5022 5.85627
      vertex 27.992 1.5022 22.7267
    endloop
  endfacet
  facet normal -0.566348 -0.227077 0.792266
    outer loop
      vertex 4.39181 1.5022 5.85627
      vertex 27.9254 1.99291 22.8198
      vertex 4.32527 1.99291 5.94935
    endloop
  endfacet
  facet normal -0.57377 0.162901 0.802652
    outer loop
      vertex 4.43954 -1.00505 5.78949
      vertex 27.992 -1.5022 22.7267
      vertex 28.0397 -1.00505 22.6599
    endloop
  endfacet
  facet normal -0.57377 0.162903 0.802652
    outer loop
      vertex 27.992 -1.5022 22.7267
      vertex 4.43954 -1.00505 5.78949
      vertex 4.39181 -1.5022 5.85627
    endloop
  endfacet
  facet normal 0.566348 -0.227064 -0.79227
    outer loop
      vertex 19.2084 1.5022 35.0142
      vertex -4.32527 1.99291 18.0507
      vertex 19.2749 1.99291 34.9211
    endloop
  endfacet
  facet normal 0.566365 -0.226954 -0.79229
    outer loop
      vertex -4.32527 1.99291 18.0507
      vertex 19.2084 1.5022 35.0142
      vertex -4.39181 1.5022 18.1437
    endloop
  endfacet
  facet normal -0.0947262 -0.986644 0.132514
    outer loop
      vertex 0.584476 7.63412 11.1824
      vertex 24.4738 7.55205 27.6484
      vertex 24.1847 7.63412 28.0528
    endloop
  endfacet
  facet normal -0.0947106 -0.986649 0.132491
    outer loop
      vertex 24.4738 7.55205 27.6484
      vertex 0.584476 7.63412 11.1824
      vertex 0.873584 7.55205 10.7779
    endloop
  endfacet
  facet normal -0.424452 0.683577 0.593771
    outer loop
      vertex 26.9668 -5.07696 24.1608
      vertex 3.16632 -5.44472 7.57062
      vertex 26.7665 -5.44472 24.441
    endloop
  endfacet
  facet normal -0.424443 0.683594 0.593757
    outer loop
      vertex 3.16632 -5.44472 7.57062
      vertex 26.9668 -5.07696 24.1608
      vertex 3.36662 -5.07696 7.2904
    endloop
  endfacet
  facet normal 0.204868 0.935892 -0.286592
    outer loop
      vertex 22.1608 -7.29136 30.884
      vertex -1.7136 -7.11387 14.3972
      vertex 21.8866 -7.11387 31.2676
    endloop
  endfacet
  facet normal 0.204829 0.935918 -0.286536
    outer loop
      vertex -1.7136 -7.11387 14.3972
      vertex 22.1608 -7.29136 30.884
      vertex -1.43936 -7.29136 14.0135
    endloop
  endfacet
  facet normal -0.239994 0.910872 0.33573
    outer loop
      vertex 25.5807 -6.90592 26.0999
      vertex 1.7136 -7.11387 9.60283
      vertex 25.3138 -7.11387 26.4733
    endloop
  endfacet
  facet normal -0.240005 0.910864 0.335745
    outer loop
      vertex 1.7136 -7.11387 9.60283
      vertex 25.5807 -6.90592 26.0999
      vertex 1.9805 -6.90592 9.22946
    endloop
  endfacet
  facet normal 0.0569978 -0.995185 -0.0797344
    outer loop
      vertex -0.584476 7.63412 12.8176
      vertex 23.3073 7.68351 29.2801
      vertex 23.0157 7.63412 29.6881
    endloop
  endfacet
  facet normal 0.0570061 -0.995184 -0.0797463
    outer loop
      vertex 23.3073 7.68351 29.2801
      vertex -0.584476 7.63412 12.8176
      vertex -0.292865 7.68351 12.4097
    endloop
  endfacet
  facet normal -0.581227 0.0327144 0.813084
    outer loop
      vertex 4.47785 0 5.7359
      vertex 28.0684 -0.503604 22.6197
      vertex 28.078 0 22.6063
    endloop
  endfacet
  facet normal -0.581226 0.0327351 0.813083
    outer loop
      vertex 28.0684 -0.503604 22.6197
      vertex 4.47785 0 5.7359
      vertex 4.46826 -0.503604 5.74932
    endloop
  endfacet
  facet normal -0.449553 -0.634356 0.628884
    outer loop
      vertex 3.36662 5.07696 7.2904
      vertex 27.1527 4.68746 23.9008
      vertex 26.9668 5.07696 24.1608
    endloop
  endfacet
  facet normal -0.449538 -0.634388 0.628862
    outer loop
      vertex 27.1527 4.68746 23.9008
      vertex 3.36662 5.07696 7.2904
      vertex 3.55251 4.68746 7.03036
    endloop
  endfacet
  facet normal 0.168806 -0.956944 -0.236143
    outer loop
      vertex -1.43936 7.29136 14.0135
      vertex 22.4412 7.43763 30.4917
      vertex 22.1608 7.29136 30.884
    endloop
  endfacet
  facet normal 0.16883 -0.956931 -0.236177
    outer loop
      vertex 22.4412 7.43763 30.4917
      vertex -1.43936 7.29136 14.0135
      vertex -1.15895 7.43763 13.6213
    endloop
  endfacet
  facet normal 0.274142 -0.881916 -0.383498
    outer loop
      vertex -2.23892 6.6684 15.132
      vertex 21.6197 6.90592 31.641
      vertex 21.3613 6.6684 32.0025
    endloop
  endfacet
  facet normal 0.274136 -0.881921 -0.38349
    outer loop
      vertex 21.6197 6.90592 31.641
      vertex -2.23892 6.6684 15.132
      vertex -1.9805 6.90592 14.7705
    endloop
  endfacet
  facet normal 0.493837 0.528085 -0.690834
    outer loop
      vertex -3.72319 -4.27789 17.2084
      vertex 19.7223 -3.85 34.2953
      vertex 19.877 -4.27789 34.0788
    endloop
  endfacet
  facet normal 0.493824 0.528118 -0.690818
    outer loop
      vertex 19.7223 -3.85 34.2953
      vertex -3.72319 -4.27789 17.2084
      vertex -3.87793 -3.85 17.4249
    endloop
  endfacet
  facet normal -0.368909 -0.773033 0.516069
    outer loop
      vertex 2.72594 6.10882 8.18666
      vertex 26.5526 5.78917 24.7402
      vertex 26.3261 6.10882 25.0571
    endloop
  endfacet
  facet normal -0.368919 -0.773018 0.516083
    outer loop
      vertex 26.5526 5.78917 24.7402
      vertex 2.72594 6.10882 8.18666
      vertex 2.95245 5.78917 7.86979
    endloop
  endfacet
  facet normal -0.0190328 0.999464 0.0266252
    outer loop
      vertex 23.893 -7.68351 28.4607
      vertex 0 -7.7 12
      vertex 23.6002 -7.7 28.8704
    endloop
  endfacet
  facet normal -0.0190314 0.999464 0.0266232
    outer loop
      vertex 0 -7.7 12
      vertex 23.893 -7.68351 28.4607
      vertex 0.292865 -7.68351 11.5903
    endloop
  endfacet
  facet normal 0.368954 -0.772968 -0.516133
    outer loop
      vertex -2.95245 5.78917 16.1302
      vertex 20.8742 6.10882 32.6838
      vertex 20.6477 5.78917 33.0006
    endloop
  endfacet
  facet normal 0.368906 -0.773037 -0.516063
    outer loop
      vertex 20.8742 6.10882 32.6838
      vertex -2.95245 5.78917 16.1302
      vertex -2.72594 6.10882 15.8133
    endloop
  endfacet
  facet normal 0.0569978 0.995185 -0.0797344
    outer loop
      vertex 23.3073 -7.68351 29.2801
      vertex -0.584476 -7.63412 12.8176
      vertex 23.0157 -7.63412 29.6881
    endloop
  endfacet
  facet normal 0.0570061 0.995184 -0.0797463
    outer loop
      vertex -0.584476 -7.63412 12.8176
      vertex 23.3073 -7.68351 29.2801
      vertex -0.292865 -7.68351 12.4097
    endloop
  endfacet
  facet normal 0.529701 0.412713 -0.741003
    outer loop
      vertex -4.01606 -3.40562 17.6181
      vertex 19.4632 -2.94666 34.6577
      vertex 19.5841 -3.40562 34.4885
    endloop
  endfacet
  facet normal 0.529693 0.412741 -0.740993
    outer loop
      vertex 19.4632 -2.94666 34.6577
      vertex -4.01606 -3.40562 17.6181
      vertex -4.13699 -2.94666 17.7873
    endloop
  endfacet
  facet normal 0.239995 0.910872 -0.335729
    outer loop
      vertex 21.8866 -7.11387 31.2676
      vertex -1.9805 -6.90592 14.7705
      vertex 21.6197 -6.90592 31.641
    endloop
  endfacet
  facet normal 0.240029 0.910845 -0.335779
    outer loop
      vertex -1.9805 -6.90592 14.7705
      vertex 21.8866 -7.11387 31.2676
      vertex -1.7136 -7.11387 14.3972
    endloop
  endfacet
  facet normal -0.0190328 -0.999464 0.0266252
    outer loop
      vertex 0 7.7 12
      vertex 23.893 7.68351 28.4607
      vertex 23.6002 7.7 28.8704
    endloop
  endfacet
  facet normal -0.0190314 -0.999464 0.0266232
    outer loop
      vertex 23.893 7.68351 28.4607
      vertex 0 7.7 12
      vertex 0.292865 7.68351 11.5903
    endloop
  endfacet
  facet normal 0.581227 0.0327144 -0.813084
    outer loop
      vertex -4.46826 -0.503604 18.2507
      vertex 19.1223 0 35.1345
      vertex 19.1319 -0.503604 35.1211
    endloop
  endfacet
  facet normal 0.581227 0.0327029 -0.813084
    outer loop
      vertex 19.1223 0 35.1345
      vertex -4.46826 -0.503604 18.2507
      vertex -4.47785 0 18.2641
    endloop
  endfacet
  facet normal -0.274141 -0.881916 0.383498
    outer loop
      vertex 1.9805 6.90592 9.22946
      vertex 25.8391 6.6684 25.7384
      vertex 25.5807 6.90592 26.0999
    endloop
  endfacet
  facet normal -0.274132 -0.881925 0.383485
    outer loop
      vertex 25.8391 6.6684 25.7384
      vertex 1.9805 6.90592 9.22946
      vertex 2.23892 6.6684 8.86795
    endloop
  endfacet
  facet normal -0.472677 0.582534 0.661234
    outer loop
      vertex 3.72319 -4.27789 6.7916
      vertex 27.1527 -4.68746 23.9008
      vertex 27.3234 -4.27789 23.662
    endloop
  endfacet
  facet normal -0.472702 0.582476 0.661267
    outer loop
      vertex 27.1527 -4.68746 23.9008
      vertex 3.72319 -4.27789 6.7916
      vertex 3.55251 -4.68746 7.03036
    endloop
  endfacet
  facet normal 0.512863 -0.471419 -0.717451
    outer loop
      vertex 19.5841 3.40562 34.4885
      vertex -3.87793 3.85 17.4249
      vertex 19.7223 3.85 34.2953
    endloop
  endfacet
  facet normal 0.512883 -0.471356 -0.717477
    outer loop
      vertex -3.87793 3.85 17.4249
      vertex 19.5841 3.40562 34.4885
      vertex -4.01606 3.40562 17.6181
    endloop
  endfacet
  facet normal -0.472677 -0.582534 0.661234
    outer loop
      vertex 27.1527 4.68746 23.9008
      vertex 3.72319 4.27789 6.7916
      vertex 27.3234 4.27789 23.662
    endloop
  endfacet
  facet normal -0.472702 -0.582476 0.661267
    outer loop
      vertex 3.72319 4.27789 6.7916
      vertex 27.1527 4.68746 23.9008
      vertex 3.55251 4.68746 7.03036
    endloop
  endfacet
  facet normal -0.338729 -0.812852 0.47385
    outer loop
      vertex 2.48776 6.40232 8.51986
      vertex 26.3261 6.10882 25.0571
      vertex 26.0879 6.40232 25.3903
    endloop
  endfacet
  facet normal -0.338735 -0.812844 0.473859
    outer loop
      vertex 26.3261 6.10882 25.0571
      vertex 2.48776 6.40232 8.51986
      vertex 2.72594 6.10882 8.18666
    endloop
  endfacet
  facet normal 0.578738 0.0980279 -0.809601
    outer loop
      vertex -4.43954 -1.00505 18.2105
      vertex 19.1319 -0.503604 35.1211
      vertex 19.1606 -1.00505 35.0809
    endloop
  endfacet
  facet normal 0.578736 0.0980508 -0.809599
    outer loop
      vertex 19.1319 -0.503604 35.1211
      vertex -4.43954 -1.00505 18.2105
      vertex -4.46826 -0.503604 18.2507
    endloop
  endfacet
  facet normal -0.0570003 -0.995185 0.0797382
    outer loop
      vertex 0.292865 7.68351 11.5903
      vertex 24.1847 7.63412 28.0528
      vertex 23.893 7.68351 28.4607
    endloop
  endfacet
  facet normal -0.057006 -0.995184 0.0797464
    outer loop
      vertex 24.1847 7.63412 28.0528
      vertex 0.292865 7.68351 11.5903
      vertex 0.584476 7.63412 11.1824
    endloop
  endfacet
  facet normal 0.368954 0.772968 -0.516133
    outer loop
      vertex 20.8742 -6.10882 32.6838
      vertex -2.95245 -5.78917 16.1302
      vertex 20.6477 -5.78917 33.0006
    endloop
  endfacet
  facet normal 0.368906 0.773037 -0.516063
    outer loop
      vertex -2.95245 -5.78917 16.1302
      vertex 20.8742 -6.10882 32.6838
      vertex -2.72594 -6.10882 15.8133
    endloop
  endfacet
  facet normal -0.493881 0.527968 0.690892
    outer loop
      vertex 3.87793 -3.85 6.57513
      vertex 27.3234 -4.27789 23.662
      vertex 27.4781 -3.85 23.4456
    endloop
  endfacet
  facet normal -0.493837 0.528083 0.690835
    outer loop
      vertex 27.3234 -4.27789 23.662
      vertex 3.87793 -3.85 6.57513
      vertex 3.72319 -4.27789 6.7916
    endloop
  endfacet
  facet normal -0.493881 -0.527968 0.690892
    outer loop
      vertex 27.3234 4.27789 23.662
      vertex 3.87793 3.85 6.57513
      vertex 27.4781 3.85 23.4456
    endloop
  endfacet
  facet normal -0.493837 -0.528083 0.690835
    outer loop
      vertex 3.87793 3.85 6.57513
      vertex 27.3234 4.27789 23.662
      vertex 3.72319 4.27789 6.7916
    endloop
  endfacet
  facet normal -0.529711 -0.412674 0.741017
    outer loop
      vertex 27.6162 3.40562 23.2523
      vertex 4.13699 2.94666 6.21273
      vertex 27.7372 2.94666 23.0832
    endloop
  endfacet
  facet normal -0.529704 -0.412701 0.741007
    outer loop
      vertex 4.13699 2.94666 6.21273
      vertex 27.6162 3.40562 23.2523
      vertex 4.01606 3.40562 6.3819
    endloop
  endfacet
  facet normal 0.204868 -0.935892 -0.286592
    outer loop
      vertex -1.7136 7.11387 14.3972
      vertex 22.1608 7.29136 30.884
      vertex 21.8866 7.11387 31.2676
    endloop
  endfacet
  facet normal 0.204829 -0.935918 -0.286536
    outer loop
      vertex 22.1608 7.29136 30.884
      vertex -1.7136 7.11387 14.3972
      vertex -1.43936 7.29136 14.0135
    endloop
  endfacet
  facet normal -0.544267 -0.352244 0.761379
    outer loop
      vertex 27.7372 2.94666 23.0832
      vertex 4.24021 2.47508 6.06834
      vertex 27.8404 2.47508 22.9388
    endloop
  endfacet
  facet normal -0.544266 -0.35225 0.761377
    outer loop
      vertex 4.24021 2.47508 6.06834
      vertex 27.7372 2.94666 23.0832
      vertex 4.13699 2.94666 6.21273
    endloop
  endfacet
  facet normal -0.556507 -0.290239 0.778499
    outer loop
      vertex 27.8404 2.47508 22.9388
      vertex 4.32527 1.99291 5.94935
      vertex 27.9254 1.99291 22.8198
    endloop
  endfacet
  facet normal -0.556498 -0.290288 0.778488
    outer loop
      vertex 4.32527 1.99291 5.94935
      vertex 27.8404 2.47508 22.9388
      vertex 4.24021 2.47508 6.06834
    endloop
  endfacet
  facet normal 0.0190306 -0.999464 -0.0266221
    outer loop
      vertex -0.292865 7.68351 12.4097
      vertex 23.6002 7.7 28.8704
      vertex 23.3073 7.68351 29.2801
    endloop
  endfacet
  facet normal 0.0190314 -0.999464 -0.0266232
    outer loop
      vertex 23.6002 7.7 28.8704
      vertex -0.292865 7.68351 12.4097
      vertex 0 7.7 12
    endloop
  endfacet
  facet normal -0.512853 -0.471455 0.717434
    outer loop
      vertex 27.4781 3.85 23.4456
      vertex 4.01606 3.40562 6.3819
      vertex 27.6162 3.40562 23.2523
    endloop
  endfacet
  facet normal -0.512873 -0.471394 0.71746
    outer loop
      vertex 4.01606 3.40562 6.3819
      vertex 27.4781 3.85 23.4456
      vertex 3.87793 3.85 6.57513
    endloop
  endfacet
  facet normal -0.397518 -0.729892 0.556091
    outer loop
      vertex 2.95245 5.78917 7.86979
      vertex 26.7665 5.44472 24.441
      vertex 26.5526 5.78917 24.7402
    endloop
  endfacet
  facet normal -0.397541 -0.729853 0.556125
    outer loop
      vertex 26.7665 5.44472 24.441
      vertex 2.95245 5.78917 7.86979
      vertex 3.16632 5.44472 7.57062
    endloop
  endfacet
  facet normal 0.39755 -0.729838 -0.556138
    outer loop
      vertex -3.16632 5.44472 16.4294
      vertex 20.6477 5.78917 33.0006
      vertex 20.4339 5.44472 33.2998
    endloop
  endfacet
  facet normal 0.397528 -0.729876 -0.556105
    outer loop
      vertex 20.6477 5.78917 33.0006
      vertex -3.16632 5.44472 16.4294
      vertex -2.95245 5.78917 16.1302
    endloop
  endfacet
  facet normal 0.449508 0.634452 -0.628818
    outer loop
      vertex 20.2336 -5.07696 33.58
      vertex -3.55251 -4.68746 16.9696
      vertex 20.0477 -4.68746 33.8401
    endloop
  endfacet
  facet normal 0.449555 0.634349 -0.628889
    outer loop
      vertex -3.55251 -4.68746 16.9696
      vertex 20.2336 -5.07696 33.58
      vertex -3.36662 -5.07696 16.7096
    endloop
  endfacet
  facet normal 0.573776 -0.162856 -0.802658
    outer loop
      vertex 19.1606 1.00505 35.0809
      vertex -4.39181 1.5022 18.1437
      vertex 19.2084 1.5022 35.0142
    endloop
  endfacet
  facet normal 0.573767 -0.162934 -0.802648
    outer loop
      vertex -4.39181 1.5022 18.1437
      vertex 19.1606 1.00505 35.0809
      vertex -4.43954 1.00505 18.2105
    endloop
  endfacet
  facet normal -0.338729 0.812852 0.47385
    outer loop
      vertex 26.3261 -6.10882 25.0571
      vertex 2.48776 -6.40232 8.51986
      vertex 26.0879 -6.40232 25.3903
    endloop
  endfacet
  facet normal -0.338735 0.812844 0.473859
    outer loop
      vertex 2.48776 -6.40232 8.51986
      vertex 26.3261 -6.10882 25.0571
      vertex 2.72594 -6.10882 8.18666
    endloop
  endfacet
  facet normal 0.556486 0.290345 -0.778475
    outer loop
      vertex -4.24021 -2.47508 17.9317
      vertex 19.2749 -1.99291 34.9211
      vertex 19.36 -2.47508 34.8021
    endloop
  endfacet
  facet normal 0.556494 0.290302 -0.778485
    outer loop
      vertex 19.2749 -1.99291 34.9211
      vertex -4.24021 -2.47508 17.9317
      vertex -4.32527 -1.99291 18.0507
    endloop
  endfacet
  facet normal 0.0947263 -0.986644 -0.132514
    outer loop
      vertex -0.873584 7.55205 13.2221
      vertex 23.0157 7.63412 29.6881
      vertex 22.7266 7.55205 30.0925
    endloop
  endfacet
  facet normal 0.0947108 -0.986649 -0.132491
    outer loop
      vertex 23.0157 7.63412 29.6881
      vertex -0.873584 7.55205 13.2221
      vertex -0.584476 7.63412 12.8176
    endloop
  endfacet
  facet normal 0.556486 -0.290345 -0.778475
    outer loop
      vertex 19.2749 1.99291 34.9211
      vertex -4.24021 2.47508 17.9317
      vertex 19.36 2.47508 34.8021
    endloop
  endfacet
  facet normal 0.556494 -0.290302 -0.778485
    outer loop
      vertex -4.24021 2.47508 17.9317
      vertex 19.2749 1.99291 34.9211
      vertex -4.32527 1.99291 18.0507
    endloop
  endfacet
  facet normal -0.556507 0.290239 0.778499
    outer loop
      vertex 4.32527 -1.99291 5.94935
      vertex 27.8404 -2.47508 22.9388
      vertex 27.9254 -1.99291 22.8198
    endloop
  endfacet
  facet normal -0.556498 0.290288 0.778488
    outer loop
      vertex 27.8404 -2.47508 22.9388
      vertex 4.32527 -1.99291 5.94935
      vertex 4.24021 -2.47508 6.06834
    endloop
  endfacet
  facet normal -0.239994 -0.910872 0.33573
    outer loop
      vertex 1.7136 7.11387 9.60283
      vertex 25.5807 6.90592 26.0999
      vertex 25.3138 7.11387 26.4733
    endloop
  endfacet
  facet normal -0.240005 -0.910864 0.335745
    outer loop
      vertex 25.5807 6.90592 26.0999
      vertex 1.7136 7.11387 9.60283
      vertex 1.9805 6.90592 9.22946
    endloop
  endfacet
  facet normal -0.578737 0.0980279 0.809601
    outer loop
      vertex 4.46826 -0.503604 5.74932
      vertex 28.0397 -1.00505 22.6599
      vertex 28.0684 -0.503604 22.6197
    endloop
  endfacet
  facet normal -0.578739 0.0980028 0.809603
    outer loop
      vertex 28.0397 -1.00505 22.6599
      vertex 4.46826 -0.503604 5.74932
      vertex 4.43954 -1.00505 5.78949
    endloop
  endfacet
  facet normal -0.307102 -0.849192 0.429607
    outer loop
      vertex 2.23892 6.6684 8.86795
      vertex 26.0879 6.40232 25.3903
      vertex 25.8391 6.6684 25.7384
    endloop
  endfacet
  facet normal -0.307094 -0.8492 0.429595
    outer loop
      vertex 26.0879 6.40232 25.3903
      vertex 2.23892 6.6684 8.86795
      vertex 2.48776 6.40232 8.51986
    endloop
  endfacet
  facet normal 0.512863 0.471419 -0.717451
    outer loop
      vertex -3.87793 -3.85 17.4249
      vertex 19.5841 -3.40562 34.4885
      vertex 19.7223 -3.85 34.2953
    endloop
  endfacet
  facet normal 0.512883 0.471356 -0.717477
    outer loop
      vertex 19.5841 -3.40562 34.4885
      vertex -3.87793 -3.85 17.4249
      vertex -4.01606 -3.40562 17.6181
    endloop
  endfacet
  facet normal 0.544266 -0.352244 -0.761379
    outer loop
      vertex 19.36 2.47508 34.8021
      vertex -4.13699 2.94666 17.7873
      vertex 19.4632 2.94666 34.6577
    endloop
  endfacet
  facet normal 0.544261 -0.352265 -0.761373
    outer loop
      vertex -4.13699 2.94666 17.7873
      vertex 19.36 2.47508 34.8021
      vertex -4.24021 2.47508 17.9317
    endloop
  endfacet
  facet normal 0.168806 0.956944 -0.236143
    outer loop
      vertex 22.4412 -7.43763 30.4917
      vertex -1.43936 -7.29136 14.0135
      vertex 22.1608 -7.29136 30.884
    endloop
  endfacet
  facet normal 0.16883 0.956931 -0.236177
    outer loop
      vertex -1.43936 -7.29136 14.0135
      vertex 22.4412 -7.43763 30.4917
      vertex -1.15895 -7.43763 13.6213
    endloop
  endfacet
  facet normal 0.449508 -0.634452 -0.628818
    outer loop
      vertex -3.55251 4.68746 16.9696
      vertex 20.2336 5.07696 33.58
      vertex 20.0477 4.68746 33.8401
    endloop
  endfacet
  facet normal 0.449555 -0.634349 -0.628889
    outer loop
      vertex 20.2336 5.07696 33.58
      vertex -3.55251 4.68746 16.9696
      vertex -3.36662 5.07696 16.7096
    endloop
  endfacet
  facet normal 0.307072 -0.849224 -0.429564
    outer loop
      vertex -2.48776 6.40232 15.4801
      vertex 21.3613 6.6684 32.0025
      vertex 21.1124 6.40232 32.3506
    endloop
  endfacet
  facet normal 0.30709 -0.849205 -0.42959
    outer loop
      vertex 21.3613 6.6684 32.0025
      vertex -2.48776 6.40232 15.4801
      vertex -2.23892 6.6684 15.132
    endloop
  endfacet
  facet normal -0.204846 0.935906 0.286561
    outer loop
      vertex 25.3138 -7.11387 26.4733
      vertex 1.43936 -7.29136 9.98647
      vertex 25.0395 -7.29136 26.8569
    endloop
  endfacet
  facet normal -0.204847 0.935906 0.286562
    outer loop
      vertex 1.43936 -7.29136 9.98647
      vertex 25.3138 -7.11387 26.4733
      vertex 1.7136 -7.11387 9.60283
    endloop
  endfacet
  facet normal 0.529701 -0.412713 -0.741003
    outer loop
      vertex 19.4632 2.94666 34.6577
      vertex -4.01606 3.40562 17.6181
      vertex 19.5841 3.40562 34.4885
    endloop
  endfacet
  facet normal 0.529693 -0.412741 -0.740993
    outer loop
      vertex -4.01606 3.40562 17.6181
      vertex 19.4632 2.94666 34.6577
      vertex -4.13699 2.94666 17.7873
    endloop
  endfacet
  facet normal 0.33873 -0.812852 -0.473849
    outer loop
      vertex -2.72594 6.10882 15.8133
      vertex 21.1124 6.40232 32.3506
      vertex 20.8742 6.10882 32.6838
    endloop
  endfacet
  facet normal 0.338736 -0.812844 -0.473858
    outer loop
      vertex 21.1124 6.40232 32.3506
      vertex -2.72594 6.10882 15.8133
      vertex -2.48776 6.40232 15.4801
    endloop
  endfacet
  facet normal 0.0947263 0.986644 -0.132514
    outer loop
      vertex 23.0157 -7.63412 29.6881
      vertex -0.873584 -7.55205 13.2221
      vertex 22.7266 -7.55205 30.0925
    endloop
  endfacet
  facet normal 0.0947108 0.986649 -0.132491
    outer loop
      vertex -0.873584 -7.55205 13.2221
      vertex 23.0157 -7.63412 29.6881
      vertex -0.584476 -7.63412 12.8176
    endloop
  endfacet
  facet normal -0.512853 0.471455 0.717434
    outer loop
      vertex 4.01606 -3.40562 6.3819
      vertex 27.4781 -3.85 23.4456
      vertex 27.6162 -3.40562 23.2523
    endloop
  endfacet
  facet normal -0.512873 0.471394 0.71746
    outer loop
      vertex 27.4781 -3.85 23.4456
      vertex 4.01606 -3.40562 6.3819
      vertex 3.87793 -3.85 6.57513
    endloop
  endfacet
  facet normal -0.274141 0.881916 0.383498
    outer loop
      vertex 25.8391 -6.6684 25.7384
      vertex 1.9805 -6.90592 9.22946
      vertex 25.5807 -6.90592 26.0999
    endloop
  endfacet
  facet normal -0.274132 0.881925 0.383485
    outer loop
      vertex 1.9805 -6.90592 9.22946
      vertex 25.8391 -6.6684 25.7384
      vertex 2.23892 -6.6684 8.86795
    endloop
  endfacet
  facet normal 0.239995 -0.910872 -0.335729
    outer loop
      vertex -1.9805 6.90592 14.7705
      vertex 21.8866 7.11387 31.2676
      vertex 21.6197 6.90592 31.641
    endloop
  endfacet
  facet normal 0.240029 -0.910845 -0.335779
    outer loop
      vertex 21.8866 7.11387 31.2676
      vertex -1.9805 6.90592 14.7705
      vertex -1.7136 7.11387 14.3972
    endloop
  endfacet
  facet normal 0.581227 -0.0327144 -0.813084
    outer loop
      vertex 19.1223 0 35.1345
      vertex -4.46826 0.503604 18.2507
      vertex 19.1319 0.503604 35.1211
    endloop
  endfacet
  facet normal 0.581227 -0.0327029 -0.813084
    outer loop
      vertex -4.46826 0.503604 18.2507
      vertex 19.1223 0 35.1345
      vertex -4.47785 0 18.2641
    endloop
  endfacet
  facet normal -0.168806 -0.956944 0.236143
    outer loop
      vertex 1.15895 7.43763 10.3787
      vertex 25.0395 7.29136 26.8569
      vertex 24.7591 7.43763 27.2492
    endloop
  endfacet
  facet normal -0.168822 -0.956935 0.236166
    outer loop
      vertex 25.0395 7.29136 26.8569
      vertex 1.15895 7.43763 10.3787
      vertex 1.43936 7.29136 9.98647
    endloop
  endfacet
  facet normal 0.0190306 0.999464 -0.0266221
    outer loop
      vertex 23.6002 -7.7 28.8704
      vertex -0.292865 -7.68351 12.4097
      vertex 23.3073 -7.68351 29.2801
    endloop
  endfacet
  facet normal 0.0190314 0.999464 -0.0266232
    outer loop
      vertex -0.292865 -7.68351 12.4097
      vertex 23.6002 -7.7 28.8704
      vertex 0 -7.7 12
    endloop
  endfacet
  facet normal -0.307102 0.849192 0.429607
    outer loop
      vertex 26.0879 -6.40232 25.3903
      vertex 2.23892 -6.6684 8.86795
      vertex 25.8391 -6.6684 25.7384
    endloop
  endfacet
  facet normal -0.307094 0.8492 0.429595
    outer loop
      vertex 2.23892 -6.6684 8.86795
      vertex 26.0879 -6.40232 25.3903
      vertex 2.48776 -6.40232 8.51986
    endloop
  endfacet
  facet normal 0.39755 0.729838 -0.556138
    outer loop
      vertex 20.6477 -5.78917 33.0006
      vertex -3.16632 -5.44472 16.4294
      vertex 20.4339 -5.44472 33.2998
    endloop
  endfacet
  facet normal 0.397528 0.729876 -0.556105
    outer loop
      vertex -3.16632 -5.44472 16.4294
      vertex 20.6477 -5.78917 33.0006
      vertex -2.95245 -5.78917 16.1302
    endloop
  endfacet
  facet normal -0.0947262 0.986644 0.132514
    outer loop
      vertex 24.4738 -7.55205 27.6484
      vertex 0.584476 -7.63412 11.1824
      vertex 24.1847 -7.63412 28.0528
    endloop
  endfacet
  facet normal -0.0947106 0.986649 0.132491
    outer loop
      vertex 0.584476 -7.63412 11.1824
      vertex 24.4738 -7.55205 27.6484
      vertex 0.873584 -7.55205 10.7779
    endloop
  endfacet
  facet normal 0.573776 0.162856 -0.802658
    outer loop
      vertex -4.39181 -1.5022 18.1437
      vertex 19.1606 -1.00505 35.0809
      vertex 19.2084 -1.5022 35.0142
    endloop
  endfacet
  facet normal 0.573767 0.162934 -0.802648
    outer loop
      vertex 19.1606 -1.00505 35.0809
      vertex -4.39181 -1.5022 18.1437
      vertex -4.43954 -1.00505 18.2105
    endloop
  endfacet
  facet normal 0.132052 0.973878 -0.184728
    outer loop
      vertex 22.7266 -7.55205 30.0925
      vertex -1.15895 -7.43763 13.6213
      vertex 22.4412 -7.43763 30.4917
    endloop
  endfacet
  facet normal 0.132057 0.973876 -0.184735
    outer loop
      vertex -1.15895 -7.43763 13.6213
      vertex 22.7266 -7.55205 30.0925
      vertex -0.873584 -7.55205 13.2221
    endloop
  endfacet
  facet normal -0.424452 -0.683577 0.593771
    outer loop
      vertex 3.16632 5.44472 7.57062
      vertex 26.9668 5.07696 24.1608
      vertex 26.7665 5.44472 24.441
    endloop
  endfacet
  facet normal -0.424443 -0.683594 0.593757
    outer loop
      vertex 26.9668 5.07696 24.1608
      vertex 3.16632 5.44472 7.57062
      vertex 3.36662 5.07696 7.2904
    endloop
  endfacet
  facet normal 0.424452 -0.683577 -0.593771
    outer loop
      vertex -3.36662 5.07696 16.7096
      vertex 20.4339 5.44472 33.2998
      vertex 20.2336 5.07696 33.58
    endloop
  endfacet
  facet normal 0.424452 -0.683577 -0.593771
    outer loop
      vertex 20.4339 5.44472 33.2998
      vertex -3.36662 5.07696 16.7096
      vertex -3.16632 5.44472 16.4294
    endloop
  endfacet
  facet normal 0.274142 0.881916 -0.383498
    outer loop
      vertex 21.6197 -6.90592 31.641
      vertex -2.23892 -6.6684 15.132
      vertex 21.3613 -6.6684 32.0025
    endloop
  endfacet
  facet normal 0.274136 0.881921 -0.38349
    outer loop
      vertex -2.23892 -6.6684 15.132
      vertex 21.6197 -6.90592 31.641
      vertex -1.9805 -6.90592 14.7705
    endloop
  endfacet
  facet normal 0.472723 -0.582428 -0.661295
    outer loop
      vertex 19.877 4.27789 34.0788
      vertex -3.55251 4.68746 16.9696
      vertex 20.0477 4.68746 33.8401
    endloop
  endfacet
  facet normal 0.472684 -0.582519 -0.661242
    outer loop
      vertex -3.55251 4.68746 16.9696
      vertex 19.877 4.27789 34.0788
      vertex -3.72319 4.27789 17.2084
    endloop
  endfacet
  facet normal -0.132067 0.973872 0.184749
    outer loop
      vertex 24.7591 -7.43763 27.2492
      vertex 0.873584 -7.55205 10.7779
      vertex 24.4738 -7.55205 27.6484
    endloop
  endfacet
  facet normal -0.132057 0.973876 0.184735
    outer loop
      vertex 0.873584 -7.55205 10.7779
      vertex 24.7591 -7.43763 27.2492
      vertex 1.15895 -7.43763 10.3787
    endloop
  endfacet
  facet normal -0.529711 0.412674 0.741017
    outer loop
      vertex 4.13699 -2.94666 6.21273
      vertex 27.6162 -3.40562 23.2523
      vertex 27.7372 -2.94666 23.0832
    endloop
  endfacet
  facet normal -0.529704 0.412701 0.741007
    outer loop
      vertex 27.6162 -3.40562 23.2523
      vertex 4.13699 -2.94666 6.21273
      vertex 4.01606 -3.40562 6.3819
    endloop
  endfacet
  facet normal -0.544267 0.352244 0.761379
    outer loop
      vertex 4.24021 -2.47508 6.06834
      vertex 27.7372 -2.94666 23.0832
      vertex 27.8404 -2.47508 22.9388
    endloop
  endfacet
  facet normal -0.544266 0.35225 0.761377
    outer loop
      vertex 27.7372 -2.94666 23.0832
      vertex 4.24021 -2.47508 6.06834
      vertex 4.13699 -2.94666 6.21273
    endloop
  endfacet
  facet normal -0.397518 0.729892 0.556091
    outer loop
      vertex 26.7665 -5.44472 24.441
      vertex 2.95245 -5.78917 7.86979
      vertex 26.5526 -5.78917 24.7402
    endloop
  endfacet
  facet normal -0.397541 0.729853 0.556125
    outer loop
      vertex 2.95245 -5.78917 7.86979
      vertex 26.7665 -5.44472 24.441
      vertex 3.16632 -5.44472 7.57062
    endloop
  endfacet
  facet normal 0.307072 0.849224 -0.429564
    outer loop
      vertex 21.3613 -6.6684 32.0025
      vertex -2.48776 -6.40232 15.4801
      vertex 21.1124 -6.40232 32.3506
    endloop
  endfacet
  facet normal 0.30709 0.849205 -0.42959
    outer loop
      vertex -2.48776 -6.40232 15.4801
      vertex 21.3613 -6.6684 32.0025
      vertex -2.23892 -6.6684 15.132
    endloop
  endfacet
  facet normal -0.368909 0.773033 0.516069
    outer loop
      vertex 26.5526 -5.78917 24.7402
      vertex 2.72594 -6.10882 8.18666
      vertex 26.3261 -6.10882 25.0571
    endloop
  endfacet
  facet normal -0.368919 0.773018 0.516083
    outer loop
      vertex 2.72594 -6.10882 8.18666
      vertex 26.5526 -5.78917 24.7402
      vertex 2.95245 -5.78917 7.86979
    endloop
  endfacet
  facet normal -0.132067 -0.973872 0.184749
    outer loop
      vertex 0.873584 7.55205 10.7779
      vertex 24.7591 7.43763 27.2492
      vertex 24.4738 7.55205 27.6484
    endloop
  endfacet
  facet normal -0.132057 -0.973876 0.184735
    outer loop
      vertex 24.7591 7.43763 27.2492
      vertex 0.873584 7.55205 10.7779
      vertex 1.15895 7.43763 10.3787
    endloop
  endfacet
  facet normal 0.813525 0 0.58153
    outer loop
      vertex -0.292865 7.68351 12.4097
      vertex 0.292865 7.68351 11.5903
      vertex 0 7.7 12
    endloop
  endfacet
  facet normal 0.813525 -0.000538456 0.58153
    outer loop
      vertex -0.584476 7.63412 12.8176
      vertex 0.292865 7.68351 11.5903
      vertex -0.292865 7.68351 12.4097
    endloop
  endfacet
  facet normal 0.813509 0.000269816 0.581552
    outer loop
      vertex -0.584476 7.63412 12.8176
      vertex 0.584476 7.63412 11.1824
      vertex 0.292865 7.68351 11.5903
    endloop
  endfacet
  facet normal 0.813509 0.000555768 0.581552
    outer loop
      vertex -0.873584 7.55205 13.2221
      vertex 0.584476 7.63412 11.1824
      vertex -0.584476 7.63412 12.8176
    endloop
  endfacet
  facet normal 0.813527 -0.000371823 0.581527
    outer loop
      vertex -0.873584 7.55205 13.2221
      vertex 0.873584 7.55205 10.7779
      vertex 0.584476 7.63412 11.1824
    endloop
  endfacet
  facet normal 0.813527 -6.43211e-05 0.581527
    outer loop
      vertex -1.15895 7.43763 13.6213
      vertex 0.873584 7.55205 10.7779
      vertex -0.873584 7.55205 13.2221
    endloop
  endfacet
  facet normal 0.813525 4.84837e-05 0.58153
    outer loop
      vertex -1.15895 7.43763 13.6213
      vertex 1.15895 7.43763 10.3787
      vertex 0.873584 7.55205 10.7779
    endloop
  endfacet
  facet normal 0.813525 -0.000303743 0.58153
    outer loop
      vertex -1.43936 7.29136 14.0135
      vertex 1.15895 7.43763 10.3787
      vertex -1.15895 7.43763 13.6213
    endloop
  endfacet
  facet normal 0.813517 0.000136918 0.581542
    outer loop
      vertex -1.43936 7.29136 14.0135
      vertex 1.43936 7.29136 9.98647
      vertex 1.15895 7.43763 10.3787
    endloop
  endfacet
  facet normal 0.813517 0.000218707 0.581542
    outer loop
      vertex -1.7136 7.11387 14.3972
      vertex 1.43936 7.29136 9.98647
      vertex -1.43936 7.29136 14.0135
    endloop
  endfacet
  facet normal 0.813521 -2.84815e-06 0.581536
    outer loop
      vertex -1.7136 7.11387 14.3972
      vertex 1.7136 7.11387 9.60283
      vertex 1.43936 7.29136 9.98647
    endloop
  endfacet
  facet normal 0.813521 -0.000198766 0.581536
    outer loop
      vertex -1.9805 6.90592 14.7705
      vertex 1.7136 7.11387 9.60283
      vertex -1.7136 7.11387 14.3972
    endloop
  endfacet
  facet normal 0.813517 -1.05861e-05 0.581541
    outer loop
      vertex -1.9805 6.90592 14.7705
      vertex 1.9805 6.90592 9.22946
      vertex 1.7136 7.11387 9.60283
    endloop
  endfacet
  facet normal 0.813517 -8.68884e-06 0.581541
    outer loop
      vertex -2.23892 6.6684 15.132
      vertex 1.9805 6.90592 9.22946
      vertex -1.9805 6.90592 14.7705
    endloop
  endfacet
  facet normal 0.813517 -1.53849e-05 0.581541
    outer loop
      vertex -2.23892 6.6684 15.132
      vertex 2.23892 6.6684 8.86795
      vertex 1.9805 6.90592 9.22946
    endloop
  endfacet
  facet normal 0.813517 -4.92873e-06 0.581541
    outer loop
      vertex -2.48776 6.40232 15.4801
      vertex 2.23892 6.6684 8.86795
      vertex -2.23892 6.6684 15.132
    endloop
  endfacet
  facet normal 0.813517 2.51985e-05 0.581542
    outer loop
      vertex -2.48776 6.40232 15.4801
      vertex 2.48776 6.40232 8.51986
      vertex 2.23892 6.6684 8.86795
    endloop
  endfacet
  facet normal 0.813517 2.1226e-05 0.581542
    outer loop
      vertex -2.72594 6.10882 15.8133
      vertex 2.48776 6.40232 8.51986
      vertex -2.48776 6.40232 15.4801
    endloop
  endfacet
  facet normal 0.813517 -1.93713e-05 0.58154
    outer loop
      vertex -2.72594 6.10882 15.8133
      vertex 2.72594 6.10882 8.18666
      vertex 2.48776 6.40232 8.51986
    endloop
  endfacet
  facet normal 0.813517 6.35855e-05 0.58154
    outer loop
      vertex -2.95245 5.78917 16.1302
      vertex 2.72594 6.10882 8.18666
      vertex -2.72594 6.10882 15.8133
    endloop
  endfacet
  facet normal 0.813519 -6.22173e-06 0.581539
    outer loop
      vertex -2.95245 5.78917 16.1302
      vertex 2.95245 5.78917 7.86979
      vertex 2.72594 6.10882 8.18666
    endloop
  endfacet
  facet normal 0.813519 2.63596e-05 0.581539
    outer loop
      vertex -3.16632 5.44472 16.4294
      vertex 2.95245 5.78917 7.86979
      vertex -2.95245 5.78917 16.1302
    endloop
  endfacet
  facet normal 0.813519 2.43596e-05 0.581539
    outer loop
      vertex -3.16632 5.44472 16.4294
      vertex 3.16632 5.44472 7.57062
      vertex 2.95245 5.78917 7.86979
    endloop
  endfacet
  facet normal 0.813519 -1.97418e-06 0.581539
    outer loop
      vertex -3.36662 5.07696 16.7096
      vertex 3.16632 5.44472 7.57062
      vertex -3.16632 5.44472 16.4294
    endloop
  endfacet
  facet normal 0.813519 -2.88284e-05 0.581538
    outer loop
      vertex -3.36662 5.07696 16.7096
      vertex 3.36662 5.07696 7.2904
      vertex 3.16632 5.44472 7.57062
    endloop
  endfacet
  facet normal 0.813519 -6.4901e-05 0.581538
    outer loop
      vertex -3.55251 4.68746 16.9696
      vertex 3.36662 5.07696 7.2904
      vertex -3.36662 5.07696 16.7096
    endloop
  endfacet
  facet normal 0.813518 3.346e-06 0.58154
    outer loop
      vertex -3.55251 4.68746 16.9696
      vertex 3.55251 4.68746 7.03036
      vertex 3.36662 5.07696 7.2904
    endloop
  endfacet
  facet normal 0.813518 4.98191e-05 0.58154
    outer loop
      vertex -3.72319 4.27789 17.2084
      vertex 3.55251 4.68746 7.03036
      vertex -3.55251 4.68746 16.9696
    endloop
  endfacet
  facet normal 0.813519 7.95807e-06 0.581539
    outer loop
      vertex -3.72319 4.27789 17.2084
      vertex 3.72319 4.27789 6.7916
      vertex 3.55251 4.68746 7.03036
    endloop
  endfacet
  facet normal 0.813519 4.48329e-05 0.581539
    outer loop
      vertex -3.87793 3.85 17.4249
      vertex 3.72319 4.27789 6.7916
      vertex -3.72319 4.27789 17.2084
    endloop
  endfacet
  facet normal 0.81352 -3.08487e-06 0.581537
    outer loop
      vertex -3.87793 3.85 17.4249
      vertex 3.87793 3.85 6.57513
      vertex 3.72319 4.27789 6.7916
    endloop
  endfacet
  facet normal 0.81352 -4.16052e-05 0.581537
    outer loop
      vertex -4.01606 3.40562 17.6181
      vertex 3.87793 3.85 6.57513
      vertex -3.87793 3.85 17.4249
    endloop
  endfacet
  facet normal 0.813519 1.58991e-06 0.581538
    outer loop
      vertex -4.01606 3.40562 17.6181
      vertex 4.01606 3.40562 6.3819
      vertex 3.87793 3.85 6.57513
    endloop
  endfacet
  facet normal 0.813519 3.80241e-05 0.581538
    outer loop
      vertex -4.13699 2.94666 17.7873
      vertex 4.01606 3.40562 6.3819
      vertex -4.01606 3.40562 17.6181
    endloop
  endfacet
  facet normal 0.81352 5.44183e-07 0.581537
    outer loop
      vertex -4.13699 2.94666 17.7873
      vertex 4.13699 2.94666 6.21273
      vertex 4.01606 3.40562 6.3819
    endloop
  endfacet
  facet normal 0.81352 5.30538e-06 0.581537
    outer loop
      vertex -4.24021 2.47508 17.9317
      vertex 4.13699 2.94666 6.21273
      vertex -4.13699 2.94666 17.7873
    endloop
  endfacet
  facet normal 0.81352 7.00536e-06 0.581537
    outer loop
      vertex -4.24021 2.47508 17.9317
      vertex 4.24021 2.47508 6.06834
      vertex 4.13699 2.94666 6.21273
    endloop
  endfacet
  facet normal 0.81352 1.03221e-05 0.581537
    outer loop
      vertex -4.32527 1.99291 18.0507
      vertex 4.24021 2.47508 6.06834
      vertex -4.24021 2.47508 17.9317
    endloop
  endfacet
  facet normal 0.81352 1.82315e-06 0.581537
    outer loop
      vertex -4.32527 1.99291 18.0507
      vertex 4.32527 1.99291 5.94935
      vertex 4.24021 2.47508 6.06834
    endloop
  endfacet
  facet normal 0.81352 -9.91319e-05 0.581537
    outer loop
      vertex -4.39181 1.5022 18.1437
      vertex 4.32527 1.99291 5.94935
      vertex -4.32527 1.99291 18.0507
    endloop
  endfacet
  facet normal 0.813518 3.54069e-06 0.58154
    outer loop
      vertex -4.39181 1.5022 18.1437
      vertex 4.39181 1.5022 5.85627
      vertex 4.32527 1.99291 5.94935
    endloop
  endfacet
  facet normal 0.813518 3.55284e-05 0.58154
    outer loop
      vertex -4.43954 1.00505 18.2105
      vertex 4.39181 1.5022 5.85627
      vertex -4.39181 1.5022 18.1437
    endloop
  endfacet
  facet normal 0.813519 -1.18772e-05 0.581539
    outer loop
      vertex -4.43954 1.00505 18.2105
      vertex 4.43954 1.00505 5.78949
      vertex 4.39181 1.5022 5.85627
    endloop
  endfacet
  facet normal 0.813519 2.71164e-05 0.581539
    outer loop
      vertex -4.46826 0.503604 18.2507
      vertex 4.43954 1.00505 5.78949
      vertex -4.43954 1.00505 18.2105
    endloop
  endfacet
  facet normal 0.813519 7.73776e-06 0.581538
    outer loop
      vertex -4.46826 0.503604 18.2507
      vertex 4.46826 0.503604 5.74932
      vertex 4.43954 1.00505 5.78949
    endloop
  endfacet
  facet normal 0.813519 -1.79439e-05 0.581538
    outer loop
      vertex -4.47785 0 18.2641
      vertex 4.46826 0.503604 5.74932
      vertex -4.46826 0.503604 18.2507
    endloop
  endfacet
  facet normal 0.813519 -5.16485e-06 0.581539
    outer loop
      vertex -4.47785 0 18.2641
      vertex 4.47785 0 5.7359
      vertex 4.46826 0.503604 5.74932
    endloop
  endfacet
  facet normal 0.813519 1.79302e-05 0.581539
    outer loop
      vertex -4.46826 -0.503604 18.2507
      vertex 4.47785 0 5.7359
      vertex -4.47785 0 18.2641
    endloop
  endfacet
  facet normal 0.813519 5.15114e-06 0.581538
    outer loop
      vertex -4.46826 -0.503604 18.2507
      vertex 4.46826 -0.503604 5.74932
      vertex 4.47785 0 5.7359
    endloop
  endfacet
  facet normal 0.813519 -2.70539e-05 0.581538
    outer loop
      vertex -4.43954 -1.00505 18.2105
      vertex 4.46826 -0.503604 5.74932
      vertex -4.46826 -0.503604 18.2507
    endloop
  endfacet
  facet normal 0.813519 -7.67529e-06 0.581539
    outer loop
      vertex -4.43954 -1.00505 18.2105
      vertex 4.43954 -1.00505 5.78949
      vertex 4.46826 -0.503604 5.74932
    endloop
  endfacet
  facet normal 0.813519 -3.52721e-05 0.581539
    outer loop
      vertex -4.39181 -1.5022 18.1437
      vertex 4.43954 -1.00505 5.78949
      vertex -4.43954 -1.00505 18.2105
    endloop
  endfacet
  facet normal 0.813518 1.21334e-05 0.58154
    outer loop
      vertex -4.39181 -1.5022 18.1437
      vertex 4.39181 -1.5022 5.85627
      vertex 4.43954 -1.00505 5.78949
    endloop
  endfacet
  facet normal 0.813518 9.83486e-05 0.58154
    outer loop
      vertex -4.32527 -1.99291 18.0507
      vertex 4.39181 -1.5022 5.85627
      vertex -4.39181 -1.5022 18.1437
    endloop
  endfacet
  facet normal 0.81352 -4.3244e-06 0.581537
    outer loop
      vertex -4.32527 -1.99291 18.0507
      vertex 4.32527 -1.99291 5.94935
      vertex 4.39181 -1.5022 5.85627
    endloop
  endfacet
  facet normal 0.81352 -1.02377e-05 0.581537
    outer loop
      vertex -4.24021 -2.47508 17.9317
      vertex 4.32527 -1.99291 5.94935
      vertex -4.32527 -1.99291 18.0507
    endloop
  endfacet
  facet normal 0.81352 -1.73875e-06 0.581537
    outer loop
      vertex -4.24021 -2.47508 17.9317
      vertex 4.24021 -2.47508 6.06834
      vertex 4.32527 -1.99291 5.94935
    endloop
  endfacet
  facet normal 0.81352 -5.32632e-06 0.581537
    outer loop
      vertex -4.13699 -2.94666 17.7873
      vertex 4.24021 -2.47508 6.06834
      vertex -4.24021 -2.47508 17.9317
    endloop
  endfacet
  facet normal 0.81352 -7.0263e-06 0.581537
    outer loop
      vertex -4.13699 -2.94666 17.7873
      vertex 4.13699 -2.94666 6.21273
      vertex 4.24021 -2.47508 6.06834
    endloop
  endfacet
  facet normal 0.81352 -3.74681e-05 0.581537
    outer loop
      vertex -4.01606 -3.40562 17.6181
      vertex 4.13699 -2.94666 6.21273
      vertex -4.13699 -2.94666 17.7873
    endloop
  endfacet
  facet normal 0.813519 1.17367e-08 0.581538
    outer loop
      vertex -4.01606 -3.40562 17.6181
      vertex 4.01606 -3.40562 6.3819
      vertex 4.13699 -2.94666 6.21273
    endloop
  endfacet
  facet normal 0.813519 4.08494e-05 0.581538
    outer loop
      vertex -3.87793 -3.85 17.4249
      vertex 4.01606 -3.40562 6.3819
      vertex -4.01606 -3.40562 17.6181
    endloop
  endfacet
  facet normal 0.81352 -2.34574e-06 0.581537
    outer loop
      vertex -3.87793 -3.85 17.4249
      vertex 3.87793 -3.85 6.57513
      vertex 4.01606 -3.40562 6.3819
    endloop
  endfacet
  facet normal 0.81352 -4.38573e-05 0.581537
    outer loop
      vertex -3.72319 -4.27789 17.2084
      vertex 3.87793 -3.85 6.57513
      vertex -3.87793 -3.85 17.4249
    endloop
  endfacet
  facet normal 0.813519 4.06036e-06 0.581539
    outer loop
      vertex -3.72319 -4.27789 17.2084
      vertex 3.72319 -4.27789 6.7916
      vertex 3.87793 -3.85 6.57513
    endloop
  endfacet
  facet normal 0.813519 -4.8837e-05 0.581539
    outer loop
      vertex -3.55251 -4.68746 16.9696
      vertex 3.72319 -4.27789 6.7916
      vertex -3.72319 -4.27789 17.2084
    endloop
  endfacet
  facet normal 0.813518 -6.97607e-06 0.58154
    outer loop
      vertex -3.55251 -4.68746 16.9696
      vertex 3.55251 -4.68746 7.03036
      vertex 3.72319 -4.27789 6.7916
    endloop
  endfacet
  facet normal 0.813518 6.30677e-05 0.58154
    outer loop
      vertex -3.36662 -5.07696 16.7096
      vertex 3.55251 -4.68746 7.03036
      vertex -3.55251 -4.68746 16.9696
    endloop
  endfacet
  facet normal 0.813519 -5.17952e-06 0.581538
    outer loop
      vertex -3.36662 -5.07696 16.7096
      vertex 3.36662 -5.07696 7.2904
      vertex 3.55251 -4.68746 7.03036
    endloop
  endfacet
  facet normal 0.813519 2.79753e-06 0.581538
    outer loop
      vertex -3.16632 -5.44472 16.4294
      vertex 3.36662 -5.07696 7.2904
      vertex -3.36662 -5.07696 16.7096
    endloop
  endfacet
  facet normal 0.813519 2.96518e-05 0.581539
    outer loop
      vertex -3.16632 -5.44472 16.4294
      vertex 3.16632 -5.44472 7.57062
      vertex 3.36662 -5.07696 7.2904
    endloop
  endfacet
  facet normal 0.813519 -2.62897e-05 0.581539
    outer loop
      vertex -2.95245 -5.78917 16.1302
      vertex 3.16632 -5.44472 7.57062
      vertex -3.16632 -5.44472 16.4294
    endloop
  endfacet
  facet normal 0.813519 -2.42897e-05 0.581539
    outer loop
      vertex -2.95245 -5.78917 16.1302
      vertex 2.95245 -5.78917 7.86979
      vertex 3.16632 -5.44472 7.57062
    endloop
  endfacet
  facet normal 0.813519 -6.08007e-05 0.581539
    outer loop
      vertex -2.72594 -6.10882 15.8133
      vertex 2.95245 -5.78917 7.86979
      vertex -2.95245 -5.78917 16.1302
    endloop
  endfacet
  facet normal 0.813517 9.00635e-06 0.58154
    outer loop
      vertex -2.72594 -6.10882 15.8133
      vertex 2.72594 -6.10882 8.18666
      vertex 2.95245 -5.78917 7.86979
    endloop
  endfacet
  facet normal 0.813517 -1.93713e-05 0.58154
    outer loop
      vertex -2.48776 -6.40232 15.4801
      vertex 2.72594 -6.10882 8.18666
      vertex -2.72594 -6.10882 15.8133
    endloop
  endfacet
  facet normal 0.813517 2.1226e-05 0.581542
    outer loop
      vertex -2.48776 -6.40232 15.4801
      vertex 2.48776 -6.40232 8.51986
      vertex 2.72594 -6.10882 8.18666
    endloop
  endfacet
  facet normal 0.813517 3.34266e-06 0.581542
    outer loop
      vertex -2.23892 -6.6684 15.132
      vertex 2.48776 -6.40232 8.51986
      vertex -2.48776 -6.40232 15.4801
    endloop
  endfacet
  facet normal 0.813517 -2.67846e-05 0.581541
    outer loop
      vertex -2.23892 -6.6684 15.132
      vertex 2.23892 -6.6684 8.86795
      vertex 2.48776 -6.40232 8.51986
    endloop
  endfacet
  facet normal 0.813517 9.09894e-06 0.581541
    outer loop
      vertex -1.9805 -6.90592 14.7705
      vertex 2.23892 -6.6684 8.86795
      vertex -2.23892 -6.6684 15.132
    endloop
  endfacet
  facet normal 0.813517 1.5795e-05 0.581541
    outer loop
      vertex -1.9805 -6.90592 14.7705
      vertex 1.9805 -6.90592 9.22946
      vertex 2.23892 -6.6684 8.86795
    endloop
  endfacet
  facet normal 0.813517 0.000185172 0.581541
    outer loop
      vertex -1.7136 -7.11387 14.3972
      vertex 1.9805 -6.90592 9.22946
      vertex -1.9805 -6.90592 14.7705
    endloop
  endfacet
  facet normal 0.813521 -3.01014e-06 0.581536
    outer loop
      vertex -1.7136 -7.11387 14.3972
      vertex 1.7136 -7.11387 9.60283
      vertex 1.9805 -6.90592 9.22946
    endloop
  endfacet
  facet normal 0.813521 -0.000199435 0.581536
    outer loop
      vertex -1.43936 -7.29136 14.0135
      vertex 1.7136 -7.11387 9.60283
      vertex -1.7136 -7.11387 14.3972
    endloop
  endfacet
  facet normal 0.813517 2.21188e-05 0.581542
    outer loop
      vertex -1.43936 -7.29136 14.0135
      vertex 1.43936 -7.29136 9.98647
      vertex 1.7136 -7.11387 9.60283
    endloop
  endfacet
  facet normal 0.813516 0.000256192 0.581542
    outer loop
      vertex -1.15895 -7.43763 13.6213
      vertex 1.43936 -7.29136 9.98647
      vertex -1.43936 -7.29136 14.0135
    endloop
  endfacet
  facet normal 0.813525 -0.000184471 0.58153
    outer loop
      vertex -1.15895 -7.43763 13.6213
      vertex 1.15895 -7.43763 10.3787
      vertex 1.43936 -7.29136 9.98647
    endloop
  endfacet
  facet normal 0.813525 4.84837e-05 0.58153
    outer loop
      vertex -0.873584 -7.55205 13.2221
      vertex 1.15895 -7.43763 10.3787
      vertex -1.15895 -7.43763 13.6213
    endloop
  endfacet
  facet normal 0.813527 -6.43211e-05 0.581527
    outer loop
      vertex -0.873584 -7.55205 13.2221
      vertex 0.873584 -7.55205 10.7779
      vertex 1.15895 -7.43763 10.3787
    endloop
  endfacet
  facet normal 0.813527 -0.000371823 0.581527
    outer loop
      vertex -0.584476 -7.63412 12.8176
      vertex 0.873584 -7.55205 10.7779
      vertex -0.873584 -7.55205 13.2221
    endloop
  endfacet
  facet normal 0.813509 0.000555768 0.581552
    outer loop
      vertex -0.584476 -7.63412 12.8176
      vertex 0.584476 -7.63412 11.1824
      vertex 0.873584 -7.55205 10.7779
    endloop
  endfacet
  facet normal 0.813509 0.000269816 0.581552
    outer loop
      vertex -0.292865 -7.68351 12.4097
      vertex 0.584476 -7.63412 11.1824
      vertex -0.584476 -7.63412 12.8176
    endloop
  endfacet
  facet normal 0.813525 -0.000538456 0.58153
    outer loop
      vertex -0.292865 -7.68351 12.4097
      vertex 0.292865 -7.68351 11.5903
      vertex 0.584476 -7.63412 11.1824
    endloop
  endfacet
  facet normal 0.813525 0 0.58153
    outer loop
      vertex 0.292865 -7.68351 11.5903
      vertex -0.292865 -7.68351 12.4097
      vertex 0 -7.7 12
    endloop
  endfacet
  facet normal 0.16395 -0.0230271 0.9862
    outer loop
      vertex 29.4591 0 22.3767
      vertex 29.4485 0.558381 22.3915
      vertex 28.078 0 22.6063
    endloop
  endfacet
  facet normal 0.924406 0.373445 -0.0775407
    outer loop
      vertex 20.2006 -4.81943 35.3285
      vertex 19.877 -4.27789 34.0788
      vertex 19.7223 -3.85 34.2953
    endloop
  endfacet
  facet normal 0.923307 0.376481 -0.0759403
    outer loop
      vertex 19.877 -4.27789 34.0788
      vertex 20.2006 -4.81943 35.3285
      vertex 20.2037 -4.8279 35.3242
    endloop
  endfacet
  facet normal 0.163985 0.0231148 0.986192
    outer loop
      vertex 28.0684 -0.503604 22.6197
      vertex 29.4485 -0.558381 22.3915
      vertex 28.078 0 22.6063
    endloop
  endfacet
  facet normal 0.164097 0.0263746 0.986091
    outer loop
      vertex 29.4485 -0.558381 22.3915
      vertex 28.0684 -0.503604 22.6197
      vertex 29.4483 -0.568353 22.3918
    endloop
  endfacet
  facet normal 0.835986 -0.546809 0.0461133
    outer loop
      vertex 21.3247 6.88791 33.7561
      vertex 21.0735 6.53349 34.1074
      vertex 20.6477 5.78917 33.0006
    endloop
  endfacet
  facet normal 0.89306 0.448676 -0.0336806
    outer loop
      vertex 20.4 -5.29785 35.0496
      vertex 20.6061 -5.72972 34.7613
      vertex 20.2336 -5.07696 33.58
    endloop
  endfacet
  facet normal 0.769014 0.623746 0.139852
    outer loop
      vertex 21.8839 -7.53046 32.9737
      vertex 22.1704 -7.79382 32.5729
      vertex 21.6197 -6.90592 31.641
    endloop
  endfacet
  facet normal 0.212346 -0.333482 0.918531
    outer loop
      vertex 28.938 3.84349 23.1057
      vertex 28.7848 4.3362 23.32
      vertex 27.6162 3.40562 23.2523
    endloop
  endfacet
  facet normal 0.45573 -0.676864 0.57807
    outer loop
      vertex 26.03 8.22882 27.1737
      vertex 25.7191 8.391 27.6087
      vertex 25.0395 7.29136 26.8569
    endloop
  endfacet
  facet normal 0.811444 -0.578848 0.0805798
    outer loop
      vertex 21.5932 7.21966 33.3803
      vertex 21.1124 6.40232 32.3506
      vertex 21.598 7.22547 33.3737
    endloop
  endfacet
  facet normal 0.814668 -0.574931 0.0759655
    outer loop
      vertex 21.1124 6.40232 32.3506
      vertex 21.5932 7.21966 33.3803
      vertex 20.8742 6.10882 32.6838
    endloop
  endfacet
  facet normal 0.430153 0.661932 0.613852
    outer loop
      vertex 26.03 -8.22882 27.1737
      vertex 26.3341 -8.03203 26.7484
      vertex 25.0395 -7.29136 26.8569
    endloop
  endfacet
  facet normal 0.33555 0.574963 0.746206
    outer loop
      vertex 27.2179 -7.21966 25.512
      vertex 27.482 -6.89424 25.1425
      vertex 26.3261 -6.10882 25.0571
    endloop
  endfacet
  facet normal 0.615429 -0.703879 0.354684
    outer loop
      vertex 24.075 8.67139 29.9085
      vertex 23.7517 8.61663 30.3608
      vertex 23.3073 7.68351 29.2801
    endloop
  endfacet
  facet normal 0.174499 0.160595 0.971473
    outer loop
      vertex 29.2869 -2.24914 22.6176
      vertex 29.3607 -1.70505 22.5144
      vertex 27.9254 -1.99291 22.8198
    endloop
  endfacet
  facet normal 0.240801 0.412124 0.878732
    outer loop
      vertex 28.5224 -5.0319 23.687
      vertex 27.1527 -4.68746 23.9008
      vertex 28.4148 -5.29014 23.8376
    endloop
  endfacet
  facet normal 0.240767 0.411926 0.878834
    outer loop
      vertex 27.1527 -4.68746 23.9008
      vertex 28.5224 -5.0319 23.687
      vertex 28.6041 -4.83601 23.5728
    endloop
  endfacet
  facet normal 0.292204 -0.513652 0.806709
    outer loop
      vertex 26.5526 5.78917 24.7402
      vertex 27.7419 6.52667 24.779
      vertex 27.7376 6.53349 24.7849
    endloop
  endfacet
  facet normal 0.293891 -0.516252 0.804433
    outer loop
      vertex 27.7419 6.52667 24.779
      vertex 26.5526 5.78917 24.7402
      vertex 26.7665 5.44472 24.441
    endloop
  endfacet
  facet normal 0.792303 -0.600627 0.107253
    outer loop
      vertex 21.8788 7.52576 32.9809
      vertex 21.6029 7.23074 33.3669
      vertex 21.3613 6.6684 32.0025
    endloop
  endfacet
  facet normal 0.180891 0.201532 0.962634
    outer loop
      vertex 27.9254 -1.99291 22.8198
      vertex 29.2853 -2.25869 22.6199
      vertex 29.2869 -2.24914 22.6176
    endloop
  endfacet
  facet normal 0.181502 0.205355 0.96171
    outer loop
      vertex 29.2853 -2.25869 22.6199
      vertex 27.9254 -1.99291 22.8198
      vertex 27.8404 -2.47508 22.9388
    endloop
  endfacet
  facet normal 0.405365 0.644263 0.64854
    outer loop
      vertex 26.3448 -8.02439 26.7334
      vertex 26.6407 -7.79382 26.3194
      vertex 25.5807 -6.90592 26.0999
    endloop
  endfacet
  facet normal 0.561655 -0.706945 0.429851
    outer loop
      vertex 23.893 7.68351 28.4607
      vertex 24.7303 8.67172 28.9919
      vertex 23.6002 7.7 28.8704
    endloop
  endfacet
  facet normal 0.561133 -0.706905 0.430599
    outer loop
      vertex 24.7303 8.67172 28.9919
      vertex 23.893 7.68351 28.4607
      vertex 24.7361 8.67139 28.9838
    endloop
  endfacet
  facet normal 0.20039 0.291793 0.935254
    outer loop
      vertex 28.938 -3.84349 23.1057
      vertex 29.0721 -3.33461 22.9182
      vertex 27.6162 -3.40562 23.2523
    endloop
  endfacet
  facet normal 0.744521 0.644399 0.174464
    outer loop
      vertex 22.4717 -8.02851 32.1515
      vertex 21.6197 -6.90592 31.641
      vertex 22.4664 -8.02439 32.1589
    endloop
  endfacet
  facet normal 0.744845 0.644256 0.17361
    outer loop
      vertex 21.6197 -6.90592 31.641
      vertex 22.4717 -8.02851 32.1515
      vertex 21.8866 -7.11387 31.2676
    endloop
  endfacet
  facet normal 0.405073 -0.644202 0.648783
    outer loop
      vertex 26.3395 8.02851 26.7408
      vertex 25.5807 6.90592 26.0999
      vertex 26.3448 8.02439 26.7334
    endloop
  endfacet
  facet normal 0.405364 -0.644261 0.648543
    outer loop
      vertex 25.5807 6.90592 26.0999
      vertex 26.3395 8.02851 26.7408
      vertex 25.3138 7.11387 26.4733
    endloop
  endfacet
  facet normal 0.984422 0.0692973 -0.16159
    outer loop
      vertex 19.3947 -1.12434 36.4559
      vertex 19.1606 -1.00505 35.0809
      vertex 19.1319 -0.503604 35.1211
    endloop
  endfacet
  facet normal 0.984839 0.0610357 -0.162378
    outer loop
      vertex 19.1606 -1.00505 35.0809
      vertex 19.3947 -1.12434 36.4559
      vertex 19.3952 -1.13427 36.4552
    endloop
  endfacet
  facet normal 0.561648 -0.70694 0.42987
    outer loop
      vertex 24.7303 8.67172 28.9919
      vertex 24.4056 8.69 29.4462
      vertex 23.6002 7.7 28.8704
    endloop
  endfacet
  facet normal 0.968706 0.205288 -0.139516
    outer loop
      vertex 19.5259 -2.25869 36.2724
      vertex 19.6202 -2.79331 36.1405
      vertex 19.36 -2.47508 34.8021
    endloop
  endfacet
  facet normal 0.430153 -0.661932 0.613852
    outer loop
      vertex 26.3341 8.03203 26.7484
      vertex 26.03 8.22882 27.1737
      vertex 25.0395 7.29136 26.8569
    endloop
  endfacet
  facet normal 0.27485 0.483532 0.831056
    outer loop
      vertex 27.979 -6.14476 24.4473
      vertex 28.2011 -5.737 24.1366
      vertex 26.7665 -5.44472 24.441
    endloop
  endfacet
  facet normal 0.165727 -0.0694333 0.983724
    outer loop
      vertex 29.4483 0.568353 22.3918
      vertex 29.4165 1.12434 22.4364
      vertex 28.0684 0.503604 22.6197
    endloop
  endfacet
  facet normal 0.588464 0.706939 0.392361
    outer loop
      vertex 24.0808 -8.67172 29.9004
      vertex 24.4056 -8.69 29.4462
      vertex 23.6002 -7.7 28.8704
    endloop
  endfacet
  facet normal 0.225764 0.373424 0.899769
    outer loop
      vertex 27.3234 -4.27789 23.662
      vertex 28.6105 -4.81943 23.5638
      vertex 27.4781 -3.85 23.4456
    endloop
  endfacet
  facet normal 0.226695 0.375862 0.89852
    outer loop
      vertex 28.6105 -4.81943 23.5638
      vertex 27.3234 -4.27789 23.662
      vertex 28.6075 -4.8279 23.5681
    endloop
  endfacet
  facet normal 0.92438 0.373526 -0.077452
    outer loop
      vertex 20.029 -4.345 35.5685
      vertex 20.2006 -4.81943 35.3285
      vertex 19.7223 -3.85 34.2953
    endloop
  endfacet
  facet normal 0.975994 0.158247 -0.149648
    outer loop
      vertex 19.4504 -1.70505 36.378
      vertex 19.2084 -1.5022 35.0142
      vertex 19.4491 -1.69533 36.3798
    endloop
  endfacet
  facet normal 0.97568 0.160539 -0.149252
    outer loop
      vertex 19.2084 -1.5022 35.0142
      vertex 19.4504 -1.70505 36.378
      vertex 19.2749 -1.99291 34.9211
    endloop
  endfacet
  facet normal 0.357847 0.600599 0.715001
    outer loop
      vertex 26.9324 -7.52576 25.9114
      vertex 27.2083 -7.23074 25.5255
      vertex 25.8391 -6.6684 25.7384
    endloop
  endfacet
  facet normal 0.405073 0.644202 0.648783
    outer loop
      vertex 25.5807 -6.90592 26.0999
      vertex 26.3395 -8.02851 26.7408
      vertex 26.3448 -8.02439 26.7334
    endloop
  endfacet
  facet normal 0.405364 0.644261 0.648543
    outer loop
      vertex 26.3395 -8.02851 26.7408
      vertex 25.5807 -6.90592 26.0999
      vertex 25.3138 -7.11387 26.4733
    endloop
  endfacet
  facet normal 0.357847 -0.600599 0.715001
    outer loop
      vertex 27.2083 7.23074 25.5255
      vertex 26.9324 7.52576 25.9114
      vertex 25.8391 6.6684 25.7384
    endloop
  endfacet
  facet normal 0.534762 0.703921 0.467467
    outer loop
      vertex 24.7361 -8.67139 28.9838
      vertex 25.0594 -8.61663 28.5315
      vertex 23.893 -7.68351 28.4607
    endloop
  endfacet
  facet normal 0.792911 -0.59998 0.106378
    outer loop
      vertex 21.1124 6.40232 32.3506
      vertex 21.6029 7.23074 33.3669
      vertex 21.598 7.22547 33.3737
    endloop
  endfacet
  facet normal 0.792235 -0.600709 0.107299
    outer loop
      vertex 21.6029 7.23074 33.3669
      vertex 21.1124 6.40232 32.3506
      vertex 21.3613 6.6684 32.0025
    endloop
  endfacet
  facet normal 0.405365 -0.644263 0.64854
    outer loop
      vertex 26.6407 7.79382 26.3194
      vertex 26.3448 8.02439 26.7334
      vertex 25.5807 6.90592 26.0999
    endloop
  endfacet
  facet normal 0.975653 0.160678 -0.149276
    outer loop
      vertex 19.4504 -1.70505 36.378
      vertex 19.5242 -2.24914 36.2747
      vertex 19.2749 -1.99291 34.9211
    endloop
  endfacet
  facet normal 0.226695 -0.375862 0.89852
    outer loop
      vertex 27.3234 4.27789 23.662
      vertex 28.6105 4.81943 23.5638
      vertex 28.6075 4.8279 23.5681
    endloop
  endfacet
  facet normal 0.225764 -0.373424 0.899769
    outer loop
      vertex 28.6105 4.81943 23.5638
      vertex 27.3234 4.27789 23.662
      vertex 27.4781 3.85 23.4456
    endloop
  endfacet
  facet normal 0.792911 0.59998 0.106378
    outer loop
      vertex 21.6029 -7.23074 33.3669
      vertex 21.1124 -6.40232 32.3506
      vertex 21.598 -7.22547 33.3737
    endloop
  endfacet
  facet normal 0.792235 0.600709 0.107299
    outer loop
      vertex 21.1124 -6.40232 32.3506
      vertex 21.6029 -7.23074 33.3669
      vertex 21.3613 -6.6684 32.0025
    endloop
  endfacet
  facet normal 0.211859 -0.331928 0.919206
    outer loop
      vertex 27.4781 3.85 23.4456
      vertex 28.7848 4.3362 23.32
      vertex 28.7821 4.345 23.3238
    endloop
  endfacet
  facet normal 0.212388 -0.333534 0.918502
    outer loop
      vertex 28.7848 4.3362 23.32
      vertex 27.4781 3.85 23.4456
      vertex 27.6162 3.40562 23.2523
    endloop
  endfacet
  facet normal 0.534913 0.703905 0.467319
    outer loop
      vertex 24.1847 -7.63412 28.0528
      vertex 25.0594 -8.61663 28.5315
      vertex 25.0652 -8.61566 28.5234
    endloop
  endfacet
  facet normal 0.534709 0.703866 0.467611
    outer loop
      vertex 25.0594 -8.61663 28.5315
      vertex 24.1847 -7.63412 28.0528
      vertex 23.893 -7.68351 28.4607
    endloop
  endfacet
  facet normal 0.908842 0.413385 -0.055848
    outer loop
      vertex 20.2071 -4.83601 35.3195
      vertex 19.877 -4.27789 34.0788
      vertex 20.2037 -4.8279 35.3242
    endloop
  endfacet
  facet normal 0.909414 0.41202 -0.0566143
    outer loop
      vertex 19.877 -4.27789 34.0788
      vertex 20.2071 -4.83601 35.3195
      vertex 20.0477 -4.68746 33.8401
    endloop
  endfacet
  facet normal 0.16395 0.0230271 0.9862
    outer loop
      vertex 29.4485 -0.558381 22.3915
      vertex 29.4591 0 22.3767
      vertex 28.078 0 22.6063
    endloop
  endfacet
  facet normal 0.642139 -0.697819 0.317344
    outer loop
      vertex 23.7459 8.61566 30.3689
      vertex 23.4254 8.52465 30.8173
      vertex 23.0157 7.63412 29.6881
    endloop
  endfacet
  facet normal 0.588383 0.706923 0.392511
    outer loop
      vertex 24.0808 -8.67172 29.9004
      vertex 23.3073 -7.68351 29.2801
      vertex 24.075 -8.67139 29.9085
    endloop
  endfacet
  facet normal 0.588537 0.706912 0.392301
    outer loop
      vertex 23.3073 -7.68351 29.2801
      vertex 24.0808 -8.67172 29.9004
      vertex 23.6002 -7.7 28.8704
    endloop
  endfacet
  facet normal 0.968575 -0.205988 -0.139395
    outer loop
      vertex 19.2749 1.99291 34.9211
      vertex 19.5259 2.25869 36.2724
      vertex 19.5242 2.24914 36.2747
    endloop
  endfacet
  facet normal 0.96868 -0.205402 -0.13953
    outer loop
      vertex 19.5259 2.25869 36.2724
      vertex 19.2749 1.99291 34.9211
      vertex 19.36 2.47508 34.8021
    endloop
  endfacet
  facet normal 0.33555 -0.574963 0.746206
    outer loop
      vertex 27.482 6.89424 25.1425
      vertex 27.2179 7.21966 25.512
      vertex 26.3261 6.10882 25.0571
    endloop
  endfacet
  facet normal 0.358536 -0.601424 0.713961
    outer loop
      vertex 27.2083 7.23074 25.5255
      vertex 26.0879 6.40232 25.3903
      vertex 27.2132 7.22547 25.5186
    endloop
  endfacet
  facet normal 0.357868 -0.600677 0.714925
    outer loop
      vertex 26.0879 6.40232 25.3903
      vertex 27.2083 7.23074 25.5255
      vertex 25.8391 6.6684 25.7384
    endloop
  endfacet
  facet normal 0.212388 0.333534 0.918502
    outer loop
      vertex 27.4781 -3.85 23.4456
      vertex 28.7848 -4.3362 23.32
      vertex 27.6162 -3.40562 23.2523
    endloop
  endfacet
  facet normal 0.211859 0.331928 0.919206
    outer loop
      vertex 28.7848 -4.3362 23.32
      vertex 27.4781 -3.85 23.4456
      vertex 28.7821 -4.345 23.3238
    endloop
  endfacet
  facet normal 0.875293 0.483512 -0.00886448
    outer loop
      vertex 20.6101 -5.737 34.7557
      vertex 20.8322 -6.14476 34.445
      vertex 20.4339 -5.44472 33.2998
    endloop
  endfacet
  facet normal 0.181493 0.205401 0.961702
    outer loop
      vertex 29.1909 -2.79331 22.7519
      vertex 29.2853 -2.25869 22.6199
      vertex 27.8404 -2.47508 22.9388
    endloop
  endfacet
  facet normal 0.16921 0.115166 0.978828
    outer loop
      vertex 29.363 -1.68549 22.5112
      vertex 29.4159 -1.13427 22.4372
      vertex 28.0397 -1.00505 22.6599
    endloop
  endfacet
  facet normal 0.293873 -0.516241 0.804446
    outer loop
      vertex 27.979 6.14476 24.4473
      vertex 27.7419 6.52667 24.779
      vertex 26.7665 5.44472 24.441
    endloop
  endfacet
  facet normal 0.874053 -0.485777 -0.00718623
    outer loop
      vertex 20.2336 5.07696 33.58
      vertex 20.6101 5.737 34.7557
      vertex 20.6061 5.72972 34.7613
    endloop
  endfacet
  facet normal 0.875304 -0.483491 -0.00886994
    outer loop
      vertex 20.6101 5.737 34.7557
      vertex 20.2336 5.07696 33.58
      vertex 20.4339 5.44472 33.2998
    endloop
  endfacet
  facet normal 0.986187 0.0230686 -0.164019
    outer loop
      vertex 19.352 0 36.5156
      vertex 19.3626 -0.558381 36.5008
      vertex 19.1223 0 35.1345
    endloop
  endfacet
  facet normal 0.839234 -0.542196 0.0413543
    outer loop
      vertex 21.3247 6.88791 33.7561
      vertex 20.8742 6.10882 32.6838
      vertex 21.3291 6.89424 33.7498
    endloop
  endfacet
  facet normal 0.836016 -0.546771 0.0460303
    outer loop
      vertex 20.8742 6.10882 32.6838
      vertex 21.3247 6.88791 33.7561
      vertex 20.6477 5.78917 33.0006
    endloop
  endfacet
  facet normal 0.814674 -0.574925 0.0759496
    outer loop
      vertex 21.5932 7.21966 33.3803
      vertex 21.3291 6.89424 33.7498
      vertex 20.8742 6.10882 32.6838
    endloop
  endfacet
  facet normal 0.856283 -0.516203 0.0177311
    outer loop
      vertex 21.0693 6.52667 34.1133
      vertex 20.8322 6.14476 34.445
      vertex 20.4339 5.44472 33.2998
    endloop
  endfacet
  facet normal 0.358536 0.601424 0.713961
    outer loop
      vertex 26.0879 -6.40232 25.3903
      vertex 27.2083 -7.23074 25.5255
      vertex 27.2132 -7.22547 25.5186
    endloop
  endfacet
  facet normal 0.357868 0.600677 0.714925
    outer loop
      vertex 27.2083 -7.23074 25.5255
      vertex 26.0879 -6.40232 25.3903
      vertex 25.8391 -6.6684 25.7384
    endloop
  endfacet
  facet normal 0.769872 -0.622949 0.138678
    outer loop
      vertex 21.3613 6.6684 32.0025
      vertex 21.8839 7.53046 32.9737
      vertex 21.8788 7.52576 32.9809
    endloop
  endfacet
  facet normal 0.769008 -0.623752 0.139856
    outer loop
      vertex 21.8839 7.53046 32.9737
      vertex 21.3613 6.6684 32.0025
      vertex 21.6197 6.90592 31.641
    endloop
  endfacet
  facet normal 0.719924 -0.662012 0.208445
    outer loop
      vertex 22.7812 8.22882 31.7186
      vertex 22.4771 8.03203 32.1439
      vertex 22.1608 7.29136 30.884
    endloop
  endfacet
  facet normal 0.984839 -0.0610357 -0.162378
    outer loop
      vertex 19.3947 1.12434 36.4559
      vertex 19.1606 1.00505 35.0809
      vertex 19.3952 1.13427 36.4552
    endloop
  endfacet
  facet normal 0.984422 -0.0692973 -0.16159
    outer loop
      vertex 19.1606 1.00505 35.0809
      vertex 19.3947 1.12434 36.4559
      vertex 19.1319 0.503604 35.1211
    endloop
  endfacet
  facet normal 0.381139 0.623726 0.682421
    outer loop
      vertex 25.8391 -6.6684 25.7384
      vertex 26.9272 -7.53046 25.9186
      vertex 26.9324 -7.52576 25.9114
    endloop
  endfacet
  facet normal 0.3812 0.623785 0.682333
    outer loop
      vertex 26.9272 -7.53046 25.9186
      vertex 25.8391 -6.6684 25.7384
      vertex 25.5807 -6.90592 26.0999
    endloop
  endfacet
  facet normal 0.314154 0.546805 0.776087
    outer loop
      vertex 26.3261 -6.10882 25.0571
      vertex 27.4865 -6.88791 25.1363
      vertex 26.5526 -5.78917 24.7402
    endloop
  endfacet
  facet normal 0.311202 0.542814 0.780068
    outer loop
      vertex 27.4865 -6.88791 25.1363
      vertex 26.3261 -6.10882 25.0571
      vertex 27.482 -6.89424 25.1425
    endloop
  endfacet
  facet normal 0.769014 -0.623746 0.139852
    outer loop
      vertex 22.1704 7.79382 32.5729
      vertex 21.8839 7.53046 32.9737
      vertex 21.6197 6.90592 31.641
    endloop
  endfacet
  facet normal 0.949772 0.291808 -0.113054
    outer loop
      vertex 19.7391 -3.33461 35.9742
      vertex 19.4632 -2.94666 34.6577
      vertex 19.7367 -3.32552 35.9775
    endloop
  endfacet
  facet normal 0.949759 0.291859 -0.113036
    outer loop
      vertex 19.4632 -2.94666 34.6577
      vertex 19.7391 -3.33461 35.9742
      vertex 19.5841 -3.40562 34.4885
    endloop
  endfacet
  facet normal 0.381139 -0.623726 0.682421
    outer loop
      vertex 26.9272 7.53046 25.9186
      vertex 25.8391 6.6684 25.7384
      vertex 26.9324 7.52576 25.9114
    endloop
  endfacet
  facet normal 0.3812 -0.623785 0.682333
    outer loop
      vertex 25.8391 6.6684 25.7384
      vertex 26.9272 7.53046 25.9186
      vertex 25.5807 6.90592 26.0999
    endloop
  endfacet
  facet normal 0.256419 -0.447116 0.856935
    outer loop
      vertex 28.4112 5.29785 23.8427
      vertex 27.1527 4.68746 23.9008
      vertex 28.4148 5.29014 23.8376
    endloop
  endfacet
  facet normal 0.257111 -0.448639 0.85593
    outer loop
      vertex 27.1527 4.68746 23.9008
      vertex 28.4112 5.29785 23.8427
      vertex 26.9668 5.07696 24.1608
    endloop
  endfacet
  facet normal 0.874053 0.485777 -0.00718623
    outer loop
      vertex 20.6101 -5.737 34.7557
      vertex 20.2336 -5.07696 33.58
      vertex 20.6061 -5.72972 34.7613
    endloop
  endfacet
  facet normal 0.875304 0.483491 -0.00886994
    outer loop
      vertex 20.2336 -5.07696 33.58
      vertex 20.6101 -5.737 34.7557
      vertex 20.4339 -5.44472 33.2998
    endloop
  endfacet
  facet normal 0.16921 -0.115166 0.978828
    outer loop
      vertex 29.4159 1.13427 22.4372
      vertex 29.363 1.68549 22.5112
      vertex 28.0397 1.00505 22.6599
    endloop
  endfacet
  facet normal 0.20039 -0.291793 0.935254
    outer loop
      vertex 29.0721 3.33461 22.9182
      vertex 28.938 3.84349 23.1057
      vertex 27.6162 3.40562 23.2523
    endloop
  endfacet
  facet normal 0.937856 -0.333359 -0.0964228
    outer loop
      vertex 20.0263 4.3362 35.5723
      vertex 19.8732 3.84349 35.7866
      vertex 19.5841 3.40562 34.4885
    endloop
  endfacet
  facet normal 0.666361 0.689628 0.283506
    outer loop
      vertex 22.7266 -7.55205 30.0925
      vertex 23.414 -8.52076 30.8332
      vertex 23.4197 -8.52302 30.8253
    endloop
  endfacet
  facet normal 0.668476 0.688817 0.280483
    outer loop
      vertex 23.414 -8.52076 30.8332
      vertex 22.7266 -7.55205 30.0925
      vertex 22.4412 -7.43763 30.4917
    endloop
  endfacet
  facet normal 0.856283 0.516203 0.0177311
    outer loop
      vertex 20.8322 -6.14476 34.445
      vertex 21.0693 -6.52667 34.1133
      vertex 20.4339 -5.44472 33.2998
    endloop
  endfacet
  facet normal 0.257111 -0.44863 0.855935
    outer loop
      vertex 28.4112 5.29785 23.8427
      vertex 28.205 5.72972 24.131
      vertex 26.9668 5.07696 24.1608
    endloop
  endfacet
  facet normal 0.668509 -0.68882 0.280399
    outer loop
      vertex 23.414 8.52076 30.8332
      vertex 23.0976 8.3939 31.2759
      vertex 22.4412 7.43763 30.4917
    endloop
  endfacet
  facet normal 0.588383 -0.706923 0.392511
    outer loop
      vertex 23.3073 7.68351 29.2801
      vertex 24.0808 8.67172 29.9004
      vertex 24.075 8.67139 29.9085
    endloop
  endfacet
  facet normal 0.588537 -0.706912 0.392301
    outer loop
      vertex 24.0808 8.67172 29.9004
      vertex 23.3073 7.68351 29.2801
      vertex 23.6002 7.7 28.8704
    endloop
  endfacet
  facet normal 0.694497 0.676853 0.244017
    outer loop
      vertex 22.7812 -8.22882 31.7186
      vertex 23.0921 -8.391 31.2836
      vertex 22.1608 -7.29136 30.884
    endloop
  endfacet
  facet normal 0.481754 0.688821 0.5417
    outer loop
      vertex 25.3971 -8.52076 28.0591
      vertex 25.7135 -8.3939 27.6164
      vertex 24.7591 -7.43763 27.2492
    endloop
  endfacet
  facet normal 0.277232 -0.488092 0.827592
    outer loop
      vertex 28.2011 5.737 24.1366
      vertex 26.9668 5.07696 24.1608
      vertex 28.205 5.72972 24.131
    endloop
  endfacet
  facet normal 0.274848 -0.483506 0.831072
    outer loop
      vertex 26.9668 5.07696 24.1608
      vertex 28.2011 5.737 24.1366
      vertex 26.7665 5.44472 24.441
    endloop
  endfacet
  facet normal 0.165693 -0.0692426 0.983743
    outer loop
      vertex 28.0397 1.00505 22.6599
      vertex 29.4165 1.12434 22.4364
      vertex 29.4159 1.13427 22.4372
    endloop
  endfacet
  facet normal 0.165703 -0.06938 0.983732
    outer loop
      vertex 29.4165 1.12434 22.4364
      vertex 28.0397 1.00505 22.6599
      vertex 28.0684 0.503604 22.6197
    endloop
  endfacet
  facet normal 0.164097 -0.0263746 0.986091
    outer loop
      vertex 28.0684 0.503604 22.6197
      vertex 29.4485 0.558381 22.3915
      vertex 29.4483 0.568353 22.3918
    endloop
  endfacet
  facet normal 0.163985 -0.0231148 0.986192
    outer loop
      vertex 29.4485 0.558381 22.3915
      vertex 28.0684 0.503604 22.6197
      vertex 28.078 0 22.6063
    endloop
  endfacet
  facet normal 0.908842 -0.413385 -0.055848
    outer loop
      vertex 19.877 4.27789 34.0788
      vertex 20.2071 4.83601 35.3195
      vertex 20.2037 4.8279 35.3242
    endloop
  endfacet
  facet normal 0.909414 -0.41202 -0.0566143
    outer loop
      vertex 20.2071 4.83601 35.3195
      vertex 19.877 4.27789 34.0788
      vertex 20.0477 4.68746 33.8401
    endloop
  endfacet
  facet normal 0.588464 -0.706939 0.392361
    outer loop
      vertex 24.4056 8.69 29.4462
      vertex 24.0808 8.67172 29.9004
      vertex 23.6002 7.7 28.8704
    endloop
  endfacet
  facet normal 0.293873 0.516241 0.804446
    outer loop
      vertex 27.7419 -6.52667 24.779
      vertex 27.979 -6.14476 24.4473
      vertex 26.7665 -5.44472 24.441
    endloop
  endfacet
  facet normal 0.949732 -0.291945 -0.113037
    outer loop
      vertex 19.8732 3.84349 35.7866
      vertex 19.7391 3.33461 35.9742
      vertex 19.5841 3.40562 34.4885
    endloop
  endfacet
  facet normal 0.165703 0.06938 0.983732
    outer loop
      vertex 28.0397 -1.00505 22.6599
      vertex 29.4165 -1.12434 22.4364
      vertex 28.0684 -0.503604 22.6197
    endloop
  endfacet
  facet normal 0.165693 0.0692426 0.983743
    outer loop
      vertex 29.4165 -1.12434 22.4364
      vertex 28.0397 -1.00505 22.6599
      vertex 29.4159 -1.13427 22.4372
    endloop
  endfacet
  facet normal 0.986187 -0.0230686 -0.164019
    outer loop
      vertex 19.3626 0.558381 36.5008
      vertex 19.352 0 36.5156
      vertex 19.1223 0 35.1345
    endloop
  endfacet
  facet normal 0.875293 -0.483512 -0.00886448
    outer loop
      vertex 20.8322 6.14476 34.445
      vertex 20.6101 5.737 34.7557
      vertex 20.4339 5.44472 33.2998
    endloop
  endfacet
  facet normal 0.225811 0.373475 0.899737
    outer loop
      vertex 28.6105 -4.81943 23.5638
      vertex 28.7821 -4.345 23.3238
      vertex 27.4781 -3.85 23.4456
    endloop
  endfacet
  facet normal 0.293891 0.516252 0.804433
    outer loop
      vertex 26.5526 -5.78917 24.7402
      vertex 27.7419 -6.52667 24.779
      vertex 26.7665 -5.44472 24.441
    endloop
  endfacet
  facet normal 0.292204 0.513652 0.806709
    outer loop
      vertex 27.7419 -6.52667 24.779
      vertex 26.5526 -5.78917 24.7402
      vertex 27.7376 -6.53349 24.7849
    endloop
  endfacet
  facet normal 0.975994 -0.158247 -0.149648
    outer loop
      vertex 19.2084 1.5022 35.0142
      vertex 19.4504 1.70505 36.378
      vertex 19.4491 1.69533 36.3798
    endloop
  endfacet
  facet normal 0.97568 -0.160539 -0.149252
    outer loop
      vertex 19.4504 1.70505 36.378
      vertex 19.2084 1.5022 35.0142
      vertex 19.2749 1.99291 34.9211
    endloop
  endfacet
  facet normal 0.314201 -0.546831 0.77605
    outer loop
      vertex 27.7376 6.53349 24.7849
      vertex 27.4865 6.88791 25.1363
      vertex 26.5526 5.78917 24.7402
    endloop
  endfacet
  facet normal 0.981339 -0.110543 -0.157337
    outer loop
      vertex 19.4482 1.68549 36.3811
      vertex 19.2084 1.5022 35.0142
      vertex 19.4491 1.69533 36.3798
    endloop
  endfacet
  facet normal 0.980903 -0.115325 -0.156619
    outer loop
      vertex 19.2084 1.5022 35.0142
      vertex 19.4482 1.68549 36.3811
      vertex 19.1606 1.00505 35.0809
    endloop
  endfacet
  facet normal 0.949772 -0.291808 -0.113054
    outer loop
      vertex 19.4632 2.94666 34.6577
      vertex 19.7391 3.33461 35.9742
      vertex 19.7367 3.32552 35.9775
    endloop
  endfacet
  facet normal 0.949759 -0.291859 -0.113036
    outer loop
      vertex 19.7391 3.33461 35.9742
      vertex 19.4632 2.94666 34.6577
      vertex 19.5841 3.40562 34.4885
    endloop
  endfacet
  facet normal 0.168919 -0.112202 0.979223
    outer loop
      vertex 27.992 1.5022 22.7267
      vertex 29.363 1.68549 22.5112
      vertex 29.362 1.69533 22.5125
    endloop
  endfacet
  facet normal 0.169265 -0.115278 0.978806
    outer loop
      vertex 29.363 1.68549 22.5112
      vertex 27.992 1.5022 22.7267
      vertex 28.0397 1.00505 22.6599
    endloop
  endfacet
  facet normal 0.311202 -0.542814 0.780068
    outer loop
      vertex 26.3261 6.10882 25.0571
      vertex 27.4865 6.88791 25.1363
      vertex 27.482 6.89424 25.1425
    endloop
  endfacet
  facet normal 0.314154 -0.546805 0.776087
    outer loop
      vertex 27.4865 6.88791 25.1363
      vertex 26.3261 6.10882 25.0571
      vertex 26.5526 5.78917 24.7402
    endloop
  endfacet
  facet normal 0.668509 0.68882 0.280399
    outer loop
      vertex 23.0976 -8.3939 31.2759
      vertex 23.414 -8.52076 30.8332
      vertex 22.4412 -7.43763 30.4917
    endloop
  endfacet
  facet normal 0.381194 -0.623767 0.682353
    outer loop
      vertex 26.9272 7.53046 25.9186
      vertex 26.6407 7.79382 26.3194
      vertex 25.5807 6.90592 26.0999
    endloop
  endfacet
  facet normal 0.615429 0.703879 0.354684
    outer loop
      vertex 23.7517 -8.61663 30.3608
      vertex 24.075 -8.67139 29.9085
      vertex 23.3073 -7.68351 29.2801
    endloop
  endfacet
  facet normal 0.335482 0.574932 0.746261
    outer loop
      vertex 26.0879 -6.40232 25.3903
      vertex 27.2179 -7.21966 25.512
      vertex 26.3261 -6.10882 25.0571
    endloop
  endfacet
  facet normal 0.335882 0.575403 0.745718
    outer loop
      vertex 27.2179 -7.21966 25.512
      vertex 26.0879 -6.40232 25.3903
      vertex 27.2132 -7.22547 25.5186
    endloop
  endfacet
  facet normal 0.190102 0.249007 0.949661
    outer loop
      vertex 29.0765 -3.31618 22.9119
      vertex 29.1909 -2.79331 22.7519
      vertex 27.8404 -2.47508 22.9388
    endloop
  endfacet
  facet normal 0.17516 0.16626 0.9704
    outer loop
      vertex 27.992 -1.5022 22.7267
      vertex 29.3607 -1.70505 22.5144
      vertex 29.362 -1.69533 22.5125
    endloop
  endfacet
  facet normal 0.174491 0.16063 0.971468
    outer loop
      vertex 29.3607 -1.70505 22.5144
      vertex 27.992 -1.5022 22.7267
      vertex 27.9254 -1.99291 22.8198
    endloop
  endfacet
  facet normal 0.958855 -0.254592 -0.125619
    outer loop
      vertex 19.7346 3.31618 35.9804
      vertex 19.4632 2.94666 34.6577
      vertex 19.7367 3.32552 35.9775
    endloop
  endfacet
  facet normal 0.96006 -0.249108 -0.127398
    outer loop
      vertex 19.4632 2.94666 34.6577
      vertex 19.7346 3.31618 35.9804
      vertex 19.36 2.47508 34.8021
    endloop
  endfacet
  facet normal 0.45573 0.676864 0.57807
    outer loop
      vertex 25.7191 -8.391 27.6087
      vertex 26.03 -8.22882 27.1737
      vertex 25.0395 -7.29136 26.8569
    endloop
  endfacet
  facet normal 0.614626 -0.704021 0.355794
    outer loop
      vertex 23.0157 7.63412 29.6881
      vertex 23.7517 8.61663 30.3608
      vertex 23.7459 8.61566 30.3689
    endloop
  endfacet
  facet normal 0.615455 -0.703867 0.354663
    outer loop
      vertex 23.7517 8.61663 30.3608
      vertex 23.0157 7.63412 29.6881
      vertex 23.3073 7.68351 29.2801
    endloop
  endfacet
  facet normal 0.561648 0.70694 0.42987
    outer loop
      vertex 24.4056 -8.69 29.4462
      vertex 24.7303 -8.67172 28.9919
      vertex 23.6002 -7.7 28.8704
    endloop
  endfacet
  facet normal 0.508111 0.697841 0.504817
    outer loop
      vertex 25.0652 -8.61566 28.5234
      vertex 25.3857 -8.52465 28.075
      vertex 24.1847 -7.63412 28.0528
    endloop
  endfacet
  facet normal 0.239794 -0.409572 0.880198
    outer loop
      vertex 28.6041 4.83601 23.5728
      vertex 27.3234 4.27789 23.662
      vertex 28.6075 4.8279 23.5681
    endloop
  endfacet
  facet normal 0.240766 -0.41203 0.878785
    outer loop
      vertex 27.3234 4.27789 23.662
      vertex 28.6041 4.83601 23.5728
      vertex 27.1527 4.68746 23.9008
    endloop
  endfacet
  facet normal 0.169265 0.115278 0.978806
    outer loop
      vertex 27.992 -1.5022 22.7267
      vertex 29.363 -1.68549 22.5112
      vertex 28.0397 -1.00505 22.6599
    endloop
  endfacet
  facet normal 0.168919 0.112202 0.979223
    outer loop
      vertex 29.363 -1.68549 22.5112
      vertex 27.992 -1.5022 22.7267
      vertex 29.362 -1.69533 22.5125
    endloop
  endfacet
  facet normal 0.642139 0.697819 0.317344
    outer loop
      vertex 23.4254 -8.52465 30.8173
      vertex 23.7459 -8.61566 30.3689
      vertex 23.0157 -7.63412 29.6881
    endloop
  endfacet
  facet normal 0.19122 -0.253479 0.948253
    outer loop
      vertex 27.7372 2.94666 23.0832
      vertex 29.0765 3.31618 22.9119
      vertex 29.0745 3.32552 22.9148
    endloop
  endfacet
  facet normal 0.190199 -0.24915 0.949604
    outer loop
      vertex 29.0765 3.31618 22.9119
      vertex 27.7372 2.94666 23.0832
      vertex 27.8404 2.47508 22.9388
    endloop
  endfacet
  facet normal 0.165727 0.0694333 0.983724
    outer loop
      vertex 29.4165 -1.12434 22.4364
      vertex 29.4483 -0.568353 22.3918
      vertex 28.0684 -0.503604 22.6197
    endloop
  endfacet
  facet normal 0.43082 0.662383 0.612897
    outer loop
      vertex 25.3138 -7.11387 26.4733
      vertex 26.3341 -8.03203 26.7484
      vertex 26.3395 -8.02851 26.7408
    endloop
  endfacet
  facet normal 0.430151 0.661928 0.613858
    outer loop
      vertex 26.3341 -8.03203 26.7484
      vertex 25.3138 -7.11387 26.4733
      vertex 25.0395 -7.29136 26.8569
    endloop
  endfacet
  facet normal 0.561133 0.706905 0.430599
    outer loop
      vertex 23.893 -7.68351 28.4607
      vertex 24.7303 -8.67172 28.9919
      vertex 24.7361 -8.67139 28.9838
    endloop
  endfacet
  facet normal 0.561655 0.706945 0.429851
    outer loop
      vertex 24.7303 -8.67172 28.9919
      vertex 23.893 -7.68351 28.4607
      vertex 23.6002 -7.7 28.8704
    endloop
  endfacet
  facet normal 0.174499 -0.160595 0.971473
    outer loop
      vertex 29.3607 1.70505 22.5144
      vertex 29.2869 2.24914 22.6176
      vertex 27.9254 1.99291 22.8198
    endloop
  endfacet
  facet normal 0.190199 0.24915 0.949604
    outer loop
      vertex 27.7372 -2.94666 23.0832
      vertex 29.0765 -3.31618 22.9119
      vertex 27.8404 -2.47508 22.9388
    endloop
  endfacet
  facet normal 0.19122 0.253479 0.948253
    outer loop
      vertex 29.0765 -3.31618 22.9119
      vertex 27.7372 -2.94666 23.0832
      vertex 29.0745 -3.32552 22.9148
    endloop
  endfacet
  facet normal 0.17516 -0.16626 0.9704
    outer loop
      vertex 29.3607 1.70505 22.5144
      vertex 27.992 1.5022 22.7267
      vertex 29.362 1.69533 22.5125
    endloop
  endfacet
  facet normal 0.174491 -0.16063 0.971468
    outer loop
      vertex 27.992 1.5022 22.7267
      vertex 29.3607 1.70505 22.5144
      vertex 27.9254 1.99291 22.8198
    endloop
  endfacet
  facet normal 0.190102 -0.249007 0.949661
    outer loop
      vertex 29.1909 2.79331 22.7519
      vertex 29.0765 3.31618 22.9119
      vertex 27.8404 2.47508 22.9388
    endloop
  endfacet
  facet normal 0.937817 0.333513 -0.0962743
    outer loop
      vertex 20.0263 -4.3362 35.5723
      vertex 19.7223 -3.85 34.2953
      vertex 19.5841 -3.40562 34.4885
    endloop
  endfacet
  facet normal 0.938816 0.330257 -0.0977519
    outer loop
      vertex 19.7223 -3.85 34.2953
      vertex 20.0263 -4.3362 35.5723
      vertex 20.029 -4.345 35.5685
    endloop
  endfacet
  facet normal 0.960065 0.249072 -0.127426
    outer loop
      vertex 19.6202 -2.79331 36.1405
      vertex 19.7346 -3.31618 35.9804
      vertex 19.36 -2.47508 34.8021
    endloop
  endfacet
  facet normal 0.450483 0.676619 0.582454
    outer loop
      vertex 25.0395 -7.29136 26.8569
      vertex 25.7135 -8.3939 27.6164
      vertex 25.7191 -8.391 27.6087
    endloop
  endfacet
  facet normal 0.455738 0.676833 0.578101
    outer loop
      vertex 25.7135 -8.3939 27.6164
      vertex 25.0395 -7.29136 26.8569
      vertex 24.7591 -7.43763 27.2492
    endloop
  endfacet
  facet normal 0.314201 0.546831 0.77605
    outer loop
      vertex 27.4865 -6.88791 25.1363
      vertex 27.7376 -6.53349 24.7849
      vertex 26.5526 -5.78917 24.7402
    endloop
  endfacet
  facet normal 0.89306 -0.448676 -0.0336806
    outer loop
      vertex 20.6061 5.72972 34.7613
      vertex 20.4 5.29785 35.0496
      vertex 20.2336 5.07696 33.58
    endloop
  endfacet
  facet normal 0.643059 0.697557 0.316052
    outer loop
      vertex 23.4254 -8.52465 30.8173
      vertex 22.7266 -7.55205 30.0925
      vertex 23.4197 -8.52302 30.8253
    endloop
  endfacet
  facet normal 0.64208 0.697851 0.31739
    outer loop
      vertex 22.7266 -7.55205 30.0925
      vertex 23.4254 -8.52465 30.8173
      vertex 23.0157 -7.63412 29.6881
    endloop
  endfacet
  facet normal 0.980902 -0.115365 -0.156598
    outer loop
      vertex 19.4482 1.68549 36.3811
      vertex 19.3952 1.13427 36.4552
      vertex 19.1606 1.00505 35.0809
    endloop
  endfacet
  facet normal 0.180891 -0.201532 0.962634
    outer loop
      vertex 29.2853 2.25869 22.6199
      vertex 27.9254 1.99291 22.8198
      vertex 29.2869 2.24914 22.6176
    endloop
  endfacet
  facet normal 0.181502 -0.205355 0.96171
    outer loop
      vertex 27.9254 1.99291 22.8198
      vertex 29.2853 2.25869 22.6199
      vertex 27.8404 2.47508 22.9388
    endloop
  endfacet
  facet normal 0.201446 -0.296048 0.933689
    outer loop
      vertex 29.0721 3.33461 22.9182
      vertex 27.7372 2.94666 23.0832
      vertex 29.0745 3.32552 22.9148
    endloop
  endfacet
  facet normal 0.200394 -0.291758 0.935264
    outer loop
      vertex 27.7372 2.94666 23.0832
      vertex 29.0721 3.33461 22.9182
      vertex 27.6162 3.40562 23.2523
    endloop
  endfacet
  facet normal 0.949732 0.291945 -0.113037
    outer loop
      vertex 19.7391 -3.33461 35.9742
      vertex 19.8732 -3.84349 35.7866
      vertex 19.5841 -3.40562 34.4885
    endloop
  endfacet
  facet normal 0.534762 -0.703921 0.467467
    outer loop
      vertex 25.0594 8.61663 28.5315
      vertex 24.7361 8.67139 28.9838
      vertex 23.893 7.68351 28.4607
    endloop
  endfacet
  facet normal 0.857483 -0.514265 0.0159568
    outer loop
      vertex 21.0693 6.52667 34.1133
      vertex 20.6477 5.78917 33.0006
      vertex 21.0735 6.53349 34.1074
    endloop
  endfacet
  facet normal 0.856306 -0.516166 0.0176632
    outer loop
      vertex 20.6477 5.78917 33.0006
      vertex 21.0693 6.52667 34.1133
      vertex 20.4339 5.44472 33.2998
    endloop
  endfacet
  facet normal 0.201446 0.296048 0.933689
    outer loop
      vertex 27.7372 -2.94666 23.0832
      vertex 29.0721 -3.33461 22.9182
      vertex 29.0745 -3.32552 22.9148
    endloop
  endfacet
  facet normal 0.200394 0.291758 0.935264
    outer loop
      vertex 29.0721 -3.33461 22.9182
      vertex 27.7372 -2.94666 23.0832
      vertex 27.6162 -3.40562 23.2523
    endloop
  endfacet
  facet normal 0.835986 0.546809 0.0461133
    outer loop
      vertex 21.0735 -6.53349 34.1074
      vertex 21.3247 -6.88791 33.7561
      vertex 20.6477 -5.78917 33.0006
    endloop
  endfacet
  facet normal 0.923307 -0.376481 -0.0759403
    outer loop
      vertex 20.2006 4.81943 35.3285
      vertex 19.877 4.27789 34.0788
      vertex 20.2037 4.8279 35.3242
    endloop
  endfacet
  facet normal 0.924406 -0.373445 -0.0775407
    outer loop
      vertex 19.877 4.27789 34.0788
      vertex 20.2006 4.81943 35.3285
      vertex 19.7223 3.85 34.2953
    endloop
  endfacet
  facet normal 0.381194 0.623767 0.682353
    outer loop
      vertex 26.6407 -7.79382 26.3194
      vertex 26.9272 -7.53046 25.9186
      vertex 25.5807 -6.90592 26.0999
    endloop
  endfacet
  facet normal 0.814674 0.574925 0.0759496
    outer loop
      vertex 21.3291 -6.89424 33.7498
      vertex 21.5932 -7.21966 33.3803
      vertex 20.8742 -6.10882 32.6838
    endloop
  endfacet
  facet normal 0.277232 0.488092 0.827592
    outer loop
      vertex 26.9668 -5.07696 24.1608
      vertex 28.2011 -5.737 24.1366
      vertex 28.205 -5.72972 24.131
    endloop
  endfacet
  facet normal 0.274848 0.483506 0.831072
    outer loop
      vertex 28.2011 -5.737 24.1366
      vertex 26.9668 -5.07696 24.1608
      vertex 26.7665 -5.44472 24.441
    endloop
  endfacet
  facet normal 0.968706 -0.205288 -0.139516
    outer loop
      vertex 19.6202 2.79331 36.1405
      vertex 19.5259 2.25869 36.2724
      vertex 19.36 2.47508 34.8021
    endloop
  endfacet
  facet normal 0.694497 -0.676853 0.244017
    outer loop
      vertex 23.0921 8.391 31.2836
      vertex 22.7812 8.22882 31.7186
      vertex 22.1608 7.29136 30.884
    endloop
  endfacet
  facet normal 0.455738 -0.676833 0.578101
    outer loop
      vertex 25.0395 7.29136 26.8569
      vertex 25.7135 8.3939 27.6164
      vertex 24.7591 7.43763 27.2492
    endloop
  endfacet
  facet normal 0.450483 -0.676619 0.582454
    outer loop
      vertex 25.7135 8.3939 27.6164
      vertex 25.0395 7.29136 26.8569
      vertex 25.7191 8.391 27.6087
    endloop
  endfacet
  facet normal 0.792303 0.600627 0.107253
    outer loop
      vertex 21.6029 -7.23074 33.3669
      vertex 21.8788 -7.52576 32.9809
      vertex 21.3613 -6.6684 32.0025
    endloop
  endfacet
  facet normal 0.239794 0.409572 0.880198
    outer loop
      vertex 27.3234 -4.27789 23.662
      vertex 28.6041 -4.83601 23.5728
      vertex 28.6075 -4.8279 23.5681
    endloop
  endfacet
  facet normal 0.240766 0.41203 0.878785
    outer loop
      vertex 28.6041 -4.83601 23.5728
      vertex 27.3234 -4.27789 23.662
      vertex 27.1527 -4.68746 23.9008
    endloop
  endfacet
  facet normal 0.508111 -0.697841 0.504817
    outer loop
      vertex 25.3857 8.52465 28.075
      vertex 25.0652 8.61566 28.5234
      vertex 24.1847 7.63412 28.0528
    endloop
  endfacet
  facet normal 0.984423 -0.0695478 -0.161474
    outer loop
      vertex 19.3771 0.818103 36.4805
      vertex 19.1319 0.503604 35.1211
      vertex 19.3947 1.12434 36.4559
    endloop
  endfacet
  facet normal 0.984431 -0.0693014 -0.161533
    outer loop
      vertex 19.1319 0.503604 35.1211
      vertex 19.3771 0.818103 36.4805
      vertex 19.3628 0.568353 36.5005
    endloop
  endfacet
  facet normal 0.984431 0.0693014 -0.161533
    outer loop
      vertex 19.3771 -0.818103 36.4805
      vertex 19.1319 -0.503604 35.1211
      vertex 19.3628 -0.568353 36.5005
    endloop
  endfacet
  facet normal 0.984423 0.0695478 -0.161474
    outer loop
      vertex 19.1319 -0.503604 35.1211
      vertex 19.3771 -0.818103 36.4805
      vertex 19.3947 -1.12434 36.4559
    endloop
  endfacet
  facet normal 0.986191 0.0231626 -0.163982
    outer loop
      vertex 19.3626 -0.558381 36.5008
      vertex 19.1319 -0.503604 35.1211
      vertex 19.1223 0 35.1345
    endloop
  endfacet
  facet normal 0.986165 0.02471 -0.163916
    outer loop
      vertex 19.1319 -0.503604 35.1211
      vertex 19.3626 -0.558381 36.5008
      vertex 19.3628 -0.568353 36.5005
    endloop
  endfacet
  facet normal 0.980903 0.115325 -0.156619
    outer loop
      vertex 19.4482 -1.68549 36.3811
      vertex 19.2084 -1.5022 35.0142
      vertex 19.1606 -1.00505 35.0809
    endloop
  endfacet
  facet normal 0.981339 0.110543 -0.157337
    outer loop
      vertex 19.2084 -1.5022 35.0142
      vertex 19.4482 -1.68549 36.3811
      vertex 19.4491 -1.69533 36.3798
    endloop
  endfacet
  facet normal 0.534709 -0.703866 0.467611
    outer loop
      vertex 24.1847 7.63412 28.0528
      vertex 25.0594 8.61663 28.5315
      vertex 23.893 7.68351 28.4607
    endloop
  endfacet
  facet normal 0.534913 -0.703905 0.467319
    outer loop
      vertex 25.0594 8.61663 28.5315
      vertex 24.1847 7.63412 28.0528
      vertex 25.0652 8.61566 28.5234
    endloop
  endfacet
  facet normal 0.744811 -0.644268 0.173708
    outer loop
      vertex 22.4664 8.02439 32.1589
      vertex 22.1704 7.79382 32.5729
      vertex 21.6197 6.90592 31.641
    endloop
  endfacet
  facet normal 0.256419 0.447116 0.856935
    outer loop
      vertex 27.1527 -4.68746 23.9008
      vertex 28.4112 -5.29785 23.8427
      vertex 28.4148 -5.29014 23.8376
    endloop
  endfacet
  facet normal 0.257111 0.448639 0.85593
    outer loop
      vertex 28.4112 -5.29785 23.8427
      vertex 27.1527 -4.68746 23.9008
      vertex 26.9668 -5.07696 24.1608
    endloop
  endfacet
  facet normal 0.505527 0.697025 0.508526
    outer loop
      vertex 24.4738 -7.55205 27.6484
      vertex 25.3857 -8.52465 28.075
      vertex 25.3915 -8.52302 28.067
    endloop
  endfacet
  facet normal 0.508099 0.697825 0.504851
    outer loop
      vertex 25.3857 -8.52465 28.075
      vertex 24.4738 -7.55205 27.6484
      vertex 24.1847 -7.63412 28.0528
    endloop
  endfacet
  facet normal 0.212346 0.333482 0.918531
    outer loop
      vertex 28.7848 -4.3362 23.32
      vertex 28.938 -3.84349 23.1057
      vertex 27.6162 -3.40562 23.2523
    endloop
  endfacet
  facet normal 0.721426 -0.661004 0.206443
    outer loop
      vertex 21.8866 7.11387 31.2676
      vertex 22.4771 8.03203 32.1439
      vertex 22.4717 8.02851 32.1515
    endloop
  endfacet
  facet normal 0.720004 -0.661944 0.208385
    outer loop
      vertex 22.4771 8.03203 32.1439
      vertex 21.8866 7.11387 31.2676
      vertex 22.1608 7.29136 30.884
    endloop
  endfacet
  facet normal 0.48319 -0.689365 0.539725
    outer loop
      vertex 24.4738 7.55205 27.6484
      vertex 25.3971 8.52076 28.0591
      vertex 25.3915 8.52302 28.067
    endloop
  endfacet
  facet normal 0.481734 -0.688821 0.541717
    outer loop
      vertex 25.3971 8.52076 28.0591
      vertex 24.4738 7.55205 27.6484
      vertex 24.7591 7.43763 27.2492
    endloop
  endfacet
  facet normal 0.27485 -0.483532 0.831056
    outer loop
      vertex 28.2011 5.737 24.1366
      vertex 27.979 6.14476 24.4473
      vertex 26.7665 5.44472 24.441
    endloop
  endfacet
  facet normal 0.481754 -0.688821 0.5417
    outer loop
      vertex 25.7135 8.3939 27.6164
      vertex 25.3971 8.52076 28.0591
      vertex 24.7591 7.43763 27.2492
    endloop
  endfacet
  facet normal 0.181493 -0.205401 0.961702
    outer loop
      vertex 29.2853 2.25869 22.6199
      vertex 29.1909 2.79331 22.7519
      vertex 27.8404 2.47508 22.9388
    endloop
  endfacet
  facet normal 0.225811 -0.373475 0.899737
    outer loop
      vertex 28.7821 4.345 23.3238
      vertex 28.6105 4.81943 23.5638
      vertex 27.4781 3.85 23.4456
    endloop
  endfacet
  facet normal 0.668476 -0.688817 0.280483
    outer loop
      vertex 22.7266 7.55205 30.0925
      vertex 23.414 8.52076 30.8332
      vertex 22.4412 7.43763 30.4917
    endloop
  endfacet
  facet normal 0.666361 -0.689628 0.283506
    outer loop
      vertex 23.414 8.52076 30.8332
      vertex 22.7266 7.55205 30.0925
      vertex 23.4197 8.52302 30.8253
    endloop
  endfacet
  facet normal 0.257111 0.44863 0.855935
    outer loop
      vertex 28.205 -5.72972 24.131
      vertex 28.4112 -5.29785 23.8427
      vertex 26.9668 -5.07696 24.1608
    endloop
  endfacet
  facet normal 0.92438 -0.373526 -0.077452
    outer loop
      vertex 20.2006 4.81943 35.3285
      vertex 20.029 4.345 35.5685
      vertex 19.7223 3.85 34.2953
    endloop
  endfacet
  facet normal 0.721426 0.661004 0.206443
    outer loop
      vertex 22.4771 -8.03203 32.1439
      vertex 21.8866 -7.11387 31.2676
      vertex 22.4717 -8.02851 32.1515
    endloop
  endfacet
  facet normal 0.720004 0.661944 0.208385
    outer loop
      vertex 21.8866 -7.11387 31.2676
      vertex 22.4771 -8.03203 32.1439
      vertex 22.1608 -7.29136 30.884
    endloop
  endfacet
  facet normal 0.240767 -0.411926 0.878834
    outer loop
      vertex 28.5224 5.0319 23.687
      vertex 27.1527 4.68746 23.9008
      vertex 28.6041 4.83601 23.5728
    endloop
  endfacet
  facet normal 0.240801 -0.412124 0.878732
    outer loop
      vertex 27.1527 4.68746 23.9008
      vertex 28.5224 5.0319 23.687
      vertex 28.4148 5.29014 23.8376
    endloop
  endfacet
  facet normal 0.719924 0.662012 0.208445
    outer loop
      vertex 22.4771 -8.03203 32.1439
      vertex 22.7812 -8.22882 31.7186
      vertex 22.1608 -7.29136 30.884
    endloop
  endfacet
  facet normal 0.335882 -0.575403 0.745718
    outer loop
      vertex 26.0879 6.40232 25.3903
      vertex 27.2179 7.21966 25.512
      vertex 27.2132 7.22547 25.5186
    endloop
  endfacet
  facet normal 0.335482 -0.574932 0.746261
    outer loop
      vertex 27.2179 7.21966 25.512
      vertex 26.0879 6.40232 25.3903
      vertex 26.3261 6.10882 25.0571
    endloop
  endfacet
  facet normal 0.937856 0.333359 -0.0964228
    outer loop
      vertex 19.8732 -3.84349 35.7866
      vertex 20.0263 -4.3362 35.5723
      vertex 19.5841 -3.40562 34.4885
    endloop
  endfacet
  facet normal 0.614626 0.704021 0.355794
    outer loop
      vertex 23.7517 -8.61663 30.3608
      vertex 23.0157 -7.63412 29.6881
      vertex 23.7459 -8.61566 30.3689
    endloop
  endfacet
  facet normal 0.615455 0.703867 0.354663
    outer loop
      vertex 23.0157 -7.63412 29.6881
      vertex 23.7517 -8.61663 30.3608
      vertex 23.3073 -7.68351 29.2801
    endloop
  endfacet
  facet normal 0.430151 -0.661928 0.613858
    outer loop
      vertex 25.3138 7.11387 26.4733
      vertex 26.3341 8.03203 26.7484
      vertex 25.0395 7.29136 26.8569
    endloop
  endfacet
  facet normal 0.43082 -0.662383 0.612897
    outer loop
      vertex 26.3341 8.03203 26.7484
      vertex 25.3138 7.11387 26.4733
      vertex 26.3395 8.02851 26.7408
    endloop
  endfacet
  facet normal 0.96006 0.249108 -0.127398
    outer loop
      vertex 19.7346 -3.31618 35.9804
      vertex 19.4632 -2.94666 34.6577
      vertex 19.36 -2.47508 34.8021
    endloop
  endfacet
  facet normal 0.958855 0.254592 -0.125619
    outer loop
      vertex 19.4632 -2.94666 34.6577
      vertex 19.7346 -3.31618 35.9804
      vertex 19.7367 -3.32552 35.9775
    endloop
  endfacet
  facet normal 0.695354 -0.676771 0.241794
    outer loop
      vertex 22.1608 7.29136 30.884
      vertex 23.0976 8.3939 31.2759
      vertex 23.0921 8.391 31.2836
    endloop
  endfacet
  facet normal 0.6945 -0.676842 0.244038
    outer loop
      vertex 23.0976 8.3939 31.2759
      vertex 22.1608 7.29136 30.884
      vertex 22.4412 7.43763 30.4917
    endloop
  endfacet
  facet normal 0.938816 -0.330257 -0.0977519
    outer loop
      vertex 20.0263 4.3362 35.5723
      vertex 19.7223 3.85 34.2953
      vertex 20.029 4.345 35.5685
    endloop
  endfacet
  facet normal 0.937817 -0.333513 -0.0962743
    outer loop
      vertex 19.7223 3.85 34.2953
      vertex 20.0263 4.3362 35.5723
      vertex 19.5841 3.40562 34.4885
    endloop
  endfacet
  facet normal 0.968575 0.205988 -0.139395
    outer loop
      vertex 19.5259 -2.25869 36.2724
      vertex 19.2749 -1.99291 34.9211
      vertex 19.5242 -2.24914 36.2747
    endloop
  endfacet
  facet normal 0.96868 0.205402 -0.13953
    outer loop
      vertex 19.2749 -1.99291 34.9211
      vertex 19.5259 -2.25869 36.2724
      vertex 19.36 -2.47508 34.8021
    endloop
  endfacet
  facet normal 0.980902 0.115365 -0.156598
    outer loop
      vertex 19.3952 -1.13427 36.4552
      vertex 19.4482 -1.68549 36.3811
      vertex 19.1606 -1.00505 35.0809
    endloop
  endfacet
  facet normal 0.48319 0.689365 0.539725
    outer loop
      vertex 25.3971 -8.52076 28.0591
      vertex 24.4738 -7.55205 27.6484
      vertex 25.3915 -8.52302 28.067
    endloop
  endfacet
  facet normal 0.481734 0.688821 0.541717
    outer loop
      vertex 24.4738 -7.55205 27.6484
      vertex 25.3971 -8.52076 28.0591
      vertex 24.7591 -7.43763 27.2492
    endloop
  endfacet
  facet normal 0.836016 0.546771 0.0460303
    outer loop
      vertex 21.3247 -6.88791 33.7561
      vertex 20.8742 -6.10882 32.6838
      vertex 20.6477 -5.78917 33.0006
    endloop
  endfacet
  facet normal 0.839234 0.542196 0.0413543
    outer loop
      vertex 20.8742 -6.10882 32.6838
      vertex 21.3247 -6.88791 33.7561
      vertex 21.3291 -6.89424 33.7498
    endloop
  endfacet
  facet normal 0.643059 -0.697557 0.316052
    outer loop
      vertex 22.7266 7.55205 30.0925
      vertex 23.4254 8.52465 30.8173
      vertex 23.4197 8.52302 30.8253
    endloop
  endfacet
  facet normal 0.64208 -0.697851 0.31739
    outer loop
      vertex 23.4254 8.52465 30.8173
      vertex 22.7266 7.55205 30.0925
      vertex 23.0157 7.63412 29.6881
    endloop
  endfacet
  facet normal 0.856306 0.516166 0.0176632
    outer loop
      vertex 21.0693 -6.52667 34.1133
      vertex 20.6477 -5.78917 33.0006
      vertex 20.4339 -5.44472 33.2998
    endloop
  endfacet
  facet normal 0.857483 0.514265 0.0159568
    outer loop
      vertex 20.6477 -5.78917 33.0006
      vertex 21.0693 -6.52667 34.1133
      vertex 21.0735 -6.53349 34.1074
    endloop
  endfacet
  facet normal 0.909459 0.41192 -0.0566291
    outer loop
      vertex 20.2071 -4.83601 35.3195
      vertex 20.3963 -5.29014 35.0547
      vertex 20.0477 -4.68746 33.8401
    endloop
  endfacet
  facet normal 0.892425 0.449998 -0.0328458
    outer loop
      vertex 20.4 -5.29785 35.0496
      vertex 20.0477 -4.68746 33.8401
      vertex 20.3963 -5.29014 35.0547
    endloop
  endfacet
  facet normal 0.89304 0.448715 -0.0336726
    outer loop
      vertex 20.0477 -4.68746 33.8401
      vertex 20.4 -5.29785 35.0496
      vertex 20.2336 -5.07696 33.58
    endloop
  endfacet
  facet normal 0.695354 0.676771 0.241794
    outer loop
      vertex 23.0976 -8.3939 31.2759
      vertex 22.1608 -7.29136 30.884
      vertex 23.0921 -8.391 31.2836
    endloop
  endfacet
  facet normal 0.6945 0.676842 0.244038
    outer loop
      vertex 22.1608 -7.29136 30.884
      vertex 23.0976 -8.3939 31.2759
      vertex 22.4412 -7.43763 30.4917
    endloop
  endfacet
  facet normal 0.744521 -0.644399 0.174464
    outer loop
      vertex 21.6197 6.90592 31.641
      vertex 22.4717 8.02851 32.1515
      vertex 22.4664 8.02439 32.1589
    endloop
  endfacet
  facet normal 0.744845 -0.644256 0.17361
    outer loop
      vertex 22.4717 8.02851 32.1515
      vertex 21.6197 6.90592 31.641
      vertex 21.8866 7.11387 31.2676
    endloop
  endfacet
  facet normal 0.892425 -0.449998 -0.0328458
    outer loop
      vertex 20.0477 4.68746 33.8401
      vertex 20.4 5.29785 35.0496
      vertex 20.3963 5.29014 35.0547
    endloop
  endfacet
  facet normal 0.89304 -0.448715 -0.0336726
    outer loop
      vertex 20.4 5.29785 35.0496
      vertex 20.0477 4.68746 33.8401
      vertex 20.2336 5.07696 33.58
    endloop
  endfacet
  facet normal 0.975653 -0.160678 -0.149276
    outer loop
      vertex 19.5242 2.24914 36.2747
      vertex 19.4504 1.70505 36.378
      vertex 19.2749 1.99291 34.9211
    endloop
  endfacet
  facet normal 0.744811 0.644268 0.173708
    outer loop
      vertex 22.1704 -7.79382 32.5729
      vertex 22.4664 -8.02439 32.1589
      vertex 21.6197 -6.90592 31.641
    endloop
  endfacet
  facet normal 0.508099 -0.697825 0.504851
    outer loop
      vertex 24.4738 7.55205 27.6484
      vertex 25.3857 8.52465 28.075
      vertex 24.1847 7.63412 28.0528
    endloop
  endfacet
  facet normal 0.505527 -0.697025 0.508526
    outer loop
      vertex 25.3857 8.52465 28.075
      vertex 24.4738 7.55205 27.6484
      vertex 25.3915 8.52302 28.067
    endloop
  endfacet
  facet normal 0.769872 0.622949 0.138678
    outer loop
      vertex 21.8839 -7.53046 32.9737
      vertex 21.3613 -6.6684 32.0025
      vertex 21.8788 -7.52576 32.9809
    endloop
  endfacet
  facet normal 0.769008 0.623752 0.139856
    outer loop
      vertex 21.3613 -6.6684 32.0025
      vertex 21.8839 -7.53046 32.9737
      vertex 21.6197 -6.90592 31.641
    endloop
  endfacet
  facet normal 0.986165 -0.02471 -0.163916
    outer loop
      vertex 19.3626 0.558381 36.5008
      vertex 19.1319 0.503604 35.1211
      vertex 19.3628 0.568353 36.5005
    endloop
  endfacet
  facet normal 0.986191 -0.0231626 -0.163982
    outer loop
      vertex 19.1319 0.503604 35.1211
      vertex 19.3626 0.558381 36.5008
      vertex 19.1223 0 35.1345
    endloop
  endfacet
  facet normal 0.814668 0.574931 0.0759655
    outer loop
      vertex 21.5932 -7.21966 33.3803
      vertex 21.1124 -6.40232 32.3506
      vertex 20.8742 -6.10882 32.6838
    endloop
  endfacet
  facet normal 0.811444 0.578848 0.0805798
    outer loop
      vertex 21.1124 -6.40232 32.3506
      vertex 21.5932 -7.21966 33.3803
      vertex 21.598 -7.22547 33.3737
    endloop
  endfacet
  facet normal 0.960065 -0.249072 -0.127426
    outer loop
      vertex 19.7346 3.31618 35.9804
      vertex 19.6202 2.79331 36.1405
      vertex 19.36 2.47508 34.8021
    endloop
  endfacet
  facet normal 0.909459 -0.41192 -0.0566291
    outer loop
      vertex 20.3963 5.29014 35.0547
      vertex 20.2071 4.83601 35.3195
      vertex 20.0477 4.68746 33.8401
    endloop
  endfacet
  facet normal 0.35224 0.93591 -0
    outer loop
      vertex -11.5728 -17.0447 0
      vertex -12.6752 -16.6298 0.799999
      vertex -11.5728 -17.0447 0.799999
    endloop
  endfacet
  facet normal 0.35224 0.93591 0
    outer loop
      vertex -12.6752 -16.6298 0.799999
      vertex -11.5728 -17.0447 0
      vertex -12.6752 -16.6298 0
    endloop
  endfacet
  facet normal -0.995181 -0.098057 0
    outer loop
      vertex 12.1746 1.17726 0
      vertex 12.0591 2.34947 0.799999
      vertex 12.0591 2.34947 0
    endloop
  endfacet
  facet normal -0.995181 -0.098057 0
    outer loop
      vertex 12.0591 2.34947 0.799999
      vertex 12.1746 1.17726 0
      vertex 12.1746 1.17726 0.799999
    endloop
  endfacet
  facet normal -0.999466 -0.0326856 0
    outer loop
      vertex 12.2131 0 0
      vertex 12.1746 1.17726 0.799999
      vertex 12.1746 1.17726 0
    endloop
  endfacet
  facet normal -0.999466 -0.0326856 0
    outer loop
      vertex 12.1746 1.17726 0.799999
      vertex 12.2131 0 0
      vertex 12.2131 0 0.799999
    endloop
  endfacet
  facet normal -0.98664 -0.162917 0
    outer loop
      vertex 12.0591 2.34947 0
      vertex 11.8672 3.51163 0.799999
      vertex 11.8672 3.51163 0
    endloop
  endfacet
  facet normal -0.98664 -0.162917 0
    outer loop
      vertex 11.8672 3.51163 0.799999
      vertex 12.0591 2.34947 0
      vertex 12.0591 2.34947 0.799999
    endloop
  endfacet
  facet normal 0.528052 -0.849212 0
    outer loop
      vertex -15.7872 14.9665 0
      vertex -14.7869 15.5885 0.799999
      vertex -15.7872 14.9665 0.799999
    endloop
  endfacet
  facet normal 0.528052 -0.849212 0
    outer loop
      vertex -14.7869 15.5885 0.799999
      vertex -15.7872 14.9665 0
      vertex -14.7869 15.5885 0
    endloop
  endfacet
  facet normal -0.528063 -0.849205 0
    outer loop
      vertex 3.2131 15.5885 0
      vertex 4.21337 14.9665 0.799999
      vertex 3.2131 15.5885 0.799999
    endloop
  endfacet
  facet normal -0.528063 -0.849205 -0
    outer loop
      vertex 4.21337 14.9665 0.799999
      vertex 3.2131 15.5885 0
      vertex 4.21337 14.9665 0
    endloop
  endfacet
  facet normal 0.849174 0.528113 0
    outer loop
      vertex -20.7533 -10.0003 0.799999
      vertex -21.3754 -9 0
      vertex -21.3754 -9 0.799999
    endloop
  endfacet
  facet normal 0.849174 0.528113 0
    outer loop
      vertex -21.3754 -9 0
      vertex -20.7533 -10.0003 0.799999
      vertex -20.7533 -10.0003 0
    endloop
  endfacet
  facet normal -0.098057 0.995181 0
    outer loop
      vertex -3.43743 -17.846 0
      vertex -4.60964 -17.9615 0.799999
      vertex -3.43743 -17.846 0.799999
    endloop
  endfacet
  facet normal -0.098057 0.995181 0
    outer loop
      vertex -4.60964 -17.9615 0.799999
      vertex -3.43743 -17.846 0
      vertex -4.60964 -17.9615 0
    endloop
  endfacet
  facet normal 0.995181 -0.098057 0
    outer loop
      vertex -23.7484 1.17726 0.799999
      vertex -23.6329 2.34947 0
      vertex -23.6329 2.34947 0.799999
    endloop
  endfacet
  facet normal 0.995181 -0.098057 0
    outer loop
      vertex -23.6329 2.34947 0
      vertex -23.7484 1.17726 0.799999
      vertex -23.7484 1.17726 0
    endloop
  endfacet
  facet normal -0.582482 0.812843 0
    outer loop
      vertex 5.17081 -14.2804 0
      vertex 4.21337 -14.9665 0.799999
      vertex 5.17081 -14.2804 0.799999
    endloop
  endfacet
  facet normal -0.582482 0.812843 0
    outer loop
      vertex 4.21337 -14.9665 0.799999
      vertex 5.17081 -14.2804 0
      vertex 4.21337 -14.9665 0
    endloop
  endfacet
  facet normal -0.956922 0.290344 0
    outer loop
      vertex 11.2578 -5.78591 0
      vertex 11.5998 -4.65874 0.799999
      vertex 11.5998 -4.65874 0
    endloop
  endfacet
  facet normal -0.956922 0.290344 0
    outer loop
      vertex 11.5998 -4.65874 0.799999
      vertex 11.2578 -5.78591 0
      vertex 11.2578 -5.78591 0.799999
    endloop
  endfacet
  facet normal -0.162917 0.98664 0
    outer loop
      vertex -2.27527 -17.6541 0
      vertex -3.43743 -17.846 0.799999
      vertex -2.27527 -17.6541 0.799999
    endloop
  endfacet
  facet normal -0.162917 0.98664 0
    outer loop
      vertex -3.43743 -17.846 0.799999
      vertex -2.27527 -17.6541 0
      vertex -3.43743 -17.846 0
    endloop
  endfacet
  facet normal -0.683598 -0.729859 0
    outer loop
      vertex 6.08133 13.5331 0
      vertex 6.94102 12.7279 0.799999
      vertex 6.08133 13.5331 0.799999
    endloop
  endfacet
  facet normal -0.683598 -0.729859 -0
    outer loop
      vertex 6.94102 12.7279 0.799999
      vertex 6.08133 13.5331 0
      vertex 6.94102 12.7279 0
    endloop
  endfacet
  facet normal -0.582482 -0.812843 0
    outer loop
      vertex 4.21337 14.9665 0
      vertex 5.17081 14.2804 0.799999
      vertex 4.21337 14.9665 0.799999
    endloop
  endfacet
  facet normal -0.582482 -0.812843 -0
    outer loop
      vertex 5.17081 14.2804 0.799999
      vertex 4.21337 14.9665 0
      vertex 5.17081 14.2804 0
    endloop
  endfacet
  facet normal 0.910872 -0.41269 0
    outer loop
      vertex -22.4167 6.8883 0.799999
      vertex -21.9306 7.9612 0
      vertex -21.9306 7.9612 0.799999
    endloop
  endfacet
  facet normal 0.910872 -0.41269 0
    outer loop
      vertex -21.9306 7.9612 0
      vertex -22.4167 6.8883 0.799999
      vertex -22.4167 6.8883 0
    endloop
  endfacet
  facet normal 0.935909 -0.352242 0
    outer loop
      vertex -22.8316 5.78591 0.799999
      vertex -22.4167 6.8883 0
      vertex -22.4167 6.8883 0.799999
    endloop
  endfacet
  facet normal 0.935909 -0.352242 0
    outer loop
      vertex -22.4167 6.8883 0
      vertex -22.8316 5.78591 0.799999
      vertex -22.8316 5.78591 0
    endloop
  endfacet
  facet normal -0.999466 0.0326856 0
    outer loop
      vertex 12.1746 -1.17726 0
      vertex 12.2131 0 0.799999
      vertex 12.2131 0 0
    endloop
  endfacet
  facet normal -0.999466 0.0326856 0
    outer loop
      vertex 12.2131 0 0.799999
      vertex 12.1746 -1.17726 0
      vertex 12.1746 -1.17726 0.799999
    endloop
  endfacet
  facet normal 0.683594 -0.729863 0
    outer loop
      vertex -18.5148 12.7279 0
      vertex -17.6551 13.5331 0.799999
      vertex -18.5148 12.7279 0.799999
    endloop
  endfacet
  facet normal 0.683594 -0.729863 0
    outer loop
      vertex -17.6551 13.5331 0.799999
      vertex -18.5148 12.7279 0
      vertex -17.6551 13.5331 0
    endloop
  endfacet
  facet normal -0.97389 -0.227021 0
    outer loop
      vertex 11.8672 3.51163 0
      vertex 11.5998 4.65874 0.799999
      vertex 11.5998 4.65874 0
    endloop
  endfacet
  facet normal -0.97389 -0.227021 0
    outer loop
      vertex 11.5998 4.65874 0.799999
      vertex 11.8672 3.51163 0
      vertex 11.8672 3.51163 0.799999
    endloop
  endfacet
  facet normal 0.41269 -0.910872 0
    outer loop
      vertex -13.7481 16.1437 0
      vertex -12.6752 16.6298 0.799999
      vertex -13.7481 16.1437 0.799999
    endloop
  endfacet
  facet normal 0.41269 -0.910872 0
    outer loop
      vertex -12.6752 16.6298 0.799999
      vertex -13.7481 16.1437 0
      vertex -12.6752 16.6298 0
    endloop
  endfacet
  facet normal 0.729863 0.683594 0
    outer loop
      vertex -18.5148 -12.7279 0.799999
      vertex -19.32 -11.8682 0
      vertex -19.32 -11.8682 0.799999
    endloop
  endfacet
  facet normal 0.729863 0.683594 0
    outer loop
      vertex -19.32 -11.8682 0
      vertex -18.5148 -12.7279 0.799999
      vertex -18.5148 -12.7279 0
    endloop
  endfacet
  facet normal -0.956922 -0.290344 0
    outer loop
      vertex 11.5998 4.65874 0
      vertex 11.2578 5.78591 0.799999
      vertex 11.2578 5.78591 0
    endloop
  endfacet
  facet normal -0.956922 -0.290344 0
    outer loop
      vertex 11.2578 5.78591 0.799999
      vertex 11.5998 4.65874 0
      vertex 11.5998 4.65874 0.799999
    endloop
  endfacet
  facet normal -0.471364 -0.881939 0
    outer loop
      vertex 2.1743 16.1437 0
      vertex 3.2131 15.5885 0.799999
      vertex 2.1743 16.1437 0.799999
    endloop
  endfacet
  facet normal -0.471364 -0.881939 -0
    outer loop
      vertex 3.2131 15.5885 0.799999
      vertex 2.1743 16.1437 0
      vertex 3.2131 15.5885 0
    endloop
  endfacet
  facet normal -0.935909 -0.352242 0
    outer loop
      vertex 11.2578 5.78591 0
      vertex 10.8429 6.8883 0.799999
      vertex 10.8429 6.8883 0
    endloop
  endfacet
  facet normal -0.935909 -0.352242 0
    outer loop
      vertex 10.8429 6.8883 0.799999
      vertex 11.2578 5.78591 0
      vertex 11.2578 5.78591 0.799999
    endloop
  endfacet
  facet normal 0.0980562 -0.995181 0
    outer loop
      vertex -8.13637 17.846 0
      vertex -6.96415 17.9615 0.799999
      vertex -8.13637 17.846 0.799999
    endloop
  endfacet
  facet normal 0.0980562 -0.995181 0
    outer loop
      vertex -6.96415 17.9615 0.799999
      vertex -8.13637 17.846 0
      vertex -6.96415 17.9615 0
    endloop
  endfacet
  facet normal -0.41269 0.910872 0
    outer loop
      vertex 2.1743 -16.1437 0
      vertex 1.1014 -16.6298 0.799999
      vertex 2.1743 -16.1437 0.799999
    endloop
  endfacet
  facet normal -0.41269 0.910872 0
    outer loop
      vertex 1.1014 -16.6298 0.799999
      vertex 2.1743 -16.1437 0
      vertex 1.1014 -16.6298 0
    endloop
  endfacet
  facet normal -0.812836 -0.582493 0
    outer loop
      vertex 9.17955 10.0003 0
      vertex 8.49346 10.9577 0.799999
      vertex 8.49346 10.9577 0
    endloop
  endfacet
  facet normal -0.812836 -0.582493 0
    outer loop
      vertex 8.49346 10.9577 0.799999
      vertex 9.17955 10.0003 0
      vertex 9.17955 10.0003 0.799999
    endloop
  endfacet
  facet normal 0.98664 -0.162917 0
    outer loop
      vertex -23.6329 2.34947 0.799999
      vertex -23.441 3.51163 0
      vertex -23.441 3.51163 0.799999
    endloop
  endfacet
  facet normal 0.98664 -0.162917 0
    outer loop
      vertex -23.441 3.51163 0
      vertex -23.6329 2.34947 0.799999
      vertex -23.6329 2.34947 0
    endloop
  endfacet
  facet normal 0.0326859 -0.999466 0
    outer loop
      vertex -6.96415 17.9615 0
      vertex -5.7869 18 0.799999
      vertex -6.96415 17.9615 0.799999
    endloop
  endfacet
  facet normal 0.0326859 -0.999466 0
    outer loop
      vertex -5.7869 18 0.799999
      vertex -6.96415 17.9615 0
      vertex -5.7869 18 0
    endloop
  endfacet
  facet normal 0.290337 -0.956924 0
    outer loop
      vertex -11.5728 17.0447 0
      vertex -10.4456 17.3867 0.799999
      vertex -11.5728 17.0447 0.799999
    endloop
  endfacet
  facet normal 0.290337 -0.956924 0
    outer loop
      vertex -10.4456 17.3867 0.799999
      vertex -11.5728 17.0447 0
      vertex -10.4456 17.3867 0
    endloop
  endfacet
  facet normal -0.97389 0.227021 0
    outer loop
      vertex 11.5998 -4.65874 0
      vertex 11.8672 -3.51163 0.799999
      vertex 11.8672 -3.51163 0
    endloop
  endfacet
  facet normal -0.97389 0.227021 0
    outer loop
      vertex 11.8672 -3.51163 0.799999
      vertex 11.5998 -4.65874 0
      vertex 11.5998 -4.65874 0.799999
    endloop
  endfacet
  facet normal 0.77298 -0.63443 0
    outer loop
      vertex -20.0673 10.9577 0.799999
      vertex -19.32 11.8682 0
      vertex -19.32 11.8682 0.799999
    endloop
  endfacet
  facet normal 0.77298 -0.63443 0
    outer loop
      vertex -19.32 11.8682 0
      vertex -20.0673 10.9577 0.799999
      vertex -20.0673 10.9577 0
    endloop
  endfacet
  facet normal -0.352243 0.935908 0
    outer loop
      vertex 1.1014 -16.6298 0
      vertex -0.000987053 -17.0447 0.799999
      vertex 1.1014 -16.6298 0.799999
    endloop
  endfacet
  facet normal -0.352243 0.935908 0
    outer loop
      vertex -0.000987053 -17.0447 0.799999
      vertex 1.1014 -16.6298 0
      vertex -0.000987053 -17.0447 0
    endloop
  endfacet
  facet normal -0.881925 -0.47139 0
    outer loop
      vertex 10.3568 7.9612 0
      vertex 9.80156 9 0.799999
      vertex 9.80156 9 0
    endloop
  endfacet
  facet normal -0.881925 -0.47139 0
    outer loop
      vertex 9.80156 9 0.799999
      vertex 10.3568 7.9612 0
      vertex 10.3568 7.9612 0.799999
    endloop
  endfacet
  facet normal -0.849208 0.528058 0
    outer loop
      vertex 9.17955 -10.0003 0
      vertex 9.80156 -9 0.799999
      vertex 9.80156 -9 0
    endloop
  endfacet
  facet normal -0.849208 0.528058 0
    outer loop
      vertex 9.80156 -9 0.799999
      vertex 9.17955 -10.0003 0
      vertex 9.17955 -10.0003 0.799999
    endloop
  endfacet
  facet normal 0.35224 -0.93591 0
    outer loop
      vertex -12.6752 16.6298 0
      vertex -11.5728 17.0447 0.799999
      vertex -12.6752 16.6298 0.799999
    endloop
  endfacet
  facet normal 0.35224 -0.93591 0
    outer loop
      vertex -11.5728 17.0447 0.799999
      vertex -12.6752 16.6298 0
      vertex -11.5728 17.0447 0
    endloop
  endfacet
  facet normal -0.41269 -0.910872 0
    outer loop
      vertex 1.1014 16.6298 0
      vertex 2.1743 16.1437 0.799999
      vertex 1.1014 16.6298 0.799999
    endloop
  endfacet
  facet normal -0.41269 -0.910872 -0
    outer loop
      vertex 2.1743 16.1437 0.799999
      vertex 1.1014 16.6298 0
      vertex 2.1743 16.1437 0
    endloop
  endfacet
  facet normal 0.528052 0.849212 -0
    outer loop
      vertex -14.7869 -15.5885 0
      vertex -15.7872 -14.9665 0.799999
      vertex -14.7869 -15.5885 0.799999
    endloop
  endfacet
  facet normal 0.528052 0.849212 0
    outer loop
      vertex -15.7872 -14.9665 0.799999
      vertex -14.7869 -15.5885 0
      vertex -15.7872 -14.9665 0
    endloop
  endfacet
  facet normal -0.729863 -0.683594 0
    outer loop
      vertex 7.74622 11.8682 0
      vertex 6.94102 12.7279 0.799999
      vertex 6.94102 12.7279 0
    endloop
  endfacet
  facet normal -0.729863 -0.683594 0
    outer loop
      vertex 6.94102 12.7279 0.799999
      vertex 7.74622 11.8682 0
      vertex 7.74622 11.8682 0.799999
    endloop
  endfacet
  facet normal 0.956922 0.290344 0
    outer loop
      vertex -22.8316 -5.78591 0.799999
      vertex -23.1736 -4.65874 0
      vertex -23.1736 -4.65874 0.799999
    endloop
  endfacet
  facet normal 0.956922 0.290344 0
    outer loop
      vertex -23.1736 -4.65874 0
      vertex -22.8316 -5.78591 0.799999
      vertex -22.8316 -5.78591 0
    endloop
  endfacet
  facet normal -0.98664 0.162917 0
    outer loop
      vertex 11.8672 -3.51163 0
      vertex 12.0591 -2.34947 0.799999
      vertex 12.0591 -2.34947 0
    endloop
  endfacet
  facet normal -0.98664 0.162917 0
    outer loop
      vertex 12.0591 -2.34947 0.799999
      vertex 11.8672 -3.51163 0
      vertex 11.8672 -3.51163 0.799999
    endloop
  endfacet
  facet normal 0.227027 -0.973889 0
    outer loop
      vertex -10.4456 17.3867 0
      vertex -9.29852 17.6541 0.799999
      vertex -10.4456 17.3867 0.799999
    endloop
  endfacet
  facet normal 0.227027 -0.973889 0
    outer loop
      vertex -9.29852 17.6541 0.799999
      vertex -10.4456 17.3867 0
      vertex -9.29852 17.6541 0
    endloop
  endfacet
  facet normal 0.910872 0.41269 0
    outer loop
      vertex -21.9306 -7.9612 0.799999
      vertex -22.4167 -6.8883 0
      vertex -22.4167 -6.8883 0.799999
    endloop
  endfacet
  facet normal 0.910872 0.41269 0
    outer loop
      vertex -22.4167 -6.8883 0
      vertex -21.9306 -7.9612 0.799999
      vertex -21.9306 -7.9612 0
    endloop
  endfacet
  facet normal -0.935909 0.352242 0
    outer loop
      vertex 10.8429 -6.8883 0
      vertex 11.2578 -5.78591 0.799999
      vertex 11.2578 -5.78591 0
    endloop
  endfacet
  facet normal -0.935909 0.352242 0
    outer loop
      vertex 11.2578 -5.78591 0.799999
      vertex 10.8429 -6.8883 0
      vertex 10.8429 -6.8883 0.799999
    endloop
  endfacet
  facet normal -0.0326856 -0.999466 0
    outer loop
      vertex -5.7869 18 0
      vertex -4.60964 17.9615 0.799999
      vertex -5.7869 18 0.799999
    endloop
  endfacet
  facet normal -0.0326856 -0.999466 -0
    outer loop
      vertex -4.60964 17.9615 0.799999
      vertex -5.7869 18 0
      vertex -4.60964 17.9615 0
    endloop
  endfacet
  facet normal -0.0326856 0.999466 0
    outer loop
      vertex -4.60964 -17.9615 0
      vertex -5.7869 -18 0.799999
      vertex -4.60964 -17.9615 0.799999
    endloop
  endfacet
  facet normal -0.0326856 0.999466 0
    outer loop
      vertex -5.7869 -18 0.799999
      vertex -4.60964 -17.9615 0
      vertex -5.7869 -18 0
    endloop
  endfacet
  facet normal 0.227027 0.973889 -0
    outer loop
      vertex -9.29852 -17.6541 0
      vertex -10.4456 -17.3867 0.799999
      vertex -9.29852 -17.6541 0.799999
    endloop
  endfacet
  facet normal 0.227027 0.973889 0
    outer loop
      vertex -10.4456 -17.3867 0.799999
      vertex -9.29852 -17.6541 0
      vertex -10.4456 -17.3867 0
    endloop
  endfacet
  facet normal -0.995181 0.098057 0
    outer loop
      vertex 12.0591 -2.34947 0
      vertex 12.1746 -1.17726 0.799999
      vertex 12.1746 -1.17726 0
    endloop
  endfacet
  facet normal -0.995181 0.098057 0
    outer loop
      vertex 12.1746 -1.17726 0.799999
      vertex 12.0591 -2.34947 0
      vertex 12.0591 -2.34947 0.799999
    endloop
  endfacet
  facet normal -0.849208 -0.528058 0
    outer loop
      vertex 9.80156 9 0
      vertex 9.17955 10.0003 0.799999
      vertex 9.17955 10.0003 0
    endloop
  endfacet
  facet normal -0.849208 -0.528058 0
    outer loop
      vertex 9.17955 10.0003 0.799999
      vertex 9.80156 9 0
      vertex 9.80156 9 0.799999
    endloop
  endfacet
  facet normal 0.471364 -0.881939 0
    outer loop
      vertex -14.7869 15.5885 0
      vertex -13.7481 16.1437 0.799999
      vertex -14.7869 15.5885 0.799999
    endloop
  endfacet
  facet normal 0.471364 -0.881939 0
    outer loop
      vertex -13.7481 16.1437 0.799999
      vertex -14.7869 15.5885 0
      vertex -13.7481 16.1437 0
    endloop
  endfacet
  facet normal 0 0 -1
    outer loop
      vertex 12.1746 -1.17726 0.799999
      vertex 12.1746 1.17726 0.799999
      vertex 12.2131 0 0.799999
    endloop
  endfacet
  facet normal 0 0 -1
    outer loop
      vertex 12.0591 -2.34947 0.799999
      vertex 12.1746 1.17726 0.799999
      vertex 12.1746 -1.17726 0.799999
    endloop
  endfacet
  facet normal 0 0 -1
    outer loop
      vertex 12.0591 -2.34947 0.799999
      vertex 12.0591 2.34947 0.799999
      vertex 12.1746 1.17726 0.799999
    endloop
  endfacet
  facet normal 0 0 -1
    outer loop
      vertex 11.8672 -3.51163 0.799999
      vertex 12.0591 2.34947 0.799999
      vertex 12.0591 -2.34947 0.799999
    endloop
  endfacet
  facet normal 0 0 -1
    outer loop
      vertex 11.8672 -3.51163 0.799999
      vertex 11.8672 3.51163 0.799999
      vertex 12.0591 2.34947 0.799999
    endloop
  endfacet
  facet normal 0 0 -1
    outer loop
      vertex 11.5998 -4.65874 0.799999
      vertex 11.8672 3.51163 0.799999
      vertex 11.8672 -3.51163 0.799999
    endloop
  endfacet
  facet normal 0 0 -1
    outer loop
      vertex 11.5998 -4.65874 0.799999
      vertex 11.5998 4.65874 0.799999
      vertex 11.8672 3.51163 0.799999
    endloop
  endfacet
  facet normal 0 0 -1
    outer loop
      vertex 11.2578 -5.78591 0.799999
      vertex 11.5998 4.65874 0.799999
      vertex 11.5998 -4.65874 0.799999
    endloop
  endfacet
  facet normal 0 0 -1
    outer loop
      vertex 11.2578 -5.78591 0.799999
      vertex 11.2578 5.78591 0.799999
      vertex 11.5998 4.65874 0.799999
    endloop
  endfacet
  facet normal 0 0 -1
    outer loop
      vertex 10.8429 -6.8883 0.799999
      vertex 11.2578 5.78591 0.799999
      vertex 11.2578 -5.78591 0.799999
    endloop
  endfacet
  facet normal 0 0 -1
    outer loop
      vertex 10.8429 -6.8883 0.799999
      vertex 10.8429 6.8883 0.799999
      vertex 11.2578 5.78591 0.799999
    endloop
  endfacet
  facet normal 0 0 -1
    outer loop
      vertex 10.3568 -7.9612 0.799999
      vertex 10.8429 6.8883 0.799999
      vertex 10.8429 -6.8883 0.799999
    endloop
  endfacet
  facet normal 0 0 -1
    outer loop
      vertex 10.3568 -7.9612 0.799999
      vertex 10.3568 7.9612 0.799999
      vertex 10.8429 6.8883 0.799999
    endloop
  endfacet
  facet normal 0 0 -1
    outer loop
      vertex 9.80156 -9 0.799999
      vertex 10.3568 7.9612 0.799999
      vertex 10.3568 -7.9612 0.799999
    endloop
  endfacet
  facet normal 0 0 -1
    outer loop
      vertex 9.80156 -9 0.799999
      vertex 9.80156 9 0.799999
      vertex 10.3568 7.9612 0.799999
    endloop
  endfacet
  facet normal 0 0 -1
    outer loop
      vertex 9.17955 -10.0003 0.799999
      vertex 9.80156 9 0.799999
      vertex 9.80156 -9 0.799999
    endloop
  endfacet
  facet normal 0 0 -1
    outer loop
      vertex 9.17955 -10.0003 0.799999
      vertex 9.17955 10.0003 0.799999
      vertex 9.80156 9 0.799999
    endloop
  endfacet
  facet normal 0 0 -1
    outer loop
      vertex 8.49346 -10.9577 0.799999
      vertex 9.17955 10.0003 0.799999
      vertex 9.17955 -10.0003 0.799999
    endloop
  endfacet
  facet normal 0 0 -1
    outer loop
      vertex 8.49346 -10.9577 0.799999
      vertex 8.49346 10.9577 0.799999
      vertex 9.17955 10.0003 0.799999
    endloop
  endfacet
  facet normal 0 0 -1
    outer loop
      vertex 7.74622 -11.8682 0.799999
      vertex 8.49346 10.9577 0.799999
      vertex 8.49346 -10.9577 0.799999
    endloop
  endfacet
  facet normal 0 0 -1
    outer loop
      vertex 7.74622 -11.8682 0.799999
      vertex 7.74622 11.8682 0.799999
      vertex 8.49346 10.9577 0.799999
    endloop
  endfacet
  facet normal 0 0 -1
    outer loop
      vertex 6.94102 -12.7279 0.799999
      vertex 7.74622 11.8682 0.799999
      vertex 7.74622 -11.8682 0.799999
    endloop
  endfacet
  facet normal 0 0 -1
    outer loop
      vertex 6.94102 -12.7279 0.799999
      vertex 6.94102 12.7279 0.799999
      vertex 7.74622 11.8682 0.799999
    endloop
  endfacet
  facet normal 0 0 -1
    outer loop
      vertex 6.08133 -13.5331 0.799999
      vertex 6.94102 12.7279 0.799999
      vertex 6.94102 -12.7279 0.799999
    endloop
  endfacet
  facet normal 0 0 -1
    outer loop
      vertex 6.08133 -13.5331 0.799999
      vertex 6.08133 13.5331 0.799999
      vertex 6.94102 12.7279 0.799999
    endloop
  endfacet
  facet normal 0 0 -1
    outer loop
      vertex 5.17081 -14.2804 0.799999
      vertex 6.08133 13.5331 0.799999
      vertex 6.08133 -13.5331 0.799999
    endloop
  endfacet
  facet normal 0 0 -1
    outer loop
      vertex 5.17081 -14.2804 0.799999
      vertex 5.17081 14.2804 0.799999
      vertex 6.08133 13.5331 0.799999
    endloop
  endfacet
  facet normal 0 0 -1
    outer loop
      vertex 4.21337 -14.9665 0.799999
      vertex 5.17081 14.2804 0.799999
      vertex 5.17081 -14.2804 0.799999
    endloop
  endfacet
  facet normal 0 0 -1
    outer loop
      vertex 4.21337 -14.9665 0.799999
      vertex 4.21337 14.9665 0.799999
      vertex 5.17081 14.2804 0.799999
    endloop
  endfacet
  facet normal 0 0 -1
    outer loop
      vertex 3.2131 -15.5885 0.799999
      vertex 4.21337 14.9665 0.799999
      vertex 4.21337 -14.9665 0.799999
    endloop
  endfacet
  facet normal 0 0 -1
    outer loop
      vertex 3.2131 -15.5885 0.799999
      vertex 3.2131 15.5885 0.799999
      vertex 4.21337 14.9665 0.799999
    endloop
  endfacet
  facet normal 0 0 -1
    outer loop
      vertex 2.1743 -16.1437 0.799999
      vertex 3.2131 15.5885 0.799999
      vertex 3.2131 -15.5885 0.799999
    endloop
  endfacet
  facet normal 0 0 -1
    outer loop
      vertex 2.1743 -16.1437 0.799999
      vertex 2.1743 16.1437 0.799999
      vertex 3.2131 15.5885 0.799999
    endloop
  endfacet
  facet normal 0 0 -1
    outer loop
      vertex 1.1014 -16.6298 0.799999
      vertex 2.1743 16.1437 0.799999
      vertex 2.1743 -16.1437 0.799999
    endloop
  endfacet
  facet normal 0 0 -1
    outer loop
      vertex 1.1014 -16.6298 0.799999
      vertex 1.1014 16.6298 0.799999
      vertex 2.1743 16.1437 0.799999
    endloop
  endfacet
  facet normal 0 0 -1
    outer loop
      vertex -0.000987053 -17.0447 0.799999
      vertex 1.1014 16.6298 0.799999
      vertex 1.1014 -16.6298 0.799999
    endloop
  endfacet
  facet normal 0 0 -1
    outer loop
      vertex -0.000987053 -17.0447 0.799999
      vertex -0.000987053 17.0447 0.799999
      vertex 1.1014 16.6298 0.799999
    endloop
  endfacet
  facet normal 0 0 -1
    outer loop
      vertex -1.12815 -17.3867 0.799999
      vertex -0.000987053 17.0447 0.799999
      vertex -0.000987053 -17.0447 0.799999
    endloop
  endfacet
  facet normal 0 0 -1
    outer loop
      vertex -1.12815 -17.3867 0.799999
      vertex -1.12815 17.3867 0.799999
      vertex -0.000987053 17.0447 0.799999
    endloop
  endfacet
  facet normal 0 0 -1
    outer loop
      vertex -2.27527 -17.6541 0.799999
      vertex -1.12815 17.3867 0.799999
      vertex -1.12815 -17.3867 0.799999
    endloop
  endfacet
  facet normal 0 0 -1
    outer loop
      vertex -2.27527 -17.6541 0.799999
      vertex -2.27527 17.6541 0.799999
      vertex -1.12815 17.3867 0.799999
    endloop
  endfacet
  facet normal 0 0 -1
    outer loop
      vertex -3.43743 -17.846 0.799999
      vertex -2.27527 17.6541 0.799999
      vertex -2.27527 -17.6541 0.799999
    endloop
  endfacet
  facet normal 0 0 -1
    outer loop
      vertex -3.43743 -17.846 0.799999
      vertex -3.43743 17.846 0.799999
      vertex -2.27527 17.6541 0.799999
    endloop
  endfacet
  facet normal 0 0 -1
    outer loop
      vertex -4.60964 -17.9615 0.799999
      vertex -3.43743 17.846 0.799999
      vertex -3.43743 -17.846 0.799999
    endloop
  endfacet
  facet normal 0 0 -1
    outer loop
      vertex -4.60964 -17.9615 0.799999
      vertex -4.60964 17.9615 0.799999
      vertex -3.43743 17.846 0.799999
    endloop
  endfacet
  facet normal 0 0 -1
    outer loop
      vertex -5.7869 -18 0.799999
      vertex -4.60964 17.9615 0.799999
      vertex -4.60964 -17.9615 0.799999
    endloop
  endfacet
  facet normal 0 0 -1
    outer loop
      vertex -5.7869 -18 0.799999
      vertex -5.7869 18 0.799999
      vertex -4.60964 17.9615 0.799999
    endloop
  endfacet
  facet normal 0 0 -1
    outer loop
      vertex -6.96415 -17.9615 0.799999
      vertex -5.7869 18 0.799999
      vertex -5.7869 -18 0.799999
    endloop
  endfacet
  facet normal 0 0 -1
    outer loop
      vertex -6.96415 -17.9615 0.799999
      vertex -6.96415 17.9615 0.799999
      vertex -5.7869 18 0.799999
    endloop
  endfacet
  facet normal 0 0 -1
    outer loop
      vertex -8.13637 -17.846 0.799999
      vertex -6.96415 17.9615 0.799999
      vertex -6.96415 -17.9615 0.799999
    endloop
  endfacet
  facet normal 0 0 -1
    outer loop
      vertex -8.13637 -17.846 0.799999
      vertex -8.13637 17.846 0.799999
      vertex -6.96415 17.9615 0.799999
    endloop
  endfacet
  facet normal 0 0 -1
    outer loop
      vertex -9.29852 -17.6541 0.799999
      vertex -8.13637 17.846 0.799999
      vertex -8.13637 -17.846 0.799999
    endloop
  endfacet
  facet normal 0 0 -1
    outer loop
      vertex -9.29852 -17.6541 0.799999
      vertex -9.29852 17.6541 0.799999
      vertex -8.13637 17.846 0.799999
    endloop
  endfacet
  facet normal 0 0 -1
    outer loop
      vertex -10.4456 -17.3867 0.799999
      vertex -9.29852 17.6541 0.799999
      vertex -9.29852 -17.6541 0.799999
    endloop
  endfacet
  facet normal 0 0 -1
    outer loop
      vertex -10.4456 -17.3867 0.799999
      vertex -10.4456 17.3867 0.799999
      vertex -9.29852 17.6541 0.799999
    endloop
  endfacet
  facet normal 0 0 -1
    outer loop
      vertex -11.5728 -17.0447 0.799999
      vertex -10.4456 17.3867 0.799999
      vertex -10.4456 -17.3867 0.799999
    endloop
  endfacet
  facet normal 0 0 -1
    outer loop
      vertex -11.5728 -17.0447 0.799999
      vertex -11.5728 17.0447 0.799999
      vertex -10.4456 17.3867 0.799999
    endloop
  endfacet
  facet normal 0 0 -1
    outer loop
      vertex -12.6752 -16.6298 0.799999
      vertex -11.5728 17.0447 0.799999
      vertex -11.5728 -17.0447 0.799999
    endloop
  endfacet
  facet normal 0 0 -1
    outer loop
      vertex -12.6752 -16.6298 0.799999
      vertex -12.6752 16.6298 0.799999
      vertex -11.5728 17.0447 0.799999
    endloop
  endfacet
  facet normal 0 0 -1
    outer loop
      vertex -13.7481 -16.1437 0.799999
      vertex -12.6752 16.6298 0.799999
      vertex -12.6752 -16.6298 0.799999
    endloop
  endfacet
  facet normal 0 0 -1
    outer loop
      vertex -13.7481 -16.1437 0.799999
      vertex -13.7481 16.1437 0.799999
      vertex -12.6752 16.6298 0.799999
    endloop
  endfacet
  facet normal 0 0 -1
    outer loop
      vertex -14.7869 -15.5885 0.799999
      vertex -13.7481 16.1437 0.799999
      vertex -13.7481 -16.1437 0.799999
    endloop
  endfacet
  facet normal 0 0 -1
    outer loop
      vertex -14.7869 -15.5885 0.799999
      vertex -14.7869 15.5885 0.799999
      vertex -13.7481 16.1437 0.799999
    endloop
  endfacet
  facet normal 0 0 -1
    outer loop
      vertex -15.7872 -14.9665 0.799999
      vertex -14.7869 15.5885 0.799999
      vertex -14.7869 -15.5885 0.799999
    endloop
  endfacet
  facet normal 0 0 -1
    outer loop
      vertex -15.7872 -14.9665 0.799999
      vertex -15.7872 14.9665 0.799999
      vertex -14.7869 15.5885 0.799999
    endloop
  endfacet
  facet normal 0 0 -1
    outer loop
      vertex -16.7446 -14.2804 0.799999
      vertex -15.7872 14.9665 0.799999
      vertex -15.7872 -14.9665 0.799999
    endloop
  endfacet
  facet normal 0 0 -1
    outer loop
      vertex -16.7446 -14.2804 0.799999
      vertex -16.7446 14.2804 0.799999
      vertex -15.7872 14.9665 0.799999
    endloop
  endfacet
  facet normal 0 0 -1
    outer loop
      vertex -17.6551 -13.5331 0.799999
      vertex -16.7446 14.2804 0.799999
      vertex -16.7446 -14.2804 0.799999
    endloop
  endfacet
  facet normal 0 0 -1
    outer loop
      vertex -17.6551 -13.5331 0.799999
      vertex -17.6551 13.5331 0.799999
      vertex -16.7446 14.2804 0.799999
    endloop
  endfacet
  facet normal 0 0 -1
    outer loop
      vertex -18.5148 -12.7279 0.799999
      vertex -17.6551 13.5331 0.799999
      vertex -17.6551 -13.5331 0.799999
    endloop
  endfacet
  facet normal 0 0 -1
    outer loop
      vertex -18.5148 -12.7279 0.799999
      vertex -18.5148 12.7279 0.799999
      vertex -17.6551 13.5331 0.799999
    endloop
  endfacet
  facet normal 0 0 -1
    outer loop
      vertex -19.32 -11.8682 0.799999
      vertex -18.5148 12.7279 0.799999
      vertex -18.5148 -12.7279 0.799999
    endloop
  endfacet
  facet normal 0 0 -1
    outer loop
      vertex -19.32 -11.8682 0.799999
      vertex -19.32 11.8682 0.799999
      vertex -18.5148 12.7279 0.799999
    endloop
  endfacet
  facet normal 0 0 -1
    outer loop
      vertex -20.0673 -10.9577 0.799999
      vertex -19.32 11.8682 0.799999
      vertex -19.32 -11.8682 0.799999
    endloop
  endfacet
  facet normal 0 0 -1
    outer loop
      vertex -20.0673 -10.9577 0.799999
      vertex -20.0673 10.9577 0.799999
      vertex -19.32 11.8682 0.799999
    endloop
  endfacet
  facet normal 0 0 -1
    outer loop
      vertex -20.7533 -10.0003 0.799999
      vertex -20.0673 10.9577 0.799999
      vertex -20.0673 -10.9577 0.799999
    endloop
  endfacet
  facet normal 0 0 -1
    outer loop
      vertex -20.7533 -10.0003 0.799999
      vertex -20.7533 10.0003 0.799999
      vertex -20.0673 10.9577 0.799999
    endloop
  endfacet
  facet normal 0 0 -1
    outer loop
      vertex -21.3754 -9 0.799999
      vertex -20.7533 10.0003 0.799999
      vertex -20.7533 -10.0003 0.799999
    endloop
  endfacet
  facet normal 0 0 -1
    outer loop
      vertex -21.3754 -9 0.799999
      vertex -21.3754 9 0.799999
      vertex -20.7533 10.0003 0.799999
    endloop
  endfacet
  facet normal 0 0 -1
    outer loop
      vertex -21.9306 -7.9612 0.799999
      vertex -21.3754 9 0.799999
      vertex -21.3754 -9 0.799999
    endloop
  endfacet
  facet normal 0 0 -1
    outer loop
      vertex -21.9306 -7.9612 0.799999
      vertex -21.9306 7.9612 0.799999
      vertex -21.3754 9 0.799999
    endloop
  endfacet
  facet normal 0 0 -1
    outer loop
      vertex -22.4167 -6.8883 0.799999
      vertex -21.9306 7.9612 0.799999
      vertex -21.9306 -7.9612 0.799999
    endloop
  endfacet
  facet normal 0 0 -1
    outer loop
      vertex -22.4167 -6.8883 0.799999
      vertex -22.4167 6.8883 0.799999
      vertex -21.9306 7.9612 0.799999
    endloop
  endfacet
  facet normal 0 0 -1
    outer loop
      vertex -22.8316 -5.78591 0.799999
      vertex -22.4167 6.8883 0.799999
      vertex -22.4167 -6.8883 0.799999
    endloop
  endfacet
  facet normal 0 0 -1
    outer loop
      vertex -22.8316 -5.78591 0.799999
      vertex -22.8316 5.78591 0.799999
      vertex -22.4167 6.8883 0.799999
    endloop
  endfacet
  facet normal 0 0 -1
    outer loop
      vertex -23.1736 -4.65874 0.799999
      vertex -22.8316 5.78591 0.799999
      vertex -22.8316 -5.78591 0.799999
    endloop
  endfacet
  facet normal 0 0 -1
    outer loop
      vertex -23.1736 -4.65874 0.799999
      vertex -23.1736 4.65874 0.799999
      vertex -22.8316 5.78591 0.799999
    endloop
  endfacet
  facet normal 0 0 -1
    outer loop
      vertex -23.441 -3.51163 0.799999
      vertex -23.1736 4.65874 0.799999
      vertex -23.1736 -4.65874 0.799999
    endloop
  endfacet
  facet normal 0 0 -1
    outer loop
      vertex -23.441 -3.51163 0.799999
      vertex -23.441 3.51163 0.799999
      vertex -23.1736 4.65874 0.799999
    endloop
  endfacet
  facet normal 0 0 -1
    outer loop
      vertex -23.6329 -2.34947 0.799999
      vertex -23.441 3.51163 0.799999
      vertex -23.441 -3.51163 0.799999
    endloop
  endfacet
  facet normal 0 0 -1
    outer loop
      vertex -23.6329 -2.34947 0.799999
      vertex -23.6329 2.34947 0.799999
      vertex -23.441 3.51163 0.799999
    endloop
  endfacet
  facet normal 0 0 -1
    outer loop
      vertex -23.7484 -1.17726 0.799999
      vertex -23.6329 2.34947 0.799999
      vertex -23.6329 -2.34947 0.799999
    endloop
  endfacet
  facet normal 0 0 -1
    outer loop
      vertex -23.7484 -1.17726 0.799999
      vertex -23.7484 1.17726 0.799999
      vertex -23.6329 2.34947 0.799999
    endloop
  endfacet
  facet normal 0 -0 -1
    outer loop
      vertex -23.7484 1.17726 0.799999
      vertex -23.7484 -1.17726 0.799999
      vertex -23.7869 0 0.799999
    endloop
  endfacet
  facet normal 0.812872 0.582442 0
    outer loop
      vertex -20.0673 -10.9577 0.799999
      vertex -20.7533 -10.0003 0
      vertex -20.7533 -10.0003 0.799999
    endloop
  endfacet
  facet normal 0.812872 0.582442 0
    outer loop
      vertex -20.7533 -10.0003 0
      vertex -20.0673 -10.9577 0.799999
      vertex -20.0673 -10.9577 0
    endloop
  endfacet
  facet normal 0.995181 0.098057 0
    outer loop
      vertex -23.6329 -2.34947 0.799999
      vertex -23.7484 -1.17726 0
      vertex -23.7484 -1.17726 0.799999
    endloop
  endfacet
  facet normal 0.995181 0.098057 0
    outer loop
      vertex -23.7484 -1.17726 0
      vertex -23.6329 -2.34947 0.799999
      vertex -23.6329 -2.34947 0
    endloop
  endfacet
  facet normal 0.97389 -0.227021 0
    outer loop
      vertex -23.441 3.51163 0.799999
      vertex -23.1736 4.65874 0
      vertex -23.1736 4.65874 0.799999
    endloop
  endfacet
  facet normal 0.97389 -0.227021 0
    outer loop
      vertex -23.1736 4.65874 0
      vertex -23.441 3.51163 0.799999
      vertex -23.441 3.51163 0
    endloop
  endfacet
  facet normal -0.881925 0.47139 0
    outer loop
      vertex 9.80156 -9 0
      vertex 10.3568 -7.9612 0.799999
      vertex 10.3568 -7.9612 0
    endloop
  endfacet
  facet normal -0.881925 0.47139 0
    outer loop
      vertex 10.3568 -7.9612 0.799999
      vertex 9.80156 -9 0
      vertex 9.80156 -9 0.799999
    endloop
  endfacet
  facet normal 0.812872 -0.582442 0
    outer loop
      vertex -20.7533 10.0003 0.799999
      vertex -20.0673 10.9577 0
      vertex -20.0673 10.9577 0.799999
    endloop
  endfacet
  facet normal 0.812872 -0.582442 0
    outer loop
      vertex -20.0673 10.9577 0
      vertex -20.7533 10.0003 0.799999
      vertex -20.7533 10.0003 0
    endloop
  endfacet
  facet normal -0.098057 -0.995181 0
    outer loop
      vertex -4.60964 17.9615 0
      vertex -3.43743 17.846 0.799999
      vertex -4.60964 17.9615 0.799999
    endloop
  endfacet
  facet normal -0.098057 -0.995181 -0
    outer loop
      vertex -3.43743 17.846 0.799999
      vertex -4.60964 17.9615 0
      vertex -3.43743 17.846 0
    endloop
  endfacet
  facet normal 0.77298 0.63443 0
    outer loop
      vertex -19.32 -11.8682 0.799999
      vertex -20.0673 -10.9577 0
      vertex -20.0673 -10.9577 0.799999
    endloop
  endfacet
  facet normal 0.77298 0.63443 0
    outer loop
      vertex -20.0673 -10.9577 0
      vertex -19.32 -11.8682 0.799999
      vertex -19.32 -11.8682 0
    endloop
  endfacet
  facet normal -0.162917 -0.98664 0
    outer loop
      vertex -3.43743 17.846 0
      vertex -2.27527 17.6541 0.799999
      vertex -3.43743 17.846 0.799999
    endloop
  endfacet
  facet normal -0.162917 -0.98664 -0
    outer loop
      vertex -2.27527 17.6541 0.799999
      vertex -3.43743 17.846 0
      vertex -2.27527 17.6541 0
    endloop
  endfacet
  facet normal -0.528063 0.849205 0
    outer loop
      vertex 4.21337 -14.9665 0
      vertex 3.2131 -15.5885 0.799999
      vertex 4.21337 -14.9665 0.799999
    endloop
  endfacet
  facet normal -0.528063 0.849205 0
    outer loop
      vertex 3.2131 -15.5885 0.799999
      vertex 4.21337 -14.9665 0
      vertex 3.2131 -15.5885 0
    endloop
  endfacet
  facet normal 0.999466 0.0326856 0
    outer loop
      vertex -23.7484 -1.17726 0.799999
      vertex -23.7869 0 0
      vertex -23.7869 0 0.799999
    endloop
  endfacet
  facet normal 0.999466 0.0326856 0
    outer loop
      vertex -23.7869 0 0
      vertex -23.7484 -1.17726 0.799999
      vertex -23.7484 -1.17726 0
    endloop
  endfacet
  facet normal 0.162919 -0.986639 0
    outer loop
      vertex -9.29852 17.6541 0
      vertex -8.13637 17.846 0.799999
      vertex -9.29852 17.6541 0.799999
    endloop
  endfacet
  facet normal 0.162919 -0.986639 0
    outer loop
      vertex -8.13637 17.846 0.799999
      vertex -9.29852 17.6541 0
      vertex -8.13637 17.846 0
    endloop
  endfacet
  facet normal 0.729863 -0.683594 0
    outer loop
      vertex -19.32 11.8682 0.799999
      vertex -18.5148 12.7279 0
      vertex -18.5148 12.7279 0.799999
    endloop
  endfacet
  facet normal 0.729863 -0.683594 0
    outer loop
      vertex -18.5148 12.7279 0
      vertex -19.32 11.8682 0.799999
      vertex -19.32 11.8682 0
    endloop
  endfacet
  facet normal -0.910872 -0.41269 0
    outer loop
      vertex 10.8429 6.8883 0
      vertex 10.3568 7.9612 0.799999
      vertex 10.3568 7.9612 0
    endloop
  endfacet
  facet normal -0.910872 -0.41269 0
    outer loop
      vertex 10.3568 7.9612 0.799999
      vertex 10.8429 6.8883 0
      vertex 10.8429 6.8883 0.799999
    endloop
  endfacet
  facet normal 0.97389 0.227021 0
    outer loop
      vertex -23.1736 -4.65874 0.799999
      vertex -23.441 -3.51163 0
      vertex -23.441 -3.51163 0.799999
    endloop
  endfacet
  facet normal 0.97389 0.227021 0
    outer loop
      vertex -23.441 -3.51163 0
      vertex -23.1736 -4.65874 0.799999
      vertex -23.1736 -4.65874 0
    endloop
  endfacet
  facet normal -0.634421 -0.772987 0
    outer loop
      vertex 5.17081 14.2804 0
      vertex 6.08133 13.5331 0.799999
      vertex 5.17081 14.2804 0.799999
    endloop
  endfacet
  facet normal -0.634421 -0.772987 -0
    outer loop
      vertex 6.08133 13.5331 0.799999
      vertex 5.17081 14.2804 0
      vertex 6.08133 13.5331 0
    endloop
  endfacet
  facet normal -0.352243 -0.935908 0
    outer loop
      vertex -0.000987053 17.0447 0
      vertex 1.1014 16.6298 0.799999
      vertex -0.000987053 17.0447 0.799999
    endloop
  endfacet
  facet normal -0.352243 -0.935908 -0
    outer loop
      vertex 1.1014 16.6298 0.799999
      vertex -0.000987053 17.0447 0
      vertex 1.1014 16.6298 0
    endloop
  endfacet
  facet normal -0.729863 0.683594 0
    outer loop
      vertex 6.94102 -12.7279 0
      vertex 7.74622 -11.8682 0.799999
      vertex 7.74622 -11.8682 0
    endloop
  endfacet
  facet normal -0.729863 0.683594 0
    outer loop
      vertex 7.74622 -11.8682 0.799999
      vertex 6.94102 -12.7279 0
      vertex 6.94102 -12.7279 0.799999
    endloop
  endfacet
  facet normal -0.773005 0.634399 0
    outer loop
      vertex 7.74622 -11.8682 0
      vertex 8.49346 -10.9577 0.799999
      vertex 8.49346 -10.9577 0
    endloop
  endfacet
  facet normal -0.773005 0.634399 0
    outer loop
      vertex 8.49346 -10.9577 0.799999
      vertex 7.74622 -11.8682 0
      vertex 7.74622 -11.8682 0.799999
    endloop
  endfacet
  facet normal -0.227019 0.97389 0
    outer loop
      vertex -1.12815 -17.3867 0
      vertex -2.27527 -17.6541 0.799999
      vertex -1.12815 -17.3867 0.799999
    endloop
  endfacet
  facet normal -0.227019 0.97389 0
    outer loop
      vertex -2.27527 -17.6541 0.799999
      vertex -1.12815 -17.3867 0
      vertex -2.27527 -17.6541 0
    endloop
  endfacet
  facet normal 0.683594 0.729863 -0
    outer loop
      vertex -17.6551 -13.5331 0
      vertex -18.5148 -12.7279 0.799999
      vertex -17.6551 -13.5331 0.799999
    endloop
  endfacet
  facet normal 0.683594 0.729863 0
    outer loop
      vertex -18.5148 -12.7279 0.799999
      vertex -17.6551 -13.5331 0
      vertex -18.5148 -12.7279 0
    endloop
  endfacet
  facet normal 0.935909 0.352242 0
    outer loop
      vertex -22.4167 -6.8883 0.799999
      vertex -22.8316 -5.78591 0
      vertex -22.8316 -5.78591 0.799999
    endloop
  endfacet
  facet normal 0.935909 0.352242 0
    outer loop
      vertex -22.8316 -5.78591 0
      vertex -22.4167 -6.8883 0.799999
      vertex -22.4167 -6.8883 0
    endloop
  endfacet
  facet normal 0.582498 0.812832 -0
    outer loop
      vertex -15.7872 -14.9665 0
      vertex -16.7446 -14.2804 0.799999
      vertex -15.7872 -14.9665 0.799999
    endloop
  endfacet
  facet normal 0.582498 0.812832 0
    outer loop
      vertex -16.7446 -14.2804 0.799999
      vertex -15.7872 -14.9665 0
      vertex -16.7446 -14.2804 0
    endloop
  endfacet
  facet normal 0.999466 -0.0326856 0
    outer loop
      vertex -23.7869 0 0.799999
      vertex -23.7484 1.17726 0
      vertex -23.7484 1.17726 0.799999
    endloop
  endfacet
  facet normal 0.999466 -0.0326856 0
    outer loop
      vertex -23.7484 1.17726 0
      vertex -23.7869 0 0.799999
      vertex -23.7869 0 0
    endloop
  endfacet
  facet normal -0.227019 -0.97389 0
    outer loop
      vertex -2.27527 17.6541 0
      vertex -1.12815 17.3867 0.799999
      vertex -2.27527 17.6541 0.799999
    endloop
  endfacet
  facet normal -0.227019 -0.97389 -0
    outer loop
      vertex -1.12815 17.3867 0.799999
      vertex -2.27527 17.6541 0
      vertex -1.12815 17.3867 0
    endloop
  endfacet
  facet normal -0.290346 0.956922 0
    outer loop
      vertex -0.000987053 -17.0447 0
      vertex -1.12815 -17.3867 0.799999
      vertex -0.000987053 -17.0447 0.799999
    endloop
  endfacet
  facet normal -0.290346 0.956922 0
    outer loop
      vertex -1.12815 -17.3867 0.799999
      vertex -0.000987053 -17.0447 0
      vertex -1.12815 -17.3867 0
    endloop
  endfacet
  facet normal 0.956922 -0.290344 0
    outer loop
      vertex -23.1736 4.65874 0.799999
      vertex -22.8316 5.78591 0
      vertex -22.8316 5.78591 0.799999
    endloop
  endfacet
  facet normal 0.956922 -0.290344 0
    outer loop
      vertex -22.8316 5.78591 0
      vertex -23.1736 4.65874 0.799999
      vertex -23.1736 4.65874 0
    endloop
  endfacet
  facet normal 0.881939 0.471364 0
    outer loop
      vertex -21.3754 -9 0.799999
      vertex -21.9306 -7.9612 0
      vertex -21.9306 -7.9612 0.799999
    endloop
  endfacet
  facet normal 0.881939 0.471364 0
    outer loop
      vertex -21.9306 -7.9612 0
      vertex -21.3754 -9 0.799999
      vertex -21.3754 -9 0
    endloop
  endfacet
  facet normal 0.98664 0.162917 0
    outer loop
      vertex -23.441 -3.51163 0.799999
      vertex -23.6329 -2.34947 0
      vertex -23.6329 -2.34947 0.799999
    endloop
  endfacet
  facet normal 0.98664 0.162917 0
    outer loop
      vertex -23.6329 -2.34947 0
      vertex -23.441 -3.51163 0.799999
      vertex -23.441 -3.51163 0
    endloop
  endfacet
  facet normal 0.881939 -0.471364 0
    outer loop
      vertex -21.9306 7.9612 0.799999
      vertex -21.3754 9 0
      vertex -21.3754 9 0.799999
    endloop
  endfacet
  facet normal 0.881939 -0.471364 0
    outer loop
      vertex -21.3754 9 0
      vertex -21.9306 7.9612 0.799999
      vertex -21.9306 7.9612 0
    endloop
  endfacet
  facet normal -0.773005 -0.634399 0
    outer loop
      vertex 8.49346 10.9577 0
      vertex 7.74622 11.8682 0.799999
      vertex 7.74622 11.8682 0
    endloop
  endfacet
  facet normal -0.773005 -0.634399 0
    outer loop
      vertex 7.74622 11.8682 0.799999
      vertex 8.49346 10.9577 0
      vertex 8.49346 10.9577 0.799999
    endloop
  endfacet
  facet normal 0.162919 0.986639 -0
    outer loop
      vertex -8.13637 -17.846 0
      vertex -9.29852 -17.6541 0.799999
      vertex -8.13637 -17.846 0.799999
    endloop
  endfacet
  facet normal 0.162919 0.986639 0
    outer loop
      vertex -9.29852 -17.6541 0.799999
      vertex -8.13637 -17.846 0
      vertex -9.29852 -17.6541 0
    endloop
  endfacet
  facet normal -0.812836 0.582493 0
    outer loop
      vertex 8.49346 -10.9577 0
      vertex 9.17955 -10.0003 0.799999
      vertex 9.17955 -10.0003 0
    endloop
  endfacet
  facet normal -0.812836 0.582493 0
    outer loop
      vertex 9.17955 -10.0003 0.799999
      vertex 8.49346 -10.9577 0
      vertex 8.49346 -10.9577 0.799999
    endloop
  endfacet
  facet normal 0.41269 0.910872 -0
    outer loop
      vertex -12.6752 -16.6298 0
      vertex -13.7481 -16.1437 0.799999
      vertex -12.6752 -16.6298 0.799999
    endloop
  endfacet
  facet normal 0.41269 0.910872 0
    outer loop
      vertex -13.7481 -16.1437 0.799999
      vertex -12.6752 -16.6298 0
      vertex -13.7481 -16.1437 0
    endloop
  endfacet
  facet normal -0.290346 -0.956922 0
    outer loop
      vertex -1.12815 17.3867 0
      vertex -0.000987053 17.0447 0.799999
      vertex -1.12815 17.3867 0.799999
    endloop
  endfacet
  facet normal -0.290346 -0.956922 -0
    outer loop
      vertex -0.000987053 17.0447 0.799999
      vertex -1.12815 17.3867 0
      vertex -0.000987053 17.0447 0
    endloop
  endfacet
  facet normal -0.683598 0.729859 0
    outer loop
      vertex 6.94102 -12.7279 0
      vertex 6.08133 -13.5331 0.799999
      vertex 6.94102 -12.7279 0.799999
    endloop
  endfacet
  facet normal -0.683598 0.729859 0
    outer loop
      vertex 6.08133 -13.5331 0.799999
      vertex 6.94102 -12.7279 0
      vertex 6.08133 -13.5331 0
    endloop
  endfacet
  facet normal -0.471364 0.881939 0
    outer loop
      vertex 3.2131 -15.5885 0
      vertex 2.1743 -16.1437 0.799999
      vertex 3.2131 -15.5885 0.799999
    endloop
  endfacet
  facet normal -0.471364 0.881939 0
    outer loop
      vertex 2.1743 -16.1437 0.799999
      vertex 3.2131 -15.5885 0
      vertex 2.1743 -16.1437 0
    endloop
  endfacet
  facet normal -0.634421 0.772987 0
    outer loop
      vertex 6.08133 -13.5331 0
      vertex 5.17081 -14.2804 0.799999
      vertex 6.08133 -13.5331 0.799999
    endloop
  endfacet
  facet normal -0.634421 0.772987 0
    outer loop
      vertex 5.17081 -14.2804 0.799999
      vertex 6.08133 -13.5331 0
      vertex 5.17081 -14.2804 0
    endloop
  endfacet
  facet normal 0.0980562 0.995181 -0
    outer loop
      vertex -6.96415 -17.9615 0
      vertex -8.13637 -17.846 0.799999
      vertex -6.96415 -17.9615 0.799999
    endloop
  endfacet
  facet normal 0.0980562 0.995181 0
    outer loop
      vertex -8.13637 -17.846 0.799999
      vertex -6.96415 -17.9615 0
      vertex -8.13637 -17.846 0
    endloop
  endfacet
  facet normal 0.0326859 0.999466 -0
    outer loop
      vertex -5.7869 -18 0
      vertex -6.96415 -17.9615 0.799999
      vertex -5.7869 -18 0.799999
    endloop
  endfacet
  facet normal 0.0326859 0.999466 0
    outer loop
      vertex -6.96415 -17.9615 0.799999
      vertex -5.7869 -18 0
      vertex -6.96415 -17.9615 0
    endloop
  endfacet
  facet normal 0.63443 -0.77298 0
    outer loop
      vertex -17.6551 13.5331 0
      vertex -16.7446 14.2804 0.799999
      vertex -17.6551 13.5331 0.799999
    endloop
  endfacet
  facet normal 0.63443 -0.77298 0
    outer loop
      vertex -16.7446 14.2804 0.799999
      vertex -17.6551 13.5331 0
      vertex -16.7446 14.2804 0
    endloop
  endfacet
  facet normal 0.582498 -0.812832 0
    outer loop
      vertex -16.7446 14.2804 0
      vertex -15.7872 14.9665 0.799999
      vertex -16.7446 14.2804 0.799999
    endloop
  endfacet
  facet normal 0.582498 -0.812832 0
    outer loop
      vertex -15.7872 14.9665 0.799999
      vertex -16.7446 14.2804 0
      vertex -15.7872 14.9665 0
    endloop
  endfacet
  facet normal 0.63443 0.77298 -0
    outer loop
      vertex -16.7446 -14.2804 0
      vertex -17.6551 -13.5331 0.799999
      vertex -16.7446 -14.2804 0.799999
    endloop
  endfacet
  facet normal 0.63443 0.77298 0
    outer loop
      vertex -17.6551 -13.5331 0.799999
      vertex -16.7446 -14.2804 0
      vertex -17.6551 -13.5331 0
    endloop
  endfacet
  facet normal 0.471364 0.881939 -0
    outer loop
      vertex -13.7481 -16.1437 0
      vertex -14.7869 -15.5885 0.799999
      vertex -13.7481 -16.1437 0.799999
    endloop
  endfacet
  facet normal 0.471364 0.881939 0
    outer loop
      vertex -14.7869 -15.5885 0.799999
      vertex -13.7481 -16.1437 0
      vertex -14.7869 -15.5885 0
    endloop
  endfacet
  facet normal 0.290337 0.956924 -0
    outer loop
      vertex -10.4456 -17.3867 0
      vertex -11.5728 -17.0447 0.799999
      vertex -10.4456 -17.3867 0.799999
    endloop
  endfacet
  facet normal 0.290337 0.956924 0
    outer loop
      vertex -11.5728 -17.0447 0.799999
      vertex -10.4456 -17.3867 0
      vertex -11.5728 -17.0447 0
    endloop
  endfacet
  facet normal -0.910872 0.41269 0
    outer loop
      vertex 10.3568 -7.9612 0
      vertex 10.8429 -6.8883 0.799999
      vertex 10.8429 -6.8883 0
    endloop
  endfacet
  facet normal -0.910872 0.41269 0
    outer loop
      vertex 10.8429 -6.8883 0.799999
      vertex 10.3568 -7.9612 0
      vertex 10.3568 -7.9612 0.799999
    endloop
  endfacet
  facet normal 0.849174 -0.528113 0
    outer loop
      vertex -21.3754 9 0.799999
      vertex -20.7533 10.0003 0
      vertex -20.7533 10.0003 0.799999
    endloop
  endfacet
  facet normal 0.849174 -0.528113 0
    outer loop
      vertex -20.7533 10.0003 0
      vertex -21.3754 9 0.799999
      vertex -21.3754 9 0
    endloop
  endfacet
  facet normal -0.881955 0.471334 0
    outer loop
      vertex -60.1273 -5.7 0
      vertex -59.7757 -5.04209 0.799999
      vertex -59.7757 -5.04209 0
    endloop
  endfacet
  facet normal -0.881955 0.471334 0
    outer loop
      vertex -59.7757 -5.04209 0.799999
      vertex -60.1273 -5.7 0
      vertex -60.1273 -5.7 0.799999
    endloop
  endfacet
  facet normal -0.995187 -0.0979899 0
    outer loop
      vertex -58.6244 0.745595 0
      vertex -58.6975 1.488 0.799999
      vertex -58.6975 1.488 0
    endloop
  endfacet
  facet normal -0.995187 -0.0979899 0
    outer loop
      vertex -58.6975 1.488 0.799999
      vertex -58.6244 0.745595 0
      vertex -58.6244 0.745595 0.799999
    endloop
  endfacet
  facet normal -0.999465 -0.032708 0
    outer loop
      vertex -58.6 0 0
      vertex -58.6244 0.745595 0.799999
      vertex -58.6244 0.745595 0
    endloop
  endfacet
  facet normal -0.999465 -0.032708 0
    outer loop
      vertex -58.6244 0.745595 0.799999
      vertex -58.6 0 0
      vertex -58.6 0 0.799999
    endloop
  endfacet
  facet normal -0.986647 -0.162871 0
    outer loop
      vertex -58.6975 1.488 0
      vertex -58.819 2.22403 0.799999
      vertex -58.819 2.22403 0
    endloop
  endfacet
  facet normal -0.986647 -0.162871 0
    outer loop
      vertex -58.819 2.22403 0.799999
      vertex -58.6975 1.488 0
      vertex -58.6975 1.488 0.799999
    endloop
  endfacet
  facet normal 0.290335 0.956925 -0
    outer loop
      vertex -72.9505 -11.0116 0
      vertex -73.6644 -10.795 0.799999
      vertex -72.9505 -11.0116 0.799999
    endloop
  endfacet
  facet normal 0.290335 0.956925 0
    outer loop
      vertex -73.6644 -10.795 0.799999
      vertex -72.9505 -11.0116 0
      vertex -73.6644 -10.795 0
    endloop
  endfacet
  facet normal -0.412732 0.910852 0
    outer loop
      vertex -64.9579 -10.2243 0
      vertex -65.6374 -10.5322 0.799999
      vertex -64.9579 -10.2243 0.799999
    endloop
  endfacet
  facet normal -0.412732 0.910852 0
    outer loop
      vertex -65.6374 -10.5322 0.799999
      vertex -64.9579 -10.2243 0
      vertex -65.6374 -10.5322 0
    endloop
  endfacet
  facet normal -0.412732 -0.910852 0
    outer loop
      vertex -65.6374 10.5322 0
      vertex -64.9579 10.2243 0.799999
      vertex -65.6374 10.5322 0.799999
    endloop
  endfacet
  facet normal -0.412732 -0.910852 -0
    outer loop
      vertex -64.9579 10.2243 0.799999
      vertex -65.6374 10.5322 0
      vertex -64.9579 10.2243 0
    endloop
  endfacet
  facet normal -0.634439 -0.772973 0
    outer loop
      vertex -63.0601 9.04423 0
      vertex -62.4835 8.57097 0.799999
      vertex -63.0601 9.04423 0.799999
    endloop
  endfacet
  facet normal -0.634439 -0.772973 -0
    outer loop
      vertex -62.4835 8.57097 0.799999
      vertex -63.0601 9.04423 0
      vertex -62.4835 8.57097 0
    endloop
  endfacet
  facet normal -0.849224 0.528033 0
    outer loop
      vertex -60.5212 -6.3335 0
      vertex -60.1273 -5.7 0.799999
      vertex -60.1273 -5.7 0
    endloop
  endfacet
  facet normal -0.849224 0.528033 0
    outer loop
      vertex -60.1273 -5.7 0.799999
      vertex -60.5212 -6.3335 0
      vertex -60.5212 -6.3335 0.799999
    endloop
  endfacet
  facet normal -0.973876 0.227078 0
    outer loop
      vertex -58.9884 -2.95054 0
      vertex -58.819 -2.22403 0.799999
      vertex -58.819 -2.22403 0
    endloop
  endfacet
  facet normal -0.973876 0.227078 0
    outer loop
      vertex -58.819 -2.22403 0.799999
      vertex -58.9884 -2.95054 0
      vertex -58.9884 -2.95054 0.799999
    endloop
  endfacet
  facet normal -0.881955 -0.471334 0
    outer loop
      vertex -59.7757 5.04209 0
      vertex -60.1273 5.7 0.799999
      vertex -60.1273 5.7 0
    endloop
  endfacet
  facet normal -0.881955 -0.471334 0
    outer loop
      vertex -60.1273 5.7 0.799999
      vertex -59.7757 5.04209 0
      vertex -59.7757 5.04209 0.799999
    endloop
  endfacet
  facet normal -0.973876 -0.227078 0
    outer loop
      vertex -58.819 2.22403 0
      vertex -58.9884 2.95054 0.799999
      vertex -58.9884 2.95054 0
    endloop
  endfacet
  facet normal -0.973876 -0.227078 0
    outer loop
      vertex -58.9884 2.95054 0.799999
      vertex -58.819 2.22403 0
      vertex -58.819 2.22403 0.799999
    endloop
  endfacet
  facet normal 0.227081 0.973876 -0
    outer loop
      vertex -72.224 -11.181 0
      vertex -72.9505 -11.0116 0.799999
      vertex -72.224 -11.181 0.799999
    endloop
  endfacet
  facet normal 0.227081 0.973876 0
    outer loop
      vertex -72.9505 -11.0116 0.799999
      vertex -72.224 -11.181 0
      vertex -72.9505 -11.0116 0
    endloop
  endfacet
  facet normal 0.773045 0.634351 0
    outer loop
      vertex -78.571 -7.51654 0.799999
      vertex -79.0442 -6.93988 0
      vertex -79.0442 -6.93988 0.799999
    endloop
  endfacet
  facet normal 0.773045 0.634351 0
    outer loop
      vertex -79.0442 -6.93988 0
      vertex -78.571 -7.51654 0.799999
      vertex -78.571 -7.51654 0
    endloop
  endfacet
  facet normal -0.162877 -0.986646 0
    outer loop
      vertex -68.512 11.3025 0
      vertex -67.776 11.181 0.799999
      vertex -68.512 11.3025 0.799999
    endloop
  endfacet
  facet normal -0.162877 -0.986646 -0
    outer loop
      vertex -67.776 11.181 0.799999
      vertex -68.512 11.3025 0
      vertex -67.776 11.181 0
    endloop
  endfacet
  facet normal -0.227081 0.973876 0
    outer loop
      vertex -67.0495 -11.0116 0
      vertex -67.776 -11.181 0.799999
      vertex -67.0495 -11.0116 0.799999
    endloop
  endfacet
  facet normal -0.227081 0.973876 0
    outer loop
      vertex -67.776 -11.181 0.799999
      vertex -67.0495 -11.0116 0
      vertex -67.776 -11.181 0
    endloop
  endfacet
  facet normal 0.935895 0.352278 0
    outer loop
      vertex -80.5322 -4.36259 0.799999
      vertex -80.795 -3.66441 0
      vertex -80.795 -3.66441 0.799999
    endloop
  endfacet
  facet normal 0.935895 0.352278 0
    outer loop
      vertex -80.795 -3.66441 0
      vertex -80.5322 -4.36259 0.799999
      vertex -80.5322 -4.36259 0
    endloop
  endfacet
  facet normal 0.634439 -0.772973 0
    outer loop
      vertex -77.5165 8.57097 0
      vertex -76.9399 9.04423 0.799999
      vertex -77.5165 8.57097 0.799999
    endloop
  endfacet
  facet normal 0.634439 -0.772973 0
    outer loop
      vertex -76.9399 9.04423 0.799999
      vertex -77.5165 8.57097 0
      vertex -76.9399 9.04423 0
    endloop
  endfacet
  facet normal -0.729838 0.68362 0
    outer loop
      vertex -61.939 -8.06102 0
      vertex -61.429 -7.51654 0.799999
      vertex -61.429 -7.51654 0
    endloop
  endfacet
  facet normal -0.729838 0.68362 0
    outer loop
      vertex -61.429 -7.51654 0.799999
      vertex -61.939 -8.06102 0
      vertex -61.939 -8.06102 0.799999
    endloop
  endfacet
  facet normal 0.849224 0.528033 0
    outer loop
      vertex -79.4788 -6.3335 0.799999
      vertex -79.8727 -5.7 0
      vertex -79.8727 -5.7 0.799999
    endloop
  endfacet
  facet normal 0.849224 0.528033 0
    outer loop
      vertex -79.8727 -5.7 0
      vertex -79.4788 -6.3335 0.799999
      vertex -79.4788 -6.3335 0
    endloop
  endfacet
  facet normal -0.528072 0.8492 0
    outer loop
      vertex -63.6665 -9.47875 0
      vertex -64.3 -9.87269 0.799999
      vertex -63.6665 -9.47875 0.799999
    endloop
  endfacet
  facet normal -0.528072 0.8492 0
    outer loop
      vertex -64.3 -9.87269 0.799999
      vertex -63.6665 -9.47875 0
      vertex -64.3 -9.87269 0
    endloop
  endfacet
  facet normal -0.999465 0.032708 0
    outer loop
      vertex -58.6244 -0.745595 0
      vertex -58.6 0 0.799999
      vertex -58.6 0 0
    endloop
  endfacet
  facet normal -0.999465 0.032708 0
    outer loop
      vertex -58.6 0 0.799999
      vertex -58.6244 -0.745595 0
      vertex -58.6244 -0.745595 0.799999
    endloop
  endfacet
  facet normal -0.849224 -0.528033 0
    outer loop
      vertex -60.1273 5.7 0
      vertex -60.5212 6.3335 0.799999
      vertex -60.5212 6.3335 0
    endloop
  endfacet
  facet normal -0.849224 -0.528033 0
    outer loop
      vertex -60.5212 6.3335 0.799999
      vertex -60.1273 5.7 0
      vertex -60.1273 5.7 0.799999
    endloop
  endfacet
  facet normal -0.58246 -0.812859 0
    outer loop
      vertex -63.6665 9.47875 0
      vertex -63.0601 9.04423 0.799999
      vertex -63.6665 9.47875 0.799999
    endloop
  endfacet
  facet normal -0.58246 -0.812859 -0
    outer loop
      vertex -63.0601 9.04423 0.799999
      vertex -63.6665 9.47875 0
      vertex -63.0601 9.04423 0
    endloop
  endfacet
  facet normal -0.528072 -0.8492 0
    outer loop
      vertex -64.3 9.87269 0
      vertex -63.6665 9.47875 0.799999
      vertex -64.3 9.87269 0.799999
    endloop
  endfacet
  facet normal -0.528072 -0.8492 -0
    outer loop
      vertex -63.6665 9.47875 0.799999
      vertex -64.3 9.87269 0
      vertex -63.6665 9.47875 0
    endloop
  endfacet
  facet normal 0.999465 0.032708 0
    outer loop
      vertex -81.3756 -0.745595 0.799999
      vertex -81.4 0 0
      vertex -81.4 0 0.799999
    endloop
  endfacet
  facet normal 0.999465 0.032708 0
    outer loop
      vertex -81.4 0 0
      vertex -81.3756 -0.745595 0.799999
      vertex -81.3756 -0.745595 0
    endloop
  endfacet
  facet normal -0.0979906 -0.995187 0
    outer loop
      vertex -69.2544 11.3756 0
      vertex -68.512 11.3025 0.799999
      vertex -69.2544 11.3756 0.799999
    endloop
  endfacet
  facet normal -0.0979906 -0.995187 -0
    outer loop
      vertex -68.512 11.3025 0.799999
      vertex -69.2544 11.3756 0
      vertex -68.512 11.3025 0
    endloop
  endfacet
  facet normal -0.0327078 0.999465 0
    outer loop
      vertex -69.2544 -11.3756 0
      vertex -70 -11.4 0.799999
      vertex -69.2544 -11.3756 0.799999
    endloop
  endfacet
  facet normal -0.0327078 0.999465 0
    outer loop
      vertex -70 -11.4 0.799999
      vertex -69.2544 -11.3756 0
      vertex -70 -11.4 0
    endloop
  endfacet
  facet normal 0.956922 -0.290346 0
    outer loop
      vertex -81.0116 2.95054 0.799999
      vertex -80.795 3.66441 0
      vertex -80.795 3.66441 0.799999
    endloop
  endfacet
  facet normal 0.956922 -0.290346 0
    outer loop
      vertex -80.795 3.66441 0
      vertex -81.0116 2.95054 0.799999
      vertex -81.0116 2.95054 0
    endloop
  endfacet
  facet normal -0.773045 0.634351 0
    outer loop
      vertex -61.429 -7.51654 0
      vertex -60.9558 -6.93988 0.799999
      vertex -60.9558 -6.93988 0
    endloop
  endfacet
  facet normal -0.773045 0.634351 0
    outer loop
      vertex -60.9558 -6.93988 0.799999
      vertex -61.429 -7.51654 0
      vertex -61.429 -7.51654 0.799999
    endloop
  endfacet
  facet normal -0.956922 -0.290346 0
    outer loop
      vertex -58.9884 2.95054 0
      vertex -59.205 3.66441 0.799999
      vertex -59.205 3.66441 0
    endloop
  endfacet
  facet normal -0.956922 -0.290346 0
    outer loop
      vertex -59.205 3.66441 0.799999
      vertex -58.9884 2.95054 0
      vertex -58.9884 2.95054 0.799999
    endloop
  endfacet
  facet normal 0.162877 -0.986646 0
    outer loop
      vertex -72.224 11.181 0
      vertex -71.488 11.3025 0.799999
      vertex -72.224 11.181 0.799999
    endloop
  endfacet
  facet normal 0.162877 -0.986646 0
    outer loop
      vertex -71.488 11.3025 0.799999
      vertex -72.224 11.181 0
      vertex -71.488 11.3025 0
    endloop
  endfacet
  facet normal 0.973876 0.227078 0
    outer loop
      vertex -81.0116 -2.95054 0.799999
      vertex -81.181 -2.22403 0
      vertex -81.181 -2.22403 0.799999
    endloop
  endfacet
  facet normal 0.973876 0.227078 0
    outer loop
      vertex -81.181 -2.22403 0
      vertex -81.0116 -2.95054 0.799999
      vertex -81.0116 -2.95054 0
    endloop
  endfacet
  facet normal 0.58246 0.812859 -0
    outer loop
      vertex -76.3335 -9.47875 0
      vertex -76.9399 -9.04423 0.799999
      vertex -76.3335 -9.47875 0.799999
    endloop
  endfacet
  facet normal 0.58246 0.812859 0
    outer loop
      vertex -76.9399 -9.04423 0.799999
      vertex -76.3335 -9.47875 0
      vertex -76.9399 -9.04423 0
    endloop
  endfacet
  facet normal 0.999465 -0.032708 0
    outer loop
      vertex -81.4 0 0.799999
      vertex -81.3756 0.745595 0
      vertex -81.3756 0.745595 0.799999
    endloop
  endfacet
  facet normal 0.999465 -0.032708 0
    outer loop
      vertex -81.3756 0.745595 0
      vertex -81.4 0 0.799999
      vertex -81.4 0 0
    endloop
  endfacet
  facet normal -0.956922 0.290346 0
    outer loop
      vertex -59.205 -3.66441 0
      vertex -58.9884 -2.95054 0.799999
      vertex -58.9884 -2.95054 0
    endloop
  endfacet
  facet normal -0.956922 0.290346 0
    outer loop
      vertex -58.9884 -2.95054 0.799999
      vertex -59.205 -3.66441 0
      vertex -59.205 -3.66441 0.799999
    endloop
  endfacet
  facet normal 0.352269 -0.935899 0
    outer loop
      vertex -74.3626 10.5322 0
      vertex -73.6644 10.795 0.799999
      vertex -74.3626 10.5322 0.799999
    endloop
  endfacet
  facet normal 0.352269 -0.935899 0
    outer loop
      vertex -73.6644 10.795 0.799999
      vertex -74.3626 10.5322 0
      vertex -73.6644 10.795 0
    endloop
  endfacet
  facet normal 0.528072 -0.8492 0
    outer loop
      vertex -76.3335 9.47875 0
      vertex -75.7 9.87269 0.799999
      vertex -76.3335 9.47875 0.799999
    endloop
  endfacet
  facet normal 0.528072 -0.8492 0
    outer loop
      vertex -75.7 9.87269 0.799999
      vertex -76.3335 9.47875 0
      vertex -75.7 9.87269 0
    endloop
  endfacet
  facet normal -0.162877 0.986646 0
    outer loop
      vertex -67.776 -11.181 0
      vertex -68.512 -11.3025 0.799999
      vertex -67.776 -11.181 0.799999
    endloop
  endfacet
  facet normal -0.162877 0.986646 0
    outer loop
      vertex -68.512 -11.3025 0.799999
      vertex -67.776 -11.181 0
      vertex -68.512 -11.3025 0
    endloop
  endfacet
  facet normal -0.352269 -0.935899 0
    outer loop
      vertex -66.3356 10.795 0
      vertex -65.6374 10.5322 0.799999
      vertex -66.3356 10.795 0.799999
    endloop
  endfacet
  facet normal -0.352269 -0.935899 -0
    outer loop
      vertex -65.6374 10.5322 0.799999
      vertex -66.3356 10.795 0
      vertex -65.6374 10.5322 0
    endloop
  endfacet
  facet normal -0.935895 0.352278 0
    outer loop
      vertex -59.4678 -4.36259 0
      vertex -59.205 -3.66441 0.799999
      vertex -59.205 -3.66441 0
    endloop
  endfacet
  facet normal -0.935895 0.352278 0
    outer loop
      vertex -59.205 -3.66441 0.799999
      vertex -59.4678 -4.36259 0
      vertex -59.4678 -4.36259 0.799999
    endloop
  endfacet
  facet normal -0.8128 0.582543 0
    outer loop
      vertex -60.9558 -6.93988 0
      vertex -60.5212 -6.3335 0.799999
      vertex -60.5212 -6.3335 0
    endloop
  endfacet
  facet normal -0.8128 0.582543 0
    outer loop
      vertex -60.5212 -6.3335 0.799999
      vertex -60.9558 -6.93988 0
      vertex -60.9558 -6.93988 0.799999
    endloop
  endfacet
  facet normal 0.935895 -0.352278 0
    outer loop
      vertex -80.795 3.66441 0.799999
      vertex -80.5322 4.36259 0
      vertex -80.5322 4.36259 0.799999
    endloop
  endfacet
  facet normal 0.935895 -0.352278 0
    outer loop
      vertex -80.5322 4.36259 0
      vertex -80.795 3.66441 0.799999
      vertex -80.795 3.66441 0
    endloop
  endfacet
  facet normal 0.8128 -0.582543 0
    outer loop
      vertex -79.4788 6.3335 0.799999
      vertex -79.0442 6.93988 0
      vertex -79.0442 6.93988 0.799999
    endloop
  endfacet
  facet normal 0.8128 -0.582543 0
    outer loop
      vertex -79.0442 6.93988 0
      vertex -79.4788 6.3335 0.799999
      vertex -79.4788 6.3335 0
    endloop
  endfacet
  facet normal -0.683571 -0.729884 0
    outer loop
      vertex -62.4835 8.57097 0
      vertex -61.939 8.06102 0.799999
      vertex -62.4835 8.57097 0.799999
    endloop
  endfacet
  facet normal -0.683571 -0.729884 -0
    outer loop
      vertex -61.939 8.06102 0.799999
      vertex -62.4835 8.57097 0
      vertex -61.939 8.06102 0
    endloop
  endfacet
  facet normal 0.58246 -0.812859 0
    outer loop
      vertex -76.9399 9.04423 0
      vertex -76.3335 9.47875 0.799999
      vertex -76.9399 9.04423 0.799999
    endloop
  endfacet
  facet normal 0.58246 -0.812859 0
    outer loop
      vertex -76.3335 9.47875 0.799999
      vertex -76.9399 9.04423 0
      vertex -76.3335 9.47875 0
    endloop
  endfacet
  facet normal 0.352269 0.935899 -0
    outer loop
      vertex -73.6644 -10.795 0
      vertex -74.3626 -10.5322 0.799999
      vertex -73.6644 -10.795 0.799999
    endloop
  endfacet
  facet normal 0.352269 0.935899 0
    outer loop
      vertex -74.3626 -10.5322 0.799999
      vertex -73.6644 -10.795 0
      vertex -74.3626 -10.5322 0
    endloop
  endfacet
  facet normal 0.881955 0.471334 0
    outer loop
      vertex -79.8727 -5.7 0.799999
      vertex -80.2243 -5.04209 0
      vertex -80.2243 -5.04209 0.799999
    endloop
  endfacet
  facet normal 0.881955 0.471334 0
    outer loop
      vertex -80.2243 -5.04209 0
      vertex -79.8727 -5.7 0.799999
      vertex -79.8727 -5.7 0
    endloop
  endfacet
  facet normal -0.935895 -0.352278 0
    outer loop
      vertex -59.205 3.66441 0
      vertex -59.4678 4.36259 0.799999
      vertex -59.4678 4.36259 0
    endloop
  endfacet
  facet normal -0.935895 -0.352278 0
    outer loop
      vertex -59.4678 4.36259 0.799999
      vertex -59.205 3.66441 0
      vertex -59.205 3.66441 0.799999
    endloop
  endfacet
  facet normal 0.986647 0.162871 0
    outer loop
      vertex -81.181 -2.22403 0.799999
      vertex -81.3025 -1.488 0
      vertex -81.3025 -1.488 0.799999
    endloop
  endfacet
  facet normal 0.986647 0.162871 0
    outer loop
      vertex -81.3025 -1.488 0
      vertex -81.181 -2.22403 0.799999
      vertex -81.181 -2.22403 0
    endloop
  endfacet
  facet normal 0 0 -1
    outer loop
      vertex -58.6244 -0.745595 0.799999
      vertex -58.6244 0.745595 0.799999
      vertex -58.6 0 0.799999
    endloop
  endfacet
  facet normal 0 0 -1
    outer loop
      vertex -58.6975 -1.488 0.799999
      vertex -58.6244 0.745595 0.799999
      vertex -58.6244 -0.745595 0.799999
    endloop
  endfacet
  facet normal 0 0 -1
    outer loop
      vertex -58.6975 -1.488 0.799999
      vertex -58.6975 1.488 0.799999
      vertex -58.6244 0.745595 0.799999
    endloop
  endfacet
  facet normal 0 0 -1
    outer loop
      vertex -58.819 -2.22403 0.799999
      vertex -58.6975 1.488 0.799999
      vertex -58.6975 -1.488 0.799999
    endloop
  endfacet
  facet normal 0 0 -1
    outer loop
      vertex -58.819 -2.22403 0.799999
      vertex -58.819 2.22403 0.799999
      vertex -58.6975 1.488 0.799999
    endloop
  endfacet
  facet normal 0 0 -1
    outer loop
      vertex -58.9884 -2.95054 0.799999
      vertex -58.819 2.22403 0.799999
      vertex -58.819 -2.22403 0.799999
    endloop
  endfacet
  facet normal 0 0 -1
    outer loop
      vertex -58.9884 -2.95054 0.799999
      vertex -58.9884 2.95054 0.799999
      vertex -58.819 2.22403 0.799999
    endloop
  endfacet
  facet normal 0 0 -1
    outer loop
      vertex -59.205 -3.66441 0.799999
      vertex -58.9884 2.95054 0.799999
      vertex -58.9884 -2.95054 0.799999
    endloop
  endfacet
  facet normal 0 0 -1
    outer loop
      vertex -59.205 -3.66441 0.799999
      vertex -59.205 3.66441 0.799999
      vertex -58.9884 2.95054 0.799999
    endloop
  endfacet
  facet normal 0 0 -1
    outer loop
      vertex -59.4678 -4.36259 0.799999
      vertex -59.205 3.66441 0.799999
      vertex -59.205 -3.66441 0.799999
    endloop
  endfacet
  facet normal 0 0 -1
    outer loop
      vertex -59.4678 -4.36259 0.799999
      vertex -59.4678 4.36259 0.799999
      vertex -59.205 3.66441 0.799999
    endloop
  endfacet
  facet normal 0 0 -1
    outer loop
      vertex -59.7757 -5.04209 0.799999
      vertex -59.4678 4.36259 0.799999
      vertex -59.4678 -4.36259 0.799999
    endloop
  endfacet
  facet normal 0 0 -1
    outer loop
      vertex -59.7757 -5.04209 0.799999
      vertex -59.7757 5.04209 0.799999
      vertex -59.4678 4.36259 0.799999
    endloop
  endfacet
  facet normal 0 0 -1
    outer loop
      vertex -60.1273 -5.7 0.799999
      vertex -59.7757 5.04209 0.799999
      vertex -59.7757 -5.04209 0.799999
    endloop
  endfacet
  facet normal 0 0 -1
    outer loop
      vertex -60.1273 -5.7 0.799999
      vertex -60.1273 5.7 0.799999
      vertex -59.7757 5.04209 0.799999
    endloop
  endfacet
  facet normal 0 0 -1
    outer loop
      vertex -60.5212 -6.3335 0.799999
      vertex -60.1273 5.7 0.799999
      vertex -60.1273 -5.7 0.799999
    endloop
  endfacet
  facet normal 0 0 -1
    outer loop
      vertex -60.5212 -6.3335 0.799999
      vertex -60.5212 6.3335 0.799999
      vertex -60.1273 5.7 0.799999
    endloop
  endfacet
  facet normal 0 0 -1
    outer loop
      vertex -60.9558 -6.93988 0.799999
      vertex -60.5212 6.3335 0.799999
      vertex -60.5212 -6.3335 0.799999
    endloop
  endfacet
  facet normal 0 0 -1
    outer loop
      vertex -60.9558 -6.93988 0.799999
      vertex -60.9558 6.93988 0.799999
      vertex -60.5212 6.3335 0.799999
    endloop
  endfacet
  facet normal 0 0 -1
    outer loop
      vertex -61.429 -7.51654 0.799999
      vertex -60.9558 6.93988 0.799999
      vertex -60.9558 -6.93988 0.799999
    endloop
  endfacet
  facet normal 0 0 -1
    outer loop
      vertex -61.429 -7.51654 0.799999
      vertex -61.429 7.51654 0.799999
      vertex -60.9558 6.93988 0.799999
    endloop
  endfacet
  facet normal 0 0 -1
    outer loop
      vertex -61.939 -8.06102 0.799999
      vertex -61.429 7.51654 0.799999
      vertex -61.429 -7.51654 0.799999
    endloop
  endfacet
  facet normal 0 0 -1
    outer loop
      vertex -61.939 -8.06102 0.799999
      vertex -61.939 8.06102 0.799999
      vertex -61.429 7.51654 0.799999
    endloop
  endfacet
  facet normal 0 0 -1
    outer loop
      vertex -62.4835 -8.57097 0.799999
      vertex -61.939 8.06102 0.799999
      vertex -61.939 -8.06102 0.799999
    endloop
  endfacet
  facet normal 0 0 -1
    outer loop
      vertex -62.4835 -8.57097 0.799999
      vertex -62.4835 8.57097 0.799999
      vertex -61.939 8.06102 0.799999
    endloop
  endfacet
  facet normal 0 0 -1
    outer loop
      vertex -63.0601 -9.04423 0.799999
      vertex -62.4835 8.57097 0.799999
      vertex -62.4835 -8.57097 0.799999
    endloop
  endfacet
  facet normal 0 0 -1
    outer loop
      vertex -63.0601 -9.04423 0.799999
      vertex -63.0601 9.04423 0.799999
      vertex -62.4835 8.57097 0.799999
    endloop
  endfacet
  facet normal 0 0 -1
    outer loop
      vertex -63.6665 -9.47875 0.799999
      vertex -63.0601 9.04423 0.799999
      vertex -63.0601 -9.04423 0.799999
    endloop
  endfacet
  facet normal 0 0 -1
    outer loop
      vertex -63.6665 -9.47875 0.799999
      vertex -63.6665 9.47875 0.799999
      vertex -63.0601 9.04423 0.799999
    endloop
  endfacet
  facet normal 0 0 -1
    outer loop
      vertex -64.3 -9.87269 0.799999
      vertex -63.6665 9.47875 0.799999
      vertex -63.6665 -9.47875 0.799999
    endloop
  endfacet
  facet normal 0 0 -1
    outer loop
      vertex -64.3 -9.87269 0.799999
      vertex -64.3 9.87269 0.799999
      vertex -63.6665 9.47875 0.799999
    endloop
  endfacet
  facet normal 0 0 -1
    outer loop
      vertex -64.9579 -10.2243 0.799999
      vertex -64.3 9.87269 0.799999
      vertex -64.3 -9.87269 0.799999
    endloop
  endfacet
  facet normal 0 0 -1
    outer loop
      vertex -64.9579 -10.2243 0.799999
      vertex -64.9579 10.2243 0.799999
      vertex -64.3 9.87269 0.799999
    endloop
  endfacet
  facet normal 0 0 -1
    outer loop
      vertex -65.6374 -10.5322 0.799999
      vertex -64.9579 10.2243 0.799999
      vertex -64.9579 -10.2243 0.799999
    endloop
  endfacet
  facet normal 0 0 -1
    outer loop
      vertex -65.6374 -10.5322 0.799999
      vertex -65.6374 10.5322 0.799999
      vertex -64.9579 10.2243 0.799999
    endloop
  endfacet
  facet normal 0 0 -1
    outer loop
      vertex -66.3356 -10.795 0.799999
      vertex -65.6374 10.5322 0.799999
      vertex -65.6374 -10.5322 0.799999
    endloop
  endfacet
  facet normal 0 0 -1
    outer loop
      vertex -66.3356 -10.795 0.799999
      vertex -66.3356 10.795 0.799999
      vertex -65.6374 10.5322 0.799999
    endloop
  endfacet
  facet normal 0 0 -1
    outer loop
      vertex -67.0495 -11.0116 0.799999
      vertex -66.3356 10.795 0.799999
      vertex -66.3356 -10.795 0.799999
    endloop
  endfacet
  facet normal 0 0 -1
    outer loop
      vertex -67.0495 -11.0116 0.799999
      vertex -67.0495 11.0116 0.799999
      vertex -66.3356 10.795 0.799999
    endloop
  endfacet
  facet normal 0 0 -1
    outer loop
      vertex -67.776 -11.181 0.799999
      vertex -67.0495 11.0116 0.799999
      vertex -67.0495 -11.0116 0.799999
    endloop
  endfacet
  facet normal 0 0 -1
    outer loop
      vertex -67.776 -11.181 0.799999
      vertex -67.776 11.181 0.799999
      vertex -67.0495 11.0116 0.799999
    endloop
  endfacet
  facet normal 0 0 -1
    outer loop
      vertex -68.512 -11.3025 0.799999
      vertex -67.776 11.181 0.799999
      vertex -67.776 -11.181 0.799999
    endloop
  endfacet
  facet normal 0 0 -1
    outer loop
      vertex -68.512 -11.3025 0.799999
      vertex -68.512 11.3025 0.799999
      vertex -67.776 11.181 0.799999
    endloop
  endfacet
  facet normal 0 0 -1
    outer loop
      vertex -69.2544 -11.3756 0.799999
      vertex -68.512 11.3025 0.799999
      vertex -68.512 -11.3025 0.799999
    endloop
  endfacet
  facet normal 0 0 -1
    outer loop
      vertex -69.2544 -11.3756 0.799999
      vertex -69.2544 11.3756 0.799999
      vertex -68.512 11.3025 0.799999
    endloop
  endfacet
  facet normal 0 0 -1
    outer loop
      vertex -70 -11.4 0.799999
      vertex -69.2544 11.3756 0.799999
      vertex -69.2544 -11.3756 0.799999
    endloop
  endfacet
  facet normal 0 0 -1
    outer loop
      vertex -70 -11.4 0.799999
      vertex -70 11.4 0.799999
      vertex -69.2544 11.3756 0.799999
    endloop
  endfacet
  facet normal 0 0 -1
    outer loop
      vertex -70.7456 -11.3756 0.799999
      vertex -70 11.4 0.799999
      vertex -70 -11.4 0.799999
    endloop
  endfacet
  facet normal 0 0 -1
    outer loop
      vertex -70.7456 -11.3756 0.799999
      vertex -70.7456 11.3756 0.799999
      vertex -70 11.4 0.799999
    endloop
  endfacet
  facet normal 0 0 -1
    outer loop
      vertex -71.488 -11.3025 0.799999
      vertex -70.7456 11.3756 0.799999
      vertex -70.7456 -11.3756 0.799999
    endloop
  endfacet
  facet normal 0 0 -1
    outer loop
      vertex -71.488 -11.3025 0.799999
      vertex -71.488 11.3025 0.799999
      vertex -70.7456 11.3756 0.799999
    endloop
  endfacet
  facet normal 0 0 -1
    outer loop
      vertex -72.224 -11.181 0.799999
      vertex -71.488 11.3025 0.799999
      vertex -71.488 -11.3025 0.799999
    endloop
  endfacet
  facet normal 0 0 -1
    outer loop
      vertex -72.224 -11.181 0.799999
      vertex -72.224 11.181 0.799999
      vertex -71.488 11.3025 0.799999
    endloop
  endfacet
  facet normal 0 0 -1
    outer loop
      vertex -72.9505 -11.0116 0.799999
      vertex -72.224 11.181 0.799999
      vertex -72.224 -11.181 0.799999
    endloop
  endfacet
  facet normal 0 0 -1
    outer loop
      vertex -72.9505 -11.0116 0.799999
      vertex -72.9505 11.0116 0.799999
      vertex -72.224 11.181 0.799999
    endloop
  endfacet
  facet normal 0 0 -1
    outer loop
      vertex -73.6644 -10.795 0.799999
      vertex -72.9505 11.0116 0.799999
      vertex -72.9505 -11.0116 0.799999
    endloop
  endfacet
  facet normal 0 0 -1
    outer loop
      vertex -73.6644 -10.795 0.799999
      vertex -73.6644 10.795 0.799999
      vertex -72.9505 11.0116 0.799999
    endloop
  endfacet
  facet normal 0 0 -1
    outer loop
      vertex -74.3626 -10.5322 0.799999
      vertex -73.6644 10.795 0.799999
      vertex -73.6644 -10.795 0.799999
    endloop
  endfacet
  facet normal 0 0 -1
    outer loop
      vertex -74.3626 -10.5322 0.799999
      vertex -74.3626 10.5322 0.799999
      vertex -73.6644 10.795 0.799999
    endloop
  endfacet
  facet normal 0 0 -1
    outer loop
      vertex -75.0421 -10.2243 0.799999
      vertex -74.3626 10.5322 0.799999
      vertex -74.3626 -10.5322 0.799999
    endloop
  endfacet
  facet normal 0 0 -1
    outer loop
      vertex -75.0421 -10.2243 0.799999
      vertex -75.0421 10.2243 0.799999
      vertex -74.3626 10.5322 0.799999
    endloop
  endfacet
  facet normal 0 0 -1
    outer loop
      vertex -75.7 -9.87269 0.799999
      vertex -75.0421 10.2243 0.799999
      vertex -75.0421 -10.2243 0.799999
    endloop
  endfacet
  facet normal 0 0 -1
    outer loop
      vertex -75.7 -9.87269 0.799999
      vertex -75.7 9.87269 0.799999
      vertex -75.0421 10.2243 0.799999
    endloop
  endfacet
  facet normal 0 0 -1
    outer loop
      vertex -76.3335 -9.47875 0.799999
      vertex -75.7 9.87269 0.799999
      vertex -75.7 -9.87269 0.799999
    endloop
  endfacet
  facet normal 0 0 -1
    outer loop
      vertex -76.3335 -9.47875 0.799999
      vertex -76.3335 9.47875 0.799999
      vertex -75.7 9.87269 0.799999
    endloop
  endfacet
  facet normal 0 0 -1
    outer loop
      vertex -76.9399 -9.04423 0.799999
      vertex -76.3335 9.47875 0.799999
      vertex -76.3335 -9.47875 0.799999
    endloop
  endfacet
  facet normal 0 0 -1
    outer loop
      vertex -76.9399 -9.04423 0.799999
      vertex -76.9399 9.04423 0.799999
      vertex -76.3335 9.47875 0.799999
    endloop
  endfacet
  facet normal 0 0 -1
    outer loop
      vertex -77.5165 -8.57097 0.799999
      vertex -76.9399 9.04423 0.799999
      vertex -76.9399 -9.04423 0.799999
    endloop
  endfacet
  facet normal 0 0 -1
    outer loop
      vertex -77.5165 -8.57097 0.799999
      vertex -77.5165 8.57097 0.799999
      vertex -76.9399 9.04423 0.799999
    endloop
  endfacet
  facet normal 0 0 -1
    outer loop
      vertex -78.061 -8.06102 0.799999
      vertex -77.5165 8.57097 0.799999
      vertex -77.5165 -8.57097 0.799999
    endloop
  endfacet
  facet normal 0 0 -1
    outer loop
      vertex -78.061 -8.06102 0.799999
      vertex -78.061 8.06102 0.799999
      vertex -77.5165 8.57097 0.799999
    endloop
  endfacet
  facet normal 0 0 -1
    outer loop
      vertex -78.571 -7.51654 0.799999
      vertex -78.061 8.06102 0.799999
      vertex -78.061 -8.06102 0.799999
    endloop
  endfacet
  facet normal 0 0 -1
    outer loop
      vertex -78.571 -7.51654 0.799999
      vertex -78.571 7.51654 0.799999
      vertex -78.061 8.06102 0.799999
    endloop
  endfacet
  facet normal 0 0 -1
    outer loop
      vertex -79.0442 -6.93988 0.799999
      vertex -78.571 7.51654 0.799999
      vertex -78.571 -7.51654 0.799999
    endloop
  endfacet
  facet normal 0 0 -1
    outer loop
      vertex -79.0442 -6.93988 0.799999
      vertex -79.0442 6.93988 0.799999
      vertex -78.571 7.51654 0.799999
    endloop
  endfacet
  facet normal 0 0 -1
    outer loop
      vertex -79.4788 -6.3335 0.799999
      vertex -79.0442 6.93988 0.799999
      vertex -79.0442 -6.93988 0.799999
    endloop
  endfacet
  facet normal 0 0 -1
    outer loop
      vertex -79.4788 -6.3335 0.799999
      vertex -79.4788 6.3335 0.799999
      vertex -79.0442 6.93988 0.799999
    endloop
  endfacet
  facet normal 0 0 -1
    outer loop
      vertex -79.8727 -5.7 0.799999
      vertex -79.4788 6.3335 0.799999
      vertex -79.4788 -6.3335 0.799999
    endloop
  endfacet
  facet normal 0 0 -1
    outer loop
      vertex -79.8727 -5.7 0.799999
      vertex -79.8727 5.7 0.799999
      vertex -79.4788 6.3335 0.799999
    endloop
  endfacet
  facet normal 0 0 -1
    outer loop
      vertex -80.2243 -5.04209 0.799999
      vertex -79.8727 5.7 0.799999
      vertex -79.8727 -5.7 0.799999
    endloop
  endfacet
  facet normal 0 0 -1
    outer loop
      vertex -80.2243 -5.04209 0.799999
      vertex -80.2243 5.04209 0.799999
      vertex -79.8727 5.7 0.799999
    endloop
  endfacet
  facet normal 0 0 -1
    outer loop
      vertex -80.5322 -4.36259 0.799999
      vertex -80.2243 5.04209 0.799999
      vertex -80.2243 -5.04209 0.799999
    endloop
  endfacet
  facet normal 0 0 -1
    outer loop
      vertex -80.5322 -4.36259 0.799999
      vertex -80.5322 4.36259 0.799999
      vertex -80.2243 5.04209 0.799999
    endloop
  endfacet
  facet normal 0 0 -1
    outer loop
      vertex -80.795 -3.66441 0.799999
      vertex -80.5322 4.36259 0.799999
      vertex -80.5322 -4.36259 0.799999
    endloop
  endfacet
  facet normal 0 0 -1
    outer loop
      vertex -80.795 -3.66441 0.799999
      vertex -80.795 3.66441 0.799999
      vertex -80.5322 4.36259 0.799999
    endloop
  endfacet
  facet normal 0 0 -1
    outer loop
      vertex -81.0116 -2.95054 0.799999
      vertex -80.795 3.66441 0.799999
      vertex -80.795 -3.66441 0.799999
    endloop
  endfacet
  facet normal 0 0 -1
    outer loop
      vertex -81.0116 -2.95054 0.799999
      vertex -81.0116 2.95054 0.799999
      vertex -80.795 3.66441 0.799999
    endloop
  endfacet
  facet normal 0 0 -1
    outer loop
      vertex -81.181 -2.22403 0.799999
      vertex -81.0116 2.95054 0.799999
      vertex -81.0116 -2.95054 0.799999
    endloop
  endfacet
  facet normal 0 0 -1
    outer loop
      vertex -81.181 -2.22403 0.799999
      vertex -81.181 2.22403 0.799999
      vertex -81.0116 2.95054 0.799999
    endloop
  endfacet
  facet normal 0 0 -1
    outer loop
      vertex -81.3025 -1.488 0.799999
      vertex -81.181 2.22403 0.799999
      vertex -81.181 -2.22403 0.799999
    endloop
  endfacet
  facet normal 0 0 -1
    outer loop
      vertex -81.3025 -1.488 0.799999
      vertex -81.3025 1.488 0.799999
      vertex -81.181 2.22403 0.799999
    endloop
  endfacet
  facet normal 0 0 -1
    outer loop
      vertex -81.3756 -0.745595 0.799999
      vertex -81.3025 1.488 0.799999
      vertex -81.3025 -1.488 0.799999
    endloop
  endfacet
  facet normal 0 0 -1
    outer loop
      vertex -81.3756 -0.745595 0.799999
      vertex -81.3756 0.745595 0.799999
      vertex -81.3025 1.488 0.799999
    endloop
  endfacet
  facet normal 0 -0 -1
    outer loop
      vertex -81.3756 0.745595 0.799999
      vertex -81.3756 -0.745595 0.799999
      vertex -81.4 0 0.799999
    endloop
  endfacet
  facet normal 0.634439 0.772973 -0
    outer loop
      vertex -76.9399 -9.04423 0
      vertex -77.5165 -8.57097 0.799999
      vertex -76.9399 -9.04423 0.799999
    endloop
  endfacet
  facet normal 0.634439 0.772973 0
    outer loop
      vertex -77.5165 -8.57097 0.799999
      vertex -76.9399 -9.04423 0
      vertex -77.5165 -8.57097 0
    endloop
  endfacet
  facet normal -0.352269 0.935899 0
    outer loop
      vertex -65.6374 -10.5322 0
      vertex -66.3356 -10.795 0.799999
      vertex -65.6374 -10.5322 0.799999
    endloop
  endfacet
  facet normal -0.352269 0.935899 0
    outer loop
      vertex -66.3356 -10.795 0.799999
      vertex -65.6374 -10.5322 0
      vertex -66.3356 -10.795 0
    endloop
  endfacet
  facet normal -0.729838 -0.68362 0
    outer loop
      vertex -61.429 7.51654 0
      vertex -61.939 8.06102 0.799999
      vertex -61.939 8.06102 0
    endloop
  endfacet
  facet normal -0.729838 -0.68362 0
    outer loop
      vertex -61.939 8.06102 0.799999
      vertex -61.429 7.51654 0
      vertex -61.429 7.51654 0.799999
    endloop
  endfacet
  facet normal -0.290335 0.956925 0
    outer loop
      vertex -66.3356 -10.795 0
      vertex -67.0495 -11.0116 0.799999
      vertex -66.3356 -10.795 0.799999
    endloop
  endfacet
  facet normal -0.290335 0.956925 0
    outer loop
      vertex -67.0495 -11.0116 0.799999
      vertex -66.3356 -10.795 0
      vertex -67.0495 -11.0116 0
    endloop
  endfacet
  facet normal 0.412732 -0.910852 0
    outer loop
      vertex -75.0421 10.2243 0
      vertex -74.3626 10.5322 0.799999
      vertex -75.0421 10.2243 0.799999
    endloop
  endfacet
  facet normal 0.412732 -0.910852 0
    outer loop
      vertex -74.3626 10.5322 0.799999
      vertex -75.0421 10.2243 0
      vertex -74.3626 10.5322 0
    endloop
  endfacet
  facet normal 0.412732 0.910852 -0
    outer loop
      vertex -74.3626 -10.5322 0
      vertex -75.0421 -10.2243 0.799999
      vertex -74.3626 -10.5322 0.799999
    endloop
  endfacet
  facet normal 0.412732 0.910852 0
    outer loop
      vertex -75.0421 -10.2243 0.799999
      vertex -74.3626 -10.5322 0
      vertex -75.0421 -10.2243 0
    endloop
  endfacet
  facet normal -0.47135 0.881946 0
    outer loop
      vertex -64.3 -9.87269 0
      vertex -64.9579 -10.2243 0.799999
      vertex -64.3 -9.87269 0.799999
    endloop
  endfacet
  facet normal -0.47135 0.881946 0
    outer loop
      vertex -64.9579 -10.2243 0.799999
      vertex -64.3 -9.87269 0
      vertex -64.9579 -10.2243 0
    endloop
  endfacet
  facet normal 0.8128 0.582543 0
    outer loop
      vertex -79.0442 -6.93988 0.799999
      vertex -79.4788 -6.3335 0
      vertex -79.4788 -6.3335 0.799999
    endloop
  endfacet
  facet normal 0.8128 0.582543 0
    outer loop
      vertex -79.4788 -6.3335 0
      vertex -79.0442 -6.93988 0.799999
      vertex -79.0442 -6.93988 0
    endloop
  endfacet
  facet normal 0.0979906 -0.995187 0
    outer loop
      vertex -71.488 11.3025 0
      vertex -70.7456 11.3756 0.799999
      vertex -71.488 11.3025 0.799999
    endloop
  endfacet
  facet normal 0.0979906 -0.995187 0
    outer loop
      vertex -70.7456 11.3756 0.799999
      vertex -71.488 11.3025 0
      vertex -70.7456 11.3756 0
    endloop
  endfacet
  facet normal -0.0979906 0.995187 0
    outer loop
      vertex -68.512 -11.3025 0
      vertex -69.2544 -11.3756 0.799999
      vertex -68.512 -11.3025 0.799999
    endloop
  endfacet
  facet normal -0.0979906 0.995187 0
    outer loop
      vertex -69.2544 -11.3756 0.799999
      vertex -68.512 -11.3025 0
      vertex -69.2544 -11.3756 0
    endloop
  endfacet
  facet normal 0.973876 -0.227078 0
    outer loop
      vertex -81.181 2.22403 0.799999
      vertex -81.0116 2.95054 0
      vertex -81.0116 2.95054 0.799999
    endloop
  endfacet
  facet normal 0.973876 -0.227078 0
    outer loop
      vertex -81.0116 2.95054 0
      vertex -81.181 2.22403 0.799999
      vertex -81.181 2.22403 0
    endloop
  endfacet
  facet normal -0.773045 -0.634351 0
    outer loop
      vertex -60.9558 6.93988 0
      vertex -61.429 7.51654 0.799999
      vertex -61.429 7.51654 0
    endloop
  endfacet
  facet normal -0.773045 -0.634351 0
    outer loop
      vertex -61.429 7.51654 0.799999
      vertex -60.9558 6.93988 0
      vertex -60.9558 6.93988 0.799999
    endloop
  endfacet
  facet normal -0.8128 -0.582543 0
    outer loop
      vertex -60.5212 6.3335 0
      vertex -60.9558 6.93988 0.799999
      vertex -60.9558 6.93988 0
    endloop
  endfacet
  facet normal -0.8128 -0.582543 0
    outer loop
      vertex -60.9558 6.93988 0.799999
      vertex -60.5212 6.3335 0
      vertex -60.5212 6.3335 0.799999
    endloop
  endfacet
  facet normal -0.910852 -0.412732 0
    outer loop
      vertex -59.4678 4.36259 0
      vertex -59.7757 5.04209 0.799999
      vertex -59.7757 5.04209 0
    endloop
  endfacet
  facet normal -0.910852 -0.412732 0
    outer loop
      vertex -59.7757 5.04209 0.799999
      vertex -59.4678 4.36259 0
      vertex -59.4678 4.36259 0.799999
    endloop
  endfacet
  facet normal 0.910852 0.412732 0
    outer loop
      vertex -80.2243 -5.04209 0.799999
      vertex -80.5322 -4.36259 0
      vertex -80.5322 -4.36259 0.799999
    endloop
  endfacet
  facet normal 0.910852 0.412732 0
    outer loop
      vertex -80.5322 -4.36259 0
      vertex -80.2243 -5.04209 0.799999
      vertex -80.2243 -5.04209 0
    endloop
  endfacet
  facet normal 0.290335 -0.956925 0
    outer loop
      vertex -73.6644 10.795 0
      vertex -72.9505 11.0116 0.799999
      vertex -73.6644 10.795 0.799999
    endloop
  endfacet
  facet normal 0.290335 -0.956925 0
    outer loop
      vertex -72.9505 11.0116 0.799999
      vertex -73.6644 10.795 0
      vertex -72.9505 11.0116 0
    endloop
  endfacet
  facet normal -0.47135 -0.881946 0
    outer loop
      vertex -64.9579 10.2243 0
      vertex -64.3 9.87269 0.799999
      vertex -64.9579 10.2243 0.799999
    endloop
  endfacet
  facet normal -0.47135 -0.881946 -0
    outer loop
      vertex -64.3 9.87269 0.799999
      vertex -64.9579 10.2243 0
      vertex -64.3 9.87269 0
    endloop
  endfacet
  facet normal 0.683571 0.729884 -0
    outer loop
      vertex -77.5165 -8.57097 0
      vertex -78.061 -8.06102 0.799999
      vertex -77.5165 -8.57097 0.799999
    endloop
  endfacet
  facet normal 0.683571 0.729884 0
    outer loop
      vertex -78.061 -8.06102 0.799999
      vertex -77.5165 -8.57097 0
      vertex -78.061 -8.06102 0
    endloop
  endfacet
  facet normal -0.634439 0.772973 0
    outer loop
      vertex -62.4835 -8.57097 0
      vertex -63.0601 -9.04423 0.799999
      vertex -62.4835 -8.57097 0.799999
    endloop
  endfacet
  facet normal -0.634439 0.772973 0
    outer loop
      vertex -63.0601 -9.04423 0.799999
      vertex -62.4835 -8.57097 0
      vertex -63.0601 -9.04423 0
    endloop
  endfacet
  facet normal 0.995187 0.0979899 0
    outer loop
      vertex -81.3025 -1.488 0.799999
      vertex -81.3756 -0.745595 0
      vertex -81.3756 -0.745595 0.799999
    endloop
  endfacet
  facet normal 0.995187 0.0979899 0
    outer loop
      vertex -81.3756 -0.745595 0
      vertex -81.3025 -1.488 0.799999
      vertex -81.3025 -1.488 0
    endloop
  endfacet
  facet normal 0.0327078 0.999465 -0
    outer loop
      vertex -70 -11.4 0
      vertex -70.7456 -11.3756 0.799999
      vertex -70 -11.4 0.799999
    endloop
  endfacet
  facet normal 0.0327078 0.999465 0
    outer loop
      vertex -70.7456 -11.3756 0.799999
      vertex -70 -11.4 0
      vertex -70.7456 -11.3756 0
    endloop
  endfacet
  facet normal 0.683571 -0.729884 0
    outer loop
      vertex -78.061 8.06102 0
      vertex -77.5165 8.57097 0.799999
      vertex -78.061 8.06102 0.799999
    endloop
  endfacet
  facet normal 0.683571 -0.729884 0
    outer loop
      vertex -77.5165 8.57097 0.799999
      vertex -78.061 8.06102 0
      vertex -77.5165 8.57097 0
    endloop
  endfacet
  facet normal 0.0327078 -0.999465 0
    outer loop
      vertex -70.7456 11.3756 0
      vertex -70 11.4 0.799999
      vertex -70.7456 11.3756 0.799999
    endloop
  endfacet
  facet normal 0.0327078 -0.999465 0
    outer loop
      vertex -70 11.4 0.799999
      vertex -70.7456 11.3756 0
      vertex -70 11.4 0
    endloop
  endfacet
  facet normal -0.995187 0.0979899 0
    outer loop
      vertex -58.6975 -1.488 0
      vertex -58.6244 -0.745595 0.799999
      vertex -58.6244 -0.745595 0
    endloop
  endfacet
  facet normal -0.995187 0.0979899 0
    outer loop
      vertex -58.6244 -0.745595 0.799999
      vertex -58.6975 -1.488 0
      vertex -58.6975 -1.488 0.799999
    endloop
  endfacet
  facet normal -0.986647 0.162871 0
    outer loop
      vertex -58.819 -2.22403 0
      vertex -58.6975 -1.488 0.799999
      vertex -58.6975 -1.488 0
    endloop
  endfacet
  facet normal -0.986647 0.162871 0
    outer loop
      vertex -58.6975 -1.488 0.799999
      vertex -58.819 -2.22403 0
      vertex -58.819 -2.22403 0.799999
    endloop
  endfacet
  facet normal 0.986647 -0.162871 0
    outer loop
      vertex -81.3025 1.488 0.799999
      vertex -81.181 2.22403 0
      vertex -81.181 2.22403 0.799999
    endloop
  endfacet
  facet normal 0.986647 -0.162871 0
    outer loop
      vertex -81.181 2.22403 0
      vertex -81.3025 1.488 0.799999
      vertex -81.3025 1.488 0
    endloop
  endfacet
  facet normal 0.956922 0.290346 0
    outer loop
      vertex -80.795 -3.66441 0.799999
      vertex -81.0116 -2.95054 0
      vertex -81.0116 -2.95054 0.799999
    endloop
  endfacet
  facet normal 0.956922 0.290346 0
    outer loop
      vertex -81.0116 -2.95054 0
      vertex -80.795 -3.66441 0.799999
      vertex -80.795 -3.66441 0
    endloop
  endfacet
  facet normal 0.881955 -0.471334 0
    outer loop
      vertex -80.2243 5.04209 0.799999
      vertex -79.8727 5.7 0
      vertex -79.8727 5.7 0.799999
    endloop
  endfacet
  facet normal 0.881955 -0.471334 0
    outer loop
      vertex -79.8727 5.7 0
      vertex -80.2243 5.04209 0.799999
      vertex -80.2243 5.04209 0
    endloop
  endfacet
  facet normal 0.995187 -0.0979899 0
    outer loop
      vertex -81.3756 0.745595 0.799999
      vertex -81.3025 1.488 0
      vertex -81.3025 1.488 0.799999
    endloop
  endfacet
  facet normal 0.995187 -0.0979899 0
    outer loop
      vertex -81.3025 1.488 0
      vertex -81.3756 0.745595 0.799999
      vertex -81.3756 0.745595 0
    endloop
  endfacet
  facet normal 0.729838 -0.68362 0
    outer loop
      vertex -78.571 7.51654 0.799999
      vertex -78.061 8.06102 0
      vertex -78.061 8.06102 0.799999
    endloop
  endfacet
  facet normal 0.729838 -0.68362 0
    outer loop
      vertex -78.061 8.06102 0
      vertex -78.571 7.51654 0.799999
      vertex -78.571 7.51654 0
    endloop
  endfacet
  facet normal -0.683571 0.729884 0
    outer loop
      vertex -61.939 -8.06102 0
      vertex -62.4835 -8.57097 0.799999
      vertex -61.939 -8.06102 0.799999
    endloop
  endfacet
  facet normal -0.683571 0.729884 0
    outer loop
      vertex -62.4835 -8.57097 0.799999
      vertex -61.939 -8.06102 0
      vertex -62.4835 -8.57097 0
    endloop
  endfacet
  facet normal 0.162877 0.986646 -0
    outer loop
      vertex -71.488 -11.3025 0
      vertex -72.224 -11.181 0.799999
      vertex -71.488 -11.3025 0.799999
    endloop
  endfacet
  facet normal 0.162877 0.986646 0
    outer loop
      vertex -72.224 -11.181 0.799999
      vertex -71.488 -11.3025 0
      vertex -72.224 -11.181 0
    endloop
  endfacet
  facet normal 0.729838 0.68362 0
    outer loop
      vertex -78.061 -8.06102 0.799999
      vertex -78.571 -7.51654 0
      vertex -78.571 -7.51654 0.799999
    endloop
  endfacet
  facet normal 0.729838 0.68362 0
    outer loop
      vertex -78.571 -7.51654 0
      vertex -78.061 -8.06102 0.799999
      vertex -78.061 -8.06102 0
    endloop
  endfacet
  facet normal -0.58246 0.812859 0
    outer loop
      vertex -63.0601 -9.04423 0
      vertex -63.6665 -9.47875 0.799999
      vertex -63.0601 -9.04423 0.799999
    endloop
  endfacet
  facet normal -0.58246 0.812859 0
    outer loop
      vertex -63.6665 -9.47875 0.799999
      vertex -63.0601 -9.04423 0
      vertex -63.6665 -9.47875 0
    endloop
  endfacet
  facet normal 0.849224 -0.528033 0
    outer loop
      vertex -79.8727 5.7 0.799999
      vertex -79.4788 6.3335 0
      vertex -79.4788 6.3335 0.799999
    endloop
  endfacet
  facet normal 0.849224 -0.528033 0
    outer loop
      vertex -79.4788 6.3335 0
      vertex -79.8727 5.7 0.799999
      vertex -79.8727 5.7 0
    endloop
  endfacet
  facet normal 0.773045 -0.634351 0
    outer loop
      vertex -79.0442 6.93988 0.799999
      vertex -78.571 7.51654 0
      vertex -78.571 7.51654 0.799999
    endloop
  endfacet
  facet normal 0.773045 -0.634351 0
    outer loop
      vertex -78.571 7.51654 0
      vertex -79.0442 6.93988 0.799999
      vertex -79.0442 6.93988 0
    endloop
  endfacet
  facet normal -0.0327078 -0.999465 0
    outer loop
      vertex -70 11.4 0
      vertex -69.2544 11.3756 0.799999
      vertex -70 11.4 0.799999
    endloop
  endfacet
  facet normal -0.0327078 -0.999465 -0
    outer loop
      vertex -69.2544 11.3756 0.799999
      vertex -70 11.4 0
      vertex -69.2544 11.3756 0
    endloop
  endfacet
  facet normal 0.227081 -0.973876 0
    outer loop
      vertex -72.9505 11.0116 0
      vertex -72.224 11.181 0.799999
      vertex -72.9505 11.0116 0.799999
    endloop
  endfacet
  facet normal 0.227081 -0.973876 0
    outer loop
      vertex -72.224 11.181 0.799999
      vertex -72.9505 11.0116 0
      vertex -72.224 11.181 0
    endloop
  endfacet
  facet normal 0.910852 -0.412732 0
    outer loop
      vertex -80.5322 4.36259 0.799999
      vertex -80.2243 5.04209 0
      vertex -80.2243 5.04209 0.799999
    endloop
  endfacet
  facet normal 0.910852 -0.412732 0
    outer loop
      vertex -80.2243 5.04209 0
      vertex -80.5322 4.36259 0.799999
      vertex -80.5322 4.36259 0
    endloop
  endfacet
  facet normal 0.528072 0.8492 -0
    outer loop
      vertex -75.7 -9.87269 0
      vertex -76.3335 -9.47875 0.799999
      vertex -75.7 -9.87269 0.799999
    endloop
  endfacet
  facet normal 0.528072 0.8492 0
    outer loop
      vertex -76.3335 -9.47875 0.799999
      vertex -75.7 -9.87269 0
      vertex -76.3335 -9.47875 0
    endloop
  endfacet
  facet normal -0.910852 0.412732 0
    outer loop
      vertex -59.7757 -5.04209 0
      vertex -59.4678 -4.36259 0.799999
      vertex -59.4678 -4.36259 0
    endloop
  endfacet
  facet normal -0.910852 0.412732 0
    outer loop
      vertex -59.4678 -4.36259 0.799999
      vertex -59.7757 -5.04209 0
      vertex -59.7757 -5.04209 0.799999
    endloop
  endfacet
  facet normal 0.0979906 0.995187 -0
    outer loop
      vertex -70.7456 -11.3756 0
      vertex -71.488 -11.3025 0.799999
      vertex -70.7456 -11.3756 0.799999
    endloop
  endfacet
  facet normal 0.0979906 0.995187 0
    outer loop
      vertex -71.488 -11.3025 0.799999
      vertex -70.7456 -11.3756 0
      vertex -71.488 -11.3025 0
    endloop
  endfacet
  facet normal -0.227081 -0.973876 0
    outer loop
      vertex -67.776 11.181 0
      vertex -67.0495 11.0116 0.799999
      vertex -67.776 11.181 0.799999
    endloop
  endfacet
  facet normal -0.227081 -0.973876 -0
    outer loop
      vertex -67.0495 11.0116 0.799999
      vertex -67.776 11.181 0
      vertex -67.0495 11.0116 0
    endloop
  endfacet
  facet normal -0.290335 -0.956925 0
    outer loop
      vertex -67.0495 11.0116 0
      vertex -66.3356 10.795 0.799999
      vertex -67.0495 11.0116 0.799999
    endloop
  endfacet
  facet normal -0.290335 -0.956925 -0
    outer loop
      vertex -66.3356 10.795 0.799999
      vertex -67.0495 11.0116 0
      vertex -66.3356 10.795 0
    endloop
  endfacet
  facet normal 0.47135 -0.881946 0
    outer loop
      vertex -75.7 9.87269 0
      vertex -75.0421 10.2243 0.799999
      vertex -75.7 9.87269 0.799999
    endloop
  endfacet
  facet normal 0.47135 -0.881946 0
    outer loop
      vertex -75.0421 10.2243 0.799999
      vertex -75.7 9.87269 0
      vertex -75.0421 10.2243 0
    endloop
  endfacet
  facet normal 0.47135 0.881946 -0
    outer loop
      vertex -75.0421 -10.2243 0
      vertex -75.7 -9.87269 0.799999
      vertex -75.0421 -10.2243 0.799999
    endloop
  endfacet
  facet normal 0.47135 0.881946 0
    outer loop
      vertex -75.7 -9.87269 0.799999
      vertex -75.0421 -10.2243 0
      vertex -75.7 -9.87269 0
    endloop
  endfacet
endsolid OpenSCAD_Model
