solid OpenSCAD_Model
  facet normal 0.378413 0.925115 -0.0310811
    outer loop
      vertex -1.7142 15.2347 56.3343
      vertex 4.4774 10.8094 3.09072e-07
      vertex -2.07568 15.396 56.7343
    endloop
  endfacet
  facet normal -0.00613378 -0.998414 -0.0559708
    outer loop
      vertex 4.21242 -15.666 70.2843
      vertex 1.71619e-07 -11.7 5.93291e-07
      vertex 4.67623 -15.651 69.9659
    endloop
  endfacet
  facet normal -0.580614 0.809613 -0.0861033
    outer loop
      vertex -6.50017 9.7282 6.95402e-07
      vertex -9.18055 12.4893 44.0365
      vertex -9.10804 12.5433 44.0553
    endloop
  endfacet
  facet normal -0.580367 0.80979 -0.0861001
    outer loop
      vertex -6.50017 9.7282 6.95402e-07
      vertex -9.10804 12.5433 44.0553
      vertex -9.01128 12.6164 44.0906
    endloop
  endfacet
  facet normal -0.580321 0.809824 -0.0860987
    outer loop
      vertex -9.18055 12.4893 44.0365
      vertex -6.50017 9.7282 6.95402e-07
      vertex -7.12251 9.28223 8.95808e-07
    endloop
  endfacet
  facet normal 0.352042 0.935332 -0.034953
    outer loop
      vertex 4.4774 10.8094 3.09072e-07
      vertex 3.76084 11.0791 3.60128e-07
      vertex -2.07568 15.396 56.7343
    endloop
  endfacet
  facet normal 0.810612 -0.580873 -0.0741329
    outer loop
      vertex 9.28223 -7.12251 9.12291e-07
      vertex 9.72819 -6.50017 6.34839e-07
      vertex 12.8099 -10.9173 68.3079
    endloop
  endfacet
  facet normal 5.17589e-08 -2.00373e-07 -1
    outer loop
      vertex 1.52716 -11.5999 4.15162e-07
      vertex -3.02818 -11.3013 1.19551e-07
      vertex 5.85 -10.1325 3.4488e-07
    endloop
  endfacet
  facet normal -8.24324e-06 6.35232e-06 -1
    outer loop
      vertex -9.28223 7.12251 8.2889e-07
      vertex -8.79653 7.71435 5.84704e-07
      vertex -9.72819 6.50017 5.51744e-07
    endloop
  endfacet
  facet normal -0.279517 -0.959551 -0.0336583
    outer loop
      vertex 2.50071 -15.4275 71.7173
      vertex -3.02818 -11.3013 1.19551e-07
      vertex 2.90338 -15.5315 71.3382
    endloop
  endfacet
  facet normal 0.662754 -0.744928 -0.0764139
    outer loop
      vertex 10.9002 -12.928 67.9076
      vertex 7.71435 -8.79653 4.50564e-07
      vertex 11.3215 -12.5558 67.9332
    endloop
  endfacet
  facet normal -0.351415 -0.935857 -0.0260703
    outer loop
      vertex 1.59537 -14.9199 65.6993
      vertex 2.50071 -15.4275 71.7173
      vertex 2.11782 -15.2946 72.1077
    endloop
  endfacet
  facet normal -0.352597 -0.935418 -0.0258555
    outer loop
      vertex 1.63096 -14.9308 65.6083
      vertex 2.50071 -15.4275 71.7173
      vertex 1.59537 -14.9199 65.6993
    endloop
  endfacet
  facet normal -0.350949 -0.93603 -0.0261399
    outer loop
      vertex 1.66207 -14.9398 65.5129
      vertex 2.50071 -15.4275 71.7173
      vertex 1.63096 -14.9308 65.6083
    endloop
  endfacet
  facet normal -0.351893 -0.93568 -0.0259847
    outer loop
      vertex 1.68789 -14.9468 65.4153
      vertex 2.50071 -15.4275 71.7173
      vertex 1.66207 -14.9398 65.5129
    endloop
  endfacet
  facet normal -0.351581 -0.935796 -0.0260338
    outer loop
      vertex 1.7083 -14.9517 65.3158
      vertex 2.50071 -15.4275 71.7173
      vertex 1.68789 -14.9468 65.4153
    endloop
  endfacet
  facet normal -0.351711 -0.935747 -0.0260142
    outer loop
      vertex 1.72322 -14.9545 65.2148
      vertex 2.50071 -15.4275 71.7173
      vertex 1.7083 -14.9517 65.3158
    endloop
  endfacet
  facet normal -0.348349 -0.93699 -0.0265064
    outer loop
      vertex 1.73258 -14.9551 65.113
      vertex 2.50071 -15.4275 71.7173
      vertex 1.72322 -14.9545 65.2148
    endloop
  endfacet
  facet normal -0.353878 -0.934938 -0.0257166
    outer loop
      vertex 1.73633 -14.9537 65.0105
      vertex 2.50071 -15.4275 71.7173
      vertex 1.73258 -14.9551 65.113
    endloop
  endfacet
  facet normal -0.347157 -0.937428 -0.0266585
    outer loop
      vertex 1.73448 -14.9501 64.908
      vertex 2.50071 -15.4275 71.7173
      vertex 1.73633 -14.9537 65.0105
    endloop
  endfacet
  facet normal -0.361139 -0.932184 -0.0247176
    outer loop
      vertex 1.72702 -14.9445 64.8058
      vertex 2.50071 -15.4275 71.7173
      vertex 1.73448 -14.9501 64.908
    endloop
  endfacet
  facet normal -0.351451 -0.935844 -0.0260578
    outer loop
      vertex 1.72702 -14.9445 64.8058
      vertex -3.76084 -11.0791 8.26455e-07
      vertex 2.50071 -15.4275 71.7173
    endloop
  endfacet
  facet normal -0.347663 -0.937246 -0.0264622
    outer loop
      vertex 1.71398 -14.9368 64.7044
      vertex -3.76084 -11.0791 8.26455e-07
      vertex 1.72702 -14.9445 64.8058
    endloop
  endfacet
  facet normal -0.354777 -0.934598 -0.0257024
    outer loop
      vertex 1.69543 -14.927 64.6041
      vertex -3.76084 -11.0791 8.26455e-07
      vertex 1.71398 -14.9368 64.7044
    endloop
  endfacet
  facet normal -0.348726 -0.936854 -0.0263479
    outer loop
      vertex 1.67144 -14.9153 64.5056
      vertex -3.76084 -11.0791 8.26455e-07
      vertex 1.69543 -14.927 64.6041
    endloop
  endfacet
  facet normal -0.351131 -0.935963 -0.0260923
    outer loop
      vertex 1.6421 -14.9016 64.409
      vertex -3.76084 -11.0791 8.26455e-07
      vertex 1.67144 -14.9153 64.5056
    endloop
  endfacet
  facet normal -0.351798 -0.935714 -0.0260215
    outer loop
      vertex 1.60756 -14.886 64.315
      vertex -3.76084 -11.0791 8.26455e-07
      vertex 1.6421 -14.9016 64.409
    endloop
  endfacet
  facet normal -0.353732 -0.93499 -0.0258173
    outer loop
      vertex 1.56796 -14.8685 64.2238
      vertex -3.76084 -11.0791 8.26455e-07
      vertex 1.60756 -14.886 64.315
    endloop
  endfacet
  facet normal -0.350145 -0.936329 -0.0261939
    outer loop
      vertex 1.52346 -14.8494 64.1359
      vertex -3.76084 -11.0791 8.26455e-07
      vertex 1.56796 -14.8685 64.2238
    endloop
  endfacet
  facet normal -0.350983 -0.936018 -0.0261065
    outer loop
      vertex 1.47426 -14.8286 64.0516
      vertex -3.76084 -11.0791 8.26455e-07
      vertex 1.52346 -14.8494 64.1359
    endloop
  endfacet
  facet normal -0.352555 -0.935431 -0.0259437
    outer loop
      vertex -3.76084 -11.0791 8.26455e-07
      vertex 1.47426 -14.8286 64.0516
      vertex 1.4592 -14.8223 64.0291
    endloop
  endfacet
  facet normal 0.683597 0.72986 0
    outer loop
      vertex 8.27315 8.27315 33
      vertex 7.71435 8.79653 4.50564e-07
      vertex 7.71435 8.79653 33
    endloop
  endfacet
  facet normal -4.32268e-06 -3.5429e-06 -1
    outer loop
      vertex -9.28223 -7.12251 1.00927e-06
      vertex -9.72819 -6.50017 7.32121e-07
      vertex -8.27315 -8.27315 7.23948e-07
    endloop
  endfacet
  facet normal -0.734146 -0.676346 0.0598697
    outer loop
      vertex -3.10542 -11.6738 58.057
      vertex 0.129118 -13.7986 73.7164
      vertex -3.35342 -11.4247 57.83
    endloop
  endfacet
  facet normal -0.734156 -0.676336 0.0598731
    outer loop
      vertex 0.554073 -14.2198 74.1692
      vertex 0.129118 -13.7986 73.7164
      vertex -3.10542 -11.6738 58.057
    endloop
  endfacet
  facet normal -0.734075 -0.676439 0.059701
    outer loop
      vertex 0.129118 -13.7986 73.7164
      vertex 0.554073 -14.2198 74.1692
      vertex 0.534232 -14.1951 74.2051
    endloop
  endfacet
  facet normal -0.734124 -0.676372 0.0598604
    outer loop
      vertex -6.2714 -9.43563 44.519
      vertex -8.79653 -7.71435 33
      vertex -6.13601 -9.56534 44.7138
    endloop
  endfacet
  facet normal 1.02254e-06 3.67298e-07 -1
    outer loop
      vertex 11.6749 0.765217 3.38624e-07
      vertex 9.72819 6.50017 4.54462e-07
      vertex 10.1325 5.85 6.29081e-07
    endloop
  endfacet
  facet normal -1.25955e-07 1.98593e-07 -1
    outer loop
      vertex -8.79653 7.71435 5.84704e-07
      vertex -6.50017 9.7282 6.95402e-07
      vertex -3.02818 11.3013 5.70494e-07
    endloop
  endfacet
  facet normal 0.472294 0.881288 -0.0164018
    outer loop
      vertex -1.3757 15.0457 55.9263
      vertex 5.85 10.1325 3.4488e-07
      vertex -1.7142 15.2347 56.3343
    endloop
  endfacet
  facet normal -3.18593e-06 -9.80989e-07 -1
    outer loop
      vertex -11.4752 -2.28256 4.2805e-07
      vertex -11.5999 -1.52716 8.42973e-08
      vertex -11.0791 -3.76084 6.16277e-07
    endloop
  endfacet
  facet normal -2.3974e-07 1.87804e-06 -1
    outer loop
      vertex 1.71619e-07 11.7 5.93291e-07
      vertex -3.02818 11.3013 5.70494e-07
      vertex -1.52716 11.5999 7.71421e-07
    endloop
  endfacet
  facet normal -0.892068 0.444665 -0.0805485
    outer loop
      vertex -13.2843 8.52572 49.4077
      vertex -10.4934 5.17478 7.9779e-07
      vertex -13.5097 8.20325 50.1238
    endloop
  endfacet
  facet normal 0.256629 0.809814 0.527583
    outer loop
      vertex -4.63408 15.7524 58.8761
      vertex 9.08817 -1.72961 79.0353
      vertex 9.56244 -1.68472 78.7357
    endloop
  endfacet
  facet normal 0.256616 0.809813 0.52759
    outer loop
      vertex 9.08817 -1.72961 79.0353
      vertex -4.63408 15.7524 58.8761
      vertex -5.10835 15.7075 59.1757
    endloop
  endfacet
  facet normal -0.997968 0.0327345 -0.0546723
    outer loop
      vertex -11.7 -4.31578e-08 5.48982e-07
      vertex -14.3765 5.59625 52.2065
      vertex -11.6749 0.765217 9.38148e-07
    endloop
  endfacet
  facet normal -0.997985 0.032293 -0.0546259
    outer loop
      vertex -14.3765 5.59625 52.2065
      vertex -11.7 -4.31578e-08 5.48982e-07
      vertex -14.3813 5.53029 52.2552
    endloop
  endfacet
  facet normal -5.92012e-08 9.12427e-08 -1
    outer loop
      vertex -11.4752 2.28256 2.47673e-07
      vertex -8.79653 7.71435 5.84704e-07
      vertex -3.02818 11.3013 5.70494e-07
    endloop
  endfacet
  facet normal -0.0194233 0.997312 -0.0706562
    outer loop
      vertex -3.71893 15.7524 58.2219
      vertex 1.71619e-07 11.7 5.93291e-07
      vertex -4.17028 15.7674 58.5577
    endloop
  endfacet
  facet normal 4.32634e-08 6.37574e-07 -1
    outer loop
      vertex 3.76084 11.0791 3.60128e-07
      vertex 1.71619e-07 11.7 5.93291e-07
      vertex 1.52716 11.5999 5.9554e-07
    endloop
  endfacet
  facet normal 1.43681e-06 4.6584e-07 -1
    outer loop
      vertex 11.6749 0.765217 3.38624e-07
      vertex 10.8094 4.4774 8.24351e-07
      vertex 11.4752 2.28256 7.58533e-07
    endloop
  endfacet
  facet normal 0.996153 -0.0732939 -0.0480328
    outer loop
      vertex 14.6296 -6.8566 70.5725
      vertex 11.6749 -0.765217 2.48435e-07
      vertex 14.6787 -6.41838 70.9221
    endloop
  endfacet
  facet normal 0.993943 -0.0978363 -0.0500586
    outer loop
      vertex 11.5999 -1.52716 4.70965e-07
      vertex 11.6749 -0.765217 2.48435e-07
      vertex 14.6296 -6.8566 70.5725
    endloop
  endfacet
  facet normal -0.846591 -0.526386 0.0787512
    outer loop
      vertex -10.1325 -5.85 33
      vertex -10.7716 -4.04368 38.2033
      vertex -11.0203 -3.69477 37.8619
    endloop
  endfacet
  facet normal -0.846559 -0.526435 0.0787719
    outer loop
      vertex -10.7716 -4.04368 38.2033
      vertex -10.1325 -5.85 33
      vertex -9.72819 -6.50017 33
    endloop
  endfacet
  facet normal -0.846612 -0.526355 0.0787295
    outer loop
      vertex -12.2443 -0.576318 45.5479
      vertex -13.9724 3.4717 54.0284
      vertex -12.3817 -0.389795 45.3174
    endloop
  endfacet
  facet normal -0.846343 -0.52675 0.0789729
    outer loop
      vertex -13.9724 3.4717 54.0284
      vertex -12.2443 -0.576318 45.5479
      vertex -13.9512 3.44245 54.0605
    endloop
  endfacet
  facet normal 0.91082 0.412715 0.00857033
    outer loop
      vertex 10.8094 4.4774 33
      vertex 10.4934 5.17478 33
      vertex 14.2961 -4.05367 73.2719
    endloop
  endfacet
  facet normal 0.770826 -0.632587 -0.0752388
    outer loop
      vertex 8.79653 -7.71435 1.15648e-06
      vertex 9.28223 -7.12251 9.12291e-07
      vertex 12.4706 -11.3459 68.1741
    endloop
  endfacet
  facet normal -2.31899e-06 1.23301e-05 -1
    outer loop
      vertex -1.52716 11.5999 7.71421e-07
      vertex -3.02818 11.3013 5.70494e-07
      vertex -2.28256 11.4752 9.85618e-07
    endloop
  endfacet
  facet normal -0.782628 -0.617371 0.0796644
    outer loop
      vertex -6.90812 -8.76278 43.6119
      vertex -9.28223 -7.12251 33
      vertex -6.79489 -8.88557 43.7727
    endloop
  endfacet
  facet normal -0.782578 -0.617438 0.0796427
    outer loop
      vertex -3.61569 -11.139 57.5418
      vertex -0.296878 -13.3305 73.163
      vertex -3.8534 -10.8733 57.2659
    endloop
  endfacet
  facet normal -0.782588 -0.617424 0.0796468
    outer loop
      vertex -0.296878 -13.3305 73.163
      vertex -3.61569 -11.139 57.5418
      vertex 0.11464 -13.7831 73.6979
    endloop
  endfacet
  facet normal 0.977183 -0.204506 -0.0573699
    outer loop
      vertex 14.4352 -7.75441 69.9232
      vertex 11.4752 -2.28256 9.3891e-07
      vertex 14.5483 -7.30258 70.239
    endloop
  endfacet
  facet normal -1.09322e-06 -7.07448e-06 -1
    outer loop
      vertex -2.28256 -11.4752 5.34675e-07
      vertex -3.02818 -11.3013 1.19551e-07
      vertex -1.52716 -11.5999 5.91043e-07
    endloop
  endfacet
  facet normal -0.924875 -0.380246 0.00428826
    outer loop
      vertex -11.4783 -2.80211 37.2846
      vertex -10.8094 -4.4774 33
      vertex -11.4654 -2.83333 37.2985
    endloop
  endfacet
  facet normal -0.925291 -0.379238 0.00383633
    outer loop
      vertex -12.5995 0.00886077 44.7295
      vertex -14.062 3.66928 53.8355
      vertex -12.6249 0.0698238 44.6297
    endloop
  endfacet
  facet normal -0.925257 -0.37932 0.00387461
    outer loop
      vertex -14.062 3.66928 53.8355
      vertex -12.5995 0.00886077 44.7295
      vertex -14.0082 3.53932 53.96
    endloop
  endfacet
  facet normal 0.643624 0.741203 0.190701
    outer loop
      vertex 12.8208 -2.39143 75.786
      vertex -1.7142 15.2347 56.3343
      vertex 12.4823 -2.20244 76.1939
    endloop
  endfacet
  facet normal 0.643652 0.741187 0.190666
    outer loop
      vertex -1.7142 15.2347 56.3343
      vertex 12.8208 -2.39143 75.786
      vertex -1.3757 15.0457 55.9263
    endloop
  endfacet
  facet normal 0.998694 0.0327583 -0.0392132
    outer loop
      vertex 11.7 1.78567e-07 6.37601e-07
      vertex 11.6749 0.765217 3.38624e-07
      vertex 14.6955 -5.98979 71.2865
    endloop
  endfacet
  facet normal 1.3708e-05 5.89303e-08 -1
    outer loop
      vertex 11.6749 -0.765217 2.48435e-07
      vertex 11.6749 0.765217 3.38624e-07
      vertex 11.7 1.78567e-07 6.37601e-07
    endloop
  endfacet
  facet normal 0.582476 0.812848 0
    outer loop
      vertex 7.12251 9.28223 4.84619e-07
      vertex 6.50017 9.72819 1.03231e-06
      vertex 6.50017 9.72819 33
    endloop
  endfacet
  facet normal 0.559567 0.828785 0
    outer loop
      vertex 6.50017 9.72819 33
      vertex 6.50017 9.72819 1.03231e-06
      vertex -1.3757 15.0457 55.9263
    endloop
  endfacet
  facet normal 1.37746e-05 2.04507e-05 -1
    outer loop
      vertex 7.12251 9.28223 4.84619e-07
      vertex 5.85 10.1325 3.4488e-07
      vertex 6.50017 9.72819 1.03231e-06
    endloop
  endfacet
  facet normal 0.572048 0.820196 0.00627977
    outer loop
      vertex -1.0616 14.8298 55.5123
      vertex 6.50017 9.72819 33
      vertex -1.3757 15.0457 55.9263
    endloop
  endfacet
  facet normal -3.06043e-08 6.44619e-08 -1
    outer loop
      vertex -3.02818 11.3013 5.70494e-07
      vertex 0.500359 8.68362 2.93765e-07
      vertex -4.57078e-16 8.7 3.10134e-07
    endloop
  endfacet
  facet normal -3.06052e-08 6.44609e-08 -1
    outer loop
      vertex -3.02818 11.3013 5.70494e-07
      vertex -4.57078e-16 8.7 3.10134e-07
      vertex -0.564021 8.68154 3.26206e-07
    endloop
  endfacet
  facet normal -3.06753e-08 6.43949e-08 -1
    outer loop
      vertex -3.02818 11.3013 5.70494e-07
      vertex -0.564021 8.68154 3.26206e-07
      vertex -0.569007 8.68137 3.26348e-07
    endloop
  endfacet
  facet normal -3.06058e-08 6.44602e-08 -1
    outer loop
      vertex -3.02818 11.3013 5.70494e-07
      vertex -0.569007 8.68137 3.26348e-07
      vertex -1.13061 8.62606 3.39971e-07
    endloop
  endfacet
  facet normal -3.06951e-08 6.43968e-08 -1
    outer loop
      vertex -3.02818 11.3013 5.70494e-07
      vertex -1.13061 8.62606 3.39971e-07
      vertex -1.13558 8.62557 3.40092e-07
    endloop
  endfacet
  facet normal -3.0606e-08 6.44598e-08 -1
    outer loop
      vertex -3.02818 11.3013 5.70494e-07
      vertex -1.13558 8.62557 3.40092e-07
      vertex -1.69236 8.53364 3.51207e-07
    endloop
  endfacet
  facet normal -3.04791e-08 6.45211e-08 -1
    outer loop
      vertex -3.02818 11.3013 5.70494e-07
      vertex -1.69236 8.53364 3.51207e-07
      vertex -1.69729 8.53283 3.51305e-07
    endloop
  endfacet
  facet normal -3.06803e-08 6.44243e-08 -1
    outer loop
      vertex -3.02818 11.3013 5.70494e-07
      vertex -1.69729 8.53283 3.51305e-07
      vertex -1.70214 8.5317 3.51381e-07
    endloop
  endfacet
  facet normal -3.06057e-08 6.44601e-08 -1
    outer loop
      vertex -3.02818 11.3013 5.70494e-07
      vertex -1.70214 8.5317 3.51381e-07
      vertex -2.25173 8.40355 3.59941e-07
    endloop
  endfacet
  facet normal -3.05734e-08 6.44687e-08 -1
    outer loop
      vertex -3.02818 11.3013 5.70494e-07
      vertex -2.25173 8.40355 3.59941e-07
      vertex -2.2565 8.40211 3.59994e-07
    endloop
  endfacet
  facet normal -3.0606e-08 6.44601e-08 -1
    outer loop
      vertex -3.02818 11.3013 5.70494e-07
      vertex -2.2565 8.40211 3.59994e-07
      vertex -2.79652 8.23829 3.65962e-07
    endloop
  endfacet
  facet normal -3.06058e-08 6.44599e-08 -1
    outer loop
      vertex 0.500359 8.68362 2.93765e-07
      vertex -3.02818 11.3013 5.70494e-07
      vertex 4.4774 10.8094 3.09072e-07
    endloop
  endfacet
  facet normal -3.06051e-08 6.44601e-08 -1
    outer loop
      vertex -3.32468 8.03951 3.69313e-07
      vertex -3.02818 11.3013 5.70494e-07
      vertex -2.79652 8.23829 3.65962e-07
    endloop
  endfacet
  facet normal -3.07213e-08 6.44707e-08 -1
    outer loop
      vertex -3.32935 8.03775 3.69343e-07
      vertex -3.02818 11.3013 5.70494e-07
      vertex -3.32468 8.03951 3.69313e-07
    endloop
  endfacet
  facet normal -3.05684e-08 6.44566e-08 -1
    outer loop
      vertex -3.33389 8.03569 3.69349e-07
      vertex -3.02818 11.3013 5.70494e-07
      vertex -3.32935 8.03775 3.69343e-07
    endloop
  endfacet
  facet normal -3.06053e-08 6.446e-08 -1
    outer loop
      vertex -3.84791 7.80279 3.70068e-07
      vertex -3.02818 11.3013 5.70494e-07
      vertex -3.33389 8.03569 3.69349e-07
    endloop
  endfacet
  facet normal -3.06069e-08 6.44604e-08 -1
    outer loop
      vertex -4.3456 7.53677 3.68153e-07
      vertex -3.02818 11.3013 5.70494e-07
      vertex -3.84791 7.80279 3.70068e-07
    endloop
  endfacet
  facet normal -3.05542e-08 6.4442e-08 -1
    outer loop
      vertex -4.35 7.53442 3.68136e-07
      vertex -3.02818 11.3013 5.70494e-07
      vertex -4.3456 7.53677 3.68153e-07
    endloop
  endfacet
  facet normal -3.06063e-08 6.44603e-08 -1
    outer loop
      vertex -4.82922 7.23642 3.63594e-07
      vertex -3.02818 11.3013 5.70494e-07
      vertex -4.35 7.53442 3.68136e-07
    endloop
  endfacet
  facet normal -3.02029e-08 6.42815e-08 -1
    outer loop
      vertex -4.83346 7.23379 3.63553e-07
      vertex -3.02818 11.3013 5.70494e-07
      vertex -4.82922 7.23642 3.63594e-07
    endloop
  endfacet
  facet normal -3.07214e-08 6.45116e-08 -1
    outer loop
      vertex -4.83752 7.23088 3.6349e-07
      vertex -3.02818 11.3013 5.70494e-07
      vertex -4.83346 7.23379 3.63553e-07
    endloop
  endfacet
  facet normal -3.06085e-08 6.44615e-08 -1
    outer loop
      vertex -5.29622 6.90217 3.56341e-07
      vertex -3.02818 11.3013 5.70494e-07
      vertex -4.83752 7.23088 3.6349e-07
    endloop
  endfacet
  facet normal -3.04065e-08 6.43573e-08 -1
    outer loop
      vertex -5.30008 6.89901 3.56255e-07
      vertex -3.02818 11.3013 5.70494e-07
      vertex -5.29622 6.90217 3.56341e-07
    endloop
  endfacet
  facet normal -3.06041e-08 6.44593e-08 -1
    outer loop
      vertex -5.73631 6.54101 3.46529e-07
      vertex -3.02818 11.3013 5.70494e-07
      vertex -5.30008 6.89901 3.56255e-07
    endloop
  endfacet
  facet normal -3.08436e-08 6.45956e-08 -1
    outer loop
      vertex -5.73995 6.5376 3.46421e-07
      vertex -3.02818 11.3013 5.70494e-07
      vertex -5.73631 6.54101 3.46529e-07
    endloop
  endfacet
  facet normal -3.06052e-08 6.44598e-08 -1
    outer loop
      vertex -6.15183 6.15183 3.3416e-07
      vertex -3.02818 11.3013 5.70494e-07
      vertex -5.73995 6.5376 3.46421e-07
    endloop
  endfacet
  facet normal -3.06063e-08 6.44605e-08 -1
    outer loop
      vertex -6.5376 5.73995 3.19417e-07
      vertex -3.02818 11.3013 5.70494e-07
      vertex -6.15183 6.15183 3.3416e-07
    endloop
  endfacet
  facet normal -3.04557e-08 6.42456e-08 -1
    outer loop
      vertex -11.4752 2.28256 2.47673e-07
      vertex -6.5376 5.73995 3.19417e-07
      vertex -6.54101 5.73631 3.19287e-07
    endloop
  endfacet
  facet normal -3.06038e-08 6.44572e-08 -1
    outer loop
      vertex -11.4752 2.28256 2.47673e-07
      vertex -6.54101 5.73631 3.19287e-07
      vertex -6.89901 5.30008 3.02125e-07
    endloop
  endfacet
  facet normal -3.05679e-08 6.44027e-08 -1
    outer loop
      vertex -11.4752 2.28256 2.47673e-07
      vertex -6.89901 5.30008 3.02125e-07
      vertex -6.90217 5.29622 3.01973e-07
    endloop
  endfacet
  facet normal -3.06072e-08 6.44624e-08 -1
    outer loop
      vertex -11.4752 2.28256 2.47673e-07
      vertex -6.90217 5.29622 3.01973e-07
      vertex -7.23088 4.83752 2.82465e-07
    endloop
  endfacet
  facet normal -3.04376e-08 6.41807e-08 -1
    outer loop
      vertex -11.4752 2.28256 2.47673e-07
      vertex -7.23088 4.83752 2.82465e-07
      vertex -7.23379 4.83346 2.82293e-07
    endloop
  endfacet
  facet normal -3.06053e-08 6.44594e-08 -1
    outer loop
      vertex -11.4752 2.28256 2.47673e-07
      vertex -7.23642 4.82922 2.821e-07
      vertex -7.49815 4.40833 2.6298e-07
    endloop
  endfacet
  facet normal -3.06061e-08 6.44604e-08 -1
    outer loop
      vertex -6.5376 5.73995 3.19417e-07
      vertex -11.4752 2.28256 2.47673e-07
      vertex -3.02818 11.3013 5.70494e-07
    endloop
  endfacet
  facet normal -3.06469e-08 6.45286e-08 -1
    outer loop
      vertex -7.23642 4.82922 2.821e-07
      vertex -11.4752 2.28256 2.47673e-07
      vertex -7.23379 4.83346 2.82293e-07
    endloop
  endfacet
  facet normal 0.123364 0.990543 -0.0600566
    outer loop
      vertex -2.86124 15.6329 57.5039
      vertex 1.52716 11.5999 5.9554e-07
      vertex -3.28196 15.7075 57.8701
    endloop
  endfacet
  facet normal -0.996099 -0.0770927 -0.0429314
    outer loop
      vertex -14.3973 5.15179 52.5401
      vertex -11.6749 -0.765217 8.47959e-07
      vertex -14.384 4.84451 52.7833
    endloop
  endfacet
  facet normal -0.62675 0.774455 -0.0860508
    outer loop
      vertex -9.50259 12.2419 43.9722
      vertex -7.12251 9.28223 8.95808e-07
      vertex -9.63239 12.1354 43.9591
    endloop
  endfacet
  facet normal -0.627042 0.774218 -0.0860522
    outer loop
      vertex -9.81746 11.9856 43.9599
      vertex -9.63239 12.1354 43.9591
      vertex -7.12251 9.28223 8.95808e-07
    endloop
  endfacet
  facet normal -0.65642 0.749486 -0.0859275
    outer loop
      vertex -10.1463 11.7107 43.9965
      vertex -7.71435 8.79653 7.36019e-07
      vertex -10.2917 11.5877 44.0344
    endloop
  endfacet
  facet normal -0.656904 0.749062 -0.0859262
    outer loop
      vertex -7.71435 8.79653 7.36019e-07
      vertex -10.1463 11.7107 43.9965
      vertex -9.98292 11.8511 43.9714
    endloop
  endfacet
  facet normal -1.05795e-06 5.10319e-07 -1
    outer loop
      vertex -10.1325 5.85 6.47691e-07
      vertex -9.72819 6.50017 5.51744e-07
      vertex -11.4752 2.28256 2.47673e-07
    endloop
  endfacet
  facet normal 0.0977693 -0.993263 -0.0622031
    outer loop
      vertex 5.15049 -15.6061 69.6663
      vertex 0.765216 -11.6749 9.92033e-07
      vertex 1.52716 -11.5999 4.15162e-07
    endloop
  endfacet
  facet normal 8.92994e-07 -7.02883e-07 -1
    outer loop
      vertex 7.71435 -8.79653 4.50564e-07
      vertex 10.1325 -5.85 5.38892e-07
      vertex 9.72819 -6.50017 6.34839e-07
    endloop
  endfacet
  facet normal -1.96938e-07 -1.76317e-07 -1
    outer loop
      vertex -10.1325 -5.85 5.57502e-07
      vertex -11.5999 -1.52716 8.42973e-08
      vertex -3.02818 -11.3013 1.19551e-07
    endloop
  endfacet
  facet normal -1.21075e-06 -5.20459e-07 -1
    outer loop
      vertex -11.0791 -3.76084 6.16277e-07
      vertex -11.5999 -1.52716 8.42973e-08
      vertex -10.1325 -5.85 5.57502e-07
    endloop
  endfacet
  facet normal 0.0977682 0.993253 -0.062376
    outer loop
      vertex 1.52716 11.5999 5.9554e-07
      vertex 0.765216 11.6749 1.17241e-06
      vertex -3.28196 15.7075 57.8701
    endloop
  endfacet
  facet normal -2.78087e-07 -2.82074e-07 -1
    outer loop
      vertex -8.27315 -8.27315 7.23948e-07
      vertex -10.1325 -5.85 5.57502e-07
      vertex -3.02818 -11.3013 1.19551e-07
    endloop
  endfacet
  facet normal -2.65975e-06 1.29943e-07 -1
    outer loop
      vertex -11.7 -4.31578e-08 5.48982e-07
      vertex -11.4752 2.28256 2.47673e-07
      vertex -11.5999 -1.52716 8.42973e-08
    endloop
  endfacet
  facet normal -1.94449e-08 4.36248e-08 -1
    outer loop
      vertex -11.4752 2.28256 2.47673e-07
      vertex -8.03569 3.33389 2.26656e-07
      vertex -8.03775 3.32935 2.26498e-07
    endloop
  endfacet
  facet normal -1.94126e-08 4.35187e-08 -1
    outer loop
      vertex -11.4752 2.28256 2.47673e-07
      vertex -8.03951 3.32468 2.26329e-07
      vertex -8.23829 2.79652 2.07203e-07
    endloop
  endfacet
  facet normal -1.94179e-08 4.34932e-08 -1
    outer loop
      vertex -11.4752 2.28256 2.47673e-07
      vertex -8.5317 1.70214 1.65272e-07
      vertex -8.53283 1.69729 1.65083e-07
    endloop
  endfacet
  facet normal -1.94128e-08 4.35192e-08 -1
    outer loop
      vertex -11.4752 2.28256 2.47673e-07
      vertex -8.53364 1.69236 1.64884e-07
      vertex -8.62557 1.13558 1.42438e-07
    endloop
  endfacet
  facet normal -1.94125e-08 4.35201e-08 -1
    outer loop
      vertex -11.4752 2.28256 2.47673e-07
      vertex -8.62606 1.13061 1.42231e-07
      vertex -8.66611 0.724028 1.25314e-07
    endloop
  endfacet
  facet normal -1.94074e-08 4.35094e-08 -1
    outer loop
      vertex -7.53442 4.35 2.61146e-07
      vertex -11.4752 2.28256 2.47673e-07
      vertex -7.49815 4.40833 2.6298e-07
    endloop
  endfacet
  facet normal -1.94348e-08 4.35618e-08 -1
    outer loop
      vertex -7.53677 4.3456 2.61e-07
      vertex -11.4752 2.28256 2.47673e-07
      vertex -7.53442 4.35 2.61146e-07
    endloop
  endfacet
  facet normal -1.94126e-08 4.35193e-08 -1
    outer loop
      vertex -7.80279 3.84791 2.44505e-07
      vertex -11.4752 2.28256 2.47673e-07
      vertex -7.53677 4.3456 2.61e-07
    endloop
  endfacet
  facet normal -1.9413e-08 4.35203e-08 -1
    outer loop
      vertex -8.03569 3.33389 2.26656e-07
      vertex -11.4752 2.28256 2.47673e-07
      vertex -7.80279 3.84791 2.44505e-07
    endloop
  endfacet
  facet normal -1.94078e-08 4.35027e-08 -1
    outer loop
      vertex -8.03951 3.32468 2.26329e-07
      vertex -11.4752 2.28256 2.47673e-07
      vertex -8.03775 3.32935 2.26498e-07
    endloop
  endfacet
  facet normal -1.94127e-08 4.35191e-08 -1
    outer loop
      vertex -8.40211 2.2565 1.86882e-07
      vertex -11.4752 2.28256 2.47673e-07
      vertex -8.23829 2.79652 2.07203e-07
    endloop
  endfacet
  facet normal -1.9412e-08 4.35961e-08 -1
    outer loop
      vertex -8.40355 2.25173 1.86702e-07
      vertex -11.4752 2.28256 2.47673e-07
      vertex -8.40211 2.2565 1.86882e-07
    endloop
  endfacet
  facet normal -1.94128e-08 4.35193e-08 -1
    outer loop
      vertex -8.5317 1.70214 1.65272e-07
      vertex -11.4752 2.28256 2.47673e-07
      vertex -8.40355 2.25173 1.86702e-07
    endloop
  endfacet
  facet normal -1.94059e-08 4.35535e-08 -1
    outer loop
      vertex -8.53364 1.69236 1.64884e-07
      vertex -11.4752 2.28256 2.47673e-07
      vertex -8.53283 1.69729 1.65083e-07
    endloop
  endfacet
  facet normal -1.93955e-08 4.35621e-08 -1
    outer loop
      vertex -8.62606 1.13061 1.42231e-07
      vertex -11.4752 2.28256 2.47673e-07
      vertex -8.62557 1.13558 1.42438e-07
    endloop
  endfacet
  facet normal -1.94129e-08 4.35193e-08 -1
    outer loop
      vertex -11.4752 2.28256 2.47673e-07
      vertex -8.66611 0.724028 1.25314e-07
      vertex -11.5999 -1.52716 8.42973e-08
    endloop
  endfacet
  facet normal -1.94123e-08 4.35186e-08 -1
    outer loop
      vertex 1.13558 8.62557 2.78907e-07
      vertex 4.4774 10.8094 3.09072e-07
      vertex 1.5436 8.55821 2.68055e-07
    endloop
  endfacet
  facet normal -1.94467e-08 4.35713e-08 -1
    outer loop
      vertex 1.13061 8.62606 2.79025e-07
      vertex 4.4774 10.8094 3.09072e-07
      vertex 1.13558 8.62557 2.78907e-07
    endloop
  endfacet
  facet normal -1.94123e-08 4.35185e-08 -1
    outer loop
      vertex 0.569007 8.68137 2.92334e-07
      vertex 4.4774 10.8094 3.09072e-07
      vertex 1.13061 8.62606 2.79025e-07
    endloop
  endfacet
  facet normal -1.93768e-08 4.34535e-08 -1
    outer loop
      vertex 0.564021 8.68154 2.92438e-07
      vertex 4.4774 10.8094 3.09072e-07
      vertex 0.569007 8.68137 2.92334e-07
    endloop
  endfacet
  facet normal -1.9422e-08 4.35366e-08 -1
    outer loop
      vertex 4.4774 10.8094 3.09072e-07
      vertex 0.564021 8.68154 2.92438e-07
      vertex 0.500359 8.68362 2.93765e-07
    endloop
  endfacet
  facet normal -0.984794 -0.170888 -0.0312791
    outer loop
      vertex -14.3742 4.74797 52.8622
      vertex -11.4752 -2.28256 4.2805e-07
      vertex -14.3324 4.46343 53.1007
    endloop
  endfacet
  facet normal 1.1599e-06 -1.94753e-05 -1
    outer loop
      vertex 0.765216 -11.6749 9.92033e-07
      vertex 1.71619e-07 -11.7 5.93291e-07
      vertex 1.52716 -11.5999 4.15162e-07
    endloop
  endfacet
  facet normal 0.681595 0.717646 0.142873
    outer loop
      vertex 13.1349 -2.60731 75.3719
      vertex -1.3757 15.0457 55.9263
      vertex 12.8208 -2.39143 75.786
    endloop
  endfacet
  facet normal 0.681595 0.717646 0.142873
    outer loop
      vertex -1.3757 15.0457 55.9263
      vertex 13.1349 -2.60731 75.3719
      vertex -1.0616 14.8298 55.5123
    endloop
  endfacet
  facet normal 0.602883 0.76159 0.237725
    outer loop
      vertex 12.4823 -2.20244 76.1939
      vertex -2.07568 15.396 56.7343
      vertex 12.1208 -2.04113 76.5939
    endloop
  endfacet
  facet normal 0.602888 0.761588 0.237719
    outer loop
      vertex -2.07568 15.396 56.7343
      vertex 12.4823 -2.20244 76.1939
      vertex -1.7142 15.2347 56.3343
    endloop
  endfacet
  facet normal 6.93245e-09 2.55758e-09 -1
    outer loop
      vertex -3.02818 -11.3013 1.19551e-07
      vertex 0.564021 -8.68154 1.51154e-07
      vertex 0.569007 -8.68137 1.51189e-07
    endloop
  endfacet
  facet normal 6.97006e-09 2.50583e-09 -1
    outer loop
      vertex -3.02818 -11.3013 1.19551e-07
      vertex -0.564021 -8.68154 1.43291e-07
      vertex 4.57078e-16 -8.7 1.47176e-07
    endloop
  endfacet
  facet normal 6.97038e-09 2.50565e-09 -1
    outer loop
      vertex -3.02818 -11.3013 1.19551e-07
      vertex -1.13061 -8.62606 1.39481e-07
      vertex -0.569007 -8.68137 1.43257e-07
    endloop
  endfacet
  facet normal 6.97101e-09 2.50536e-09 -1
    outer loop
      vertex -3.02818 -11.3013 1.19551e-07
      vertex -1.69236 -8.53364 1.35797e-07
      vertex -1.13558 -8.62557 1.39448e-07
    endloop
  endfacet
  facet normal 6.96504e-09 2.51283e-09 -1
    outer loop
      vertex -3.02818 -11.3013 1.19551e-07
      vertex 0.569007 -8.68137 1.51189e-07
      vertex 0.637361 -8.67464 1.51682e-07
    endloop
  endfacet
  facet normal 6.97095e-09 2.50479e-09 -1
    outer loop
      vertex 0.564021 -8.68154 1.51154e-07
      vertex -3.02818 -11.3013 1.19551e-07
      vertex 4.57078e-16 -8.7 1.47176e-07
    endloop
  endfacet
  facet normal 6.90657e-09 2.56555e-09 -1
    outer loop
      vertex -0.564021 -8.68154 1.43291e-07
      vertex -3.02818 -11.3013 1.19551e-07
      vertex -0.569007 -8.68137 1.43257e-07
    endloop
  endfacet
  facet normal 6.89233e-09 2.56101e-09 -1
    outer loop
      vertex -1.13061 -8.62606 1.39481e-07
      vertex -3.02818 -11.3013 1.19551e-07
      vertex -1.13558 -8.62557 1.39448e-07
    endloop
  endfacet
  facet normal 6.90754e-09 2.536e-09 -1
    outer loop
      vertex -1.69236 -8.53364 1.35797e-07
      vertex -3.02818 -11.3013 1.19551e-07
      vertex -1.69729 -8.53283 1.35765e-07
    endloop
  endfacet
  facet normal 6.97505e-09 2.50354e-09 -1
    outer loop
      vertex -3.02818 -11.3013 1.19551e-07
      vertex -1.70214 -8.5317 1.35734e-07
      vertex -1.69729 -8.53283 1.35765e-07
    endloop
  endfacet
  facet normal 6.97081e-09 2.50557e-09 -1
    outer loop
      vertex -3.02818 -11.3013 1.19551e-07
      vertex -2.25173 -8.40355 1.32224e-07
      vertex -1.70214 -8.5317 1.35734e-07
    endloop
  endfacet
  facet normal 6.84615e-09 2.53897e-09 -1
    outer loop
      vertex -3.02818 -11.3013 1.19551e-07
      vertex -2.2565 -8.40211 1.32195e-07
      vertex -2.25173 -8.40355 1.32224e-07
    endloop
  endfacet
  facet normal 6.97102e-09 2.50574e-09 -1
    outer loop
      vertex -3.02818 -11.3013 1.19551e-07
      vertex -2.79652 -8.23829 1.28841e-07
      vertex -2.2565 -8.40211 1.32195e-07
    endloop
  endfacet
  facet normal 6.96969e-09 2.50584e-09 -1
    outer loop
      vertex -3.02818 -11.3013 1.19551e-07
      vertex -3.32468 -8.03951 1.25658e-07
      vertex -2.79652 -8.23829 1.28841e-07
    endloop
  endfacet
  facet normal 6.93905e-09 2.50305e-09 -1
    outer loop
      vertex -3.02818 -11.3013 1.19551e-07
      vertex -3.32935 -8.03775 1.2563e-07
      vertex -3.32468 -8.03951 1.25658e-07
    endloop
  endfacet
  facet normal 7.08917e-09 2.5169e-09 -1
    outer loop
      vertex -3.02818 -11.3013 1.19551e-07
      vertex -3.33389 -8.03569 1.25603e-07
      vertex -3.32935 -8.03775 1.2563e-07
    endloop
  endfacet
  facet normal 6.96973e-09 2.50572e-09 -1
    outer loop
      vertex -3.02818 -11.3013 1.19551e-07
      vertex -3.84791 -7.80279 1.22604e-07
      vertex -3.33389 -8.03569 1.25603e-07
    endloop
  endfacet
  facet normal 6.96929e-09 2.50562e-09 -1
    outer loop
      vertex -3.02818 -11.3013 1.19551e-07
      vertex -4.3456 -7.53677 1.19802e-07
      vertex -3.84791 -7.80279 1.22604e-07
    endloop
  endfacet
  facet normal 7.03171e-09 2.52747e-09 -1
    outer loop
      vertex -3.02818 -11.3013 1.19551e-07
      vertex -4.35 -7.53442 1.19777e-07
      vertex -4.3456 -7.53677 1.19802e-07
    endloop
  endfacet
  facet normal 6.97152e-09 2.50634e-09 -1
    outer loop
      vertex -3.02818 -11.3013 1.19551e-07
      vertex -4.82922 -7.23642 1.17183e-07
      vertex -4.35 -7.53442 1.19777e-07
    endloop
  endfacet
  facet normal 6.65684e-09 2.36692e-09 -1
    outer loop
      vertex -3.02818 -11.3013 1.19551e-07
      vertex -4.83346 -7.23379 1.17161e-07
      vertex -4.82922 -7.23642 1.17183e-07
    endloop
  endfacet
  facet normal 6.96783e-09 2.50494e-09 -1
    outer loop
      vertex -3.02818 -11.3013 1.19551e-07
      vertex -4.83752 -7.23088 1.1714e-07
      vertex -4.83346 -7.23379 1.17161e-07
    endloop
  endfacet
  facet normal 6.97185e-09 2.50673e-09 -1
    outer loop
      vertex -3.02818 -11.3013 1.19551e-07
      vertex -5.29622 -6.90217 1.14766e-07
      vertex -4.83752 -7.23088 1.1714e-07
    endloop
  endfacet
  facet normal 6.9763e-09 2.50903e-09 -1
    outer loop
      vertex -3.02818 -11.3013 1.19551e-07
      vertex -5.30008 -6.89901 1.14747e-07
      vertex -5.29622 -6.90217 1.14766e-07
    endloop
  endfacet
  facet normal 6.96819e-09 2.50484e-09 -1
    outer loop
      vertex -3.02818 -11.3013 1.19551e-07
      vertex -5.73631 -6.54101 1.12604e-07
      vertex -5.30008 -6.89901 1.14747e-07
    endloop
  endfacet
  facet normal 7.07248e-09 2.56417e-09 -1
    outer loop
      vertex -3.02818 -11.3013 1.19551e-07
      vertex -5.73995 -6.5376 1.12587e-07
      vertex -5.73631 -6.54101 1.12604e-07
    endloop
  endfacet
  facet normal 6.96933e-09 2.50545e-09 -1
    outer loop
      vertex -3.02818 -11.3013 1.19551e-07
      vertex -6.15183 -6.15183 1.10683e-07
      vertex -5.73995 -6.5376 1.12587e-07
    endloop
  endfacet
  facet normal 6.97218e-09 2.50718e-09 -1
    outer loop
      vertex -3.02818 -11.3013 1.19551e-07
      vertex -6.5376 -5.73995 1.09026e-07
      vertex -6.15183 -6.15183 1.10683e-07
    endloop
  endfacet
  facet normal 7.28754e-09 2.70618e-09 -1
    outer loop
      vertex -3.02818 -11.3013 1.19551e-07
      vertex -6.54101 -5.73631 1.09011e-07
      vertex -6.5376 -5.73995 1.09026e-07
    endloop
  endfacet
  facet normal 6.97012e-09 2.50581e-09 -1
    outer loop
      vertex -11.5999 -1.52716 8.42973e-08
      vertex -6.54101 -5.73631 1.09011e-07
      vertex -3.02818 -11.3013 1.19551e-07
    endloop
  endfacet
  facet normal 6.97126e-09 2.50719e-09 -1
    outer loop
      vertex -6.54101 -5.73631 1.09011e-07
      vertex -11.5999 -1.52716 8.42973e-08
      vertex -6.89901 -5.30008 1.07609e-07
    endloop
  endfacet
  facet normal 7.18433e-09 2.77266e-09 -1
    outer loop
      vertex -6.89901 -5.30008 1.07609e-07
      vertex -11.5999 -1.52716 8.42973e-08
      vertex -6.90217 -5.29622 1.07597e-07
    endloop
  endfacet
  facet normal 6.96928e-09 2.50462e-09 -1
    outer loop
      vertex -6.90217 -5.29622 1.07597e-07
      vertex -11.5999 -1.52716 8.42973e-08
      vertex -7.23088 -4.83752 1.06455e-07
    endloop
  endfacet
  facet normal 6.87151e-09 2.37549e-09 -1
    outer loop
      vertex -11.5999 -1.52716 8.42973e-08
      vertex -7.23642 -4.82922 1.06437e-07
      vertex -7.23379 -4.83346 1.06445e-07
    endloop
  endfacet
  facet normal 6.97053e-09 2.50659e-09 -1
    outer loop
      vertex -11.5999 -1.52716 8.42973e-08
      vertex -8.03569 -3.33389 1.04613e-07
      vertex -7.80279 -3.84791 1.04948e-07
    endloop
  endfacet
  facet normal 6.97349e-09 2.56562e-09 -1
    outer loop
      vertex -11.5999 -1.52716 8.42973e-08
      vertex -8.53364 -1.69236 1.05256e-07
      vertex -8.53283 -1.69729 1.05249e-07
    endloop
  endfacet
  facet normal 6.9703e-09 2.50632e-09 -1
    outer loop
      vertex -8.53364 -1.69236 1.05256e-07
      vertex -11.5999 -1.52716 8.42973e-08
      vertex -8.57726 -1.42821 1.05614e-07
    endloop
  endfacet
  facet normal 6.96697e-09 2.44797e-09 -1
    outer loop
      vertex -8.5317 -1.70214 1.05245e-07
      vertex -11.5999 -1.52716 8.42973e-08
      vertex -8.53283 -1.69729 1.05249e-07
    endloop
  endfacet
  facet normal 6.97027e-09 2.50594e-09 -1
    outer loop
      vertex -8.40355 -2.25173 1.04761e-07
      vertex -11.5999 -1.52716 8.42973e-08
      vertex -8.5317 -1.70214 1.05245e-07
    endloop
  endfacet
  facet normal 6.97455e-09 2.52481e-09 -1
    outer loop
      vertex -8.40211 -2.2565 1.04759e-07
      vertex -11.5999 -1.52716 8.42973e-08
      vertex -8.40355 -2.25173 1.04761e-07
    endloop
  endfacet
  facet normal 6.97052e-09 2.50715e-09 -1
    outer loop
      vertex -8.23829 -2.79652 1.04547e-07
      vertex -11.5999 -1.52716 8.42973e-08
      vertex -8.40211 -2.2565 1.04759e-07
    endloop
  endfacet
  facet normal 6.97004e-09 2.50588e-09 -1
    outer loop
      vertex -8.03951 -3.32468 1.04609e-07
      vertex -11.5999 -1.52716 8.42973e-08
      vertex -8.23829 -2.79652 1.04547e-07
    endloop
  endfacet
  facet normal 6.91194e-09 2.3908e-09 -1
    outer loop
      vertex -8.03775 -3.32935 1.0461e-07
      vertex -11.5999 -1.52716 8.42973e-08
      vertex -8.03951 -3.32468 1.04609e-07
    endloop
  endfacet
  facet normal 6.96754e-09 2.50069e-09 -1
    outer loop
      vertex -8.03569 -3.33389 1.04613e-07
      vertex -11.5999 -1.52716 8.42973e-08
      vertex -8.03775 -3.32935 1.0461e-07
    endloop
  endfacet
  facet normal 6.97016e-09 2.50598e-09 -1
    outer loop
      vertex -7.53677 -4.3456 1.05555e-07
      vertex -11.5999 -1.52716 8.42973e-08
      vertex -7.80279 -3.84791 1.04948e-07
    endloop
  endfacet
  facet normal 6.80827e-09 2.2726e-09 -1
    outer loop
      vertex -7.53442 -4.35 1.05561e-07
      vertex -11.5999 -1.52716 8.42973e-08
      vertex -7.53677 -4.3456 1.05555e-07
    endloop
  endfacet
  facet normal 6.97092e-09 2.50686e-09 -1
    outer loop
      vertex -7.23642 -4.82922 1.06437e-07
      vertex -11.5999 -1.52716 8.42973e-08
      vertex -7.53442 -4.35 1.05561e-07
    endloop
  endfacet
  facet normal 7.01495e-09 2.5649e-09 -1
    outer loop
      vertex -7.23088 -4.83752 1.06455e-07
      vertex -11.5999 -1.52716 8.42973e-08
      vertex -7.23379 -4.83346 1.06445e-07
    endloop
  endfacet
  facet normal 6.97024e-09 2.50374e-09 -1
    outer loop
      vertex 11.6749 -0.765217 2.48435e-07
      vertex 8.62606 -1.13061 2.26269e-07
      vertex 8.6523 -0.864168 2.27119e-07
    endloop
  endfacet
  facet normal 6.9668e-09 2.53245e-09 -1
    outer loop
      vertex 11.6749 -0.765217 2.48435e-07
      vertex 8.62557 -1.13558 2.26253e-07
      vertex 8.62606 -1.13061 2.26269e-07
    endloop
  endfacet
  facet normal 6.97002e-09 2.50592e-09 -1
    outer loop
      vertex 11.6749 -0.765217 2.48435e-07
      vertex 8.53364 -1.69236 2.24217e-07
      vertex 8.62557 -1.13558 2.26253e-07
    endloop
  endfacet
  facet normal 6.97002e-09 2.50594e-09 -1
    outer loop
      vertex 11.6749 -0.765217 2.48435e-07
      vertex 8.53283 -1.69729 2.24199e-07
      vertex 8.53364 -1.69236 2.24217e-07
    endloop
  endfacet
  facet normal 6.97198e-09 2.49931e-09 -1
    outer loop
      vertex 11.6749 -0.765217 2.48435e-07
      vertex 8.5317 -1.70214 2.24179e-07
      vertex 8.53283 -1.69729 2.24199e-07
    endloop
  endfacet
  facet normal 6.96968e-09 2.50702e-09 -1
    outer loop
      vertex 11.6749 -0.765217 2.48435e-07
      vertex 8.40355 -2.25173 2.21908e-07
      vertex 8.5317 -1.70214 2.24179e-07
    endloop
  endfacet
  facet normal 6.96912e-09 2.50828e-09 -1
    outer loop
      vertex 11.6749 -0.765217 2.48435e-07
      vertex 8.40211 -2.2565 2.21886e-07
      vertex 8.40355 -2.25173 2.21908e-07
    endloop
  endfacet
  facet normal 6.97029e-09 2.5057e-09 -1
    outer loop
      vertex 11.6749 -0.765217 2.48435e-07
      vertex 8.23829 -2.79652 2.19391e-07
      vertex 8.40211 -2.2565 2.21886e-07
    endloop
  endfacet
  facet normal 6.97024e-09 2.50579e-09 -1
    outer loop
      vertex 11.6749 -0.765217 2.48435e-07
      vertex 8.03951 -3.32468 2.16682e-07
      vertex 8.23829 -2.79652 2.19391e-07
    endloop
  endfacet
  facet normal 6.96401e-09 2.51464e-09 -1
    outer loop
      vertex 11.6749 -0.765217 2.48435e-07
      vertex 8.03775 -3.32935 2.16658e-07
      vertex 8.03951 -3.32468 2.16682e-07
    endloop
  endfacet
  facet normal 7.13805e-09 2.26776e-09 -1
    outer loop
      vertex 11.6749 -0.765217 2.48435e-07
      vertex 8.03569 -3.33389 2.16633e-07
      vertex 8.03775 -3.32935 2.16658e-07
    endloop
  endfacet
  facet normal 6.96215e-09 2.51697e-09 -1
    outer loop
      vertex 8.03569 -3.33389 2.16633e-07
      vertex 11.6749 -0.765217 2.48435e-07
      vertex 8.00941 -3.39191 2.16304e-07
    endloop
  endfacet
  facet normal 6.75845e-09 9.31824e-09 -1
    outer loop
      vertex -11.5999 -1.52716 8.42973e-08
      vertex -8.62606 -1.13061 1.08091e-07
      vertex -8.62557 -1.13558 1.08048e-07
    endloop
  endfacet
  facet normal 6.73555e-09 9.45548e-09 -1
    outer loop
      vertex -11.5999 -1.52716 8.42973e-08
      vertex -8.68154 -0.564021 1.13061e-07
      vertex -8.68137 -0.569007 1.13015e-07
    endloop
  endfacet
  facet normal 6.74293e-09 9.43311e-09 -1
    outer loop
      vertex -8.68154 -0.564021 1.13061e-07
      vertex -11.5999 -1.52716 8.42973e-08
      vertex -8.7 -2.70343e-16 1.18257e-07
    endloop
  endfacet
  facet normal 6.7433e-09 9.43188e-09 -1
    outer loop
      vertex -8.62606 -1.13061 1.08091e-07
      vertex -11.5999 -1.52716 8.42973e-08
      vertex -8.68137 -0.569007 1.13015e-07
    endloop
  endfacet
  facet normal 6.74361e-09 9.43097e-09 -1
    outer loop
      vertex -11.5999 -1.52716 8.42973e-08
      vertex -8.62557 -1.13558 1.08048e-07
      vertex -8.57726 -1.42821 1.05614e-07
    endloop
  endfacet
  facet normal 6.74383e-09 9.4314e-09 -1
    outer loop
      vertex -11.5999 -1.52716 8.42973e-08
      vertex -8.68154 0.564021 1.23701e-07
      vertex -8.7 -2.70343e-16 1.18257e-07
    endloop
  endfacet
  facet normal 6.74365e-09 9.43157e-09 -1
    outer loop
      vertex -8.68137 0.569007 1.23749e-07
      vertex -11.5999 -1.52716 8.42973e-08
      vertex -8.66611 0.724028 1.25314e-07
    endloop
  endfacet
  facet normal 6.76909e-09 9.39616e-09 -1
    outer loop
      vertex -8.68154 0.564021 1.23701e-07
      vertex -11.5999 -1.52716 8.42973e-08
      vertex -8.68137 0.569007 1.23749e-07
    endloop
  endfacet
  facet normal 6.74357e-09 9.43318e-09 -1
    outer loop
      vertex 11.6749 -0.765217 2.48435e-07
      vertex 8.68154 -0.564021 2.30147e-07
      vertex 8.7 2.70343e-16 2.35592e-07
    endloop
  endfacet
  facet normal 6.74114e-09 9.39711e-09 -1
    outer loop
      vertex 11.6749 -0.765217 2.48435e-07
      vertex 8.68137 -0.569007 2.30099e-07
      vertex 8.68154 -0.564021 2.30147e-07
    endloop
  endfacet
  facet normal 6.74343e-09 9.43203e-09 -1
    outer loop
      vertex 8.68137 -0.569007 2.30099e-07
      vertex 11.6749 -0.765217 2.48435e-07
      vertex 8.6523 -0.864168 2.27119e-07
    endloop
  endfacet
  facet normal 6.74309e-09 9.43135e-09 -1
    outer loop
      vertex 8.68154 0.564021 2.40787e-07
      vertex 11.6749 -0.765217 2.48435e-07
      vertex 8.7 2.70343e-16 2.35592e-07
    endloop
  endfacet
  facet normal 6.75409e-09 9.45612e-09 -1
    outer loop
      vertex 8.68137 0.569007 2.40833e-07
      vertex 11.6749 -0.765217 2.48435e-07
      vertex 8.68154 0.564021 2.40787e-07
    endloop
  endfacet
  facet normal 6.74329e-09 9.43188e-09 -1
    outer loop
      vertex 8.62606 1.13061 2.45757e-07
      vertex 11.6749 -0.765217 2.48435e-07
      vertex 8.68137 0.569007 2.40833e-07
    endloop
  endfacet
  facet normal 6.80031e-09 9.52357e-09 -1
    outer loop
      vertex 8.62557 1.13558 2.45801e-07
      vertex 11.6749 -0.765217 2.48435e-07
      vertex 8.62606 1.13061 2.45757e-07
    endloop
  endfacet
  facet normal 6.74242e-09 9.43071e-09 -1
    outer loop
      vertex 8.53364 1.69236 2.50432e-07
      vertex 11.6749 -0.765217 2.48435e-07
      vertex 8.62557 1.13558 2.45801e-07
    endloop
  endfacet
  facet normal 6.73659e-09 9.42325e-09 -1
    outer loop
      vertex 8.53283 1.69729 2.50473e-07
      vertex 11.6749 -0.765217 2.48435e-07
      vertex 8.53364 1.69236 2.50432e-07
    endloop
  endfacet
  facet normal 6.71871e-09 9.40044e-09 -1
    outer loop
      vertex 8.5317 1.70214 2.50511e-07
      vertex 11.6749 -0.765217 2.48435e-07
      vertex 8.53283 1.69729 2.50473e-07
    endloop
  endfacet
  facet normal 6.74426e-09 9.43299e-09 -1
    outer loop
      vertex 8.40355 2.25173 2.54831e-07
      vertex 11.6749 -0.765217 2.48435e-07
      vertex 8.5317 1.70214 2.50511e-07
    endloop
  endfacet
  facet normal 6.66826e-09 9.35059e-09 -1
    outer loop
      vertex 8.40211 2.2565 2.54866e-07
      vertex 11.6749 -0.765217 2.48435e-07
      vertex 8.40355 2.25173 2.54831e-07
    endloop
  endfacet
  facet normal 6.744e-09 9.43262e-09 -1
    outer loop
      vertex 8.23829 2.79652 2.58855e-07
      vertex 11.6749 -0.765217 2.48435e-07
      vertex 8.40211 2.2565 2.54866e-07
    endloop
  endfacet
  facet normal 6.74285e-09 9.4315e-09 -1
    outer loop
      vertex 8.03951 3.32468 2.62496e-07
      vertex 11.6749 -0.765217 2.48435e-07
      vertex 8.23829 2.79652 2.58855e-07
    endloop
  endfacet
  facet normal 6.66852e-09 9.36544e-09 -1
    outer loop
      vertex 8.03775 3.32935 2.62528e-07
      vertex 11.6749 -0.765217 2.48435e-07
      vertex 8.03951 3.32468 2.62496e-07
    endloop
  endfacet
  facet normal 6.77906e-09 9.46362e-09 -1
    outer loop
      vertex 8.03569 3.33389 2.62557e-07
      vertex 11.6749 -0.765217 2.48435e-07
      vertex 8.03775 3.32935 2.62528e-07
    endloop
  endfacet
  facet normal 6.74482e-09 9.43323e-09 -1
    outer loop
      vertex 7.80279 3.84791 2.65835e-07
      vertex 11.6749 -0.765217 2.48435e-07
      vertex 8.03569 3.33389 2.62557e-07
    endloop
  endfacet
  facet normal 6.74767e-09 9.43563e-09 -1
    outer loop
      vertex 7.53677 4.3456 2.68736e-07
      vertex 11.6749 -0.765217 2.48435e-07
      vertex 7.80279 3.84791 2.65835e-07
    endloop
  endfacet
  facet normal 6.20362e-09 8.99512e-09 -1
    outer loop
      vertex 7.53442 4.35 2.68761e-07
      vertex 11.6749 -0.765217 2.48435e-07
      vertex 7.53677 4.3456 2.68736e-07
    endloop
  endfacet
  facet normal 6.7491e-09 9.43665e-09 -1
    outer loop
      vertex 7.23642 4.82922 2.71272e-07
      vertex 11.6749 -0.765217 2.48435e-07
      vertex 7.53442 4.35 2.68761e-07
    endloop
  endfacet
  facet normal 6.39311e-09 9.15422e-09 -1
    outer loop
      vertex 7.23379 4.83346 2.71294e-07
      vertex 11.6749 -0.765217 2.48435e-07
      vertex 7.23642 4.82922 2.71272e-07
    endloop
  endfacet
  facet normal 6.42613e-09 9.28572e-09 -1
    outer loop
      vertex 4.4774 10.8094 3.09072e-07
      vertex 7.23379 4.83346 2.71294e-07
      vertex 7.23088 4.83752 2.71313e-07
    endloop
  endfacet
  facet normal 6.74203e-09 9.43137e-09 -1
    outer loop
      vertex 4.4774 10.8094 3.09072e-07
      vertex 7.23088 4.83752 2.71313e-07
      vertex 6.90217 5.29622 2.73423e-07
    endloop
  endfacet
  facet normal 6.7457e-09 9.43301e-09 -1
    outer loop
      vertex 4.4774 10.8094 3.09072e-07
      vertex 6.89901 5.30008 2.73438e-07
      vertex 6.54101 5.73631 2.75138e-07
    endloop
  endfacet
  facet normal 6.9861e-09 9.48303e-09 -1
    outer loop
      vertex 4.4774 10.8094 3.09072e-07
      vertex 5.30008 6.89901 2.77737e-07
      vertex 5.29622 6.90217 2.7774e-07
    endloop
  endfacet
  facet normal 6.76166e-09 9.43379e-09 -1
    outer loop
      vertex 4.4774 10.8094 3.09072e-07
      vertex 4.83752 7.23088 2.77748e-07
      vertex 4.83346 7.23379 2.77748e-07
    endloop
  endfacet
  facet normal 6.74334e-09 9.43204e-09 -1
    outer loop
      vertex 7.23379 4.83346 2.71294e-07
      vertex 4.4774 10.8094 3.09072e-07
      vertex 11.6749 -0.765217 2.48435e-07
    endloop
  endfacet
  facet normal 6.81062e-09 9.46154e-09 -1
    outer loop
      vertex 6.89901 5.30008 2.73438e-07
      vertex 4.4774 10.8094 3.09072e-07
      vertex 6.90217 5.29622 2.73423e-07
    endloop
  endfacet
  facet normal 6.91846e-09 9.50328e-09 -1
    outer loop
      vertex 6.5376 5.73995 2.75149e-07
      vertex 4.4774 10.8094 3.09072e-07
      vertex 6.54101 5.73631 2.75138e-07
    endloop
  endfacet
  facet normal 6.74115e-09 9.43122e-09 -1
    outer loop
      vertex 6.15183 6.15183 2.76433e-07
      vertex 4.4774 10.8094 3.09072e-07
      vertex 6.5376 5.73995 2.75149e-07
    endloop
  endfacet
  facet normal 6.74385e-09 9.4322e-09 -1
    outer loop
      vertex 5.73995 6.5376 2.77294e-07
      vertex 4.4774 10.8094 3.09072e-07
      vertex 6.15183 6.15183 2.76433e-07
    endloop
  endfacet
  facet normal 6.97794e-09 9.50138e-09 -1
    outer loop
      vertex 5.73631 6.54101 2.77301e-07
      vertex 4.4774 10.8094 3.09072e-07
      vertex 5.73995 6.5376 2.77294e-07
    endloop
  endfacet
  facet normal 6.74055e-09 9.43136e-09 -1
    outer loop
      vertex 5.30008 6.89901 2.77737e-07
      vertex 4.4774 10.8094 3.09072e-07
      vertex 5.73631 6.54101 2.77301e-07
    endloop
  endfacet
  facet normal 6.74147e-09 9.43176e-09 -1
    outer loop
      vertex 4.83752 7.23088 2.77748e-07
      vertex 4.4774 10.8094 3.09072e-07
      vertex 5.29622 6.90217 2.7774e-07
    endloop
  endfacet
  facet normal 6.79721e-09 9.43733e-09 -1
    outer loop
      vertex 4.82922 7.23642 2.77744e-07
      vertex 4.4774 10.8094 3.09072e-07
      vertex 4.83346 7.23379 2.77748e-07
    endloop
  endfacet
  facet normal 6.74379e-09 9.43207e-09 -1
    outer loop
      vertex 4.35 7.53442 2.77323e-07
      vertex 4.4774 10.8094 3.09072e-07
      vertex 4.82922 7.23642 2.77744e-07
    endloop
  endfacet
  facet normal 6.63084e-09 9.43646e-09 -1
    outer loop
      vertex 4.3456 7.53677 2.77316e-07
      vertex 4.4774 10.8094 3.09072e-07
      vertex 4.35 7.53442 2.77323e-07
    endloop
  endfacet
  facet normal 6.74332e-09 9.43193e-09 -1
    outer loop
      vertex 3.84791 7.80279 2.76469e-07
      vertex 4.4774 10.8094 3.09072e-07
      vertex 4.3456 7.53677 2.77316e-07
    endloop
  endfacet
  facet normal 6.7442e-09 9.43175e-09 -1
    outer loop
      vertex 3.33389 8.03569 2.75199e-07
      vertex 4.4774 10.8094 3.09072e-07
      vertex 3.84791 7.80279 2.76469e-07
    endloop
  endfacet
  facet normal 6.70908e-09 9.44623e-09 -1
    outer loop
      vertex 3.32935 8.03775 2.75188e-07
      vertex 4.4774 10.8094 3.09072e-07
      vertex 3.33389 8.03569 2.75199e-07
    endloop
  endfacet
  facet normal 6.76353e-09 9.42368e-09 -1
    outer loop
      vertex 3.32468 8.03951 2.75173e-07
      vertex 4.4774 10.8094 3.09072e-07
      vertex 3.32935 8.03775 2.75188e-07
    endloop
  endfacet
  facet normal 6.74391e-09 9.43184e-09 -1
    outer loop
      vertex 2.79652 8.23829 2.73486e-07
      vertex 4.4774 10.8094 3.09072e-07
      vertex 3.32468 8.03951 2.75173e-07
    endloop
  endfacet
  facet normal 6.74279e-09 9.43257e-09 -1
    outer loop
      vertex 2.2565 8.40211 2.7139e-07
      vertex 4.4774 10.8094 3.09072e-07
      vertex 2.79652 8.23829 2.73486e-07
    endloop
  endfacet
  facet normal 6.81163e-09 9.36907e-09 -1
    outer loop
      vertex 2.25173 8.40355 2.71371e-07
      vertex 4.4774 10.8094 3.09072e-07
      vertex 2.2565 8.40211 2.7139e-07
    endloop
  endfacet
  facet normal 6.74284e-09 9.4327e-09 -1
    outer loop
      vertex 1.70214 8.5317 2.68874e-07
      vertex 4.4774 10.8094 3.09072e-07
      vertex 2.25173 8.40355 2.71371e-07
    endloop
  endfacet
  facet normal 6.7358e-09 9.44128e-09 -1
    outer loop
      vertex 1.69729 8.53283 2.68852e-07
      vertex 4.4774 10.8094 3.09072e-07
      vertex 1.70214 8.5317 2.68874e-07
    endloop
  endfacet
  facet normal 6.81013e-09 9.35052e-09 -1
    outer loop
      vertex 1.69236 8.53364 2.68826e-07
      vertex 4.4774 10.8094 3.09072e-07
      vertex 1.69729 8.53283 2.68852e-07
    endloop
  endfacet
  facet normal 6.74116e-09 9.43491e-09 -1
    outer loop
      vertex 4.4774 10.8094 3.09072e-07
      vertex 1.69236 8.53364 2.68826e-07
      vertex 1.5436 8.55821 2.68055e-07
    endloop
  endfacet
  facet normal 0.848495 0.527639 0.0406762
    outer loop
      vertex 10.1325 5.85 33
      vertex 9.72819 6.50017 33
      vertex 13.9178 -3.40639 74.1106
    endloop
  endfacet
  facet normal 7.04262e-07 -2.70751e-07 -1
    outer loop
      vertex 10.1325 -5.85 5.38892e-07
      vertex 11.6749 -0.765217 2.48435e-07
      vertex 10.8094 -4.4774 6.43974e-07
    endloop
  endfacet
  facet normal 0.998455 -0.0327504 -0.0448986
    outer loop
      vertex 11.6749 -0.765217 2.48435e-07
      vertex 11.7 1.78567e-07 6.37601e-07
      vertex 14.6787 -6.41838 70.9221
    endloop
  endfacet
  facet normal 4.13523e-08 3.09531e-08 -1
    outer loop
      vertex 11.6749 -0.765217 2.48435e-07
      vertex 4.4774 10.8094 3.09072e-07
      vertex 5.85 10.1325 3.4488e-07
    endloop
  endfacet
  facet normal 7.31808e-08 4.79656e-08 -1
    outer loop
      vertex 11.6749 -0.765217 2.48435e-07
      vertex 5.85 10.1325 3.4488e-07
      vertex 9.72819 6.50017 4.54462e-07
    endloop
  endfacet
  facet normal 0.71595 0.691597 0.0954435
    outer loop
      vertex 13.1349 -2.60731 75.3719
      vertex 8.27315 8.27315 33
      vertex -1.0616 14.8298 55.5123
    endloop
  endfacet
  facet normal -2.71514e-08 1.17169e-07 -1
    outer loop
      vertex 4.4774 10.8094 3.09072e-07
      vertex -3.02818 11.3013 5.70494e-07
      vertex 3.76084 11.0791 3.60128e-07
    endloop
  endfacet
  facet normal 0.288324 0.956562 -0.0431004
    outer loop
      vertex -2.07568 15.396 56.7343
      vertex 3.02818 11.3013 1.06703e-06
      vertex -2.45857 15.529 57.1247
    endloop
  endfacet
  facet normal 0.0492669 0.996603 -0.0660014
    outer loop
      vertex -3.28196 15.7075 57.8701
      vertex 0.765216 11.6749 1.17241e-06
      vertex -3.71893 15.7524 58.2219
    endloop
  endfacet
  facet normal -1.21988e-05 9.08705e-07 -1
    outer loop
      vertex -11.6749 0.765217 9.38148e-07
      vertex -11.5999 1.52716 7.15618e-07
      vertex -11.7 -4.31578e-08 5.48982e-07
    endloop
  endfacet
  facet normal 1.51343e-06 2.30669e-05 -1
    outer loop
      vertex 1.52716 11.5999 5.9554e-07
      vertex 1.71619e-07 11.7 5.93291e-07
      vertex 0.765216 11.6749 1.17241e-06
    endloop
  endfacet
  facet normal -2.33183e-08 2.34284e-07 -1
    outer loop
      vertex 3.76084 11.0791 3.60128e-07
      vertex -3.02818 11.3013 5.70494e-07
      vertex 1.71619e-07 11.7 5.93291e-07
    endloop
  endfacet
  facet normal -0.954031 0.290468 -0.0738476
    outer loop
      vertex -13.9518 7.31068 51.0749
      vertex -11.0791 3.76084 9.77031e-07
      vertex -14.0788 6.94979 51.2961
    endloop
  endfacet
  facet normal -7.3201e-06 5.88922e-07 -1
    outer loop
      vertex -11.5999 1.52716 7.15618e-07
      vertex -11.4752 2.28256 2.47673e-07
      vertex -11.7 -4.31578e-08 5.48982e-07
    endloop
  endfacet
  facet normal -0.680775 0.727431 -0.0859598
    outer loop
      vertex -10.396 11.4937 44.0661
      vertex -8.27315 8.27315 8.14136e-07
      vertex -10.4492 11.4465 44.088
    endloop
  endfacet
  facet normal -0.681287 0.726953 -0.0859495
    outer loop
      vertex -10.2917 11.5877 44.0344
      vertex -8.27315 8.27315 8.14136e-07
      vertex -10.396 11.4937 44.0661
    endloop
  endfacet
  facet normal -0.681067 0.727159 -0.0859549
    outer loop
      vertex -8.27315 8.27315 8.14136e-07
      vertex -10.2917 11.5877 44.0344
      vertex -7.71435 8.79653 7.36019e-07
    endloop
  endfacet
  facet normal -0.809443 -0.580036 0.0914345
    outer loop
      vertex -9.28223 -7.12251 33
      vertex -7.40541 -8.17912 42.9121
      vertex -9.72819 -6.50017 33
    endloop
  endfacet
  facet normal -0.809445 -0.580034 0.0914349
    outer loop
      vertex -7.40541 -8.17912 42.9121
      vertex -9.28223 -7.12251 33
      vertex -6.90812 -8.76278 43.6119
    endloop
  endfacet
  facet normal -0.809433 -0.580051 0.0914283
    outer loop
      vertex -3.8534 -10.8733 57.2659
      vertex -0.325706 -13.2965 73.1237
      vertex -4.1255 -10.5499 56.9087
    endloop
  endfacet
  facet normal -0.809114 -0.580518 0.0912861
    outer loop
      vertex -0.325706 -13.2965 73.1237
      vertex -3.8534 -10.8733 57.2659
      vertex -0.296878 -13.3305 73.163
    endloop
  endfacet
  facet normal -0.962399 -0.271125 -0.0167211
    outer loop
      vertex -13.3928 2.09843 37.2527
      vertex -11.3013 -3.02818 8.81528e-07
      vertex -13.348 1.95446 37.0086
    endloop
  endfacet
  facet normal -0.962155 -0.271999 -0.0165871
    outer loop
      vertex -13.4435 2.2516 37.6819
      vertex -11.3013 -3.02818 8.81528e-07
      vertex -13.3928 2.09843 37.2527
    endloop
  endfacet
  facet normal -0.964451 -0.263656 -0.0178867
    outer loop
      vertex -11.3013 -3.02818 8.81528e-07
      vertex -13.4435 2.2516 37.6819
      vertex -13.453 2.27686 37.8218
    endloop
  endfacet
  facet normal -0.962443 -0.270966 -0.0167483
    outer loop
      vertex -13.4906 2.31864 39.3097
      vertex -14.3241 4.42465 53.1343
      vertex -13.4924 2.36194 38.7126
    endloop
  endfacet
  facet normal -0.962059 -0.272339 -0.0165298
    outer loop
      vertex -13.4924 2.36194 38.7126
      vertex -14.3241 4.42465 53.1343
      vertex -13.4808 2.34538 38.3103
    endloop
  endfacet
  facet normal -0.962293 -0.271506 -0.0166571
    outer loop
      vertex -13.4852 2.28847 39.4895
      vertex -14.3241 4.42465 53.1343
      vertex -13.4906 2.31864 39.3097
    endloop
  endfacet
  facet normal -0.962312 -0.271437 -0.016669
    outer loop
      vertex -14.3241 4.42465 53.1343
      vertex -13.4852 2.28847 39.4895
      vertex -14.2529 4.1576 53.3725
    endloop
  endfacet
  facet normal -0.226962 -0.973129 -0.0388333
    outer loop
      vertex 2.90338 -15.5315 71.3382
      vertex -3.02818 -11.3013 1.19551e-07
      vertex -2.28256 -11.4752 5.34675e-07
    endloop
  endfacet
  facet normal 0.717077 0.690486 0.0950288
    outer loop
      vertex 13.4232 -2.84913 74.9535
      vertex 8.27315 8.27315 33
      vertex 13.1349 -2.60731 75.3719
    endloop
  endfacet
  facet normal -0.956581 -0.291144 -0.0137041
    outer loop
      vertex -11.3013 -3.02818 8.81528e-07
      vertex -13.3231 1.87841 36.8862
      vertex -13.348 1.95446 37.0086
    endloop
  endfacet
  facet normal -0.956957 -0.289896 -0.0138908
    outer loop
      vertex -11.3013 -3.02818 8.81528e-07
      vertex -13.2519 1.65432 36.6578
      vertex -13.3231 1.87841 36.8862
    endloop
  endfacet
  facet normal -0.956867 -0.290197 -0.0138474
    outer loop
      vertex -13.2519 1.65432 36.6578
      vertex -11.3013 -3.02818 8.81528e-07
      vertex -11.0791 -3.76084 6.16277e-07
    endloop
  endfacet
  facet normal -0.956877 -0.290164 -0.0138472
    outer loop
      vertex -13.4665 2.20413 39.9646
      vertex -14.2529 4.1576 53.3725
      vertex -13.4852 2.28847 39.4895
    endloop
  endfacet
  facet normal -0.956837 -0.290296 -0.0138255
    outer loop
      vertex -13.4568 2.165 40.1149
      vertex -14.2529 4.1576 53.3725
      vertex -13.4665 2.20413 39.9646
    endloop
  endfacet
  facet normal -0.957254 -0.288906 -0.0140595
    outer loop
      vertex -14.2529 4.1576 53.3725
      vertex -13.4568 2.165 40.1149
      vertex -14.2442 4.12745 53.3997
    endloop
  endfacet
  facet normal -0.550287 -0.834976 4.83107e-05
    outer loop
      vertex -6.50017 -9.7282 33
      vertex -3.11383 -11.959 49.4515
      vertex -3.30034 -11.8361 49.1307
    endloop
  endfacet
  facet normal -0.550119 -0.835086 -1.19963e-06
    outer loop
      vertex -6.50017 -9.7282 33
      vertex -2.51771 -12.3517 50.5431
      vertex -3.11383 -11.959 49.4515
    endloop
  endfacet
  facet normal -0.550042 -0.835137 -2.62452e-05
    outer loop
      vertex -6.50017 -9.7282 33
      vertex -1.98969 -12.6995 51.5836
      vertex -2.51771 -12.3517 50.5431
    endloop
  endfacet
  facet normal -0.550173 -0.83505 1.93809e-05
    outer loop
      vertex -6.50017 -9.7282 33
      vertex -1.53204 -13.001 52.5686
      vertex -1.98969 -12.6995 51.5836
    endloop
  endfacet
  facet normal -0.549941 -0.835203 -6.5078e-05
    outer loop
      vertex -6.50017 -9.7282 33
      vertex -1.1467 -13.2548 53.4939
      vertex -1.53204 -13.001 52.5686
    endloop
  endfacet
  facet normal -0.550115 -0.835089 0
    outer loop
      vertex -6.50017 -9.7282 7.8559e-07
      vertex -1.1467 -13.2548 53.4939
      vertex -6.50017 -9.7282 33
    endloop
  endfacet
  facet normal -0.550357 -0.83493 3.46951e-05
    outer loop
      vertex -1.1467 -13.2548 53.4939
      vertex -6.50017 -9.7282 7.8559e-07
      vertex -0.835343 -13.46 54.3555
    endloop
  endfacet
  facet normal -0.546649 -0.837362 -0.000539462
    outer loop
      vertex -0.439558 -13.7207 55.8731
      vertex -6.50017 -9.7282 7.8559e-07
      vertex -0.393957 -13.7507 56.2311
    endloop
  endfacet
  facet normal -0.549931 -0.83521 -2.97275e-05
    outer loop
      vertex -0.599292 -13.6155 55.1497
      vertex -6.50017 -9.7282 7.8559e-07
      vertex -0.439558 -13.7207 55.8731
    endloop
  endfacet
  facet normal -0.550115 -0.835089 -1.45568e-06
    outer loop
      vertex -0.835343 -13.46 54.3555
      vertex -6.50017 -9.7282 7.8559e-07
      vertex -0.599292 -13.6155 55.1497
    endloop
  endfacet
  facet normal -0.550363 -0.834925 5.16148e-05
    outer loop
      vertex 1.41784 -14.9443 72.9157
      vertex 0.326347 -14.2252 66.6581
      vertex 0.403868 -14.2763 66.6588
    endloop
  endfacet
  facet normal -0.549876 -0.835246 -7.02629e-05
    outer loop
      vertex 1.41784 -14.9443 72.9157
      vertex 0.249488 -14.1746 66.6505
      vertex 0.326347 -14.2252 66.6581
    endloop
  endfacet
  facet normal -0.550278 -0.834981 3.72605e-05
    outer loop
      vertex 1.41784 -14.9443 72.9157
      vertex 0.173618 -14.1246 66.6361
      vertex 0.249488 -14.1746 66.6505
    endloop
  endfacet
  facet normal -0.544827 -0.838547 -0.00150829
    outer loop
      vertex 0.173618 -14.1246 66.6361
      vertex 1.41784 -14.9443 72.9157
      vertex 0.17208 -14.1236 66.6357
    endloop
  endfacet
  facet normal -0.550236 -0.835009 2.19442e-05
    outer loop
      vertex 0.481718 -14.3276 66.6527
      vertex 1.41784 -14.9443 72.9157
      vertex 0.403868 -14.2763 66.6588
    endloop
  endfacet
  facet normal -0.550258 -0.834994 2.68189e-05
    outer loop
      vertex 0.559563 -14.3789 66.6398
      vertex 1.41784 -14.9443 72.9157
      vertex 0.481718 -14.3276 66.6527
    endloop
  endfacet
  facet normal -0.549691 -0.835368 -8.44842e-05
    outer loop
      vertex 0.637071 -14.4299 66.6202
      vertex 1.41784 -14.9443 72.9157
      vertex 0.559563 -14.3789 66.6398
    endloop
  endfacet
  facet normal -0.549993 -0.835169 -3.07321e-05
    outer loop
      vertex 0.713909 -14.4805 66.5939
      vertex 1.41784 -14.9443 72.9157
      vertex 0.637071 -14.4299 66.6202
    endloop
  endfacet
  facet normal -0.551003 -0.834504 0.000130499
    outer loop
      vertex 1.41784 -14.9443 72.9157
      vertex 0.713909 -14.4805 66.5939
      vertex 0.730567 -14.4915 66.5867
    endloop
  endfacet
  facet normal -0.549539 -0.835468 -0.000170262
    outer loop
      vertex -1.40103 -13.0873 58.7054
      vertex -0.304847 -13.8094 63.9651
      vertex -0.346369 -13.7821 64.0221
    endloop
  endfacet
  facet normal -0.55061 -0.834763 0.00014968
    outer loop
      vertex -1.40103 -13.0873 58.7054
      vertex -0.244679 -13.8491 63.8918
      vertex -0.304847 -13.8094 63.9651
    endloop
  endfacet
  facet normal -0.549518 -0.835482 -0.000199401
    outer loop
      vertex -1.40103 -13.0873 58.7054
      vertex -0.181406 -13.8907 63.8235
      vertex -0.244679 -13.8491 63.8918
    endloop
  endfacet
  facet normal -0.550476 -0.834851 0.000127995
    outer loop
      vertex -1.40103 -13.0873 58.7054
      vertex -0.115297 -13.9343 63.7606
      vertex -0.181406 -13.8907 63.8235
    endloop
  endfacet
  facet normal -0.549902 -0.835229 -8.13395e-05
    outer loop
      vertex -1.40103 -13.0873 58.7054
      vertex -0.0466357 -13.9795 63.7032
      vertex -0.115297 -13.9343 63.7606
    endloop
  endfacet
  facet normal -0.54999 -0.835171 -4.72242e-05
    outer loop
      vertex -1.40103 -13.0873 58.7054
      vertex 0.0242836 -14.0262 63.6517
      vertex -0.0466357 -13.9795 63.7032
    endloop
  endfacet
  facet normal -0.550077 -0.835114 -1.11699e-05
    outer loop
      vertex -1.40103 -13.0873 58.7054
      vertex 0.0971569 -14.0742 63.6062
      vertex 0.0242836 -14.0262 63.6517
    endloop
  endfacet
  facet normal -0.550193 -0.835037 3.94819e-05
    outer loop
      vertex -1.40103 -13.0873 58.7054
      vertex 0.171674 -14.1233 63.5669
      vertex 0.0971569 -14.0742 63.6062
    endloop
  endfacet
  facet normal -0.550391 -0.834907 0.000131106
    outer loop
      vertex -1.40103 -13.0873 58.7054
      vertex 0.247513 -14.1733 63.5341
      vertex 0.171674 -14.1233 63.5669
    endloop
  endfacet
  facet normal -0.55 -0.835165 -6.00442e-05
    outer loop
      vertex -1.40103 -13.0873 58.7054
      vertex 0.324351 -14.2239 63.5078
      vertex 0.247513 -14.1733 63.5341
    endloop
  endfacet
  facet normal -0.550281 -0.83498 8.46863e-05
    outer loop
      vertex -1.40103 -13.0873 58.7054
      vertex 0.394299 -14.27 63.4901
      vertex 0.324351 -14.2239 63.5078
    endloop
  endfacet
  facet normal -0.550168 -0.835054 2.37968e-05
    outer loop
      vertex -1.09899 -13.2863 58.5768
      vertex 0.394299 -14.27 63.4901
      vertex -1.40103 -13.0873 58.7054
    endloop
  endfacet
  facet normal -0.550015 -0.835155 -4.26919e-05
    outer loop
      vertex -0.79802 -13.4845 58.3316
      vertex 0.394299 -14.27 63.4901
      vertex -1.09899 -13.2863 58.5768
    endloop
  endfacet
  facet normal -0.550217 -0.835022 2.42586e-05
    outer loop
      vertex -0.572516 -13.6331 58.002
      vertex 0.394299 -14.27 63.4901
      vertex -0.79802 -13.4845 58.3316
    endloop
  endfacet
  facet normal -0.550116 -0.835089 -1.43197e-06
    outer loop
      vertex -0.423445 -13.7313 57.5894
      vertex 0.394299 -14.27 63.4901
      vertex -0.572516 -13.6331 58.002
    endloop
  endfacet
  facet normal -0.549992 -0.83517 -2.60764e-05
    outer loop
      vertex -0.351444 -13.7787 57.0956
      vertex 0.394299 -14.27 63.4901
      vertex -0.423445 -13.7313 57.5894
    endloop
  endfacet
  facet normal -0.550173 -0.835051 4.30878e-06
    outer loop
      vertex 0.394299 -14.27 63.4901
      vertex -0.351444 -13.7787 57.0956
      vertex -0.356305 -13.7755 56.5779
    endloop
  endfacet
  facet normal -0.29007 -0.956448 -0.0326662
    outer loop
      vertex 2.50071 -15.4275 71.7173
      vertex -3.76084 -11.0791 8.26455e-07
      vertex -3.02818 -11.3013 1.19551e-07
    endloop
  endfacet
  facet normal 8.5363e-06 -1.75233e-05 -1
    outer loop
      vertex 5.17478 -10.4934 9.05144e-07
      vertex 4.4774 -10.8094 4.89449e-07
      vertex 5.85 -10.1325 3.4488e-07
    endloop
  endfacet
  facet normal 0.0298271 0.761591 0.647371
    outer loop
      vertex -6.57343 15.396 59.9495
      vertex 7.12761 -2.20244 80.0217
      vertex 7.62309 -2.04113 79.8091
    endloop
  endfacet
  facet normal 0.0297368 0.761563 0.647408
    outer loop
      vertex 7.12761 -2.20244 80.0217
      vertex -6.57343 15.396 59.9495
      vertex -7.06891 15.2347 60.162
    endloop
  endfacet
  facet normal -5.33862e-07 -7.54895e-07 -1
    outer loop
      vertex -5.17478 -10.4934 6.5566e-07
      vertex -6.50017 -9.7282 7.8559e-07
      vertex -3.02818 -11.3013 1.19551e-07
    endloop
  endfacet
  facet normal -0.351962 -0.935653 -0.0260079
    outer loop
      vertex 1.55341 -14.9067 65.7908
      vertex 2.11782 -15.2946 72.1077
      vertex 1.542 -14.903 65.8121
    endloop
  endfacet
  facet normal -0.351444 -0.935846 -0.0260659
    outer loop
      vertex 1.59468 -14.9197 65.7011
      vertex 2.11782 -15.2946 72.1077
      vertex 1.55341 -14.9067 65.7908
    endloop
  endfacet
  facet normal -0.342585 -0.939099 -0.0269798
    outer loop
      vertex 2.11782 -15.2946 72.1077
      vertex 1.59468 -14.9197 65.7011
      vertex 1.59537 -14.9199 65.6993
    endloop
  endfacet
  facet normal -0.352138 -0.935587 -0.0259862
    outer loop
      vertex -3.76084 -11.0791 8.26455e-07
      vertex 1.36725 -14.7841 63.9015
      vertex -4.4774 -10.8094 8.77511e-07
    endloop
  endfacet
  facet normal -0.351899 -0.935677 -0.0260106
    outer loop
      vertex 1.36725 -14.7841 63.9015
      vertex -3.76084 -11.0791 8.26455e-07
      vertex 1.42058 -14.8061 63.9714
    endloop
  endfacet
  facet normal -0.353623 -0.935031 -0.0258333
    outer loop
      vertex 1.42058 -14.8061 63.9714
      vertex -3.76084 -11.0791 8.26455e-07
      vertex 1.4592 -14.8223 64.0291
    endloop
  endfacet
  facet normal -2.12241e-05 -1.08688e-06 -1
    outer loop
      vertex -11.6749 -0.765217 8.47959e-07
      vertex -11.7 -4.31578e-08 5.48982e-07
      vertex -11.5999 -1.52716 8.42973e-08
    endloop
  endfacet
  facet normal -0.998308 -0.0327457 -0.0480411
    outer loop
      vertex -11.6749 -0.765217 8.47959e-07
      vertex -14.3971 5.20946 52.4957
      vertex -11.7 -4.31578e-08 5.48982e-07
    endloop
  endfacet
  facet normal -0.998289 -0.0334612 -0.0479586
    outer loop
      vertex -14.3971 5.20946 52.4957
      vertex -11.6749 -0.765217 8.47959e-07
      vertex -14.3973 5.15179 52.5401
    endloop
  endfacet
  facet normal 0.351332 -0.933447 -0.0724042
    outer loop
      vertex 7.60657 -14.9443 68.4917
      vertex 3.76084 -11.0791 9.91449e-07
      vertex 4.4774 -10.8094 4.89449e-07
    endloop
  endfacet
  facet normal -0.71405 0.694839 -0.0856236
    outer loop
      vertex -10.8771 11.0566 44.3032
      vertex -8.27315 8.27315 8.14136e-07
      vertex -11.0457 10.8982 44.4238
    endloop
  endfacet
  facet normal -0.71369 0.695208 -0.0856257
    outer loop
      vertex -8.27315 8.27315 8.14136e-07
      vertex -10.8771 11.0566 44.3032
      vertex -10.7511 11.1767 44.2281
    endloop
  endfacet
  facet normal 1.8045e-07 -5.79488e-07 -1
    outer loop
      vertex 4.4774 -10.8094 4.89449e-07
      vertex 1.52716 -11.5999 4.15162e-07
      vertex 5.85 -10.1325 3.4488e-07
    endloop
  endfacet
  facet normal 1.14103e-07 5.89303e-08 -1
    outer loop
      vertex 11.6749 -0.765217 2.48435e-07
      vertex 9.72819 6.50017 4.54462e-07
      vertex 11.6749 0.765217 3.38624e-07
    endloop
  endfacet
  facet normal 0.528065 0.84918 -0.0063754
    outer loop
      vertex 6.50017 9.72819 1.03231e-06
      vertex 5.85 10.1325 3.4488e-07
      vertex -1.3757 15.0457 55.9263
    endloop
  endfacet
  facet normal 2.91215e-08 -2.84059e-08 -1
    outer loop
      vertex 11.6749 -0.765217 2.48435e-07
      vertex 7.80279 -3.84791 2.2324e-07
      vertex 8.00941 -3.39191 2.16304e-07
    endloop
  endfacet
  facet normal 2.91175e-08 -2.84009e-08 -1
    outer loop
      vertex 11.6749 -0.765217 2.48435e-07
      vertex 7.53677 -4.3456 2.29629e-07
      vertex 7.80279 -3.84791 2.2324e-07
    endloop
  endfacet
  facet normal 2.92865e-08 -2.85962e-08 -1
    outer loop
      vertex 11.6749 -0.765217 2.48435e-07
      vertex 7.53442 -4.35 2.29686e-07
      vertex 7.53677 -4.3456 2.29629e-07
    endloop
  endfacet
  facet normal 2.91202e-08 -2.84041e-08 -1
    outer loop
      vertex 11.6749 -0.765217 2.48435e-07
      vertex 7.23642 -4.82922 2.3462e-07
      vertex 7.53442 -4.35 2.29686e-07
    endloop
  endfacet
  facet normal 2.91197e-08 -2.84036e-08 -1
    outer loop
      vertex 5.85 -10.1325 3.4488e-07
      vertex 7.23642 -4.82922 2.3462e-07
      vertex 11.6749 -0.765217 2.48435e-07
    endloop
  endfacet
  facet normal 2.90187e-08 -2.83772e-08 -1
    outer loop
      vertex 7.23642 -4.82922 2.3462e-07
      vertex 5.85 -10.1325 3.4488e-07
      vertex 7.23379 -4.83346 2.34664e-07
    endloop
  endfacet
  facet normal 2.94333e-08 -2.84854e-08 -1
    outer loop
      vertex 7.23379 -4.83346 2.34664e-07
      vertex 5.85 -10.1325 3.4488e-07
      vertex 7.23088 -4.83752 2.34694e-07
    endloop
  endfacet
  facet normal 2.91188e-08 -2.84034e-08 -1
    outer loop
      vertex 7.23088 -4.83752 2.34694e-07
      vertex 5.85 -10.1325 3.4488e-07
      vertex 6.90217 -5.29622 2.38151e-07
    endloop
  endfacet
  facet normal 2.89558e-08 -2.8368e-08 -1
    outer loop
      vertex 6.90217 -5.29622 2.38151e-07
      vertex 5.85 -10.1325 3.4488e-07
      vertex 6.89901 -5.30008 2.38169e-07
    endloop
  endfacet
  facet normal 2.91221e-08 -2.84041e-08 -1
    outer loop
      vertex 6.89901 -5.30008 2.38169e-07
      vertex 5.85 -10.1325 3.4488e-07
      vertex 6.54101 -5.73631 2.40134e-07
    endloop
  endfacet
  facet normal 2.87995e-08 -2.83534e-08 -1
    outer loop
      vertex 6.54101 -5.73631 2.40134e-07
      vertex 5.85 -10.1325 3.4488e-07
      vertex 6.5376 -5.73995 2.40139e-07
    endloop
  endfacet
  facet normal 2.91207e-08 -2.84036e-08 -1
    outer loop
      vertex 6.5376 -5.73995 2.40139e-07
      vertex 5.85 -10.1325 3.4488e-07
      vertex 6.15183 -6.15183 2.40604e-07
    endloop
  endfacet
  facet normal 2.91208e-08 -2.84036e-08 -1
    outer loop
      vertex 5.85 -10.1325 3.4488e-07
      vertex 5.73995 -6.5376 2.39567e-07
      vertex 6.15183 -6.15183 2.40604e-07
    endloop
  endfacet
  facet normal 2.90825e-08 -2.84048e-08 -1
    outer loop
      vertex 5.85 -10.1325 3.4488e-07
      vertex 5.73631 -6.54101 2.39558e-07
      vertex 5.73995 -6.5376 2.39567e-07
    endloop
  endfacet
  facet normal 2.91188e-08 -2.84037e-08 -1
    outer loop
      vertex 5.85 -10.1325 3.4488e-07
      vertex 5.30008 -6.89901 2.37024e-07
      vertex 5.73631 -6.54101 2.39558e-07
    endloop
  endfacet
  facet normal 2.89726e-08 -2.84285e-08 -1
    outer loop
      vertex 5.85 -10.1325 3.4488e-07
      vertex 5.29622 -6.90217 2.37002e-07
      vertex 5.30008 -6.89901 2.37024e-07
    endloop
  endfacet
  facet normal 2.91202e-08 -2.84032e-08 -1
    outer loop
      vertex 5.85 -10.1325 3.4488e-07
      vertex 4.83752 -7.23088 2.32981e-07
      vertex 5.29622 -6.90217 2.37002e-07
    endloop
  endfacet
  facet normal 2.9204e-08 -2.8374e-08 -1
    outer loop
      vertex 5.85 -10.1325 3.4488e-07
      vertex 4.83346 -7.23379 2.32945e-07
      vertex 4.83752 -7.23088 2.32981e-07
    endloop
  endfacet
  facet normal 2.89713e-08 -2.84556e-08 -1
    outer loop
      vertex 5.85 -10.1325 3.4488e-07
      vertex 4.82922 -7.23642 2.32897e-07
      vertex 4.83346 -7.23379 2.32945e-07
    endloop
  endfacet
  facet normal 2.91204e-08 -2.8403e-08 -1
    outer loop
      vertex 5.85 -10.1325 3.4488e-07
      vertex 4.35 -7.53442 2.27406e-07
      vertex 4.82922 -7.23642 2.32897e-07
    endloop
  endfacet
  facet normal 2.90539e-08 -2.84414e-08 -1
    outer loop
      vertex 5.85 -10.1325 3.4488e-07
      vertex 4.3456 -7.53677 2.27345e-07
      vertex 4.35 -7.53442 2.27406e-07
    endloop
  endfacet
  facet normal 2.91201e-08 -2.84031e-08 -1
    outer loop
      vertex 5.85 -10.1325 3.4488e-07
      vertex 3.84791 -7.80279 2.20408e-07
      vertex 4.3456 -7.53677 2.27345e-07
    endloop
  endfacet
  facet normal 2.91184e-08 -2.84046e-08 -1
    outer loop
      vertex 5.85 -10.1325 3.4488e-07
      vertex 3.33389 -8.03569 2.12056e-07
      vertex 3.84791 -7.80279 2.20408e-07
    endloop
  endfacet
  facet normal 2.91634e-08 -2.83505e-08 -1
    outer loop
      vertex 5.85 -10.1325 3.4488e-07
      vertex 3.32935 -8.03775 2.11982e-07
      vertex 3.33389 -8.03569 2.12056e-07
    endloop
  endfacet
  facet normal 2.91198e-08 -2.8403e-08 -1
    outer loop
      vertex 5.85 -10.1325 3.4488e-07
      vertex 3.32468 -8.03951 2.11896e-07
      vertex 3.32935 -8.03775 2.11982e-07
    endloop
  endfacet
  facet normal 2.91198e-08 -2.84029e-08 -1
    outer loop
      vertex 5.85 -10.1325 3.4488e-07
      vertex 2.79652 -8.23829 2.02162e-07
      vertex 3.32468 -8.03951 2.11896e-07
    endloop
  endfacet
  facet normal 2.91194e-08 -2.84036e-08 -1
    outer loop
      vertex 5.85 -10.1325 3.4488e-07
      vertex 2.2565 -8.40211 1.9109e-07
      vertex 2.79652 -8.23829 2.02162e-07
    endloop
  endfacet
  facet normal 2.91196e-08 -2.84032e-08 -1
    outer loop
      vertex 5.85 -10.1325 3.4488e-07
      vertex 2.25173 -8.40355 1.90992e-07
      vertex 2.2565 -8.40211 1.9109e-07
    endloop
  endfacet
  facet normal 2.91196e-08 -2.84032e-08 -1
    outer loop
      vertex 5.85 -10.1325 3.4488e-07
      vertex 1.70214 -8.5317 1.78628e-07
      vertex 2.25173 -8.40355 1.90992e-07
    endloop
  endfacet
  facet normal 2.91023e-08 -2.8448e-08 -1
    outer loop
      vertex 5.85 -10.1325 3.4488e-07
      vertex 1.69729 -8.53283 1.78519e-07
      vertex 1.70214 -8.5317 1.78628e-07
    endloop
  endfacet
  facet normal 2.9041e-08 -2.86073e-08 -1
    outer loop
      vertex 5.85 -10.1325 3.4488e-07
      vertex 1.69236 -8.53364 1.78399e-07
      vertex 1.69729 -8.53283 1.78519e-07
    endloop
  endfacet
  facet normal 2.91207e-08 -2.84e-08 -1
    outer loop
      vertex 5.85 -10.1325 3.4488e-07
      vertex 1.13558 -8.62557 1.64796e-07
      vertex 1.69236 -8.53364 1.78399e-07
    endloop
  endfacet
  facet normal 2.91194e-08 -2.8404e-08 -1
    outer loop
      vertex -3.02818 -11.3013 1.19551e-07
      vertex 1.13558 -8.62557 1.64796e-07
      vertex 5.85 -10.1325 3.4488e-07
    endloop
  endfacet
  facet normal 2.8928e-08 -2.8106e-08 -1
    outer loop
      vertex 1.13558 -8.62557 1.64796e-07
      vertex -3.02818 -11.3013 1.19551e-07
      vertex 1.13061 -8.62606 1.64666e-07
    endloop
  endfacet
  facet normal 2.91212e-08 -2.84063e-08 -1
    outer loop
      vertex 1.13061 -8.62606 1.64666e-07
      vertex -3.02818 -11.3013 1.19551e-07
      vertex 0.637361 -8.67464 1.51682e-07
    endloop
  endfacet
  facet normal 0.881928 0.471384 0
    outer loop
      vertex 10.4934 5.17478 1.12377e-06
      vertex 10.1325 5.85 6.29081e-07
      vertex 10.1325 5.85 33
    endloop
  endfacet
  facet normal -0.142132 0.98684 -0.0771017
    outer loop
      vertex -4.63408 15.7524 58.8761
      vertex -1.52716 11.5999 7.71421e-07
      vertex -5.10835 15.7075 59.1757
    endloop
  endfacet
  facet normal 0.926703 0.375795 -0.000343969
    outer loop
      vertex 14.4395 -4.40767 72.8586
      vertex 10.8094 4.4774 8.24351e-07
      vertex 14.2961 -4.05367 73.2719
    endloop
  endfacet
  facet normal 0.633875 0.772395 0.0401018
    outer loop
      vertex 7.71435 8.79653 33
      vertex 7.12251 9.28223 33
      vertex -1.0616 14.8298 55.5123
    endloop
  endfacet
  facet normal 0.412589 0.910541 -0.02618
    outer loop
      vertex 5.17478 10.4934 1.08552e-06
      vertex 4.4774 10.8094 3.09072e-07
      vertex -1.7142 15.2347 56.3343
    endloop
  endfacet
  facet normal 0.582476 0.812848 0
    outer loop
      vertex 7.12251 9.28223 33
      vertex 7.12251 9.28223 4.84619e-07
      vertex 6.50017 9.72819 33
    endloop
  endfacet
  facet normal 0.582437 0.812795 0.0114468
    outer loop
      vertex 7.12251 9.28223 33
      vertex 6.50017 9.72819 33
      vertex -1.0616 14.8298 55.5123
    endloop
  endfacet
  facet normal 0.226847 0.972636 -0.0501948
    outer loop
      vertex 3.02818 11.3013 1.06703e-06
      vertex 2.28256 11.4752 1.10285e-06
      vertex -2.45857 15.529 57.1247
    endloop
  endfacet
  facet normal 0.289957 0.956077 -0.0429184
    outer loop
      vertex 3.76084 11.0791 3.60128e-07
      vertex 3.02818 11.3013 1.06703e-06
      vertex -2.07568 15.396 56.7343
    endloop
  endfacet
  facet normal 0.559668 0.778674 0.283617
    outer loop
      vertex 12.1208 -2.04113 76.5939
      vertex -2.45857 15.529 57.1247
      vertex 11.738 -1.90819 76.9843
    endloop
  endfacet
  facet normal 0.559664 0.778675 0.283621
    outer loop
      vertex -2.45857 15.529 57.1247
      vertex 12.1208 -2.04113 76.5939
      vertex -2.07568 15.396 56.7343
    endloop
  endfacet
  facet normal 0.0872655 0.778684 0.621318
    outer loop
      vertex -6.0801 15.529 59.7135
      vertex 7.62309 -2.04113 79.8091
      vertex 8.11642 -1.90819 79.5732
    endloop
  endfacet
  facet normal 0.0872898 0.77869 0.621307
    outer loop
      vertex 7.62309 -2.04113 79.8091
      vertex -6.0801 15.529 59.7135
      vertex -6.57343 15.396 59.9495
    endloop
  endfacet
  facet normal -2.39181e-07 4.48494e-07 -1
    outer loop
      vertex -3.02818 11.3013 5.70494e-07
      vertex -6.50017 9.7282 6.95402e-07
      vertex -3.76084 11.0791 6.46077e-07
    endloop
  endfacet
  facet normal 0.589843 -0.8039 -0.0763605
    outer loop
      vertex 10.0109 -13.6163 67.939
      vertex 7.12251 -9.28223 8.45373e-07
      vertex 10.4627 -13.282 67.9095
    endloop
  endfacet
  facet normal 0.364419 0.813298 0.45359
    outer loop
      vertex 10.4776 -1.68472 78.0815
      vertex -4.17028 15.7674 58.5577
      vertex 10.0262 -1.66974 78.4173
    endloop
  endfacet
  facet normal 0.364468 0.813297 0.453553
    outer loop
      vertex -4.17028 15.7674 58.5577
      vertex 10.4776 -1.68472 78.0815
      vertex -3.71893 15.7524 58.2219
    endloop
  endfacet
  facet normal -2.90863e-07 2.65799e-06 -1
    outer loop
      vertex 1.71619e-07 11.7 5.93291e-07
      vertex -1.52716 11.5999 7.71421e-07
      vertex -0.765217 11.6749 7.49149e-07
    endloop
  endfacet
  facet normal 0.0327093 0.997195 -0.0673182
    outer loop
      vertex 0.765216 11.6749 1.17241e-06
      vertex 1.71619e-07 11.7 5.93291e-07
      vertex -3.71893 15.7524 58.2219
    endloop
  endfacet
  facet normal -0.596335 0.798116 -0.0859972
    outer loop
      vertex -9.37111 12.3421 43.9904
      vertex -7.12251 9.28223 8.95808e-07
      vertex -9.50259 12.2419 43.9722
    endloop
  endfacet
  facet normal -0.595938 0.798413 -0.0859975
    outer loop
      vertex -7.12251 9.28223 8.95808e-07
      vertex -9.37111 12.3421 43.9904
      vertex -9.18055 12.4893 44.0365
    endloop
  endfacet
  facet normal -1.43671e-06 2.67229e-06 -1
    outer loop
      vertex -5.17478 10.4934 8.36037e-07
      vertex -6.50017 9.7282 6.95402e-07
      vertex -5.85 10.1325 8.41703e-07
    endloop
  endfacet
  facet normal -0.410976 0.9077 -0.0847378
    outer loop
      vertex -4.4774 10.8094 6.97134e-07
      vertex -6.99035 13.9521 45.8519
      vertex -6.87739 14.0189 46.0196
    endloop
  endfacet
  facet normal -0.410782 0.907788 -0.0847338
    outer loop
      vertex -4.4774 10.8094 6.97134e-07
      vertex -6.87739 14.0189 46.0196
      vertex -6.83502 14.0447 46.0906
    endloop
  endfacet
  facet normal -0.411245 0.907577 -0.0847442
    outer loop
      vertex -6.99035 13.9521 45.8519
      vertex -4.4774 10.8094 6.97134e-07
      vertex -5.17478 10.4934 8.36037e-07
    endloop
  endfacet
  facet normal -0.407929 0.909074 -0.084723
    outer loop
      vertex -7.56443 15.0457 60.3503
      vertex -7.35774 14.6625 55.2434
      vertex -7.36238 14.6608 55.2475
    endloop
  endfacet
  facet normal -0.41213 0.907175 -0.0847505
    outer loop
      vertex -7.35774 14.6625 55.2434
      vertex -7.56443 15.0457 60.3503
      vertex -7.30016 14.6831 55.1839
    endloop
  endfacet
  facet normal -1.27301e-07 1.24826e-07 -1
    outer loop
      vertex -9.72819 6.50017 5.51744e-07
      vertex -8.79653 7.71435 5.84704e-07
      vertex -11.4752 2.28256 2.47673e-07
    endloop
  endfacet
  facet normal -0.727179 0.681086 -0.0856303
    outer loop
      vertex -8.79653 7.71435 5.84704e-07
      vertex -11.0457 10.8982 44.4238
      vertex -8.27315 8.27315 8.14136e-07
    endloop
  endfacet
  facet normal -0.726662 0.681636 -0.0856436
    outer loop
      vertex -11.0457 10.8982 44.4238
      vertex -8.79653 7.71435 5.84704e-07
      vertex -11.1067 10.8389 44.4694
    endloop
  endfacet
  facet normal -0.727621 0.680615 -0.0856217
    outer loop
      vertex -11.1067 10.8389 44.4694
      vertex -8.79653 7.71435 5.84704e-07
      vertex -11.193 10.7561 44.5446
    endloop
  endfacet
  facet normal -4.27155e-06 4.41137e-06 -1
    outer loop
      vertex -8.27315 8.27315 8.14136e-07
      vertex -7.71435 8.79653 7.36019e-07
      vertex -8.79653 7.71435 5.84704e-07
    endloop
  endfacet
  facet normal -0.846265 0.526252 -0.0830316
    outer loop
      vertex -10.1325 5.85 6.47691e-07
      vertex -12.8185 9.01817 47.4557
      vertex -9.72819 6.50017 5.51744e-07
    endloop
  endfacet
  facet normal -0.846176 0.526395 -0.0830361
    outer loop
      vertex -12.8185 9.01817 47.4557
      vertex -10.1325 5.85 6.47691e-07
      vertex -12.851 8.98219 47.5588
    endloop
  endfacet
  facet normal -0.846138 0.526455 -0.0830379
    outer loop
      vertex -12.851 8.98219 47.5588
      vertex -10.1325 5.85 6.47691e-07
      vertex -12.924 8.90543 47.816
    endloop
  endfacet
  facet normal -0.933129 0.351213 -0.0769356
    outer loop
      vertex -11.0791 3.76084 9.77031e-07
      vertex -13.7603 7.76726 50.8089
      vertex -10.8094 4.4774 1.09721e-06
    endloop
  endfacet
  facet normal -0.933173 0.351099 -0.0769289
    outer loop
      vertex -13.7603 7.76726 50.8089
      vertex -11.0791 3.76084 9.77031e-07
      vertex -13.8016 7.66987 50.8654
    endloop
  endfacet
  facet normal -0.934997 0.346271 -0.0766556
    outer loop
      vertex -13.8016 7.66987 50.8654
      vertex -11.0791 3.76084 9.77031e-07
      vertex -13.9518 7.31068 51.0749
    endloop
  endfacet
  facet normal -0.994178 0.089667 -0.0597446
    outer loop
      vertex -14.3323 5.92867 51.9699
      vertex -11.6749 0.765217 9.38148e-07
      vertex -14.3765 5.59625 52.2065
    endloop
  endfacet
  facet normal 0.331555 -0.940707 -0.0717034
    outer loop
      vertex 7.11105 -15.1333 68.68
      vertex 3.76084 -11.0791 9.91449e-07
      vertex 7.60657 -14.9443 68.4917
    endloop
  endfacet
  facet normal -0.984491 0.162694 -0.0656375
    outer loop
      vertex -14.2329 6.42541 51.6313
      vertex -11.4752 2.28256 2.47673e-07
      vertex -14.3062 6.07703 51.8672
    endloop
  endfacet
  facet normal 0.311245 0.813298 0.491602
    outer loop
      vertex -4.17028 15.7674 58.5577
      vertex 9.56244 -1.68472 78.7357
      vertex 10.0262 -1.66974 78.4173
    endloop
  endfacet
  facet normal 0.311202 0.813298 0.49163
    outer loop
      vertex 9.56244 -1.68472 78.7357
      vertex -4.17028 15.7674 58.5577
      vertex -4.63408 15.7524 58.8761
    endloop
  endfacet
  facet normal -0.93561 -0.353021 -0.00330708
    outer loop
      vertex -11.0791 -3.76084 6.16277e-07
      vertex -13.2229 1.578 36.6003
      vertex -13.2519 1.65432 36.6578
    endloop
  endfacet
  facet normal -0.935865 -0.352343 -0.00342086
    outer loop
      vertex -11.0791 -3.76084 6.16277e-07
      vertex -13.1499 1.38488 36.5203
      vertex -13.2229 1.578 36.6003
    endloop
  endfacet
  facet normal -0.935898 -0.352255 -0.00343516
    outer loop
      vertex -13.1499 1.38488 36.5203
      vertex -11.0791 -3.76084 6.16277e-07
      vertex -10.8094 -4.4774 9.1683e-07
    endloop
  endfacet
  facet normal -0.935822 -0.352456 -0.00340152
    outer loop
      vertex -13.4083 2.03201 40.5517
      vertex -14.2442 4.12745 53.3997
      vertex -13.4568 2.165 40.1149
    endloop
  endfacet
  facet normal -0.93603 -0.351903 -0.00350533
    outer loop
      vertex -14.2442 4.12745 53.3997
      vertex -13.4083 2.03201 40.5517
      vertex -14.2335 4.09872 53.4267
    endloop
  endfacet
  facet normal -1.38506e-05 -3.83854e-06 -1
    outer loop
      vertex -11.3013 -3.02818 8.81528e-07
      vertex -11.4752 -2.28256 4.2805e-07
      vertex -11.0791 -3.76084 6.16277e-07
    endloop
  endfacet
  facet normal -5.27287e-07 -7.40382e-07 -1
    outer loop
      vertex -6.50017 -9.7282 7.8559e-07
      vertex -7.71435 -8.79653 7.36019e-07
      vertex -3.02818 -11.3013 1.19551e-07
    endloop
  endfacet
  facet normal -5.8339e-06 -2.61521e-06 -1
    outer loop
      vertex -10.8094 -4.4774 9.1683e-07
      vertex -11.0791 -3.76084 6.16277e-07
      vertex -10.1325 -5.85 5.57502e-07
    endloop
  endfacet
  facet normal -0.812848 -0.582476 -0
    outer loop
      vertex -9.72819 -6.50017 33
      vertex -9.72819 -6.50017 7.32121e-07
      vertex -9.28223 -7.12251 1.00927e-06
    endloop
  endfacet
  facet normal -0.563124 -0.826364 0.0037197
    outer loop
      vertex -0.0433592 -13.9772 66.555
      vertex 1.41784 -14.9443 72.9157
      vertex 1.10375 -14.7284 73.3298
    endloop
  endfacet
  facet normal -0.562943 -0.826488 0.00366142
    outer loop
      vertex 1.41784 -14.9443 72.9157
      vertex 0.0995699 -14.0743 66.6157
      vertex 0.17208 -14.1236 66.6357
    endloop
  endfacet
  facet normal -0.56285 -0.826551 0.00363305
    outer loop
      vertex 1.41784 -14.9443 72.9157
      vertex 0.0271442 -14.0251 66.5886
      vertex 0.0995699 -14.0743 66.6157
    endloop
  endfacet
  facet normal -0.563186 -0.826322 0.00374019
    outer loop
      vertex 1.41784 -14.9443 72.9157
      vertex -0.0433592 -13.9772 66.555
      vertex 0.0271442 -14.0251 66.5886
    endloop
  endfacet
  facet normal -0.563603 -0.826037 0.00383711
    outer loop
      vertex 1.10375 -14.7284 73.3298
      vertex -0.111637 -13.9308 66.515
      vertex -0.0433592 -13.9772 66.555
    endloop
  endfacet
  facet normal -0.563074 -0.826398 0.00370045
    outer loop
      vertex 1.10375 -14.7284 73.3298
      vertex -0.177398 -13.8862 66.4688
      vertex -0.111637 -13.9308 66.515
    endloop
  endfacet
  facet normal -0.562747 -0.826622 0.00361186
    outer loop
      vertex -0.177398 -13.8862 66.4688
      vertex 1.10375 -14.7284 73.3298
      vertex -0.192166 -13.8762 66.4565
    endloop
  endfacet
  facet normal -0.562968 -0.82647 0.00367537
    outer loop
      vertex -3.53432 -11.6785 48.7303
      vertex -6.50017 -9.7282 33
      vertex -3.30034 -11.8361 49.1307
    endloop
  endfacet
  facet normal -0.562491 -0.826796 0.00353963
    outer loop
      vertex -1.64536 -12.9206 58.749
      vertex -0.548557 -13.6426 64.398
      vertex -0.569663 -13.628 64.4543
    endloop
  endfacet
  facet normal -0.562979 -0.826463 0.00367692
    outer loop
      vertex -1.64536 -12.9206 58.749
      vertex -0.507919 -13.6707 64.3041
      vertex -0.548557 -13.6426 64.398
    endloop
  endfacet
  facet normal -0.563368 -0.826198 0.0037923
    outer loop
      vertex -1.64536 -12.9206 58.749
      vertex -0.463067 -13.7017 64.2134
      vertex -0.507919 -13.6707 64.3041
    endloop
  endfacet
  facet normal -0.563157 -0.826342 0.00372612
    outer loop
      vertex -1.64536 -12.9206 58.749
      vertex -0.414194 -13.7354 64.1263
      vertex -0.463067 -13.7017 64.2134
    endloop
  endfacet
  facet normal -0.563313 -0.826235 0.00377816
    outer loop
      vertex -1.64536 -12.9206 58.749
      vertex -0.361508 -13.7717 64.0433
      vertex -0.414194 -13.7354 64.1263
    endloop
  endfacet
  facet normal -0.5628 -0.826585 0.00359724
    outer loop
      vertex -1.64536 -12.9206 58.749
      vertex -0.346369 -13.7821 64.0221
      vertex -0.361508 -13.7717 64.0433
    endloop
  endfacet
  facet normal -0.563301 -0.826243 0.00377656
    outer loop
      vertex -1.47738 -13.0352 58.732
      vertex -0.346369 -13.7821 64.0221
      vertex -1.64536 -12.9206 58.749
    endloop
  endfacet
  facet normal -0.562792 -0.826591 0.00361858
    outer loop
      vertex -0.346369 -13.7821 64.0221
      vertex -1.47738 -13.0352 58.732
      vertex -1.40103 -13.0873 58.7054
    endloop
  endfacet
  facet normal -0.830804 -0.548825 0.0925016
    outer loop
      vertex -10.7716 -4.04368 38.2033
      vertex -9.72819 -6.50017 33
      vertex -10.7549 -4.06505 38.2265
    endloop
  endfacet
  facet normal -0.831369 -0.548047 0.0920296
    outer loop
      vertex -12.2047 -0.626516 45.6067
      vertex -13.9512 3.44245 54.0605
      vertex -12.2443 -0.576318 45.5479
    endloop
  endfacet
  facet normal -0.831165 -0.548327 0.092206
    outer loop
      vertex -13.9512 3.44245 54.0605
      vertex -12.2047 -0.626516 45.6067
      vertex -13.8842 3.35705 54.1566
    endloop
  endfacet
  facet normal -0.82365 -0.558495 0.0984123
    outer loop
      vertex -10.7549 -4.06505 38.2265
      vertex -9.72819 -6.50017 33
      vertex -7.40541 -8.17912 42.9121
    endloop
  endfacet
  facet normal -0.823658 -0.55849 0.0983706
    outer loop
      vertex -13.8842 3.35705 54.1566
      vertex -9.38056 -3.4571 53.1789
      vertex -9.36962 -3.45437 53.286
    endloop
  endfacet
  facet normal -0.823652 -0.558492 0.0984085
    outer loop
      vertex -13.8842 3.35705 54.1566
      vertex -9.38761 -3.46605 53.0691
      vertex -9.38056 -3.4571 53.1789
    endloop
  endfacet
  facet normal -0.823649 -0.558493 0.0984264
    outer loop
      vertex -13.8842 3.35705 54.1566
      vertex -9.39074 -3.48119 52.957
      vertex -9.38761 -3.46605 53.0691
    endloop
  endfacet
  facet normal -0.823641 -0.558496 0.0984752
    outer loop
      vertex -13.8842 3.35705 54.1566
      vertex -9.38993 -3.50245 52.8432
      vertex -9.39074 -3.48119 52.957
    endloop
  endfacet
  facet normal -0.823658 -0.558488 0.0983769
    outer loop
      vertex -13.8842 3.35705 54.1566
      vertex -9.38518 -3.52973 52.7281
      vertex -9.38993 -3.50245 52.8432
    endloop
  endfacet
  facet normal -0.823649 -0.558493 0.0984258
    outer loop
      vertex -13.8842 3.35705 54.1566
      vertex -9.37653 -3.56293 52.6121
      vertex -9.38518 -3.52973 52.7281
    endloop
  endfacet
  facet normal -0.823647 -0.558494 0.0984392
    outer loop
      vertex -13.8842 3.35705 54.1566
      vertex -9.364 -3.60189 52.4959
      vertex -9.37653 -3.56293 52.6121
    endloop
  endfacet
  facet normal -0.823668 -0.558482 0.098332
    outer loop
      vertex -13.8842 3.35705 54.1566
      vertex -9.34764 -3.64646 52.3798
      vertex -9.364 -3.60189 52.4959
    endloop
  endfacet
  facet normal -0.823649 -0.558493 0.0984242
    outer loop
      vertex -13.8842 3.35705 54.1566
      vertex -9.32754 -3.69644 52.2644
      vertex -9.34764 -3.64646 52.3798
    endloop
  endfacet
  facet normal -0.823628 -0.558529 0.0983925
    outer loop
      vertex -12.2047 -0.626516 45.6067
      vertex -9.30377 -3.75161 52.1502
      vertex -9.32754 -3.69644 52.2644
    endloop
  endfacet
  facet normal -0.823669 -0.55846 0.0984437
    outer loop
      vertex -12.2047 -0.626516 45.6067
      vertex -9.27644 -3.81175 52.0377
      vertex -9.30377 -3.75161 52.1502
    endloop
  endfacet
  facet normal -0.823668 -0.558462 0.0984422
    outer loop
      vertex -12.2047 -0.626516 45.6067
      vertex -9.24566 -3.87659 51.9274
      vertex -9.27644 -3.81175 52.0377
    endloop
  endfacet
  facet normal -0.82362 -0.558545 0.0983767
    outer loop
      vertex -12.2047 -0.626516 45.6067
      vertex -9.21156 -3.94586 51.8196
      vertex -9.24566 -3.87659 51.9274
    endloop
  endfacet
  facet normal -0.823654 -0.558486 0.0984251
    outer loop
      vertex -12.2047 -0.626516 45.6067
      vertex -9.17429 -4.01926 51.715
      vertex -9.21156 -3.94586 51.8196
    endloop
  endfacet
  facet normal -0.823658 -0.558478 0.0984313
    outer loop
      vertex -12.2047 -0.626516 45.6067
      vertex -9.13402 -4.09647 51.6139
      vertex -9.17429 -4.01926 51.715
    endloop
  endfacet
  facet normal -0.82364 -0.558511 0.0984028
    outer loop
      vertex -12.2047 -0.626516 45.6067
      vertex -9.09091 -4.17717 51.5167
      vertex -9.13402 -4.09647 51.6139
    endloop
  endfacet
  facet normal -0.823664 -0.558468 0.0984415
    outer loop
      vertex -12.2047 -0.626516 45.6067
      vertex -9.04515 -4.261 51.424
      vertex -9.09091 -4.17717 51.5167
    endloop
  endfacet
  facet normal -0.823648 -0.558496 0.0984158
    outer loop
      vertex -12.2047 -0.626516 45.6067
      vertex -8.99693 -4.34762 51.336
      vertex -9.04515 -4.261 51.424
    endloop
  endfacet
  facet normal -0.823661 -0.558473 0.0984379
    outer loop
      vertex -12.2047 -0.626516 45.6067
      vertex -8.94646 -4.43665 51.2532
      vertex -8.99693 -4.34762 51.336
    endloop
  endfacet
  facet normal -0.823631 -0.558527 0.0983836
    outer loop
      vertex -12.2047 -0.626516 45.6067
      vertex -8.89395 -4.5277 51.1759
      vertex -8.94646 -4.43665 51.2532
    endloop
  endfacet
  facet normal -0.823642 -0.558507 0.098405
    outer loop
      vertex -12.2047 -0.626516 45.6067
      vertex -8.83964 -4.62039 51.1044
      vertex -8.89395 -4.5277 51.1759
    endloop
  endfacet
  facet normal -0.823646 -0.5585 0.0984121
    outer loop
      vertex -12.2047 -0.626516 45.6067
      vertex -8.78375 -4.71432 51.0391
      vertex -8.83964 -4.62039 51.1044
    endloop
  endfacet
  facet normal -0.823633 -0.558525 0.0983851
    outer loop
      vertex -12.2047 -0.626516 45.6067
      vertex -8.72652 -4.80909 50.9802
      vertex -8.78375 -4.71432 51.0391
    endloop
  endfacet
  facet normal -0.823661 -0.558472 0.0984448
    outer loop
      vertex -12.2047 -0.626516 45.6067
      vertex -8.66821 -4.90429 50.928
      vertex -8.72652 -4.80909 50.9802
    endloop
  endfacet
  facet normal -0.823649 -0.558494 0.0984183
    outer loop
      vertex -12.2047 -0.626516 45.6067
      vertex -8.60905 -4.99952 50.8827
      vertex -8.66821 -4.90429 50.928
    endloop
  endfacet
  facet normal -0.823651 -0.558491 0.0984224
    outer loop
      vertex -12.2047 -0.626516 45.6067
      vertex -8.5493 -5.09437 50.8445
      vertex -8.60905 -4.99952 50.8827
    endloop
  endfacet
  facet normal -0.823642 -0.558508 0.0984018
    outer loop
      vertex -12.2047 -0.626516 45.6067
      vertex -8.48921 -5.18843 50.8136
      vertex -8.5493 -5.09437 50.8445
    endloop
  endfacet
  facet normal -0.823865 -0.558086 0.0989308
    outer loop
      vertex -8.48921 -5.18843 50.8136
      vertex -12.2047 -0.626516 45.6067
      vertex -8.48397 -5.19652 50.8116
    endloop
  endfacet
  facet normal -0.82365 -0.558493 0.0984189
    outer loop
      vertex -9.32754 -3.69644 52.2644
      vertex -13.8842 3.35705 54.1566
      vertex -12.2047 -0.626516 45.6067
    endloop
  endfacet
  facet normal -0.82366 -0.558489 0.098354
    outer loop
      vertex -9.35484 -3.45787 53.3899
      vertex -13.8842 3.35705 54.1566
      vertex -9.36962 -3.45437 53.286
    endloop
  endfacet
  facet normal -0.823652 -0.558491 0.0984142
    outer loop
      vertex -9.33627 -3.4676 53.4901
      vertex -13.8842 3.35705 54.1566
      vertex -9.35484 -3.45787 53.3899
    endloop
  endfacet
  facet normal -0.82364 -0.558492 0.0985059
    outer loop
      vertex -9.31399 -3.48349 53.5863
      vertex -13.8842 3.35705 54.1566
      vertex -9.33627 -3.4676 53.4901
    endloop
  endfacet
  facet normal -0.823653 -0.558492 0.0984048
    outer loop
      vertex -9.28811 -3.5055 53.678
      vertex -13.8842 3.35705 54.1566
      vertex -9.31399 -3.48349 53.5863
    endloop
  endfacet
  facet normal -0.823659 -0.558492 0.0983449
    outer loop
      vertex -9.25874 -3.53353 53.7648
      vertex -13.8842 3.35705 54.1566
      vertex -9.28811 -3.5055 53.678
    endloop
  endfacet
  facet normal -0.823652 -0.558491 0.098414
    outer loop
      vertex -9.22599 -3.56745 53.8464
      vertex -13.8842 3.35705 54.1566
      vertex -9.25874 -3.53353 53.7648
    endloop
  endfacet
  facet normal -0.823652 -0.558491 0.0984164
    outer loop
      vertex -9.19001 -3.60712 53.9224
      vertex -13.8842 3.35705 54.1566
      vertex -9.22599 -3.56745 53.8464
    endloop
  endfacet
  facet normal -0.823637 -0.558486 0.098568
    outer loop
      vertex -9.15095 -3.65237 53.9924
      vertex -13.8842 3.35705 54.1566
      vertex -9.19001 -3.60712 53.9224
    endloop
  endfacet
  facet normal -0.823658 -0.558495 0.0983424
    outer loop
      vertex -9.10899 -3.703 54.0563
      vertex -13.8842 3.35705 54.1566
      vertex -9.15095 -3.65237 53.9924
    endloop
  endfacet
  facet normal -0.823653 -0.558493 0.0983941
    outer loop
      vertex -9.06429 -3.75881 54.1137
      vertex -13.8842 3.35705 54.1566
      vertex -9.10899 -3.703 54.0563
    endloop
  endfacet
  facet normal -0.823654 -0.558493 0.0983855
    outer loop
      vertex -9.01706 -3.81955 54.1643
      vertex -13.8842 3.35705 54.1566
      vertex -9.06429 -3.75881 54.1137
    endloop
  endfacet
  facet normal -0.823647 -0.558488 0.0984679
    outer loop
      vertex -8.96749 -3.88495 54.208
      vertex -13.8842 3.35705 54.1566
      vertex -9.01706 -3.81955 54.1643
    endloop
  endfacet
  facet normal -0.823652 -0.558492 0.0984061
    outer loop
      vertex -8.9158 -3.95475 54.2445
      vertex -13.8842 3.35705 54.1566
      vertex -8.96749 -3.88495 54.208
    endloop
  endfacet
  facet normal -0.823659 -0.558498 0.0983177
    outer loop
      vertex -8.8622 -4.02864 54.2738
      vertex -13.8842 3.35705 54.1566
      vertex -8.9158 -3.95475 54.2445
    endloop
  endfacet
  facet normal -0.823662 -0.558501 0.0982753
    outer loop
      vertex -8.80694 -4.1063 54.2956
      vertex -13.8842 3.35705 54.1566
      vertex -8.8622 -4.02864 54.2738
    endloop
  endfacet
  facet normal -0.823636 -0.558518 0.0983934
    outer loop
      vertex -0.325706 -13.2965 73.1237
      vertex -8.80694 -4.1063 54.2956
      vertex -8.75023 -4.18741 54.3099
    endloop
  endfacet
  facet normal -0.823632 -0.558552 0.098234
    outer loop
      vertex -4.1255 -10.5499 56.9087
      vertex -8.75023 -4.18741 54.3099
      vertex -8.69233 -4.27161 54.3166
    endloop
  endfacet
  facet normal -0.823783 -0.558242 0.0987284
    outer loop
      vertex -4.1255 -10.5499 56.9087
      vertex -7.55229 -6.33922 52.1243
      vertex -7.55257 -6.34054 52.1145
    endloop
  endfacet
  facet normal -0.823674 -0.55845 0.0984663
    outer loop
      vertex -4.1255 -10.5499 56.9087
      vertex -7.5531 -6.31796 52.2381
      vertex -7.55229 -6.33922 52.1243
    endloop
  endfacet
  facet normal -0.823611 -0.558569 0.0983126
    outer loop
      vertex -4.1255 -10.5499 56.9087
      vertex -7.55785 -6.29068 52.3533
      vertex -7.5531 -6.31796 52.2381
    endloop
  endfacet
  facet normal -0.823681 -0.558434 0.0984915
    outer loop
      vertex -4.1255 -10.5499 56.9087
      vertex -7.5665 -6.25748 52.4692
      vertex -7.55785 -6.29068 52.3533
    endloop
  endfacet
  facet normal -0.823634 -0.558526 0.0983665
    outer loop
      vertex -4.1255 -10.5499 56.9087
      vertex -7.57903 -6.21852 52.5855
      vertex -7.5665 -6.25748 52.4692
    endloop
  endfacet
  facet normal -0.823654 -0.558487 0.0984207
    outer loop
      vertex -4.1255 -10.5499 56.9087
      vertex -7.59539 -6.17395 52.7015
      vertex -7.57903 -6.21852 52.5855
    endloop
  endfacet
  facet normal -0.823654 -0.558487 0.0984207
    outer loop
      vertex -4.1255 -10.5499 56.9087
      vertex -7.61549 -6.12397 52.8169
      vertex -7.59539 -6.17395 52.7015
    endloop
  endfacet
  facet normal -0.823641 -0.558513 0.0983819
    outer loop
      vertex -4.1255 -10.5499 56.9087
      vertex -7.63926 -6.0688 52.9311
      vertex -7.61549 -6.12397 52.8169
    endloop
  endfacet
  facet normal -0.823646 -0.558502 0.0983986
    outer loop
      vertex -4.1255 -10.5499 56.9087
      vertex -7.6666 -6.00866 53.0436
      vertex -7.63926 -6.0688 52.9311
    endloop
  endfacet
  facet normal -0.823661 -0.558471 0.0984493
    outer loop
      vertex -4.1255 -10.5499 56.9087
      vertex -7.69738 -5.94382 53.1539
      vertex -7.6666 -6.00866 53.0436
    endloop
  endfacet
  facet normal -0.82365 -0.558494 0.0984104
    outer loop
      vertex -4.1255 -10.5499 56.9087
      vertex -7.73147 -5.87455 53.2617
      vertex -7.69738 -5.94382 53.1539
    endloop
  endfacet
  facet normal -0.823654 -0.558486 0.098425
    outer loop
      vertex -4.1255 -10.5499 56.9087
      vertex -7.76874 -5.80115 53.3663
      vertex -7.73147 -5.87455 53.2617
    endloop
  endfacet
  facet normal -0.823656 -0.558481 0.0984339
    outer loop
      vertex -4.1255 -10.5499 56.9087
      vertex -7.80901 -5.72394 53.4674
      vertex -7.76874 -5.80115 53.3663
    endloop
  endfacet
  facet normal -0.823647 -0.558503 0.0983926
    outer loop
      vertex -4.1255 -10.5499 56.9087
      vertex -7.85212 -5.64324 53.5646
      vertex -7.80901 -5.72394 53.4674
    endloop
  endfacet
  facet normal -0.823647 -0.558503 0.0983925
    outer loop
      vertex -4.1255 -10.5499 56.9087
      vertex -7.89789 -5.55941 53.6573
      vertex -7.85212 -5.64324 53.5646
    endloop
  endfacet
  facet normal -0.823651 -0.558493 0.0984119
    outer loop
      vertex -4.1255 -10.5499 56.9087
      vertex -7.94611 -5.47279 53.7453
      vertex -7.89789 -5.55941 53.6573
    endloop
  endfacet
  facet normal -0.823657 -0.558478 0.0984453
    outer loop
      vertex -4.1255 -10.5499 56.9087
      vertex -7.99658 -5.38376 53.8281
      vertex -7.94611 -5.47279 53.7453
    endloop
  endfacet
  facet normal -0.823654 -0.558486 0.0984262
    outer loop
      vertex -4.1255 -10.5499 56.9087
      vertex -8.04908 -5.29271 53.9054
      vertex -7.99658 -5.38376 53.8281
    endloop
  endfacet
  facet normal -0.823648 -0.558501 0.0983932
    outer loop
      vertex -4.1255 -10.5499 56.9087
      vertex -8.10339 -5.20002 53.9769
      vertex -8.04908 -5.29271 53.9054
    endloop
  endfacet
  facet normal -0.82365 -0.558496 0.0984038
    outer loop
      vertex -4.1255 -10.5499 56.9087
      vertex -8.15928 -5.10609 54.0422
      vertex -8.10339 -5.20002 53.9769
    endloop
  endfacet
  facet normal -0.823643 -0.558514 0.0983591
    outer loop
      vertex -4.1255 -10.5499 56.9087
      vertex -8.21651 -5.01132 54.1011
      vertex -8.15928 -5.10609 54.0422
    endloop
  endfacet
  facet normal -0.823645 -0.558509 0.0983733
    outer loop
      vertex -4.1255 -10.5499 56.9087
      vertex -8.27483 -4.91612 54.1533
      vertex -8.21651 -5.01132 54.1011
    endloop
  endfacet
  facet normal -0.82365 -0.558493 0.0984139
    outer loop
      vertex -4.1255 -10.5499 56.9087
      vertex -8.33399 -4.82089 54.1986
      vertex -8.27483 -4.91612 54.1533
    endloop
  endfacet
  facet normal -0.823665 -0.558453 0.0985215
    outer loop
      vertex -4.1255 -10.5499 56.9087
      vertex -8.39373 -4.72604 54.2368
      vertex -8.33399 -4.82089 54.1986
    endloop
  endfacet
  facet normal -0.823647 -0.558504 0.0983809
    outer loop
      vertex -4.1255 -10.5499 56.9087
      vertex -8.45382 -4.63198 54.2677
      vertex -8.39373 -4.72604 54.2368
    endloop
  endfacet
  facet normal -0.823663 -0.558457 0.098512
    outer loop
      vertex -4.1255 -10.5499 56.9087
      vertex -8.51397 -4.53912 54.2912
      vertex -8.45382 -4.63198 54.2677
    endloop
  endfacet
  facet normal -0.823634 -0.558542 0.0982696
    outer loop
      vertex -4.1255 -10.5499 56.9087
      vertex -8.57395 -4.44784 54.3073
      vertex -8.51397 -4.53912 54.2912
    endloop
  endfacet
  facet normal -0.823643 -0.558517 0.0983422
    outer loop
      vertex -4.1255 -10.5499 56.9087
      vertex -8.63349 -4.35854 54.3158
      vertex -8.57395 -4.44784 54.3073
    endloop
  endfacet
  facet normal -0.823673 -0.558424 0.0986172
    outer loop
      vertex -4.1255 -10.5499 56.9087
      vertex -8.69233 -4.27161 54.3166
      vertex -8.63349 -4.35854 54.3158
    endloop
  endfacet
  facet normal -0.823651 -0.558493 0.0984116
    outer loop
      vertex -8.75023 -4.18741 54.3099
      vertex -4.1255 -10.5499 56.9087
      vertex -0.325706 -13.2965 73.1237
    endloop
  endfacet
  facet normal -0.823652 -0.558491 0.0984135
    outer loop
      vertex -8.80694 -4.1063 54.2956
      vertex -0.325706 -13.2965 73.1237
      vertex -13.8842 3.35705 54.1566
    endloop
  endfacet
  facet normal -0.351537 0.932421 -0.0837366
    outer loop
      vertex -3.76084 11.0791 6.46077e-07
      vertex -6.48929 14.2449 46.7061
      vertex -6.47627 14.252 46.7305
    endloop
  endfacet
  facet normal -0.351232 0.932537 -0.0837268
    outer loop
      vertex -3.76084 11.0791 6.46077e-07
      vertex -6.47627 14.252 46.7305
      vertex -6.34561 14.3261 47.0077
    endloop
  endfacet
  facet normal -0.35102 0.932618 -0.0837197
    outer loop
      vertex -6.48929 14.2449 46.7061
      vertex -3.76084 11.0791 6.46077e-07
      vertex -4.4774 10.8094 6.97134e-07
    endloop
  endfacet
  facet normal -0.351541 0.932421 -0.0837301
    outer loop
      vertex -7.06891 15.2347 60.162
      vertex -6.76168 14.8488 54.5747
      vertex -6.83209 14.8303 54.6643
    endloop
  endfacet
  facet normal 0.0565763 -0.996606 -0.0597988
    outer loop
      vertex 4.67623 -15.651 69.9659
      vertex 0.765216 -11.6749 9.92033e-07
      vertex 5.15049 -15.6061 69.6663
    endloop
  endfacet
  facet normal 0.973684 0.227091 -0.0192062
    outer loop
      vertex 11.4752 2.28256 7.58533e-07
      vertex 11.3013 3.02818 8.59654e-07
      vertex 14.5515 -4.77991 72.4517
    endloop
  endfacet
  facet normal -2.48972e-06 -4.1426e-06 -1
    outer loop
      vertex -5.85 -10.1325 8.41703e-07
      vertex -6.50017 -9.7282 7.8559e-07
      vertex -5.17478 -10.4934 6.5566e-07
    endloop
  endfacet
  facet normal -4.67205e-06 -1.22237e-05 -1
    outer loop
      vertex -3.76084 -11.0791 8.26455e-07
      vertex -4.4774 -10.8094 8.77511e-07
      vertex -3.02818 -11.3013 1.19551e-07
    endloop
  endfacet
  facet normal 0.849197 0.528076 0
    outer loop
      vertex 10.1325 5.85 33
      vertex 9.72819 6.50017 4.54462e-07
      vertex 9.72819 6.50017 33
    endloop
  endfacet
  facet normal 0.416124 0.809815 0.413569
    outer loop
      vertex 10.9146 -1.72961 77.7297
      vertex -3.71893 15.7524 58.2219
      vertex 10.4776 -1.68472 78.0815
    endloop
  endfacet
  facet normal 0.416152 0.809813 0.413546
    outer loop
      vertex -3.71893 15.7524 58.2219
      vertex 10.9146 -1.72961 77.7297
      vertex -3.28196 15.7075 57.8701
    endloop
  endfacet
  facet normal -0.879768 0.468187 -0.0825228
    outer loop
      vertex -13.2336 8.59055 49.235
      vertex -13.2843 8.52572 49.4077
      vertex -13.2394 8.58612 49.2717
    endloop
  endfacet
  facet normal -0.878873 0.47003 -0.0815681
    outer loop
      vertex -13.1992 8.62216 49.0465
      vertex -13.2843 8.52572 49.4077
      vertex -13.2336 8.59055 49.235
    endloop
  endfacet
  facet normal -0.878993 0.469815 -0.0815147
    outer loop
      vertex -10.4934 5.17478 7.9779e-07
      vertex -13.1992 8.62216 49.0465
      vertex -10.1325 5.85 6.47691e-07
    endloop
  endfacet
  facet normal -0.878821 0.470135 -0.0815277
    outer loop
      vertex -13.1992 8.62216 49.0465
      vertex -10.4934 5.17478 7.9779e-07
      vertex -13.2843 8.52572 49.4077
    endloop
  endfacet
  facet normal 0.580782 -0.810467 -0.0763942
    outer loop
      vertex 10.0109 -13.6163 67.939
      vertex 6.50017 -9.7282 4.91181e-07
      vertex 7.12251 -9.28223 8.45373e-07
    endloop
  endfacet
  facet normal 0.162525 -0.984534 -0.0654033
    outer loop
      vertex 5.63318 -15.5315 69.3868
      vertex 1.52716 -11.5999 4.15162e-07
      vertex 2.28256 -11.4752 8.32285e-07
    endloop
  endfacet
  facet normal 1.3422e-05 2.71638e-05 -1
    outer loop
      vertex 5.85 10.1325 3.4488e-07
      vertex 4.4774 10.8094 3.09072e-07
      vertex 5.17478 10.4934 1.08552e-06
    endloop
  endfacet
  facet normal 0.471319 0.881807 -0.0165797
    outer loop
      vertex 5.85 10.1325 3.4488e-07
      vertex 5.17478 10.4934 1.08552e-06
      vertex -1.7142 15.2347 56.3343
    endloop
  endfacet
  facet normal 0.72986 0.683597 0
    outer loop
      vertex 8.79653 7.71435 6.15345e-07
      vertex 8.27315 8.27315 1.01723e-06
      vertex 8.27315 8.27315 33
    endloop
  endfacet
  facet normal 0.72986 0.683597 0
    outer loop
      vertex 8.79653 7.71435 33
      vertex 8.79653 7.71435 6.15345e-07
      vertex 8.27315 8.27315 33
    endloop
  endfacet
  facet normal 2.59207e-06 -1.23571e-05 -1
    outer loop
      vertex 2.28256 -11.4752 8.32285e-07
      vertex 1.52716 -11.5999 4.15162e-07
      vertex 3.02818 -11.3013 6.16089e-07
    endloop
  endfacet
  facet normal 1.15557e-07 -8.2153e-08 -1
    outer loop
      vertex 5.85 -10.1325 3.4488e-07
      vertex 11.6749 -0.765217 2.48435e-07
      vertex 7.71435 -8.79653 4.50564e-07
    endloop
  endfacet
  facet normal 0.879718 -0.470203 -0.0707506
    outer loop
      vertex 10.1325 -5.85 5.38892e-07
      vertex 10.4934 -5.17478 1.39433e-06
      vertex 13.6763 -9.58128 68.8616
    endloop
  endfacet
  facet normal -0.254253 0.62936 0.734344
    outer loop
      vertex -9.03004 14.3213 60.7619
      vertex 5.12611 -3.14059 80.6287
      vertex 5.16648 -3.11588 80.6215
    endloop
  endfacet
  facet normal -0.254142 0.629428 0.734324
    outer loop
      vertex 5.12611 -3.14059 80.6287
      vertex -9.03004 14.3213 60.7619
      vertex -9.07041 14.2966 60.7691
    endloop
  endfacet
  facet normal -0.247892 0.965393 -0.0810291
    outer loop
      vertex -5.59104 15.6329 59.4552
      vertex -5.70059 15.0032 52.288
      vertex -6.0801 15.529 59.7135
    endloop
  endfacet
  facet normal -0.249116 0.965082 -0.080983
    outer loop
      vertex -5.59104 15.6329 59.4552
      vertex -5.65538 14.9987 52.0953
      vertex -5.70059 15.0032 52.288
    endloop
  endfacet
  facet normal -0.247856 0.965403 -0.0810217
    outer loop
      vertex -5.59104 15.6329 59.4552
      vertex -5.58829 14.9829 51.7018
      vertex -5.65538 14.9987 52.0953
    endloop
  endfacet
  facet normal -0.247929 0.965384 -0.0810202
    outer loop
      vertex -5.59104 15.6329 59.4552
      vertex -5.54378 14.9604 51.2975
      vertex -5.58829 14.9829 51.7018
    endloop
  endfacet
  facet normal -0.2478 0.965417 -0.0810221
    outer loop
      vertex -5.59104 15.6329 59.4552
      vertex -5.52205 14.9313 50.8843
      vertex -5.54378 14.9604 51.2975
    endloop
  endfacet
  facet normal -0.248791 0.96516 -0.0810471
    outer loop
      vertex -5.54718 14.8538 50.038
      vertex -3.02818 11.3013 5.70494e-07
      vertex -5.57332 14.8269 49.7979
    endloop
  endfacet
  facet normal -0.247785 0.965422 -0.0810151
    outer loop
      vertex -5.52318 14.8957 50.4639
      vertex -3.02818 11.3013 5.70494e-07
      vertex -5.54718 14.8538 50.038
    endloop
  endfacet
  facet normal -0.24908 0.965085 -0.0810551
    outer loop
      vertex -5.52205 14.9313 50.8843
      vertex -3.02818 11.3013 5.70494e-07
      vertex -5.52318 14.8957 50.4639
    endloop
  endfacet
  facet normal -0.247939 0.965382 -0.0810203
    outer loop
      vertex -3.02818 11.3013 5.70494e-07
      vertex -5.52205 14.9313 50.8843
      vertex -5.59104 15.6329 59.4552
    endloop
  endfacet
  facet normal 0.849197 0.528076 -0
    outer loop
      vertex 10.1325 5.85 6.29081e-07
      vertex 9.72819 6.50017 4.54462e-07
      vertex 10.1325 5.85 33
    endloop
  endfacet
  facet normal 0.726815 0.680745 0.0912511
    outer loop
      vertex 8.79653 7.71435 33
      vertex 8.27315 8.27315 33
      vertex 13.4232 -2.84913 74.9535
    endloop
  endfacet
  facet normal 0.933878 -0.351494 -0.0657611
    outer loop
      vertex 10.8094 -4.4774 6.43974e-07
      vertex 11.0791 -3.76084 7.6415e-07
      vertex 14.1156 -8.66785 69.3496
    endloop
  endfacet
  facet normal 0.972173 -0.226739 -0.0588977
    outer loop
      vertex 11.3013 -3.02818 9.49842e-07
      vertex 11.4752 -2.28256 9.3891e-07
      vertex 14.4352 -7.75441 69.9232
    endloop
  endfacet
  facet normal 0.681886 0.728033 0.070707
    outer loop
      vertex 8.27315 8.27315 33
      vertex 7.71435 8.79653 33
      vertex -1.0616 14.8298 55.5123
    endloop
  endfacet
  facet normal 1.22385e-06 1.07159e-06 -1
    outer loop
      vertex 9.72819 6.50017 4.54462e-07
      vertex 7.71435 8.79653 4.50564e-07
      vertex 8.79653 7.71435 6.15345e-07
    endloop
  endfacet
  facet normal 3.00443e-06 1.30879e-05 -1
    outer loop
      vertex 3.76084 11.0791 3.60128e-07
      vertex 2.28256 11.4752 1.10285e-06
      vertex 3.02818 11.3013 1.06703e-06
    endloop
  endfacet
  facet normal 2.55556e-06 1.14126e-05 -1
    outer loop
      vertex 3.76084 11.0791 3.60128e-07
      vertex 1.52716 11.5999 5.9554e-07
      vertex 2.28256 11.4752 1.10285e-06
    endloop
  endfacet
  facet normal -0.0327351 -0.997985 -0.0543523
    outer loop
      vertex 4.21242 -15.666 70.2843
      vertex -0.765217 -11.6749 5.68771e-07
      vertex 1.71619e-07 -11.7 5.93291e-07
    endloop
  endfacet
  facet normal 0.999102 -0.0032368 -0.0422548
    outer loop
      vertex 14.6787 -6.41838 70.9221
      vertex 11.7 1.78567e-07 6.37601e-07
      vertex 14.6955 -5.98979 71.2865
    endloop
  endfacet
  facet normal -0.162376 0.983633 -0.0781042
    outer loop
      vertex -1.52716 11.5999 7.71421e-07
      vertex -2.28256 11.4752 9.85618e-07
      vertex -5.10835 15.7075 59.1757
    endloop
  endfacet
  facet normal 0.996927 0.0697607 -0.035632
    outer loop
      vertex 14.6955 -5.98979 71.2865
      vertex 11.6749 0.765217 3.38624e-07
      vertex 14.6798 -5.57266 71.6639
    endloop
  endfacet
  facet normal -0.0853828 0.717652 0.691148
    outer loop
      vertex -7.56443 15.0457 60.3503
      vertex 6.13865 -2.60731 80.3731
      vertex 6.63209 -2.39143 80.2099
    endloop
  endfacet
  facet normal -0.0854054 0.717642 0.691155
    outer loop
      vertex 6.13865 -2.60731 80.3731
      vertex -7.56443 15.0457 60.3503
      vertex -8.05787 14.8298 60.5135
    endloop
  endfacet
  facet normal -0.0326995 0.996899 -0.0715731
    outer loop
      vertex 1.71619e-07 11.7 5.93291e-07
      vertex -0.765217 11.6749 7.49149e-07
      vertex -4.17028 15.7674 58.5577
    endloop
  endfacet
  facet normal -0.770872 -0.632624 0.0744535
    outer loop
      vertex -8.79653 -7.71435 33
      vertex -6.79489 -8.88557 43.7727
      vertex -9.28223 -7.12251 33
    endloop
  endfacet
  facet normal -0.770874 -0.632621 0.0744543
    outer loop
      vertex -6.79489 -8.88557 43.7727
      vertex -8.79653 -7.71435 33
      vertex -6.2714 -9.43563 44.519
    endloop
  endfacet
  facet normal -0.770915 -0.632569 0.0744731
    outer loop
      vertex -3.35342 -11.4247 57.83
      vertex 0.11464 -13.7831 73.6979
      vertex -3.61569 -11.139 57.5418
    endloop
  endfacet
  facet normal -0.771714 -0.631556 0.0747982
    outer loop
      vertex 0.11464 -13.7831 73.6979
      vertex -3.35342 -11.4247 57.83
      vertex 0.129118 -13.7986 73.7164
    endloop
  endfacet
  facet normal -0.531072 0.842968 -0.0858414
    outer loop
      vertex -9.03004 14.3213 60.7619
      vertex -9.12749 13.8861 57.0911
      vertex -9.07041 14.2966 60.7691
    endloop
  endfacet
  facet normal -0.530988 0.84302 -0.0858498
    outer loop
      vertex -9.12749 13.8861 57.0911
      vertex -9.03004 14.3213 60.7619
      vertex -8.86016 14.0128 56.6818
    endloop
  endfacet
  facet normal -0.531467 0.842719 -0.0858324
    outer loop
      vertex -8.58118 12.9263 44.285
      vertex -6.50017 9.7282 6.95402e-07
      vertex -8.68425 12.8559 44.232
    endloop
  endfacet
  facet normal -0.531274 0.842841 -0.0858321
    outer loop
      vertex -6.50017 9.7282 6.95402e-07
      vertex -8.58118 12.9263 44.285
      vertex -8.35001 13.0867 44.4292
    endloop
  endfacet
  facet normal -0.564379 0.821032 -0.0859258
    outer loop
      vertex -8.84405 12.738 44.1541
      vertex -6.50017 9.7282 6.95402e-07
      vertex -9.01128 12.6164 44.0906
    endloop
  endfacet
  facet normal -0.56404 0.821265 -0.0859237
    outer loop
      vertex -6.50017 9.7282 6.95402e-07
      vertex -8.84405 12.738 44.1541
      vertex -8.68425 12.8559 44.232
    endloop
  endfacet
  facet normal -0.632029 0.770146 -0.0861075
    outer loop
      vertex -7.71435 8.79653 7.36019e-07
      vertex -9.81746 11.9856 43.9599
      vertex -7.12251 9.28223 8.95808e-07
    endloop
  endfacet
  facet normal -0.631904 0.770249 -0.0861089
    outer loop
      vertex -9.81746 11.9856 43.9599
      vertex -7.71435 8.79653 7.36019e-07
      vertex -9.89145 11.925 43.9608
    endloop
  endfacet
  facet normal -0.632127 0.770066 -0.086107
    outer loop
      vertex -9.89145 11.925 43.9608
      vertex -7.71435 8.79653 7.36019e-07
      vertex -9.98292 11.8511 43.9714
    endloop
  endfacet
  facet normal -0.80996 0.580406 -0.0842289
    outer loop
      vertex -9.72819 6.50017 5.51744e-07
      vertex -12.1673 9.74764 45.8326
      vertex -9.28223 7.12251 8.2889e-07
    endloop
  endfacet
  facet normal -0.80983 0.580586 -0.0842348
    outer loop
      vertex -12.1673 9.74764 45.8326
      vertex -9.72819 6.50017 5.51744e-07
      vertex -12.2848 9.61697 46.0616
    endloop
  endfacet
  facet normal -0.815923 0.572027 -0.0839938
    outer loop
      vertex -12.2848 9.61697 46.0616
      vertex -9.72819 6.50017 5.51744e-07
      vertex -12.2878 9.61366 46.0682
    endloop
  endfacet
  facet normal -0.74143 0.665582 -0.0853413
    outer loop
      vertex -11.3273 10.6224 44.6669
      vertex -8.79653 7.71435 5.84704e-07
      vertex -11.4801 10.4726 44.8261
    endloop
  endfacet
  facet normal -0.740908 0.666161 -0.0853495
    outer loop
      vertex -8.79653 7.71435 5.84704e-07
      vertex -11.3273 10.6224 44.6669
      vertex -11.193 10.7561 44.5446
    endloop
  endfacet
  facet normal -0.907971 0.411424 -0.0794971
    outer loop
      vertex -10.8094 4.4774 1.09721e-06
      vertex -13.5097 8.20325 50.1238
      vertex -10.4934 5.17478 7.9779e-07
    endloop
  endfacet
  facet normal -0.908036 0.411282 -0.07949
    outer loop
      vertex -13.5097 8.20325 50.1238
      vertex -10.8094 4.4774 1.09721e-06
      vertex -13.5708 8.10836 50.3308
    endloop
  endfacet
  facet normal 0.632523 -0.770748 -0.0765665
    outer loop
      vertex 7.12251 -9.28223 8.45373e-07
      vertex 7.71435 -8.79653 4.50564e-07
      vertex 10.9002 -12.928 67.9076
    endloop
  endfacet
  facet normal -6.79085e-06 2.31297e-06 -1
    outer loop
      vertex -11.3013 3.02818 7.91339e-07
      vertex -11.0791 3.76084 9.77031e-07
      vertex -11.4752 2.28256 2.47673e-07
    endloop
  endfacet
  facet normal -2.11507e-06 9.08193e-07 -1
    outer loop
      vertex -10.4934 5.17478 7.9779e-07
      vertex -10.1325 5.85 6.47691e-07
      vertex -11.4752 2.28256 2.47673e-07
    endloop
  endfacet
  facet normal 0.881666 0.471244 0.0243849
    outer loop
      vertex 10.4934 5.17478 33
      vertex 10.1325 5.85 33
      vertex 14.1219 -3.71944 73.6899
    endloop
  endfacet
  facet normal 0.822371 -0.564173 -0.0735835
    outer loop
      vertex 12.8099 -10.9173 68.3079
      vertex 9.72819 -6.50017 6.34839e-07
      vertex 13.1248 -10.4791 68.4675
    endloop
  endfacet
  facet normal -0.993367 0.0977796 -0.06051
    outer loop
      vertex -11.6749 0.765217 9.38148e-07
      vertex -14.3219 6.00244 51.9176
      vertex -11.5999 1.52716 7.15618e-07
    endloop
  endfacet
  facet normal -0.993428 0.0971927 -0.0604539
    outer loop
      vertex -14.3219 6.00244 51.9176
      vertex -11.6749 0.765217 9.38148e-07
      vertex -14.3323 5.92867 51.9699
    endloop
  endfacet
  facet normal -0.98452 0.162523 -0.0656265
    outer loop
      vertex -11.5999 1.52716 7.15618e-07
      vertex -14.3062 6.07703 51.8672
      vertex -11.4752 2.28256 2.47673e-07
    endloop
  endfacet
  facet normal -0.984464 0.162853 -0.0656525
    outer loop
      vertex -14.3062 6.07703 51.8672
      vertex -11.5999 1.52716 7.15618e-07
      vertex -14.3219 6.00244 51.9176
    endloop
  endfacet
  facet normal -1.19687e-05 -5.64058e-06 -1
    outer loop
      vertex -10.4934 -5.17478 1.06836e-06
      vertex -10.8094 -4.4774 9.1683e-07
      vertex -10.1325 -5.85 5.57502e-07
    endloop
  endfacet
  facet normal -0.910853 -0.41273 0
    outer loop
      vertex -10.4934 -5.17478 1.06836e-06
      vertex -10.8094 -4.4774 33
      vertex -10.8094 -4.4774 9.1683e-07
    endloop
  endfacet
  facet normal -0.910853 -0.41273 0
    outer loop
      vertex -10.8094 -4.4774 33
      vertex -10.4934 -5.17478 1.06836e-06
      vertex -10.4934 -5.17478 33
    endloop
  endfacet
  facet normal -0.928718 -0.370788 -0
    outer loop
      vertex -10.8094 -4.4774 33
      vertex -13.1499 1.38488 36.5203
      vertex -10.8094 -4.4774 9.1683e-07
    endloop
  endfacet
  facet normal -0.9289 -0.37033 -0.000883326
    outer loop
      vertex -13.1499 1.38488 36.5203
      vertex -10.8094 -4.4774 33
      vertex -13.0591 1.15731 36.4433
    endloop
  endfacet
  facet normal -0.928715 -0.370794 -3.76046e-06
    outer loop
      vertex -13.0591 1.15731 36.4433
      vertex -10.8094 -4.4774 33
      vertex -12.8549 0.645858 36.3842
    endloop
  endfacet
  facet normal -0.928713 -0.370801 7.48565e-06
    outer loop
      vertex -12.8549 0.645858 36.3842
      vertex -10.8094 -4.4774 33
      vertex -12.6193 0.0557713 36.4119
    endloop
  endfacet
  facet normal -0.928708 -0.370813 2.67184e-05
    outer loop
      vertex -12.6193 0.0557713 36.4119
      vertex -10.8094 -4.4774 33
      vertex -12.3533 -0.610422 36.5263
    endloop
  endfacet
  facet normal -0.928725 -0.37077 -2.79586e-05
    outer loop
      vertex -12.3533 -0.610422 36.5263
      vertex -10.8094 -4.4774 33
      vertex -12.0581 -1.34987 36.727
    endloop
  endfacet
  facet normal -0.928719 -0.370785 -1.30341e-05
    outer loop
      vertex -12.0581 -1.34987 36.727
      vertex -10.8094 -4.4774 33
      vertex -11.7349 -2.15941 37.0131
    endloop
  endfacet
  facet normal -0.928715 -0.370795 -6.54619e-06
    outer loop
      vertex -11.7349 -2.15941 37.0131
      vertex -10.8094 -4.4774 33
      vertex -11.4783 -2.80211 37.2846
    endloop
  endfacet
  facet normal -0.928788 -0.37061 -3.82368e-05
    outer loop
      vertex -13.3866 1.97761 40.7214
      vertex -14.2335 4.09872 53.4267
      vertex -13.4083 2.03201 40.5517
    endloop
  endfacet
  facet normal -0.928706 -0.370816 1.56564e-06
    outer loop
      vertex -13.2523 1.64126 41.5754
      vertex -14.2335 4.09872 53.4267
      vertex -13.3866 1.97761 40.7214
    endloop
  endfacet
  facet normal -0.928707 -0.370815 1.37565e-06
    outer loop
      vertex -13.0849 1.22201 42.4941
      vertex -14.2335 4.09872 53.4267
      vertex -13.2523 1.64126 41.5754
    endloop
  endfacet
  facet normal -0.928698 -0.370837 8.14545e-06
    outer loop
      vertex -12.8851 0.721667 43.4735
      vertex -14.2335 4.09872 53.4267
      vertex -13.0849 1.22201 42.4941
    endloop
  endfacet
  facet normal -0.928743 -0.370724 -3.63813e-05
    outer loop
      vertex -12.6539 0.14236 44.5094
      vertex -14.2335 4.09872 53.4267
      vertex -12.8851 0.721667 43.4735
    endloop
  endfacet
  facet normal -0.928614 -0.371046 0.000129237
    outer loop
      vertex -12.6249 0.0698238 44.6297
      vertex -14.2335 4.09872 53.4267
      vertex -12.6539 0.14236 44.5094
    endloop
  endfacet
  facet normal -0.928691 -0.370854 2.71367e-05
    outer loop
      vertex -14.2335 4.09872 53.4267
      vertex -12.6249 0.0698238 44.6297
      vertex -14.062 3.66928 53.8355
    endloop
  endfacet
  facet normal -0.973263 -0.228506 -0.0233153
    outer loop
      vertex -14.3324 4.46343 53.1007
      vertex -13.4808 2.34538 38.3103
      vertex -14.3241 4.42465 53.1343
    endloop
  endfacet
  facet normal -0.973614 -0.226983 -0.0235537
    outer loop
      vertex -14.3324 4.46343 53.1007
      vertex -13.4758 2.33844 38.1705
      vertex -13.4808 2.34538 38.3103
    endloop
  endfacet
  facet normal -0.973578 -0.227137 -0.0235297
    outer loop
      vertex -11.4752 -2.28256 4.2805e-07
      vertex -13.4758 2.33844 38.1705
      vertex -14.3324 4.46343 53.1007
    endloop
  endfacet
  facet normal -0.973514 -0.227415 -0.0234927
    outer loop
      vertex -11.4752 -2.28256 4.2805e-07
      vertex -13.453 2.27686 37.8218
      vertex -13.4758 2.33844 38.1705
    endloop
  endfacet
  facet normal -0.973594 -0.22707 -0.0235384
    outer loop
      vertex -13.453 2.27686 37.8218
      vertex -11.4752 -2.28256 4.2805e-07
      vertex -11.3013 -3.02818 8.81528e-07
    endloop
  endfacet
  facet normal -0.683597 -0.72986 -0
    outer loop
      vertex -8.27315 -8.27315 33
      vertex -8.27315 -8.27315 7.23948e-07
      vertex -7.71435 -8.79653 7.36019e-07
    endloop
  endfacet
  facet normal -0.773017 -0.634385 -0
    outer loop
      vertex -9.28223 -7.12251 33
      vertex -9.28223 -7.12251 1.00927e-06
      vertex -8.79653 -7.71435 33
    endloop
  endfacet
  facet normal -0.72986 -0.683597 -0
    outer loop
      vertex -8.27315 -8.27315 33
      vertex -8.79653 -7.71435 1.12584e-06
      vertex -8.27315 -8.27315 7.23948e-07
    endloop
  endfacet
  facet normal -3.35126e-07 -3.8087e-07 -1
    outer loop
      vertex -7.71435 -8.79653 7.36019e-07
      vertex -8.27315 -8.27315 7.23948e-07
      vertex -3.02818 -11.3013 1.19551e-07
    endloop
  endfacet
  facet normal -0.88093 -0.470822 0.0478536
    outer loop
      vertex -10.4934 -5.17478 33
      vertex -11.0203 -3.69477 37.8619
      vertex -11.2523 -3.29188 37.555
    endloop
  endfacet
  facet normal -0.880917 -0.470844 0.0478615
    outer loop
      vertex -11.0203 -3.69477 37.8619
      vertex -10.4934 -5.17478 33
      vertex -10.1325 -5.85 33
    endloop
  endfacet
  facet normal -0.880837 -0.470986 0.0479328
    outer loop
      vertex -12.3817 -0.389795 45.3174
      vertex -13.9915 3.50397 53.9949
      vertex -12.5005 -0.195226 45.0461
    endloop
  endfacet
  facet normal -0.880658 -0.471303 0.0481082
    outer loop
      vertex -13.9915 3.50397 53.9949
      vertex -12.3817 -0.389795 45.3174
      vertex -13.9724 3.4717 54.0284
    endloop
  endfacet
  facet normal -0.910698 -0.412643 0.0188427
    outer loop
      vertex -10.8094 -4.4774 33
      vertex -11.3536 -3.07419 37.4273
      vertex -11.4654 -2.83333 37.2985
    endloop
  endfacet
  facet normal -0.91067 -0.412705 0.0188659
    outer loop
      vertex -10.8094 -4.4774 33
      vertex -11.2523 -3.29188 37.555
      vertex -11.3536 -3.07419 37.4273
    endloop
  endfacet
  facet normal -0.910692 -0.412657 0.0188513
    outer loop
      vertex -11.2523 -3.29188 37.555
      vertex -10.8094 -4.4774 33
      vertex -10.4934 -5.17478 33
    endloop
  endfacet
  facet normal -0.910723 -0.412589 0.0188174
    outer loop
      vertex -12.5005 -0.195226 45.0461
      vertex -14.0082 3.53932 53.96
      vertex -12.5995 0.00886077 44.7295
    endloop
  endfacet
  facet normal -0.910973 -0.412048 0.0185485
    outer loop
      vertex -14.0082 3.53932 53.96
      vertex -12.5005 -0.195226 45.0461
      vertex -13.9915 3.50397 53.9949
    endloop
  endfacet
  facet normal -0.998582 0.00997637 -0.0522947
    outer loop
      vertex -14.3813 5.53029 52.2552
      vertex -11.7 -4.31578e-08 5.48982e-07
      vertex -14.3971 5.20946 52.4957
    endloop
  endfacet
  facet normal 0.895404 0.444915 0.0174049
    outer loop
      vertex 14.2961 -4.05367 73.2719
      vertex 10.4934 5.17478 33
      vertex 14.1219 -3.71944 73.6899
    endloop
  endfacet
  facet normal -1.37401e-06 -1.12301e-06 -1
    outer loop
      vertex -9.72819 -6.50017 7.32121e-07
      vertex -10.1325 -5.85 5.57502e-07
      vertex -8.27315 -8.27315 7.23948e-07
    endloop
  endfacet
  facet normal -0.812848 -0.582476 0
    outer loop
      vertex -9.72819 -6.50017 33
      vertex -9.28223 -7.12251 1.00927e-06
      vertex -9.28223 -7.12251 33
    endloop
  endfacet
  facet normal -0.208455 -0.977197 -0.0404099
    outer loop
      vertex 2.90338 -15.5315 71.3382
      vertex -2.28256 -11.4752 5.34675e-07
      vertex 3.3241 -15.6061 70.9719
    endloop
  endfacet
  facet normal 5.48634e-06 -1.41044e-06 -1
    outer loop
      vertex 11.0791 -3.76084 7.6415e-07
      vertex 11.5999 -1.52716 4.70965e-07
      vertex 11.3013 -3.02818 9.49842e-07
    endloop
  endfacet
  facet normal -0.623724 -0.781343 0.0217135
    outer loop
      vertex 0.815411 -14.4866 73.7482
      vertex -0.323528 -13.7835 66.3325
      vertex 1.10375 -14.7284 73.3298
    endloop
  endfacet
  facet normal -0.623881 -0.781217 0.0217496
    outer loop
      vertex 0.815411 -14.4866 73.7482
      vertex -0.354672 -13.7596 66.2976
      vertex -0.323528 -13.7835 66.3325
    endloop
  endfacet
  facet normal -0.623791 -0.781289 0.0217285
    outer loop
      vertex 0.815411 -14.4866 73.7482
      vertex -0.406225 -13.7203 66.2307
      vertex -0.354672 -13.7596 66.2976
    endloop
  endfacet
  facet normal -0.624254 -0.780916 0.0218417
    outer loop
      vertex 0.815411 -14.4866 73.7482
      vertex -0.454161 -13.684 66.1585
      vertex -0.406225 -13.7203 66.2307
    endloop
  endfacet
  facet normal -0.624179 -0.780976 0.0218228
    outer loop
      vertex 0.815411 -14.4866 73.7482
      vertex -0.498275 -13.6509 66.0813
      vertex -0.454161 -13.684 66.1585
    endloop
  endfacet
  facet normal -0.622995 -0.78193 0.0215159
    outer loop
      vertex 0.815411 -14.4866 73.7482
      vertex -0.538377 -13.6212 65.9995
      vertex -0.498275 -13.6509 66.0813
    endloop
  endfacet
  facet normal -0.624077 -0.781059 0.0218023
    outer loop
      vertex 0.815411 -14.4866 73.7482
      vertex -0.574297 -13.5949 65.9135
      vertex -0.538377 -13.6212 65.9995
    endloop
  endfacet
  facet normal -0.623316 -0.781672 0.0215976
    outer loop
      vertex 0.815411 -14.4866 73.7482
      vertex -0.605879 -13.5722 65.8236
      vertex -0.574297 -13.5949 65.9135
    endloop
  endfacet
  facet normal -0.621563 -0.78308 0.0211206
    outer loop
      vertex 0.815411 -14.4866 73.7482
      vertex -0.63299 -13.5532 65.7302
      vertex -0.605879 -13.5722 65.8236
    endloop
  endfacet
  facet normal -0.623932 -0.781175 0.0217704
    outer loop
      vertex 0.815411 -14.4866 73.7482
      vertex -0.655513 -13.5379 65.6337
      vertex -0.63299 -13.5532 65.7302
    endloop
  endfacet
  facet normal -0.624835 -0.780443 0.022119
    outer loop
      vertex -2.11982 -12.5621 58.6806
      vertex -0.649786 -13.5675 64.7329
      vertex -0.663231 -13.5548 64.8012
    endloop
  endfacet
  facet normal -0.623003 -0.781926 0.0214426
    outer loop
      vertex -2.11982 -12.5621 58.6806
      vertex -0.663231 -13.5548 64.8012
      vertex -0.679169 -13.5392 64.907
    endloop
  endfacet
  facet normal -0.624363 -0.780827 0.0219298
    outer loop
      vertex -2.11982 -12.5621 58.6806
      vertex -0.679169 -13.5392 64.907
      vertex -0.690321 -13.5273 65.0132
    endloop
  endfacet
  facet normal -0.623839 -0.78125 0.0217469
    outer loop
      vertex -2.11982 -12.5621 58.6806
      vertex -0.690321 -13.5273 65.0132
      vertex -0.696641 -13.5193 65.1193
    endloop
  endfacet
  facet normal -0.623783 -0.781295 0.0217278
    outer loop
      vertex -2.11982 -12.5621 58.6806
      vertex -0.696641 -13.5193 65.1193
      vertex -0.698098 -13.5152 65.2249
    endloop
  endfacet
  facet normal -0.623941 -0.781168 0.0217808
    outer loop
      vertex -2.11982 -12.5621 58.6806
      vertex -0.698098 -13.5152 65.2249
      vertex -0.69469 -13.515 65.3297
    endloop
  endfacet
  facet normal -0.621126 -0.783434 0.0208526
    outer loop
      vertex -2.11982 -12.5621 58.6806
      vertex -0.69469 -13.515 65.3297
      vertex -0.686429 -13.5188 65.433
    endloop
  endfacet
  facet normal -0.624846 -0.780437 0.0220669
    outer loop
      vertex -2.11982 -12.5621 58.6806
      vertex -0.686429 -13.5188 65.433
      vertex -0.673352 -13.5264 65.5345
    endloop
  endfacet
  facet normal -0.62412 -0.781023 0.0218364
    outer loop
      vertex -0.649786 -13.5675 64.7329
      vertex -1.98077 -12.6718 58.7277
      vertex -1.87011 -12.7596 58.7502
    endloop
  endfacet
  facet normal -0.621411 -0.783204 0.0209527
    outer loop
      vertex -2.11982 -12.5621 58.6806
      vertex -0.673352 -13.5264 65.5345
      vertex -0.655513 -13.5379 65.6337
    endloop
  endfacet
  facet normal -0.623975 -0.781141 0.0217821
    outer loop
      vertex -2.11982 -12.5621 58.6806
      vertex -0.655513 -13.5379 65.6337
      vertex 0.815411 -14.4866 73.7482
    endloop
  endfacet
  facet normal -0.623755 -0.781318 0.0217115
    outer loop
      vertex -0.649786 -13.5675 64.7329
      vertex -2.11982 -12.5621 58.6806
      vertex -1.98077 -12.6718 58.7277
    endloop
  endfacet
  facet normal -0.62403 -0.781096 0.0218043
    outer loop
      vertex -4.30323 -11.1306 47.4724
      vertex -7.12251 -9.28223 33
      vertex -4.10682 -11.2788 47.7846
    endloop
  endfacet
  facet normal 0.0327274 -0.997749 -0.0585306
    outer loop
      vertex 4.67623 -15.651 69.9659
      vertex 1.71619e-07 -11.7 5.93291e-07
      vertex 0.765216 -11.6749 9.92033e-07
    endloop
  endfacet
  facet normal -3.034e-06 -7.39779e-06 -1
    outer loop
      vertex -4.4774 -10.8094 8.77511e-07
      vertex -5.17478 -10.4934 6.5566e-07
      vertex -3.02818 -11.3013 1.19551e-07
    endloop
  endfacet
  facet normal -0.412561 -0.910734 -0.0189224
    outer loop
      vertex 1.50838 -14.8891 65.8785
      vertex 2.11782 -15.2946 72.1077
      vertex 1.49088 -14.8818 65.9087
    endloop
  endfacet
  facet normal -0.413499 -0.91031 -0.0188031
    outer loop
      vertex 2.11782 -15.2946 72.1077
      vertex 1.50838 -14.8891 65.8785
      vertex 1.542 -14.903 65.8121
    endloop
  endfacet
  facet normal -0.399957 -0.916307 -0.0204132
    outer loop
      vertex 1.36274 -14.782 63.8956
      vertex -4.4774 -10.8094 8.77511e-07
      vertex 1.36725 -14.7841 63.9015
    endloop
  endfacet
  facet normal -0.413503 -0.910308 -0.0188021
    outer loop
      vertex 1.30226 -14.7531 63.8265
      vertex -4.4774 -10.8094 8.77511e-07
      vertex 1.36274 -14.782 63.8956
    endloop
  endfacet
  facet normal -0.413463 -0.910327 -0.0188069
    outer loop
      vertex 1.27783 -14.7415 63.8021
      vertex -4.4774 -10.8094 8.77511e-07
      vertex 1.30226 -14.7531 63.8265
    endloop
  endfacet
  facet normal -0.412656 -0.910691 -0.0189021
    outer loop
      vertex -4.4774 -10.8094 8.77511e-07
      vertex 1.27783 -14.7415 63.8021
      vertex -5.17478 -10.4934 6.5566e-07
    endloop
  endfacet
  facet normal -3.65516e-07 -3.41641e-06 -1
    outer loop
      vertex -1.52716 -11.5999 5.91043e-07
      vertex -3.02818 -11.3013 1.19551e-07
      vertex -0.765217 -11.6749 5.68771e-07
    endloop
  endfacet
  facet normal -1.75462e-08 -1.51182e-06 -1
    outer loop
      vertex 1.71619e-07 -11.7 5.93291e-07
      vertex -0.765217 -11.6749 5.68771e-07
      vertex 1.52716 -11.5999 4.15162e-07
    endloop
  endfacet
  facet normal -2.30928e-08 -1.34229e-06 -1
    outer loop
      vertex -0.765217 -11.6749 5.68771e-07
      vertex -3.02818 -11.3013 1.19551e-07
      vertex 1.52716 -11.5999 4.15162e-07
    endloop
  endfacet
  facet normal 0.910853 0.41273 0
    outer loop
      vertex 10.8094 4.4774 33
      vertex 10.4934 5.17478 1.12377e-06
      vertex 10.4934 5.17478 33
    endloop
  endfacet
  facet normal 0.910853 0.41273 0
    outer loop
      vertex 10.4934 5.17478 1.12377e-06
      vertex 10.8094 4.4774 33
      vertex 10.8094 4.4774 8.24351e-07
    endloop
  endfacet
  facet normal -0.340019 0.936713 -0.0833987
    outer loop
      vertex -6.29555 14.3537 47.1136
      vertex -3.76084 11.0791 6.46077e-07
      vertex -6.34561 14.3261 47.0077
    endloop
  endfacet
  facet normal -0.340938 0.936377 -0.0834247
    outer loop
      vertex -6.13196 14.4485 47.5091
      vertex -3.76084 11.0791 6.46077e-07
      vertex -6.29555 14.3537 47.1136
    endloop
  endfacet
  facet normal -0.340505 0.936535 -0.0834143
    outer loop
      vertex -3.76084 11.0791 6.46077e-07
      vertex -6.13196 14.4485 47.5091
      vertex -6.00626 14.5255 47.8605
    endloop
  endfacet
  facet normal -0.34064 0.936487 -0.0834115
    outer loop
      vertex -6.57343 15.396 59.9495
      vertex -6.76168 14.8488 54.5747
      vertex -7.06891 15.2347 60.162
    endloop
  endfacet
  facet normal -0.339929 0.93674 -0.0834622
    outer loop
      vertex -6.57343 15.396 59.9495
      vertex -6.68042 14.8692 54.4727
      vertex -6.76168 14.8488 54.5747
    endloop
  endfacet
  facet normal -0.340764 0.936441 -0.0834171
    outer loop
      vertex -6.57343 15.396 59.9495
      vertex -6.48088 14.9158 54.1807
      vertex -6.68042 14.8692 54.4727
    endloop
  endfacet
  facet normal -0.340593 0.936503 -0.0834195
    outer loop
      vertex -6.57343 15.396 59.9495
      vertex -6.29875 14.9543 53.8693
      vertex -6.48088 14.9158 54.1807
    endloop
  endfacet
  facet normal -0.343837 0.935311 -0.0834795
    outer loop
      vertex -6.29875 14.9543 53.8693
      vertex -6.57343 15.396 59.9495
      vertex -6.28706 14.9565 53.8458
    endloop
  endfacet
  facet normal 0.72775 -0.681621 -0.0759857
    outer loop
      vertex 8.27315 -8.27315 9.27045e-07
      vertex 8.79653 -7.71435 1.15648e-06
      vertex 11.7248 -12.1669 67.9864
    endloop
  endfacet
  facet normal 3.28003e-06 -2.79625e-06 -1
    outer loop
      vertex 7.71435 -8.79653 4.50564e-07
      vertex 9.72819 -6.50017 6.34839e-07
      vertex 9.28223 -7.12251 9.12291e-07
    endloop
  endfacet
  facet normal 1.49285e-07 1.29221e-07 -1
    outer loop
      vertex 9.72819 6.50017 4.54462e-07
      vertex 5.85 10.1325 3.4488e-07
      vertex 7.71435 8.79653 4.50564e-07
    endloop
  endfacet
  facet normal 8.4319e-07 1.09757e-06 -1
    outer loop
      vertex 7.71435 8.79653 4.50564e-07
      vertex 5.85 10.1325 3.4488e-07
      vertex 7.12251 9.28223 4.84619e-07
    endloop
  endfacet
  facet normal 2.61725e-05 2.02151e-05 -1
    outer loop
      vertex 9.72819 6.50017 4.54462e-07
      vertex 8.79653 7.71435 6.15345e-07
      vertex 9.28223 7.12251 1.36323e-06
    endloop
  endfacet
  facet normal 0.773017 0.634385 0
    outer loop
      vertex 9.28223 7.12251 1.36323e-06
      vertex 8.79653 7.71435 6.15345e-07
      vertex 8.79653 7.71435 33
    endloop
  endfacet
  facet normal 0.226605 -0.971601 -0.0681361
    outer loop
      vertex 6.12224 -15.4275 69.1285
      vertex 2.28256 -11.4752 8.32285e-07
      vertex 3.02818 -11.3013 6.16089e-07
    endloop
  endfacet
  facet normal -0.844876 0.528475 -0.0830591
    outer loop
      vertex -12.7259 9.12016 47.1627
      vertex -9.72819 6.50017 5.51744e-07
      vertex -12.8185 9.01817 47.4557
    endloop
  endfacet
  facet normal -0.844707 0.528744 -0.0830633
    outer loop
      vertex -12.5913 9.27468 46.7775
      vertex -9.72819 6.50017 5.51744e-07
      vertex -12.7259 9.12016 47.1627
    endloop
  endfacet
  facet normal -0.8444 0.529233 -0.0830735
    outer loop
      vertex -9.72819 6.50017 5.51744e-07
      vertex -12.5913 9.27468 46.7775
      vertex -12.5541 9.31887 46.6809
    endloop
  endfacet
  facet normal 1.32977e-06 -1.7766e-06 -1
    outer loop
      vertex 6.50017 -9.7282 4.91181e-07
      vertex 5.85 -10.1325 3.4488e-07
      vertex 7.71435 -8.79653 4.50564e-07
    endloop
  endfacet
  facet normal 9.08232e-06 -1.18799e-05 -1
    outer loop
      vertex 7.12251 -9.28223 8.45373e-07
      vertex 6.50017 -9.7282 4.91181e-07
      vertex 7.71435 -8.79653 4.50564e-07
    endloop
  endfacet
  facet normal -0.199137 0.661423 0.723094
    outer loop
      vertex -8.5471 14.588 60.6509
      vertex 5.16648 -3.11588 80.6215
      vertex 5.64942 -2.84913 80.5105
    endloop
  endfacet
  facet normal -0.199086 0.66145 0.723083
    outer loop
      vertex 5.16648 -3.11588 80.6215
      vertex -8.5471 14.588 60.6509
      vertex -9.03004 14.3213 60.7619
    endloop
  endfacet
  facet normal 0.201017 0.802871 0.56124
    outer loop
      vertex -5.10835 15.7075 59.1757
      vertex 8.60548 -1.80421 79.3149
      vertex 9.08817 -1.72961 79.0353
    endloop
  endfacet
  facet normal 0.20093 0.802859 0.561289
    outer loop
      vertex 8.60548 -1.80421 79.3149
      vertex -5.10835 15.7075 59.1757
      vertex -5.59104 15.6329 59.4552
    endloop
  endfacet
  facet normal 0.988651 -0.140551 -0.0530571
    outer loop
      vertex 14.5483 -7.30258 70.239
      vertex 11.5999 -1.52716 4.70965e-07
      vertex 14.6296 -6.8566 70.5725
    endloop
  endfacet
  facet normal 0.510793 -0.856374 -0.0755893
    outer loop
      vertex 9.07218 -14.2198 68.0801
      vertex 5.85 -10.1325 3.4488e-07
      vertex 9.54676 -13.9293 67.9959
    endloop
  endfacet
  facet normal -0.0978381 -0.993961 -0.0496919
    outer loop
      vertex 3.76107 -15.651 70.6201
      vertex -1.52716 -11.5999 5.91043e-07
      vertex -0.765217 -11.6749 5.68771e-07
    endloop
  endfacet
  facet normal 0.850196 -0.521463 -0.0724131
    outer loop
      vertex 13.1248 -10.4791 68.4675
      vertex 10.1325 -5.85 5.38892e-07
      vertex 13.4141 -10.0331 68.6524
    endloop
  endfacet
  facet normal 1.50647e-06 4.86972e-07 -1
    outer loop
      vertex 11.4752 2.28256 7.58533e-07
      vertex 10.8094 4.4774 8.24351e-07
      vertex 11.3013 3.02818 8.59654e-07
    endloop
  endfacet
  facet normal 0.956894 0.290205 -0.0116512
    outer loop
      vertex 11.3013 3.02818 8.59654e-07
      vertex 11.0791 3.76084 1.1249e-06
      vertex 14.5515 -4.77991 72.4517
    endloop
  endfacet
  facet normal 0.144463 0.79248 0.592541
    outer loop
      vertex -5.59104 15.6329 59.4552
      vertex 8.11642 -1.90819 79.5732
      vertex 8.60548 -1.80421 79.3149
    endloop
  endfacet
  facet normal 0.144562 0.7925 0.592491
    outer loop
      vertex 8.11642 -1.90819 79.5732
      vertex -5.59104 15.6329 59.4552
      vertex -6.0801 15.529 59.7135
    endloop
  endfacet
  facet normal 0.466009 0.802867 0.371808
    outer loop
      vertex 11.3353 -1.80421 77.3635
      vertex -3.28196 15.7075 57.8701
      vertex 10.9146 -1.72961 77.7297
    endloop
  endfacet
  facet normal 0.465996 0.802869 0.371819
    outer loop
      vertex -3.28196 15.7075 57.8701
      vertex 11.3353 -1.80421 77.3635
      vertex -2.86124 15.6329 57.5039
    endloop
  endfacet
  facet normal 1.6836e-07 -1.08193e-07 -1
    outer loop
      vertex 7.71435 -8.79653 4.50564e-07
      vertex 11.6749 -0.765217 2.48435e-07
      vertex 10.1325 -5.85 5.38892e-07
    endloop
  endfacet
  facet normal 0.634385 0.773017 0
    outer loop
      vertex 7.71435 8.79653 33
      vertex 7.12251 9.28223 4.84619e-07
      vertex 7.12251 9.28223 33
    endloop
  endfacet
  facet normal 0.634385 0.773017 0
    outer loop
      vertex 7.12251 9.28223 4.84619e-07
      vertex 7.71435 8.79653 33
      vertex 7.71435 8.79653 4.50564e-07
    endloop
  endfacet
  facet normal 0.202808 0.977807 -0.0525569
    outer loop
      vertex -2.45857 15.529 57.1247
      vertex 2.28256 11.4752 1.10285e-06
      vertex -2.86124 15.6329 57.5039
    endloop
  endfacet
  facet normal 0.162612 0.985061 -0.0566769
    outer loop
      vertex 2.28256 11.4752 1.10285e-06
      vertex 1.52716 11.5999 5.9554e-07
      vertex -2.86124 15.6329 57.5039
    endloop
  endfacet
  facet normal 0.923902 -0.376751 -0.0668117
    outer loop
      vertex 13.9105 -9.12554 69.0943
      vertex 10.8094 -4.4774 6.43974e-07
      vertex 14.1156 -8.66785 69.3496
    endloop
  endfacet
  facet normal -0.295864 0.951668 -0.0824097
    outer loop
      vertex -5.98659 14.5363 47.9146
      vertex -3.76084 11.0791 6.46077e-07
      vertex -6.00626 14.5255 47.8605
    endloop
  endfacet
  facet normal -0.296075 0.951603 -0.0824147
    outer loop
      vertex -5.85683 14.6129 48.3329
      vertex -3.76084 11.0791 6.46077e-07
      vertex -5.98659 14.5363 47.9146
    endloop
  endfacet
  facet normal -0.295562 0.951763 -0.0824042
    outer loop
      vertex -5.74777 14.6834 48.756
      vertex -3.76084 11.0791 6.46077e-07
      vertex -5.85683 14.6129 48.3329
    endloop
  endfacet
  facet normal -0.295501 0.951782 -0.0824031
    outer loop
      vertex -3.76084 11.0791 6.46077e-07
      vertex -5.74777 14.6834 48.756
      vertex -5.66929 14.7407 49.1364
    endloop
  endfacet
  facet normal -0.29598 0.951633 -0.0824094
    outer loop
      vertex -6.0801 15.529 59.7135
      vertex -6.28706 14.9565 53.8458
      vertex -6.57343 15.396 59.9495
    endloop
  endfacet
  facet normal -0.295776 0.951695 -0.0824227
    outer loop
      vertex -6.0801 15.529 59.7135
      vertex -6.13042 14.9792 53.5458
      vertex -6.28706 14.9565 53.8458
    endloop
  endfacet
  facet normal -0.295995 0.951627 -0.0824149
    outer loop
      vertex -6.0801 15.529 59.7135
      vertex -5.98128 14.9961 53.2053
      vertex -6.13042 14.9792 53.5458
    endloop
  endfacet
  facet normal -0.29581 0.951685 -0.0824168
    outer loop
      vertex -6.0801 15.529 59.7135
      vertex -5.8523 15.0053 52.8486
      vertex -5.98128 14.9961 53.2053
    endloop
  endfacet
  facet normal -0.295303 0.951843 -0.082412
    outer loop
      vertex -5.8523 15.0053 52.8486
      vertex -6.0801 15.529 59.7135
      vertex -5.8075 15.0059 52.695
    endloop
  endfacet
  facet normal -0.295377 0.951812 -0.0825007
    outer loop
      vertex -3.02818 11.3013 5.70494e-07
      vertex -5.66929 14.7407 49.1364
      vertex -5.65982 14.7476 49.1821
    endloop
  endfacet
  facet normal -0.288711 0.953874 -0.0822884
    outer loop
      vertex -3.02818 11.3013 5.70494e-07
      vertex -5.65982 14.7476 49.1821
      vertex -5.59307 14.8047 49.6098
    endloop
  endfacet
  facet normal -0.288571 0.953916 -0.0822842
    outer loop
      vertex -3.02818 11.3013 5.70494e-07
      vertex -5.59307 14.8047 49.6098
      vertex -5.57332 14.8269 49.7979
    endloop
  endfacet
  facet normal -0.28924 0.953712 -0.0823038
    outer loop
      vertex -5.66929 14.7407 49.1364
      vertex -3.02818 11.3013 5.70494e-07
      vertex -3.76084 11.0791 6.46077e-07
    endloop
  endfacet
  facet normal -0.289769 0.953549 -0.0823243
    outer loop
      vertex -6.0801 15.529 59.7135
      vertex -5.74379 15.0065 52.4777
      vertex -5.8075 15.0059 52.695
    endloop
  endfacet
  facet normal -0.288496 0.953938 -0.0822931
    outer loop
      vertex -5.74379 15.0065 52.4777
      vertex -6.0801 15.529 59.7135
      vertex -5.70059 15.0032 52.288
    endloop
  endfacet
  facet normal -0.0831381 0.993765 -0.074287
    outer loop
      vertex -4.17028 15.7674 58.5577
      vertex -0.765217 11.6749 7.49149e-07
      vertex -4.63408 15.7524 58.8761
    endloop
  endfacet
  facet normal -0.0976822 0.992377 -0.0751465
    outer loop
      vertex -0.765217 11.6749 7.49149e-07
      vertex -1.52716 11.5999 7.71421e-07
      vertex -4.63408 15.7524 58.8761
    endloop
  endfacet
  facet normal -6.04889e-07 7.44713e-07 -1
    outer loop
      vertex -8.79653 7.71435 5.84704e-07
      vertex -7.71435 8.79653 7.36019e-07
      vertex -6.50017 9.7282 6.95402e-07
    endloop
  endfacet
  facet normal -4.39887e-06 5.68914e-06 -1
    outer loop
      vertex -7.71435 8.79653 7.36019e-07
      vertex -7.12251 9.28223 8.95808e-07
      vertex -6.50017 9.7282 6.95402e-07
    endloop
  endfacet
  facet normal -0.770217 0.632087 -0.0850335
    outer loop
      vertex -9.28223 7.12251 8.2889e-07
      vertex -11.7603 10.1804 45.1764
      vertex -8.79653 7.71435 5.84704e-07
    endloop
  endfacet
  facet normal -0.770318 0.631965 -0.0850307
    outer loop
      vertex -11.7603 10.1804 45.1764
      vertex -9.28223 7.12251 8.2889e-07
      vertex -11.8945 10.0426 45.368
    endloop
  endfacet
  facet normal -0.422814 0.90224 -0.0848006
    outer loop
      vertex -7.56443 15.0457 60.3503
      vertex -7.82557 14.4804 55.6378
      vertex -8.05787 14.8298 60.5135
    endloop
  endfacet
  facet normal -0.422888 0.902206 -0.0847924
    outer loop
      vertex -7.56443 15.0457 60.3503
      vertex -7.60338 14.5684 55.466
      vertex -7.82557 14.4804 55.6378
    endloop
  endfacet
  facet normal -0.422803 0.902245 -0.0847969
    outer loop
      vertex -7.60338 14.5684 55.466
      vertex -7.56443 15.0457 60.3503
      vertex -7.36238 14.6608 55.2475
    endloop
  endfacet
  facet normal -0.423799 0.901777 -0.0848132
    outer loop
      vertex -7.32681 13.7511 45.3909
      vertex -5.17478 10.4934 8.36037e-07
      vertex -7.33681 13.7453 45.3792
    endloop
  endfacet
  facet normal -0.422672 0.902307 -0.0847978
    outer loop
      vertex -7.09567 13.888 45.6955
      vertex -5.17478 10.4934 8.36037e-07
      vertex -7.32681 13.7511 45.3909
    endloop
  endfacet
  facet normal -0.423109 0.902102 -0.0848009
    outer loop
      vertex -5.17478 10.4934 8.36037e-07
      vertex -7.09567 13.888 45.6955
      vertex -6.99035 13.9521 45.8519
    endloop
  endfacet
  facet normal -0.496648 0.863726 -0.0855477
    outer loop
      vertex -8.5471 14.588 60.6509
      vertex -8.81273 14.035 56.6097
      vertex -9.03004 14.3213 60.7619
    endloop
  endfacet
  facet normal -0.496776 0.863654 -0.0855296
    outer loop
      vertex -8.33945 14.245 55.9813
      vertex -8.81273 14.035 56.6097
      vertex -8.5471 14.588 60.6509
    endloop
  endfacet
  facet normal -0.498044 0.862809 -0.0866777
    outer loop
      vertex -8.81273 14.035 56.6097
      vertex -8.38839 14.22 56.013
      vertex -8.41151 14.2079 56.0254
    endloop
  endfacet
  facet normal -0.4965 0.863839 -0.0852601
    outer loop
      vertex -8.81273 14.035 56.6097
      vertex -8.33945 14.245 55.9813
      vertex -8.38839 14.22 56.013
    endloop
  endfacet
  facet normal -0.496826 0.863625 -0.0855375
    outer loop
      vertex -8.06325 13.2807 44.6408
      vertex -5.85 10.1325 8.41703e-07
      vertex -8.18162 13.2037 44.5509
    endloop
  endfacet
  facet normal -0.496783 0.863649 -0.0855371
    outer loop
      vertex -5.85 10.1325 8.41703e-07
      vertex -8.06325 13.2807 44.6408
      vertex -7.84374 13.4261 44.834
    endloop
  endfacet
  facet normal 2.87935e-05 -1.4123e-05 -1
    outer loop
      vertex 10.1325 -5.85 5.38892e-07
      vertex 10.8094 -4.4774 6.43974e-07
      vertex 10.4934 -5.17478 1.39433e-06
    endloop
  endfacet
  facet normal 0.551069 -0.830989 -0.0760332
    outer loop
      vertex 9.54676 -13.9293 67.9959
      vertex 6.50017 -9.7282 4.91181e-07
      vertex 10.0109 -13.6163 67.939
    endloop
  endfacet
  facet normal -0.68111 -0.731061 0.0404922
    outer loop
      vertex -2.60499 -12.1478 58.44
      vertex 0.815411 -14.4866 73.7482
      vertex 0.554073 -14.2198 74.1692
    endloop
  endfacet
  facet normal -0.680941 -0.731222 0.0404299
    outer loop
      vertex 0.815411 -14.4866 73.7482
      vertex -2.60499 -12.1478 58.44
      vertex -2.35787 -12.3697 58.5888
    endloop
  endfacet
  facet normal -0.680771 -0.731383 0.0403781
    outer loop
      vertex -5.03478 -10.5541 46.3418
      vertex -7.71435 -8.79653 33
      vertex -4.86968 -10.6941 46.5895
    endloop
  endfacet
  facet normal -0.728603 -0.682507 0.0576368
    outer loop
      vertex 0.554073 -14.2198 74.1692
      vertex -3.10542 -11.6738 58.057
      vertex -2.85229 -11.925 58.2823
    endloop
  endfacet
  facet normal -0.728646 -0.68246 0.0576542
    outer loop
      vertex -8.27315 -8.27315 33
      vertex -6.13601 -9.56534 44.7138
      vertex -8.79653 -7.71435 33
    endloop
  endfacet
  facet normal -0.728653 -0.682452 0.0576564
    outer loop
      vertex -8.27315 -8.27315 33
      vertex -5.84366 -9.84188 45.1352
      vertex -6.13601 -9.56534 44.7138
    endloop
  endfacet
  facet normal -0.72857 -0.682543 0.0576281
    outer loop
      vertex -5.84366 -9.84188 45.1352
      vertex -8.27315 -8.27315 33
      vertex -5.59144 -10.0797 45.5072
    endloop
  endfacet
  facet normal -0.68597 0.722546 -0.0858673
    outer loop
      vertex -10.6399 11.2752 44.1686
      vertex -8.27315 8.27315 8.14136e-07
      vertex -10.7511 11.1767 44.2281
    endloop
  endfacet
  facet normal -0.685627 0.722871 -0.085871
    outer loop
      vertex -8.27315 8.27315 8.14136e-07
      vertex -10.6399 11.2752 44.1686
      vertex -10.4492 11.4465 44.088
    endloop
  endfacet
  facet normal -0.794218 0.601735 -0.0844597
    outer loop
      vertex -12.1144 9.80358 45.7337
      vertex -9.28223 7.12251 8.2889e-07
      vertex -12.1673 9.74764 45.8326
    endloop
  endfacet
  facet normal -0.794361 0.601545 -0.0844575
    outer loop
      vertex -11.9336 9.99937 45.4277
      vertex -9.28223 7.12251 8.2889e-07
      vertex -12.1144 9.80358 45.7337
    endloop
  endfacet
  facet normal -0.794232 0.601716 -0.0844607
    outer loop
      vertex -9.28223 7.12251 8.2889e-07
      vertex -11.9336 9.99937 45.4277
      vertex -11.8945 10.0426 45.368
    endloop
  endfacet
  facet normal 0.289503 -0.954579 -0.0704711
    outer loop
      vertex 7.11105 -15.1333 68.68
      vertex 3.02818 -11.3013 6.16089e-07
      vertex 3.76084 -11.0791 9.91449e-07
    endloop
  endfacet
  facet normal 0.470055 -0.879441 -0.075046
    outer loop
      vertex 9.07218 -14.2198 68.0801
      vertex 5.17478 -10.4934 9.05144e-07
      vertex 5.85 -10.1325 3.4488e-07
    endloop
  endfacet
  facet normal -7.78008e-06 3.096e-06 -1
    outer loop
      vertex -10.8094 4.4774 1.09721e-06
      vertex -10.4934 5.17478 7.9779e-07
      vertex -11.0791 3.76084 9.77031e-07
    endloop
  endfacet
  facet normal -4.2393e-06 1.62929e-06 -1
    outer loop
      vertex -11.0791 3.76084 9.77031e-07
      vertex -10.4934 5.17478 7.9779e-07
      vertex -11.4752 2.28256 2.47673e-07
    endloop
  endfacet
  facet normal -0.914242 0.397427 -0.0788252
    outer loop
      vertex -13.5708 8.10836 50.3308
      vertex -13.7603 7.76726 50.8089
      vertex -13.6823 7.92892 50.7193
    endloop
  endfacet
  facet normal -0.914244 0.397421 -0.0788307
    outer loop
      vertex -13.7603 7.76726 50.8089
      vertex -13.5708 8.10836 50.3308
      vertex -10.8094 4.4774 1.09721e-06
    endloop
  endfacet
  facet normal 0.858628 0.511328 0.0360706
    outer loop
      vertex 14.1219 -3.71944 73.6899
      vertex 10.1325 5.85 33
      vertex 13.9178 -3.40639 74.1106
    endloop
  endfacet
  facet normal 0.876636 -0.475901 -0.0709008
    outer loop
      vertex 13.4141 -10.0331 68.6524
      vertex 10.1325 -5.85 5.38892e-07
      vertex 13.6763 -9.58128 68.8616
    endloop
  endfacet
  facet normal -0.954349 0.289433 -0.0738019
    outer loop
      vertex -11.3013 3.02818 7.91339e-07
      vertex -14.0788 6.94979 51.2961
      vertex -11.0791 3.76084 9.77031e-07
    endloop
  endfacet
  facet normal -0.954162 0.29004 -0.0738382
    outer loop
      vertex -14.0788 6.94979 51.2961
      vertex -11.3013 3.02818 7.91339e-07
      vertex -14.1095 6.86244 51.3497
    endloop
  endfacet
  facet normal 0.730503 -0.678677 -0.0759116
    outer loop
      vertex 11.7248 -12.1669 67.9864
      vertex 8.79653 -7.71435 1.15648e-06
      vertex 12.1084 -11.763 68.0668
    endloop
  endfacet
  facet normal -0.773017 -0.634385 -0
    outer loop
      vertex -8.79653 -7.71435 33
      vertex -9.28223 -7.12251 1.00927e-06
      vertex -8.79653 -7.71435 1.12584e-06
    endloop
  endfacet
  facet normal -7.90118e-06 -6.68116e-06 -1
    outer loop
      vertex -8.79653 -7.71435 1.12584e-06
      vertex -9.28223 -7.12251 1.00927e-06
      vertex -8.27315 -8.27315 7.23948e-07
    endloop
  endfacet
  facet normal -0.72986 -0.683597 -0
    outer loop
      vertex -8.79653 -7.71435 33
      vertex -8.79653 -7.71435 1.12584e-06
      vertex -8.27315 -8.27315 33
    endloop
  endfacet
  facet normal -0.881928 -0.471384 0
    outer loop
      vertex -10.1325 -5.85 5.57502e-07
      vertex -10.4934 -5.17478 33
      vertex -10.4934 -5.17478 1.06836e-06
    endloop
  endfacet
  facet normal -0.881928 -0.471384 0
    outer loop
      vertex -10.4934 -5.17478 33
      vertex -10.1325 -5.85 5.57502e-07
      vertex -10.1325 -5.85 33
    endloop
  endfacet
  facet normal -0.849197 -0.528076 0
    outer loop
      vertex -9.72819 -6.50017 7.32121e-07
      vertex -10.1325 -5.85 33
      vertex -10.1325 -5.85 5.57502e-07
    endloop
  endfacet
  facet normal -0.849197 -0.528076 0
    outer loop
      vertex -10.1325 -5.85 33
      vertex -9.72819 -6.50017 7.32121e-07
      vertex -9.72819 -6.50017 33
    endloop
  endfacet
  facet normal 0.793066 -0.604558 -0.0745425
    outer loop
      vertex 12.4706 -11.3459 68.1741
      vertex 9.28223 -7.12251 9.12291e-07
      vertex 12.8099 -10.9173 68.3079
    endloop
  endfacet
  facet normal -0.471353 -0.881871 -0.0113739
    outer loop
      vertex -5.17478 -10.4934 6.5566e-07
      vertex 0.812534 -14.5127 63.5108
      vertex -5.85 -10.1325 8.41703e-07
    endloop
  endfacet
  facet normal -0.472204 -0.881417 -0.0112649
    outer loop
      vertex 0.812534 -14.5127 63.5108
      vertex -5.17478 -10.4934 6.5566e-07
      vertex 0.875507 -14.5467 63.5314
    endloop
  endfacet
  facet normal -0.470977 -0.882072 -0.0114236
    outer loop
      vertex 0.875507 -14.5467 63.5314
      vertex -5.17478 -10.4934 6.5566e-07
      vertex 0.899237 -14.5595 63.5414
    endloop
  endfacet
  facet normal -0.472279 -0.881377 -0.011255
    outer loop
      vertex 1.15559 -14.7324 66.3223
      vertex 1.75635 -15.1333 72.5078
      vertex 1.1114 -14.7092 66.3598
    endloop
  endfacet
  facet normal -0.469106 -0.883065 -0.0116725
    outer loop
      vertex 1.75635 -15.1333 72.5078
      vertex 1.15559 -14.7324 66.3223
      vertex 1.16427 -14.7369 66.3139
    endloop
  endfacet
  facet normal -0.423512 -0.905722 -0.0174809
    outer loop
      vertex 1.16427 -14.7369 66.3139
      vertex 2.11782 -15.2946 72.1077
      vertex 1.75635 -15.1333 72.5078
    endloop
  endfacet
  facet normal -0.424093 -0.905452 -0.0173594
    outer loop
      vertex 1.22326 -14.7635 66.2602
      vertex 2.11782 -15.2946 72.1077
      vertex 1.16427 -14.7369 66.3139
    endloop
  endfacet
  facet normal -0.423278 -0.90583 -0.0175184
    outer loop
      vertex 1.28788 -14.7924 66.1932
      vertex 2.11782 -15.2946 72.1077
      vertex 1.22326 -14.7635 66.2602
    endloop
  endfacet
  facet normal -0.422833 -0.906037 -0.0175983
    outer loop
      vertex 1.34895 -14.8195 66.1211
      vertex 2.11782 -15.2946 72.1077
      vertex 1.28788 -14.7924 66.1932
    endloop
  endfacet
  facet normal -0.423685 -0.905641 -0.0174576
    outer loop
      vertex 1.40619 -14.8448 66.0444
      vertex 2.11782 -15.2946 72.1077
      vertex 1.34895 -14.8195 66.1211
    endloop
  endfacet
  facet normal -0.423419 -0.905765 -0.017498
    outer loop
      vertex 1.45938 -14.8681 65.9634
      vertex 2.11782 -15.2946 72.1077
      vertex 1.40619 -14.8448 66.0444
    endloop
  endfacet
  facet normal -0.424044 -0.905474 -0.0174109
    outer loop
      vertex 2.11782 -15.2946 72.1077
      vertex 1.45938 -14.8681 65.9634
      vertex 1.49088 -14.8818 65.9087
    endloop
  endfacet
  facet normal -0.422782 -0.906061 -0.0175698
    outer loop
      vertex 1.23832 -14.7223 63.7627
      vertex -5.17478 -10.4934 6.5566e-07
      vertex 1.27783 -14.7415 63.8021
    endloop
  endfacet
  facet normal -0.423133 -0.905898 -0.0175238
    outer loop
      vertex 1.17115 -14.6898 63.7045
      vertex -5.17478 -10.4934 6.5566e-07
      vertex 1.23832 -14.7223 63.7627
    endloop
  endfacet
  facet normal -0.424059 -0.905467 -0.017403
    outer loop
      vertex 1.10092 -14.6559 63.652
      vertex -5.17478 -10.4934 6.5566e-07
      vertex 1.17115 -14.6898 63.7045
    endloop
  endfacet
  facet normal -0.423249 -0.905844 -0.0175076
    outer loop
      vertex 1.02794 -14.6209 63.6054
      vertex -5.17478 -10.4934 6.5566e-07
      vertex 1.10092 -14.6559 63.652
    endloop
  endfacet
  facet normal -0.423023 -0.905949 -0.0175365
    outer loop
      vertex 0.952521 -14.5849 63.5649
      vertex -5.17478 -10.4934 6.5566e-07
      vertex 1.02794 -14.6209 63.6054
    endloop
  endfacet
  facet normal -0.423967 -0.90551 -0.0174172
    outer loop
      vertex -5.17478 -10.4934 6.5566e-07
      vertex 0.952521 -14.5849 63.5649
      vertex 0.899237 -14.5595 63.5414
    endloop
  endfacet
  facet normal -0.495306 -0.868682 -0.00795488
    outer loop
      vertex 0.480828 -14.3235 63.4769
      vertex -5.85 -10.1325 8.41703e-07
      vertex 0.561023 -14.3692 63.4741
    endloop
  endfacet
  facet normal -0.488708 -0.872402 -0.0088585
    outer loop
      vertex -5.85 -10.1325 8.41703e-07
      vertex 0.480828 -14.3235 63.4769
      vertex 0.477072 -14.3214 63.4773
    endloop
  endfacet
  facet normal -0.491444 -0.870868 -0.00850747
    outer loop
      vertex 0.798081 -14.5045 63.5063
      vertex -5.85 -10.1325 8.41703e-07
      vertex 0.812534 -14.5127 63.5108
    endloop
  endfacet
  facet normal -0.49542 -0.868617 -0.0079363
    outer loop
      vertex 0.719989 -14.4598 63.4888
      vertex -5.85 -10.1325 8.41703e-07
      vertex 0.798081 -14.5045 63.5063
    endloop
  endfacet
  facet normal -0.494317 -0.869244 -0.0080931
    outer loop
      vertex 0.640857 -14.4147 63.4781
      vertex -5.85 -10.1325 8.41703e-07
      vertex 0.719989 -14.4598 63.4888
    endloop
  endfacet
  facet normal -0.49484 -0.868947 -0.00801967
    outer loop
      vertex -5.85 -10.1325 8.41703e-07
      vertex 0.640857 -14.4147 63.4781
      vertex 0.561023 -14.3692 63.4741
    endloop
  endfacet
  facet normal -0.494836 -0.868949 -0.00803072
    outer loop
      vertex 0.784785 -14.5251 66.5645
      vertex 1.75635 -15.1333 72.5078
      vertex 1.41784 -14.9443 72.9157
    endloop
  endfacet
  facet normal -0.495357 -0.868653 -0.00791534
    outer loop
      vertex 0.790607 -14.5284 66.5623
      vertex 1.75635 -15.1333 72.5078
      vertex 0.784785 -14.5251 66.5645
    endloop
  endfacet
  facet normal -0.495323 -0.868673 -0.00792291
    outer loop
      vertex 0.867471 -14.5719 66.5263
      vertex 1.75635 -15.1333 72.5078
      vertex 0.790607 -14.5284 66.5623
    endloop
  endfacet
  facet normal -0.494606 -0.86908 -0.0080676
    outer loop
      vertex 0.942661 -14.6143 66.4841
      vertex 1.75635 -15.1333 72.5078
      vertex 0.867471 -14.5719 66.5263
    endloop
  endfacet
  facet normal -0.494529 -0.869123 -0.00808176
    outer loop
      vertex 1.01586 -14.6555 66.4357
      vertex 1.75635 -15.1333 72.5078
      vertex 0.942661 -14.6143 66.4841
    endloop
  endfacet
  facet normal -0.495103 -0.868797 -0.00798611
    outer loop
      vertex 1.08675 -14.6954 66.3815
      vertex 1.75635 -15.1333 72.5078
      vertex 1.01586 -14.6555 66.4357
    endloop
  endfacet
  facet normal -0.493939 -0.869458 -0.00816054
    outer loop
      vertex 1.75635 -15.1333 72.5078
      vertex 1.08675 -14.6954 66.3815
      vertex 1.1114 -14.7092 66.3598
    endloop
  endfacet
  facet normal -0.523914 -0.851762 -0.0040428
    outer loop
      vertex -0.356305 -13.7755 56.5779
      vertex 0.401954 -14.2747 63.4883
      vertex 0.394299 -14.27 63.4901
    endloop
  endfacet
  facet normal -0.528327 -0.849034 -0.00336147
    outer loop
      vertex -0.356305 -13.7755 56.5779
      vertex 0.477072 -14.3214 63.4773
      vertex 0.401954 -14.2747 63.4883
    endloop
  endfacet
  facet normal -0.533709 -0.845665 -0.00244485
    outer loop
      vertex -0.357159 -13.7748 56.5222
      vertex 0.477072 -14.3214 63.4773
      vertex -0.356305 -13.7755 56.5779
    endloop
  endfacet
  facet normal -0.527889 -0.849306 -0.00342906
    outer loop
      vertex -0.357159 -13.7748 56.5222
      vertex -5.85 -10.1325 8.41703e-07
      vertex 0.477072 -14.3214 63.4773
    endloop
  endfacet
  facet normal -0.531674 -0.846944 -0.00290902
    outer loop
      vertex -0.393957 -13.7507 56.2311
      vertex -5.85 -10.1325 8.41703e-07
      vertex -0.357159 -13.7748 56.5222
    endloop
  endfacet
  facet normal -0.528063 -0.849198 -0.00340441
    outer loop
      vertex -5.85 -10.1325 8.41703e-07
      vertex -0.393957 -13.7507 56.2311
      vertex -6.50017 -9.7282 7.8559e-07
    endloop
  endfacet
  facet normal -0.527786 -0.84937 -0.00345418
    outer loop
      vertex 1.41784 -14.9443 72.9157
      vertex 0.730567 -14.4915 66.5867
      vertex 0.784785 -14.5251 66.5645
    endloop
  endfacet
  facet normal 8.87453e-06 -2.08446e-06 -1
    outer loop
      vertex 11.3013 -3.02818 9.49842e-07
      vertex 11.5999 -1.52716 4.70965e-07
      vertex 11.4752 -2.28256 9.3891e-07
    endloop
  endfacet
  facet normal -0.162712 -0.985669 -0.0445166
    outer loop
      vertex 3.3241 -15.6061 70.9719
      vertex -2.28256 -11.4752 5.34675e-07
      vertex -1.52716 -11.5999 5.91043e-07
    endloop
  endfacet
  facet normal 4.47134e-07 -1.57478e-06 -1
    outer loop
      vertex 3.02818 -11.3013 6.16089e-07
      vertex 1.52716 -11.5999 4.15162e-07
      vertex 4.4774 -10.8094 4.89449e-07
    endloop
  endfacet
  facet normal 5.54418e-06 -1.65916e-05 -1
    outer loop
      vertex 3.76084 -11.0791 9.91449e-07
      vertex 3.02818 -11.3013 6.16089e-07
      vertex 4.4774 -10.8094 4.89449e-07
    endloop
  endfacet
  facet normal -0.138953 -0.989214 -0.0463408
    outer loop
      vertex 3.3241 -15.6061 70.9719
      vertex -1.52716 -11.5999 5.91043e-07
      vertex 3.76107 -15.651 70.6201
    endloop
  endfacet
  facet normal -0.0714246 -0.996115 -0.0515061
    outer loop
      vertex 3.76107 -15.651 70.6201
      vertex -0.765217 -11.6749 5.68771e-07
      vertex 4.21242 -15.666 70.2843
    endloop
  endfacet
  facet normal 0.697311 -0.712704 -0.0762206
    outer loop
      vertex 11.3215 -12.5558 67.9332
      vertex 8.27315 -8.27315 9.27045e-07
      vertex 11.7248 -12.1669 67.9864
    endloop
  endfacet
  facet normal 4.84112e-06 -4.25835e-06 -1
    outer loop
      vertex 7.71435 -8.79653 4.50564e-07
      vertex 9.28223 -7.12251 9.12291e-07
      vertex 8.27315 -8.27315 9.27045e-07
    endloop
  endfacet
  facet normal 7.09923e-06 -6.23865e-06 -1
    outer loop
      vertex 8.27315 -8.27315 9.27045e-07
      vertex 9.28223 -7.12251 9.12291e-07
      vertex 8.79653 -7.71435 1.15648e-06
    endloop
  endfacet
  facet normal 1.37485e-05 1.35962e-05 -1
    outer loop
      vertex 8.79653 7.71435 6.15345e-07
      vertex 7.71435 8.79653 4.50564e-07
      vertex 8.27315 8.27315 1.01723e-06
    endloop
  endfacet
  facet normal 0.683597 0.72986 -0
    outer loop
      vertex 8.27315 8.27315 1.01723e-06
      vertex 7.71435 8.79653 4.50564e-07
      vertex 8.27315 8.27315 33
    endloop
  endfacet
  facet normal 0.770884 0.632634 0.0742418
    outer loop
      vertex 9.28223 7.12251 33
      vertex 8.79653 7.71435 33
      vertex 13.6846 -3.11588 74.5324
    endloop
  endfacet
  facet normal 0.626975 -0.775274 -0.0765008
    outer loop
      vertex 10.4627 -13.282 67.9095
      vertex 7.12251 -9.28223 8.45373e-07
      vertex 10.9002 -12.928 67.9076
    endloop
  endfacet
  facet normal 0.881928 0.471384 0
    outer loop
      vertex 10.4934 5.17478 33
      vertex 10.4934 5.17478 1.12377e-06
      vertex 10.1325 5.85 33
    endloop
  endfacet
  facet normal 0.812848 0.582476 0
    outer loop
      vertex 9.72819 6.50017 33
      vertex 9.28223 7.12251 1.36323e-06
      vertex 9.28223 7.12251 33
    endloop
  endfacet
  facet normal 0.812848 0.582476 0
    outer loop
      vertex 9.28223 7.12251 1.36323e-06
      vertex 9.72819 6.50017 33
      vertex 9.72819 6.50017 4.54462e-07
    endloop
  endfacet
  facet normal 0.773017 0.634385 0
    outer loop
      vertex 9.28223 7.12251 33
      vertex 9.28223 7.12251 1.36323e-06
      vertex 8.79653 7.71435 33
    endloop
  endfacet
  facet normal 0.846955 -0.526681 -0.0726243
    outer loop
      vertex 9.72819 -6.50017 6.34839e-07
      vertex 10.1325 -5.85 5.38892e-07
      vertex 13.1248 -10.4791 68.4675
    endloop
  endfacet
  facet normal 0.513905 0.792479 0.328449
    outer loop
      vertex 11.738 -1.90819 76.9843
      vertex -2.86124 15.6329 57.5039
      vertex 11.3353 -1.80421 77.3635
    endloop
  endfacet
  facet normal 0.513845 0.792494 0.328507
    outer loop
      vertex -2.86124 15.6329 57.5039
      vertex 11.738 -1.90819 76.9843
      vertex -2.45857 15.529 57.1247
    endloop
  endfacet
  facet normal 2.08743e-06 -6.17956e-07 -1
    outer loop
      vertex 10.8094 -4.4774 6.43974e-07
      vertex 11.5999 -1.52716 4.70965e-07
      vertex 11.0791 -3.76084 7.6415e-07
    endloop
  endfacet
  facet normal 1.37698e-06 -4.27595e-07 -1
    outer loop
      vertex 10.8094 -4.4774 6.43974e-07
      vertex 11.6749 -0.765217 2.48435e-07
      vertex 11.5999 -1.52716 4.70965e-07
    endloop
  endfacet
  facet normal 0.681596 -0.727723 -0.0764623
    outer loop
      vertex 7.71435 -8.79653 4.50564e-07
      vertex 8.27315 -8.27315 9.27045e-07
      vertex 11.3215 -12.5558 67.9332
    endloop
  endfacet
  facet normal 0.935897 0.352254 -0.00367279
    outer loop
      vertex 11.0791 3.76084 1.1249e-06
      vertex 10.8094 4.4774 8.24351e-07
      vertex 14.4395 -4.40767 72.8586
    endloop
  endfacet
  facet normal -0.196943 0.977203 -0.079295
    outer loop
      vertex -5.10835 15.7075 59.1757
      vertex -2.28256 11.4752 9.85618e-07
      vertex -5.59104 15.6329 59.4552
    endloop
  endfacet
  facet normal -0.226396 0.970705 -0.0804795
    outer loop
      vertex -2.28256 11.4752 9.85618e-07
      vertex -3.02818 11.3013 5.70494e-07
      vertex -5.59104 15.6329 59.4552
    endloop
  endfacet
  facet normal -0.526452 0.845857 -0.0858755
    outer loop
      vertex -9.03004 14.3213 60.7619
      vertex -8.81273 14.035 56.6097
      vertex -8.86016 14.0128 56.6818
    endloop
  endfacet
  facet normal -0.525924 0.846187 -0.0858583
    outer loop
      vertex -5.85 10.1325 8.41703e-07
      vertex -8.32023 13.1071 44.4479
      vertex -8.18162 13.2037 44.5509
    endloop
  endfacet
  facet normal -0.525799 0.846265 -0.0858566
    outer loop
      vertex -5.85 10.1325 8.41703e-07
      vertex -8.35001 13.0867 44.4292
      vertex -8.32023 13.1071 44.4479
    endloop
  endfacet
  facet normal -0.526116 0.846067 -0.0858613
    outer loop
      vertex -8.35001 13.0867 44.4292
      vertex -5.85 10.1325 8.41703e-07
      vertex -6.50017 9.7282 6.95402e-07
    endloop
  endfacet
  facet normal -0.469633 0.878718 -0.0854362
    outer loop
      vertex -5.17478 10.4934 8.36037e-07
      vertex -7.84374 13.4261 44.834
      vertex -7.81122 13.4463 44.863
    endloop
  endfacet
  facet normal -0.469544 0.878766 -0.0854341
    outer loop
      vertex -5.17478 10.4934 8.36037e-07
      vertex -7.81122 13.4463 44.863
      vertex -7.67688 13.5314 45
    endloop
  endfacet
  facet normal -0.46966 0.878703 -0.0854369
    outer loop
      vertex -7.84374 13.4261 44.834
      vertex -5.17478 10.4934 8.36037e-07
      vertex -5.85 10.1325 8.41703e-07
    endloop
  endfacet
  facet normal -0.469713 0.878676 -0.0854295
    outer loop
      vertex -8.5471 14.588 60.6509
      vertex -8.28565 14.2706 55.9488
      vertex -8.33945 14.245 55.9813
    endloop
  endfacet
  facet normal -2.42884e-07 4.56004e-07 -1
    outer loop
      vertex -3.76084 11.0791 6.46077e-07
      vertex -6.50017 9.7282 6.95402e-07
      vertex -4.4774 10.8094 6.97134e-07
    endloop
  endfacet
  facet normal -1.31284e-06 2.45773e-06 -1
    outer loop
      vertex -4.4774 10.8094 6.97134e-07
      vertex -6.50017 9.7282 6.95402e-07
      vertex -5.17478 10.4934 8.36037e-07
    endloop
  endfacet
  facet normal -0.460885 0.883355 -0.0852625
    outer loop
      vertex -7.56389 13.6015 45.1155
      vertex -5.17478 10.4934 8.36037e-07
      vertex -7.67688 13.5314 45
    endloop
  endfacet
  facet normal -0.46051 0.883551 -0.0852561
    outer loop
      vertex -5.17478 10.4934 8.36037e-07
      vertex -7.56389 13.6015 45.1155
      vertex -7.33681 13.7453 45.3792
    endloop
  endfacet
  facet normal -0.460609 0.8835 -0.0852489
    outer loop
      vertex -8.05787 14.8298 60.5135
      vertex -8.28565 14.2706 55.9488
      vertex -8.5471 14.588 60.6509
    endloop
  endfacet
  facet normal -0.460477 0.883567 -0.0852637
    outer loop
      vertex -8.05787 14.8298 60.5135
      vertex -8.12035 14.3473 55.8509
      vertex -8.28565 14.2706 55.9488
    endloop
  endfacet
  facet normal -0.460715 0.883445 -0.0852478
    outer loop
      vertex -8.05787 14.8298 60.5135
      vertex -7.85973 14.4654 55.6663
      vertex -8.12035 14.3473 55.8509
    endloop
  endfacet
  facet normal -0.45936 0.88415 -0.0852455
    outer loop
      vertex -7.85973 14.4654 55.6663
      vertex -8.05787 14.8298 60.5135
      vertex -7.82557 14.4804 55.6378
    endloop
  endfacet
  facet normal -0.767851 0.63496 -0.085035
    outer loop
      vertex -11.7406 10.2005 45.1486
      vertex -8.79653 7.71435 5.84704e-07
      vertex -11.7603 10.1804 45.1764
    endloop
  endfacet
  facet normal -0.767991 0.634791 -0.0850348
    outer loop
      vertex -11.5393 10.4098 44.893
      vertex -8.79653 7.71435 5.84704e-07
      vertex -11.7406 10.2005 45.1486
    endloop
  endfacet
  facet normal -0.768643 0.634002 -0.0850273
    outer loop
      vertex -8.79653 7.71435 5.84704e-07
      vertex -11.5393 10.4098 44.893
      vertex -11.4801 10.4726 44.8261
    endloop
  endfacet
  facet normal 0.985168 -0.16263 -0.0547264
    outer loop
      vertex 11.4752 -2.28256 9.3891e-07
      vertex 11.5999 -1.52716 4.70965e-07
      vertex 14.5483 -7.30258 70.239
    endloop
  endfacet
  facet normal -0.819926 0.566298 -0.08383
    outer loop
      vertex -12.4432 9.4395 46.4111
      vertex -9.72819 6.50017 5.51744e-07
      vertex -12.5541 9.31887 46.6809
    endloop
  endfacet
  facet normal -0.819819 0.566453 -0.0838336
    outer loop
      vertex -9.72819 6.50017 5.51744e-07
      vertex -12.4432 9.4395 46.4111
      vertex -12.2878 9.61366 46.0682
    endloop
  endfacet
  facet normal 0.468936 -0.880041 -0.0750148
    outer loop
      vertex 8.58924 -14.4866 68.1911
      vertex 5.17478 -10.4934 9.05144e-07
      vertex 9.07218 -14.2198 68.0801
    endloop
  endfacet
  facet normal 0.379413 -0.922342 -0.0730167
    outer loop
      vertex 7.60657 -14.9443 68.4917
      vertex 4.4774 -10.8094 4.89449e-07
      vertex 8.10001 -14.7284 68.3285
    endloop
  endfacet
  facet normal 0.944393 -0.322498 -0.0641698
    outer loop
      vertex 14.1156 -8.66785 69.3496
      vertex 11.0791 -3.76084 7.6415e-07
      vertex 14.2907 -8.21015 69.6263
    endloop
  endfacet
  facet normal -0.9708 0.229383 -0.0702188
    outer loop
      vertex -14.1095 6.86244 51.3497
      vertex -11.3013 3.02818 7.91339e-07
      vertex -14.2101 6.50681 51.5788
    endloop
  endfacet
  facet normal -0.97147 0.226575 -0.0700672
    outer loop
      vertex -11.4752 2.28256 2.47673e-07
      vertex -14.2101 6.50681 51.5788
      vertex -11.3013 3.02818 7.91339e-07
    endloop
  endfacet
  facet normal -0.971397 0.226882 -0.0700885
    outer loop
      vertex -14.2101 6.50681 51.5788
      vertex -11.4752 2.28256 2.47673e-07
      vertex -14.2329 6.42541 51.6313
    endloop
  endfacet
  facet normal -0.581545 -0.813467 0.00878718
    outer loop
      vertex 1.10375 -14.7284 73.3298
      vertex -0.239901 -13.8425 66.4171
      vertex -0.192166 -13.8762 66.4565
    endloop
  endfacet
  facet normal -0.582645 -0.812676 0.00910247
    outer loop
      vertex 1.10375 -14.7284 73.3298
      vertex -0.29924 -13.8006 66.3597
      vertex -0.239901 -13.8425 66.4171
    endloop
  endfacet
  facet normal -0.582402 -0.812851 0.00903006
    outer loop
      vertex -0.29924 -13.8006 66.3597
      vertex 1.10375 -14.7284 73.3298
      vertex -0.323528 -13.7835 66.3325
    endloop
  endfacet
  facet normal -0.58246 -0.812809 0.00904252
    outer loop
      vertex -6.50017 -9.7282 33
      vertex -4.10682 -11.2788 47.7846
      vertex -7.12251 -9.28223 33
    endloop
  endfacet
  facet normal -0.582433 -0.812828 0.00903613
    outer loop
      vertex -4.10682 -11.2788 47.7846
      vertex -6.50017 -9.7282 33
      vertex -3.79979 -11.4933 48.2796
    endloop
  endfacet
  facet normal -0.582397 -0.812854 0.00902669
    outer loop
      vertex -3.79979 -11.4933 48.2796
      vertex -6.50017 -9.7282 33
      vertex -3.53432 -11.6785 48.7303
    endloop
  endfacet
  facet normal -0.580853 -0.813964 0.00856255
    outer loop
      vertex -1.87011 -12.7596 58.7502
      vertex -0.642189 -13.5733 64.6969
      vertex -0.649786 -13.5675 64.7329
    endloop
  endfacet
  facet normal -0.58214 -0.81304 0.00895473
    outer loop
      vertex -1.87011 -12.7596 58.7502
      vertex -0.615684 -13.5934 64.595
      vertex -0.642189 -13.5733 64.6969
    endloop
  endfacet
  facet normal -0.583222 -0.81226 0.00929831
    outer loop
      vertex -1.87011 -12.7596 58.7502
      vertex -0.584548 -13.6169 64.4951
      vertex -0.615684 -13.5934 64.595
    endloop
  endfacet
  facet normal -0.581998 -0.813141 0.00889285
    outer loop
      vertex -1.87011 -12.7596 58.7502
      vertex -0.569663 -13.628 64.4543
      vertex -0.584548 -13.6169 64.4951
    endloop
  endfacet
  facet normal -0.582294 -0.812928 0.00899284
    outer loop
      vertex -0.569663 -13.628 64.4543
      vertex -1.87011 -12.7596 58.7502
      vertex -1.64536 -12.9206 58.749
    endloop
  endfacet
  facet normal -0.582484 -0.812842 0
    outer loop
      vertex -7.12251 -9.28223 1.25656e-06
      vertex -6.50017 -9.7282 33
      vertex -7.12251 -9.28223 33
    endloop
  endfacet
  facet normal -0.582484 -0.812842 -0
    outer loop
      vertex -6.50017 -9.7282 33
      vertex -7.12251 -9.28223 1.25656e-06
      vertex -6.50017 -9.7282 7.8559e-07
    endloop
  endfacet
  facet normal -0.634385 -0.773017 -0
    outer loop
      vertex -7.12251 -9.28223 33
      vertex -7.71435 -8.79653 7.36019e-07
      vertex -7.12251 -9.28223 1.25656e-06
    endloop
  endfacet
  facet normal -1.20252e-05 -1.57247e-05 -1
    outer loop
      vertex -7.12251 -9.28223 1.25656e-06
      vertex -7.71435 -8.79653 7.36019e-07
      vertex -6.50017 -9.7282 7.8559e-07
    endloop
  endfacet
  facet normal -0.994369 -0.0978782 -0.0406336
    outer loop
      vertex -11.5999 -1.52716 8.42973e-08
      vertex -14.384 4.84451 52.7833
      vertex -11.6749 -0.765217 8.47959e-07
    endloop
  endfacet
  facet normal -0.994405 -0.09749 -0.0406823
    outer loop
      vertex -14.384 4.84451 52.7833
      vertex -11.5999 -1.52716 8.42973e-08
      vertex -14.3808 4.79547 52.8226
    endloop
  endfacet
  facet normal -0.986128 -0.162788 -0.0324307
    outer loop
      vertex -11.4752 -2.28256 4.2805e-07
      vertex -14.3808 4.79547 52.8226
      vertex -11.5999 -1.52716 8.42973e-08
    endloop
  endfacet
  facet normal -0.985949 -0.1639 -0.0322719
    outer loop
      vertex -14.3808 4.79547 52.8226
      vertex -11.4752 -2.28256 4.2805e-07
      vertex -14.3742 4.74797 52.8622
    endloop
  endfacet
  facet normal -0.683597 -0.72986 0
    outer loop
      vertex -8.27315 -8.27315 33
      vertex -7.71435 -8.79653 7.36019e-07
      vertex -7.71435 -8.79653 33
    endloop
  endfacet
  facet normal -0.682997 -0.729264 0.041108
    outer loop
      vertex 0.554073 -14.2198 74.1692
      vertex -2.76618 -12.0024 58.3413
      vertex -2.60499 -12.1478 58.44
    endloop
  endfacet
  facet normal -0.683408 -0.72887 0.0412494
    outer loop
      vertex -2.76618 -12.0024 58.3413
      vertex 0.554073 -14.2198 74.1692
      vertex -2.85229 -11.925 58.2823
    endloop
  endfacet
  facet normal -0.683019 -0.729243 0.041116
    outer loop
      vertex -7.71435 -8.79653 33
      vertex -5.59144 -10.0797 45.5072
      vertex -8.27315 -8.27315 33
    endloop
  endfacet
  facet normal -0.683094 -0.729171 0.041136
    outer loop
      vertex -5.59144 -10.0797 45.5072
      vertex -7.71435 -8.79653 33
      vertex -5.03478 -10.5541 46.3418
    endloop
  endfacet
  facet normal 0.768896 0.634951 0.0750799
    outer loop
      vertex 13.6846 -3.11588 74.5324
      vertex 8.79653 7.71435 33
      vertex 13.4232 -2.84913 74.9535
    endloop
  endfacet
  facet normal 0.762416 -0.642688 -0.0753237
    outer loop
      vertex 12.1084 -11.763 68.0668
      vertex 8.79653 -7.71435 1.15648e-06
      vertex 12.4706 -11.3459 68.1741
    endloop
  endfacet
  facet normal 0.974983 0.221396 -0.0198165
    outer loop
      vertex 14.6317 -5.16879 72.0529
      vertex 11.4752 2.28256 7.58533e-07
      vertex 14.5515 -4.77991 72.4517
    endloop
  endfacet
  facet normal 0.526543 -0.846753 -0.0759083
    outer loop
      vertex 9.54676 -13.9293 67.9959
      vertex 5.85 -10.1325 3.4488e-07
      vertex 6.50017 -9.7282 4.91181e-07
    endloop
  endfacet
  facet normal 2.18668e-05 3.15467e-06 -1
    outer loop
      vertex 11.6749 0.765217 3.38624e-07
      vertex 11.4752 2.28256 7.58533e-07
      vertex 11.5999 1.52716 1.10229e-06
    endloop
  endfacet
  facet normal 1.06899e-05 3.60405e-06 -1
    outer loop
      vertex 11.3013 3.02818 8.59654e-07
      vertex 10.8094 4.4774 8.24351e-07
      vertex 11.0791 3.76084 1.1249e-06
    endloop
  endfacet
  facet normal 0.425059 -0.902127 -0.0741111
    outer loop
      vertex 8.10001 -14.7284 68.3285
      vertex 5.17478 -10.4934 9.05144e-07
      vertex 8.58924 -14.4866 68.1911
    endloop
  endfacet
  facet normal 0.411601 -0.908361 -0.0739214
    outer loop
      vertex 8.10001 -14.7284 68.3285
      vertex 4.4774 -10.8094 4.89449e-07
      vertex 5.17478 -10.4934 9.05144e-07
    endloop
  endfacet
  facet normal 0.816331 0.574927 0.0553492
    outer loop
      vertex 13.9178 -3.40639 74.1106
      vertex 9.72819 6.50017 33
      vertex 13.6846 -3.11588 74.5324
    endloop
  endfacet
  facet normal 0.811511 0.581517 0.0573343
    outer loop
      vertex 9.72819 6.50017 33
      vertex 9.28223 7.12251 33
      vertex 13.6846 -3.11588 74.5324
    endloop
  endfacet
  facet normal 0.954306 0.298646 -0.0105322
    outer loop
      vertex 14.5515 -4.77991 72.4517
      vertex 11.0791 3.76084 1.1249e-06
      vertex 14.4395 -4.40767 72.8586
    endloop
  endfacet
  facet normal 0.228963 -0.971042 -0.0682084
    outer loop
      vertex 6.12224 -15.4275 69.1285
      vertex 3.02818 -11.3013 6.16089e-07
      vertex 6.61557 -15.2946 68.8925
    endloop
  endfacet
  facet normal 0.908715 -0.411761 -0.0684852
    outer loop
      vertex 10.4934 -5.17478 1.39433e-06
      vertex 10.8094 -4.4774 6.43974e-07
      vertex 13.9105 -9.12554 69.0943
    endloop
  endfacet
  facet normal 0.901201 -0.427869 -0.0690346
    outer loop
      vertex 13.6763 -9.58128 68.8616
      vertex 10.4934 -5.17478 1.39433e-06
      vertex 13.9105 -9.12554 69.0943
    endloop
  endfacet
  facet normal 0.116668 -0.991167 -0.0630655
    outer loop
      vertex 5.15049 -15.6061 69.6663
      vertex 1.52716 -11.5999 4.15162e-07
      vertex 5.63318 -15.5315 69.3868
    endloop
  endfacet
  facet normal 0.174157 -0.982514 -0.0658469
    outer loop
      vertex 5.63318 -15.5315 69.3868
      vertex 2.28256 -11.4752 8.32285e-07
      vertex 6.12224 -15.4275 69.1285
    endloop
  endfacet
  facet normal 0.962227 -0.265312 -0.0610591
    outer loop
      vertex 14.2907 -8.21015 69.6263
      vertex 11.3013 -3.02818 9.49842e-07
      vertex 14.4352 -7.75441 69.9232
    endloop
  endfacet
  facet normal 0.955084 -0.289656 -0.0625643
    outer loop
      vertex 11.0791 -3.76084 7.6415e-07
      vertex 11.3013 -3.02818 9.49842e-07
      vertex 14.2907 -8.21015 69.6263
    endloop
  endfacet
  facet normal -0.382926 0.919937 -0.0841618
    outer loop
      vertex -6.66942 14.1389 46.3668
      vertex -4.4774 10.8094 6.97134e-07
      vertex -6.83502 14.0447 46.0906
    endloop
  endfacet
  facet normal -0.382843 0.919972 -0.0841603
    outer loop
      vertex -4.4774 10.8094 6.97134e-07
      vertex -6.66942 14.1389 46.3668
      vertex -6.48929 14.2449 46.7061
    endloop
  endfacet
  facet normal -0.382868 0.919962 -0.0841512
    outer loop
      vertex -7.06891 15.2347 60.162
      vertex -7.30016 14.6831 55.1839
      vertex -7.56443 15.0457 60.3503
    endloop
  endfacet
  facet normal -0.382512 0.920107 -0.0841838
    outer loop
      vertex -7.06891 15.2347 60.162
      vertex -7.11948 14.7419 55.0056
      vertex -7.30016 14.6831 55.1839
    endloop
  endfacet
  facet normal -0.382931 0.919935 -0.0841632
    outer loop
      vertex -7.06891 15.2347 60.162
      vertex -6.89426 14.812 54.7471
      vertex -7.11948 14.7419 55.0056
    endloop
  endfacet
  facet normal -0.382884 0.919955 -0.0841632
    outer loop
      vertex -6.89426 14.812 54.7471
      vertex -7.06891 15.2347 60.162
      vertex -6.83209 14.8303 54.6643
    endloop
  endfacet
  facet normal -0.0279356 0.741174 0.670732
    outer loop
      vertex -7.06891 15.2347 60.162
      vertex 6.63209 -2.39143 80.2099
      vertex 7.12761 -2.20244 80.0217
    endloop
  endfacet
  facet normal -0.0278413 0.741208 0.670698
    outer loop
      vertex 6.63209 -2.39143 80.2099
      vertex -7.06891 15.2347 60.162
      vertex -7.56443 15.0457 60.3503
    endloop
  endfacet
  facet normal 0.473233 -0.581169 0.662037
    outer loop
      vertex 11.5268 -6.36221 73.2246
      vertex 14.6955 -5.98979 71.2865
      vertex 14.6798 -5.57266 71.6639
    endloop
  endfacet
  facet normal 0.473212 -0.58125 0.661981
    outer loop
      vertex 11.4603 -6.14146 73.4659
      vertex 14.6798 -5.57266 71.6639
      vertex 14.6317 -5.16879 72.0529
    endloop
  endfacet
  facet normal 0.473184 -0.581336 0.661925
    outer loop
      vertex 14.6955 -5.98979 71.2865
      vertex 11.5268 -6.36221 73.2246
      vertex 14.6787 -6.41838 70.9221
    endloop
  endfacet
  facet normal 0.473213 -0.581263 0.661969
    outer loop
      vertex 11.3753 -5.93154 73.711
      vertex 14.6317 -5.16879 72.0529
      vertex 14.5515 -4.77991 72.4517
    endloop
  endfacet
  facet normal 0.473242 -0.581203 0.662001
    outer loop
      vertex 11.5744 -6.59283 72.9881
      vertex 14.6787 -6.41838 70.9221
      vertex 11.5268 -6.36221 73.2246
    endloop
  endfacet
  facet normal 0.473212 -0.581244 0.661986
    outer loop
      vertex 11.3753 -5.93154 73.711
      vertex 14.5515 -4.77991 72.4517
      vertex 14.4395 -4.40767 72.8586
    endloop
  endfacet
  facet normal 0.473254 -0.581169 0.662022
    outer loop
      vertex 14.6787 -6.41838 70.9221
      vertex 11.5744 -6.59283 72.9881
      vertex 14.6296 -6.8566 70.5725
    endloop
  endfacet
  facet normal 0.473214 -0.581215 0.662011
    outer loop
      vertex 11.272 -5.73333 73.9589
      vertex 14.4395 -4.40767 72.8586
      vertex 14.2961 -4.05367 73.2719
    endloop
  endfacet
  facet normal 0.473181 -0.581316 0.661945
    outer loop
      vertex 11.6029 -6.83233 72.7574
      vertex 14.6296 -6.8566 70.5725
      vertex 11.5744 -6.59283 72.9881
    endloop
  endfacet
  facet normal 0.473223 -0.581247 0.661975
    outer loop
      vertex 11.272 -5.73333 73.9589
      vertex 14.2961 -4.05367 73.2719
      vertex 14.1219 -3.71944 73.6899
    endloop
  endfacet
  facet normal 0.473198 -0.581276 0.661968
    outer loop
      vertex 14.6296 -6.8566 70.5725
      vertex 11.6029 -6.83233 72.7574
      vertex 14.5483 -7.30258 70.239
    endloop
  endfacet
  facet normal 0.473198 -0.581191 0.662043
    outer loop
      vertex 11.151 -5.54768 74.2084
      vertex 14.1219 -3.71944 73.6899
      vertex 13.9178 -3.40639 74.1106
    endloop
  endfacet
  facet normal 0.473258 -0.581171 0.662017
    outer loop
      vertex 14.5483 -7.30258 70.239
      vertex 11.6122 -7.0797 72.5336
      vertex 14.4352 -7.75441 69.9232
    endloop
  endfacet
  facet normal 0.473239 -0.581246 0.661965
    outer loop
      vertex 11.151 -5.54768 74.2084
      vertex 13.9178 -3.40639 74.1106
      vertex 13.6846 -3.11588 74.5324
    endloop
  endfacet
  facet normal 0.473107 -0.58141 0.661916
    outer loop
      vertex 11.6022 -7.33386 72.3175
      vertex 14.4352 -7.75441 69.9232
      vertex 11.6122 -7.0797 72.5336
    endloop
  endfacet
  facet normal 0.473234 -0.581253 0.661963
    outer loop
      vertex 11.0127 -5.3754 74.4585
      vertex 13.6846 -3.11588 74.5324
      vertex 13.4232 -2.84913 74.9535
    endloop
  endfacet
  facet normal 0.473177 -0.581285 0.661976
    outer loop
      vertex 14.4352 -7.75441 69.9232
      vertex 11.6022 -7.33386 72.3175
      vertex 14.2907 -8.21015 69.6263
    endloop
  endfacet
  facet normal 0.473209 -0.581233 0.661998
    outer loop
      vertex 10.8577 -5.21721 74.7082
      vertex 13.4232 -2.84913 74.9535
      vertex 13.1349 -2.60731 75.3719
    endloop
  endfacet
  facet normal 0.473221 -0.581237 0.661986
    outer loop
      vertex 14.2907 -8.21015 69.6263
      vertex 11.5731 -7.59374 72.1102
      vertex 14.1156 -8.66785 69.3496
    endloop
  endfacet
  facet normal 0.473232 -0.581246 0.66197
    outer loop
      vertex 10.8577 -5.21721 74.7082
      vertex 13.1349 -2.60731 75.3719
      vertex 12.8208 -2.39143 75.786
    endloop
  endfacet
  facet normal 0.473157 -0.58132 0.661959
    outer loop
      vertex 11.5249 -7.85821 71.9124
      vertex 14.1156 -8.66785 69.3496
      vertex 11.5731 -7.59374 72.1102
    endloop
  endfacet
  facet normal 0.473201 -0.581243 0.661995
    outer loop
      vertex 10.6867 -5.07381 74.9563
      vertex 12.8208 -2.39143 75.786
      vertex 12.4823 -2.20244 76.1939
    endloop
  endfacet
  facet normal 0.473213 -0.58124 0.66199
    outer loop
      vertex 11.4578 -8.12616 71.7251
      vertex 14.1156 -8.66785 69.3496
      vertex 11.5249 -7.85821 71.9124
    endloop
  endfacet
  facet normal 0.473169 -0.581236 0.662024
    outer loop
      vertex 10.6867 -5.07381 74.9563
      vertex 12.4823 -2.20244 76.1939
      vertex 12.1208 -2.04113 76.5939
    endloop
  endfacet
  facet normal 0.473183 -0.581289 0.661968
    outer loop
      vertex 14.1156 -8.66785 69.3496
      vertex 11.4578 -8.12616 71.7251
      vertex 13.9105 -9.12554 69.0943
    endloop
  endfacet
  facet normal 0.47325 -0.58124 0.661962
    outer loop
      vertex 10.5004 -4.94579 75.2019
      vertex 12.1208 -2.04113 76.5939
      vertex 11.738 -1.90819 76.9843
    endloop
  endfacet
  facet normal 0.473232 -0.581207 0.662004
    outer loop
      vertex 13.9105 -9.12554 69.0943
      vertex 11.3721 -8.39642 71.549
      vertex 13.6763 -9.58128 68.8616
    endloop
  endfacet
  facet normal 0.473371 -0.581042 0.66205
    outer loop
      vertex 11.2683 -8.66785 71.385
      vertex 13.6763 -9.58128 68.8616
      vertex 11.3721 -8.39642 71.549
    endloop
  endfacet
  facet normal 0.473134 -0.581353 0.661946
    outer loop
      vertex 11.3721 -8.39642 71.549
      vertex 13.9105 -9.12554 69.0943
      vertex 11.4578 -8.12616 71.7251
    endloop
  endfacet
  facet normal 0.473308 -0.581097 0.662046
    outer loop
      vertex 11.5731 -7.59374 72.1102
      vertex 14.2907 -8.21015 69.6263
      vertex 11.6022 -7.33386 72.3175
    endloop
  endfacet
  facet normal 0.473266 -0.581154 0.662026
    outer loop
      vertex 11.6122 -7.0797 72.5336
      vertex 14.5483 -7.30258 70.239
      vertex 11.6029 -6.83233 72.7574
    endloop
  endfacet
  facet normal 0.473237 -0.581135 0.662063
    outer loop
      vertex 14.6798 -5.57266 71.6639
      vertex 11.4603 -6.14146 73.4659
      vertex 11.5268 -6.36221 73.2246
    endloop
  endfacet
  facet normal 0.47321 -0.581281 0.661956
    outer loop
      vertex 14.6317 -5.16879 72.0529
      vertex 11.3753 -5.93154 73.711
      vertex 11.4603 -6.14146 73.4659
    endloop
  endfacet
  facet normal 0.473252 -0.58124 0.661961
    outer loop
      vertex 10.2997 -4.83371 75.4438
      vertex 11.738 -1.90819 76.9843
      vertex 11.3353 -1.80421 77.3635
    endloop
  endfacet
  facet normal 0.473219 -0.581276 0.661953
    outer loop
      vertex 14.4395 -4.40767 72.8586
      vertex 11.272 -5.73333 73.9589
      vertex 11.3753 -5.93154 73.711
    endloop
  endfacet
  facet normal 0.473218 -0.581237 0.661988
    outer loop
      vertex 14.1219 -3.71944 73.6899
      vertex 11.151 -5.54768 74.2084
      vertex 11.272 -5.73333 73.9589
    endloop
  endfacet
  facet normal 0.473195 -0.581209 0.662029
    outer loop
      vertex 13.6846 -3.11588 74.5324
      vertex 11.0127 -5.3754 74.4585
      vertex 11.151 -5.54768 74.2084
    endloop
  endfacet
  facet normal 0.473179 -0.581245 0.662008
    outer loop
      vertex 10.2997 -4.83371 75.4438
      vertex 11.3353 -1.80421 77.3635
      vertex 10.9146 -1.72961 77.7297
    endloop
  endfacet
  facet normal 0.473221 -0.581244 0.66198
    outer loop
      vertex 13.4232 -2.84913 74.9535
      vertex 10.8577 -5.21721 74.7082
      vertex 11.0127 -5.3754 74.4585
    endloop
  endfacet
  facet normal 0.473149 -0.58122 0.662053
    outer loop
      vertex 12.8208 -2.39143 75.786
      vertex 10.6867 -5.07381 74.9563
      vertex 10.8577 -5.21721 74.7082
    endloop
  endfacet
  facet normal 0.473253 -0.581241 0.66196
    outer loop
      vertex 12.1208 -2.04113 76.5939
      vertex 10.5004 -4.94579 75.2019
      vertex 10.6867 -5.07381 74.9563
    endloop
  endfacet
  facet normal 0.473213 -0.581246 0.661984
    outer loop
      vertex 10.0853 -4.73805 75.681
      vertex 10.9146 -1.72961 77.7297
      vertex 10.4776 -1.68472 78.0815
    endloop
  endfacet
  facet normal 0.473255 -0.58124 0.661959
    outer loop
      vertex 11.738 -1.90819 76.9843
      vertex 10.2997 -4.83371 75.4438
      vertex 10.5004 -4.94579 75.2019
    endloop
  endfacet
  facet normal 0.473108 -0.581259 0.662047
    outer loop
      vertex 10.9146 -1.72961 77.7297
      vertex 10.0853 -4.73805 75.681
      vertex 10.2997 -4.83371 75.4438
    endloop
  endfacet
  facet normal 0.473186 -0.581237 0.662011
    outer loop
      vertex 9.85828 -4.65922 75.9126
      vertex 10.4776 -1.68472 78.0815
      vertex 10.0262 -1.66974 78.4173
    endloop
  endfacet
  facet normal 0.473423 -0.581192 0.661882
    outer loop
      vertex 10.4776 -1.68472 78.0815
      vertex 9.85828 -4.65922 75.9126
      vertex 10.0853 -4.73805 75.681
    endloop
  endfacet
  facet normal 0.473133 -0.581254 0.662034
    outer loop
      vertex 10.0262 -1.66974 78.4173
      vertex 9.61949 -4.59755 76.1374
      vertex 9.85828 -4.65922 75.9126
    endloop
  endfacet
  facet normal 0.473259 -0.581222 0.661972
    outer loop
      vertex 9.56244 -1.68472 78.7357
      vertex 9.61949 -4.59755 76.1374
      vertex 10.0262 -1.66974 78.4173
    endloop
  endfacet
  facet normal 0.473224 -0.581235 0.661985
    outer loop
      vertex 9.56244 -1.68472 78.7357
      vertex 9.36999 -4.55331 76.3546
      vertex 9.61949 -4.59755 76.1374
    endloop
  endfacet
  facet normal 0.473202 -0.581242 0.661995
    outer loop
      vertex 9.08817 -1.72961 79.0353
      vertex 9.36999 -4.55331 76.3546
      vertex 9.56244 -1.68472 78.7357
    endloop
  endfacet
  facet normal 0.473198 -0.581244 0.661997
    outer loop
      vertex 9.36999 -4.55331 76.3546
      vertex 9.08817 -1.72961 79.0353
      vertex 9.11086 -4.52669 76.5632
    endloop
  endfacet
  facet normal 0.473274 -0.581216 0.661966
    outer loop
      vertex 8.60548 -1.80421 79.3149
      vertex 9.11086 -4.52669 76.5632
      vertex 9.08817 -1.72961 79.0353
    endloop
  endfacet
  facet normal 0.47334 -0.581184 0.661947
    outer loop
      vertex 9.11086 -4.52669 76.5632
      vertex 8.60548 -1.80421 79.3149
      vertex 8.84319 -4.51781 76.7624
    endloop
  endfacet
  facet normal 0.473192 -0.581246 0.661999
    outer loop
      vertex 8.60548 -1.80421 79.3149
      vertex 8.56815 -4.52669 76.9512
      vertex 8.84319 -4.51781 76.7624
    endloop
  endfacet
  facet normal 0.473213 -0.581239 0.66199
    outer loop
      vertex 8.11642 -1.90819 79.5732
      vertex 8.56815 -4.52669 76.9512
      vertex 8.60548 -1.80421 79.3149
    endloop
  endfacet
  facet normal 0.473071 -0.581306 0.662033
    outer loop
      vertex 8.56815 -4.52669 76.9512
      vertex 8.11642 -1.90819 79.5732
      vertex 8.2869 -4.55331 77.1288
    endloop
  endfacet
  facet normal 0.473185 -0.58126 0.661991
    outer loop
      vertex 7.62309 -2.04113 79.8091
      vertex 8.2869 -4.55331 77.1288
      vertex 8.11642 -1.90819 79.5732
    endloop
  endfacet
  facet normal 0.473253 -0.581224 0.661974
    outer loop
      vertex 8.2869 -4.55331 77.1288
      vertex 7.62309 -2.04113 79.8091
      vertex 8.00065 -4.59755 77.2946
    endloop
  endfacet
  facet normal 0.473262 -0.58122 0.661972
    outer loop
      vertex 7.12761 -2.20244 80.0217
      vertex 8.00065 -4.59755 77.2946
      vertex 7.62309 -2.04113 79.8091
    endloop
  endfacet
  facet normal 0.473269 -0.581216 0.66197
    outer loop
      vertex 8.00065 -4.59755 77.2946
      vertex 7.12761 -2.20244 80.0217
      vertex 7.71063 -4.65922 77.4478
    endloop
  endfacet
  facet normal 0.473133 -0.581286 0.662006
    outer loop
      vertex 6.63209 -2.39143 80.2099
      vertex 7.71063 -4.65922 77.4478
      vertex 7.12761 -2.20244 80.0217
    endloop
  endfacet
  facet normal 0.473181 -0.581254 0.661999
    outer loop
      vertex 7.71063 -4.65922 77.4478
      vertex 6.63209 -2.39143 80.2099
      vertex 7.41807 -4.73805 77.5877
    endloop
  endfacet
  facet normal 0.473304 -0.581184 0.661973
    outer loop
      vertex 7.41807 -4.73805 77.5877
      vertex 6.63209 -2.39143 80.2099
      vertex 7.12424 -4.83371 77.7138
    endloop
  endfacet
  facet normal 0.473231 -0.58122 0.661994
    outer loop
      vertex 6.13865 -2.60731 80.3731
      vertex 7.12424 -4.83371 77.7138
      vertex 6.63209 -2.39143 80.2099
    endloop
  endfacet
  facet normal 0.472186 -0.581881 0.66216
    outer loop
      vertex 7.12424 -4.83371 77.7138
      vertex 6.13865 -2.60731 80.3731
      vertex 7.0991 -4.8433 77.7233
    endloop
  endfacet
  facet normal 0.473204 -0.581244 0.661992
    outer loop
      vertex 6.13865 -2.60731 80.3731
      vertex 6.12109 -4.8433 78.4224
      vertex 7.0991 -4.8433 77.7233
    endloop
  endfacet
  facet normal 0.473218 -0.58124 0.661986
    outer loop
      vertex 5.64942 -2.84913 80.5105
      vertex 6.12109 -4.8433 78.4224
      vertex 6.13865 -2.60731 80.3731
    endloop
  endfacet
  facet normal 0.473203 -0.581247 0.66199
    outer loop
      vertex 5.16648 -3.11588 80.6215
      vertex 6.12109 -4.8433 78.4224
      vertex 5.64942 -2.84913 80.5105
    endloop
  endfacet
  facet normal 0.473645 -0.580942 0.661942
    outer loop
      vertex 6.12109 -4.8433 78.4224
      vertex 5.16648 -3.11588 80.6215
      vertex 5.12611 -3.14059 80.6287
    endloop
  endfacet
  facet normal 0.473275 -0.58117 0.662006
    outer loop
      vertex 13.6763 -9.58128 68.8616
      vertex 11.2683 -8.66785 71.385
      vertex 13.4141 -10.0331 68.6524
    endloop
  endfacet
  facet normal 0.47309 -0.581372 0.661961
    outer loop
      vertex 11.1466 -8.93927 71.2336
      vertex 13.4141 -10.0331 68.6524
      vertex 11.2683 -8.66785 71.385
    endloop
  endfacet
  facet normal 0.473124 -0.581331 0.661973
    outer loop
      vertex 13.4141 -10.0331 68.6524
      vertex 11.1466 -8.93927 71.2336
      vertex 13.1248 -10.4791 68.4675
    endloop
  endfacet
  facet normal 0.473343 -0.581112 0.662008
    outer loop
      vertex 11.0078 -9.20954 71.0956
      vertex 13.1248 -10.4791 68.4675
      vertex 11.1466 -8.93927 71.2336
    endloop
  endfacet
  facet normal 0.473129 -0.581351 0.661952
    outer loop
      vertex 10.8522 -9.47748 70.9715
      vertex 13.1248 -10.4791 68.4675
      vertex 11.0078 -9.20954 71.0956
    endloop
  endfacet
  facet normal 0.473249 -0.581199 0.661999
    outer loop
      vertex 13.1248 -10.4791 68.4675
      vertex 10.8522 -9.47748 70.9715
      vertex 12.8099 -10.9173 68.3079
    endloop
  endfacet
  facet normal 0.473245 -0.581203 0.661999
    outer loop
      vertex 10.6807 -9.74196 70.8619
      vertex 12.8099 -10.9173 68.3079
      vertex 10.8522 -9.47748 70.9715
    endloop
  endfacet
  facet normal 0.473195 -0.581261 0.661984
    outer loop
      vertex 12.8099 -10.9173 68.3079
      vertex 10.6807 -9.74196 70.8619
      vertex 12.4706 -11.3459 68.1741
    endloop
  endfacet
  facet normal 0.473194 -0.581262 0.661983
    outer loop
      vertex 10.494 -10.0018 70.7672
      vertex 12.4706 -11.3459 68.1741
      vertex 10.6807 -9.74196 70.8619
    endloop
  endfacet
  facet normal 0.473221 -0.581233 0.661989
    outer loop
      vertex 12.4706 -11.3459 68.1741
      vertex 10.494 -10.0018 70.7672
      vertex 12.1084 -11.763 68.0668
    endloop
  endfacet
  facet normal 0.47332 -0.581149 0.661993
    outer loop
      vertex 10.2928 -10.256 70.6879
      vertex 12.1084 -11.763 68.0668
      vertex 10.494 -10.0018 70.7672
    endloop
  endfacet
  facet normal 0.473239 -0.581227 0.661982
    outer loop
      vertex 12.1084 -11.763 68.0668
      vertex 10.2928 -10.256 70.6879
      vertex 11.7248 -12.1669 67.9864
    endloop
  endfacet
  facet normal 0.473179 -0.581274 0.661984
    outer loop
      vertex 10.078 -10.5034 70.6242
      vertex 11.7248 -12.1669 67.9864
      vertex 10.2928 -10.256 70.6879
    endloop
  endfacet
  facet normal 0.473296 -0.58117 0.661991
    outer loop
      vertex 9.85049 -10.7429 70.5766
      vertex 11.7248 -12.1669 67.9864
      vertex 10.078 -10.5034 70.6242
    endloop
  endfacet
  facet normal 0.473195 -0.581272 0.661974
    outer loop
      vertex 11.7248 -12.1669 67.9864
      vertex 9.85049 -10.7429 70.5766
      vertex 11.3215 -12.5558 67.9332
    endloop
  endfacet
  facet normal 0.473086 -0.58136 0.661974
    outer loop
      vertex 9.61133 -10.9735 70.545
      vertex 11.3215 -12.5558 67.9332
      vertex 9.85049 -10.7429 70.5766
    endloop
  endfacet
  facet normal 0.473248 -0.58121 0.66199
    outer loop
      vertex 11.3215 -12.5558 67.9332
      vertex 9.61133 -10.9735 70.545
      vertex 10.9002 -12.928 67.9076
    endloop
  endfacet
  facet normal 0.473187 -0.581256 0.661994
    outer loop
      vertex 9.36149 -11.1942 70.5298
      vertex 10.9002 -12.928 67.9076
      vertex 9.61133 -10.9735 70.545
    endloop
  endfacet
  facet normal 0.473191 -0.581253 0.661994
    outer loop
      vertex 10.9002 -12.928 67.9076
      vertex 9.36149 -11.1942 70.5298
      vertex 10.4627 -13.282 67.9095
    endloop
  endfacet
  facet normal 0.473422 -0.581096 0.661966
    outer loop
      vertex 9.10205 -11.4042 70.531
      vertex 10.4627 -13.282 67.9095
      vertex 9.36149 -11.1942 70.5298
    endloop
  endfacet
  facet normal 0.473061 -0.581376 0.661979
    outer loop
      vertex 8.83412 -11.6024 70.5484
      vertex 10.4627 -13.282 67.9095
      vertex 9.10205 -11.4042 70.531
    endloop
  endfacet
  facet normal 0.473267 -0.581194 0.661991
    outer loop
      vertex 10.4627 -13.282 67.9095
      vertex 8.83412 -11.6024 70.5484
      vertex 10.0109 -13.6163 67.939
    endloop
  endfacet
  facet normal 0.473191 -0.581248 0.661998
    outer loop
      vertex 8.55885 -11.788 70.5822
      vertex 10.0109 -13.6163 67.939
      vertex 8.83412 -11.6024 70.5484
    endloop
  endfacet
  facet normal 0.473151 -0.58128 0.661998
    outer loop
      vertex 10.0109 -13.6163 67.939
      vertex 8.55885 -11.788 70.5822
      vertex 9.54676 -13.9293 67.9959
    endloop
  endfacet
  facet normal 0.473225 -0.581233 0.661987
    outer loop
      vertex 8.27742 -11.9603 70.6321
      vertex 9.54676 -13.9293 67.9959
      vertex 8.55885 -11.788 70.5822
    endloop
  endfacet
  facet normal 0.473231 -0.581228 0.661987
    outer loop
      vertex 9.54676 -13.9293 67.9959
      vertex 8.27742 -11.9603 70.6321
      vertex 9.07218 -14.2198 68.0801
    endloop
  endfacet
  facet normal 0.473338 -0.581166 0.661965
    outer loop
      vertex 7.99102 -12.1185 70.698
      vertex 9.07218 -14.2198 68.0801
      vertex 8.27742 -11.9603 70.6321
    endloop
  endfacet
  facet normal 0.473237 -0.581234 0.661978
    outer loop
      vertex 7.70089 -12.2619 70.7795
      vertex 9.07218 -14.2198 68.0801
      vertex 7.99102 -12.1185 70.698
    endloop
  endfacet
  facet normal 0.473248 -0.581225 0.661977
    outer loop
      vertex 9.07218 -14.2198 68.0801
      vertex 7.70089 -12.2619 70.7795
      vertex 8.58924 -14.4866 68.1911
    endloop
  endfacet
  facet normal 0.473075 -0.58133 0.662008
    outer loop
      vertex 7.40828 -12.3899 70.8762
      vertex 8.58924 -14.4866 68.1911
      vertex 7.70089 -12.2619 70.7795
    endloop
  endfacet
  facet normal 0.473199 -0.581244 0.661995
    outer loop
      vertex 8.58924 -14.4866 68.1911
      vertex 7.40828 -12.3899 70.8762
      vertex 8.10001 -14.7284 68.3285
    endloop
  endfacet
  facet normal 0.473325 -0.581175 0.661966
    outer loop
      vertex 7.11442 -12.502 70.9879
      vertex 8.10001 -14.7284 68.3285
      vertex 7.40828 -12.3899 70.8762
    endloop
  endfacet
  facet normal 0.47325 -0.581222 0.661978
    outer loop
      vertex 8.10001 -14.7284 68.3285
      vertex 7.11442 -12.502 70.9879
      vertex 7.60657 -14.9443 68.4917
    endloop
  endfacet
  facet normal 0.473035 -0.581328 0.662039
    outer loop
      vertex 6.82059 -12.5976 71.1139
      vertex 7.60657 -14.9443 68.4917
      vertex 7.11442 -12.502 70.9879
    endloop
  endfacet
  facet normal 0.473473 -0.581077 0.661946
    outer loop
      vertex 6.52803 -12.6765 71.2539
      vertex 7.60657 -14.9443 68.4917
      vertex 6.82059 -12.5976 71.1139
    endloop
  endfacet
  facet normal 0.473245 -0.581226 0.661979
    outer loop
      vertex 7.60657 -14.9443 68.4917
      vertex 6.52803 -12.6765 71.2539
      vertex 7.11105 -15.1333 68.68
    endloop
  endfacet
  facet normal 0.472974 -0.581365 0.66205
    outer loop
      vertex 6.23801 -12.7381 71.407
      vertex 7.11105 -15.1333 68.68
      vertex 6.52803 -12.6765 71.2539
    endloop
  endfacet
  facet normal 0.473149 -0.581262 0.662016
    outer loop
      vertex 7.11105 -15.1333 68.68
      vertex 6.23801 -12.7381 71.407
      vertex 6.61557 -15.2946 68.8925
    endloop
  endfacet
  facet normal 0.473353 -0.581169 0.661951
    outer loop
      vertex 5.95176 -12.7824 71.5728
      vertex 6.61557 -15.2946 68.8925
      vertex 6.23801 -12.7381 71.407
    endloop
  endfacet
  facet normal 0.473254 -0.581221 0.661976
    outer loop
      vertex 6.61557 -15.2946 68.8925
      vertex 5.95176 -12.7824 71.5728
      vertex 6.12224 -15.4275 69.1285
    endloop
  endfacet
  facet normal 0.473229 -0.581231 0.661985
    outer loop
      vertex 5.67051 -12.809 71.7505
      vertex 6.12224 -15.4275 69.1285
      vertex 5.95176 -12.7824 71.5728
    endloop
  endfacet
  facet normal 0.473231 -0.58123 0.661985
    outer loop
      vertex 5.67051 -12.809 71.7505
      vertex 5.63318 -15.5315 69.3868
      vertex 6.12224 -15.4275 69.1285
    endloop
  endfacet
  facet normal 0.473226 -0.581232 0.661987
    outer loop
      vertex 5.39547 -12.8179 71.9393
      vertex 5.63318 -15.5315 69.3868
      vertex 5.67051 -12.809 71.7505
    endloop
  endfacet
  facet normal 0.473121 -0.581276 0.662024
    outer loop
      vertex 5.12781 -12.809 72.1384
      vertex 5.63318 -15.5315 69.3868
      vertex 5.39547 -12.8179 71.9393
    endloop
  endfacet
  facet normal 0.473168 -0.581253 0.66201
    outer loop
      vertex 5.63318 -15.5315 69.3868
      vertex 5.12781 -12.809 72.1384
      vertex 5.15049 -15.6061 69.6663
    endloop
  endfacet
  facet normal 0.47322 -0.581234 0.661989
    outer loop
      vertex 4.86867 -12.7824 72.347
      vertex 5.15049 -15.6061 69.6663
      vertex 5.12781 -12.809 72.1384
    endloop
  endfacet
  facet normal 0.47322 -0.581234 0.661989
    outer loop
      vertex 4.86867 -12.7824 72.347
      vertex 4.67623 -15.651 69.9659
      vertex 5.15049 -15.6061 69.6663
    endloop
  endfacet
  facet normal 0.473121 -0.581264 0.662033
    outer loop
      vertex 4.61917 -12.7381 72.5642
      vertex 4.67623 -15.651 69.9659
      vertex 4.86867 -12.7824 72.347
    endloop
  endfacet
  facet normal 0.473457 -0.581166 0.661879
    outer loop
      vertex 4.21242 -15.666 70.2843
      vertex 4.61917 -12.7381 72.5642
      vertex 4.38038 -12.6765 72.7891
    endloop
  endfacet
  facet normal 0.473242 -0.58122 0.661986
    outer loop
      vertex 4.61917 -12.7381 72.5642
      vertex 4.21242 -15.666 70.2843
      vertex 4.67623 -15.651 69.9659
    endloop
  endfacet
  facet normal 0.473041 -0.581277 0.662079
    outer loop
      vertex 3.76107 -15.651 70.6201
      vertex 4.38038 -12.6765 72.7891
      vertex 4.15332 -12.5976 73.0206
    endloop
  endfacet
  facet normal 0.473225 -0.581288 0.661938
    outer loop
      vertex 2.94377 -12.4924 73.9777
      vertex 4.15332 -12.5976 73.0206
      vertex 3.93896 -12.502 73.2578
    endloop
  endfacet
  facet normal 0.473472 -0.580706 0.662272
    outer loop
      vertex 2.94377 -12.4924 73.9777
      vertex 3.93896 -12.502 73.2578
      vertex 3.92178 -12.4924 73.2785
    endloop
  endfacet
  facet normal 0.473199 -0.581247 0.661993
    outer loop
      vertex 4.38038 -12.6765 72.7891
      vertex 3.76107 -15.651 70.6201
      vertex 4.21242 -15.666 70.2843
    endloop
  endfacet
  facet normal 0.473234 -0.581228 0.661985
    outer loop
      vertex 4.15332 -12.5976 73.0206
      vertex 3.3241 -15.6061 70.9719
      vertex 3.76107 -15.651 70.6201
    endloop
  endfacet
  facet normal 0.473257 -0.581225 0.661971
    outer loop
      vertex 4.15332 -12.5976 73.0206
      vertex 2.94377 -12.4924 73.9777
      vertex 3.3241 -15.6061 70.9719
    endloop
  endfacet
  facet normal 0.473281 -0.581214 0.661963
    outer loop
      vertex 2.94377 -12.4924 73.9777
      vertex 2.90338 -15.5315 71.3382
      vertex 3.3241 -15.6061 70.9719
    endloop
  endfacet
  facet normal 0.473143 -0.581262 0.66202
    outer loop
      vertex 2.94377 -12.4924 73.9777
      vertex 2.50071 -15.4275 71.7173
      vertex 2.90338 -15.5315 71.3382
    endloop
  endfacet
  facet normal 0.473218 -0.581244 0.661982
    outer loop
      vertex 2.94377 -12.4924 73.9777
      vertex 2.11782 -15.2946 72.1077
      vertex 2.50071 -15.4275 71.7173
    endloop
  endfacet
  facet normal 0.473304 -0.581234 0.66193
    outer loop
      vertex 2.94377 -12.4924 73.9777
      vertex 1.75635 -15.1333 72.5078
      vertex 2.11782 -15.2946 72.1077
    endloop
  endfacet
  facet normal 0.473196 -0.58123 0.66201
    outer loop
      vertex 2.94377 -12.4924 73.9777
      vertex 1.41784 -14.9443 72.9157
      vertex 1.75635 -15.1333 72.5078
    endloop
  endfacet
  facet normal 0.473229 -0.581238 0.66198
    outer loop
      vertex 2.94377 -12.4924 73.9777
      vertex 1.10375 -14.7284 73.3298
      vertex 1.41784 -14.9443 72.9157
    endloop
  endfacet
  facet normal 0.473205 -0.581226 0.662007
    outer loop
      vertex 2.94377 -12.4924 73.9777
      vertex 0.815411 -14.4866 73.7482
      vertex 1.10375 -14.7284 73.3298
    endloop
  endfacet
  facet normal 0.473176 -0.5812 0.66205
    outer loop
      vertex 2.94377 -12.4924 73.9777
      vertex 0.554073 -14.2198 74.1692
      vertex 0.815411 -14.4866 73.7482
    endloop
  endfacet
  facet normal 0.473349 -0.581481 0.66168
    outer loop
      vertex 0.554073 -14.2198 74.1692
      vertex 2.94377 -12.4924 73.9777
      vertex 0.534232 -14.1951 74.2051
    endloop
  endfacet
  facet normal 0.986304 0.162817 -0.0263704
    outer loop
      vertex 11.5999 1.52716 1.10229e-06
      vertex 11.4752 2.28256 7.58533e-07
      vertex 14.6317 -5.16879 72.0529
    endloop
  endfacet
  facet normal -0.634385 -0.773017 -0
    outer loop
      vertex -7.71435 -8.79653 33
      vertex -7.71435 -8.79653 7.36019e-07
      vertex -7.12251 -9.28223 33
    endloop
  endfacet
  facet normal -0.634174 -0.772792 0.0248353
    outer loop
      vertex 0.815411 -14.4866 73.7482
      vertex -2.35787 -12.3697 58.5888
      vertex -2.11982 -12.5621 58.6806
    endloop
  endfacet
  facet normal -0.634189 -0.772779 0.0248469
    outer loop
      vertex -7.12251 -9.28223 33
      vertex -4.86968 -10.6941 46.5895
      vertex -7.71435 -8.79653 33
    endloop
  endfacet
  facet normal -0.634443 -0.772568 0.024911
    outer loop
      vertex -4.86968 -10.6941 46.5895
      vertex -7.12251 -9.28223 33
      vertex -4.64525 -10.8674 46.9308
    endloop
  endfacet
  facet normal -0.634054 -0.772891 0.024805
    outer loop
      vertex -4.64525 -10.8674 46.9308
      vertex -7.12251 -9.28223 33
      vertex -4.30323 -11.1306 47.4724
    endloop
  endfacet
  facet normal 0.989045 0.144907 -0.0281501
    outer loop
      vertex 14.6798 -5.57266 71.6639
      vertex 11.5999 1.52716 1.10229e-06
      vertex 14.6317 -5.16879 72.0529
    endloop
  endfacet
  facet normal 0.994647 0.0979057 -0.0330473
    outer loop
      vertex 11.6749 0.765217 3.38624e-07
      vertex 11.5999 1.52716 1.10229e-06
      vertex 14.6798 -5.57266 71.6639
    endloop
  endfacet
  facet normal 1.05042e-06 3.75753e-07 -1
    outer loop
      vertex 11.6749 0.765217 3.38624e-07
      vertex 10.1325 5.85 6.29081e-07
      vertex 10.8094 4.4774 8.24351e-07
    endloop
  endfacet
  facet normal 1.42806e-05 6.90024e-06 -1
    outer loop
      vertex 10.8094 4.4774 8.24351e-07
      vertex 10.1325 5.85 6.29081e-07
      vertex 10.4934 5.17478 1.12377e-06
    endloop
  endfacet
  facet normal -0.142546 0.691027 0.708634
    outer loop
      vertex -8.05787 14.8298 60.5135
      vertex 5.64942 -2.84913 80.5105
      vertex 6.13865 -2.60731 80.3731
    endloop
  endfacet
  facet normal -0.142525 0.691038 0.708628
    outer loop
      vertex 5.64942 -2.84913 80.5105
      vertex -8.05787 14.8298 60.5135
      vertex -8.5471 14.588 60.6509
    endloop
  endfacet
  facet normal 0.281469 -0.957004 -0.0701288
    outer loop
      vertex 6.61557 -15.2946 68.8925
      vertex 3.02818 -11.3013 6.16089e-07
      vertex 7.11105 -15.1333 68.68
    endloop
  endfacet
  facet normal -0.869419 0.48724 -0.0819009
    outer loop
      vertex -13.1548 8.66133 48.8082
      vertex -10.1325 5.85 6.47691e-07
      vertex -13.1992 8.62216 49.0465
    endloop
  endfacet
  facet normal -0.868555 0.488772 -0.0819357
    outer loop
      vertex -13.0646 8.75069 48.3851
      vertex -10.1325 5.85 6.47691e-07
      vertex -13.1548 8.66133 48.8082
    endloop
  endfacet
  facet normal -0.869012 0.487963 -0.0819149
    outer loop
      vertex -12.9643 8.85906 47.9666
      vertex -10.1325 5.85 6.47691e-07
      vertex -13.0646 8.75069 48.3851
    endloop
  endfacet
  facet normal -0.868567 0.488751 -0.081938
    outer loop
      vertex -10.1325 5.85 6.47691e-07
      vertex -12.9643 8.85906 47.9666
      vertex -12.924 8.90543 47.816
    endloop
  endfacet
  facet normal 0.925672 0.378328 0
    outer loop
      vertex 14.2961 -4.05367 73.2719
      vertex 10.8094 4.4774 8.24351e-07
      vertex 10.8094 4.4774 33
    endloop
  endfacet
  facet normal -0.849201 -0.528069 0
    outer loop
      vertex 6.6684 3.85 1
      vertex 6.40232 4.27789 30
      vertex 6.40232 4.27789 1
    endloop
  endfacet
  facet normal -0.849201 -0.528069 0
    outer loop
      vertex 6.40232 4.27789 30
      vertex 6.6684 3.85 1
      vertex 6.6684 3.85 30
    endloop
  endfacet
  facet normal -0.973876 -0.227081 0
    outer loop
      vertex 7.55205 1.5022 1
      vertex 7.43763 1.99291 30
      vertex 7.43763 1.99291 1
    endloop
  endfacet
  facet normal -0.973876 -0.227081 0
    outer loop
      vertex 7.43763 1.99291 30
      vertex 7.55205 1.5022 1
      vertex 7.55205 1.5022 30
    endloop
  endfacet
  facet normal 0.956937 -0.290294 0
    outer loop
      vertex -7.43763 1.99291 30
      vertex -7.29136 2.47508 1
      vertex -7.29136 2.47508 30
    endloop
  endfacet
  facet normal 0.956937 -0.290294 0
    outer loop
      vertex -7.29136 2.47508 1
      vertex -7.43763 1.99291 30
      vertex -7.43763 1.99291 1
    endloop
  endfacet
  facet normal 0.812841 0.582486 0
    outer loop
      vertex -6.10882 -4.68746 30
      vertex -6.40232 -4.27789 1
      vertex -6.40232 -4.27789 30
    endloop
  endfacet
  facet normal 0.812841 0.582486 0
    outer loop
      vertex -6.40232 -4.27789 1
      vertex -6.10882 -4.68746 30
      vertex -6.10882 -4.68746 1
    endloop
  endfacet
  facet normal 0.582486 -0.812841 0
    outer loop
      vertex -4.68746 6.10882 1
      vertex -4.27789 6.40232 30
      vertex -4.68746 6.10882 30
    endloop
  endfacet
  facet normal 0.582486 -0.812841 0
    outer loop
      vertex -4.27789 6.40232 30
      vertex -4.68746 6.10882 1
      vertex -4.27789 6.40232 1
    endloop
  endfacet
  facet normal -0.634388 -0.773015 0
    outer loop
      vertex 4.68746 6.10882 1
      vertex 5.07696 5.78917 30
      vertex 4.68746 6.10882 30
    endloop
  endfacet
  facet normal -0.634388 -0.773015 -0
    outer loop
      vertex 5.07696 5.78917 30
      vertex 4.68746 6.10882 1
      vertex 5.07696 5.78917 1
    endloop
  endfacet
  facet normal 0.910865 -0.412704 0
    outer loop
      vertex -7.11387 2.94666 30
      vertex -6.90592 3.40562 1
      vertex -6.90592 3.40562 30
    endloop
  endfacet
  facet normal 0.910865 -0.412704 0
    outer loop
      vertex -6.90592 3.40562 1
      vertex -7.11387 2.94666 30
      vertex -7.11387 2.94666 1
    endloop
  endfacet
  facet normal -0.683598 -0.729859 0
    outer loop
      vertex 5.07696 5.78917 1
      vertex 5.44472 5.44472 30
      vertex 5.07696 5.78917 30
    endloop
  endfacet
  facet normal -0.683598 -0.729859 -0
    outer loop
      vertex 5.44472 5.44472 30
      vertex 5.07696 5.78917 1
      vertex 5.44472 5.44472 1
    endloop
  endfacet
  facet normal 0.849201 -0.528069 0
    outer loop
      vertex -6.6684 3.85 30
      vertex -6.40232 4.27789 1
      vertex -6.40232 4.27789 30
    endloop
  endfacet
  facet normal 0.849201 -0.528069 0
    outer loop
      vertex -6.40232 4.27789 1
      vertex -6.6684 3.85 30
      vertex -6.6684 3.85 1
    endloop
  endfacet
  facet normal -0.773015 0.634388 0
    outer loop
      vertex 5.78917 -5.07696 1
      vertex 6.10882 -4.68746 30
      vertex 6.10882 -4.68746 1
    endloop
  endfacet
  facet normal -0.773015 0.634388 0
    outer loop
      vertex 6.10882 -4.68746 30
      vertex 5.78917 -5.07696 1
      vertex 5.78917 -5.07696 30
    endloop
  endfacet
  facet normal 0.0327264 0.999464 3.80399e-18
    outer loop
      vertex 2.88304e-16 -7.7 1
      vertex -0.503604 -7.68351 30
      vertex -3.08254e-15 -7.7 30
    endloop
  endfacet
  facet normal 0.0327264 0.999464 0
    outer loop
      vertex -0.503604 -7.68351 30
      vertex 2.88304e-16 -7.7 1
      vertex -0.503604 -7.68351 1
    endloop
  endfacet
  facet normal -0.986646 0.162877 0
    outer loop
      vertex 7.55205 -1.5022 1
      vertex 7.63412 -1.00505 30
      vertex 7.63412 -1.00505 1
    endloop
  endfacet
  facet normal -0.986646 0.162877 0
    outer loop
      vertex 7.63412 -1.00505 30
      vertex 7.55205 -1.5022 1
      vertex 7.55205 -1.5022 30
    endloop
  endfacet
  facet normal -0.995184 -0.0980208 0
    outer loop
      vertex 7.68351 0.503604 1
      vertex 7.63412 1.00505 30
      vertex 7.63412 1.00505 1
    endloop
  endfacet
  facet normal -0.995184 -0.0980208 0
    outer loop
      vertex 7.63412 1.00505 30
      vertex 7.68351 0.503604 1
      vertex 7.68351 0.503604 30
    endloop
  endfacet
  facet normal -0.999464 -0.0327264 0
    outer loop
      vertex 7.68351 0.503604 1
      vertex 7.7 3.16931e-15 30
      vertex 7.68351 0.503604 30
    endloop
  endfacet
  facet normal -0.999464 -0.0327264 3.19633e-18
    outer loop
      vertex 7.7 3.16931e-15 30
      vertex 7.68351 0.503604 1
      vertex 7.7 3.36937e-16 1
    endloop
  endfacet
  facet normal -0.0980208 -0.995184 0
    outer loop
      vertex 0.503604 7.68351 1
      vertex 1.00505 7.63412 30
      vertex 0.503604 7.68351 30
    endloop
  endfacet
  facet normal -0.0980208 -0.995184 -0
    outer loop
      vertex 1.00505 7.63412 30
      vertex 0.503604 7.68351 1
      vertex 1.00505 7.63412 1
    endloop
  endfacet
  facet normal 0.986646 -0.162877 0
    outer loop
      vertex -7.63412 1.00505 30
      vertex -7.55205 1.5022 1
      vertex -7.55205 1.5022 30
    endloop
  endfacet
  facet normal 0.986646 -0.162877 0
    outer loop
      vertex -7.55205 1.5022 1
      vertex -7.63412 1.00505 30
      vertex -7.63412 1.00505 1
    endloop
  endfacet
  facet normal 0.881926 -0.471387 0
    outer loop
      vertex -6.90592 3.40562 30
      vertex -6.6684 3.85 1
      vertex -6.6684 3.85 30
    endloop
  endfacet
  facet normal 0.881926 -0.471387 0
    outer loop
      vertex -6.6684 3.85 1
      vertex -6.90592 3.40562 30
      vertex -6.90592 3.40562 1
    endloop
  endfacet
  facet normal 0.290294 -0.956937 0
    outer loop
      vertex -2.47508 7.29136 1
      vertex -1.99291 7.43763 30
      vertex -2.47508 7.29136 30
    endloop
  endfacet
  facet normal 0.290294 -0.956937 0
    outer loop
      vertex -1.99291 7.43763 30
      vertex -2.47508 7.29136 1
      vertex -1.99291 7.43763 1
    endloop
  endfacet
  facet normal -0.881926 -0.471387 0
    outer loop
      vertex 6.90592 3.40562 1
      vertex 6.6684 3.85 30
      vertex 6.6684 3.85 1
    endloop
  endfacet
  facet normal -0.881926 -0.471387 0
    outer loop
      vertex 6.6684 3.85 30
      vertex 6.90592 3.40562 1
      vertex 6.90592 3.40562 30
    endloop
  endfacet
  facet normal 0.773015 -0.634388 0
    outer loop
      vertex -6.10882 4.68746 30
      vertex -5.78917 5.07696 1
      vertex -5.78917 5.07696 30
    endloop
  endfacet
  facet normal 0.773015 -0.634388 0
    outer loop
      vertex -5.78917 5.07696 1
      vertex -6.10882 4.68746 30
      vertex -6.10882 4.68746 1
    endloop
  endfacet
  facet normal -0.290294 0.956937 0
    outer loop
      vertex 2.47508 -7.29136 1
      vertex 1.99291 -7.43763 30
      vertex 2.47508 -7.29136 30
    endloop
  endfacet
  facet normal -0.290294 0.956937 0
    outer loop
      vertex 1.99291 -7.43763 30
      vertex 2.47508 -7.29136 1
      vertex 1.99291 -7.43763 1
    endloop
  endfacet
  facet normal -0.995184 0.0980208 0
    outer loop
      vertex 7.63412 -1.00505 1
      vertex 7.68351 -0.503604 30
      vertex 7.68351 -0.503604 1
    endloop
  endfacet
  facet normal -0.995184 0.0980208 0
    outer loop
      vertex 7.68351 -0.503604 30
      vertex 7.63412 -1.00505 1
      vertex 7.63412 -1.00505 30
    endloop
  endfacet
  facet normal -0.634388 0.773015 0
    outer loop
      vertex 5.07696 -5.78917 1
      vertex 4.68746 -6.10882 30
      vertex 5.07696 -5.78917 30
    endloop
  endfacet
  facet normal -0.634388 0.773015 0
    outer loop
      vertex 4.68746 -6.10882 30
      vertex 5.07696 -5.78917 1
      vertex 4.68746 -6.10882 1
    endloop
  endfacet
  facet normal 0.0980208 -0.995184 0
    outer loop
      vertex -1.00505 7.63412 1
      vertex -0.503604 7.68351 30
      vertex -1.00505 7.63412 30
    endloop
  endfacet
  facet normal 0.0980208 -0.995184 0
    outer loop
      vertex -0.503604 7.68351 30
      vertex -1.00505 7.63412 1
      vertex -0.503604 7.68351 1
    endloop
  endfacet
  facet normal -0.412704 -0.910865 0
    outer loop
      vertex 2.94666 7.11387 1
      vertex 3.40562 6.90592 30
      vertex 2.94666 7.11387 30
    endloop
  endfacet
  facet normal -0.412704 -0.910865 -0
    outer loop
      vertex 3.40562 6.90592 30
      vertex 2.94666 7.11387 1
      vertex 3.40562 6.90592 1
    endloop
  endfacet
  facet normal 0.412704 0.910865 -0
    outer loop
      vertex -2.94666 -7.11387 1
      vertex -3.40562 -6.90592 30
      vertex -2.94666 -7.11387 30
    endloop
  endfacet
  facet normal 0.412704 0.910865 0
    outer loop
      vertex -3.40562 -6.90592 30
      vertex -2.94666 -7.11387 1
      vertex -3.40562 -6.90592 1
    endloop
  endfacet
  facet normal 0.290294 0.956937 -0
    outer loop
      vertex -1.99291 -7.43763 1
      vertex -2.47508 -7.29136 30
      vertex -1.99291 -7.43763 30
    endloop
  endfacet
  facet normal 0.290294 0.956937 0
    outer loop
      vertex -2.47508 -7.29136 30
      vertex -1.99291 -7.43763 1
      vertex -2.47508 -7.29136 1
    endloop
  endfacet
  facet normal -0.412704 0.910865 0
    outer loop
      vertex 3.40562 -6.90592 1
      vertex 2.94666 -7.11387 30
      vertex 3.40562 -6.90592 30
    endloop
  endfacet
  facet normal -0.412704 0.910865 0
    outer loop
      vertex 2.94666 -7.11387 30
      vertex 3.40562 -6.90592 1
      vertex 2.94666 -7.11387 1
    endloop
  endfacet
  facet normal -0.956937 0.290294 0
    outer loop
      vertex 7.29136 -2.47508 1
      vertex 7.43763 -1.99291 30
      vertex 7.43763 -1.99291 1
    endloop
  endfacet
  facet normal -0.956937 0.290294 0
    outer loop
      vertex 7.43763 -1.99291 30
      vertex 7.29136 -2.47508 1
      vertex 7.29136 -2.47508 30
    endloop
  endfacet
  facet normal -0.999464 0.0327264 -3.32406e-18
    outer loop
      vertex 7.68351 -0.503604 1
      vertex 7.7 3.16931e-15 30
      vertex 7.7 3.36937e-16 1
    endloop
  endfacet
  facet normal -0.999464 0.0327264 0
    outer loop
      vertex 7.7 3.16931e-15 30
      vertex 7.68351 -0.503604 1
      vertex 7.68351 -0.503604 30
    endloop
  endfacet
  facet normal 0.973876 0.227081 0
    outer loop
      vertex -7.43763 -1.99291 30
      vertex -7.55205 -1.5022 1
      vertex -7.55205 -1.5022 30
    endloop
  endfacet
  facet normal 0.973876 0.227081 0
    outer loop
      vertex -7.55205 -1.5022 1
      vertex -7.43763 -1.99291 30
      vertex -7.43763 -1.99291 1
    endloop
  endfacet
  facet normal 0.528069 0.849201 -0
    outer loop
      vertex -3.85 -6.6684 1
      vertex -4.27789 -6.40232 30
      vertex -3.85 -6.6684 30
    endloop
  endfacet
  facet normal 0.528069 0.849201 0
    outer loop
      vertex -4.27789 -6.40232 30
      vertex -3.85 -6.6684 1
      vertex -4.27789 -6.40232 1
    endloop
  endfacet
  facet normal 0.812841 -0.582486 0
    outer loop
      vertex -6.40232 4.27789 30
      vertex -6.10882 4.68746 1
      vertex -6.10882 4.68746 30
    endloop
  endfacet
  facet normal 0.812841 -0.582486 0
    outer loop
      vertex -6.10882 4.68746 1
      vertex -6.40232 4.27789 30
      vertex -6.40232 4.27789 1
    endloop
  endfacet
  facet normal 0.986646 0.162877 0
    outer loop
      vertex -7.55205 -1.5022 30
      vertex -7.63412 -1.00505 1
      vertex -7.63412 -1.00505 30
    endloop
  endfacet
  facet normal 0.986646 0.162877 0
    outer loop
      vertex -7.63412 -1.00505 1
      vertex -7.55205 -1.5022 30
      vertex -7.55205 -1.5022 1
    endloop
  endfacet
  facet normal 0.634388 -0.773015 0
    outer loop
      vertex -5.07696 5.78917 1
      vertex -4.68746 6.10882 30
      vertex -5.07696 5.78917 30
    endloop
  endfacet
  facet normal 0.634388 -0.773015 0
    outer loop
      vertex -4.68746 6.10882 30
      vertex -5.07696 5.78917 1
      vertex -4.68746 6.10882 1
    endloop
  endfacet
  facet normal -0.227081 0.973876 0
    outer loop
      vertex 1.99291 -7.43763 1
      vertex 1.5022 -7.55205 30
      vertex 1.99291 -7.43763 30
    endloop
  endfacet
  facet normal -0.227081 0.973876 0
    outer loop
      vertex 1.5022 -7.55205 30
      vertex 1.99291 -7.43763 1
      vertex 1.5022 -7.55205 1
    endloop
  endfacet
  facet normal 0.999464 0.0327264 -3.08662e-18
    outer loop
      vertex -7.68351 -0.503604 30
      vertex -7.7 -1.41601e-16 1
      vertex -7.7 2.69077e-15 30
    endloop
  endfacet
  facet normal 0.999464 0.0327264 0
    outer loop
      vertex -7.7 -1.41601e-16 1
      vertex -7.68351 -0.503604 30
      vertex -7.68351 -0.503604 1
    endloop
  endfacet
  facet normal 0.162877 0.986646 -0
    outer loop
      vertex -1.00505 -7.63412 1
      vertex -1.5022 -7.55205 30
      vertex -1.00505 -7.63412 30
    endloop
  endfacet
  facet normal 0.162877 0.986646 0
    outer loop
      vertex -1.5022 -7.55205 30
      vertex -1.00505 -7.63412 1
      vertex -1.5022 -7.55205 1
    endloop
  endfacet
  facet normal -0.935906 -0.35225 0
    outer loop
      vertex 7.29136 2.47508 1
      vertex 7.11387 2.94666 30
      vertex 7.11387 2.94666 1
    endloop
  endfacet
  facet normal -0.935906 -0.35225 0
    outer loop
      vertex 7.11387 2.94666 30
      vertex 7.29136 2.47508 1
      vertex 7.29136 2.47508 30
    endloop
  endfacet
  facet normal 0.773015 0.634388 0
    outer loop
      vertex -5.78917 -5.07696 30
      vertex -6.10882 -4.68746 1
      vertex -6.10882 -4.68746 30
    endloop
  endfacet
  facet normal 0.773015 0.634388 0
    outer loop
      vertex -6.10882 -4.68746 1
      vertex -5.78917 -5.07696 30
      vertex -5.78917 -5.07696 1
    endloop
  endfacet
  facet normal -0.881926 0.471387 0
    outer loop
      vertex 6.6684 -3.85 1
      vertex 6.90592 -3.40562 30
      vertex 6.90592 -3.40562 1
    endloop
  endfacet
  facet normal -0.881926 0.471387 0
    outer loop
      vertex 6.90592 -3.40562 30
      vertex 6.6684 -3.85 1
      vertex 6.6684 -3.85 30
    endloop
  endfacet
  facet normal -0.849201 0.528069 0
    outer loop
      vertex 6.40232 -4.27789 1
      vertex 6.6684 -3.85 30
      vertex 6.6684 -3.85 1
    endloop
  endfacet
  facet normal -0.849201 0.528069 0
    outer loop
      vertex 6.6684 -3.85 30
      vertex 6.40232 -4.27789 1
      vertex 6.40232 -4.27789 30
    endloop
  endfacet
  facet normal -0.729859 -0.683598 0
    outer loop
      vertex 5.78917 5.07696 1
      vertex 5.44472 5.44472 30
      vertex 5.44472 5.44472 1
    endloop
  endfacet
  facet normal -0.729859 -0.683598 0
    outer loop
      vertex 5.44472 5.44472 30
      vertex 5.78917 5.07696 1
      vertex 5.78917 5.07696 30
    endloop
  endfacet
  facet normal -0.162877 -0.986646 0
    outer loop
      vertex 1.00505 7.63412 1
      vertex 1.5022 7.55205 30
      vertex 1.00505 7.63412 30
    endloop
  endfacet
  facet normal -0.162877 -0.986646 -0
    outer loop
      vertex 1.5022 7.55205 30
      vertex 1.00505 7.63412 1
      vertex 1.5022 7.55205 1
    endloop
  endfacet
  facet normal 0.528069 -0.849201 0
    outer loop
      vertex -4.27789 6.40232 1
      vertex -3.85 6.6684 30
      vertex -4.27789 6.40232 30
    endloop
  endfacet
  facet normal 0.528069 -0.849201 0
    outer loop
      vertex -3.85 6.6684 30
      vertex -4.27789 6.40232 1
      vertex -3.85 6.6684 1
    endloop
  endfacet
  facet normal -0.910865 -0.412704 0
    outer loop
      vertex 7.11387 2.94666 1
      vertex 6.90592 3.40562 30
      vertex 6.90592 3.40562 1
    endloop
  endfacet
  facet normal -0.910865 -0.412704 0
    outer loop
      vertex 6.90592 3.40562 30
      vertex 7.11387 2.94666 1
      vertex 7.11387 2.94666 30
    endloop
  endfacet
  facet normal 0.683598 -0.729859 0
    outer loop
      vertex -5.44472 5.44472 1
      vertex -5.07696 5.78917 30
      vertex -5.44472 5.44472 30
    endloop
  endfacet
  facet normal 0.683598 -0.729859 0
    outer loop
      vertex -5.07696 5.78917 30
      vertex -5.44472 5.44472 1
      vertex -5.07696 5.78917 1
    endloop
  endfacet
  facet normal -0.956937 -0.290294 0
    outer loop
      vertex 7.43763 1.99291 1
      vertex 7.29136 2.47508 30
      vertex 7.29136 2.47508 1
    endloop
  endfacet
  facet normal -0.956937 -0.290294 0
    outer loop
      vertex 7.29136 2.47508 30
      vertex 7.43763 1.99291 1
      vertex 7.43763 1.99291 30
    endloop
  endfacet
  facet normal -0.0980208 0.995184 0
    outer loop
      vertex 1.00505 -7.63412 1
      vertex 0.503604 -7.68351 30
      vertex 1.00505 -7.63412 30
    endloop
  endfacet
  facet normal -0.0980208 0.995184 0
    outer loop
      vertex 0.503604 -7.68351 30
      vertex 1.00505 -7.63412 1
      vertex 0.503604 -7.68351 1
    endloop
  endfacet
  facet normal 0.956937 0.290294 0
    outer loop
      vertex -7.29136 -2.47508 30
      vertex -7.43763 -1.99291 1
      vertex -7.43763 -1.99291 30
    endloop
  endfacet
  facet normal 0.956937 0.290294 0
    outer loop
      vertex -7.43763 -1.99291 1
      vertex -7.29136 -2.47508 30
      vertex -7.29136 -2.47508 1
    endloop
  endfacet
  facet normal 0.35225 -0.935906 0
    outer loop
      vertex -2.94666 7.11387 1
      vertex -2.47508 7.29136 30
      vertex -2.94666 7.11387 30
    endloop
  endfacet
  facet normal 0.35225 -0.935906 0
    outer loop
      vertex -2.47508 7.29136 30
      vertex -2.94666 7.11387 1
      vertex -2.47508 7.29136 1
    endloop
  endfacet
  facet normal -0.0327264 -0.999464 -3.80399e-18
    outer loop
      vertex -5.20776e-16 7.7 1
      vertex 0.503604 7.68351 30
      vertex -3.89162e-15 7.7 30
    endloop
  endfacet
  facet normal -0.0327264 -0.999464 -0
    outer loop
      vertex 0.503604 7.68351 30
      vertex -5.20776e-16 7.7 1
      vertex 0.503604 7.68351 1
    endloop
  endfacet
  facet normal -0.471387 -0.881926 0
    outer loop
      vertex 3.40562 6.90592 1
      vertex 3.85 6.6684 30
      vertex 3.40562 6.90592 30
    endloop
  endfacet
  facet normal -0.471387 -0.881926 -0
    outer loop
      vertex 3.85 6.6684 30
      vertex 3.40562 6.90592 1
      vertex 3.85 6.6684 1
    endloop
  endfacet
  facet normal 0.910865 0.412704 0
    outer loop
      vertex -6.90592 -3.40562 30
      vertex -7.11387 -2.94666 1
      vertex -7.11387 -2.94666 30
    endloop
  endfacet
  facet normal 0.910865 0.412704 0
    outer loop
      vertex -7.11387 -2.94666 1
      vertex -6.90592 -3.40562 30
      vertex -6.90592 -3.40562 1
    endloop
  endfacet
  facet normal 0.162877 -0.986646 0
    outer loop
      vertex -1.5022 7.55205 1
      vertex -1.00505 7.63412 30
      vertex -1.5022 7.55205 30
    endloop
  endfacet
  facet normal 0.162877 -0.986646 0
    outer loop
      vertex -1.00505 7.63412 30
      vertex -1.5022 7.55205 1
      vertex -1.00505 7.63412 1
    endloop
  endfacet
  facet normal 0.973876 -0.227081 0
    outer loop
      vertex -7.55205 1.5022 30
      vertex -7.43763 1.99291 1
      vertex -7.43763 1.99291 30
    endloop
  endfacet
  facet normal 0.973876 -0.227081 0
    outer loop
      vertex -7.43763 1.99291 1
      vertex -7.55205 1.5022 30
      vertex -7.55205 1.5022 1
    endloop
  endfacet
  facet normal -0.528069 0.849201 0
    outer loop
      vertex 4.27789 -6.40232 1
      vertex 3.85 -6.6684 30
      vertex 4.27789 -6.40232 30
    endloop
  endfacet
  facet normal -0.528069 0.849201 0
    outer loop
      vertex 3.85 -6.6684 30
      vertex 4.27789 -6.40232 1
      vertex 3.85 -6.6684 1
    endloop
  endfacet
  facet normal 0.729859 0.683598 0
    outer loop
      vertex -5.44472 -5.44472 30
      vertex -5.78917 -5.07696 1
      vertex -5.78917 -5.07696 30
    endloop
  endfacet
  facet normal 0.729859 0.683598 0
    outer loop
      vertex -5.78917 -5.07696 1
      vertex -5.44472 -5.44472 30
      vertex -5.44472 -5.44472 1
    endloop
  endfacet
  facet normal -0.35225 -0.935906 0
    outer loop
      vertex 2.47508 7.29136 1
      vertex 2.94666 7.11387 30
      vertex 2.47508 7.29136 30
    endloop
  endfacet
  facet normal -0.35225 -0.935906 -0
    outer loop
      vertex 2.94666 7.11387 30
      vertex 2.47508 7.29136 1
      vertex 2.94666 7.11387 1
    endloop
  endfacet
  facet normal -0.162877 0.986646 0
    outer loop
      vertex 1.5022 -7.55205 1
      vertex 1.00505 -7.63412 30
      vertex 1.5022 -7.55205 30
    endloop
  endfacet
  facet normal -0.162877 0.986646 0
    outer loop
      vertex 1.00505 -7.63412 30
      vertex 1.5022 -7.55205 1
      vertex 1.00505 -7.63412 1
    endloop
  endfacet
  facet normal -0.773015 -0.634388 0
    outer loop
      vertex 6.10882 4.68746 1
      vertex 5.78917 5.07696 30
      vertex 5.78917 5.07696 1
    endloop
  endfacet
  facet normal -0.773015 -0.634388 0
    outer loop
      vertex 5.78917 5.07696 30
      vertex 6.10882 4.68746 1
      vertex 6.10882 4.68746 30
    endloop
  endfacet
  facet normal 0.471387 -0.881926 0
    outer loop
      vertex -3.85 6.6684 1
      vertex -3.40562 6.90592 30
      vertex -3.85 6.6684 30
    endloop
  endfacet
  facet normal 0.471387 -0.881926 0
    outer loop
      vertex -3.40562 6.90592 30
      vertex -3.85 6.6684 1
      vertex -3.40562 6.90592 1
    endloop
  endfacet
  facet normal 0.729859 -0.683598 0
    outer loop
      vertex -5.78917 5.07696 30
      vertex -5.44472 5.44472 1
      vertex -5.44472 5.44472 30
    endloop
  endfacet
  facet normal 0.729859 -0.683598 0
    outer loop
      vertex -5.44472 5.44472 1
      vertex -5.78917 5.07696 30
      vertex -5.78917 5.07696 1
    endloop
  endfacet
  facet normal -0.0327264 0.999464 0
    outer loop
      vertex 0.503604 -7.68351 1
      vertex -3.08254e-15 -7.7 30
      vertex 0.503604 -7.68351 30
    endloop
  endfacet
  facet normal -0.0327264 0.999464 -3.80399e-18
    outer loop
      vertex -3.08254e-15 -7.7 30
      vertex 0.503604 -7.68351 1
      vertex 2.88304e-16 -7.7 1
    endloop
  endfacet
  facet normal -0.35225 0.935906 0
    outer loop
      vertex 2.94666 -7.11387 1
      vertex 2.47508 -7.29136 30
      vertex 2.94666 -7.11387 30
    endloop
  endfacet
  facet normal -0.35225 0.935906 0
    outer loop
      vertex 2.47508 -7.29136 30
      vertex 2.94666 -7.11387 1
      vertex 2.47508 -7.29136 1
    endloop
  endfacet
  facet normal 0.35225 0.935906 -0
    outer loop
      vertex -2.47508 -7.29136 1
      vertex -2.94666 -7.11387 30
      vertex -2.47508 -7.29136 30
    endloop
  endfacet
  facet normal 0.35225 0.935906 0
    outer loop
      vertex -2.94666 -7.11387 30
      vertex -2.47508 -7.29136 1
      vertex -2.94666 -7.11387 1
    endloop
  endfacet
  facet normal -0.227081 -0.973876 0
    outer loop
      vertex 1.5022 7.55205 1
      vertex 1.99291 7.43763 30
      vertex 1.5022 7.55205 30
    endloop
  endfacet
  facet normal -0.227081 -0.973876 -0
    outer loop
      vertex 1.99291 7.43763 30
      vertex 1.5022 7.55205 1
      vertex 1.99291 7.43763 1
    endloop
  endfacet
  facet normal -0.910865 0.412704 0
    outer loop
      vertex 6.90592 -3.40562 1
      vertex 7.11387 -2.94666 30
      vertex 7.11387 -2.94666 1
    endloop
  endfacet
  facet normal -0.910865 0.412704 0
    outer loop
      vertex 7.11387 -2.94666 30
      vertex 6.90592 -3.40562 1
      vertex 6.90592 -3.40562 30
    endloop
  endfacet
  facet normal -0.935906 0.35225 0
    outer loop
      vertex 7.11387 -2.94666 1
      vertex 7.29136 -2.47508 30
      vertex 7.29136 -2.47508 1
    endloop
  endfacet
  facet normal -0.935906 0.35225 0
    outer loop
      vertex 7.29136 -2.47508 30
      vertex 7.11387 -2.94666 1
      vertex 7.11387 -2.94666 30
    endloop
  endfacet
  facet normal 0.412704 -0.910865 0
    outer loop
      vertex -3.40562 6.90592 1
      vertex -2.94666 7.11387 30
      vertex -3.40562 6.90592 30
    endloop
  endfacet
  facet normal 0.412704 -0.910865 0
    outer loop
      vertex -2.94666 7.11387 30
      vertex -3.40562 6.90592 1
      vertex -2.94666 7.11387 1
    endloop
  endfacet
  facet normal -0.582486 0.812841 0
    outer loop
      vertex 4.68746 -6.10882 1
      vertex 4.27789 -6.40232 30
      vertex 4.68746 -6.10882 30
    endloop
  endfacet
  facet normal -0.582486 0.812841 0
    outer loop
      vertex 4.27789 -6.40232 30
      vertex 4.68746 -6.10882 1
      vertex 4.27789 -6.40232 1
    endloop
  endfacet
  facet normal 0.995184 -0.0980208 0
    outer loop
      vertex -7.68351 0.503604 30
      vertex -7.63412 1.00505 1
      vertex -7.63412 1.00505 30
    endloop
  endfacet
  facet normal 0.995184 -0.0980208 0
    outer loop
      vertex -7.63412 1.00505 1
      vertex -7.68351 0.503604 30
      vertex -7.68351 0.503604 1
    endloop
  endfacet
  facet normal 0.849201 0.528069 0
    outer loop
      vertex -6.40232 -4.27789 30
      vertex -6.6684 -3.85 1
      vertex -6.6684 -3.85 30
    endloop
  endfacet
  facet normal 0.849201 0.528069 0
    outer loop
      vertex -6.6684 -3.85 1
      vertex -6.40232 -4.27789 30
      vertex -6.40232 -4.27789 1
    endloop
  endfacet
  facet normal -0.986646 -0.162877 0
    outer loop
      vertex 7.63412 1.00505 1
      vertex 7.55205 1.5022 30
      vertex 7.55205 1.5022 1
    endloop
  endfacet
  facet normal -0.986646 -0.162877 0
    outer loop
      vertex 7.55205 1.5022 30
      vertex 7.63412 1.00505 1
      vertex 7.63412 1.00505 30
    endloop
  endfacet
  facet normal 0.999464 -0.0327264 0
    outer loop
      vertex -7.7 2.69077e-15 30
      vertex -7.68351 0.503604 1
      vertex -7.68351 0.503604 30
    endloop
  endfacet
  facet normal 0.999464 -0.0327264 3.08662e-18
    outer loop
      vertex -7.68351 0.503604 1
      vertex -7.7 2.69077e-15 30
      vertex -7.7 -1.41601e-16 1
    endloop
  endfacet
  facet normal 0.0980208 0.995184 -0
    outer loop
      vertex -0.503604 -7.68351 1
      vertex -1.00505 -7.63412 30
      vertex -0.503604 -7.68351 30
    endloop
  endfacet
  facet normal 0.0980208 0.995184 0
    outer loop
      vertex -1.00505 -7.63412 30
      vertex -0.503604 -7.68351 1
      vertex -1.00505 -7.63412 1
    endloop
  endfacet
  facet normal -0.812841 -0.582486 0
    outer loop
      vertex 6.40232 4.27789 1
      vertex 6.10882 4.68746 30
      vertex 6.10882 4.68746 1
    endloop
  endfacet
  facet normal -0.812841 -0.582486 0
    outer loop
      vertex 6.10882 4.68746 30
      vertex 6.40232 4.27789 1
      vertex 6.40232 4.27789 30
    endloop
  endfacet
  facet normal -0.471387 0.881926 0
    outer loop
      vertex 3.85 -6.6684 1
      vertex 3.40562 -6.90592 30
      vertex 3.85 -6.6684 30
    endloop
  endfacet
  facet normal -0.471387 0.881926 0
    outer loop
      vertex 3.40562 -6.90592 30
      vertex 3.85 -6.6684 1
      vertex 3.40562 -6.90592 1
    endloop
  endfacet
  facet normal -0.290294 -0.956937 0
    outer loop
      vertex 1.99291 7.43763 1
      vertex 2.47508 7.29136 30
      vertex 1.99291 7.43763 30
    endloop
  endfacet
  facet normal -0.290294 -0.956937 -0
    outer loop
      vertex 2.47508 7.29136 30
      vertex 1.99291 7.43763 1
      vertex 2.47508 7.29136 1
    endloop
  endfacet
  facet normal -0.528069 -0.849201 0
    outer loop
      vertex 3.85 6.6684 1
      vertex 4.27789 6.40232 30
      vertex 3.85 6.6684 30
    endloop
  endfacet
  facet normal -0.528069 -0.849201 -0
    outer loop
      vertex 4.27789 6.40232 30
      vertex 3.85 6.6684 1
      vertex 4.27789 6.40232 1
    endloop
  endfacet
  facet normal -0.582486 -0.812841 0
    outer loop
      vertex 4.27789 6.40232 1
      vertex 4.68746 6.10882 30
      vertex 4.27789 6.40232 30
    endloop
  endfacet
  facet normal -0.582486 -0.812841 -0
    outer loop
      vertex 4.68746 6.10882 30
      vertex 4.27789 6.40232 1
      vertex 4.68746 6.10882 1
    endloop
  endfacet
  facet normal 0.227081 -0.973876 0
    outer loop
      vertex -1.99291 7.43763 1
      vertex -1.5022 7.55205 30
      vertex -1.99291 7.43763 30
    endloop
  endfacet
  facet normal 0.227081 -0.973876 0
    outer loop
      vertex -1.5022 7.55205 30
      vertex -1.99291 7.43763 1
      vertex -1.5022 7.55205 1
    endloop
  endfacet
  facet normal 0.995184 0.0980208 0
    outer loop
      vertex -7.63412 -1.00505 30
      vertex -7.68351 -0.503604 1
      vertex -7.68351 -0.503604 30
    endloop
  endfacet
  facet normal 0.995184 0.0980208 0
    outer loop
      vertex -7.68351 -0.503604 1
      vertex -7.63412 -1.00505 30
      vertex -7.63412 -1.00505 1
    endloop
  endfacet
  facet normal 0.0327264 -0.999464 0
    outer loop
      vertex -0.503604 7.68351 1
      vertex -3.89162e-15 7.7 30
      vertex -0.503604 7.68351 30
    endloop
  endfacet
  facet normal 0.0327264 -0.999464 3.80399e-18
    outer loop
      vertex -3.89162e-15 7.7 30
      vertex -0.503604 7.68351 1
      vertex -5.20776e-16 7.7 1
    endloop
  endfacet
  facet normal -0.729859 0.683598 0
    outer loop
      vertex 5.44472 -5.44472 1
      vertex 5.78917 -5.07696 30
      vertex 5.78917 -5.07696 1
    endloop
  endfacet
  facet normal -0.729859 0.683598 0
    outer loop
      vertex 5.78917 -5.07696 30
      vertex 5.44472 -5.44472 1
      vertex 5.44472 -5.44472 30
    endloop
  endfacet
  facet normal -0.812841 0.582486 0
    outer loop
      vertex 6.10882 -4.68746 1
      vertex 6.40232 -4.27789 30
      vertex 6.40232 -4.27789 1
    endloop
  endfacet
  facet normal -0.812841 0.582486 0
    outer loop
      vertex 6.40232 -4.27789 30
      vertex 6.10882 -4.68746 1
      vertex 6.10882 -4.68746 30
    endloop
  endfacet
  facet normal 0.935906 0.35225 0
    outer loop
      vertex -7.11387 -2.94666 30
      vertex -7.29136 -2.47508 1
      vertex -7.29136 -2.47508 30
    endloop
  endfacet
  facet normal 0.935906 0.35225 0
    outer loop
      vertex -7.29136 -2.47508 1
      vertex -7.11387 -2.94666 30
      vertex -7.11387 -2.94666 1
    endloop
  endfacet
  facet normal 0.227081 0.973876 -0
    outer loop
      vertex -1.5022 -7.55205 1
      vertex -1.99291 -7.43763 30
      vertex -1.5022 -7.55205 30
    endloop
  endfacet
  facet normal 0.227081 0.973876 0
    outer loop
      vertex -1.99291 -7.43763 30
      vertex -1.5022 -7.55205 1
      vertex -1.99291 -7.43763 1
    endloop
  endfacet
  facet normal 0.935906 -0.35225 0
    outer loop
      vertex -7.29136 2.47508 30
      vertex -7.11387 2.94666 1
      vertex -7.11387 2.94666 30
    endloop
  endfacet
  facet normal 0.935906 -0.35225 0
    outer loop
      vertex -7.11387 2.94666 1
      vertex -7.29136 2.47508 30
      vertex -7.29136 2.47508 1
    endloop
  endfacet
  facet normal 0.582486 0.812841 -0
    outer loop
      vertex -4.27789 -6.40232 1
      vertex -4.68746 -6.10882 30
      vertex -4.27789 -6.40232 30
    endloop
  endfacet
  facet normal 0.582486 0.812841 0
    outer loop
      vertex -4.68746 -6.10882 30
      vertex -4.27789 -6.40232 1
      vertex -4.68746 -6.10882 1
    endloop
  endfacet
  facet normal -0.683598 0.729859 0
    outer loop
      vertex 5.44472 -5.44472 1
      vertex 5.07696 -5.78917 30
      vertex 5.44472 -5.44472 30
    endloop
  endfacet
  facet normal -0.683598 0.729859 0
    outer loop
      vertex 5.07696 -5.78917 30
      vertex 5.44472 -5.44472 1
      vertex 5.07696 -5.78917 1
    endloop
  endfacet
  facet normal -0.973876 0.227081 0
    outer loop
      vertex 7.43763 -1.99291 1
      vertex 7.55205 -1.5022 30
      vertex 7.55205 -1.5022 1
    endloop
  endfacet
  facet normal -0.973876 0.227081 0
    outer loop
      vertex 7.55205 -1.5022 30
      vertex 7.43763 -1.99291 1
      vertex 7.43763 -1.99291 30
    endloop
  endfacet
  facet normal 0.683598 0.729859 -0
    outer loop
      vertex -5.07696 -5.78917 1
      vertex -5.44472 -5.44472 30
      vertex -5.07696 -5.78917 30
    endloop
  endfacet
  facet normal 0.683598 0.729859 0
    outer loop
      vertex -5.44472 -5.44472 30
      vertex -5.07696 -5.78917 1
      vertex -5.44472 -5.44472 1
    endloop
  endfacet
  facet normal 0.634388 0.773015 -0
    outer loop
      vertex -4.68746 -6.10882 1
      vertex -5.07696 -5.78917 30
      vertex -4.68746 -6.10882 30
    endloop
  endfacet
  facet normal 0.634388 0.773015 0
    outer loop
      vertex -5.07696 -5.78917 30
      vertex -4.68746 -6.10882 1
      vertex -5.07696 -5.78917 1
    endloop
  endfacet
  facet normal 0.881926 0.471387 0
    outer loop
      vertex -6.6684 -3.85 30
      vertex -6.90592 -3.40562 1
      vertex -6.90592 -3.40562 30
    endloop
  endfacet
  facet normal 0.881926 0.471387 0
    outer loop
      vertex -6.90592 -3.40562 1
      vertex -6.6684 -3.85 30
      vertex -6.6684 -3.85 1
    endloop
  endfacet
  facet normal 0 0 -1
    outer loop
      vertex 7.68351 -0.503604 30
      vertex 7.68351 0.503604 30
      vertex 7.7 3.16931e-15 30
    endloop
  endfacet
  facet normal 0 0 -1
    outer loop
      vertex 7.63412 -1.00505 30
      vertex 7.68351 0.503604 30
      vertex 7.68351 -0.503604 30
    endloop
  endfacet
  facet normal 0 0 -1
    outer loop
      vertex 7.63412 -1.00505 30
      vertex 7.63412 1.00505 30
      vertex 7.68351 0.503604 30
    endloop
  endfacet
  facet normal 0 0 -1
    outer loop
      vertex 7.55205 -1.5022 30
      vertex 7.63412 1.00505 30
      vertex 7.63412 -1.00505 30
    endloop
  endfacet
  facet normal 0 0 -1
    outer loop
      vertex 7.55205 -1.5022 30
      vertex 7.55205 1.5022 30
      vertex 7.63412 1.00505 30
    endloop
  endfacet
  facet normal 0 0 -1
    outer loop
      vertex 7.43763 -1.99291 30
      vertex 7.55205 1.5022 30
      vertex 7.55205 -1.5022 30
    endloop
  endfacet
  facet normal 0 0 -1
    outer loop
      vertex 7.43763 -1.99291 30
      vertex 7.43763 1.99291 30
      vertex 7.55205 1.5022 30
    endloop
  endfacet
  facet normal 0 0 -1
    outer loop
      vertex 7.29136 -2.47508 30
      vertex 7.43763 1.99291 30
      vertex 7.43763 -1.99291 30
    endloop
  endfacet
  facet normal 0 0 -1
    outer loop
      vertex 7.29136 -2.47508 30
      vertex 7.29136 2.47508 30
      vertex 7.43763 1.99291 30
    endloop
  endfacet
  facet normal 0 0 -1
    outer loop
      vertex 7.11387 -2.94666 30
      vertex 7.29136 2.47508 30
      vertex 7.29136 -2.47508 30
    endloop
  endfacet
  facet normal 0 0 -1
    outer loop
      vertex 7.11387 -2.94666 30
      vertex 7.11387 2.94666 30
      vertex 7.29136 2.47508 30
    endloop
  endfacet
  facet normal 0 0 -1
    outer loop
      vertex 6.90592 -3.40562 30
      vertex 7.11387 2.94666 30
      vertex 7.11387 -2.94666 30
    endloop
  endfacet
  facet normal 0 0 -1
    outer loop
      vertex 6.90592 -3.40562 30
      vertex 6.90592 3.40562 30
      vertex 7.11387 2.94666 30
    endloop
  endfacet
  facet normal 0 0 -1
    outer loop
      vertex 6.6684 -3.85 30
      vertex 6.90592 3.40562 30
      vertex 6.90592 -3.40562 30
    endloop
  endfacet
  facet normal 0 0 -1
    outer loop
      vertex 6.6684 -3.85 30
      vertex 6.6684 3.85 30
      vertex 6.90592 3.40562 30
    endloop
  endfacet
  facet normal 0 0 -1
    outer loop
      vertex 6.40232 -4.27789 30
      vertex 6.6684 3.85 30
      vertex 6.6684 -3.85 30
    endloop
  endfacet
  facet normal 0 0 -1
    outer loop
      vertex 6.40232 -4.27789 30
      vertex 6.40232 4.27789 30
      vertex 6.6684 3.85 30
    endloop
  endfacet
  facet normal 0 0 -1
    outer loop
      vertex 6.10882 -4.68746 30
      vertex 6.40232 4.27789 30
      vertex 6.40232 -4.27789 30
    endloop
  endfacet
  facet normal 0 0 -1
    outer loop
      vertex 6.10882 -4.68746 30
      vertex 6.10882 4.68746 30
      vertex 6.40232 4.27789 30
    endloop
  endfacet
  facet normal 0 0 -1
    outer loop
      vertex 5.78917 -5.07696 30
      vertex 6.10882 4.68746 30
      vertex 6.10882 -4.68746 30
    endloop
  endfacet
  facet normal 0 0 -1
    outer loop
      vertex 5.78917 -5.07696 30
      vertex 5.78917 5.07696 30
      vertex 6.10882 4.68746 30
    endloop
  endfacet
  facet normal 0 0 -1
    outer loop
      vertex 5.44472 -5.44472 30
      vertex 5.78917 5.07696 30
      vertex 5.78917 -5.07696 30
    endloop
  endfacet
  facet normal 0 0 -1
    outer loop
      vertex 5.44472 -5.44472 30
      vertex 5.44472 5.44472 30
      vertex 5.78917 5.07696 30
    endloop
  endfacet
  facet normal 0 0 -1
    outer loop
      vertex 5.07696 -5.78917 30
      vertex 5.44472 5.44472 30
      vertex 5.44472 -5.44472 30
    endloop
  endfacet
  facet normal 0 0 -1
    outer loop
      vertex 5.07696 -5.78917 30
      vertex 5.07696 5.78917 30
      vertex 5.44472 5.44472 30
    endloop
  endfacet
  facet normal 0 0 -1
    outer loop
      vertex 4.68746 -6.10882 30
      vertex 5.07696 5.78917 30
      vertex 5.07696 -5.78917 30
    endloop
  endfacet
  facet normal 0 0 -1
    outer loop
      vertex 4.68746 -6.10882 30
      vertex 4.68746 6.10882 30
      vertex 5.07696 5.78917 30
    endloop
  endfacet
  facet normal 0 0 -1
    outer loop
      vertex 4.27789 -6.40232 30
      vertex 4.68746 6.10882 30
      vertex 4.68746 -6.10882 30
    endloop
  endfacet
  facet normal 0 0 -1
    outer loop
      vertex 4.27789 -6.40232 30
      vertex 4.27789 6.40232 30
      vertex 4.68746 6.10882 30
    endloop
  endfacet
  facet normal 0 0 -1
    outer loop
      vertex 3.85 -6.6684 30
      vertex 4.27789 6.40232 30
      vertex 4.27789 -6.40232 30
    endloop
  endfacet
  facet normal 0 0 -1
    outer loop
      vertex 3.85 -6.6684 30
      vertex 3.85 6.6684 30
      vertex 4.27789 6.40232 30
    endloop
  endfacet
  facet normal 0 0 -1
    outer loop
      vertex 3.40562 -6.90592 30
      vertex 3.85 6.6684 30
      vertex 3.85 -6.6684 30
    endloop
  endfacet
  facet normal 0 0 -1
    outer loop
      vertex 3.40562 -6.90592 30
      vertex 3.40562 6.90592 30
      vertex 3.85 6.6684 30
    endloop
  endfacet
  facet normal 0 0 -1
    outer loop
      vertex 2.94666 -7.11387 30
      vertex 3.40562 6.90592 30
      vertex 3.40562 -6.90592 30
    endloop
  endfacet
  facet normal 0 0 -1
    outer loop
      vertex 2.94666 -7.11387 30
      vertex 2.94666 7.11387 30
      vertex 3.40562 6.90592 30
    endloop
  endfacet
  facet normal 0 0 -1
    outer loop
      vertex 2.47508 -7.29136 30
      vertex 2.94666 7.11387 30
      vertex 2.94666 -7.11387 30
    endloop
  endfacet
  facet normal 0 0 -1
    outer loop
      vertex 2.47508 -7.29136 30
      vertex 2.47508 7.29136 30
      vertex 2.94666 7.11387 30
    endloop
  endfacet
  facet normal 0 0 -1
    outer loop
      vertex 1.99291 -7.43763 30
      vertex 2.47508 7.29136 30
      vertex 2.47508 -7.29136 30
    endloop
  endfacet
  facet normal 0 0 -1
    outer loop
      vertex 1.99291 -7.43763 30
      vertex 1.99291 7.43763 30
      vertex 2.47508 7.29136 30
    endloop
  endfacet
  facet normal 0 0 -1
    outer loop
      vertex 1.5022 -7.55205 30
      vertex 1.99291 7.43763 30
      vertex 1.99291 -7.43763 30
    endloop
  endfacet
  facet normal 0 0 -1
    outer loop
      vertex 1.5022 -7.55205 30
      vertex 1.5022 7.55205 30
      vertex 1.99291 7.43763 30
    endloop
  endfacet
  facet normal 0 0 -1
    outer loop
      vertex 1.00505 -7.63412 30
      vertex 1.5022 7.55205 30
      vertex 1.5022 -7.55205 30
    endloop
  endfacet
  facet normal 0 0 -1
    outer loop
      vertex 1.00505 -7.63412 30
      vertex 1.00505 7.63412 30
      vertex 1.5022 7.55205 30
    endloop
  endfacet
  facet normal 0 0 -1
    outer loop
      vertex 0.503604 -7.68351 30
      vertex 1.00505 7.63412 30
      vertex 1.00505 -7.63412 30
    endloop
  endfacet
  facet normal 0 0 -1
    outer loop
      vertex 0.503604 -7.68351 30
      vertex 0.503604 7.68351 30
      vertex 1.00505 7.63412 30
    endloop
  endfacet
  facet normal 0 0 -1
    outer loop
      vertex -3.08254e-15 -7.7 30
      vertex 0.503604 7.68351 30
      vertex 0.503604 -7.68351 30
    endloop
  endfacet
  facet normal 0 0 -1
    outer loop
      vertex -3.08254e-15 -7.7 30
      vertex -3.89162e-15 7.7 30
      vertex 0.503604 7.68351 30
    endloop
  endfacet
  facet normal 0 0 -1
    outer loop
      vertex -0.503604 -7.68351 30
      vertex -3.89162e-15 7.7 30
      vertex -3.08254e-15 -7.7 30
    endloop
  endfacet
  facet normal 0 0 -1
    outer loop
      vertex -0.503604 -7.68351 30
      vertex -0.503604 7.68351 30
      vertex -3.89162e-15 7.7 30
    endloop
  endfacet
  facet normal 0 0 -1
    outer loop
      vertex -1.00505 -7.63412 30
      vertex -0.503604 7.68351 30
      vertex -0.503604 -7.68351 30
    endloop
  endfacet
  facet normal 0 0 -1
    outer loop
      vertex -1.00505 -7.63412 30
      vertex -1.00505 7.63412 30
      vertex -0.503604 7.68351 30
    endloop
  endfacet
  facet normal 0 0 -1
    outer loop
      vertex -1.5022 -7.55205 30
      vertex -1.00505 7.63412 30
      vertex -1.00505 -7.63412 30
    endloop
  endfacet
  facet normal 0 0 -1
    outer loop
      vertex -1.5022 -7.55205 30
      vertex -1.5022 7.55205 30
      vertex -1.00505 7.63412 30
    endloop
  endfacet
  facet normal 0 0 -1
    outer loop
      vertex -1.99291 -7.43763 30
      vertex -1.5022 7.55205 30
      vertex -1.5022 -7.55205 30
    endloop
  endfacet
  facet normal 0 0 -1
    outer loop
      vertex -1.99291 -7.43763 30
      vertex -1.99291 7.43763 30
      vertex -1.5022 7.55205 30
    endloop
  endfacet
  facet normal 0 0 -1
    outer loop
      vertex -2.47508 -7.29136 30
      vertex -1.99291 7.43763 30
      vertex -1.99291 -7.43763 30
    endloop
  endfacet
  facet normal 0 0 -1
    outer loop
      vertex -2.47508 -7.29136 30
      vertex -2.47508 7.29136 30
      vertex -1.99291 7.43763 30
    endloop
  endfacet
  facet normal 0 0 -1
    outer loop
      vertex -2.94666 -7.11387 30
      vertex -2.47508 7.29136 30
      vertex -2.47508 -7.29136 30
    endloop
  endfacet
  facet normal 0 0 -1
    outer loop
      vertex -2.94666 -7.11387 30
      vertex -2.94666 7.11387 30
      vertex -2.47508 7.29136 30
    endloop
  endfacet
  facet normal 0 0 -1
    outer loop
      vertex -3.40562 -6.90592 30
      vertex -2.94666 7.11387 30
      vertex -2.94666 -7.11387 30
    endloop
  endfacet
  facet normal 0 0 -1
    outer loop
      vertex -3.40562 -6.90592 30
      vertex -3.40562 6.90592 30
      vertex -2.94666 7.11387 30
    endloop
  endfacet
  facet normal 0 0 -1
    outer loop
      vertex -3.85 -6.6684 30
      vertex -3.40562 6.90592 30
      vertex -3.40562 -6.90592 30
    endloop
  endfacet
  facet normal 0 0 -1
    outer loop
      vertex -3.85 -6.6684 30
      vertex -3.85 6.6684 30
      vertex -3.40562 6.90592 30
    endloop
  endfacet
  facet normal 0 0 -1
    outer loop
      vertex -4.27789 -6.40232 30
      vertex -3.85 6.6684 30
      vertex -3.85 -6.6684 30
    endloop
  endfacet
  facet normal 0 0 -1
    outer loop
      vertex -4.27789 -6.40232 30
      vertex -4.27789 6.40232 30
      vertex -3.85 6.6684 30
    endloop
  endfacet
  facet normal 0 0 -1
    outer loop
      vertex -4.68746 -6.10882 30
      vertex -4.27789 6.40232 30
      vertex -4.27789 -6.40232 30
    endloop
  endfacet
  facet normal 0 0 -1
    outer loop
      vertex -4.68746 -6.10882 30
      vertex -4.68746 6.10882 30
      vertex -4.27789 6.40232 30
    endloop
  endfacet
  facet normal 0 0 -1
    outer loop
      vertex -5.07696 -5.78917 30
      vertex -4.68746 6.10882 30
      vertex -4.68746 -6.10882 30
    endloop
  endfacet
  facet normal 0 0 -1
    outer loop
      vertex -5.07696 -5.78917 30
      vertex -5.07696 5.78917 30
      vertex -4.68746 6.10882 30
    endloop
  endfacet
  facet normal 0 0 -1
    outer loop
      vertex -5.44472 -5.44472 30
      vertex -5.07696 5.78917 30
      vertex -5.07696 -5.78917 30
    endloop
  endfacet
  facet normal 0 0 -1
    outer loop
      vertex -5.44472 -5.44472 30
      vertex -5.44472 5.44472 30
      vertex -5.07696 5.78917 30
    endloop
  endfacet
  facet normal 0 0 -1
    outer loop
      vertex -5.78917 -5.07696 30
      vertex -5.44472 5.44472 30
      vertex -5.44472 -5.44472 30
    endloop
  endfacet
  facet normal 0 0 -1
    outer loop
      vertex -5.78917 -5.07696 30
      vertex -5.78917 5.07696 30
      vertex -5.44472 5.44472 30
    endloop
  endfacet
  facet normal 0 0 -1
    outer loop
      vertex -6.10882 -4.68746 30
      vertex -5.78917 5.07696 30
      vertex -5.78917 -5.07696 30
    endloop
  endfacet
  facet normal 0 0 -1
    outer loop
      vertex -6.10882 -4.68746 30
      vertex -6.10882 4.68746 30
      vertex -5.78917 5.07696 30
    endloop
  endfacet
  facet normal 0 0 -1
    outer loop
      vertex -6.40232 -4.27789 30
      vertex -6.10882 4.68746 30
      vertex -6.10882 -4.68746 30
    endloop
  endfacet
  facet normal 0 0 -1
    outer loop
      vertex -6.40232 -4.27789 30
      vertex -6.40232 4.27789 30
      vertex -6.10882 4.68746 30
    endloop
  endfacet
  facet normal 0 0 -1
    outer loop
      vertex -6.6684 -3.85 30
      vertex -6.40232 4.27789 30
      vertex -6.40232 -4.27789 30
    endloop
  endfacet
  facet normal 0 0 -1
    outer loop
      vertex -6.6684 -3.85 30
      vertex -6.6684 3.85 30
      vertex -6.40232 4.27789 30
    endloop
  endfacet
  facet normal 0 0 -1
    outer loop
      vertex -6.90592 -3.40562 30
      vertex -6.6684 3.85 30
      vertex -6.6684 -3.85 30
    endloop
  endfacet
  facet normal 0 0 -1
    outer loop
      vertex -6.90592 -3.40562 30
      vertex -6.90592 3.40562 30
      vertex -6.6684 3.85 30
    endloop
  endfacet
  facet normal 0 0 -1
    outer loop
      vertex -7.11387 -2.94666 30
      vertex -6.90592 3.40562 30
      vertex -6.90592 -3.40562 30
    endloop
  endfacet
  facet normal 0 0 -1
    outer loop
      vertex -7.11387 -2.94666 30
      vertex -7.11387 2.94666 30
      vertex -6.90592 3.40562 30
    endloop
  endfacet
  facet normal 0 0 -1
    outer loop
      vertex -7.29136 -2.47508 30
      vertex -7.11387 2.94666 30
      vertex -7.11387 -2.94666 30
    endloop
  endfacet
  facet normal 0 0 -1
    outer loop
      vertex -7.29136 -2.47508 30
      vertex -7.29136 2.47508 30
      vertex -7.11387 2.94666 30
    endloop
  endfacet
  facet normal 0 0 -1
    outer loop
      vertex -7.43763 -1.99291 30
      vertex -7.29136 2.47508 30
      vertex -7.29136 -2.47508 30
    endloop
  endfacet
  facet normal 0 0 -1
    outer loop
      vertex -7.43763 -1.99291 30
      vertex -7.43763 1.99291 30
      vertex -7.29136 2.47508 30
    endloop
  endfacet
  facet normal 0 0 -1
    outer loop
      vertex -7.55205 -1.5022 30
      vertex -7.43763 1.99291 30
      vertex -7.43763 -1.99291 30
    endloop
  endfacet
  facet normal 0 0 -1
    outer loop
      vertex -7.55205 -1.5022 30
      vertex -7.55205 1.5022 30
      vertex -7.43763 1.99291 30
    endloop
  endfacet
  facet normal 0 0 -1
    outer loop
      vertex -7.63412 -1.00505 30
      vertex -7.55205 1.5022 30
      vertex -7.55205 -1.5022 30
    endloop
  endfacet
  facet normal 0 0 -1
    outer loop
      vertex -7.63412 -1.00505 30
      vertex -7.63412 1.00505 30
      vertex -7.55205 1.5022 30
    endloop
  endfacet
  facet normal 0 0 -1
    outer loop
      vertex -7.68351 -0.503604 30
      vertex -7.63412 1.00505 30
      vertex -7.63412 -1.00505 30
    endloop
  endfacet
  facet normal 0 0 -1
    outer loop
      vertex -7.68351 -0.503604 30
      vertex -7.68351 0.503604 30
      vertex -7.63412 1.00505 30
    endloop
  endfacet
  facet normal 0 -0 -1
    outer loop
      vertex -7.68351 0.503604 30
      vertex -7.68351 -0.503604 30
      vertex -7.7 2.69077e-15 30
    endloop
  endfacet
  facet normal 0.471387 0.881926 -0
    outer loop
      vertex -3.40562 -6.90592 1
      vertex -3.85 -6.6684 30
      vertex -3.40562 -6.90592 30
    endloop
  endfacet
  facet normal 0.471387 0.881926 0
    outer loop
      vertex -3.85 -6.6684 30
      vertex -3.40562 -6.90592 1
      vertex -3.85 -6.6684 1
    endloop
  endfacet
  facet normal -0.706917 -0.0231369 -0.706918
    outer loop
      vertex 8.7 2.70343e-16 2.35592e-07
      vertex 7.7 3.36937e-16 1
      vertex 8.68154 0.564021 2.40787e-07
    endloop
  endfacet
  facet normal -0.333216 -0.623893 -0.706912
    outer loop
      vertex 3.85 6.6684 1
      vertex 4.3456 7.53677 2.77316e-07
      vertex 4.35 7.53442 2.77323e-07
    endloop
  endfacet
  facet normal -0.333412 -0.623785 -0.706915
    outer loop
      vertex 4.3456 7.53677 2.77316e-07
      vertex 3.85 6.6684 1
      vertex 3.40562 6.90592 1
    endloop
  endfacet
  facet normal -0.644246 0.291917 -0.706917
    outer loop
      vertex 6.90592 -3.40562 1
      vertex 8.00941 -3.39191 2.16304e-07
      vertex 7.80279 -3.84791 2.2324e-07
    endloop
  endfacet
  facet normal -0.644266 0.291818 -0.70694
    outer loop
      vertex 8.00941 -3.39191 2.16304e-07
      vertex 6.90592 -3.40562 1
      vertex 8.03569 -3.33389 2.16633e-07
    endloop
  endfacet
  facet normal -0.114673 -0.697949 -0.706907
    outer loop
      vertex 1.5022 7.55205 1
      vertex 1.69236 8.53364 2.68826e-07
      vertex 1.69729 8.53283 2.68852e-07
    endloop
  endfacet
  facet normal -0.115202 -0.697854 -0.706914
    outer loop
      vertex 1.69236 8.53364 2.68826e-07
      vertex 1.5022 7.55205 1
      vertex 1.00505 7.63412 1
    endloop
  endfacet
  facet normal 0.644251 0.291907 -0.706917
    outer loop
      vertex -6.90592 -3.40562 1
      vertex -7.80279 -3.84791 1.04948e-07
      vertex -8.03569 -3.33389 1.04613e-07
    endloop
  endfacet
  facet normal -0.546749 -0.4487 -0.706918
    outer loop
      vertex 6.89901 5.30008 2.73438e-07
      vertex 5.78917 5.07696 1
      vertex 6.54101 5.73631 2.75138e-07
    endloop
  endfacet
  facet normal 0.0231369 -0.706917 -0.706918
    outer loop
      vertex -4.57078e-16 8.7 3.10134e-07
      vertex -5.20776e-16 7.7 1
      vertex -0.564021 8.68154 3.26206e-07
    endloop
  endfacet
  facet normal -0.644251 -0.291907 -0.706917
    outer loop
      vertex 8.03569 3.33389 2.62557e-07
      vertex 6.90592 3.40562 1
      vertex 7.80279 3.84791 2.65835e-07
    endloop
  endfacet
  facet normal 0.574919 0.41199 -0.706917
    outer loop
      vertex -7.23088 -4.83752 1.06455e-07
      vertex -6.40232 -4.27789 1
      vertex -6.10882 -4.68746 1
    endloop
  endfacet
  facet normal 0.574881 0.412045 -0.706916
    outer loop
      vertex -6.40232 -4.27789 1
      vertex -7.23088 -4.83752 1.06455e-07
      vertex -7.23379 -4.83346 1.06445e-07
    endloop
  endfacet
  facet normal 0.115221 -0.697846 -0.706919
    outer loop
      vertex -1.13558 8.62557 3.40092e-07
      vertex -1.00505 7.63412 1
      vertex -1.69236 8.53364 3.51207e-07
    endloop
  endfacet
  facet normal -0.574918 -0.411993 -0.706916
    outer loop
      vertex 7.23088 4.83752 2.71313e-07
      vertex 6.10882 4.68746 1
      vertex 6.90217 5.29622 2.73423e-07
    endloop
  endfacet
  facet normal 0.706917 0.0231369 -0.706918
    outer loop
      vertex -7.7 -1.41601e-16 1
      vertex -8.68154 -0.564021 1.13061e-07
      vertex -8.7 -2.70343e-16 1.18257e-07
    endloop
  endfacet
  facet normal -0.411993 0.574918 -0.706916
    outer loop
      vertex 5.29622 -6.90217 2.37002e-07
      vertex 4.83752 -7.23088 2.32981e-07
      vertex 4.68746 -6.10882 1
    endloop
  endfacet
  facet normal 0.249144 -0.661961 -0.706919
    outer loop
      vertex -2.94666 7.11387 1
      vertex -3.32468 8.03951 3.69313e-07
      vertex -2.47508 7.29136 1
    endloop
  endfacet
  facet normal 0.249433 -0.661848 -0.706924
    outer loop
      vertex -3.32468 8.03951 3.69313e-07
      vertex -2.94666 7.11387 1
      vertex -3.32935 8.03775 3.69343e-07
    endloop
  endfacet
  facet normal -0.160615 -0.68882 -0.706916
    outer loop
      vertex 2.25173 8.40355 2.71371e-07
      vertex 1.99291 7.43763 1
      vertex 1.70214 8.5317 2.68874e-07
    endloop
  endfacet
  facet normal 0.697839 0.115237 -0.706924
    outer loop
      vertex -8.57726 -1.42821 1.05614e-07
      vertex -7.63412 -1.00505 1
      vertex -8.53364 -1.69236 1.05256e-07
    endloop
  endfacet
  facet normal 0.697848 0.115207 -0.70692
    outer loop
      vertex -7.63412 -1.00505 1
      vertex -8.57726 -1.42821 1.05614e-07
      vertex -8.62557 -1.13558 1.08048e-07
    endloop
  endfacet
  facet normal -0.4487 -0.546749 -0.706918
    outer loop
      vertex 4.68746 6.10882 1
      vertex 5.30008 6.89901 2.77737e-07
      vertex 5.07696 5.78917 1
    endloop
  endfacet
  facet normal -0.448033 -0.547281 -0.70693
    outer loop
      vertex 5.30008 6.89901 2.77737e-07
      vertex 4.68746 6.10882 1
      vertex 5.29622 6.90217 2.7774e-07
    endloop
  endfacet
  facet normal -0.70389 -0.0693233 -0.706918
    outer loop
      vertex 8.68137 0.569007 2.40833e-07
      vertex 7.68351 0.503604 1
      vertex 8.62606 1.13061 2.45757e-07
    endloop
  endfacet
  facet normal 0.0693233 -0.70389 -0.706918
    outer loop
      vertex -0.569007 8.68137 3.26348e-07
      vertex -0.503604 7.68351 1
      vertex -1.13061 8.62606 3.39971e-07
    endloop
  endfacet
  facet normal -0.516227 0.483503 -0.706919
    outer loop
      vertex 6.5376 -5.73995 2.40139e-07
      vertex 6.15183 -6.15183 2.40604e-07
      vertex 5.44472 -5.44472 1
    endloop
  endfacet
  facet normal -0.574918 0.411993 -0.706916
    outer loop
      vertex 6.90217 -5.29622 2.38151e-07
      vertex 6.10882 -4.68746 1
      vertex 7.23088 -4.83752 2.34694e-07
    endloop
  endfacet
  facet normal 0.706917 -0.0231369 -0.706918
    outer loop
      vertex -7.7 -1.41601e-16 1
      vertex -8.7 -2.70343e-16 1.18257e-07
      vertex -8.68154 0.564021 1.23701e-07
    endloop
  endfacet
  facet normal -0.676838 -0.205325 -0.706918
    outer loop
      vertex 8.40211 2.2565 2.54866e-07
      vertex 7.29136 2.47508 1
      vertex 8.23829 2.79652 2.58855e-07
    endloop
  endfacet
  facet normal -0.483503 -0.516227 -0.706919
    outer loop
      vertex 6.15183 6.15183 2.76433e-07
      vertex 5.44472 5.44472 1
      vertex 5.73995 6.5376 2.77294e-07
    endloop
  endfacet
  facet normal 0.62378 -0.333416 -0.706917
    outer loop
      vertex -6.90592 3.40562 1
      vertex -7.80279 3.84791 2.44505e-07
      vertex -7.53677 4.3456 2.61e-07
    endloop
  endfacet
  facet normal -0.249433 -0.661848 -0.706924
    outer loop
      vertex 2.94666 7.11387 1
      vertex 3.32468 8.03951 2.75173e-07
      vertex 3.32935 8.03775 2.75188e-07
    endloop
  endfacet
  facet normal -0.249144 -0.661961 -0.706919
    outer loop
      vertex 3.32468 8.03951 2.75173e-07
      vertex 2.94666 7.11387 1
      vertex 2.47508 7.29136 1
    endloop
  endfacet
  facet normal -0.412045 0.574881 -0.706916
    outer loop
      vertex 4.27789 -6.40232 1
      vertex 4.83752 -7.23088 2.32981e-07
      vertex 4.83346 -7.23379 2.32945e-07
    endloop
  endfacet
  facet normal -0.41199 0.574919 -0.706917
    outer loop
      vertex 4.83752 -7.23088 2.32981e-07
      vertex 4.27789 -6.40232 1
      vertex 4.68746 -6.10882 1
    endloop
  endfacet
  facet normal 0.68882 -0.160615 -0.706916
    outer loop
      vertex -7.43763 1.99291 1
      vertex -8.5317 1.70214 1.65272e-07
      vertex -8.40355 2.25173 1.86702e-07
    endloop
  endfacet
  facet normal 0.676838 -0.205325 -0.706918
    outer loop
      vertex -7.29136 2.47508 1
      vertex -8.40211 2.2565 1.86882e-07
      vertex -8.23829 2.79652 2.07203e-07
    endloop
  endfacet
  facet normal 0.0693233 0.70389 -0.706918
    outer loop
      vertex -0.503604 -7.68351 1
      vertex -0.569007 -8.68137 1.43257e-07
      vertex -1.13061 -8.62606 1.39481e-07
    endloop
  endfacet
  facet normal -0.411993 -0.574918 -0.706916
    outer loop
      vertex 5.29622 6.90217 2.7774e-07
      vertex 4.68746 6.10882 1
      vertex 4.83752 7.23088 2.77748e-07
    endloop
  endfacet
  facet normal -0.547281 0.448033 -0.70693
    outer loop
      vertex 6.89901 -5.30008 2.38169e-07
      vertex 6.10882 -4.68746 1
      vertex 6.90217 -5.29622 2.38151e-07
    endloop
  endfacet
  facet normal -0.546749 0.4487 -0.706918
    outer loop
      vertex 6.10882 -4.68746 1
      vertex 6.89901 -5.30008 2.38169e-07
      vertex 5.78917 -5.07696 1
    endloop
  endfacet
  facet normal 0.600636 -0.373505 -0.706917
    outer loop
      vertex -6.6684 3.85 1
      vertex -7.49815 4.40833 2.6298e-07
      vertex -7.23642 4.82922 2.821e-07
    endloop
  endfacet
  facet normal 0.600647 -0.373487 -0.706916
    outer loop
      vertex -7.49815 4.40833 2.6298e-07
      vertex -6.6684 3.85 1
      vertex -7.53442 4.35 2.61146e-07
    endloop
  endfacet
  facet normal -0.547281 -0.448033 -0.70693
    outer loop
      vertex 6.10882 4.68746 1
      vertex 6.89901 5.30008 2.73438e-07
      vertex 6.90217 5.29622 2.73423e-07
    endloop
  endfacet
  facet normal -0.546749 -0.4487 -0.706918
    outer loop
      vertex 6.89901 5.30008 2.73438e-07
      vertex 6.10882 4.68746 1
      vertex 5.78917 5.07696 1
    endloop
  endfacet
  facet normal 0.4487 0.546749 -0.706918
    outer loop
      vertex -5.07696 -5.78917 1
      vertex -5.30008 -6.89901 1.14747e-07
      vertex -5.73631 -6.54101 1.12604e-07
    endloop
  endfacet
  facet normal 0.600638 -0.373502 -0.706916
    outer loop
      vertex -7.23642 4.82922 2.821e-07
      vertex -6.40232 4.27789 1
      vertex -6.6684 3.85 1
    endloop
  endfacet
  facet normal 0.601068 -0.372832 -0.706904
    outer loop
      vertex -6.40232 4.27789 1
      vertex -7.23642 4.82922 2.821e-07
      vertex -7.23379 4.83346 2.82293e-07
    endloop
  endfacet
  facet normal -0.291904 -0.644251 -0.706918
    outer loop
      vertex 2.94666 7.11387 1
      vertex 3.33389 8.03569 2.75199e-07
      vertex 3.40562 6.90592 1
    endloop
  endfacet
  facet normal -0.292256 -0.644097 -0.706912
    outer loop
      vertex 3.33389 8.03569 2.75199e-07
      vertex 2.94666 7.11387 1
      vertex 3.32935 8.03775 2.75188e-07
    endloop
  endfacet
  facet normal -0.249139 -0.661965 -0.706918
    outer loop
      vertex 3.32468 8.03951 2.75173e-07
      vertex 2.47508 7.29136 1
      vertex 2.79652 8.23829 2.73486e-07
    endloop
  endfacet
  facet normal 0.4487 -0.546749 -0.706918
    outer loop
      vertex -5.07696 5.78917 1
      vertex -5.73631 6.54101 3.46529e-07
      vertex -5.30008 6.89901 3.56255e-07
    endloop
  endfacet
  facet normal -0.62378 -0.333416 -0.706917
    outer loop
      vertex 7.80279 3.84791 2.65835e-07
      vertex 6.90592 3.40562 1
      vertex 7.53677 4.3456 2.68736e-07
    endloop
  endfacet
  facet normal -0.697854 -0.115202 -0.706914
    outer loop
      vertex 7.55205 1.5022 1
      vertex 8.53364 1.69236 2.50432e-07
      vertex 7.63412 1.00505 1
    endloop
  endfacet
  facet normal -0.697949 -0.114673 -0.706907
    outer loop
      vertex 8.53364 1.69236 2.50432e-07
      vertex 7.55205 1.5022 1
      vertex 8.53283 1.69729 2.50473e-07
    endloop
  endfacet
  facet normal 0.373502 -0.600638 -0.706916
    outer loop
      vertex -4.27789 6.40232 1
      vertex -4.82922 7.23642 3.63594e-07
      vertex -3.85 6.6684 1
    endloop
  endfacet
  facet normal 0.372832 -0.601068 -0.706904
    outer loop
      vertex -4.82922 7.23642 3.63594e-07
      vertex -4.27789 6.40232 1
      vertex -4.83346 7.23379 3.63553e-07
    endloop
  endfacet
  facet normal -0.333416 0.62378 -0.706917
    outer loop
      vertex 4.3456 -7.53677 2.27345e-07
      vertex 3.84791 -7.80279 2.20408e-07
      vertex 3.40562 -6.90592 1
    endloop
  endfacet
  facet normal -0.0241011 -0.706869 -0.706933
    outer loop
      vertex 0.503604 7.68351 1
      vertex 0.564021 8.68154 2.92438e-07
      vertex 0.569007 8.68137 2.92334e-07
    endloop
  endfacet
  facet normal -0.0231472 -0.706914 -0.70692
    outer loop
      vertex 0.564021 8.68154 2.92438e-07
      vertex 0.503604 7.68351 1
      vertex -5.20776e-16 7.7 1
    endloop
  endfacet
  facet normal 0.516227 0.483503 -0.706919
    outer loop
      vertex -5.44472 -5.44472 1
      vertex -6.15183 -6.15183 1.10683e-07
      vertex -6.5376 -5.73995 1.09026e-07
    endloop
  endfacet
  facet normal -0.706917 0.0231369 -0.706918
    outer loop
      vertex 8.68154 -0.564021 2.30147e-07
      vertex 7.7 3.36937e-16 1
      vertex 8.7 2.70343e-16 2.35592e-07
    endloop
  endfacet
  facet normal 0.204408 0.677101 -0.706931
    outer loop
      vertex -2.2565 -8.40211 1.32195e-07
      vertex -1.99291 -7.43763 1
      vertex -2.25173 -8.40355 1.32224e-07
    endloop
  endfacet
  facet normal 0.205324 0.676838 -0.706918
    outer loop
      vertex -1.99291 -7.43763 1
      vertex -2.2565 -8.40211 1.32195e-07
      vertex -2.47508 -7.29136 1
    endloop
  endfacet
  facet normal 0.291907 -0.644251 -0.706917
    outer loop
      vertex -3.33389 8.03569 3.69349e-07
      vertex -3.40562 6.90592 1
      vertex -3.84791 7.80279 3.70068e-07
    endloop
  endfacet
  facet normal 0.644251 -0.291904 -0.706918
    outer loop
      vertex -7.11387 2.94666 1
      vertex -8.03569 3.33389 2.26656e-07
      vertex -6.90592 3.40562 1
    endloop
  endfacet
  facet normal 0.644098 -0.292256 -0.706912
    outer loop
      vertex -8.03569 3.33389 2.26656e-07
      vertex -7.11387 2.94666 1
      vertex -8.03775 3.32935 2.26498e-07
    endloop
  endfacet
  facet normal 0.546749 -0.4487 -0.706918
    outer loop
      vertex -5.78917 5.07696 1
      vertex -6.89901 5.30008 3.02125e-07
      vertex -6.54101 5.73631 3.19287e-07
    endloop
  endfacet
  facet normal -0.160614 -0.68882 -0.706916
    outer loop
      vertex 1.5022 7.55205 1
      vertex 1.70214 8.5317 2.68874e-07
      vertex 1.99291 7.43763 1
    endloop
  endfacet
  facet normal -0.160494 -0.688846 -0.706918
    outer loop
      vertex 1.70214 8.5317 2.68874e-07
      vertex 1.5022 7.55205 1
      vertex 1.69729 8.53283 2.68852e-07
    endloop
  endfacet
  facet normal 0.448033 0.547281 -0.70693
    outer loop
      vertex -5.30008 -6.89901 1.14747e-07
      vertex -4.68746 -6.10882 1
      vertex -5.29622 -6.90217 1.14766e-07
    endloop
  endfacet
  facet normal 0.4487 0.54675 -0.706918
    outer loop
      vertex -4.68746 -6.10882 1
      vertex -5.30008 -6.89901 1.14747e-07
      vertex -5.07696 -5.78917 1
    endloop
  endfacet
  facet normal 0.54675 0.4487 -0.706918
    outer loop
      vertex -6.89901 -5.30008 1.07609e-07
      vertex -6.10882 -4.68746 1
      vertex -5.78917 -5.07696 1
    endloop
  endfacet
  facet normal 0.547281 0.448033 -0.70693
    outer loop
      vertex -6.10882 -4.68746 1
      vertex -6.89901 -5.30008 1.07609e-07
      vertex -6.90217 -5.29622 1.07597e-07
    endloop
  endfacet
  facet normal 0.333417 0.62378 -0.706917
    outer loop
      vertex -3.40562 -6.90592 1
      vertex -3.84791 -7.80279 1.22604e-07
      vertex -4.3456 -7.53677 1.19802e-07
    endloop
  endfacet
  facet normal -0.205325 -0.676838 -0.706918
    outer loop
      vertex 2.79652 8.23829 2.73486e-07
      vertex 2.47508 7.29136 1
      vertex 2.2565 8.40211 2.7139e-07
    endloop
  endfacet
  facet normal -0.0693966 0.70388 -0.706921
    outer loop
      vertex 1.13061 -8.62606 1.64666e-07
      vertex 1.00505 -7.63412 1
      vertex 1.13558 -8.62557 1.64796e-07
    endloop
  endfacet
  facet normal -0.0693295 0.703888 -0.70692
    outer loop
      vertex 1.00505 -7.63412 1
      vertex 1.13061 -8.62606 1.64666e-07
      vertex 0.503604 -7.68351 1
    endloop
  endfacet
  facet normal 0.516227 -0.483502 -0.706919
    outer loop
      vertex -5.44472 5.44472 1
      vertex -6.5376 5.73995 3.19417e-07
      vertex -6.15183 6.15183 3.3416e-07
    endloop
  endfacet
  facet normal -0.62378 0.333416 -0.706917
    outer loop
      vertex 7.80279 -3.84791 2.2324e-07
      vertex 7.53677 -4.3456 2.29629e-07
      vertex 6.90592 -3.40562 1
    endloop
  endfacet
  facet normal 0.4487 -0.546749 -0.706919
    outer loop
      vertex -5.30008 6.89901 3.56255e-07
      vertex -4.68746 6.10882 1
      vertex -5.07696 5.78917 1
    endloop
  endfacet
  facet normal 0.448033 -0.547281 -0.70693
    outer loop
      vertex -4.68746 6.10882 1
      vertex -5.30008 6.89901 3.56255e-07
      vertex -5.29622 6.90217 3.56341e-07
    endloop
  endfacet
  facet normal -0.688846 -0.160494 -0.706918
    outer loop
      vertex 7.55205 1.5022 1
      vertex 8.5317 1.70214 2.50511e-07
      vertex 8.53283 1.69729 2.50473e-07
    endloop
  endfacet
  facet normal -0.68882 -0.160614 -0.706916
    outer loop
      vertex 8.5317 1.70214 2.50511e-07
      vertex 7.55205 1.5022 1
      vertex 7.43763 1.99291 1
    endloop
  endfacet
  facet normal -0.600638 -0.373502 -0.706916
    outer loop
      vertex 6.40232 4.27789 1
      vertex 7.23642 4.82922 2.71272e-07
      vertex 6.6684 3.85 1
    endloop
  endfacet
  facet normal -0.601068 -0.372832 -0.706904
    outer loop
      vertex 7.23642 4.82922 2.71272e-07
      vertex 6.40232 4.27789 1
      vertex 7.23379 4.83346 2.71294e-07
    endloop
  endfacet
  facet normal -0.372832 -0.601068 -0.706904
    outer loop
      vertex 4.27789 6.40232 1
      vertex 4.82922 7.23642 2.77744e-07
      vertex 4.83346 7.23379 2.77748e-07
    endloop
  endfacet
  facet normal -0.373502 -0.600638 -0.706916
    outer loop
      vertex 4.82922 7.23642 2.77744e-07
      vertex 4.27789 6.40232 1
      vertex 3.85 6.6684 1
    endloop
  endfacet
  facet normal -0.661965 0.249139 -0.706918
    outer loop
      vertex 8.03951 -3.32468 2.16682e-07
      vertex 7.29136 -2.47508 1
      vertex 8.23829 -2.79652 2.19391e-07
    endloop
  endfacet
  facet normal -0.291907 -0.644251 -0.706917
    outer loop
      vertex 3.84791 7.80279 2.76469e-07
      vertex 3.40562 6.90592 1
      vertex 3.33389 8.03569 2.75199e-07
    endloop
  endfacet
  facet normal 0.411993 -0.574918 -0.706916
    outer loop
      vertex -4.83752 7.23088 3.6349e-07
      vertex -4.68746 6.10882 1
      vertex -5.29622 6.90217 3.56341e-07
    endloop
  endfacet
  facet normal 0.600638 0.373503 -0.706916
    outer loop
      vertex -6.6684 -3.85 1
      vertex -7.23642 -4.82922 1.06437e-07
      vertex -7.53442 -4.35 1.05561e-07
    endloop
  endfacet
  facet normal -0.291907 0.644251 -0.706917
    outer loop
      vertex 3.40562 -6.90592 1
      vertex 3.84791 -7.80279 2.20408e-07
      vertex 3.33389 -8.03569 2.12056e-07
    endloop
  endfacet
  facet normal -0.516176 -0.48356 -0.706917
    outer loop
      vertex 5.78917 5.07696 1
      vertex 6.5376 5.73995 2.75149e-07
      vertex 6.54101 5.73631 2.75138e-07
    endloop
  endfacet
  facet normal -0.516226 -0.483505 -0.706918
    outer loop
      vertex 6.5376 5.73995 2.75149e-07
      vertex 5.78917 5.07696 1
      vertex 5.44472 5.44472 1
    endloop
  endfacet
  facet normal -0.205324 -0.676838 -0.706918
    outer loop
      vertex 1.99291 7.43763 1
      vertex 2.2565 8.40211 2.7139e-07
      vertex 2.47508 7.29136 1
    endloop
  endfacet
  facet normal -0.204408 -0.677101 -0.706931
    outer loop
      vertex 2.2565 8.40211 2.7139e-07
      vertex 1.99291 7.43763 1
      vertex 2.25173 8.40355 2.71371e-07
    endloop
  endfacet
  facet normal -0.600638 0.373503 -0.706916
    outer loop
      vertex 7.53442 -4.35 2.29686e-07
      vertex 7.23642 -4.82922 2.3462e-07
      vertex 6.6684 -3.85 1
    endloop
  endfacet
  facet normal 0.574918 -0.411993 -0.706916
    outer loop
      vertex -6.10882 4.68746 1
      vertex -7.23088 4.83752 2.82465e-07
      vertex -6.90217 5.29622 3.01973e-07
    endloop
  endfacet
  facet normal -0.68882 0.160615 -0.706916
    outer loop
      vertex 8.40355 -2.25173 2.21908e-07
      vertex 7.43763 -1.99291 1
      vertex 8.5317 -1.70214 2.24179e-07
    endloop
  endfacet
  facet normal -0.41199 -0.574919 -0.706917
    outer loop
      vertex 4.27789 6.40232 1
      vertex 4.83752 7.23088 2.77748e-07
      vertex 4.68746 6.10882 1
    endloop
  endfacet
  facet normal -0.412045 -0.574881 -0.706916
    outer loop
      vertex 4.83752 7.23088 2.77748e-07
      vertex 4.27789 6.40232 1
      vertex 4.83346 7.23379 2.77748e-07
    endloop
  endfacet
  facet normal 0.249139 -0.661965 -0.706918
    outer loop
      vertex -2.79652 8.23829 3.65962e-07
      vertex -2.47508 7.29136 1
      vertex -3.32468 8.03951 3.69313e-07
    endloop
  endfacet
  facet normal 0.48356 0.516176 -0.706917
    outer loop
      vertex -5.73995 -6.5376 1.12587e-07
      vertex -5.07696 -5.78917 1
      vertex -5.73631 -6.54101 1.12604e-07
    endloop
  endfacet
  facet normal 0.483505 0.516226 -0.706918
    outer loop
      vertex -5.07696 -5.78917 1
      vertex -5.73995 -6.5376 1.12587e-07
      vertex -5.44472 -5.44472 1
    endloop
  endfacet
  facet normal -0.601068 0.372832 -0.706904
    outer loop
      vertex 6.40232 -4.27789 1
      vertex 7.23642 -4.82922 2.3462e-07
      vertex 7.23379 -4.83346 2.34664e-07
    endloop
  endfacet
  facet normal -0.600638 0.373502 -0.706916
    outer loop
      vertex 7.23642 -4.82922 2.3462e-07
      vertex 6.40232 -4.27789 1
      vertex 6.6684 -3.85 1
    endloop
  endfacet
  facet normal -0.483505 -0.516226 -0.706918
    outer loop
      vertex 5.07696 5.78917 1
      vertex 5.73995 6.5376 2.77294e-07
      vertex 5.44472 5.44472 1
    endloop
  endfacet
  facet normal -0.48356 -0.516176 -0.706917
    outer loop
      vertex 5.73995 6.5376 2.77294e-07
      vertex 5.07696 5.78917 1
      vertex 5.73631 6.54101 2.77301e-07
    endloop
  endfacet
  facet normal 0.546749 0.4487 -0.706918
    outer loop
      vertex -5.78917 -5.07696 1
      vertex -6.54101 -5.73631 1.09011e-07
      vertex -6.89901 -5.30008 1.07609e-07
    endloop
  endfacet
  facet normal 0.0231369 0.706917 -0.706918
    outer loop
      vertex 2.88304e-16 -7.7 1
      vertex 4.57078e-16 -8.7 1.47176e-07
      vertex -0.564021 -8.68154 1.43291e-07
    endloop
  endfacet
  facet normal -0.160494 0.688846 -0.706918
    outer loop
      vertex 1.5022 -7.55205 1
      vertex 1.70214 -8.5317 1.78628e-07
      vertex 1.69729 -8.53283 1.78519e-07
    endloop
  endfacet
  facet normal -0.160614 0.68882 -0.706916
    outer loop
      vertex 1.70214 -8.5317 1.78628e-07
      vertex 1.5022 -7.55205 1
      vertex 1.99291 -7.43763 1
    endloop
  endfacet
  facet normal -0.0693233 -0.70389 -0.706918
    outer loop
      vertex 1.13061 8.62606 2.79025e-07
      vertex 0.503604 7.68351 1
      vertex 0.569007 8.68137 2.92334e-07
    endloop
  endfacet
  facet normal -0.292256 0.644098 -0.706912
    outer loop
      vertex 2.94666 -7.11387 1
      vertex 3.33389 -8.03569 2.12056e-07
      vertex 3.32935 -8.03775 2.11982e-07
    endloop
  endfacet
  facet normal -0.291904 0.644251 -0.706918
    outer loop
      vertex 3.33389 -8.03569 2.12056e-07
      vertex 2.94666 -7.11387 1
      vertex 3.40562 -6.90592 1
    endloop
  endfacet
  facet normal -0.661961 -0.249144 -0.706919
    outer loop
      vertex 7.11387 2.94666 1
      vertex 8.03951 3.32468 2.62496e-07
      vertex 7.29136 2.47508 1
    endloop
  endfacet
  facet normal -0.661848 -0.249433 -0.706924
    outer loop
      vertex 8.03951 3.32468 2.62496e-07
      vertex 7.11387 2.94666 1
      vertex 8.03775 3.32935 2.62528e-07
    endloop
  endfacet
  facet normal 0.41199 -0.574919 -0.706917
    outer loop
      vertex -4.83752 7.23088 3.6349e-07
      vertex -4.27789 6.40232 1
      vertex -4.68746 6.10882 1
    endloop
  endfacet
  facet normal 0.412045 -0.574881 -0.706916
    outer loop
      vertex -4.27789 6.40232 1
      vertex -4.83752 7.23088 3.6349e-07
      vertex -4.83346 7.23379 3.63553e-07
    endloop
  endfacet
  facet normal 0.373503 -0.600638 -0.706916
    outer loop
      vertex -4.35 7.53442 3.68136e-07
      vertex -3.85 6.6684 1
      vertex -4.82922 7.23642 3.63594e-07
    endloop
  endfacet
  facet normal 0.483503 -0.516227 -0.706919
    outer loop
      vertex -5.44472 5.44472 1
      vertex -6.15183 6.15183 3.3416e-07
      vertex -5.73995 6.5376 3.46421e-07
    endloop
  endfacet
  facet normal 0.644251 -0.291907 -0.706917
    outer loop
      vertex -6.90592 3.40562 1
      vertex -8.03569 3.33389 2.26656e-07
      vertex -7.80279 3.84791 2.44505e-07
    endloop
  endfacet
  facet normal 0.516226 -0.483505 -0.706918
    outer loop
      vertex -5.78917 5.07696 1
      vertex -6.5376 5.73995 3.19417e-07
      vertex -5.44472 5.44472 1
    endloop
  endfacet
  facet normal 0.516176 -0.48356 -0.706917
    outer loop
      vertex -6.5376 5.73995 3.19417e-07
      vertex -5.78917 5.07696 1
      vertex -6.54101 5.73631 3.19287e-07
    endloop
  endfacet
  facet normal 0.411993 0.574918 -0.706916
    outer loop
      vertex -4.68746 -6.10882 1
      vertex -4.83752 -7.23088 1.1714e-07
      vertex -5.29622 -6.90217 1.14766e-07
    endloop
  endfacet
  facet normal 0.0693295 0.703888 -0.70692
    outer loop
      vertex -1.13061 -8.62606 1.39481e-07
      vertex -1.00505 -7.63412 1
      vertex -0.503604 -7.68351 1
    endloop
  endfacet
  facet normal 0.0693967 0.70388 -0.706921
    outer loop
      vertex -1.00505 -7.63412 1
      vertex -1.13061 -8.62606 1.39481e-07
      vertex -1.13558 -8.62557 1.39448e-07
    endloop
  endfacet
  facet normal 0.0231472 -0.706914 -0.70692
    outer loop
      vertex -0.503604 7.68351 1
      vertex -0.564021 8.68154 3.26206e-07
      vertex -5.20776e-16 7.7 1
    endloop
  endfacet
  facet normal 0.024101 -0.706869 -0.706933
    outer loop
      vertex -0.564021 8.68154 3.26206e-07
      vertex -0.503604 7.68351 1
      vertex -0.569007 8.68137 3.26348e-07
    endloop
  endfacet
  facet normal -0.333416 -0.62378 -0.706917
    outer loop
      vertex 4.3456 7.53677 2.77316e-07
      vertex 3.40562 6.90592 1
      vertex 3.84791 7.80279 2.76469e-07
    endloop
  endfacet
  facet normal -0.661965 -0.249139 -0.706918
    outer loop
      vertex 8.23829 2.79652 2.58855e-07
      vertex 7.29136 2.47508 1
      vertex 8.03951 3.32468 2.62496e-07
    endloop
  endfacet
  facet normal 0.68882 -0.160614 -0.706916
    outer loop
      vertex -7.55205 1.5022 1
      vertex -8.5317 1.70214 1.65272e-07
      vertex -7.43763 1.99291 1
    endloop
  endfacet
  facet normal 0.688846 -0.160494 -0.706918
    outer loop
      vertex -8.5317 1.70214 1.65272e-07
      vertex -7.55205 1.5022 1
      vertex -8.53283 1.69729 1.65083e-07
    endloop
  endfacet
  facet normal -0.644098 0.292256 -0.706912
    outer loop
      vertex 8.03569 -3.33389 2.16633e-07
      vertex 7.11387 -2.94666 1
      vertex 8.03775 -3.32935 2.16658e-07
    endloop
  endfacet
  facet normal -0.644251 0.291904 -0.706918
    outer loop
      vertex 7.11387 -2.94666 1
      vertex 8.03569 -3.33389 2.16633e-07
      vertex 6.90592 -3.40562 1
    endloop
  endfacet
  facet normal 0.160615 -0.68882 -0.706916
    outer loop
      vertex -1.70214 8.5317 3.51381e-07
      vertex -1.99291 7.43763 1
      vertex -2.25173 8.40355 3.59941e-07
    endloop
  endfacet
  facet normal 0.70687 -0.024101 -0.706933
    outer loop
      vertex -7.68351 0.503604 1
      vertex -8.68154 0.564021 1.23701e-07
      vertex -8.68137 0.569007 1.23749e-07
    endloop
  endfacet
  facet normal 0.706914 -0.0231472 -0.70692
    outer loop
      vertex -8.68154 0.564021 1.23701e-07
      vertex -7.68351 0.503604 1
      vertex -7.7 -1.41601e-16 1
    endloop
  endfacet
  facet normal -0.0693038 0.703892 -0.706918
    outer loop
      vertex 0.503604 -7.68351 1
      vertex 0.637361 -8.67464 1.51682e-07
      vertex 0.569007 -8.68137 1.51189e-07
    endloop
  endfacet
  facet normal -0.0693259 0.703889 -0.706919
    outer loop
      vertex 0.637361 -8.67464 1.51682e-07
      vertex 0.503604 -7.68351 1
      vertex 1.13061 -8.62606 1.64666e-07
    endloop
  endfacet
  facet normal -0.115221 0.697846 -0.706919
    outer loop
      vertex 1.00505 -7.63412 1
      vertex 1.69236 -8.53364 1.78399e-07
      vertex 1.13558 -8.62557 1.64796e-07
    endloop
  endfacet
  facet normal 0.205325 -0.676838 -0.706918
    outer loop
      vertex -2.2565 8.40211 3.59994e-07
      vertex -2.47508 7.29136 1
      vertex -2.79652 8.23829 3.65962e-07
    endloop
  endfacet
  facet normal 0.483505 -0.516226 -0.706918
    outer loop
      vertex -5.73995 6.5376 3.46421e-07
      vertex -5.07696 5.78917 1
      vertex -5.44472 5.44472 1
    endloop
  endfacet
  facet normal 0.48356 -0.516176 -0.706917
    outer loop
      vertex -5.07696 5.78917 1
      vertex -5.73995 6.5376 3.46421e-07
      vertex -5.73631 6.54101 3.46529e-07
    endloop
  endfacet
  facet normal 0.160494 -0.688846 -0.706918
    outer loop
      vertex -1.5022 7.55205 1
      vertex -1.70214 8.5317 3.51381e-07
      vertex -1.69729 8.53283 3.51305e-07
    endloop
  endfacet
  facet normal 0.160614 -0.68882 -0.706916
    outer loop
      vertex -1.70214 8.5317 3.51381e-07
      vertex -1.5022 7.55205 1
      vertex -1.99291 7.43763 1
    endloop
  endfacet
  facet normal 0.333412 -0.623785 -0.706915
    outer loop
      vertex -3.85 6.6684 1
      vertex -4.3456 7.53677 3.68153e-07
      vertex -3.40562 6.90592 1
    endloop
  endfacet
  facet normal 0.333216 -0.623893 -0.706912
    outer loop
      vertex -4.3456 7.53677 3.68153e-07
      vertex -3.85 6.6684 1
      vertex -4.35 7.53442 3.68136e-07
    endloop
  endfacet
  facet normal 0.333416 -0.62378 -0.706917
    outer loop
      vertex -3.84791 7.80279 3.70068e-07
      vertex -3.40562 6.90592 1
      vertex -4.3456 7.53677 3.68153e-07
    endloop
  endfacet
  facet normal -0.0693967 -0.70388 -0.706921
    outer loop
      vertex 1.00505 7.63412 1
      vertex 1.13061 8.62606 2.79025e-07
      vertex 1.13558 8.62557 2.78907e-07
    endloop
  endfacet
  facet normal -0.0693295 -0.703888 -0.70692
    outer loop
      vertex 1.13061 8.62606 2.79025e-07
      vertex 1.00505 7.63412 1
      vertex 0.503604 7.68351 1
    endloop
  endfacet
  facet normal -0.68882 -0.160615 -0.706916
    outer loop
      vertex 8.5317 1.70214 2.50511e-07
      vertex 7.43763 1.99291 1
      vertex 8.40355 2.25173 2.54831e-07
    endloop
  endfacet
  facet normal -0.574881 -0.412045 -0.706916
    outer loop
      vertex 6.40232 4.27789 1
      vertex 7.23088 4.83752 2.71313e-07
      vertex 7.23379 4.83346 2.71294e-07
    endloop
  endfacet
  facet normal -0.574919 -0.41199 -0.706917
    outer loop
      vertex 7.23088 4.83752 2.71313e-07
      vertex 6.40232 4.27789 1
      vertex 6.10882 4.68746 1
    endloop
  endfacet
  facet normal -0.0231369 0.706917 -0.706918
    outer loop
      vertex 2.88304e-16 -7.7 1
      vertex 0.564021 -8.68154 1.51154e-07
      vertex 4.57078e-16 -8.7 1.47176e-07
    endloop
  endfacet
  facet normal -0.024101 0.70687 -0.706933
    outer loop
      vertex 0.564021 -8.68154 1.51154e-07
      vertex 0.503604 -7.68351 1
      vertex 0.569007 -8.68137 1.51189e-07
    endloop
  endfacet
  facet normal -0.0231472 0.706914 -0.70692
    outer loop
      vertex 0.503604 -7.68351 1
      vertex 0.564021 -8.68154 1.51154e-07
      vertex 2.88304e-16 -7.7 1
    endloop
  endfacet
  facet normal -0.644098 -0.292256 -0.706912
    outer loop
      vertex 7.11387 2.94666 1
      vertex 8.03569 3.33389 2.62557e-07
      vertex 8.03775 3.32935 2.62528e-07
    endloop
  endfacet
  facet normal -0.644251 -0.291904 -0.706918
    outer loop
      vertex 8.03569 3.33389 2.62557e-07
      vertex 7.11387 2.94666 1
      vertex 6.90592 3.40562 1
    endloop
  endfacet
  facet normal -0.373503 -0.600638 -0.706916
    outer loop
      vertex 4.82922 7.23642 2.77744e-07
      vertex 3.85 6.6684 1
      vertex 4.35 7.53442 2.77323e-07
    endloop
  endfacet
  facet normal -0.483503 0.516227 -0.706919
    outer loop
      vertex 6.15183 -6.15183 2.40604e-07
      vertex 5.73995 -6.5376 2.39567e-07
      vertex 5.44472 -5.44472 1
    endloop
  endfacet
  facet normal -0.48356 0.516176 -0.706917
    outer loop
      vertex 5.07696 -5.78917 1
      vertex 5.73995 -6.5376 2.39567e-07
      vertex 5.73631 -6.54101 2.39558e-07
    endloop
  endfacet
  facet normal -0.483505 0.516226 -0.706918
    outer loop
      vertex 5.73995 -6.5376 2.39567e-07
      vertex 5.07696 -5.78917 1
      vertex 5.44472 -5.44472 1
    endloop
  endfacet
  facet normal 0.373503 0.600638 -0.706916
    outer loop
      vertex -3.85 -6.6684 1
      vertex -4.35 -7.53442 1.19777e-07
      vertex -4.82922 -7.23642 1.17183e-07
    endloop
  endfacet
  facet normal 0.574919 -0.41199 -0.706917
    outer loop
      vertex -6.40232 4.27789 1
      vertex -7.23088 4.83752 2.82465e-07
      vertex -6.10882 4.68746 1
    endloop
  endfacet
  facet normal 0.574881 -0.412045 -0.706916
    outer loop
      vertex -7.23088 4.83752 2.82465e-07
      vertex -6.40232 4.27789 1
      vertex -7.23379 4.83346 2.82293e-07
    endloop
  endfacet
  facet normal 0.546749 -0.4487 -0.706918
    outer loop
      vertex -6.10882 4.68746 1
      vertex -6.89901 5.30008 3.02125e-07
      vertex -5.78917 5.07696 1
    endloop
  endfacet
  facet normal 0.547281 -0.448033 -0.70693
    outer loop
      vertex -6.89901 5.30008 3.02125e-07
      vertex -6.10882 4.68746 1
      vertex -6.90217 5.29622 3.01973e-07
    endloop
  endfacet
  facet normal -0.688846 0.160494 -0.706918
    outer loop
      vertex 8.5317 -1.70214 2.24179e-07
      vertex 7.55205 -1.5022 1
      vertex 8.53283 -1.69729 2.24199e-07
    endloop
  endfacet
  facet normal -0.68882 0.160614 -0.706916
    outer loop
      vertex 7.55205 -1.5022 1
      vertex 8.5317 -1.70214 2.24179e-07
      vertex 7.43763 -1.99291 1
    endloop
  endfacet
  facet normal 0.115202 -0.697854 -0.706914
    outer loop
      vertex -1.5022 7.55205 1
      vertex -1.69236 8.53364 3.51207e-07
      vertex -1.00505 7.63412 1
    endloop
  endfacet
  facet normal 0.114673 -0.697949 -0.706907
    outer loop
      vertex -1.69236 8.53364 3.51207e-07
      vertex -1.5022 7.55205 1
      vertex -1.69729 8.53283 3.51305e-07
    endloop
  endfacet
  facet normal -0.703888 -0.0693295 -0.70692
    outer loop
      vertex 7.63412 1.00505 1
      vertex 8.62606 1.13061 2.45757e-07
      vertex 7.68351 0.503604 1
    endloop
  endfacet
  facet normal -0.70388 -0.0693966 -0.706921
    outer loop
      vertex 8.62606 1.13061 2.45757e-07
      vertex 7.63412 1.00505 1
      vertex 8.62557 1.13558 2.45801e-07
    endloop
  endfacet
  facet normal -0.677101 0.204408 -0.706931
    outer loop
      vertex 8.40211 -2.2565 2.21886e-07
      vertex 7.43763 -1.99291 1
      vertex 8.40355 -2.25173 2.21908e-07
    endloop
  endfacet
  facet normal -0.676838 0.205324 -0.706918
    outer loop
      vertex 7.43763 -1.99291 1
      vertex 8.40211 -2.2565 2.21886e-07
      vertex 7.29136 -2.47508 1
    endloop
  endfacet
  facet normal 0.291907 0.644251 -0.706917
    outer loop
      vertex -3.40562 -6.90592 1
      vertex -3.33389 -8.03569 1.25603e-07
      vertex -3.84791 -7.80279 1.22604e-07
    endloop
  endfacet
  facet normal -0.249433 0.661848 -0.706923
    outer loop
      vertex 3.32468 -8.03951 2.11896e-07
      vertex 2.94666 -7.11387 1
      vertex 3.32935 -8.03775 2.11982e-07
    endloop
  endfacet
  facet normal -0.249144 0.661961 -0.706919
    outer loop
      vertex 2.94666 -7.11387 1
      vertex 3.32468 -8.03951 2.11896e-07
      vertex 2.47508 -7.29136 1
    endloop
  endfacet
  facet normal -0.697846 0.115221 -0.706919
    outer loop
      vertex 8.53364 -1.69236 2.24217e-07
      vertex 7.63412 -1.00505 1
      vertex 8.62557 -1.13558 2.26253e-07
    endloop
  endfacet
  facet normal 0.516226 0.483505 -0.706918
    outer loop
      vertex -6.5376 -5.73995 1.09026e-07
      vertex -5.78917 -5.07696 1
      vertex -5.44472 -5.44472 1
    endloop
  endfacet
  facet normal 0.516176 0.48356 -0.706917
    outer loop
      vertex -5.78917 -5.07696 1
      vertex -6.5376 -5.73995 1.09026e-07
      vertex -6.54101 -5.73631 1.09011e-07
    endloop
  endfacet
  facet normal -0.70388 0.0693966 -0.706921
    outer loop
      vertex 7.63412 -1.00505 1
      vertex 8.62606 -1.13061 2.26269e-07
      vertex 8.62557 -1.13558 2.26253e-07
    endloop
  endfacet
  facet normal -0.703888 0.0693295 -0.70692
    outer loop
      vertex 8.62606 -1.13061 2.26269e-07
      vertex 7.63412 -1.00505 1
      vertex 7.68351 -0.503604 1
    endloop
  endfacet
  facet normal -0.677101 -0.204408 -0.706931
    outer loop
      vertex 7.43763 1.99291 1
      vertex 8.40211 2.2565 2.54866e-07
      vertex 8.40355 2.25173 2.54831e-07
    endloop
  endfacet
  facet normal -0.676838 -0.205324 -0.706918
    outer loop
      vertex 8.40211 2.2565 2.54866e-07
      vertex 7.43763 1.99291 1
      vertex 7.29136 2.47508 1
    endloop
  endfacet
  facet normal -0.706914 -0.0231472 -0.70692
    outer loop
      vertex 7.68351 0.503604 1
      vertex 8.68154 0.564021 2.40787e-07
      vertex 7.7 3.36937e-16 1
    endloop
  endfacet
  facet normal -0.70687 -0.024101 -0.706933
    outer loop
      vertex 8.68154 0.564021 2.40787e-07
      vertex 7.68351 0.503604 1
      vertex 8.68137 0.569007 2.40833e-07
    endloop
  endfacet
  facet normal -0.697846 -0.115221 -0.706919
    outer loop
      vertex 8.62557 1.13558 2.45801e-07
      vertex 7.63412 1.00505 1
      vertex 8.53364 1.69236 2.50432e-07
    endloop
  endfacet
  facet normal 0.697949 0.114673 -0.706906
    outer loop
      vertex -8.53364 -1.69236 1.05256e-07
      vertex -7.55205 -1.5022 1
      vertex -8.53283 -1.69729 1.05249e-07
    endloop
  endfacet
  facet normal 0.697855 0.115202 -0.706914
    outer loop
      vertex -7.55205 -1.5022 1
      vertex -8.53364 -1.69236 1.05256e-07
      vertex -7.63412 -1.00505 1
    endloop
  endfacet
  facet normal -0.697949 0.114673 -0.706906
    outer loop
      vertex 7.55205 -1.5022 1
      vertex 8.53364 -1.69236 2.24217e-07
      vertex 8.53283 -1.69729 2.24199e-07
    endloop
  endfacet
  facet normal -0.697854 0.115202 -0.706914
    outer loop
      vertex 8.53364 -1.69236 2.24217e-07
      vertex 7.55205 -1.5022 1
      vertex 7.63412 -1.00505 1
    endloop
  endfacet
  facet normal 0.68882 0.160614 -0.706916
    outer loop
      vertex -8.5317 -1.70214 1.05245e-07
      vertex -7.55205 -1.5022 1
      vertex -7.43763 -1.99291 1
    endloop
  endfacet
  facet normal 0.688846 0.160494 -0.706918
    outer loop
      vertex -7.55205 -1.5022 1
      vertex -8.5317 -1.70214 1.05245e-07
      vertex -8.53283 -1.69729 1.05249e-07
    endloop
  endfacet
  facet normal -0.70389 0.0693252 -0.706918
    outer loop
      vertex 8.6523 -0.864168 2.27119e-07
      vertex 7.68351 -0.503604 1
      vertex 8.68137 -0.569007 2.30099e-07
    endloop
  endfacet
  facet normal -0.703891 0.0693213 -0.706917
    outer loop
      vertex 7.68351 -0.503604 1
      vertex 8.6523 -0.864168 2.27119e-07
      vertex 8.62606 -1.13061 2.26269e-07
    endloop
  endfacet
  facet normal -0.70687 0.0241011 -0.706933
    outer loop
      vertex 7.68351 -0.503604 1
      vertex 8.68154 -0.564021 2.30147e-07
      vertex 8.68137 -0.569007 2.30099e-07
    endloop
  endfacet
  facet normal -0.706914 0.0231472 -0.70692
    outer loop
      vertex 8.68154 -0.564021 2.30147e-07
      vertex 7.68351 -0.503604 1
      vertex 7.7 3.36937e-16 1
    endloop
  endfacet
  facet normal 0.483503 0.516227 -0.706919
    outer loop
      vertex -5.44472 -5.44472 1
      vertex -5.73995 -6.5376 1.12587e-07
      vertex -6.15183 -6.15183 1.10683e-07
    endloop
  endfacet
  facet normal -0.205325 0.676838 -0.706918
    outer loop
      vertex 2.47508 -7.29136 1
      vertex 2.79652 -8.23829 2.02162e-07
      vertex 2.2565 -8.40211 1.9109e-07
    endloop
  endfacet
  facet normal 0.676838 0.205324 -0.706918
    outer loop
      vertex -8.40211 -2.2565 1.04759e-07
      vertex -7.43763 -1.99291 1
      vertex -7.29136 -2.47508 1
    endloop
  endfacet
  facet normal 0.677101 0.204408 -0.706931
    outer loop
      vertex -7.43763 -1.99291 1
      vertex -8.40211 -2.2565 1.04759e-07
      vertex -8.40355 -2.25173 1.04761e-07
    endloop
  endfacet
  facet normal -0.676838 0.205325 -0.706918
    outer loop
      vertex 8.23829 -2.79652 2.19391e-07
      vertex 7.29136 -2.47508 1
      vertex 8.40211 -2.2565 2.21886e-07
    endloop
  endfacet
  facet normal 0.676838 0.205325 -0.706918
    outer loop
      vertex -7.29136 -2.47508 1
      vertex -8.23829 -2.79652 1.04547e-07
      vertex -8.40211 -2.2565 1.04759e-07
    endloop
  endfacet
  facet normal 0.70389 0.0693233 -0.706918
    outer loop
      vertex -7.68351 -0.503604 1
      vertex -8.62606 -1.13061 1.08091e-07
      vertex -8.68137 -0.569007 1.13015e-07
    endloop
  endfacet
  facet normal 0.160494 0.688846 -0.706918
    outer loop
      vertex -1.70214 -8.5317 1.35734e-07
      vertex -1.5022 -7.55205 1
      vertex -1.69729 -8.53283 1.35765e-07
    endloop
  endfacet
  facet normal 0.160614 0.68882 -0.706916
    outer loop
      vertex -1.5022 -7.55205 1
      vertex -1.70214 -8.5317 1.35734e-07
      vertex -1.99291 -7.43763 1
    endloop
  endfacet
  facet normal 0.292256 0.644098 -0.706912
    outer loop
      vertex -3.33389 -8.03569 1.25603e-07
      vertex -2.94666 -7.11387 1
      vertex -3.32935 -8.03775 1.2563e-07
    endloop
  endfacet
  facet normal 0.291904 0.644251 -0.706918
    outer loop
      vertex -2.94666 -7.11387 1
      vertex -3.33389 -8.03569 1.25603e-07
      vertex -3.40562 -6.90592 1
    endloop
  endfacet
  facet normal 0.0231472 0.706914 -0.70692
    outer loop
      vertex -0.564021 -8.68154 1.43291e-07
      vertex -0.503604 -7.68351 1
      vertex 2.88304e-16 -7.7 1
    endloop
  endfacet
  facet normal 0.0241011 0.70687 -0.706933
    outer loop
      vertex -0.503604 -7.68351 1
      vertex -0.564021 -8.68154 1.43291e-07
      vertex -0.569007 -8.68137 1.43257e-07
    endloop
  endfacet
  facet normal -0.516227 -0.483503 -0.706919
    outer loop
      vertex 6.5376 5.73995 2.75149e-07
      vertex 5.44472 5.44472 1
      vertex 6.15183 6.15183 2.76433e-07
    endloop
  endfacet
  facet normal 0.703886 -0.0693356 -0.706921
    outer loop
      vertex -7.68351 0.503604 1
      vertex -8.66611 0.724028 1.25314e-07
      vertex -8.62606 1.13061 1.42231e-07
    endloop
  endfacet
  facet normal 0.703893 -0.06929 -0.706918
    outer loop
      vertex -8.66611 0.724028 1.25314e-07
      vertex -7.68351 0.503604 1
      vertex -8.68137 0.569007 1.23749e-07
    endloop
  endfacet
  facet normal -0.600638 -0.373503 -0.706916
    outer loop
      vertex 7.53442 4.35 2.68761e-07
      vertex 6.6684 3.85 1
      vertex 7.23642 4.82922 2.71272e-07
    endloop
  endfacet
  facet normal 0.160615 0.68882 -0.706916
    outer loop
      vertex -1.99291 -7.43763 1
      vertex -1.70214 -8.5317 1.35734e-07
      vertex -2.25173 -8.40355 1.32224e-07
    endloop
  endfacet
  facet normal 0.204408 -0.677101 -0.706931
    outer loop
      vertex -1.99291 7.43763 1
      vertex -2.2565 8.40211 3.59994e-07
      vertex -2.25173 8.40355 3.59941e-07
    endloop
  endfacet
  facet normal 0.205324 -0.676838 -0.706918
    outer loop
      vertex -2.2565 8.40211 3.59994e-07
      vertex -1.99291 7.43763 1
      vertex -2.47508 7.29136 1
    endloop
  endfacet
  facet normal 0.703888 -0.0693295 -0.70692
    outer loop
      vertex -8.62606 1.13061 1.42231e-07
      vertex -7.63412 1.00505 1
      vertex -7.68351 0.503604 1
    endloop
  endfacet
  facet normal 0.70388 -0.0693966 -0.706921
    outer loop
      vertex -7.63412 1.00505 1
      vertex -8.62606 1.13061 1.42231e-07
      vertex -8.62557 1.13558 1.42438e-07
    endloop
  endfacet
  facet normal -0.661848 0.249433 -0.706923
    outer loop
      vertex 7.11387 -2.94666 1
      vertex 8.03951 -3.32468 2.16682e-07
      vertex 8.03775 -3.32935 2.16658e-07
    endloop
  endfacet
  facet normal -0.661961 0.249144 -0.706919
    outer loop
      vertex 8.03951 -3.32468 2.16682e-07
      vertex 7.11387 -2.94666 1
      vertex 7.29136 -2.47508 1
    endloop
  endfacet
  facet normal 0.661965 0.249139 -0.706918
    outer loop
      vertex -7.29136 -2.47508 1
      vertex -8.03951 -3.32468 1.04609e-07
      vertex -8.23829 -2.79652 1.04547e-07
    endloop
  endfacet
  facet normal -0.114673 0.697949 -0.706906
    outer loop
      vertex 1.69236 -8.53364 1.78399e-07
      vertex 1.5022 -7.55205 1
      vertex 1.69729 -8.53283 1.78519e-07
    endloop
  endfacet
  facet normal -0.115202 0.697855 -0.706914
    outer loop
      vertex 1.5022 -7.55205 1
      vertex 1.69236 -8.53364 1.78399e-07
      vertex 1.00505 -7.63412 1
    endloop
  endfacet
  facet normal 0.697855 -0.115202 -0.706914
    outer loop
      vertex -8.53364 1.69236 1.64884e-07
      vertex -7.55205 1.5022 1
      vertex -7.63412 1.00505 1
    endloop
  endfacet
  facet normal 0.697949 -0.114673 -0.706906
    outer loop
      vertex -7.55205 1.5022 1
      vertex -8.53364 1.69236 1.64884e-07
      vertex -8.53283 1.69729 1.65083e-07
    endloop
  endfacet
  facet normal -0.115257 -0.69783 -0.70693
    outer loop
      vertex 1.00505 7.63412 1
      vertex 1.5436 8.55821 2.68055e-07
      vertex 1.69236 8.53364 2.68826e-07
    endloop
  endfacet
  facet normal -0.115208 -0.697848 -0.70692
    outer loop
      vertex 1.5436 8.55821 2.68055e-07
      vertex 1.00505 7.63412 1
      vertex 1.13558 8.62557 2.78907e-07
    endloop
  endfacet
  facet normal -0.623785 -0.333412 -0.706915
    outer loop
      vertex 6.6684 3.85 1
      vertex 7.53677 4.3456 2.68736e-07
      vertex 6.90592 3.40562 1
    endloop
  endfacet
  facet normal -0.623893 -0.333216 -0.706912
    outer loop
      vertex 7.53677 4.3456 2.68736e-07
      vertex 6.6684 3.85 1
      vertex 7.53442 4.35 2.68761e-07
    endloop
  endfacet
  facet normal -0.0230972 -0.706929 -0.706907
    outer loop
      vertex -5.20776e-16 7.7 1
      vertex 0.500359 8.68362 2.93765e-07
      vertex 0.564021 8.68154 2.92438e-07
    endloop
  endfacet
  facet normal -0.023142 -0.706917 -0.706918
    outer loop
      vertex 0.500359 8.68362 2.93765e-07
      vertex -5.20776e-16 7.7 1
      vertex -4.57078e-16 8.7 3.10134e-07
    endloop
  endfacet
  facet normal 0.661961 -0.249144 -0.706919
    outer loop
      vertex -8.03951 3.32468 2.26329e-07
      vertex -7.11387 2.94666 1
      vertex -7.29136 2.47508 1
    endloop
  endfacet
  facet normal 0.661848 -0.249433 -0.706924
    outer loop
      vertex -7.11387 2.94666 1
      vertex -8.03951 3.32468 2.26329e-07
      vertex -8.03775 3.32935 2.26498e-07
    endloop
  endfacet
  facet normal 0.115202 0.697855 -0.706914
    outer loop
      vertex -1.69236 -8.53364 1.35797e-07
      vertex -1.5022 -7.55205 1
      vertex -1.00505 -7.63412 1
    endloop
  endfacet
  facet normal 0.114673 0.697949 -0.706906
    outer loop
      vertex -1.5022 -7.55205 1
      vertex -1.69236 -8.53364 1.35797e-07
      vertex -1.69729 -8.53283 1.35765e-07
    endloop
  endfacet
  facet normal 0.115221 0.697846 -0.706919
    outer loop
      vertex -1.00505 -7.63412 1
      vertex -1.13558 -8.62557 1.39448e-07
      vertex -1.69236 -8.53364 1.35797e-07
    endloop
  endfacet
  facet normal 0.676838 -0.205324 -0.706918
    outer loop
      vertex -7.43763 1.99291 1
      vertex -8.40211 2.2565 1.86882e-07
      vertex -7.29136 2.47508 1
    endloop
  endfacet
  facet normal 0.677101 -0.204408 -0.706931
    outer loop
      vertex -8.40211 2.2565 1.86882e-07
      vertex -7.43763 1.99291 1
      vertex -8.40355 2.25173 1.86702e-07
    endloop
  endfacet
  facet normal 0.333412 0.623785 -0.706915
    outer loop
      vertex -4.3456 -7.53677 1.19802e-07
      vertex -3.85 -6.6684 1
      vertex -3.40562 -6.90592 1
    endloop
  endfacet
  facet normal 0.333216 0.623893 -0.706912
    outer loop
      vertex -3.85 -6.6684 1
      vertex -4.3456 -7.53677 1.19802e-07
      vertex -4.35 -7.53442 1.19777e-07
    endloop
  endfacet
  facet normal -0.4487 -0.546749 -0.706918
    outer loop
      vertex 5.73631 6.54101 2.77301e-07
      vertex 5.07696 5.78917 1
      vertex 5.30008 6.89901 2.77737e-07
    endloop
  endfacet
  facet normal 0.574918 0.411993 -0.706916
    outer loop
      vertex -6.10882 -4.68746 1
      vertex -6.90217 -5.29622 1.07597e-07
      vertex -7.23088 -4.83752 1.06455e-07
    endloop
  endfacet
  facet normal 0.0693295 -0.703888 -0.70692
    outer loop
      vertex -1.00505 7.63412 1
      vertex -1.13061 8.62606 3.39971e-07
      vertex -0.503604 7.68351 1
    endloop
  endfacet
  facet normal 0.0693966 -0.70388 -0.706921
    outer loop
      vertex -1.13061 8.62606 3.39971e-07
      vertex -1.00505 7.63412 1
      vertex -1.13558 8.62557 3.40092e-07
    endloop
  endfacet
  facet normal -0.249139 0.661965 -0.706918
    outer loop
      vertex 3.32468 -8.03951 2.11896e-07
      vertex 2.79652 -8.23829 2.02162e-07
      vertex 2.47508 -7.29136 1
    endloop
  endfacet
  facet normal 0.68882 0.160615 -0.706916
    outer loop
      vertex -7.43763 -1.99291 1
      vertex -8.40355 -2.25173 1.04761e-07
      vertex -8.5317 -1.70214 1.05245e-07
    endloop
  endfacet
  facet normal -0.448033 0.547281 -0.70693
    outer loop
      vertex 4.68746 -6.10882 1
      vertex 5.30008 -6.89901 2.37024e-07
      vertex 5.29622 -6.90217 2.37002e-07
    endloop
  endfacet
  facet normal -0.4487 0.546749 -0.706918
    outer loop
      vertex 5.30008 -6.89901 2.37024e-07
      vertex 4.68746 -6.10882 1
      vertex 5.07696 -5.78917 1
    endloop
  endfacet
  facet normal -0.623893 0.333216 -0.706912
    outer loop
      vertex 6.6684 -3.85 1
      vertex 7.53677 -4.3456 2.29629e-07
      vertex 7.53442 -4.35 2.29686e-07
    endloop
  endfacet
  facet normal -0.623785 0.333412 -0.706915
    outer loop
      vertex 7.53677 -4.3456 2.29629e-07
      vertex 6.6684 -3.85 1
      vertex 6.90592 -3.40562 1
    endloop
  endfacet
  facet normal 0.292256 -0.644097 -0.706912
    outer loop
      vertex -2.94666 7.11387 1
      vertex -3.33389 8.03569 3.69349e-07
      vertex -3.32935 8.03775 3.69343e-07
    endloop
  endfacet
  facet normal 0.291904 -0.644251 -0.706918
    outer loop
      vertex -3.33389 8.03569 3.69349e-07
      vertex -2.94666 7.11387 1
      vertex -3.40562 6.90592 1
    endloop
  endfacet
  facet normal 0.644251 0.291904 -0.706918
    outer loop
      vertex -8.03569 -3.33389 1.04613e-07
      vertex -7.11387 -2.94666 1
      vertex -6.90592 -3.40562 1
    endloop
  endfacet
  facet normal 0.644098 0.292256 -0.706912
    outer loop
      vertex -7.11387 -2.94666 1
      vertex -8.03569 -3.33389 1.04613e-07
      vertex -8.03775 -3.32935 1.0461e-07
    endloop
  endfacet
  facet normal 0.249139 0.661965 -0.706918
    outer loop
      vertex -2.47508 -7.29136 1
      vertex -2.79652 -8.23829 1.28841e-07
      vertex -3.32468 -8.03951 1.25658e-07
    endloop
  endfacet
  facet normal 0.62378 0.333417 -0.706917
    outer loop
      vertex -6.90592 -3.40562 1
      vertex -7.53677 -4.3456 1.05555e-07
      vertex -7.80279 -3.84791 1.04948e-07
    endloop
  endfacet
  facet normal -0.574881 0.412045 -0.706916
    outer loop
      vertex 7.23088 -4.83752 2.34694e-07
      vertex 6.40232 -4.27789 1
      vertex 7.23379 -4.83346 2.34664e-07
    endloop
  endfacet
  facet normal -0.574919 0.41199 -0.706917
    outer loop
      vertex 6.40232 -4.27789 1
      vertex 7.23088 -4.83752 2.34694e-07
      vertex 6.10882 -4.68746 1
    endloop
  endfacet
  facet normal -0.373503 0.600638 -0.706916
    outer loop
      vertex 4.82922 -7.23642 2.32897e-07
      vertex 4.35 -7.53442 2.27406e-07
      vertex 3.85 -6.6684 1
    endloop
  endfacet
  facet normal -0.333216 0.623893 -0.706912
    outer loop
      vertex 4.3456 -7.53677 2.27345e-07
      vertex 3.85 -6.6684 1
      vertex 4.35 -7.53442 2.27406e-07
    endloop
  endfacet
  facet normal -0.333412 0.623785 -0.706915
    outer loop
      vertex 3.85 -6.6684 1
      vertex 4.3456 -7.53677 2.27345e-07
      vertex 3.40562 -6.90592 1
    endloop
  endfacet
  facet normal 0.697846 -0.115221 -0.706919
    outer loop
      vertex -7.63412 1.00505 1
      vertex -8.62557 1.13558 1.42438e-07
      vertex -8.53364 1.69236 1.64884e-07
    endloop
  endfacet
  facet normal 0.661965 -0.249139 -0.706918
    outer loop
      vertex -7.29136 2.47508 1
      vertex -8.23829 2.79652 2.07203e-07
      vertex -8.03951 3.32468 2.26329e-07
    endloop
  endfacet
  facet normal 0.412045 0.574881 -0.706916
    outer loop
      vertex -4.83752 -7.23088 1.1714e-07
      vertex -4.27789 -6.40232 1
      vertex -4.83346 -7.23379 1.17161e-07
    endloop
  endfacet
  facet normal 0.41199 0.574919 -0.706917
    outer loop
      vertex -4.27789 -6.40232 1
      vertex -4.83752 -7.23088 1.1714e-07
      vertex -4.68746 -6.10882 1
    endloop
  endfacet
  facet normal -0.4487 0.546749 -0.706918
    outer loop
      vertex 5.73631 -6.54101 2.39558e-07
      vertex 5.30008 -6.89901 2.37024e-07
      vertex 5.07696 -5.78917 1
    endloop
  endfacet
  facet normal -0.204408 0.677101 -0.706931
    outer loop
      vertex 1.99291 -7.43763 1
      vertex 2.2565 -8.40211 1.9109e-07
      vertex 2.25173 -8.40355 1.90992e-07
    endloop
  endfacet
  facet normal -0.205324 0.676838 -0.706918
    outer loop
      vertex 2.2565 -8.40211 1.9109e-07
      vertex 1.99291 -7.43763 1
      vertex 2.47508 -7.29136 1
    endloop
  endfacet
  facet normal 0.623785 -0.333412 -0.706915
    outer loop
      vertex -7.53677 4.3456 2.61e-07
      vertex -6.6684 3.85 1
      vertex -6.90592 3.40562 1
    endloop
  endfacet
  facet normal 0.623893 -0.333216 -0.706912
    outer loop
      vertex -6.6684 3.85 1
      vertex -7.53677 4.3456 2.61e-07
      vertex -7.53442 4.35 2.61146e-07
    endloop
  endfacet
  facet normal 0.373502 0.600638 -0.706916
    outer loop
      vertex -4.82922 -7.23642 1.17183e-07
      vertex -4.27789 -6.40232 1
      vertex -3.85 -6.6684 1
    endloop
  endfacet
  facet normal 0.372832 0.601068 -0.706904
    outer loop
      vertex -4.27789 -6.40232 1
      vertex -4.82922 -7.23642 1.17183e-07
      vertex -4.83346 -7.23379 1.17161e-07
    endloop
  endfacet
  facet normal -0.372832 0.601068 -0.706904
    outer loop
      vertex 4.82922 -7.23642 2.32897e-07
      vertex 4.27789 -6.40232 1
      vertex 4.83346 -7.23379 2.32945e-07
    endloop
  endfacet
  facet normal -0.373502 0.600638 -0.706916
    outer loop
      vertex 4.27789 -6.40232 1
      vertex 4.82922 -7.23642 2.32897e-07
      vertex 3.85 -6.6684 1
    endloop
  endfacet
  facet normal 0.70687 0.0241011 -0.706933
    outer loop
      vertex -8.68154 -0.564021 1.13061e-07
      vertex -7.68351 -0.503604 1
      vertex -8.68137 -0.569007 1.13015e-07
    endloop
  endfacet
  facet normal 0.706914 0.0231472 -0.70692
    outer loop
      vertex -7.68351 -0.503604 1
      vertex -8.68154 -0.564021 1.13061e-07
      vertex -7.7 -1.41601e-16 1
    endloop
  endfacet
  facet normal 0.661848 0.249433 -0.706923
    outer loop
      vertex -8.03951 -3.32468 1.04609e-07
      vertex -7.11387 -2.94666 1
      vertex -8.03775 -3.32935 1.0461e-07
    endloop
  endfacet
  facet normal 0.661961 0.249144 -0.706919
    outer loop
      vertex -7.11387 -2.94666 1
      vertex -8.03951 -3.32468 1.04609e-07
      vertex -7.29136 -2.47508 1
    endloop
  endfacet
  facet normal -0.160615 0.68882 -0.706916
    outer loop
      vertex 1.99291 -7.43763 1
      vertex 2.25173 -8.40355 1.90992e-07
      vertex 1.70214 -8.5317 1.78628e-07
    endloop
  endfacet
  facet normal -0.546749 0.4487 -0.706918
    outer loop
      vertex 6.54101 -5.73631 2.40134e-07
      vertex 5.78917 -5.07696 1
      vertex 6.89901 -5.30008 2.38169e-07
    endloop
  endfacet
  facet normal -0.516176 0.48356 -0.706917
    outer loop
      vertex 6.5376 -5.73995 2.40139e-07
      vertex 5.78917 -5.07696 1
      vertex 6.54101 -5.73631 2.40134e-07
    endloop
  endfacet
  facet normal -0.516226 0.483505 -0.706918
    outer loop
      vertex 5.78917 -5.07696 1
      vertex 6.5376 -5.73995 2.40139e-07
      vertex 5.44472 -5.44472 1
    endloop
  endfacet
  facet normal 0.249144 0.661961 -0.706919
    outer loop
      vertex -3.32468 -8.03951 1.25658e-07
      vertex -2.94666 -7.11387 1
      vertex -2.47508 -7.29136 1
    endloop
  endfacet
  facet normal 0.249433 0.661848 -0.706923
    outer loop
      vertex -2.94666 -7.11387 1
      vertex -3.32468 -8.03951 1.25658e-07
      vertex -3.32935 -8.03775 1.2563e-07
    endloop
  endfacet
  facet normal 0.205325 0.676838 -0.706918
    outer loop
      vertex -2.47508 -7.29136 1
      vertex -2.2565 -8.40211 1.32195e-07
      vertex -2.79652 -8.23829 1.28841e-07
    endloop
  endfacet
  facet normal 0.70388 0.0693967 -0.706921
    outer loop
      vertex -8.62606 -1.13061 1.08091e-07
      vertex -7.63412 -1.00505 1
      vertex -8.62557 -1.13558 1.08048e-07
    endloop
  endfacet
  facet normal 0.703888 0.0693295 -0.70692
    outer loop
      vertex -7.63412 -1.00505 1
      vertex -8.62606 -1.13061 1.08091e-07
      vertex -7.68351 -0.503604 1
    endloop
  endfacet
  facet normal 0.601068 0.372832 -0.706904
    outer loop
      vertex -7.23642 -4.82922 1.06437e-07
      vertex -6.40232 -4.27789 1
      vertex -7.23379 -4.83346 1.06445e-07
    endloop
  endfacet
  facet normal 0.600638 0.373502 -0.706916
    outer loop
      vertex -6.40232 -4.27789 1
      vertex -7.23642 -4.82922 1.06437e-07
      vertex -6.6684 -3.85 1
    endloop
  endfacet
  facet normal 0.623893 0.333216 -0.706912
    outer loop
      vertex -7.53677 -4.3456 1.05555e-07
      vertex -6.6684 -3.85 1
      vertex -7.53442 -4.35 1.05561e-07
    endloop
  endfacet
  facet normal 0.623785 0.333412 -0.706915
    outer loop
      vertex -6.6684 -3.85 1
      vertex -7.53677 -4.3456 1.05555e-07
      vertex -6.90592 -3.40562 1
    endloop
  endfacet
  facet normal -0.602158 -0.763837 -0.232289
    outer loop
      vertex -1.47738 -13.0352 58.732
      vertex -1.09899 -13.2863 58.5768
      vertex -1.40103 -13.0873 58.7054
    endloop
  endfacet
  facet normal -0.602891 -0.761586 -0.237717
    outer loop
      vertex -13.0849 1.22201 42.4941
      vertex -1.09899 -13.2863 58.5768
      vertex -1.47738 -13.0352 58.732
    endloop
  endfacet
  facet normal -0.602919 -0.761574 -0.237685
    outer loop
      vertex -1.09899 -13.2863 58.5768
      vertex -13.0849 1.22201 42.4941
      vertex -13.2523 1.64126 41.5754
    endloop
  endfacet
  facet normal -0.870658 -0.428886 0.240857
    outer loop
      vertex -13.0591 1.15731 36.4433
      vertex -13.2229 1.578 36.6003
      vertex -13.1499 1.38488 36.5203
    endloop
  endfacet
  facet normal -0.86935 -0.429634 0.244223
    outer loop
      vertex -1.53204 -13.001 52.5686
      vertex -13.2229 1.578 36.6003
      vertex -13.0591 1.15731 36.4433
    endloop
  endfacet
  facet normal -0.869343 -0.429672 0.244182
    outer loop
      vertex -13.2229 1.578 36.6003
      vertex -1.53204 -13.001 52.5686
      vertex -1.1467 -13.2548 53.4939
    endloop
  endfacet
  facet normal -0.824782 -0.556337 0.101113
    outer loop
      vertex -0.599292 -13.6155 55.1497
      vertex -13.4435 2.2516 37.6819
      vertex -13.3928 2.09843 37.2527
    endloop
  endfacet
  facet normal -0.824833 -0.556237 0.101241
    outer loop
      vertex -13.4435 2.2516 37.6819
      vertex -0.599292 -13.6155 55.1497
      vertex -0.439558 -13.7207 55.8731
    endloop
  endfacet
  facet normal -0.876602 -0.236152 0.419288
    outer loop
      vertex -3.79979 -11.4933 48.2796
      vertex -12.3533 -0.610422 36.5263
      vertex -12.0581 -1.34987 36.727
    endloop
  endfacet
  facet normal -0.8766 -0.236137 0.4193
    outer loop
      vertex -3.53432 -11.6785 48.7303
      vertex -12.3533 -0.610422 36.5263
      vertex -3.79979 -11.4933 48.2796
    endloop
  endfacet
  facet normal -0.876597 -0.236117 0.419316
    outer loop
      vertex -3.30034 -11.8361 49.1307
      vertex -12.3533 -0.610422 36.5263
      vertex -3.53432 -11.6785 48.7303
    endloop
  endfacet
  facet normal -0.876628 -0.236378 0.419105
    outer loop
      vertex -12.3533 -0.610422 36.5263
      vertex -3.30034 -11.8361 49.1307
      vertex -3.11383 -11.959 49.4515
    endloop
  endfacet
  facet normal -0.558807 -0.777932 -0.287327
    outer loop
      vertex -1.98077 -12.6718 58.7277
      vertex -1.64536 -12.9206 58.749
      vertex -1.87011 -12.7596 58.7502
    endloop
  endfacet
  facet normal -0.560033 -0.779104 -0.281708
    outer loop
      vertex -1.64536 -12.9206 58.749
      vertex -1.98077 -12.6718 58.7277
      vertex -1.47738 -13.0352 58.732
    endloop
  endfacet
  facet normal -0.559699 -0.778663 -0.283585
    outer loop
      vertex -12.8851 0.721667 43.4735
      vertex -1.47738 -13.0352 58.732
      vertex -1.98077 -12.6718 58.7277
    endloop
  endfacet
  facet normal -0.559657 -0.778678 -0.283629
    outer loop
      vertex -1.47738 -13.0352 58.732
      vertex -12.8851 0.721667 43.4735
      vertex -13.0849 1.22201 42.4941
    endloop
  endfacet
  facet normal -0.77423 -0.632893 0.00372768
    outer loop
      vertex -13.4758 2.33844 38.1705
      vertex -13.4924 2.36194 38.7126
      vertex -13.4808 2.34538 38.3103
    endloop
  endfacet
  facet normal -0.777408 -0.628987 0.00346103
    outer loop
      vertex -0.357159 -13.7748 56.5222
      vertex -13.4924 2.36194 38.7126
      vertex -13.4758 2.33844 38.1705
    endloop
  endfacet
  facet normal -0.777709 -0.628611 0.00402399
    outer loop
      vertex -0.356305 -13.7755 56.5779
      vertex -13.4924 2.36194 38.7126
      vertex -0.357159 -13.7748 56.5222
    endloop
  endfacet
  facet normal -0.77738 -0.629022 0.0034112
    outer loop
      vertex -13.4924 2.36194 38.7126
      vertex -0.356305 -13.7755 56.5779
      vertex -0.351444 -13.7787 57.0956
    endloop
  endfacet
  facet normal -0.843002 -0.0802701 0.531888
    outer loop
      vertex -11.0203 -3.69477 37.8619
      vertex -11.3536 -3.07419 37.4273
      vertex -11.2523 -3.29188 37.555
    endloop
  endfacet
  facet normal -0.84275 -0.0798062 0.532357
    outer loop
      vertex -10.7716 -4.04368 38.2033
      vertex -11.3536 -3.07419 37.4273
      vertex -11.0203 -3.69477 37.8619
    endloop
  endfacet
  facet normal -0.841594 -0.0773651 0.53454
    outer loop
      vertex -10.7549 -4.06505 38.2265
      vertex -11.3536 -3.07419 37.4273
      vertex -10.7716 -4.04368 38.2033
    endloop
  endfacet
  facet normal -0.842758 -0.0798439 0.532338
    outer loop
      vertex -7.40541 -8.17912 42.9121
      vertex -11.3536 -3.07419 37.4273
      vertex -10.7549 -4.06505 38.2265
    endloop
  endfacet
  facet normal -0.841966 -0.0771275 0.533989
    outer loop
      vertex -6.79489 -8.88557 43.7727
      vertex -7.40541 -8.17912 42.9121
      vertex -6.90812 -8.76278 43.6119
    endloop
  endfacet
  facet normal -0.842739 -0.0797514 0.532383
    outer loop
      vertex -7.40541 -8.17912 42.9121
      vertex -6.79489 -8.88557 43.7727
      vertex -5.84366 -9.84188 45.1352
    endloop
  endfacet
  facet normal -0.841776 -0.0759937 0.534451
    outer loop
      vertex -6.13601 -9.56534 44.7138
      vertex -6.79489 -8.88557 43.7727
      vertex -6.2714 -9.43563 44.519
    endloop
  endfacet
  facet normal -0.84307 -0.0811256 0.53165
    outer loop
      vertex -5.84366 -9.84188 45.1352
      vertex -6.79489 -8.88557 43.7727
      vertex -6.13601 -9.56534 44.7138
    endloop
  endfacet
  facet normal -0.84278 -0.0799101 0.532293
    outer loop
      vertex -7.40541 -8.17912 42.9121
      vertex -5.84366 -9.84188 45.1352
      vertex -11.3536 -3.07419 37.4273
    endloop
  endfacet
  facet normal -0.86901 -0.18472 0.459022
    outer loop
      vertex -4.64525 -10.8674 46.9308
      vertex -12.0581 -1.34987 36.727
      vertex -11.7349 -2.15941 37.0131
    endloop
  endfacet
  facet normal -0.869015 -0.184744 0.459003
    outer loop
      vertex -4.30323 -11.1306 47.4724
      vertex -12.0581 -1.34987 36.727
      vertex -4.64525 -10.8674 46.9308
    endloop
  endfacet
  facet normal -0.869046 -0.186013 0.458431
    outer loop
      vertex -3.79979 -11.4933 48.2796
      vertex -4.30323 -11.1306 47.4724
      vertex -4.10682 -11.2788 47.7846
    endloop
  endfacet
  facet normal -0.869024 -0.184791 0.458966
    outer loop
      vertex -4.30323 -11.1306 47.4724
      vertex -3.79979 -11.4933 48.2796
      vertex -12.0581 -1.34987 36.727
    endloop
  endfacet
  facet normal -0.681635 -0.717619 -0.142819
    outer loop
      vertex -13.3866 1.97761 40.7214
      vertex -0.572516 -13.6331 58.002
      vertex -0.79802 -13.4845 58.3316
    endloop
  endfacet
  facet normal -0.682934 -0.716476 -0.142349
    outer loop
      vertex -13.4665 2.20413 39.9646
      vertex -13.3866 1.97761 40.7214
      vertex -13.4083 2.03201 40.5517
    endloop
  endfacet
  facet normal -0.681237 -0.71797 -0.142955
    outer loop
      vertex -13.4665 2.20413 39.9646
      vertex -13.4083 2.03201 40.5517
      vertex -13.4568 2.165 40.1149
    endloop
  endfacet
  facet normal -0.681627 -0.717624 -0.142831
    outer loop
      vertex -13.3866 1.97761 40.7214
      vertex -13.4665 2.20413 39.9646
      vertex -0.572516 -13.6331 58.002
    endloop
  endfacet
  facet normal -0.466035 -0.802863 -0.371783
    outer loop
      vertex -12.2047 -0.626516 45.6067
      vertex -8.41177 -5.23968 50.8143
      vertex -8.48397 -5.19652 50.8116
    endloop
  endfacet
  facet normal -0.466226 -0.80283 -0.371615
    outer loop
      vertex -12.2047 -0.626516 45.6067
      vertex -8.33422 -5.28865 50.8228
      vertex -8.41177 -5.23968 50.8143
    endloop
  endfacet
  facet normal -0.465998 -0.802868 -0.371819
    outer loop
      vertex -12.2047 -0.626516 45.6067
      vertex -8.25855 -5.3391 50.8369
      vertex -8.33422 -5.28865 50.8228
    endloop
  endfacet
  facet normal -0.465995 -0.802868 -0.371821
    outer loop
      vertex -12.2047 -0.626516 45.6067
      vertex -8.18508 -5.39082 50.8565
      vertex -8.25855 -5.3391 50.8369
    endloop
  endfacet
  facet normal -0.465939 -0.802877 -0.371872
    outer loop
      vertex -12.2047 -0.626516 45.6067
      vertex -8.11412 -5.44358 50.8815
      vertex -8.18508 -5.39082 50.8565
    endloop
  endfacet
  facet normal -0.465844 -0.802892 -0.371959
    outer loop
      vertex -12.2047 -0.626516 45.6067
      vertex -8.09165 -5.46125 50.8915
      vertex -8.11412 -5.44358 50.8815
    endloop
  endfacet
  facet normal -0.465128 -0.803114 -0.372376
    outer loop
      vertex -12.5995 0.00886077 44.7295
      vertex -12.2047 -0.626516 45.6067
      vertex -12.2443 -0.576318 45.5479
    endloop
  endfacet
  facet normal -0.466941 -0.802628 -0.371153
    outer loop
      vertex -12.5005 -0.195226 45.0461
      vertex -12.2443 -0.576318 45.5479
      vertex -12.3817 -0.389795 45.3174
    endloop
  endfacet
  facet normal -0.465948 -0.802881 -0.371853
    outer loop
      vertex -12.2443 -0.576318 45.5479
      vertex -12.5005 -0.195226 45.0461
      vertex -12.5995 0.00886077 44.7295
    endloop
  endfacet
  facet normal -0.465879 -0.802906 -0.371886
    outer loop
      vertex -12.2047 -0.626516 45.6067
      vertex -12.5995 0.00886077 44.7295
      vertex -12.6249 0.0698238 44.6297
    endloop
  endfacet
  facet normal -0.466206 -0.802812 -0.371679
    outer loop
      vertex -12.2047 -0.626516 45.6067
      vertex -12.6249 0.0698238 44.6297
      vertex -12.6539 0.14236 44.5094
    endloop
  endfacet
  facet normal -0.466033 -0.802863 -0.371785
    outer loop
      vertex -12.2047 -0.626516 45.6067
      vertex -12.6539 0.14236 44.5094
      vertex -8.09165 -5.46125 50.8915
    endloop
  endfacet
  facet normal -0.470474 -0.802736 -0.366427
    outer loop
      vertex -3.10542 -11.6738 58.057
      vertex -2.76618 -12.0024 58.3413
      vertex -2.85229 -11.925 58.2823
    endloop
  endfacet
  facet normal -0.466471 -0.802812 -0.371346
    outer loop
      vertex -3.61569 -11.139 57.5418
      vertex -3.10542 -11.6738 58.057
      vertex -3.35342 -11.4247 57.83
    endloop
  endfacet
  facet normal -0.466216 -0.802833 -0.371621
    outer loop
      vertex -3.10542 -11.6738 58.057
      vertex -3.61569 -11.139 57.5418
      vertex -2.76618 -12.0024 58.3413
    endloop
  endfacet
  facet normal -0.466942 -0.802789 -0.370802
    outer loop
      vertex -3.8534 -10.8733 57.2659
      vertex -2.76618 -12.0024 58.3413
      vertex -3.61569 -11.139 57.5418
    endloop
  endfacet
  facet normal -0.465688 -0.802885 -0.37217
    outer loop
      vertex -4.1255 -10.5499 56.9087
      vertex -2.76618 -12.0024 58.3413
      vertex -3.8534 -10.8733 57.2659
    endloop
  endfacet
  facet normal -0.465869 -0.802892 -0.371928
    outer loop
      vertex -7.53813 -6.31274 52.0364
      vertex -4.1255 -10.5499 56.9087
      vertex -7.55257 -6.34054 52.1145
    endloop
  endfacet
  facet normal -0.466009 -0.802867 -0.371808
    outer loop
      vertex -7.52761 -6.27939 51.9512
      vertex -4.1255 -10.5499 56.9087
      vertex -7.53813 -6.31274 52.0364
    endloop
  endfacet
  facet normal -0.465937 -0.80288 -0.371869
    outer loop
      vertex -7.52241 -6.24327 51.8667
      vertex -4.1255 -10.5499 56.9087
      vertex -7.52761 -6.27939 51.9512
    endloop
  endfacet
  facet normal -0.465951 -0.802877 -0.371857
    outer loop
      vertex -7.52257 -6.20455 51.7833
      vertex -4.1255 -10.5499 56.9087
      vertex -7.52241 -6.24327 51.8667
    endloop
  endfacet
  facet normal -0.466194 -0.80283 -0.371655
    outer loop
      vertex -7.52808 -6.16339 51.7013
      vertex -4.1255 -10.5499 56.9087
      vertex -7.52257 -6.20455 51.7833
    endloop
  endfacet
  facet normal -0.465682 -0.802932 -0.372076
    outer loop
      vertex -7.53166 -6.14908 51.6749
      vertex -4.1255 -10.5499 56.9087
      vertex -7.52808 -6.16339 51.7013
    endloop
  endfacet
  facet normal -0.466126 -0.802843 -0.371712
    outer loop
      vertex -4.1255 -10.5499 56.9087
      vertex -7.53166 -6.14908 51.6749
      vertex -2.76618 -12.0024 58.3413
    endloop
  endfacet
  facet normal -0.856101 -0.476341 0.200476
    outer loop
      vertex -13.2229 1.578 36.6003
      vertex -13.3231 1.87841 36.8862
      vertex -13.2519 1.65432 36.6578
    endloop
  endfacet
  facet normal -0.858151 -0.473981 0.197278
    outer loop
      vertex -1.1467 -13.2548 53.4939
      vertex -13.3231 1.87841 36.8862
      vertex -13.2229 1.578 36.6003
    endloop
  endfacet
  facet normal -0.858132 -0.474047 0.197204
    outer loop
      vertex -13.3231 1.87841 36.8862
      vertex -1.1467 -13.2548 53.4939
      vertex -0.835343 -13.46 54.3555
    endloop
  endfacet
  facet normal -0.880445 -0.286696 0.377654
    outer loop
      vertex -3.11383 -11.959 49.4515
      vertex -12.6193 0.0557713 36.4119
      vertex -12.3533 -0.610422 36.5263
    endloop
  endfacet
  facet normal -0.880443 -0.286666 0.377681
    outer loop
      vertex -12.6193 0.0557713 36.4119
      vertex -3.11383 -11.959 49.4515
      vertex -2.51771 -12.3517 50.5431
    endloop
  endfacet
  facet normal -0.835037 -0.527126 0.157643
    outer loop
      vertex -13.3231 1.87841 36.8862
      vertex -13.3928 2.09843 37.2527
      vertex -13.348 1.95446 37.0086
    endloop
  endfacet
  facet normal -0.843285 -0.516244 0.149541
    outer loop
      vertex -0.835343 -13.46 54.3555
      vertex -13.3928 2.09843 37.2527
      vertex -13.3231 1.87841 36.8862
    endloop
  endfacet
  facet normal -0.843295 -0.51622 0.14957
    outer loop
      vertex -13.3928 2.09843 37.2527
      vertex -0.835343 -13.46 54.3555
      vertex -0.599292 -13.6155 55.1497
    endloop
  endfacet
  facet normal -0.880504 -0.335849 0.33454
    outer loop
      vertex -2.51771 -12.3517 50.5431
      vertex -12.8549 0.645858 36.3842
      vertex -12.6193 0.0557713 36.4119
    endloop
  endfacet
  facet normal -0.880506 -0.335806 0.334581
    outer loop
      vertex -12.8549 0.645858 36.3842
      vertex -2.51771 -12.3517 50.5431
      vertex -1.98969 -12.6995 51.5836
    endloop
  endfacet
  facet normal -0.718458 -0.689181 -0.0940652
    outer loop
      vertex -13.4906 2.31864 39.3097
      vertex -13.4665 2.20413 39.9646
      vertex -13.4852 2.28847 39.4895
    endloop
  endfacet
  facet normal -0.716631 -0.691027 -0.0944552
    outer loop
      vertex -0.423445 -13.7313 57.5894
      vertex -13.4665 2.20413 39.9646
      vertex -13.4906 2.31864 39.3097
    endloop
  endfacet
  facet normal -0.716634 -0.691025 -0.0944514
    outer loop
      vertex -13.4665 2.20413 39.9646
      vertex -0.423445 -13.7313 57.5894
      vertex -0.572516 -13.6331 58.002
    endloop
  endfacet
  facet normal -0.513897 -0.79251 -0.328386
    outer loop
      vertex -2.60499 -12.1478 58.44
      vertex -2.11982 -12.5621 58.6806
      vertex -2.35787 -12.3697 58.5888
    endloop
  endfacet
  facet normal -0.51424 -0.792548 -0.327759
    outer loop
      vertex -2.11982 -12.5621 58.6806
      vertex -2.60499 -12.1478 58.44
      vertex -1.98077 -12.6718 58.7277
    endloop
  endfacet
  facet normal -0.514316 -0.792558 -0.327613
    outer loop
      vertex -2.76618 -12.0024 58.3413
      vertex -1.98077 -12.6718 58.7277
      vertex -2.60499 -12.1478 58.44
    endloop
  endfacet
  facet normal -0.514133 -0.792418 -0.328241
    outer loop
      vertex -7.53951 -6.12137 51.6203
      vertex -2.76618 -12.0024 58.3413
      vertex -7.53166 -6.14908 51.6749
    endloop
  endfacet
  facet normal -0.51381 -0.792502 -0.328544
    outer loop
      vertex -2.76618 -12.0024 58.3413
      vertex -7.53951 -6.12137 51.6203
      vertex -1.98077 -12.6718 58.7277
    endloop
  endfacet
  facet normal -0.51401 -0.792454 -0.328344
    outer loop
      vertex -7.55637 -6.07766 51.5412
      vertex -1.98077 -12.6718 58.7277
      vertex -7.53951 -6.12137 51.6203
    endloop
  endfacet
  facet normal -0.513694 -0.792529 -0.328658
    outer loop
      vertex -7.57832 -6.03175 51.4648
      vertex -1.98077 -12.6718 58.7277
      vertex -7.55637 -6.07766 51.5412
    endloop
  endfacet
  facet normal -0.514277 -0.79239 -0.32808
    outer loop
      vertex -7.60525 -5.98384 51.3913
      vertex -1.98077 -12.6718 58.7277
      vertex -7.57832 -6.03175 51.4648
    endloop
  endfacet
  facet normal -0.51301 -0.792694 -0.329329
    outer loop
      vertex -7.63706 -5.93413 51.3212
      vertex -1.98077 -12.6718 58.7277
      vertex -7.60525 -5.98384 51.3913
    endloop
  endfacet
  facet normal -0.514615 -0.792307 -0.327751
    outer loop
      vertex -7.67361 -5.88284 51.2546
      vertex -1.98077 -12.6718 58.7277
      vertex -7.63706 -5.93413 51.3212
    endloop
  endfacet
  facet normal -0.514767 -0.79227 -0.327602
    outer loop
      vertex -7.71474 -5.83019 51.1919
      vertex -1.98077 -12.6718 58.7277
      vertex -7.67361 -5.88284 51.2546
    endloop
  endfacet
  facet normal -0.513868 -0.792489 -0.328483
    outer loop
      vertex -12.6539 0.14236 44.5094
      vertex -8.04656 -5.49857 50.911
      vertex -8.09165 -5.46125 50.8915
    endloop
  endfacet
  facet normal -0.514225 -0.792397 -0.328144
    outer loop
      vertex -12.6539 0.14236 44.5094
      vertex -7.98228 -5.55453 50.9454
      vertex -8.04656 -5.49857 50.911
    endloop
  endfacet
  facet normal -0.513396 -0.792608 -0.328932
    outer loop
      vertex -12.6539 0.14236 44.5094
      vertex -7.92126 -5.61053 50.9851
      vertex -7.98228 -5.55453 50.9454
    endloop
  endfacet
  facet normal -0.513846 -0.792495 -0.328503
    outer loop
      vertex -12.8851 0.721667 43.4735
      vertex -7.92126 -5.61053 50.9851
      vertex -12.6539 0.14236 44.5094
    endloop
  endfacet
  facet normal -0.51465 -0.792271 -0.327783
    outer loop
      vertex -7.92126 -5.61053 50.9851
      vertex -12.8851 0.721667 43.4735
      vertex -7.86375 -5.66634 51.0297
    endloop
  endfacet
  facet normal -0.51406 -0.792435 -0.328313
    outer loop
      vertex -7.86375 -5.66634 51.0297
      vertex -12.8851 0.721667 43.4735
      vertex -7.81001 -5.72171 51.0792
    endloop
  endfacet
  facet normal -0.512452 -0.792875 -0.32976
    outer loop
      vertex -7.81001 -5.72171 51.0792
      vertex -12.8851 0.721667 43.4735
      vertex -7.76027 -5.7764 51.1334
    endloop
  endfacet
  facet normal -0.515885 -0.791931 -0.326662
    outer loop
      vertex -7.76027 -5.7764 51.1334
      vertex -12.8851 0.721667 43.4735
      vertex -7.71474 -5.83019 51.1919
    endloop
  endfacet
  facet normal -0.513851 -0.792492 -0.328501
    outer loop
      vertex -7.71474 -5.83019 51.1919
      vertex -12.8851 0.721667 43.4735
      vertex -1.98077 -12.6718 58.7277
    endloop
  endfacet
  facet normal -0.64356 -0.741238 -0.190778
    outer loop
      vertex -13.2523 1.64126 41.5754
      vertex -0.79802 -13.4845 58.3316
      vertex -1.09899 -13.2863 58.5768
    endloop
  endfacet
  facet normal -0.643613 -0.741209 -0.190713
    outer loop
      vertex -0.79802 -13.4845 58.3316
      vertex -13.2523 1.64126 41.5754
      vertex -13.3866 1.97761 40.7214
    endloop
  endfacet
  facet normal -0.876799 -0.383576 0.289988
    outer loop
      vertex -1.98969 -12.6995 51.5836
      vertex -13.0591 1.15731 36.4433
      vertex -12.8549 0.645858 36.3842
    endloop
  endfacet
  facet normal -0.876796 -0.383607 0.289957
    outer loop
      vertex -13.0591 1.15731 36.4433
      vertex -1.98969 -12.6995 51.5836
      vertex -1.53204 -13.001 52.5686
    endloop
  endfacet
  facet normal -0.748551 -0.6615 -0.0457135
    outer loop
      vertex -0.351444 -13.7787 57.0956
      vertex -13.4906 2.31864 39.3097
      vertex -13.4924 2.36194 38.7126
    endloop
  endfacet
  facet normal -0.748585 -0.661465 -0.045657
    outer loop
      vertex -13.4906 2.31864 39.3097
      vertex -0.351444 -13.7787 57.0956
      vertex -0.423445 -13.7313 57.5894
    endloop
  endfacet
  facet normal -0.860757 -0.137454 0.490105
    outer loop
      vertex -11.3536 -3.07419 37.4273
      vertex -11.4783 -2.80211 37.2846
      vertex -11.4654 -2.83333 37.2985
    endloop
  endfacet
  facet normal -0.857802 -0.13272 0.496549
    outer loop
      vertex -11.4783 -2.80211 37.2846
      vertex -11.3536 -3.07419 37.4273
      vertex -11.7349 -2.15941 37.0131
    endloop
  endfacet
  facet normal -0.857731 -0.132623 0.496698
    outer loop
      vertex -5.84366 -9.84188 45.1352
      vertex -11.7349 -2.15941 37.0131
      vertex -11.3536 -3.07419 37.4273
    endloop
  endfacet
  facet normal -0.857841 -0.133514 0.496269
    outer loop
      vertex -5.03478 -10.5541 46.3418
      vertex -5.84366 -9.84188 45.1352
      vertex -5.59144 -10.0797 45.5072
    endloop
  endfacet
  facet normal -0.857711 -0.132551 0.496751
    outer loop
      vertex -5.84366 -9.84188 45.1352
      vertex -5.03478 -10.5541 46.3418
      vertex -11.7349 -2.15941 37.0131
    endloop
  endfacet
  facet normal -0.857856 -0.133799 0.496166
    outer loop
      vertex -4.64525 -10.8674 46.9308
      vertex -5.03478 -10.5541 46.3418
      vertex -4.86968 -10.6941 46.5895
    endloop
  endfacet
  facet normal -0.857724 -0.132601 0.496715
    outer loop
      vertex -5.03478 -10.5541 46.3418
      vertex -4.64525 -10.8674 46.9308
      vertex -11.7349 -2.15941 37.0131
    endloop
  endfacet
  facet normal -0.802942 -0.593725 0.0526772
    outer loop
      vertex -0.439558 -13.7207 55.8731
      vertex -13.453 2.27686 37.8218
      vertex -13.4435 2.2516 37.6819
    endloop
  endfacet
  facet normal -0.802807 -0.593933 0.0523957
    outer loop
      vertex -13.453 2.27686 37.8218
      vertex -0.439558 -13.7207 55.8731
      vertex -13.4758 2.33844 38.1705
    endloop
  endfacet
  facet normal -0.802856 -0.593856 0.052501
    outer loop
      vertex -0.393957 -13.7507 56.2311
      vertex -13.4758 2.33844 38.1705
      vertex -0.439558 -13.7207 55.8731
    endloop
  endfacet
  facet normal -0.80276 -0.594004 0.0522998
    outer loop
      vertex -13.4758 2.33844 38.1705
      vertex -0.393957 -13.7507 56.2311
      vertex -0.357159 -13.7748 56.5222
    endloop
  endfacet
  facet normal -0.390813 0.578416 -0.716031
    outer loop
      vertex -7.89789 -5.55941 53.6573
      vertex -5.37414 0.322277 57.0311
      vertex -7.85212 -5.64324 53.5646
    endloop
  endfacet
  facet normal -0.390621 0.5784 -0.716148
    outer loop
      vertex -5.37414 0.322277 57.0311
      vertex -7.89789 -5.55941 53.6573
      vertex -5.45155 0.329925 57.0795
    endloop
  endfacet
  facet normal -0.446677 0.580939 -0.680433
    outer loop
      vertex -7.85212 -5.64324 53.5646
      vertex -5.29924 0.318096 56.9784
      vertex -7.80901 -5.72394 53.4674
    endloop
  endfacet
  facet normal -0.446441 0.580931 -0.680595
    outer loop
      vertex -5.29924 0.318096 56.9784
      vertex -7.85212 -5.64324 53.5646
      vertex -5.37414 0.322277 57.0311
    endloop
  endfacet
  facet normal 0.150263 0.449314 -0.880646
    outer loop
      vertex -8.39373 -4.72604 54.2368
      vertex -6.10432 0.546823 57.3177
      vertex -8.33399 -4.82089 54.1986
    endloop
  endfacet
  facet normal 0.15063 0.449163 -0.880661
    outer loop
      vertex -6.10432 0.546823 57.3177
      vertex -8.39373 -4.72604 54.2368
      vertex -6.18548 0.590118 57.3259
    endloop
  endfacet
  facet normal 0.828596 -0.0190518 -0.559522
    outer loop
      vertex -7.03373 1.29299 56.9594
      vertex -9.15095 -3.65237 53.9924
      vertex -7.07493 1.34547 56.8966
    endloop
  endfacet
  facet normal 0.828697 -0.0191877 -0.559368
    outer loop
      vertex -9.15095 -3.65237 53.9924
      vertex -7.03373 1.29299 56.9594
      vertex -9.10899 -3.703 54.0563
    endloop
  endfacet
  facet normal -0.858558 0.472416 -0.199252
    outer loop
      vertex -4.71765 0.546823 56.3264
      vertex -7.5665 -6.25748 52.4692
      vertex -4.75714 0.505802 56.3993
    endloop
  endfacet
  facet normal -0.858486 0.472478 -0.199415
    outer loop
      vertex -7.5665 -6.25748 52.4692
      vertex -4.71765 0.546823 56.3264
      vertex -7.55785 -6.29068 52.3533
    endloop
  endfacet
  facet normal -0.940731 0.306965 0.144216
    outer loop
      vertex -7.52257 -6.20455 51.7833
      vertex -4.60025 0.791569 55.9545
      vertex -4.59389 0.845967 55.8802
    endloop
  endfacet
  facet normal -0.940734 0.306918 0.144297
    outer loop
      vertex -4.60025 0.791569 55.9545
      vertex -7.52257 -6.20455 51.7833
      vertex -7.52241 -6.24327 51.8667
    endloop
  endfacet
  facet normal -0.334522 0.57349 -0.7478
    outer loop
      vertex -7.94611 -5.47279 53.7453
      vertex -5.45155 0.329925 57.0795
      vertex -7.89789 -5.55941 53.6573
    endloop
  endfacet
  facet normal -0.334502 0.573488 -0.74781
    outer loop
      vertex -5.45155 0.329925 57.0795
      vertex -7.94611 -5.47279 53.7453
      vertex -5.53114 0.341007 57.1236
    endloop
  endfacet
  facet normal 0.929058 -0.368753 -0.0295349
    outer loop
      vertex -9.38056 -3.4571 53.1789
      vertex -7.21719 1.75903 56.1053
      vertex -7.22638 1.7289 56.1924
    endloop
  endfacet
  facet normal 0.929068 -0.368722 -0.0295981
    outer loop
      vertex -7.21719 1.75903 56.1053
      vertex -9.38056 -3.4571 53.1789
      vertex -9.38761 -3.46605 53.0691
    endloop
  endfacet
  facet normal -0.901498 0.424228 -0.0856316
    outer loop
      vertex -4.6551 0.635501 56.1772
      vertex -7.5531 -6.31796 52.2381
      vertex -4.68359 0.590118 56.2523
    endloop
  endfacet
  facet normal -0.901485 0.424246 -0.0856738
    outer loop
      vertex -7.5531 -6.31796 52.2381
      vertex -4.6551 0.635501 56.1772
      vertex -7.55229 -6.33922 52.1243
    endloop
  endfacet
  facet normal -0.899765 0.132067 0.41591
    outer loop
      vertex -7.60525 -5.98384 51.3913
      vertex -4.62811 1.07061 55.5919
      vertex -4.65127 1.1276 55.5237
    endloop
  endfacet
  facet normal -0.899799 0.132138 0.415814
    outer loop
      vertex -4.62811 1.07061 55.5919
      vertex -7.60525 -5.98384 51.3913
      vertex -7.57832 -6.03175 51.4648
    endloop
  endfacet
  facet normal 0.879655 -0.0945421 -0.46612
    outer loop
      vertex -7.11169 1.39625 56.8297
      vertex -9.22599 -3.56745 53.8464
      vertex -7.14385 1.4451 56.7591
    endloop
  endfacet
  facet normal 0.879744 -0.0947001 -0.46592
    outer loop
      vertex -9.22599 -3.56745 53.8464
      vertex -7.11169 1.39625 56.8297
      vertex -9.19001 -3.60712 53.9224
    endloop
  endfacet
  facet normal -0.15665 0.544063 -0.824291
    outer loop
      vertex -8.10339 -5.20002 53.9769
      vertex -5.69293 0.3795 57.2015
      vertex -8.04908 -5.29271 53.9054
    endloop
  endfacet
  facet normal -0.156386 0.544001 -0.824382
    outer loop
      vertex -5.69293 0.3795 57.2015
      vertex -8.10339 -5.20002 53.9769
      vertex -5.7751 0.405129 57.234
    endloop
  endfacet
  facet normal -0.831329 0.493671 -0.255306
    outer loop
      vertex -4.75714 0.505802 56.3993
      vertex -7.57903 -6.21852 52.5855
      vertex -4.80188 0.467231 56.4704
    endloop
  endfacet
  facet normal -0.831528 0.493536 -0.25492
    outer loop
      vertex -7.57903 -6.21852 52.5855
      vertex -4.75714 0.505802 56.3993
      vertex -7.5665 -6.25748 52.4692
    endloop
  endfacet
  facet normal 0.328148 0.369001 -0.869573
    outer loop
      vertex -8.57395 -4.44784 54.3073
      vertex -6.34355 0.685971 57.3275
      vertex -8.51397 -4.53912 54.2912
    endloop
  endfacet
  facet normal 0.328844 0.368635 -0.869465
    outer loop
      vertex -6.34355 0.685971 57.3275
      vertex -8.57395 -4.44784 54.3073
      vertex -6.41977 0.738161 57.3208
    endloop
  endfacet
  facet normal 0.270576 0.397192 -0.876942
    outer loop
      vertex -8.51397 -4.53912 54.2912
      vertex -6.26578 0.635501 57.3286
      vertex -8.45382 -4.63198 54.2677
    endloop
  endfacet
  facet normal 0.277025 0.394042 -0.876349
    outer loop
      vertex -6.26578 0.635501 57.3286
      vertex -8.51397 -4.53912 54.2912
      vertex -6.27211 0.639284 57.3283
    endloop
  endfacet
  facet normal 0.269672 0.397622 -0.877025
    outer loop
      vertex -6.27211 0.639284 57.3283
      vertex -8.51397 -4.53912 54.2912
      vertex -6.34355 0.685971 57.3275
    endloop
  endfacet
  facet normal -0.328729 -0.36869 0.869485
    outer loop
      vertex -8.41177 -5.23968 50.8143
      vertex -5.41924 1.7289 54.9006
      vertex -5.50461 1.75903 54.8811
    endloop
  endfacet
  facet normal -0.328274 -0.368928 0.869557
    outer loop
      vertex -5.41924 1.7289 54.9006
      vertex -8.41177 -5.23968 50.8143
      vertex -8.33422 -5.28865 50.8228
    endloop
  endfacet
  facet normal -0.688998 0.556209 -0.464665
    outer loop
      vertex -4.96074 0.3795 56.6781
      vertex -7.6666 -6.00866 53.0436
      vertex -5.02239 0.357016 56.7426
    endloop
  endfacet
  facet normal -0.688909 0.556232 -0.464769
    outer loop
      vertex -7.6666 -6.00866 53.0436
      vertex -4.96074 0.3795 56.6781
      vertex -7.63926 -6.0688 52.9311
    endloop
  endfacet
  facet normal 0.940537 -0.274058 -0.200704
    outer loop
      vertex -9.33627 -3.4676 53.4901
      vertex -7.22907 1.6597 56.3636
      vertex -7.22257 1.62093 56.447
    endloop
  endfacet
  facet normal 0.940528 -0.273939 -0.200909
    outer loop
      vertex -7.22907 1.6597 56.3636
      vertex -9.33627 -3.4676 53.4901
      vertex -9.35484 -3.45787 53.3899
    endloop
  endfacet
  facet normal 0.940733 -0.306919 -0.1443
    outer loop
      vertex -9.35484 -3.45787 53.3899
      vertex -7.23035 1.69574 56.2786
      vertex -7.22907 1.6597 56.3636
    endloop
  endfacet
  facet normal 0.940729 -0.306994 -0.144162
    outer loop
      vertex -7.23035 1.69574 56.2786
      vertex -9.35484 -3.45787 53.3899
      vertex -9.36962 -3.45437 53.286
    endloop
  endfacet
  facet normal -0.729344 0.54402 -0.41485
    outer loop
      vertex -4.9034 0.405129 56.6109
      vertex -7.63926 -6.0688 52.9311
      vertex -4.96074 0.3795 56.6781
    endloop
  endfacet
  facet normal -0.729508 0.543966 -0.414632
    outer loop
      vertex -7.63926 -6.0688 52.9311
      vertex -4.9034 0.405129 56.6109
      vertex -7.61549 -6.12397 52.8169
    endloop
  endfacet
  facet normal -0.21079 -0.424201 0.880693
    outer loop
      vertex -8.5493 -5.09437 50.8445
      vertex -5.59202 1.78629 54.8665
      vertex -5.67979 1.81371 54.8587
    endloop
  endfacet
  facet normal -0.210993 -0.424111 0.880688
    outer loop
      vertex -5.59202 1.78629 54.8665
      vertex -8.5493 -5.09437 50.8445
      vertex -8.48921 -5.18843 50.8136
    endloop
  endfacet
  facet normal -0.940529 0.273936 0.200909
    outer loop
      vertex -7.52808 -6.16339 51.7013
      vertex -4.59389 0.845967 55.8802
      vertex -4.59359 0.901123 55.8064
    endloop
  endfacet
  facet normal -0.940535 0.274033 0.20075
    outer loop
      vertex -4.59389 0.845967 55.8802
      vertex -7.52808 -6.16339 51.7013
      vertex -7.52257 -6.20455 51.7833
    endloop
  endfacet
  facet normal -0.0888969 -0.472574 0.876796
    outer loop
      vertex -8.66821 -4.90429 50.928
      vertex -5.76885 1.83798 54.8559
      vertex -5.85884 1.85899 54.8581
    endloop
  endfacet
  facet normal -0.0891516 -0.472479 0.876821
    outer loop
      vertex -5.76885 1.83798 54.8559
      vertex -8.66821 -4.90429 50.928
      vertex -8.60905 -4.99952 50.8827
    endloop
  endfacet
  facet normal 0.797469 0.0191708 -0.603056
    outer loop
      vertex -6.98827 1.23903 57.0178
      vertex -9.10899 -3.703 54.0563
      vertex -7.03373 1.29299 56.9594
    endloop
  endfacet
  facet normal 0.797676 0.0189218 -0.602789
    outer loop
      vertex -9.10899 -3.703 54.0563
      vertex -6.98827 1.23903 57.0178
      vertex -9.06429 -3.75881 54.1137
    endloop
  endfacet
  facet normal 0.856058 -0.0570884 -0.513717
    outer loop
      vertex -7.07493 1.34547 56.8966
      vertex -9.19001 -3.60712 53.9224
      vertex -7.11169 1.39625 56.8297
    endloop
  endfacet
  facet normal 0.855802 -0.0566962 -0.514187
    outer loop
      vertex -9.19001 -3.60712 53.9224
      vertex -7.07493 1.34547 56.8966
      vertex -9.15095 -3.65237 53.9924
    endloop
  endfacet
  facet normal -0.0952035 0.52941 -0.843007
    outer loop
      vertex -8.15928 -5.10609 54.0422
      vertex -5.7751 0.405129 57.234
      vertex -8.10339 -5.20002 53.9769
    endloop
  endfacet
  facet normal -0.0954166 0.529467 -0.842947
    outer loop
      vertex -5.7751 0.405129 57.234
      vertex -8.15928 -5.10609 54.0422
      vertex -5.8581 0.433794 57.2614
    endloop
  endfacet
  facet normal 0.936903 -0.338567 -0.0870924
    outer loop
      vertex -9.36962 -3.45437 53.286
      vertex -7.22638 1.7289 56.1924
      vertex -7.23035 1.69574 56.2786
    endloop
  endfacet
  facet normal 0.936901 -0.338578 -0.0870717
    outer loop
      vertex -7.22638 1.7289 56.1924
      vertex -9.36962 -3.45437 53.286
      vertex -9.38056 -3.4571 53.1789
    endloop
  endfacet
  facet normal -0.275958 0.566029 -0.776826
    outer loop
      vertex -7.99658 -5.38376 53.8281
      vertex -5.53114 0.341007 57.1236
      vertex -7.94611 -5.47279 53.7453
    endloop
  endfacet
  facet normal -0.276679 0.566144 -0.776486
    outer loop
      vertex -5.53114 0.341007 57.1236
      vertex -7.99658 -5.38376 53.8281
      vertex -5.5863 0.350807 57.1504
    endloop
  endfacet
  facet normal -0.275189 0.565919 -0.777179
    outer loop
      vertex -5.5863 0.350807 57.1504
      vertex -7.99658 -5.38376 53.8281
      vertex -5.61194 0.357016 57.164
    endloop
  endfacet
  facet normal 0.0277054 0.493598 -0.869249
    outer loop
      vertex -8.27483 -4.91612 54.1533
      vertex -5.9408 0.467231 57.2846
      vertex -8.21651 -5.01132 54.1011
    endloop
  endfacet
  facet normal 0.0276511 0.493617 -0.86924
    outer loop
      vertex -5.9408 0.467231 57.2846
      vertex -8.27483 -4.91612 54.1533
      vertex -6.02264 0.505802 57.3039
    endloop
  endfacet
  facet normal 0.645297 -0.566112 0.512942
    outer loop
      vertex -9.27644 -3.81175 52.0377
      vertex -6.87252 1.93062 55.3511
      vertex -6.8918 1.92903 55.3736
    endloop
  endfacet
  facet normal 0.645515 -0.566071 0.512713
    outer loop
      vertex -9.27644 -3.81175 52.0377
      vertex -6.83069 1.9372 55.3057
      vertex -6.87252 1.93062 55.3511
    endloop
  endfacet
  facet normal 0.645363 -0.566098 0.512874
    outer loop
      vertex -6.83069 1.9372 55.3057
      vertex -9.27644 -3.81175 52.0377
      vertex -9.24566 -3.87659 51.9274
    endloop
  endfacet
  facet normal -0.928156 0.205051 0.310613
    outer loop
      vertex -7.55637 -6.07766 51.5412
      vertex -4.60903 1.00283 55.6741
      vertex -4.61098 1.01309 55.6615
    endloop
  endfacet
  facet normal -0.928065 0.204732 0.311094
    outer loop
      vertex -7.55637 -6.07766 51.5412
      vertex -4.59934 0.9568 55.7333
      vertex -4.60903 1.00283 55.6741
    endloop
  endfacet
  facet normal -0.928085 0.204802 0.310991
    outer loop
      vertex -4.59934 0.9568 55.7333
      vertex -7.55637 -6.07766 51.5412
      vertex -7.53951 -6.12137 51.6203
    endloop
  endfacet
  facet normal 0.210988 0.424108 -0.880691
    outer loop
      vertex -8.45382 -4.63198 54.2677
      vertex -6.18548 0.590118 57.3259
      vertex -8.39373 -4.72604 54.2368
    endloop
  endfacet
  facet normal 0.210263 0.424433 -0.880708
    outer loop
      vertex -6.18548 0.590118 57.3259
      vertex -8.45382 -4.63198 54.2677
      vertex -6.26578 0.635501 57.3286
    endloop
  endfacet
  facet normal 0.881845 -0.449357 0.142928
    outer loop
      vertex -9.38993 -3.50245 52.8432
      vertex -7.15552 1.83798 55.8472
      vertex -7.18168 1.81371 55.9323
    endloop
  endfacet
  facet normal 0.881858 -0.449342 0.142892
    outer loop
      vertex -7.15552 1.83798 55.8472
      vertex -9.38993 -3.50245 52.8432
      vertex -9.38518 -3.52973 52.7281
    endloop
  endfacet
  facet normal 0.899789 -0.132123 -0.41584
    outer loop
      vertex -9.22599 -3.56745 53.8464
      vertex -7.17128 1.49183 56.6849
      vertex -7.14385 1.4451 56.7591
    endloop
  endfacet
  facet normal 0.899737 -0.132019 -0.415986
    outer loop
      vertex -7.17128 1.49183 56.6849
      vertex -9.22599 -3.56745 53.8464
      vertex -9.25874 -3.53353 53.7648
    endloop
  endfacet
  facet normal 0.156245 -0.543966 0.824432
    outer loop
      vertex -8.89395 -4.5277 51.1759
      vertex -6.12755 1.90871 54.8984
      vertex -6.21543 1.9206 54.9229
    endloop
  endfacet
  facet normal 0.156655 -0.544061 0.824292
    outer loop
      vertex -6.12755 1.90871 54.8984
      vertex -8.89395 -4.5277 51.1759
      vertex -8.83964 -4.62039 51.1044
    endloop
  endfacet
  facet normal -0.599226 0.573498 -0.558595
    outer loop
      vertex -5.08676 0.341007 56.806
      vertex -7.73147 -5.87455 53.2617
      vertex -5.15423 0.329925 56.867
    endloop
  endfacet
  facet normal -0.599714 0.57344 -0.55813
    outer loop
      vertex -7.73147 -5.87455 53.2617
      vertex -5.08676 0.341007 56.806
      vertex -7.69738 -5.94382 53.1539
    endloop
  endfacet
  facet normal 0.594577 0.204823 -0.777512
    outer loop
      vertex -8.8622 -4.02864 54.2738
      vertex -6.7038 0.9568 57.2377
      vertex -8.80694 -4.1063 54.2956
    endloop
  endfacet
  facet normal 0.594485 0.204894 -0.777564
    outer loop
      vertex -6.7038 0.9568 57.2377
      vertex -8.8622 -4.02864 54.2738
      vertex -6.75668 1.00283 57.2094
    endloop
  endfacet
  facet normal 0.59751 0.202622 -0.775839
    outer loop
      vertex -6.75668 1.00283 57.2094
      vertex -8.8622 -4.02864 54.2738
      vertex -6.76795 1.01309 57.2034
    endloop
  endfacet
  facet normal -0.91725 0.397322 -0.0280681
    outer loop
      vertex -7.55229 -6.33922 52.1243
      vertex -4.63097 0.685971 56.1032
      vertex -7.53813 -6.31274 52.0364
    endloop
  endfacet
  facet normal -0.91723 0.397363 -0.0281551
    outer loop
      vertex -4.63097 0.685971 56.1032
      vertex -7.55229 -6.33922 52.1243
      vertex -4.65328 0.639284 56.1711
    endloop
  endfacet
  facet normal -0.91739 0.39704 -0.0274834
    outer loop
      vertex -4.65328 0.639284 56.1711
      vertex -7.55229 -6.33922 52.1243
      vertex -4.6551 0.635501 56.1772
    endloop
  endfacet
  facet normal -0.916629 0.398791 -0.0275253
    outer loop
      vertex -7.55229 -6.33922 52.1243
      vertex -7.53813 -6.31274 52.0364
      vertex -7.55257 -6.34054 52.1145
    endloop
  endfacet
  facet normal 0.274804 -0.565847 0.777367
    outer loop
      vertex -8.99693 -4.34762 51.336
      vertex -6.30225 1.92903 54.9522
      vertex -6.32981 1.93062 54.9631
    endloop
  endfacet
  facet normal 0.276348 -0.566086 0.776646
    outer loop
      vertex -8.99693 -4.34762 51.336
      vertex -6.32981 1.93062 54.9631
      vertex -6.38631 1.9372 54.988
    endloop
  endfacet
  facet normal 0.275957 -0.56603 0.776826
    outer loop
      vertex -6.30225 1.92903 54.9522
      vertex -8.99693 -4.34762 51.336
      vertex -8.94646 -4.43665 51.2532
    endloop
  endfacet
  facet normal -0.881881 0.449316 -0.142831
    outer loop
      vertex -4.68359 0.590118 56.2523
      vertex -7.55785 -6.29068 52.3533
      vertex -4.71765 0.546823 56.3264
    endloop
  endfacet
  facet normal -0.881909 0.449286 -0.142757
    outer loop
      vertex -7.55785 -6.29068 52.3533
      vertex -4.68359 0.590118 56.2523
      vertex -7.5531 -6.31796 52.2381
    endloop
  endfacet
  facet normal -0.936315 0.239941 0.256402
    outer loop
      vertex -7.53951 -6.12137 51.6203
      vertex -4.59359 0.901123 55.8064
      vertex -4.59934 0.9568 55.7333
    endloop
  endfacet
  facet normal -0.936316 0.239947 0.256392
    outer loop
      vertex -7.53166 -6.14908 51.6749
      vertex -4.59359 0.901123 55.8064
      vertex -7.53951 -6.12137 51.6203
    endloop
  endfacet
  facet normal -0.936263 0.239649 0.256864
    outer loop
      vertex -4.59359 0.901123 55.8064
      vertex -7.53166 -6.14908 51.6749
      vertex -7.52808 -6.16339 51.7013
    endloop
  endfacet
  facet normal 0.545636 0.239933 -0.802941
    outer loop
      vertex -8.80694 -4.1063 54.2956
      vertex -6.63653 0.901123 57.2668
      vertex -8.75023 -4.18741 54.3099
    endloop
  endfacet
  facet normal 0.545797 0.239818 -0.802866
    outer loop
      vertex -6.63653 0.901123 57.2668
      vertex -8.80694 -4.1063 54.2956
      vertex -6.7038 0.9568 57.2377
    endloop
  endfacet
  facet normal -0.0281375 -0.493459 0.869314
    outer loop
      vertex -8.72652 -4.80909 50.9802
      vertex -5.85884 1.85899 54.8581
      vertex -5.94937 1.87666 54.8652
    endloop
  endfacet
  facet normal -0.0277162 -0.493601 0.869247
    outer loop
      vertex -5.85884 1.85899 54.8581
      vertex -8.72652 -4.80909 50.9802
      vertex -8.66821 -4.90429 50.928
    endloop
  endfacet
  facet normal -0.216668 0.556209 -0.802301
    outer loop
      vertex -8.04908 -5.29271 53.9054
      vertex -5.61194 0.357016 57.164
      vertex -7.99658 -5.38376 53.8281
    endloop
  endfacet
  facet normal -0.216991 0.556272 -0.802169
    outer loop
      vertex -5.61194 0.357016 57.164
      vertex -8.04908 -5.29271 53.9054
      vertex -5.69293 0.3795 57.2015
    endloop
  endfacet
  facet normal 0.59969 -0.573439 0.558157
    outer loop
      vertex -9.24566 -3.87659 51.9274
      vertex -6.76522 1.94347 55.2418
      vertex -6.83069 1.9372 55.3057
    endloop
  endfacet
  facet normal 0.599673 -0.573441 0.558174
    outer loop
      vertex -6.76522 1.94347 55.2418
      vertex -9.24566 -3.87659 51.9274
      vertex -9.21156 -3.94586 51.8196
    endloop
  endfacet
  facet normal 0.391434 -0.57846 0.715656
    outer loop
      vertex -9.09091 -4.17717 51.5167
      vertex -6.4679 1.94347 55.0293
      vertex -6.54733 1.94626 55.075
    endloop
  endfacet
  facet normal 0.390855 -0.578415 0.716009
    outer loop
      vertex -6.4679 1.94347 55.0293
      vertex -9.09091 -4.17717 51.5167
      vertex -9.04515 -4.261 51.424
    endloop
  endfacet
  facet normal -0.0340127 0.51266 -0.857918
    outer loop
      vertex -8.21651 -5.01132 54.1011
      vertex -5.8581 0.433794 57.2614
      vertex -8.15928 -5.10609 54.0422
    endloop
  endfacet
  facet normal -0.0331219 0.512389 -0.858115
    outer loop
      vertex -5.8581 0.433794 57.2614
      vertex -8.21651 -5.01132 54.1011
      vertex -5.90612 0.451959 57.2741
    endloop
  endfacet
  facet normal -0.0339977 0.512649 -0.857925
    outer loop
      vertex -5.90612 0.451959 57.2741
      vertex -8.21651 -5.01132 54.1011
      vertex -5.9408 0.467231 57.2846
    endloop
  endfacet
  facet normal -0.550405 0.578458 -0.602031
    outer loop
      vertex -7.76874 -5.80115 53.3663
      vertex -5.15423 0.329925 56.867
      vertex -7.73147 -5.87455 53.2617
    endloop
  endfacet
  facet normal -0.550909 0.578427 -0.6016
    outer loop
      vertex -5.15423 0.329925 56.867
      vertex -7.76874 -5.80115 53.3663
      vertex -5.22516 0.322277 56.9246
    endloop
  endfacet
  facet normal 0.49415 0.274153 -0.825019
    outer loop
      vertex -8.75023 -4.18741 54.3099
      vertex -6.56657 0.845967 57.2904
      vertex -8.69233 -4.27161 54.3166
    endloop
  endfacet
  facet normal 0.494331 0.274033 -0.82495
    outer loop
      vertex -6.56657 0.845967 57.2904
      vertex -8.75023 -4.18741 54.3099
      vertex -6.63653 0.901123 57.2668
    endloop
  endfacet
  facet normal -0.929071 0.368715 0.0296106
    outer loop
      vertex -7.53813 -6.31274 52.0364
      vertex -4.61263 0.738161 56.029
      vertex -7.52761 -6.27939 51.9512
    endloop
  endfacet
  facet normal -0.929082 0.368681 0.0296782
    outer loop
      vertex -4.61263 0.738161 56.029
      vertex -7.53813 -6.31274 52.0364
      vertex -4.63097 0.685971 56.1032
    endloop
  endfacet
  facet normal 0.729402 -0.544002 0.414772
    outer loop
      vertex -9.32754 -3.69644 52.2644
      vertex -6.94762 1.9206 55.4463
      vertex -6.99925 1.90871 55.5215
    endloop
  endfacet
  facet normal 0.729506 -0.543967 0.414633
    outer loop
      vertex -6.94762 1.9206 55.4463
      vertex -9.32754 -3.69644 52.2644
      vertex -9.30377 -3.75161 52.1502
    endloop
  endfacet
  facet normal 0.446081 -0.580919 0.680842
    outer loop
      vertex -9.13402 -4.09647 51.6139
      vertex -6.54733 1.94626 55.075
      vertex -6.62425 1.94556 55.1248
    endloop
  endfacet
  facet normal 0.446677 -0.58094 0.680433
    outer loop
      vertex -6.54733 1.94626 55.075
      vertex -9.13402 -4.09647 51.6139
      vertex -9.09091 -4.17717 51.5167
    endloop
  endfacet
  facet normal 0.901509 -0.424211 0.0855942
    outer loop
      vertex -9.39074 -3.48119 52.957
      vertex -7.18168 1.81371 55.9323
      vertex -7.20271 1.78629 56.0179
    endloop
  endfacet
  facet normal 0.901485 -0.424246 0.0856737
    outer loop
      vertex -7.18168 1.81371 55.9323
      vertex -9.39074 -3.48119 52.957
      vertex -9.38993 -3.50245 52.8432
    endloop
  endfacet
  facet normal 0.915839 -0.168687 -0.364394
    outer loop
      vertex -9.25874 -3.53353 53.7648
      vertex -7.19386 1.53622 56.6076
      vertex -7.17128 1.49183 56.6849
    endloop
  endfacet
  facet normal 0.915846 -0.168704 -0.364368
    outer loop
      vertex -7.19386 1.53622 56.6076
      vertex -9.25874 -3.53353 53.7648
      vertex -9.28811 -3.5055 53.678
    endloop
  endfacet
  facet normal -0.64597 0.565984 -0.512235
    outer loop
      vertex -5.0436 0.350807 56.7624
      vertex -7.69738 -5.94382 53.1539
      vertex -5.08676 0.341007 56.806
    endloop
  endfacet
  facet normal -0.644939 0.566174 -0.513323
    outer loop
      vertex -5.02239 0.357016 56.7426
      vertex -7.69738 -5.94382 53.1539
      vertex -5.0436 0.350807 56.7624
    endloop
  endfacet
  facet normal -0.645363 0.566098 -0.512874
    outer loop
      vertex -7.69738 -5.94382 53.1539
      vertex -5.02239 0.357016 56.7426
      vertex -7.6666 -6.00866 53.0436
    endloop
  endfacet
  facet normal -0.828467 0.0188863 0.559719
    outer loop
      vertex -7.71474 -5.83019 51.1919
      vertex -4.71529 1.23903 55.393
      vertex -4.75588 1.29299 55.3311
    endloop
  endfacet
  facet normal -0.828589 0.0190481 0.559533
    outer loop
      vertex -4.71529 1.23903 55.393
      vertex -7.71474 -5.83019 51.1919
      vertex -7.67361 -5.88284 51.2546
    endloop
  endfacet
  facet normal -0.592366 -0.206498 0.778756
    outer loop
      vertex -8.04656 -5.49857 50.911
      vertex -5.03689 1.53622 55.0657
      vertex -5.04934 1.54365 55.0582
    endloop
  endfacet
  facet normal -0.594845 -0.204621 0.777361
    outer loop
      vertex -8.04656 -5.49857 50.911
      vertex -5.04934 1.54365 55.0582
      vertex -5.1064 1.5796 55.024
    endloop
  endfacet
  facet normal -0.594488 -0.204887 0.777564
    outer loop
      vertex -5.03689 1.53622 55.0657
      vertex -8.04656 -5.49857 50.911
      vertex -7.98228 -5.55453 50.9454
    endloop
  endfacet
  facet normal 0.334472 -0.573483 0.747827
    outer loop
      vertex -9.04515 -4.261 51.424
      vertex -6.38631 1.9372 54.988
      vertex -6.4679 1.94347 55.0293
    endloop
  endfacet
  facet normal 0.334523 -0.573489 0.7478
    outer loop
      vertex -6.38631 1.9372 54.988
      vertex -9.04515 -4.261 51.424
      vertex -8.99693 -4.34762 51.336
    endloop
  endfacet
  facet normal 0.689067 -0.556194 0.46458
    outer loop
      vertex -9.30377 -3.75161 52.1502
      vertex -6.8918 1.92903 55.3736
      vertex -6.94762 1.9206 55.4463
    endloop
  endfacet
  facet normal 0.688954 -0.556222 0.464714
    outer loop
      vertex -6.8918 1.92903 55.3736
      vertex -9.30377 -3.75161 52.1502
      vertex -9.27644 -3.81175 52.0377
    endloop
  endfacet
  facet normal -0.725546 -0.0947068 0.681626
    outer loop
      vertex -7.86375 -5.66634 51.0297
      vertex -4.85332 1.39625 55.2154
      vertex -4.90977 1.4451 55.1621
    endloop
  endfacet
  facet normal -0.725504 -0.0947478 0.681665
    outer loop
      vertex -4.85332 1.39625 55.2154
      vertex -7.86375 -5.66634 51.0297
      vertex -7.81001 -5.72171 51.0792
    endloop
  endfacet
  facet normal 0.0891482 0.472478 -0.876822
    outer loop
      vertex -8.33399 -4.82089 54.1986
      vertex -6.02264 0.505802 57.3039
      vertex -8.27483 -4.91612 54.1533
    endloop
  endfacet
  facet normal 0.0891455 0.472479 -0.876822
    outer loop
      vertex -6.02264 0.505802 57.3039
      vertex -8.33399 -4.82089 54.1986
      vertex -6.10432 0.546823 57.3177
    endloop
  endfacet
  facet normal -0.499539 0.580933 -0.642634
    outer loop
      vertex -7.80901 -5.72394 53.4674
      vertex -5.22516 0.322277 56.9246
      vertex -7.76874 -5.80115 53.3663
    endloop
  endfacet
  facet normal -0.499511 0.580933 -0.642655
    outer loop
      vertex -5.22516 0.322277 56.9246
      vertex -7.80901 -5.72394 53.4674
      vertex -5.29924 0.318096 56.9784
    endloop
  endfacet
  facet normal 0.800931 -0.512551 0.309517
    outer loop
      vertex -9.364 -3.60189 52.4959
      vertex -7.07097 1.88271 55.6446
      vertex -7.08829 1.87666 55.6794
    endloop
  endfacet
  facet normal 0.800964 -0.512533 0.309462
    outer loop
      vertex -9.364 -3.60189 52.4959
      vertex -7.04646 1.89342 55.5989
      vertex -7.07097 1.88271 55.6446
    endloop
  endfacet
  facet normal 0.800865 -0.512586 0.309631
    outer loop
      vertex -7.04646 1.89342 55.5989
      vertex -9.364 -3.60189 52.4959
      vertex -9.34764 -3.64646 52.3798
    endloop
  endfacet
  facet normal -0.800817 0.512615 -0.309707
    outer loop
      vertex -4.82303 0.451959 56.4999
      vertex -7.59539 -6.17395 52.7015
      vertex -4.85063 0.433794 56.5412
    endloop
  endfacet
  facet normal -0.801167 0.512424 -0.309117
    outer loop
      vertex -4.80188 0.467231 56.4704
      vertex -7.59539 -6.17395 52.7015
      vertex -4.82303 0.451959 56.4999
    endloop
  endfacet
  facet normal -0.800699 0.512676 -0.309909
    outer loop
      vertex -7.59539 -6.17395 52.7015
      vertex -4.80188 0.467231 56.4704
      vertex -7.57903 -6.21852 52.5855
    endloop
  endfacet
  facet normal 0.441503 0.306599 -0.843251
    outer loop
      vertex -8.69233 -4.27161 54.3166
      vertex -6.49421 0.791569 57.3084
      vertex -8.63349 -4.35854 54.3158
    endloop
  endfacet
  facet normal 0.44069 0.307096 -0.843496
    outer loop
      vertex -6.49421 0.791569 57.3084
      vertex -8.69233 -4.27161 54.3166
      vertex -6.56657 0.845967 57.2904
    endloop
  endfacet
  facet normal 0.0331446 -0.512392 0.858112
    outer loop
      vertex -8.78375 -4.71432 51.0391
      vertex -5.94937 1.87666 54.8652
      vertex -5.98788 1.88271 54.8703
    endloop
  endfacet
  facet normal 0.0351432 -0.512987 0.857677
    outer loop
      vertex -8.78375 -4.71432 51.0391
      vertex -5.98788 1.88271 54.8703
      vertex -6.03899 1.89342 54.8788
    endloop
  endfacet
  facet normal 0.03402 -0.512657 0.857919
    outer loop
      vertex -5.94937 1.87666 54.8652
      vertex -8.78375 -4.71432 51.0391
      vertex -8.72652 -4.80909 50.9802
    endloop
  endfacet
  facet normal 0.763423 0.0567481 -0.643401
    outer loop
      vertex -6.93874 1.18382 57.0717
      vertex -9.06429 -3.75881 54.1137
      vertex -6.98827 1.23903 57.0178
    endloop
  endfacet
  facet normal 0.763105 0.0570927 -0.643748
    outer loop
      vertex -9.06429 -3.75881 54.1137
      vertex -6.93874 1.18382 57.0717
      vertex -9.01706 -3.81955 54.1643
    endloop
  endfacet
  facet normal -0.856003 0.0569994 0.513819
    outer loop
      vertex -7.67361 -5.88284 51.2546
      vertex -4.68037 1.18382 55.4573
      vertex -4.71529 1.23903 55.393
    endloop
  endfacet
  facet normal -0.856045 0.0570631 0.513742
    outer loop
      vertex -4.68037 1.18382 55.4573
      vertex -7.67361 -5.88284 51.2546
      vertex -7.63706 -5.93413 51.3212
    endloop
  endfacet
  facet normal -0.879791 0.0947755 0.465816
    outer loop
      vertex -7.63706 -5.93413 51.3212
      vertex -4.65127 1.1276 55.5237
      vertex -4.68037 1.18382 55.4573
    endloop
  endfacet
  facet normal -0.879633 0.0944975 0.466171
    outer loop
      vertex -4.65127 1.1276 55.5237
      vertex -7.63706 -5.93413 51.3212
      vertex -7.60525 -5.98384 51.3913
    endloop
  endfacet
  facet normal 0.936306 -0.239882 -0.256492
    outer loop
      vertex -9.31399 -3.48349 53.5863
      vertex -7.22257 1.62093 56.447
      vertex -7.21086 1.5796 56.5284
    endloop
  endfacet
  facet normal 0.936308 -0.239893 -0.256474
    outer loop
      vertex -7.22257 1.62093 56.447
      vertex -9.31399 -3.48349 53.5863
      vertex -9.33627 -3.4676 53.4901
    endloop
  endfacet
  facet normal 0.385416 0.338674 -0.858344
    outer loop
      vertex -8.63349 -4.35854 54.3158
      vertex -6.41977 0.738161 57.3208
      vertex -8.57395 -4.44784 54.3073
    endloop
  endfacet
  facet normal 0.385797 0.338458 -0.858258
    outer loop
      vertex -6.41977 0.738161 57.3208
      vertex -8.63349 -4.35854 54.3158
      vertex -6.49421 0.791569 57.3084
    endloop
  endfacet
  facet normal -0.766855 0.529398 -0.362866
    outer loop
      vertex -4.85063 0.433794 56.5412
      vertex -7.61549 -6.12397 52.8169
      vertex -4.9034 0.405129 56.6109
    endloop
  endfacet
  facet normal -0.766864 0.529394 -0.362852
    outer loop
      vertex -7.61549 -6.12397 52.8169
      vertex -4.85063 0.433794 56.5412
      vertex -7.59539 -6.17395 52.7015
    endloop
  endfacet
  facet normal 0.917254 -0.397313 0.0280499
    outer loop
      vertex -9.38761 -3.46605 53.0691
      vertex -7.20397 1.78386 56.0247
      vertex -7.21719 1.75903 56.1053
    endloop
  endfacet
  facet normal 0.917268 -0.397286 0.0279928
    outer loop
      vertex -9.38761 -3.46605 53.0691
      vertex -7.20271 1.78629 56.0179
      vertex -7.20397 1.78386 56.0247
    endloop
  endfacet
  facet normal 0.917255 -0.397313 0.0280491
    outer loop
      vertex -7.20271 1.78629 56.0179
      vertex -9.38761 -3.46605 53.0691
      vertex -9.39074 -3.48119 52.957
    endloop
  endfacet
  facet normal -0.685062 -0.131759 0.71647
    outer loop
      vertex -7.92126 -5.61053 50.9851
      vertex -4.90977 1.4451 55.1621
      vertex -4.97105 1.49183 55.1121
    endloop
  endfacet
  facet normal -0.684432 -0.132322 0.716968
    outer loop
      vertex -4.90977 1.4451 55.1621
      vertex -7.92126 -5.61053 50.9851
      vertex -7.86375 -5.66634 51.0297
    endloop
  endfacet
  facet normal -0.915772 0.168504 0.364648
    outer loop
      vertex -7.57832 -6.03175 51.4648
      vertex -4.61098 1.01309 55.6615
      vertex -4.62811 1.07061 55.5919
    endloop
  endfacet
  facet normal -0.915823 0.16864 0.364458
    outer loop
      vertex -4.61098 1.01309 55.6615
      vertex -7.57832 -6.03175 51.4648
      vertex -7.55637 -6.07766 51.5412
    endloop
  endfacet
  facet normal -0.150144 -0.449364 0.880641
    outer loop
      vertex -8.60905 -4.99952 50.8827
      vertex -5.67979 1.81371 54.8587
      vertex -5.76885 1.83798 54.8559
    endloop
  endfacet
  facet normal -0.15025 -0.449321 0.880645
    outer loop
      vertex -5.67979 1.81371 54.8587
      vertex -8.60905 -4.99952 50.8827
      vertex -8.5493 -5.09437 50.8445
    endloop
  endfacet
  facet normal -0.763141 -0.0570578 0.643708
    outer loop
      vertex -7.81001 -5.72171 51.0792
      vertex -4.80195 1.34547 55.2718
      vertex -4.85332 1.39625 55.2154
    endloop
  endfacet
  facet normal -0.763444 -0.0567322 0.643377
    outer loop
      vertex -4.80195 1.34547 55.2718
      vertex -7.81001 -5.72171 51.0792
      vertex -7.76027 -5.7764 51.1334
    endloop
  endfacet
  facet normal -0.385238 -0.338774 0.858385
    outer loop
      vertex -8.33422 -5.28865 50.8228
      vertex -5.33638 1.69574 54.9247
      vertex -5.41924 1.7289 54.9006
    endloop
  endfacet
  facet normal -0.385643 -0.338546 0.858293
    outer loop
      vertex -5.33638 1.69574 54.9247
      vertex -8.33422 -5.28865 50.8228
      vertex -8.25855 -5.3391 50.8369
    endloop
  endfacet
  facet normal 0.928041 -0.204652 -0.311218
    outer loop
      vertex -9.28811 -3.5055 53.678
      vertex -7.21086 1.5796 56.5284
      vertex -7.19699 1.54365 56.5934
    endloop
  endfacet
  facet normal 0.927983 -0.204451 -0.311525
    outer loop
      vertex -9.28811 -3.5055 53.678
      vertex -7.19699 1.54365 56.5934
      vertex -7.19386 1.53622 56.6076
    endloop
  endfacet
  facet normal 0.92807 -0.204748 -0.311068
    outer loop
      vertex -7.21086 1.5796 56.5284
      vertex -9.28811 -3.5055 53.678
      vertex -9.31399 -3.48349 53.5863
    endloop
  endfacet
  facet normal 0.499835 -0.580922 0.642412
    outer loop
      vertex -9.17429 -4.01926 51.715
      vertex -6.62425 1.94556 55.1248
      vertex -6.69631 1.94626 55.1815
    endloop
  endfacet
  facet normal 0.499549 -0.580926 0.642632
    outer loop
      vertex -6.62425 1.94556 55.1248
      vertex -9.17429 -4.01926 51.715
      vertex -9.13402 -4.09647 51.6139
    endloop
  endfacet
  facet normal -0.936901 0.338578 0.0870717
    outer loop
      vertex -7.52761 -6.27939 51.9512
      vertex -4.60025 0.791569 55.9545
      vertex -7.52241 -6.24327 51.8667
    endloop
  endfacet
  facet normal -0.936898 0.338593 0.0870438
    outer loop
      vertex -4.60025 0.791569 55.9545
      vertex -7.52761 -6.27939 51.9512
      vertex -4.61263 0.738161 56.029
    endloop
  endfacet
  facet normal 0.216743 -0.55622 0.802273
    outer loop
      vertex -8.94646 -4.43665 51.2532
      vertex -6.21543 1.9206 54.9229
      vertex -6.30225 1.92903 54.9522
    endloop
  endfacet
  facet normal 0.216651 -0.556202 0.80231
    outer loop
      vertex -6.21543 1.9206 54.9229
      vertex -8.94646 -4.43665 51.2532
      vertex -8.89395 -4.5277 51.1759
    endloop
  endfacet
  facet normal 0.831387 -0.493633 0.25519
    outer loop
      vertex -9.37653 -3.56293 52.6121
      vertex -7.08829 1.87666 55.6794
      vertex -7.12435 1.85899 55.7627
    endloop
  endfacet
  facet normal 0.831406 -0.49362 0.255154
    outer loop
      vertex -7.08829 1.87666 55.6794
      vertex -9.37653 -3.56293 52.6121
      vertex -9.364 -3.60189 52.4959
    endloop
  endfacet
  facet normal -0.270595 -0.397174 0.876944
    outer loop
      vertex -8.48921 -5.18843 50.8136
      vertex -5.50461 1.75903 54.8811
      vertex -5.58513 1.78386 54.8675
    endloop
  endfacet
  facet normal -0.267849 -0.398467 0.877201
    outer loop
      vertex -8.48921 -5.18843 50.8136
      vertex -5.58513 1.78386 54.8675
      vertex -5.59202 1.78629 54.8665
    endloop
  endfacet
  facet normal -0.270734 -0.397107 0.876932
    outer loop
      vertex -5.50461 1.75903 54.8811
      vertex -8.48921 -5.18843 50.8136
      vertex -8.41177 -5.23968 50.8143
    endloop
  endfacet
  facet normal -0.266313 -0.390369 0.8813
    outer loop
      vertex -8.41177 -5.23968 50.8143
      vertex -8.48921 -5.18843 50.8136
      vertex -8.48397 -5.19652 50.8116
    endloop
  endfacet
  facet normal -0.641242 -0.168624 0.748581
    outer loop
      vertex -7.98228 -5.55453 50.9454
      vertex -4.97105 1.49183 55.1121
      vertex -5.03689 1.53622 55.0657
    endloop
  endfacet
  facet normal -0.641489 -0.168421 0.748416
    outer loop
      vertex -4.97105 1.49183 55.1121
      vertex -7.98228 -5.55453 50.9454
      vertex -7.92126 -5.61053 50.9851
    endloop
  endfacet
  facet normal -0.545547 -0.239992 0.802983
    outer loop
      vertex -8.11412 -5.44358 50.8815
      vertex -5.1064 1.5796 55.024
      vertex -5.17963 1.62093 54.9866
    endloop
  endfacet
  facet normal -0.545745 -0.239852 0.802891
    outer loop
      vertex -5.1064 1.5796 55.024
      vertex -8.09165 -5.46125 50.8915
      vertex -8.04656 -5.49857 50.911
    endloop
  endfacet
  facet normal -0.545851 -0.239777 0.802841
    outer loop
      vertex -5.1064 1.5796 55.024
      vertex -8.11412 -5.44358 50.8815
      vertex -8.09165 -5.46125 50.8915
    endloop
  endfacet
  facet normal 0.725509 0.0947402 -0.681661
    outer loop
      vertex -6.88536 1.1276 57.1207
      vertex -9.01706 -3.81955 54.1643
      vertex -6.93874 1.18382 57.0717
    endloop
  endfacet
  facet normal 0.725645 0.0946057 -0.681534
    outer loop
      vertex -9.01706 -3.81955 54.1643
      vertex -6.88536 1.1276 57.1207
      vertex -8.96749 -3.88495 54.208
    endloop
  endfacet
  facet normal 0.858563 -0.472411 0.199243
    outer loop
      vertex -9.38518 -3.52973 52.7281
      vertex -7.12435 1.85899 55.7627
      vertex -7.15552 1.83798 55.8472
    endloop
  endfacet
  facet normal 0.85857 -0.472405 0.199228
    outer loop
      vertex -7.12435 1.85899 55.7627
      vertex -9.38518 -3.52973 52.7281
      vertex -9.37653 -3.56293 52.6121
    endloop
  endfacet
  facet normal -0.79762 -0.0189926 0.602861
    outer loop
      vertex -7.76027 -5.7764 51.1334
      vertex -4.75588 1.29299 55.3311
      vertex -4.80195 1.34547 55.2718
    endloop
  endfacet
  facet normal -0.797476 -0.0191643 0.603047
    outer loop
      vertex -4.75588 1.29299 55.3311
      vertex -7.76027 -5.7764 51.1334
      vertex -7.71474 -5.83019 51.1919
    endloop
  endfacet
  facet normal -0.494878 -0.273674 0.824741
    outer loop
      vertex -8.18508 -5.39082 50.8565
      vertex -5.17963 1.62093 54.9866
      vertex -5.2564 1.6597 54.9534
    endloop
  endfacet
  facet normal -0.494365 -0.274009 0.824937
    outer loop
      vertex -5.17963 1.62093 54.9866
      vertex -8.18508 -5.39082 50.8565
      vertex -8.11412 -5.44358 50.8815
    endloop
  endfacet
  facet normal 0.0951733 -0.529402 0.843016
    outer loop
      vertex -8.83964 -4.62039 51.1044
      vertex -6.03899 1.89342 54.8788
      vertex -6.12755 1.90871 54.8984
    endloop
  endfacet
  facet normal 0.0952029 -0.52941 0.843007
    outer loop
      vertex -6.03899 1.89342 54.8788
      vertex -8.83964 -4.62039 51.1044
      vertex -8.78375 -4.71432 51.0391
    endloop
  endfacet
  facet normal 0.550304 -0.578467 0.602114
    outer loop
      vertex -9.21156 -3.94586 51.8196
      vertex -6.69631 1.94626 55.1815
      vertex -6.76522 1.94347 55.2418
    endloop
  endfacet
  facet normal 0.5504 -0.578461 0.602031
    outer loop
      vertex -6.69631 1.94626 55.1815
      vertex -9.21156 -3.94586 51.8196
      vertex -9.17429 -4.01926 51.715
    endloop
  endfacet
  facet normal -0.440957 -0.306926 0.843418
    outer loop
      vertex -8.25855 -5.3391 50.8369
      vertex -5.2564 1.6597 54.9534
      vertex -5.33638 1.69574 54.9247
    endloop
  endfacet
  facet normal -0.44103 -0.306881 0.843396
    outer loop
      vertex -5.2564 1.6597 54.9534
      vertex -8.25855 -5.3391 50.8369
      vertex -8.18508 -5.39082 50.8565
    endloop
  endfacet
  facet normal 0.684623 0.132154 -0.716817
    outer loop
      vertex -8.96749 -3.88495 54.208
      vertex -6.82834 1.07061 57.1647
      vertex -8.9158 -3.95475 54.2445
    endloop
  endfacet
  facet normal 0.684862 0.131939 -0.716628
    outer loop
      vertex -6.82834 1.07061 57.1647
      vertex -8.96749 -3.88495 54.208
      vertex -6.88536 1.1276 57.1207
    endloop
  endfacet
  facet normal 0.641408 0.168484 -0.748471
    outer loop
      vertex -8.9158 -3.95475 54.2445
      vertex -6.76795 1.01309 57.2034
      vertex -8.8622 -4.02864 54.2738
    endloop
  endfacet
  facet normal 0.640829 0.168965 -0.748858
    outer loop
      vertex -6.76795 1.01309 57.2034
      vertex -8.9158 -3.95475 54.2445
      vertex -6.82834 1.07061 57.1647
    endloop
  endfacet
  facet normal 0.76672 -0.529454 0.363068
    outer loop
      vertex -9.34764 -3.64646 52.3798
      vertex -6.99925 1.90871 55.5215
      vertex -7.04646 1.89342 55.5989
    endloop
  endfacet
  facet normal 0.766865 -0.529393 0.362851
    outer loop
      vertex -6.99925 1.90871 55.5215
      vertex -9.34764 -3.64646 52.3798
      vertex -9.32754 -3.69644 52.2644
    endloop
  endfacet
  facet normal -0.391552 0.578457 -0.715594
    outer loop
      vertex 1.22326 -14.7635 66.2602
      vertex 3.06636 -10.1324 68.9953
      vertex 3.14377 -10.14 68.9468
    endloop
  endfacet
  facet normal -0.372421 0.601273 -0.706946
    outer loop
      vertex 1.15559 -14.7324 66.3223
      vertex 1.22326 -14.7635 66.2602
      vertex 1.16427 -14.7369 66.3139
    endloop
  endfacet
  facet normal -0.391099 0.578434 -0.715861
    outer loop
      vertex 1.22326 -14.7635 66.2602
      vertex 1.15559 -14.7324 66.3223
      vertex 3.06636 -10.1324 68.9953
    endloop
  endfacet
  facet normal -0.445726 0.580913 -0.681079
    outer loop
      vertex 1.28788 -14.7924 66.1932
      vertex 3.14377 -10.14 68.9468
      vertex 3.21867 -10.1442 68.8942
    endloop
  endfacet
  facet normal -0.446103 0.580915 -0.68083
    outer loop
      vertex 3.14377 -10.14 68.9468
      vertex 1.28788 -14.7924 66.1932
      vertex 1.22326 -14.7635 66.2602
    endloop
  endfacet
  facet normal 0.15019 0.449352 -0.880639
    outer loop
      vertex 0.481718 -14.3276 66.6527
      vertex 2.41359 -9.91546 69.2335
      vertex 0.559563 -14.3789 66.6398
    endloop
  endfacet
  facet normal 0.15061 0.449178 -0.880656
    outer loop
      vertex 2.41359 -9.91546 69.2335
      vertex 0.481718 -14.3276 66.6527
      vertex 2.33243 -9.87217 69.2417
    endloop
  endfacet
  facet normal 0.828593 -0.0190556 -0.559527
    outer loop
      vertex 1.48418 -9.1693 68.8752
      vertex -0.454161 -13.684 66.1585
      vertex 1.44298 -9.11681 68.8124
    endloop
  endfacet
  facet normal 0.828529 -0.0189688 -0.559625
    outer loop
      vertex -0.454161 -13.684 66.1585
      vertex 1.48418 -9.1693 68.8752
      vertex -0.406225 -13.7203 66.2307
    endloop
  endfacet
  facet normal -0.858494 0.472468 -0.199403
    outer loop
      vertex 3.80026 -9.91546 68.2422
      vertex 1.68789 -14.9468 65.4153
      vertex 3.76077 -9.95649 68.315
    endloop
  endfacet
  facet normal -0.858509 0.472456 -0.199369
    outer loop
      vertex 1.68789 -14.9468 65.4153
      vertex 3.80026 -9.91546 68.2422
      vertex 1.7083 -14.9517 65.3158
    endloop
  endfacet
  facet normal -0.940733 0.306925 0.144285
    outer loop
      vertex 1.72702 -14.9445 64.8058
      vertex 3.92402 -9.61632 67.796
      vertex 1.71398 -14.9368 64.7044
    endloop
  endfacet
  facet normal -0.940732 0.30696 0.14422
    outer loop
      vertex 3.92402 -9.61632 67.796
      vertex 1.72702 -14.9445 64.8058
      vertex 3.91766 -9.67072 67.8703
    endloop
  endfacet
  facet normal -0.334403 0.573478 -0.747862
    outer loop
      vertex 1.15559 -14.7324 66.3223
      vertex 2.98677 -10.1213 69.0394
      vertex 3.06636 -10.1324 68.9953
    endloop
  endfacet
  facet normal -0.264258 0.649329 -0.713119
    outer loop
      vertex 1.08675 -14.6954 66.3815
      vertex 1.15559 -14.7324 66.3223
      vertex 1.1114 -14.7092 66.3598
    endloop
  endfacet
  facet normal -0.334737 0.573509 -0.747688
    outer loop
      vertex 1.15559 -14.7324 66.3223
      vertex 1.08675 -14.6954 66.3815
      vertex 2.98677 -10.1213 69.0394
    endloop
  endfacet
  facet normal 0.929063 -0.368738 -0.0295713
    outer loop
      vertex -0.69469 -13.515 65.3297
      vertex 1.30072 -8.70325 68.0211
      vertex 1.29153 -8.73339 68.1082
    endloop
  endfacet
  facet normal 0.929053 -0.368769 -0.0295082
    outer loop
      vertex 1.30072 -8.70325 68.0211
      vertex -0.69469 -13.515 65.3297
      vertex -0.698098 -13.5152 65.2249
    endloop
  endfacet
  facet normal -0.901495 0.424231 -0.0856455
    outer loop
      vertex 3.86281 -9.82679 68.093
      vertex 1.72322 -14.9545 65.2148
      vertex 3.83432 -9.87217 68.1681
    endloop
  endfacet
  facet normal -0.90157 0.424122 -0.0853946
    outer loop
      vertex 1.72322 -14.9545 65.2148
      vertex 3.86281 -9.82679 68.093
      vertex 1.73258 -14.9551 65.113
    endloop
  endfacet
  facet normal -0.899732 0.131999 0.416002
    outer loop
      vertex 1.60756 -14.886 64.315
      vertex 3.86664 -9.33469 67.4395
      vertex 1.56796 -14.8685 64.2238
    endloop
  endfacet
  facet normal -0.899638 0.131813 0.416265
    outer loop
      vertex 3.86664 -9.33469 67.4395
      vertex 1.60756 -14.886 64.315
      vertex 3.8898 -9.39168 67.5076
    endloop
  endfacet
  facet normal 0.879652 -0.094536 -0.466128
    outer loop
      vertex -0.498275 -13.6509 66.0813
      vertex 1.37406 -9.01718 68.6749
      vertex 1.40622 -9.06604 68.7455
    endloop
  endfacet
  facet normal 0.879821 -0.0948144 -0.465753
    outer loop
      vertex 1.37406 -9.01718 68.6749
      vertex -0.498275 -13.6509 66.0813
      vertex -0.538377 -13.6212 65.9995
    endloop
  endfacet
  facet normal -0.156029 0.543921 -0.824503
    outer loop
      vertex 0.867471 -14.5719 66.5263
      vertex 2.82498 -10.0828 69.1173
      vertex 0.942661 -14.6143 66.4841
    endloop
  endfacet
  facet normal -0.155713 0.543846 -0.824612
    outer loop
      vertex 2.82498 -10.0828 69.1173
      vertex 0.867471 -14.5719 66.5263
      vertex 2.74281 -10.0572 69.1497
    endloop
  endfacet
  facet normal -0.831488 0.493562 -0.254997
    outer loop
      vertex 3.76077 -9.95649 68.315
      vertex 1.66207 -14.9398 65.5129
      vertex 3.71604 -9.99506 68.3862
    endloop
  endfacet
  facet normal -0.831317 0.493678 -0.255331
    outer loop
      vertex 1.66207 -14.9398 65.5129
      vertex 3.76077 -9.95649 68.315
      vertex 1.68789 -14.9468 65.4153
    endloop
  endfacet
  facet normal 0.328706 0.368693 -0.869493
    outer loop
      vertex 0.249488 -14.1746 66.6505
      vertex 2.17436 -9.77632 69.2432
      vertex 0.326347 -14.2252 66.6581
    endloop
  endfacet
  facet normal 0.328039 0.369046 -0.869595
    outer loop
      vertex 2.17436 -9.77632 69.2432
      vertex 0.249488 -14.1746 66.6505
      vertex 2.09815 -9.72413 69.2366
    endloop
  endfacet
  facet normal 0.269931 0.397483 -0.877009
    outer loop
      vertex 0.326347 -14.2252 66.6581
      vertex 2.25213 -9.82679 69.2443
      vertex 0.403868 -14.2763 66.6588
    endloop
  endfacet
  facet normal 0.26666 0.399077 -0.877285
    outer loop
      vertex 2.25213 -9.82679 69.2443
      vertex 0.326347 -14.2252 66.6581
      vertex 2.2458 -9.823 69.2441
    endloop
  endfacet
  facet normal 0.270569 0.397177 -0.876951
    outer loop
      vertex 2.2458 -9.823 69.2441
      vertex 0.326347 -14.2252 66.6581
      vertex 2.17436 -9.77632 69.2432
    endloop
  endfacet
  facet normal -0.328765 -0.368672 0.869479
    outer loop
      vertex 0.640857 -14.4147 63.4781
      vertex 3.09867 -8.73339 66.8164
      vertex 3.0133 -8.70325 66.7969
    endloop
  endfacet
  facet normal -0.327948 -0.3691 0.869606
    outer loop
      vertex 3.09867 -8.73339 66.8164
      vertex 0.640857 -14.4147 63.4781
      vertex 0.719989 -14.4598 63.4888
    endloop
  endfacet
  facet normal -0.689057 0.556201 -0.464586
    outer loop
      vertex 3.55717 -10.0828 68.5939
      vertex 1.50838 -14.8891 65.8785
      vertex 3.49552 -10.1053 68.6584
    endloop
  endfacet
  facet normal -0.688552 0.556325 -0.465186
    outer loop
      vertex 1.55341 -14.9067 65.7908
      vertex 1.50838 -14.8891 65.8785
      vertex 3.55717 -10.0828 68.5939
    endloop
  endfacet
  facet normal -0.683643 0.563276 -0.46406
    outer loop
      vertex 1.50838 -14.8891 65.8785
      vertex 1.55341 -14.9067 65.7908
      vertex 1.542 -14.903 65.8121
    endloop
  endfacet
  facet normal 0.940531 -0.273961 -0.200867
    outer loop
      vertex -0.655513 -13.5379 65.6337
      vertex 1.28884 -8.80259 68.2794
      vertex 1.29534 -8.84135 68.3627
    endloop
  endfacet
  facet normal 0.94053 -0.273946 -0.200892
    outer loop
      vertex 1.28884 -8.80259 68.2794
      vertex -0.655513 -13.5379 65.6337
      vertex -0.673352 -13.5264 65.5345
    endloop
  endfacet
  facet normal 0.940734 -0.306916 -0.144299
    outer loop
      vertex -0.673352 -13.5264 65.5345
      vertex 1.28756 -8.76655 68.1944
      vertex 1.28884 -8.80259 68.2794
    endloop
  endfacet
  facet normal 0.940731 -0.306978 -0.144187
    outer loop
      vertex 1.28756 -8.76655 68.1944
      vertex -0.673352 -13.5264 65.5345
      vertex -0.686429 -13.5188 65.433
    endloop
  endfacet
  facet normal -0.729511 0.543962 -0.414632
    outer loop
      vertex 3.61451 -10.0572 68.5266
      vertex 1.55341 -14.9067 65.7908
      vertex 3.55717 -10.0828 68.5939
    endloop
  endfacet
  facet normal -0.7296 0.543933 -0.414512
    outer loop
      vertex 1.55341 -14.9067 65.7908
      vertex 3.61451 -10.0572 68.5266
      vertex 1.59468 -14.9197 65.7011
    endloop
  endfacet
  facet normal -0.210789 -0.424198 0.880696
    outer loop
      vertex 0.480828 -14.3235 63.4769
      vertex 2.92589 -8.67599 66.7823
      vertex 2.83812 -8.64857 66.7745
    endloop
  endfacet
  facet normal -0.210945 -0.424128 0.880692
    outer loop
      vertex 2.92589 -8.67599 66.7823
      vertex 0.480828 -14.3235 63.4769
      vertex 0.561023 -14.3692 63.4741
    endloop
  endfacet
  facet normal -0.940537 0.274044 0.200724
    outer loop
      vertex 1.71398 -14.9368 64.7044
      vertex 3.92432 -9.56116 67.7222
      vertex 1.69543 -14.927 64.6041
    endloop
  endfacet
  facet normal -0.940528 0.273931 0.200919
    outer loop
      vertex 3.92432 -9.56116 67.7222
      vertex 1.71398 -14.9368 64.7044
      vertex 3.92402 -9.61632 67.796
    endloop
  endfacet
  facet normal -0.089791 -0.47224 0.876885
    outer loop
      vertex 0.324351 -14.2239 63.5078
      vertex 2.74906 -8.62431 66.7717
      vertex 2.65907 -8.6033 66.7738
    endloop
  endfacet
  facet normal -0.0890045 -0.472534 0.876806
    outer loop
      vertex 2.74906 -8.62431 66.7717
      vertex 0.324351 -14.2239 63.5078
      vertex 0.401954 -14.2747 63.4883
    endloop
  endfacet
  facet normal -0.00808475 -0.369092 0.929358
    outer loop
      vertex 0.401954 -14.2747 63.4883
      vertex 0.324351 -14.2239 63.5078
      vertex 0.394299 -14.27 63.4901
    endloop
  endfacet
  facet normal 0.797468 0.0191703 -0.603056
    outer loop
      vertex 1.52964 -9.22326 68.9336
      vertex -0.406225 -13.7203 66.2307
      vertex 1.48418 -9.1693 68.8752
    endloop
  endfacet
  facet normal 0.797392 0.0192616 -0.603154
    outer loop
      vertex -0.406225 -13.7203 66.2307
      vertex 1.52964 -9.22326 68.9336
      vertex -0.354672 -13.7596 66.2976
    endloop
  endfacet
  facet normal 0.856062 -0.0570879 -0.51371
    outer loop
      vertex 1.44298 -9.11681 68.8124
      vertex -0.498275 -13.6509 66.0813
      vertex 1.40622 -9.06604 68.7455
    endloop
  endfacet
  facet normal 0.856081 -0.0571169 -0.513675
    outer loop
      vertex -0.498275 -13.6509 66.0813
      vertex 1.44298 -9.11681 68.8124
      vertex -0.454161 -13.684 66.1585
    endloop
  endfacet
  facet normal -0.0952206 0.529407 -0.843007
    outer loop
      vertex 0.790607 -14.5284 66.5623
      vertex 2.74281 -10.0572 69.1497
      vertex 0.867471 -14.5719 66.5263
    endloop
  endfacet
  facet normal -0.0952317 0.52941 -0.843004
    outer loop
      vertex 2.74281 -10.0572 69.1497
      vertex 0.790607 -14.5284 66.5623
      vertex 2.65981 -10.0285 69.1771
    endloop
  endfacet
  facet normal 0.936904 -0.338565 -0.0870916
    outer loop
      vertex -0.686429 -13.5188 65.433
      vertex 1.29153 -8.73339 68.1082
      vertex 1.28756 -8.76655 68.1944
    endloop
  endfacet
  facet normal 0.936931 -0.338417 -0.0873763
    outer loop
      vertex 1.29153 -8.73339 68.1082
      vertex -0.686429 -13.5188 65.433
      vertex -0.69469 -13.515 65.3297
    endloop
  endfacet
  facet normal -0.276684 0.566132 -0.776492
    outer loop
      vertex 1.08675 -14.6954 66.3815
      vertex 2.93161 -10.1115 69.0662
      vertex 2.98677 -10.1213 69.0394
    endloop
  endfacet
  facet normal -0.27534 0.565949 -0.777103
    outer loop
      vertex 1.08675 -14.6954 66.3815
      vertex 2.90597 -10.1053 69.0798
      vertex 2.93161 -10.1115 69.0662
    endloop
  endfacet
  facet normal -0.275527 0.565974 -0.777019
    outer loop
      vertex 2.90597 -10.1053 69.0798
      vertex 1.08675 -14.6954 66.3815
      vertex 1.01586 -14.6555 66.4357
    endloop
  endfacet
  facet normal 0.0275696 0.493654 -0.869221
    outer loop
      vertex 0.637071 -14.4299 66.6202
      vertex 2.57711 -9.99506 69.2004
      vertex 0.713909 -14.4805 66.5939
    endloop
  endfacet
  facet normal 0.0276509 0.493626 -0.869234
    outer loop
      vertex 2.57711 -9.99506 69.2004
      vertex 0.637071 -14.4299 66.6202
      vertex 2.49527 -9.95649 69.2197
    endloop
  endfacet
  facet normal 0.645428 -0.566087 0.512805
    outer loop
      vertex -0.507919 -13.6707 64.3041
      vertex 1.64539 -8.53166 67.2669
      vertex 1.62611 -8.53326 67.2894
    endloop
  endfacet
  facet normal 0.645515 -0.56607 0.512713
    outer loop
      vertex -0.507919 -13.6707 64.3041
      vertex 1.68722 -8.52508 67.2215
      vertex 1.64539 -8.53166 67.2669
    endloop
  endfacet
  facet normal 0.645531 -0.566068 0.512695
    outer loop
      vertex 1.68722 -8.52508 67.2215
      vertex -0.507919 -13.6707 64.3041
      vertex -0.463067 -13.7017 64.2134
    endloop
  endfacet
  facet normal -0.928095 0.204834 0.310937
    outer loop
      vertex 1.67144 -14.9153 64.5056
      vertex 3.90693 -9.4492 67.5773
      vertex 1.6421 -14.9016 64.409
    endloop
  endfacet
  facet normal -0.928159 0.205045 0.310608
    outer loop
      vertex 3.90693 -9.4492 67.5773
      vertex 1.67144 -14.9153 64.5056
      vertex 3.90888 -9.45946 67.5899
    endloop
  endfacet
  facet normal -0.928065 0.204732 0.311094
    outer loop
      vertex 3.90888 -9.45946 67.5899
      vertex 1.67144 -14.9153 64.5056
      vertex 3.91857 -9.50549 67.6491
    endloop
  endfacet
  facet normal 0.210583 0.424292 -0.880699
    outer loop
      vertex 0.403868 -14.2763 66.6588
      vertex 2.33243 -9.87217 69.2417
      vertex 0.481718 -14.3276 66.6527
    endloop
  endfacet
  facet normal 0.211126 0.424047 -0.880687
    outer loop
      vertex 2.33243 -9.87217 69.2417
      vertex 0.403868 -14.2763 66.6588
      vertex 2.25213 -9.82679 69.2443
    endloop
  endfacet
  facet normal 0.899796 -0.132124 -0.415825
    outer loop
      vertex -0.538377 -13.6212 65.9995
      vertex 1.34663 -8.97046 68.6007
      vertex 1.37406 -9.01718 68.6749
    endloop
  endfacet
  facet normal 0.89969 -0.131917 -0.41612
    outer loop
      vertex 1.34663 -8.97046 68.6007
      vertex -0.538377 -13.6212 65.9995
      vertex -0.574297 -13.5949 65.9135
    endloop
  endfacet
  facet normal 0.156299 -0.543984 0.82441
    outer loop
      vertex 2.30248 -8.54169 66.8387
      vertex 0.0971569 -14.0742 63.6062
      vertex 2.39036 -8.55357 66.8142
    endloop
  endfacet
  facet normal 0.156395 -0.544004 0.824379
    outer loop
      vertex 0.0971569 -14.0742 63.6062
      vertex 2.30248 -8.54169 66.8387
      vertex 0.0242836 -14.0262 63.6517
    endloop
  endfacet
  facet normal -0.599745 0.573441 -0.558095
    outer loop
      vertex 3.43115 -10.1213 68.7217
      vertex 1.40619 -14.8448 66.0444
      vertex 3.36368 -10.1324 68.7828
    endloop
  endfacet
  facet normal -0.599309 0.573491 -0.558513
    outer loop
      vertex 1.40619 -14.8448 66.0444
      vertex 3.43115 -10.1213 68.7217
      vertex 1.45938 -14.8681 65.9634
    endloop
  endfacet
  facet normal 0.594642 0.204784 -0.777473
    outer loop
      vertex -0.111637 -13.9308 66.515
      vertex 1.81411 -9.50549 69.1535
      vertex -0.0433592 -13.9772 66.555
    endloop
  endfacet
  facet normal 0.595234 0.204328 -0.77714
    outer loop
      vertex 1.81411 -9.50549 69.1535
      vertex -0.111637 -13.9308 66.515
      vertex 1.76123 -9.45946 69.1251
    endloop
  endfacet
  facet normal 0.594035 0.205227 -0.77782
    outer loop
      vertex 1.76123 -9.45946 69.1251
      vertex -0.111637 -13.9308 66.515
      vertex 1.74996 -9.4492 69.1192
    endloop
  endfacet
  facet normal -0.917235 0.397352 -0.0281301
    outer loop
      vertex 1.73258 -14.9551 65.113
      vertex 3.88694 -9.77632 68.019
      vertex 1.73633 -14.9537 65.0105
    endloop
  endfacet
  facet normal -0.917245 0.397332 -0.0280868
    outer loop
      vertex 3.88694 -9.77632 68.019
      vertex 1.73258 -14.9551 65.113
      vertex 3.86464 -9.823 68.0869
    endloop
  endfacet
  facet normal -0.917207 0.397409 -0.0282471
    outer loop
      vertex 3.86464 -9.823 68.0869
      vertex 1.73258 -14.9551 65.113
      vertex 3.86281 -9.82679 68.093
    endloop
  endfacet
  facet normal 0.274626 -0.565842 0.777434
    outer loop
      vertex 2.1881 -8.53166 66.8789
      vertex -0.0466357 -13.9795 63.7032
      vertex 2.21566 -8.53326 66.868
    endloop
  endfacet
  facet normal 0.276347 -0.566087 0.776645
    outer loop
      vertex 2.1316 -8.52508 66.9038
      vertex -0.0466357 -13.9795 63.7032
      vertex 2.1881 -8.53166 66.8789
    endloop
  endfacet
  facet normal 0.276525 -0.566111 0.776564
    outer loop
      vertex -0.0466357 -13.9795 63.7032
      vertex 2.1316 -8.52508 66.9038
      vertex -0.115297 -13.9343 63.7606
    endloop
  endfacet
  facet normal -0.881874 0.449322 -0.142854
    outer loop
      vertex 3.83432 -9.87217 68.1681
      vertex 1.7083 -14.9517 65.3158
      vertex 3.80026 -9.91546 68.2422
    endloop
  endfacet
  facet normal -0.881918 0.449273 -0.142735
    outer loop
      vertex 1.7083 -14.9517 65.3158
      vertex 3.83432 -9.87217 68.1681
      vertex 1.72322 -14.9545 65.2148
    endloop
  endfacet
  facet normal -0.936301 0.239858 0.25653
    outer loop
      vertex 1.69543 -14.927 64.6041
      vertex 3.91857 -9.50549 67.6491
      vertex 1.67144 -14.9153 64.5056
    endloop
  endfacet
  facet normal -0.936319 0.239947 0.256384
    outer loop
      vertex 3.91857 -9.50549 67.6491
      vertex 1.69543 -14.927 64.6041
      vertex 3.92432 -9.56116 67.7222
    endloop
  endfacet
  facet normal 0.545654 0.239914 -0.802934
    outer loop
      vertex -0.0433592 -13.9772 66.555
      vertex 1.88138 -9.56116 69.1825
      vertex 0.0271442 -14.0251 66.5886
    endloop
  endfacet
  facet normal 0.545114 0.240299 -0.803186
    outer loop
      vertex 1.88138 -9.56116 69.1825
      vertex -0.0433592 -13.9772 66.555
      vertex 1.81411 -9.50549 69.1535
    endloop
  endfacet
  facet normal -0.0272435 -0.493744 0.86918
    outer loop
      vertex 2.56854 -8.58563 66.781
      vertex 0.324351 -14.2239 63.5078
      vertex 2.65907 -8.6033 66.7738
    endloop
  endfacet
  facet normal -0.0275612 -0.493645 0.869227
    outer loop
      vertex 0.324351 -14.2239 63.5078
      vertex 2.56854 -8.58563 66.781
      vertex 0.247513 -14.1733 63.5341
    endloop
  endfacet
  facet normal -0.216902 0.556256 -0.802205
    outer loop
      vertex 1.01586 -14.6555 66.4357
      vertex 2.82498 -10.0828 69.1173
      vertex 2.90597 -10.1053 69.0798
    endloop
  endfacet
  facet normal -0.217225 0.556311 -0.80208
    outer loop
      vertex 2.82498 -10.0828 69.1173
      vertex 1.01586 -14.6555 66.4357
      vertex 0.942661 -14.6143 66.4841
    endloop
  endfacet
  facet normal 0.599643 -0.573448 0.558198
    outer loop
      vertex -0.463067 -13.7017 64.2134
      vertex 1.75269 -8.51882 67.1576
      vertex 1.68722 -8.52508 67.2215
    endloop
  endfacet
  facet normal 0.599546 -0.573459 0.558291
    outer loop
      vertex 1.75269 -8.51882 67.1576
      vertex -0.463067 -13.7017 64.2134
      vertex -0.414194 -13.7354 64.1263
    endloop
  endfacet
  facet normal 0.390764 -0.578419 0.716056
    outer loop
      vertex 1.97058 -8.51603 66.9907
      vertex -0.181406 -13.8907 63.8235
      vertex 2.05001 -8.51882 66.9451
    endloop
  endfacet
  facet normal 0.391895 -0.578479 0.715389
    outer loop
      vertex -0.181406 -13.8907 63.8235
      vertex 1.97058 -8.51603 66.9907
      vertex -0.244679 -13.8491 63.8918
    endloop
  endfacet
  facet normal -0.0334555 0.512488 -0.858042
    outer loop
      vertex 0.713909 -14.4805 66.5939
      vertex 2.65981 -10.0285 69.1771
      vertex 0.790607 -14.5284 66.5623
    endloop
  endfacet
  facet normal -0.0343254 0.512755 -0.857848
    outer loop
      vertex 2.65981 -10.0285 69.1771
      vertex 0.713909 -14.4805 66.5939
      vertex 2.61179 -10.0103 69.1899
    endloop
  endfacet
  facet normal -0.0339155 0.512268 -0.858155
    outer loop
      vertex 0.730567 -14.4915 66.5867
      vertex 0.790607 -14.5284 66.5623
      vertex 0.784785 -14.5251 66.5645
    endloop
  endfacet
  facet normal -0.051693 0.490947 -0.869655
    outer loop
      vertex 0.790607 -14.5284 66.5623
      vertex 0.730567 -14.4915 66.5867
      vertex 0.713909 -14.4805 66.5939
    endloop
  endfacet
  facet normal -0.0343882 0.512774 -0.857835
    outer loop
      vertex 2.61179 -10.0103 69.1899
      vertex 0.713909 -14.4805 66.5939
      vertex 2.57711 -9.99506 69.2004
    endloop
  endfacet
  facet normal -0.550174 0.578487 -0.602214
    outer loop
      vertex 1.40619 -14.8448 66.0444
      vertex 3.29275 -10.14 68.8403
      vertex 3.36368 -10.1324 68.7828
    endloop
  endfacet
  facet normal -0.550699 0.578439 -0.60178
    outer loop
      vertex 3.29275 -10.14 68.8403
      vertex 1.40619 -14.8448 66.0444
      vertex 1.34895 -14.8195 66.1211
    endloop
  endfacet
  facet normal 0.494649 0.273832 -0.824826
    outer loop
      vertex 0.0271442 -14.0251 66.5886
      vertex 1.95134 -9.61632 69.2062
      vertex 0.0995699 -14.0743 66.6157
    endloop
  endfacet
  facet normal 0.495059 0.273561 -0.824671
    outer loop
      vertex 1.95134 -9.61632 69.2062
      vertex 0.0271442 -14.0251 66.5886
      vertex 1.88138 -9.56116 69.1825
    endloop
  endfacet
  facet normal -0.929087 0.368665 0.0297171
    outer loop
      vertex 1.73633 -14.9537 65.0105
      vertex 3.90529 -9.72413 67.9447
      vertex 1.73448 -14.9501 64.908
    endloop
  endfacet
  facet normal -0.929062 0.368742 0.0295606
    outer loop
      vertex 3.90529 -9.72413 67.9447
      vertex 1.73633 -14.9537 65.0105
      vertex 3.88694 -9.77632 68.019
    endloop
  endfacet
  facet normal 0.729369 -0.544009 0.41482
    outer loop
      vertex -0.584548 -13.6169 64.4951
      vertex 1.57029 -8.54169 67.3621
      vertex 1.51866 -8.55357 67.4373
    endloop
  endfacet
  facet normal 0.729819 -0.543862 0.414221
    outer loop
      vertex -0.569663 -13.628 64.4543
      vertex 1.57029 -8.54169 67.3621
      vertex -0.584548 -13.6169 64.4951
    endloop
  endfacet
  facet normal 0.729562 -0.543948 0.414561
    outer loop
      vertex 1.57029 -8.54169 67.3621
      vertex -0.569663 -13.628 64.4543
      vertex -0.548557 -13.6426 64.398
    endloop
  endfacet
  facet normal 0.446646 -0.580927 0.680464
    outer loop
      vertex 1.89366 -8.51672 67.0406
      vertex -0.244679 -13.8491 63.8918
      vertex 1.97058 -8.51603 66.9907
    endloop
  endfacet
  facet normal 0.446109 -0.580922 0.68082
    outer loop
      vertex -0.244679 -13.8491 63.8918
      vertex 1.89366 -8.51672 67.0406
      vertex -0.304847 -13.8094 63.9651
    endloop
  endfacet
  facet normal 0.901509 -0.424212 0.085594
    outer loop
      vertex -0.696641 -13.5193 65.1193
      vertex 1.33623 -8.64857 67.8481
      vertex 1.3152 -8.67599 67.9337
    endloop
  endfacet
  facet normal 0.901481 -0.424252 0.0856869
    outer loop
      vertex 1.33623 -8.64857 67.8481
      vertex -0.696641 -13.5193 65.1193
      vertex -0.690321 -13.5273 65.0132
    endloop
  endfacet
  facet normal 0.915841 -0.168684 -0.364393
    outer loop
      vertex -0.574297 -13.5949 65.9135
      vertex 1.32405 -8.92607 68.5234
      vertex 1.34663 -8.97046 68.6007
    endloop
  endfacet
  facet normal 0.915854 -0.168717 -0.364342
    outer loop
      vertex 1.32405 -8.92607 68.5234
      vertex -0.574297 -13.5949 65.9135
      vertex -0.605879 -13.5722 65.8236
    endloop
  endfacet
  facet normal -0.645405 0.566092 -0.512828
    outer loop
      vertex 3.47431 -10.1115 68.6782
      vertex 1.45938 -14.8681 65.9634
      vertex 3.43115 -10.1213 68.7217
    endloop
  endfacet
  facet normal -0.644821 0.566197 -0.513446
    outer loop
      vertex 3.49552 -10.1053 68.6584
      vertex 1.45938 -14.8681 65.9634
      vertex 3.47431 -10.1115 68.6782
    endloop
  endfacet
  facet normal -0.645013 0.566164 -0.513242
    outer loop
      vertex 3.49552 -10.1053 68.6584
      vertex 1.49088 -14.8818 65.9087
      vertex 1.45938 -14.8681 65.9634
    endloop
  endfacet
  facet normal -0.646664 0.565855 -0.511502
    outer loop
      vertex 1.49088 -14.8818 65.9087
      vertex 3.49552 -10.1053 68.6584
      vertex 1.50838 -14.8891 65.8785
    endloop
  endfacet
  facet normal -0.82843 0.0188367 0.559776
    outer loop
      vertex 1.4592 -14.8223 64.0291
      vertex 3.76203 -9.1693 67.2469
      vertex 1.42058 -14.8061 63.9714
    endloop
  endfacet
  facet normal -0.828432 0.01884 0.559772
    outer loop
      vertex 1.47426 -14.8286 64.0516
      vertex 3.76203 -9.1693 67.2469
      vertex 1.4592 -14.8223 64.0291
    endloop
  endfacet
  facet normal -0.828468 0.0188851 0.559718
    outer loop
      vertex 3.76203 -9.1693 67.2469
      vertex 1.47426 -14.8286 64.0516
      vertex 3.80262 -9.22326 67.3088
    endloop
  endfacet
  facet normal -0.592634 -0.206304 0.778604
    outer loop
      vertex 1.02794 -14.6209 63.6054
      vertex 3.48102 -8.92607 66.9815
      vertex 3.46858 -8.91864 66.974
    endloop
  endfacet
  facet normal -0.594808 -0.204651 0.777381
    outer loop
      vertex 1.02794 -14.6209 63.6054
      vertex 3.46858 -8.91864 66.974
      vertex 3.41151 -8.88268 66.9398
    endloop
  endfacet
  facet normal -0.594645 -0.204768 0.777475
    outer loop
      vertex 3.48102 -8.92607 66.9815
      vertex 1.02794 -14.6209 63.6054
      vertex 1.10092 -14.6559 63.652
    endloop
  endfacet
  facet normal 0.334527 -0.573489 0.747798
    outer loop
      vertex 2.05001 -8.51882 66.9451
      vertex -0.115297 -13.9343 63.7606
      vertex 2.1316 -8.52508 66.9038
    endloop
  endfacet
  facet normal 0.333722 -0.573413 0.748216
    outer loop
      vertex -0.115297 -13.9343 63.7606
      vertex 2.05001 -8.51882 66.9451
      vertex -0.181406 -13.8907 63.8235
    endloop
  endfacet
  facet normal 0.689067 -0.556193 0.464581
    outer loop
      vertex -0.548557 -13.6426 64.398
      vertex 1.62611 -8.53326 67.2894
      vertex 1.57029 -8.54169 67.3621
    endloop
  endfacet
  facet normal 0.689018 -0.556206 0.46464
    outer loop
      vertex 1.62611 -8.53326 67.2894
      vertex -0.548557 -13.6426 64.398
      vertex -0.507919 -13.6707 64.3041
    endloop
  endfacet
  facet normal -0.725106 -0.0951275 0.682035
    outer loop
      vertex 1.23832 -14.7223 63.7627
      vertex 3.66459 -9.06604 67.1311
      vertex 3.60814 -9.01718 67.0779
    endloop
  endfacet
  facet normal -0.72563 -0.0946134 0.68155
    outer loop
      vertex 1.27783 -14.7415 63.8021
      vertex 3.66459 -9.06604 67.1311
      vertex 1.23832 -14.7223 63.7627
    endloop
  endfacet
  facet normal -0.725633 -0.0946102 0.681547
    outer loop
      vertex 3.66459 -9.06604 67.1311
      vertex 1.27783 -14.7415 63.8021
      vertex 1.30226 -14.7531 63.8265
    endloop
  endfacet
  facet normal 0.0891641 0.472482 -0.876818
    outer loop
      vertex 0.559563 -14.3789 66.6398
      vertex 2.49527 -9.95649 69.2197
      vertex 0.637071 -14.4299 66.6202
    endloop
  endfacet
  facet normal 0.0891936 0.472471 -0.876822
    outer loop
      vertex 2.49527 -9.95649 69.2197
      vertex 0.559563 -14.3789 66.6398
      vertex 2.41359 -9.91546 69.2335
    endloop
  endfacet
  facet normal -0.500167 0.580915 -0.642162
    outer loop
      vertex 1.34895 -14.8195 66.1211
      vertex 3.21867 -10.1442 68.8942
      vertex 3.29275 -10.14 68.8403
    endloop
  endfacet
  facet normal -0.500271 0.58091 -0.642084
    outer loop
      vertex 3.21867 -10.1442 68.8942
      vertex 1.34895 -14.8195 66.1211
      vertex 1.28788 -14.7924 66.1932
    endloop
  endfacet
  facet normal 0.800538 -0.512767 0.310175
    outer loop
      vertex -0.642189 -13.5733 64.6969
      vertex 1.44694 -8.57958 67.5604
      vertex 1.42962 -8.58563 67.5951
    endloop
  endfacet
  facet normal 0.801011 -0.512509 0.30938
    outer loop
      vertex -0.642189 -13.5733 64.6969
      vertex 1.47145 -8.56886 67.5147
      vertex 1.44694 -8.57958 67.5604
    endloop
  endfacet
  facet normal 0.800977 -0.512527 0.309438
    outer loop
      vertex 1.47145 -8.56886 67.5147
      vertex -0.642189 -13.5733 64.6969
      vertex -0.615684 -13.5934 64.595
    endloop
  endfacet
  facet normal -0.801275 0.512359 -0.308943
    outer loop
      vertex 3.69488 -10.0103 68.4156
      vertex 1.63096 -14.9308 65.6083
      vertex 3.66728 -10.0285 68.457
    endloop
  endfacet
  facet normal -0.800469 0.512797 -0.310303
    outer loop
      vertex 3.71604 -9.99506 68.3862
      vertex 1.63096 -14.9308 65.6083
      vertex 3.69488 -10.0103 68.4156
    endloop
  endfacet
  facet normal -0.800921 0.512556 -0.309535
    outer loop
      vertex 1.63096 -14.9308 65.6083
      vertex 3.71604 -9.99506 68.3862
      vertex 1.66207 -14.9398 65.5129
    endloop
  endfacet
  facet normal 0.425853 0.315806 -0.847889
    outer loop
      vertex 0.17208 -14.1236 66.6357
      vertex 2.0237 -9.67072 69.2242
      vertex 0.173618 -14.1246 66.6361
    endloop
  endfacet
  facet normal 0.441197 0.306783 -0.843344
    outer loop
      vertex 0.0995699 -14.0743 66.6157
      vertex 2.0237 -9.67072 69.2242
      vertex 0.17208 -14.1236 66.6357
    endloop
  endfacet
  facet normal 0.440695 0.307091 -0.843495
    outer loop
      vertex 2.0237 -9.67072 69.2242
      vertex 0.0995699 -14.0743 66.6157
      vertex 1.95134 -9.61632 69.2062
    endloop
  endfacet
  facet normal 0.033143 -0.512399 0.858108
    outer loop
      vertex 2.53003 -8.57958 66.7861
      vertex 0.247513 -14.1733 63.5341
      vertex 2.56854 -8.58563 66.781
    endloop
  endfacet
  facet normal 0.0335229 -0.512508 0.858028
    outer loop
      vertex 2.47892 -8.56886 66.7945
      vertex 0.247513 -14.1733 63.5341
      vertex 2.53003 -8.57958 66.7861
    endloop
  endfacet
  facet normal 0.0332701 -0.512437 0.85808
    outer loop
      vertex 0.247513 -14.1733 63.5341
      vertex 2.47892 -8.56886 66.7945
      vertex 0.171674 -14.1233 63.5669
    endloop
  endfacet
  facet normal 0.763426 0.0567549 -0.643396
    outer loop
      vertex 1.57917 -9.27847 68.9875
      vertex -0.354672 -13.7596 66.2976
      vertex 1.52964 -9.22326 68.9336
    endloop
  endfacet
  facet normal 0.763209 0.0569906 -0.643633
    outer loop
      vertex -0.29924 -13.8006 66.3597
      vertex -0.354672 -13.7596 66.2976
      vertex 1.57917 -9.27847 68.9875
    endloop
  endfacet
  facet normal 0.743552 -0.00745645 -0.668636
    outer loop
      vertex -0.354672 -13.7596 66.2976
      vertex -0.29924 -13.8006 66.3597
      vertex -0.323528 -13.7835 66.3325
    endloop
  endfacet
  facet normal -0.856063 0.0570833 0.513709
    outer loop
      vertex 1.52346 -14.8494 64.1359
      vertex 3.80262 -9.22326 67.3088
      vertex 1.47426 -14.8286 64.0516
    endloop
  endfacet
  facet normal -0.856004 0.0569976 0.513818
    outer loop
      vertex 3.80262 -9.22326 67.3088
      vertex 1.52346 -14.8494 64.1359
      vertex 3.83754 -9.27847 67.3731
    endloop
  endfacet
  facet normal -0.879735 0.0946741 0.465944
    outer loop
      vertex 1.56796 -14.8685 64.2238
      vertex 3.83754 -9.27847 67.3731
      vertex 1.52346 -14.8494 64.1359
    endloop
  endfacet
  facet normal -0.879793 0.0947713 0.465814
    outer loop
      vertex 3.83754 -9.27847 67.3731
      vertex 1.56796 -14.8685 64.2238
      vertex 3.86664 -9.33469 67.4395
    endloop
  endfacet
  facet normal 0.936306 -0.239882 -0.256492
    outer loop
      vertex -0.63299 -13.5532 65.7302
      vertex 1.29534 -8.84135 68.3627
      vertex 1.30705 -8.88268 68.4441
    endloop
  endfacet
  facet normal 0.936298 -0.239843 -0.256558
    outer loop
      vertex 1.29534 -8.84135 68.3627
      vertex -0.63299 -13.5532 65.7302
      vertex -0.655513 -13.5379 65.6337
    endloop
  endfacet
  facet normal 0.385906 0.338404 -0.85823
    outer loop
      vertex 0.173618 -14.1246 66.6361
      vertex 2.09815 -9.72413 69.2366
      vertex 0.249488 -14.1746 66.6505
    endloop
  endfacet
  facet normal 0.385772 0.338481 -0.85826
    outer loop
      vertex 2.09815 -9.72413 69.2366
      vertex 0.173618 -14.1246 66.6361
      vertex 2.0237 -9.67072 69.2242
    endloop
  endfacet
  facet normal -0.766749 0.529444 -0.363022
    outer loop
      vertex 3.66728 -10.0285 68.457
      vertex 1.59468 -14.9197 65.7011
      vertex 3.61451 -10.0572 68.5266
    endloop
  endfacet
  facet normal -0.772306 0.527061 -0.354613
    outer loop
      vertex 3.66728 -10.0285 68.457
      vertex 1.59537 -14.9199 65.6993
      vertex 1.59468 -14.9197 65.7011
    endloop
  endfacet
  facet normal -0.766601 0.529509 -0.363241
    outer loop
      vertex 1.59537 -14.9199 65.6993
      vertex 3.66728 -10.0285 68.457
      vertex 1.63096 -14.9308 65.6083
    endloop
  endfacet
  facet normal 0.917244 -0.397334 0.028091
    outer loop
      vertex -0.698098 -13.5152 65.2249
      vertex 1.31394 -8.67843 67.9405
      vertex 1.30072 -8.70325 68.0211
    endloop
  endfacet
  facet normal 0.917379 -0.397064 0.0275092
    outer loop
      vertex -0.698098 -13.5152 65.2249
      vertex 1.3152 -8.67599 67.9337
      vertex 1.31394 -8.67843 67.9405
    endloop
  endfacet
  facet normal 0.917246 -0.397329 0.0280822
    outer loop
      vertex 1.3152 -8.67599 67.9337
      vertex -0.698098 -13.5152 65.2249
      vertex -0.696641 -13.5193 65.1193
    endloop
  endfacet
  facet normal -0.685102 -0.131728 0.716438
    outer loop
      vertex 1.17115 -14.6898 63.7045
      vertex 3.60814 -9.01718 67.0779
      vertex 3.54687 -8.97046 67.0279
    endloop
  endfacet
  facet normal -0.684818 -0.131984 0.716662
    outer loop
      vertex 3.60814 -9.01718 67.0779
      vertex 1.17115 -14.6898 63.7045
      vertex 1.23832 -14.7223 63.7627
    endloop
  endfacet
  facet normal -0.915813 0.168614 0.364495
    outer loop
      vertex 1.6421 -14.9016 64.409
      vertex 3.8898 -9.39168 67.5076
      vertex 1.60756 -14.886 64.315
    endloop
  endfacet
  facet normal -0.915858 0.168725 0.364329
    outer loop
      vertex 3.8898 -9.39168 67.5076
      vertex 1.6421 -14.9016 64.409
      vertex 3.90693 -9.4492 67.5773
    endloop
  endfacet
  facet normal -0.150099 -0.449383 0.880639
    outer loop
      vertex 0.401954 -14.2747 63.4883
      vertex 2.83812 -8.64857 66.7745
      vertex 2.74906 -8.62431 66.7717
    endloop
  endfacet
  facet normal -0.15062 -0.44917 0.880659
    outer loop
      vertex 2.83812 -8.64857 66.7745
      vertex 0.401954 -14.2747 63.4883
      vertex 0.480828 -14.3235 63.4769
    endloop
  endfacet
  facet normal -0.206464 -0.526381 0.824801
    outer loop
      vertex 0.480828 -14.3235 63.4769
      vertex 0.401954 -14.2747 63.4883
      vertex 0.477072 -14.3214 63.4773
    endloop
  endfacet
  facet normal -0.76352 -0.0566453 0.643295
    outer loop
      vertex 1.30226 -14.7531 63.8265
      vertex 3.71596 -9.11681 67.1876
      vertex 3.66459 -9.06604 67.1311
    endloop
  endfacet
  facet normal -0.762987 -0.05722 0.643876
    outer loop
      vertex 3.71596 -9.11681 67.1876
      vertex 1.30226 -14.7531 63.8265
      vertex 1.36274 -14.782 63.8956
    endloop
  endfacet
  facet normal -0.385239 -0.338779 0.858382
    outer loop
      vertex 0.719989 -14.4598 63.4888
      vertex 3.18153 -8.76655 66.8405
      vertex 3.09867 -8.73339 66.8164
    endloop
  endfacet
  facet normal -0.385994 -0.338353 0.858211
    outer loop
      vertex 3.18153 -8.76655 66.8405
      vertex 0.719989 -14.4598 63.4888
      vertex 0.798081 -14.5045 63.5063
    endloop
  endfacet
  facet normal 0.928103 -0.204858 -0.310898
    outer loop
      vertex -0.605879 -13.5722 65.8236
      vertex 1.30705 -8.88268 68.4441
      vertex 1.32092 -8.91864 68.5092
    endloop
  endfacet
  facet normal 0.927984 -0.204448 -0.311524
    outer loop
      vertex -0.605879 -13.5722 65.8236
      vertex 1.32092 -8.91864 68.5092
      vertex 1.32405 -8.92607 68.5234
    endloop
  endfacet
  facet normal 0.928075 -0.204765 -0.311045
    outer loop
      vertex 1.30705 -8.88268 68.4441
      vertex -0.605879 -13.5722 65.8236
      vertex -0.63299 -13.5532 65.7302
    endloop
  endfacet
  facet normal 0.499327 -0.580934 0.642797
    outer loop
      vertex 1.8216 -8.51603 67.0972
      vertex -0.304847 -13.8094 63.9651
      vertex 1.89366 -8.51672 67.0406
    endloop
  endfacet
  facet normal 0.499893 -0.580912 0.642377
    outer loop
      vertex 1.8216 -8.51603 67.0972
      vertex -0.346369 -13.7821 64.0221
      vertex -0.304847 -13.8094 63.9651
    endloop
  endfacet
  facet normal 0.500186 -0.580904 0.642156
    outer loop
      vertex -0.346369 -13.7821 64.0221
      vertex 1.8216 -8.51603 67.0972
      vertex -0.361508 -13.7717 64.0433
    endloop
  endfacet
  facet normal -0.936888 0.338646 0.0869433
    outer loop
      vertex 1.73448 -14.9501 64.908
      vertex 3.91766 -9.67072 67.8703
      vertex 1.72702 -14.9445 64.8058
    endloop
  endfacet
  facet normal -0.936915 0.338499 0.0872258
    outer loop
      vertex 3.91766 -9.67072 67.8703
      vertex 1.73448 -14.9501 64.908
      vertex 3.90529 -9.72413 67.9447
    endloop
  endfacet
  facet normal 0.216742 -0.556224 0.80227
    outer loop
      vertex 2.21566 -8.53326 66.868
      vertex 0.0242836 -14.0262 63.6517
      vertex 2.30248 -8.54169 66.8387
    endloop
  endfacet
  facet normal 0.216439 -0.556172 0.802388
    outer loop
      vertex 0.0242836 -14.0262 63.6517
      vertex 2.21566 -8.53326 66.868
      vertex -0.0466357 -13.9795 63.7032
    endloop
  endfacet
  facet normal 0.831508 -0.493551 0.254954
    outer loop
      vertex -0.663231 -13.5548 64.8012
      vertex 1.42962 -8.58563 67.5951
      vertex 1.39356 -8.6033 67.6785
    endloop
  endfacet
  facet normal 0.831259 -0.493719 0.255439
    outer loop
      vertex -0.649786 -13.5675 64.7329
      vertex 1.42962 -8.58563 67.5951
      vertex -0.663231 -13.5548 64.8012
    endloop
  endfacet
  facet normal 0.831495 -0.493557 0.254986
    outer loop
      vertex 1.42962 -8.58563 67.5951
      vertex -0.649786 -13.5675 64.7329
      vertex -0.642189 -13.5733 64.6969
    endloop
  endfacet
  facet normal -0.270551 -0.397191 0.87695
    outer loop
      vertex 0.561023 -14.3692 63.4741
      vertex 3.0133 -8.70325 66.7969
      vertex 2.93278 -8.67843 66.7833
    endloop
  endfacet
  facet normal -0.268338 -0.398234 0.877157
    outer loop
      vertex 0.561023 -14.3692 63.4741
      vertex 2.93278 -8.67843 66.7833
      vertex 2.92589 -8.67599 66.7823
    endloop
  endfacet
  facet normal -0.270363 -0.397282 0.876967
    outer loop
      vertex 3.0133 -8.70325 66.7969
      vertex 0.561023 -14.3692 63.4741
      vertex 0.640857 -14.4147 63.4781
    endloop
  endfacet
  facet normal -0.641194 -0.168662 0.748614
    outer loop
      vertex 1.10092 -14.6559 63.652
      vertex 3.54687 -8.97046 67.0279
      vertex 3.48102 -8.92607 66.9815
    endloop
  endfacet
  facet normal -0.64111 -0.168731 0.74867
    outer loop
      vertex 3.54687 -8.97046 67.0279
      vertex 1.10092 -14.6559 63.652
      vertex 1.17115 -14.6898 63.7045
    endloop
  endfacet
  facet normal -0.545548 -0.239993 0.802983
    outer loop
      vertex 0.952521 -14.5849 63.5649
      vertex 3.41151 -8.88268 66.9398
      vertex 3.33828 -8.84135 66.9024
    endloop
  endfacet
  facet normal -0.54568 -0.239899 0.802921
    outer loop
      vertex 3.41151 -8.88268 66.9398
      vertex 0.952521 -14.5849 63.5649
      vertex 1.02794 -14.6209 63.6054
    endloop
  endfacet
  facet normal 0.725464 0.0947909 -0.681701
    outer loop
      vertex 1.63256 -9.33469 69.0365
      vertex -0.29924 -13.8006 66.3597
      vertex 1.57917 -9.27847 68.9875
    endloop
  endfacet
  facet normal 0.725809 0.09445 -0.681382
    outer loop
      vertex -0.29924 -13.8006 66.3597
      vertex 1.63256 -9.33469 69.0365
      vertex -0.239901 -13.8425 66.4171
    endloop
  endfacet
  facet normal 0.85848 -0.472481 0.199431
    outer loop
      vertex -0.679169 -13.5392 64.907
      vertex 1.39356 -8.6033 67.6785
      vertex 1.36239 -8.62431 67.7629
    endloop
  endfacet
  facet normal 0.858672 -0.472317 0.198995
    outer loop
      vertex 1.39356 -8.6033 67.6785
      vertex -0.679169 -13.5392 64.907
      vertex -0.663231 -13.5548 64.8012
    endloop
  endfacet
  facet normal -0.797731 -0.0188712 0.602718
    outer loop
      vertex 1.42058 -14.8061 63.9714
      vertex 3.71596 -9.11681 67.1876
      vertex 1.36274 -14.782 63.8956
    endloop
  endfacet
  facet normal -0.79899 -0.0283103 0.600677
    outer loop
      vertex 1.42058 -14.8061 63.9714
      vertex 1.36274 -14.782 63.8956
      vertex 1.36725 -14.7841 63.9015
    endloop
  endfacet
  facet normal -0.797623 -0.0189943 0.602858
    outer loop
      vertex 3.71596 -9.11681 67.1876
      vertex 1.42058 -14.8061 63.9714
      vertex 3.76203 -9.1693 67.2469
    endloop
  endfacet
  facet normal -0.494855 -0.273693 0.824749
    outer loop
      vertex 0.875507 -14.5467 63.5314
      vertex 3.33828 -8.84135 66.9024
      vertex 3.26151 -8.80259 66.8692
    endloop
  endfacet
  facet normal -0.494623 -0.273845 0.824837
    outer loop
      vertex 3.33828 -8.84135 66.9024
      vertex 0.875507 -14.5467 63.5314
      vertex 0.952521 -14.5849 63.5649
    endloop
  endfacet
  facet normal -0.490774 -0.260226 0.831519
    outer loop
      vertex 0.952521 -14.5849 63.5649
      vertex 0.875507 -14.5467 63.5314
      vertex 0.899237 -14.5595 63.5414
    endloop
  endfacet
  facet normal 0.0960356 -0.529619 0.842781
    outer loop
      vertex 2.39036 -8.55357 66.8142
      vertex 0.171674 -14.1233 63.5669
      vertex 2.47892 -8.56886 66.7945
    endloop
  endfacet
  facet normal 0.0956301 -0.529521 0.842889
    outer loop
      vertex 0.171674 -14.1233 63.5669
      vertex 2.39036 -8.55357 66.8142
      vertex 0.0971569 -14.0742 63.6062
    endloop
  endfacet
  facet normal 0.550809 -0.578422 0.601696
    outer loop
      vertex 1.75269 -8.51882 67.1576
      vertex -0.361508 -13.7717 64.0433
      vertex 1.8216 -8.51603 67.0972
    endloop
  endfacet
  facet normal 0.550167 -0.578479 0.602228
    outer loop
      vertex -0.361508 -13.7717 64.0433
      vertex 1.75269 -8.51882 67.1576
      vertex -0.414194 -13.7354 64.1263
    endloop
  endfacet
  facet normal -0.440957 -0.306926 0.843418
    outer loop
      vertex 0.798081 -14.5045 63.5063
      vertex 3.26151 -8.80259 66.8692
      vertex 3.18153 -8.76655 66.8405
    endloop
  endfacet
  facet normal -0.440781 -0.307033 0.843471
    outer loop
      vertex 3.26151 -8.80259 66.8692
      vertex 0.798081 -14.5045 63.5063
      vertex 0.875507 -14.5467 63.5314
    endloop
  endfacet
  facet normal -0.483693 -0.436092 0.758857
    outer loop
      vertex 0.875507 -14.5467 63.5314
      vertex 0.798081 -14.5045 63.5063
      vertex 0.812534 -14.5127 63.5108
    endloop
  endfacet
  facet normal 0.685458 0.131416 -0.716154
    outer loop
      vertex -0.192166 -13.8762 66.4565
      vertex 1.68957 -9.39168 69.0805
      vertex -0.177398 -13.8862 66.4688
    endloop
  endfacet
  facet normal 0.684767 0.132027 -0.716703
    outer loop
      vertex -0.239901 -13.8425 66.4171
      vertex 1.68957 -9.39168 69.0805
      vertex -0.192166 -13.8762 66.4565
    endloop
  endfacet
  facet normal 0.684911 0.131897 -0.71659
    outer loop
      vertex 1.68957 -9.39168 69.0805
      vertex -0.239901 -13.8425 66.4171
      vertex 1.63256 -9.33469 69.0365
    endloop
  endfacet
  facet normal 0.640764 0.169013 -0.748903
    outer loop
      vertex -0.177398 -13.8862 66.4688
      vertex 1.74996 -9.4492 69.1192
      vertex -0.111637 -13.9308 66.515
    endloop
  endfacet
  facet normal 0.640827 0.168961 -0.748861
    outer loop
      vertex 1.74996 -9.4492 69.1192
      vertex -0.177398 -13.8862 66.4688
      vertex 1.68957 -9.39168 69.0805
    endloop
  endfacet
  facet normal 0.88188 -0.449317 0.142835
    outer loop
      vertex -0.690321 -13.5273 65.0132
      vertex 1.36239 -8.62431 67.7629
      vertex 1.33623 -8.64857 67.8481
    endloop
  endfacet
  facet normal 0.881836 -0.449365 0.142954
    outer loop
      vertex 1.36239 -8.62431 67.7629
      vertex -0.690321 -13.5273 65.0132
      vertex -0.679169 -13.5392 64.907
    endloop
  endfacet
  facet normal 0.766718 -0.529459 0.363066
    outer loop
      vertex -0.615684 -13.5934 64.595
      vertex 1.51866 -8.55357 67.4373
      vertex 1.47145 -8.56886 67.5147
    endloop
  endfacet
  facet normal 0.766457 -0.529568 0.363456
    outer loop
      vertex 1.51866 -8.55357 67.4373
      vertex -0.615684 -13.5934 64.595
      vertex -0.584548 -13.6169 64.4951
    endloop
  endfacet
  facet normal -0.836683 -0.105132 0.537502
    outer loop
      vertex -6.87739 14.0189 46.0196
      vertex -6.66942 14.1389 46.3668
      vertex -6.83502 14.0447 46.0906
    endloop
  endfacet
  facet normal -0.842742 -0.0797879 0.532372
    outer loop
      vertex 11.3721 -8.39642 71.549
      vertex -6.66942 14.1389 46.3668
      vertex -6.87739 14.0189 46.0196
    endloop
  endfacet
  facet normal -0.842714 -0.0797017 0.532429
    outer loop
      vertex -6.66942 14.1389 46.3668
      vertex 11.3721 -8.39642 71.549
      vertex 11.4578 -8.12616 71.7251
    endloop
  endfacet
  facet normal -0.863344 -0.109586 0.492574
    outer loop
      vertex -6.66942 14.1389 46.3668
      vertex -6.47627 14.252 46.7305
      vertex -6.48929 14.2449 46.7061
    endloop
  endfacet
  facet normal -0.857718 -0.132572 0.496734
    outer loop
      vertex 11.4578 -8.12616 71.7251
      vertex -6.47627 14.252 46.7305
      vertex -6.66942 14.1389 46.3668
    endloop
  endfacet
  facet normal -0.857695 -0.132483 0.496797
    outer loop
      vertex -6.47627 14.252 46.7305
      vertex 11.4578 -8.12616 71.7251
      vertex 11.5249 -7.85821 71.9124
    endloop
  endfacet
  facet normal 0.0280962 -0.741111 -0.670795
    outer loop
      vertex -8.38839 14.22 56.013
      vertex 7.0991 -4.8433 77.7233
      vertex -8.41151 14.2079 56.0254
    endloop
  endfacet
  facet normal 0.0289718 -0.740777 -0.671126
    outer loop
      vertex 7.0991 -4.8433 77.7233
      vertex -8.38839 14.22 56.013
      vertex 7.12424 -4.83371 77.7138
    endloop
  endfacet
  facet normal -0.871386 -0.176246 0.457847
    outer loop
      vertex -6.47627 14.252 46.7305
      vertex -6.29555 14.3537 47.1136
      vertex -6.34561 14.3261 47.0077
    endloop
  endfacet
  facet normal -0.869018 -0.184761 0.45899
    outer loop
      vertex 11.5249 -7.85821 71.9124
      vertex -6.29555 14.3537 47.1136
      vertex -6.47627 14.252 46.7305
    endloop
  endfacet
  facet normal -0.869035 -0.18485 0.458922
    outer loop
      vertex -6.29555 14.3537 47.1136
      vertex 11.5249 -7.85821 71.9124
      vertex 11.5731 -7.59374 72.1102
    endloop
  endfacet
  facet normal -0.309306 0.593986 0.742637
    outer loop
      vertex -10.1463 11.7107 43.9965
      vertex 8.55885 -11.788 70.5822
      vertex 8.83412 -11.6024 70.5484
    endloop
  endfacet
  facet normal -0.301305 0.587576 0.750979
    outer loop
      vertex -10.396 11.4937 44.0661
      vertex -10.1463 11.7107 43.9965
      vertex -10.2917 11.5877 44.0344
    endloop
  endfacet
  facet normal -0.309241 0.59403 0.74263
    outer loop
      vertex -10.1463 11.7107 43.9965
      vertex -10.396 11.4937 44.0661
      vertex 8.55885 -11.788 70.5822
    endloop
  endfacet
  facet normal -0.362851 0.556147 0.74769
    outer loop
      vertex -9.89145 11.925 43.9608
      vertex 8.83412 -11.6024 70.5484
      vertex 9.10205 -11.4042 70.531
    endloop
  endfacet
  facet normal -0.35895 0.552223 0.752465
    outer loop
      vertex -10.1463 11.7107 43.9965
      vertex -9.89145 11.925 43.9608
      vertex -9.98292 11.8511 43.9714
    endloop
  endfacet
  facet normal -0.362892 0.556116 0.747692
    outer loop
      vertex -9.89145 11.925 43.9608
      vertex -10.1463 11.7107 43.9965
      vertex 8.83412 -11.6024 70.5484
    endloop
  endfacet
  facet normal -0.826899 -0.0130858 0.562198
    outer loop
      vertex -7.09567 13.888 45.6955
      vertex -6.87739 14.0189 46.0196
      vertex -6.99035 13.9521 45.8519
    endloop
  endfacet
  facet normal -0.824126 -0.026582 0.565782
    outer loop
      vertex 11.2683 -8.66785 71.385
      vertex -6.87739 14.0189 46.0196
      vertex -7.09567 13.888 45.6955
    endloop
  endfacet
  facet normal -0.824154 -0.0266516 0.565739
    outer loop
      vertex -6.87739 14.0189 46.0196
      vertex 11.2683 -8.66785 71.385
      vertex 11.3721 -8.39642 71.549
    endloop
  endfacet
  facet normal -0.876611 -0.23624 0.419217
    outer loop
      vertex 11.5731 -7.59374 72.1102
      vertex -6.13196 14.4485 47.5091
      vertex -6.29555 14.3537 47.1136
    endloop
  endfacet
  facet normal -0.876612 -0.236241 0.419217
    outer loop
      vertex -6.13196 14.4485 47.5091
      vertex 11.5731 -7.59374 72.1102
      vertex 11.6022 -7.33386 72.3175
    endloop
  endfacet
  facet normal -0.256539 -0.809805 -0.527639
    outer loop
      vertex -7.35774 14.6625 55.2434
      vertex 8.56815 -4.52669 76.9512
      vertex 8.2869 -4.55331 77.1288
    endloop
  endfacet
  facet normal -0.283737 -0.787438 -0.547207
    outer loop
      vertex -7.11948 14.7419 55.0056
      vertex -7.35774 14.6625 55.2434
      vertex -7.30016 14.6831 55.1839
    endloop
  endfacet
  facet normal -0.256667 -0.809818 -0.527557
    outer loop
      vertex -7.35774 14.6625 55.2434
      vertex -7.11948 14.7419 55.0056
      vertex 8.56815 -4.52669 76.9512
    endloop
  endfacet
  facet normal -0.085492 0.717604 0.691184
    outer loop
      vertex -11.1067 10.8389 44.4694
      vertex 7.40828 -12.3899 70.8762
      vertex 7.70089 -12.2619 70.7795
    endloop
  endfacet
  facet normal -0.0854731 0.717612 0.691178
    outer loop
      vertex 7.40828 -12.3899 70.8762
      vertex -11.1067 10.8389 44.4694
      vertex -11.3273 10.6224 44.6669
    endloop
  endfacet
  facet normal -0.116014 0.731322 0.672093
    outer loop
      vertex -11.3273 10.6224 44.6669
      vertex -11.1067 10.8389 44.4694
      vertex -11.193 10.7561 44.5446
    endloop
  endfacet
  facet normal -0.802045 0.026579 0.596671
    outer loop
      vertex 11.1466 -8.93927 71.2336
      vertex -7.09567 13.888 45.6955
      vertex -7.32681 13.7511 45.3909
    endloop
  endfacet
  facet normal -0.80198 0.0267214 0.596752
    outer loop
      vertex -7.09567 13.888 45.6955
      vertex 11.1466 -8.93927 71.2336
      vertex 11.2683 -8.66785 71.385
    endloop
  endfacet
  facet normal 0.144267 0.79244 0.592643
    outer loop
      vertex -11.9336 9.99937 45.4277
      vertex -5.58513 1.78386 54.8675
      vertex -5.50461 1.75903 54.8811
    endloop
  endfacet
  facet normal 0.144319 0.792451 0.592616
    outer loop
      vertex -11.9336 9.99937 45.4277
      vertex -5.50461 1.75903 54.8811
      vertex -5.41924 1.7289 54.9006
    endloop
  endfacet
  facet normal 0.144904 0.792568 0.592316
    outer loop
      vertex -11.9336 9.99937 45.4277
      vertex -5.41924 1.7289 54.9006
      vertex -5.33638 1.69574 54.9247
    endloop
  endfacet
  facet normal 0.144476 0.792481 0.592538
    outer loop
      vertex -11.9336 9.99937 45.4277
      vertex -5.33638 1.69574 54.9247
      vertex -5.2564 1.6597 54.9534
    endloop
  endfacet
  facet normal 0.143715 0.792323 0.592933
    outer loop
      vertex -11.9336 9.99937 45.4277
      vertex -5.2564 1.6597 54.9534
      vertex -5.17963 1.62093 54.9866
    endloop
  endfacet
  facet normal 0.144754 0.792541 0.592389
    outer loop
      vertex -11.9336 9.99937 45.4277
      vertex -5.17963 1.62093 54.9866
      vertex -5.1064 1.5796 55.024
    endloop
  endfacet
  facet normal 0.143879 0.792356 0.59285
    outer loop
      vertex -11.9336 9.99937 45.4277
      vertex -5.1064 1.5796 55.024
      vertex -5.04934 1.54365 55.0582
    endloop
  endfacet
  facet normal 0.144571 0.792499 0.59249
    outer loop
      vertex -5.58513 1.78386 54.8675
      vertex -11.9336 9.99937 45.4277
      vertex -12.1144 9.80358 45.7337
    endloop
  endfacet
  facet normal 0.144474 0.792483 0.592536
    outer loop
      vertex 6.52803 -12.6765 71.2539
      vertex 3.86464 -9.823 68.0869
      vertex 6.23801 -12.7381 71.407
    endloop
  endfacet
  facet normal 0.144716 0.792547 0.59239
    outer loop
      vertex 6.52803 -12.6765 71.2539
      vertex 3.88694 -9.77632 68.019
      vertex 3.86464 -9.823 68.0869
    endloop
  endfacet
  facet normal 0.144663 0.792534 0.592421
    outer loop
      vertex 6.52803 -12.6765 71.2539
      vertex 3.90529 -9.72413 67.9447
      vertex 3.88694 -9.77632 68.019
    endloop
  endfacet
  facet normal 0.144038 0.79238 0.592779
    outer loop
      vertex 6.52803 -12.6765 71.2539
      vertex 3.91766 -9.67072 67.8703
      vertex 3.90529 -9.72413 67.9447
    endloop
  endfacet
  facet normal 0.144398 0.792465 0.592577
    outer loop
      vertex 6.52803 -12.6765 71.2539
      vertex 3.92402 -9.61632 67.796
      vertex 3.91766 -9.67072 67.8703
    endloop
  endfacet
  facet normal 0.143959 0.792365 0.592819
    outer loop
      vertex 6.52803 -12.6765 71.2539
      vertex 3.92432 -9.56116 67.7222
      vertex 3.92402 -9.61632 67.796
    endloop
  endfacet
  facet normal 0.145082 0.792614 0.592211
    outer loop
      vertex 6.52803 -12.6765 71.2539
      vertex 3.91857 -9.50549 67.6491
      vertex 3.92432 -9.56116 67.7222
    endloop
  endfacet
  facet normal 0.144476 0.792483 0.592534
    outer loop
      vertex 3.91857 -9.50549 67.6491
      vertex 6.52803 -12.6765 71.2539
      vertex 3.90888 -9.45946 67.5899
    endloop
  endfacet
  facet normal 0.144149 0.792413 0.592709
    outer loop
      vertex -4.61263 0.738161 56.029
      vertex 2.93278 -8.67843 66.7833
      vertex 3.0133 -8.70325 66.7969
    endloop
  endfacet
  facet normal 0.144434 0.792474 0.592557
    outer loop
      vertex -4.60025 0.791569 55.9545
      vertex 3.0133 -8.70325 66.7969
      vertex 3.09867 -8.73339 66.8164
    endloop
  endfacet
  facet normal 0.144907 0.792572 0.59231
    outer loop
      vertex -4.59389 0.845967 55.8802
      vertex 3.09867 -8.73339 66.8164
      vertex 3.18153 -8.76655 66.8405
    endloop
  endfacet
  facet normal 0.144475 0.79248 0.592538
    outer loop
      vertex -4.59359 0.901123 55.8064
      vertex 3.18153 -8.76655 66.8405
      vertex 3.26151 -8.80259 66.8692
    endloop
  endfacet
  facet normal 0.143555 0.792286 0.593022
    outer loop
      vertex -4.59359 0.901123 55.8064
      vertex 3.26151 -8.80259 66.8692
      vertex 3.33828 -8.84135 66.9024
    endloop
  endfacet
  facet normal 0.144756 0.792542 0.592387
    outer loop
      vertex -4.59934 0.9568 55.7333
      vertex 3.33828 -8.84135 66.9024
      vertex 3.41151 -8.88268 66.9398
    endloop
  endfacet
  facet normal 0.144086 0.7924 0.59274
    outer loop
      vertex -4.60903 1.00283 55.6741
      vertex 3.41151 -8.88268 66.9398
      vertex 3.46858 -8.91864 66.974
    endloop
  endfacet
  facet normal 0.144643 0.792517 0.592448
    outer loop
      vertex 2.93278 -8.67843 66.7833
      vertex -4.63097 0.685971 56.1032
      vertex -4.65328 0.639284 56.1711
    endloop
  endfacet
  facet normal 0.143843 0.792349 0.592868
    outer loop
      vertex 2.93278 -8.67843 66.7833
      vertex -4.61263 0.738161 56.029
      vertex -4.63097 0.685971 56.1032
    endloop
  endfacet
  facet normal 0.144964 0.792583 0.592281
    outer loop
      vertex 3.0133 -8.70325 66.7969
      vertex -4.60025 0.791569 55.9545
      vertex -4.61263 0.738161 56.029
    endloop
  endfacet
  facet normal 0.144423 0.792472 0.592563
    outer loop
      vertex 3.09867 -8.73339 66.8164
      vertex -4.59389 0.845967 55.8802
      vertex -4.60025 0.791569 55.9545
    endloop
  endfacet
  facet normal 0.143997 0.792381 0.592788
    outer loop
      vertex 3.18153 -8.76655 66.8405
      vertex -4.59359 0.901123 55.8064
      vertex -4.59389 0.845967 55.8802
    endloop
  endfacet
  facet normal 0.144969 0.792587 0.592275
    outer loop
      vertex 3.33828 -8.84135 66.9024
      vertex -4.59934 0.9568 55.7333
      vertex -4.59359 0.901123 55.8064
    endloop
  endfacet
  facet normal 0.144478 0.792483 0.592534
    outer loop
      vertex 3.41151 -8.88268 66.9398
      vertex -4.60903 1.00283 55.6741
      vertex -4.59934 0.9568 55.7333
    endloop
  endfacet
  facet normal 0.602811 0.761622 0.237805
    outer loop
      vertex 4.15332 -12.5976 73.0206
      vertex -13.2336 8.59055 49.235
      vertex 3.93896 -12.502 73.2578
    endloop
  endfacet
  facet normal 0.602874 0.761594 0.237734
    outer loop
      vertex 4.15332 -12.5976 73.0206
      vertex -13.1992 8.62216 49.0465
      vertex -13.2336 8.59055 49.235
    endloop
  endfacet
  facet normal 0.603054 0.761514 0.237533
    outer loop
      vertex -13.1992 8.62216 49.0465
      vertex 4.15332 -12.5976 73.0206
      vertex -13.1548 8.66133 48.8082
    endloop
  endfacet
  facet normal -0.643676 -0.741173 -0.190637
    outer loop
      vertex -5.8523 15.0053 52.8486
      vertex 10.5004 -4.94579 75.2019
      vertex 10.2997 -4.83371 75.4438
    endloop
  endfacet
  facet normal -0.643678 -0.741172 -0.190635
    outer loop
      vertex -5.8075 15.0059 52.695
      vertex 10.5004 -4.94579 75.2019
      vertex -5.8523 15.0053 52.8486
    endloop
  endfacet
  facet normal -0.643591 -0.741221 -0.190741
    outer loop
      vertex 10.5004 -4.94579 75.2019
      vertex -5.8075 15.0059 52.695
      vertex -5.74379 15.0065 52.4777
    endloop
  endfacet
  facet normal -0.364498 -0.813297 -0.45353
    outer loop
      vertex -6.89426 14.812 54.7471
      vertex 9.11086 -4.52669 76.5632
      vertex 8.84319 -4.51781 76.7624
    endloop
  endfacet
  facet normal -0.344382 -0.828446 -0.441677
    outer loop
      vertex -6.76168 14.8488 54.5747
      vertex -6.89426 14.812 54.7471
      vertex -6.83209 14.8303 54.6643
    endloop
  endfacet
  facet normal -0.364247 -0.813303 -0.45372
    outer loop
      vertex -6.89426 14.812 54.7471
      vertex -6.76168 14.8488 54.5747
      vertex 9.11086 -4.52669 76.5632
    endloop
  endfacet
  facet normal -0.364816 -0.813286 -0.453294
    outer loop
      vertex 9.11086 -4.52669 76.5632
      vertex -6.76168 14.8488 54.5747
      vertex -6.68042 14.8692 54.4727
    endloop
  endfacet
  facet normal -0.777383 -0.629018 0.00341697
    outer loop
      vertex 11.151 -5.54768 74.2084
      vertex -5.54378 14.9604 51.2975
      vertex -5.52205 14.9313 50.8843
    endloop
  endfacet
  facet normal -0.777384 -0.629017 0.00341827
    outer loop
      vertex -5.54378 14.9604 51.2975
      vertex 11.151 -5.54768 74.2084
      vertex 11.0127 -5.3754 74.4585
    endloop
  endfacet
  facet normal 0.0873063 0.778697 0.621296
    outer loop
      vertex 6.82059 -12.5976 71.1139
      vertex 3.90888 -9.45946 67.5899
      vertex 6.52803 -12.6765 71.2539
    endloop
  endfacet
  facet normal 0.0884289 0.779055 0.620688
    outer loop
      vertex 6.82059 -12.5976 71.1139
      vertex 3.90693 -9.4492 67.5773
      vertex 3.90888 -9.45946 67.5899
    endloop
  endfacet
  facet normal 0.0875408 0.778773 0.621168
    outer loop
      vertex 6.82059 -12.5976 71.1139
      vertex 3.8898 -9.39168 67.5076
      vertex 3.90693 -9.4492 67.5773
    endloop
  endfacet
  facet normal 0.0858268 0.778234 0.622082
    outer loop
      vertex 6.82059 -12.5976 71.1139
      vertex 3.86664 -9.33469 67.4395
      vertex 3.8898 -9.39168 67.5076
    endloop
  endfacet
  facet normal 0.0880254 0.778916 0.62092
    outer loop
      vertex 6.82059 -12.5976 71.1139
      vertex 3.83754 -9.27847 67.3731
      vertex 3.86664 -9.33469 67.4395
    endloop
  endfacet
  facet normal 0.0877138 0.77882 0.621084
    outer loop
      vertex 6.82059 -12.5976 71.1139
      vertex 3.80262 -9.22326 67.3088
      vertex 3.83754 -9.27847 67.3731
    endloop
  endfacet
  facet normal 0.0853126 0.778086 0.622337
    outer loop
      vertex 6.82059 -12.5976 71.1139
      vertex 3.76203 -9.1693 67.2469
      vertex 3.80262 -9.22326 67.3088
    endloop
  endfacet
  facet normal 0.0769142 0.77548 0.62667
    outer loop
      vertex 6.82059 -12.5976 71.1139
      vertex 3.71596 -9.11681 67.1876
      vertex 3.76203 -9.1693 67.2469
    endloop
  endfacet
  facet normal 0.0931252 0.780247 0.618501
    outer loop
      vertex -4.61098 1.01309 55.6615
      vertex 3.46858 -8.91864 66.974
      vertex 3.48102 -8.92607 66.9815
    endloop
  endfacet
  facet normal 0.0869516 0.778598 0.62147
    outer loop
      vertex -4.62811 1.07061 55.5919
      vertex 3.48102 -8.92607 66.9815
      vertex 3.54687 -8.97046 67.0279
    endloop
  endfacet
  facet normal 0.0859545 0.77833 0.621943
    outer loop
      vertex -4.65127 1.1276 55.5237
      vertex 3.54687 -8.97046 67.0279
      vertex 3.60814 -9.01718 67.0779
    endloop
  endfacet
  facet normal 0.0909692 0.779674 0.619543
    outer loop
      vertex -4.68037 1.18382 55.4573
      vertex 3.60814 -9.01718 67.0779
      vertex 3.66459 -9.06604 67.1311
    endloop
  endfacet
  facet normal 0.0822333 0.777314 0.623715
    outer loop
      vertex -4.68037 1.18382 55.4573
      vertex 3.66459 -9.06604 67.1311
      vertex 3.71596 -9.11681 67.1876
    endloop
  endfacet
  facet normal 0.0873927 0.778719 0.621256
    outer loop
      vertex -4.71529 1.23903 55.393
      vertex 3.71596 -9.11681 67.1876
      vertex 6.82059 -12.5976 71.1139
    endloop
  endfacet
  facet normal 0.0886447 0.779056 0.620656
    outer loop
      vertex 3.46858 -8.91864 66.974
      vertex -4.61098 1.01309 55.6615
      vertex -4.60903 1.00283 55.6741
    endloop
  endfacet
  facet normal 0.085643 0.778246 0.622092
    outer loop
      vertex 3.48102 -8.92607 66.9815
      vertex -4.62811 1.07061 55.5919
      vertex -4.61098 1.01309 55.6615
    endloop
  endfacet
  facet normal 0.0879891 0.778877 0.620973
    outer loop
      vertex 3.54687 -8.97046 67.0279
      vertex -4.65127 1.1276 55.5237
      vertex -4.62811 1.07061 55.5919
    endloop
  endfacet
  facet normal 0.0882335 0.778945 0.620854
    outer loop
      vertex 3.60814 -9.01718 67.0779
      vertex -4.68037 1.18382 55.4573
      vertex -4.65127 1.1276 55.5237
    endloop
  endfacet
  facet normal 0.0878973 0.778855 0.621014
    outer loop
      vertex 3.71596 -9.11681 67.1876
      vertex -4.71529 1.23903 55.393
      vertex -4.68037 1.18382 55.4573
    endloop
  endfacet
  facet normal 0.0838301 0.777723 0.622993
    outer loop
      vertex 6.82059 -12.5976 71.1139
      vertex -4.75588 1.29299 55.3311
      vertex -4.71529 1.23903 55.393
    endloop
  endfacet
  facet normal 0.0927438 0.780046 0.618811
    outer loop
      vertex -11.7406 10.2005 45.1486
      vertex -5.04934 1.54365 55.0582
      vertex -5.03689 1.53622 55.0657
    endloop
  endfacet
  facet normal 0.08699 0.778612 0.621447
    outer loop
      vertex -11.7406 10.2005 45.1486
      vertex -5.03689 1.53622 55.0657
      vertex -4.97105 1.49183 55.1121
    endloop
  endfacet
  facet normal 0.0862898 0.778434 0.621767
    outer loop
      vertex -11.7406 10.2005 45.1486
      vertex -4.97105 1.49183 55.1121
      vertex -4.90977 1.4451 55.1621
    endloop
  endfacet
  facet normal 0.08707 0.778633 0.621409
    outer loop
      vertex -11.7406 10.2005 45.1486
      vertex -4.90977 1.4451 55.1621
      vertex -4.85332 1.39625 55.2154
    endloop
  endfacet
  facet normal 0.0885771 0.779017 0.620714
    outer loop
      vertex -11.7406 10.2005 45.1486
      vertex -4.85332 1.39625 55.2154
      vertex -4.80195 1.34547 55.2718
    endloop
  endfacet
  facet normal 0.0873846 0.778713 0.621265
    outer loop
      vertex -11.7406 10.2005 45.1486
      vertex -4.80195 1.34547 55.2718
      vertex -4.75588 1.29299 55.3311
    endloop
  endfacet
  facet normal 0.0872024 0.778666 0.621349
    outer loop
      vertex -11.7406 10.2005 45.1486
      vertex -4.75588 1.29299 55.3311
      vertex 6.82059 -12.5976 71.1139
    endloop
  endfacet
  facet normal 0.0874065 0.778723 0.621249
    outer loop
      vertex -5.04934 1.54365 55.0582
      vertex -11.7603 10.1804 45.1764
      vertex -11.9336 9.99937 45.4277
    endloop
  endfacet
  facet normal 0.0842861 0.780031 0.620039
    outer loop
      vertex -11.9336 9.99937 45.4277
      vertex -11.7603 10.1804 45.1764
      vertex -11.8945 10.0426 45.368
    endloop
  endfacet
  facet normal 0.0846466 0.778021 0.622509
    outer loop
      vertex -5.04934 1.54365 55.0582
      vertex -11.7406 10.2005 45.1486
      vertex -11.7603 10.1804 45.1764
    endloop
  endfacet
  facet normal -0.201001 -0.802868 -0.56125
    outer loop
      vertex -7.60338 14.5684 55.466
      vertex 8.2869 -4.55331 77.1288
      vertex 8.00065 -4.59755 77.2946
    endloop
  endfacet
  facet normal -0.201019 -0.802871 -0.561239
    outer loop
      vertex -7.36238 14.6608 55.2475
      vertex 8.2869 -4.55331 77.1288
      vertex -7.60338 14.5684 55.466
    endloop
  endfacet
  facet normal -0.201496 -0.802945 -0.560963
    outer loop
      vertex 8.2869 -4.55331 77.1288
      vertex -7.36238 14.6608 55.2475
      vertex -7.35774 14.6625 55.2434
    endloop
  endfacet
  facet normal -0.876792 -0.383636 0.28993
    outer loop
      vertex 11.6029 -6.83233 72.7574
      vertex -5.74777 14.6834 48.756
      vertex -5.85683 14.6129 48.3329
    endloop
  endfacet
  facet normal -0.876793 -0.383624 0.289941
    outer loop
      vertex -5.74777 14.6834 48.756
      vertex 11.6029 -6.83233 72.7574
      vertex 11.5744 -6.59283 72.9881
    endloop
  endfacet
  facet normal 0.201155 0.802889 0.561165
    outer loop
      vertex -12.1144 9.80358 45.7337
      vertex -5.76885 1.83798 54.8559
      vertex -5.67979 1.81371 54.8587
    endloop
  endfacet
  facet normal 0.200937 0.802856 0.561289
    outer loop
      vertex -12.1144 9.80358 45.7337
      vertex -5.67979 1.81371 54.8587
      vertex -5.59202 1.78629 54.8665
    endloop
  endfacet
  facet normal 0.201812 0.802991 0.560783
    outer loop
      vertex -12.1144 9.80358 45.7337
      vertex -5.59202 1.78629 54.8665
      vertex -5.58513 1.78386 54.8675
    endloop
  endfacet
  facet normal 0.200992 0.802867 0.561254
    outer loop
      vertex -5.76885 1.83798 54.8559
      vertex -12.1673 9.74764 45.8326
      vertex -12.2848 9.61697 46.0616
    endloop
  endfacet
  facet normal 0.200681 0.80282 0.561433
    outer loop
      vertex -5.76885 1.83798 54.8559
      vertex -12.1144 9.80358 45.7337
      vertex -12.1673 9.74764 45.8326
    endloop
  endfacet
  facet normal 0.200487 0.802788 0.561549
    outer loop
      vertex -5.94937 1.87666 54.8652
      vertex -12.2848 9.61697 46.0616
      vertex -5.98788 1.88271 54.8703
    endloop
  endfacet
  facet normal 0.200728 0.802825 0.561409
    outer loop
      vertex -5.85884 1.85899 54.8581
      vertex -12.2848 9.61697 46.0616
      vertex -5.94937 1.87666 54.8652
    endloop
  endfacet
  facet normal 0.201171 0.802897 0.561148
    outer loop
      vertex -12.2848 9.61697 46.0616
      vertex -5.85884 1.85899 54.8581
      vertex -5.76885 1.83798 54.8559
    endloop
  endfacet
  facet normal 0.200878 0.802847 0.561324
    outer loop
      vertex 6.23801 -12.7381 71.407
      vertex 3.69488 -10.0103 68.4156
      vertex 5.95176 -12.7824 71.5728
    endloop
  endfacet
  facet normal 0.201266 0.802928 0.561069
    outer loop
      vertex 6.23801 -12.7381 71.407
      vertex 3.71604 -9.99506 68.3862
      vertex 3.69488 -10.0103 68.4156
    endloop
  endfacet
  facet normal 0.201029 0.80288 0.561223
    outer loop
      vertex 6.23801 -12.7381 71.407
      vertex 3.76077 -9.95649 68.315
      vertex 3.71604 -9.99506 68.3862
    endloop
  endfacet
  facet normal 0.200774 0.802831 0.561384
    outer loop
      vertex 6.23801 -12.7381 71.407
      vertex 3.80026 -9.91546 68.2422
      vertex 3.76077 -9.95649 68.315
    endloop
  endfacet
  facet normal 0.200838 0.802843 0.561344
    outer loop
      vertex 6.23801 -12.7381 71.407
      vertex 3.83432 -9.87217 68.1681
      vertex 3.80026 -9.91546 68.2422
    endloop
  endfacet
  facet normal 0.200864 0.802847 0.561329
    outer loop
      vertex 6.23801 -12.7381 71.407
      vertex 3.86281 -9.82679 68.093
      vertex 3.83432 -9.87217 68.1681
    endloop
  endfacet
  facet normal 0.203169 0.803202 0.55999
    outer loop
      vertex 3.86281 -9.82679 68.093
      vertex 6.23801 -12.7381 71.407
      vertex 3.86464 -9.823 68.0869
    endloop
  endfacet
  facet normal 0.20106 0.802877 0.561216
    outer loop
      vertex -4.6551 0.635501 56.1772
      vertex 2.74906 -8.62431 66.7717
      vertex 2.83812 -8.64857 66.7745
    endloop
  endfacet
  facet normal 0.200939 0.802859 0.561285
    outer loop
      vertex -4.65328 0.639284 56.1711
      vertex 2.83812 -8.64857 66.7745
      vertex 2.92589 -8.67599 66.7823
    endloop
  endfacet
  facet normal 0.203166 0.8032 0.559993
    outer loop
      vertex -4.65328 0.639284 56.1711
      vertex 2.92589 -8.67599 66.7823
      vertex 2.93278 -8.67843 66.7833
    endloop
  endfacet
  facet normal 0.202078 0.803044 0.560611
    outer loop
      vertex 2.74906 -8.62431 66.7717
      vertex -4.80188 0.467231 56.4704
      vertex -4.82303 0.451959 56.4999
    endloop
  endfacet
  facet normal 0.200403 0.802773 0.5616
    outer loop
      vertex 2.74906 -8.62431 66.7717
      vertex -4.75714 0.505802 56.3993
      vertex -4.80188 0.467231 56.4704
    endloop
  endfacet
  facet normal 0.201489 0.802945 0.560965
    outer loop
      vertex 2.74906 -8.62431 66.7717
      vertex -4.71765 0.546823 56.3264
      vertex -4.75714 0.505802 56.3993
    endloop
  endfacet
  facet normal 0.200788 0.802836 0.561372
    outer loop
      vertex 2.74906 -8.62431 66.7717
      vertex -4.68359 0.590118 56.2523
      vertex -4.71765 0.546823 56.3264
    endloop
  endfacet
  facet normal 0.200832 0.802843 0.561346
    outer loop
      vertex 2.74906 -8.62431 66.7717
      vertex -4.6551 0.635501 56.1772
      vertex -4.68359 0.590118 56.2523
    endloop
  endfacet
  facet normal 0.204485 0.803389 0.559243
    outer loop
      vertex 2.83812 -8.64857 66.7745
      vertex -4.65328 0.639284 56.1711
      vertex -4.6551 0.635501 56.1772
    endloop
  endfacet
  facet normal 0.200487 0.802787 0.561549
    outer loop
      vertex 2.56854 -8.58563 66.781
      vertex -4.82303 0.451959 56.4999
      vertex 2.53003 -8.57958 66.7861
    endloop
  endfacet
  facet normal 0.201339 0.80292 0.561054
    outer loop
      vertex 2.65907 -8.6033 66.7738
      vertex -4.82303 0.451959 56.4999
      vertex 2.56854 -8.58563 66.781
    endloop
  endfacet
  facet normal 0.200532 0.802791 0.561528
    outer loop
      vertex -4.82303 0.451959 56.4999
      vertex 2.65907 -8.6033 66.7738
      vertex 2.74906 -8.62431 66.7717
    endloop
  endfacet
  facet normal 0.360916 -0.930283 0.0656691
    outer loop
      vertex -5.74777 14.6834 48.756
      vertex -5.65982 14.7476 49.1821
      vertex -5.66929 14.7407 49.1364
    endloop
  endfacet
  facet normal -0.869341 -0.429679 0.244177
    outer loop
      vertex 11.5744 -6.59283 72.9881
      vertex -5.65982 14.7476 49.1821
      vertex -5.74777 14.6834 48.756
    endloop
  endfacet
  facet normal -0.869326 -0.429753 0.2441
    outer loop
      vertex -5.65982 14.7476 49.1821
      vertex 11.5744 -6.59283 72.9881
      vertex 11.5268 -6.36221 73.2246
    endloop
  endfacet
  facet normal -0.780491 0.101188 0.616924
    outer loop
      vertex -7.56389 13.6015 45.1155
      vertex -7.32681 13.7511 45.3909
      vertex -7.33681 13.7453 45.3792
    endloop
  endfacet
  facet normal -0.776464 0.0797723 0.625092
    outer loop
      vertex 11.0078 -9.20954 71.0956
      vertex -7.32681 13.7511 45.3909
      vertex -7.56389 13.6015 45.1155
    endloop
  endfacet
  facet normal -0.776527 0.079653 0.62503
    outer loop
      vertex -7.32681 13.7511 45.3909
      vertex 11.0078 -9.20954 71.0956
      vertex 11.1466 -8.93927 71.2336
    endloop
  endfacet
  facet normal -0.311213 -0.813299 -0.491621
    outer loop
      vertex -7.11948 14.7419 55.0056
      vertex 8.84319 -4.51781 76.7624
      vertex 8.56815 -4.52669 76.9512
    endloop
  endfacet
  facet normal -0.311165 -0.813297 -0.491655
    outer loop
      vertex 8.84319 -4.51781 76.7624
      vertex -7.11948 14.7419 55.0056
      vertex -6.89426 14.812 54.7471
    endloop
  endfacet
  facet normal -0.887231 -0.267352 0.375956
    outer loop
      vertex -6.13196 14.4485 47.5091
      vertex -5.98659 14.5363 47.9146
      vertex -6.00626 14.5255 47.8605
    endloop
  endfacet
  facet normal -0.880442 -0.286644 0.3777
    outer loop
      vertex 11.6022 -7.33386 72.3175
      vertex -5.98659 14.5363 47.9146
      vertex -6.13196 14.4485 47.5091
    endloop
  endfacet
  facet normal -0.880438 -0.28656 0.377772
    outer loop
      vertex -5.98659 14.5363 47.9146
      vertex 11.6022 -7.33386 72.3175
      vertex 11.6122 -7.0797 72.5336
    endloop
  endfacet
  facet normal -0.199014 0.66149 0.723066
    outer loop
      vertex -10.6399 11.2752 44.1686
      vertex 7.99102 -12.1185 70.698
      vertex 8.27742 -11.9603 70.6321
    endloop
  endfacet
  facet normal -0.193724 0.658168 0.72752
    outer loop
      vertex -10.8771 11.0566 44.3032
      vertex -10.6399 11.2752 44.1686
      vertex -10.7511 11.1767 44.2281
    endloop
  endfacet
  facet normal -0.199198 0.66139 0.723107
    outer loop
      vertex -10.6399 11.2752 44.1686
      vertex -10.8771 11.0566 44.3032
      vertex 7.99102 -12.1185 70.698
    endloop
  endfacet
  facet normal -0.144537 -0.792494 -0.592505
    outer loop
      vertex -7.60338 14.5684 55.466
      vertex 7.71063 -4.65922 77.4478
      vertex -7.85973 14.4654 55.6663
    endloop
  endfacet
  facet normal -0.12074 -0.811458 -0.571802
    outer loop
      vertex -7.60338 14.5684 55.466
      vertex -7.85973 14.4654 55.6663
      vertex -7.82557 14.4804 55.6378
    endloop
  endfacet
  facet normal -0.144485 -0.792483 -0.592532
    outer loop
      vertex 7.71063 -4.65922 77.4478
      vertex -7.60338 14.5684 55.466
      vertex 8.00065 -4.59755 77.2946
    endloop
  endfacet
  facet normal -0.716644 -0.691016 -0.0944385
    outer loop
      vertex 10.8577 -5.21721 74.7082
      vertex -5.65538 14.9987 52.0953
      vertex -5.58829 14.9829 51.7018
    endloop
  endfacet
  facet normal -0.716607 -0.691047 -0.0944927
    outer loop
      vertex -5.65538 14.9987 52.0953
      vertex 10.8577 -5.21721 74.7082
      vertex 10.6867 -5.07381 74.9563
    endloop
  endfacet
  facet normal -0.858133 -0.474041 0.197213
    outer loop
      vertex 11.5268 -6.36221 73.2246
      vertex -5.59307 14.8047 49.6098
      vertex -5.65982 14.7476 49.1821
    endloop
  endfacet
  facet normal -0.858128 -0.474058 0.197194
    outer loop
      vertex -5.59307 14.8047 49.6098
      vertex 11.5268 -6.36221 73.2246
      vertex 11.4603 -6.14146 73.4659
    endloop
  endfacet
  facet normal -0.748617 -0.661432 -0.0456065
    outer loop
      vertex 11.0127 -5.3754 74.4585
      vertex -5.58829 14.9829 51.7018
      vertex -5.54378 14.9604 51.2975
    endloop
  endfacet
  facet normal -0.748595 -0.661454 -0.045642
    outer loop
      vertex -5.58829 14.9829 51.7018
      vertex 11.0127 -5.3754 74.4585
      vertex 10.8577 -5.21721 74.7082
    endloop
  endfacet
  facet normal 0.310988 0.81329 0.491778
    outer loop
      vertex -6.54733 1.94626 55.075
      vertex -12.5913 9.27468 46.7775
      vertex -6.62425 1.94556 55.1248
    endloop
  endfacet
  facet normal 0.311362 0.813304 0.491518
    outer loop
      vertex -6.4679 1.94347 55.0293
      vertex -12.5913 9.27468 46.7775
      vertex -6.54733 1.94626 55.075
    endloop
  endfacet
  facet normal 0.311318 0.813302 0.491549
    outer loop
      vertex -6.38631 1.9372 54.988
      vertex -12.5913 9.27468 46.7775
      vertex -6.4679 1.94347 55.0293
    endloop
  endfacet
  facet normal 0.31134 0.813303 0.491533
    outer loop
      vertex -6.32981 1.93062 54.9631
      vertex -12.5913 9.27468 46.7775
      vertex -6.38631 1.9372 54.988
    endloop
  endfacet
  facet normal 0.310976 0.813284 0.491795
    outer loop
      vertex -6.32981 1.93062 54.9631
      vertex -12.5541 9.31887 46.6809
      vertex -12.5913 9.27468 46.7775
    endloop
  endfacet
  facet normal 0.311276 0.813298 0.491582
    outer loop
      vertex -12.5541 9.31887 46.6809
      vertex -6.32981 1.93062 54.9631
      vertex -12.4432 9.4395 46.4111
    endloop
  endfacet
  facet normal 0.311173 0.813297 0.491649
    outer loop
      vertex 3.29275 -10.14 68.8403
      vertex 5.39547 -12.8179 71.9393
      vertex 5.67051 -12.809 71.7505
    endloop
  endfacet
  facet normal 0.311467 0.813303 0.491454
    outer loop
      vertex 5.39547 -12.8179 71.9393
      vertex 3.29275 -10.14 68.8403
      vertex 3.21867 -10.1442 68.8942
    endloop
  endfacet
  facet normal 0.311323 0.813308 0.491536
    outer loop
      vertex 5.67051 -12.809 71.7505
      vertex 3.36368 -10.1324 68.7828
      vertex 3.29275 -10.14 68.8403
    endloop
  endfacet
  facet normal 0.311325 0.813308 0.491535
    outer loop
      vertex 5.67051 -12.809 71.7505
      vertex 3.43115 -10.1213 68.7217
      vertex 3.36368 -10.1324 68.7828
    endloop
  endfacet
  facet normal 0.310982 0.813294 0.491776
    outer loop
      vertex 3.43115 -10.1213 68.7217
      vertex 5.67051 -12.809 71.7505
      vertex 3.47431 -10.1115 68.6782
    endloop
  endfacet
  facet normal 0.311505 0.813306 0.491425
    outer loop
      vertex -5.22516 0.322277 56.9246
      vertex 1.89366 -8.51672 67.0406
      vertex 1.97058 -8.51603 66.9907
    endloop
  endfacet
  facet normal 0.310919 0.813289 0.491824
    outer loop
      vertex -5.15423 0.329925 56.867
      vertex 1.97058 -8.51603 66.9907
      vertex 2.05001 -8.51882 66.9451
    endloop
  endfacet
  facet normal 0.311244 0.813298 0.491602
    outer loop
      vertex -5.08676 0.341007 56.806
      vertex 2.05001 -8.51882 66.9451
      vertex 2.1316 -8.52508 66.9038
    endloop
  endfacet
  facet normal 0.311341 0.813302 0.491535
    outer loop
      vertex -5.0436 0.350807 56.7624
      vertex 2.1316 -8.52508 66.9038
      vertex 2.1881 -8.53166 66.8789
    endloop
  endfacet
  facet normal 0.311161 0.813296 0.491659
    outer loop
      vertex 1.89366 -8.51672 67.0406
      vertex -5.22516 0.322277 56.9246
      vertex -5.29924 0.318096 56.9784
    endloop
  endfacet
  facet normal 0.311423 0.813303 0.491482
    outer loop
      vertex 1.97058 -8.51603 66.9907
      vertex -5.15423 0.329925 56.867
      vertex -5.22516 0.322277 56.9246
    endloop
  endfacet
  facet normal 0.311016 0.813292 0.491757
    outer loop
      vertex 2.05001 -8.51882 66.9451
      vertex -5.08676 0.341007 56.806
      vertex -5.15423 0.329925 56.867
    endloop
  endfacet
  facet normal 0.311656 0.813312 0.491319
    outer loop
      vertex 2.1316 -8.52508 66.9038
      vertex -5.0436 0.350807 56.7624
      vertex -5.08676 0.341007 56.806
    endloop
  endfacet
  facet normal -0.512603 0.429462 0.743506
    outer loop
      vertex -9.18055 12.4893 44.0365
      vertex 9.85049 -10.7429 70.5766
      vertex -9.10804 12.5433 44.0553
    endloop
  endfacet
  facet normal -0.512045 0.430002 0.743578
    outer loop
      vertex -9.37111 12.3421 43.9904
      vertex 9.85049 -10.7429 70.5766
      vertex -9.18055 12.4893 44.0365
    endloop
  endfacet
  facet normal -0.512461 0.429596 0.743526
    outer loop
      vertex 9.85049 -10.7429 70.5766
      vertex -9.37111 12.3421 43.9904
      vertex 9.61133 -10.9735 70.545
    endloop
  endfacet
  facet normal 0.513838 0.792498 0.328509
    outer loop
      vertex 2.2458 -9.823 69.2441
      vertex 4.38038 -12.6765 72.7891
      vertex 4.61917 -12.7381 72.5642
    endloop
  endfacet
  facet normal 0.513714 0.792535 0.328613
    outer loop
      vertex 2.17436 -9.77632 69.2432
      vertex 4.38038 -12.6765 72.7891
      vertex 2.2458 -9.823 69.2441
    endloop
  endfacet
  facet normal 0.51422 0.792387 0.328178
    outer loop
      vertex 2.09815 -9.72413 69.2366
      vertex 4.38038 -12.6765 72.7891
      vertex 2.17436 -9.77632 69.2432
    endloop
  endfacet
  facet normal 0.513818 0.792502 0.328531
    outer loop
      vertex 2.0237 -9.67072 69.2242
      vertex 4.38038 -12.6765 72.7891
      vertex 2.09815 -9.72413 69.2366
    endloop
  endfacet
  facet normal 0.514079 0.792429 0.328297
    outer loop
      vertex 1.95134 -9.61632 69.2062
      vertex 4.38038 -12.6765 72.7891
      vertex 2.0237 -9.67072 69.2242
    endloop
  endfacet
  facet normal 0.513523 0.79258 0.328803
    outer loop
      vertex 1.88138 -9.56116 69.1825
      vertex 4.38038 -12.6765 72.7891
      vertex 1.95134 -9.61632 69.2062
    endloop
  endfacet
  facet normal 0.514299 0.792373 0.328087
    outer loop
      vertex 1.81411 -9.50549 69.1535
      vertex 4.38038 -12.6765 72.7891
      vertex 1.88138 -9.56116 69.1825
    endloop
  endfacet
  facet normal 0.513234 0.792651 0.329081
    outer loop
      vertex 4.38038 -12.6765 72.7891
      vertex 1.81411 -9.50549 69.1535
      vertex 1.76123 -9.45946 69.1251
    endloop
  endfacet
  facet normal 0.513579 0.792562 0.328758
    outer loop
      vertex -7.21086 1.5796 56.5284
      vertex -13.0646 8.75069 48.3851
      vertex -7.19699 1.54365 56.5934
    endloop
  endfacet
  facet normal 0.513915 0.792476 0.328441
    outer loop
      vertex -7.22257 1.62093 56.447
      vertex -13.0646 8.75069 48.3851
      vertex -7.21086 1.5796 56.5284
    endloop
  endfacet
  facet normal 0.514044 0.792443 0.328318
    outer loop
      vertex -7.22907 1.6597 56.3636
      vertex -13.0646 8.75069 48.3851
      vertex -7.22257 1.62093 56.447
    endloop
  endfacet
  facet normal 0.51412 0.792424 0.328246
    outer loop
      vertex -7.23035 1.69574 56.2786
      vertex -13.0646 8.75069 48.3851
      vertex -7.22907 1.6597 56.3636
    endloop
  endfacet
  facet normal 0.513827 0.792497 0.328528
    outer loop
      vertex -7.22638 1.7289 56.1924
      vertex -13.0646 8.75069 48.3851
      vertex -7.23035 1.69574 56.2786
    endloop
  endfacet
  facet normal 0.513998 0.792455 0.328362
    outer loop
      vertex -7.21719 1.75903 56.1053
      vertex -13.0646 8.75069 48.3851
      vertex -7.22638 1.7289 56.1924
    endloop
  endfacet
  facet normal 0.513931 0.792471 0.328427
    outer loop
      vertex -7.20397 1.78386 56.0247
      vertex -13.0646 8.75069 48.3851
      vertex -7.21719 1.75903 56.1053
    endloop
  endfacet
  facet normal 0.513971 0.792462 0.328388
    outer loop
      vertex -13.0646 8.75069 48.3851
      vertex -7.20397 1.78386 56.0247
      vertex -12.9643 8.85906 47.9666
    endloop
  endfacet
  facet normal 0.514175 0.792409 0.328196
    outer loop
      vertex -6.34355 0.685971 57.3275
      vertex 1.31394 -8.67843 67.9405
      vertex -6.27211 0.639284 57.3283
    endloop
  endfacet
  facet normal 0.513772 0.792512 0.328577
    outer loop
      vertex -6.41977 0.738161 57.3208
      vertex 1.31394 -8.67843 67.9405
      vertex -6.34355 0.685971 57.3275
    endloop
  endfacet
  facet normal 0.514025 0.792448 0.328337
    outer loop
      vertex 1.31394 -8.67843 67.9405
      vertex -6.41977 0.738161 57.3208
      vertex 1.30072 -8.70325 68.0211
    endloop
  endfacet
  facet normal 0.513863 0.792489 0.32849
    outer loop
      vertex -6.49421 0.791569 57.3084
      vertex 1.30072 -8.70325 68.0211
      vertex -6.41977 0.738161 57.3208
    endloop
  endfacet
  facet normal 0.513904 0.792479 0.328451
    outer loop
      vertex 1.30072 -8.70325 68.0211
      vertex -6.49421 0.791569 57.3084
      vertex 1.29153 -8.73339 68.1082
    endloop
  endfacet
  facet normal 0.514064 0.792438 0.3283
    outer loop
      vertex -6.56657 0.845967 57.2904
      vertex 1.29153 -8.73339 68.1082
      vertex -6.49421 0.791569 57.3084
    endloop
  endfacet
  facet normal 0.513823 0.792499 0.328528
    outer loop
      vertex 1.29153 -8.73339 68.1082
      vertex -6.56657 0.845967 57.2904
      vertex 1.28756 -8.76655 68.1944
    endloop
  endfacet
  facet normal 0.513997 0.792454 0.328364
    outer loop
      vertex -6.63653 0.901123 57.2668
      vertex 1.28756 -8.76655 68.1944
      vertex -6.56657 0.845967 57.2904
    endloop
  endfacet
  facet normal 0.514122 0.792423 0.328245
    outer loop
      vertex 1.28756 -8.76655 68.1944
      vertex -6.63653 0.901123 57.2668
      vertex 1.28884 -8.80259 68.2794
    endloop
  endfacet
  facet normal 0.513646 0.792545 0.328695
    outer loop
      vertex 1.28884 -8.80259 68.2794
      vertex -6.63653 0.901123 57.2668
      vertex 1.29534 -8.84135 68.3627
    endloop
  endfacet
  facet normal 0.513803 0.792504 0.328548
    outer loop
      vertex -6.7038 0.9568 57.2377
      vertex 1.29534 -8.84135 68.3627
      vertex -6.63653 0.901123 57.2668
    endloop
  endfacet
  facet normal 0.513917 0.792475 0.32844
    outer loop
      vertex 1.29534 -8.84135 68.3627
      vertex -6.7038 0.9568 57.2377
      vertex 1.30705 -8.88268 68.4441
    endloop
  endfacet
  facet normal 0.514096 0.792429 0.328271
    outer loop
      vertex -6.75668 1.00283 57.2094
      vertex 1.30705 -8.88268 68.4441
      vertex -6.7038 0.9568 57.2377
    endloop
  endfacet
  facet normal 0.514233 0.792393 0.328142
    outer loop
      vertex 1.30705 -8.88268 68.4441
      vertex -6.75668 1.00283 57.2094
      vertex 1.32092 -8.91864 68.5092
    endloop
  endfacet
  facet normal -0.829947 -0.537146 0.150538
    outer loop
      vertex -5.59307 14.8047 49.6098
      vertex -5.54718 14.8538 50.038
      vertex -5.57332 14.8269 49.7979
    endloop
  endfacet
  facet normal -0.843293 -0.516222 0.149569
    outer loop
      vertex 11.4603 -6.14146 73.4659
      vertex -5.54718 14.8538 50.038
      vertex -5.59307 14.8047 49.6098
    endloop
  endfacet
  facet normal -0.843313 -0.516173 0.149627
    outer loop
      vertex -5.54718 14.8538 50.038
      vertex 11.4603 -6.14146 73.4659
      vertex 11.3753 -5.93154 73.711
    endloop
  endfacet
  facet normal -0.464503 0.473872 0.748119
    outer loop
      vertex -9.63239 12.1354 43.9591
      vertex 9.61133 -10.9735 70.545
      vertex -9.37111 12.3421 43.9904
    endloop
  endfacet
  facet normal -0.467085 0.477755 0.744031
    outer loop
      vertex -9.63239 12.1354 43.9591
      vertex -9.37111 12.3421 43.9904
      vertex -9.50259 12.2419 43.9722
    endloop
  endfacet
  facet normal -0.464288 0.474065 0.748131
    outer loop
      vertex 9.61133 -10.9735 70.545
      vertex -9.63239 12.1354 43.9591
      vertex 9.36149 -11.1942 70.5298
    endloop
  endfacet
  facet normal -0.824819 -0.556265 0.101205
    outer loop
      vertex 11.3753 -5.93154 73.711
      vertex -5.52318 14.8957 50.4639
      vertex -5.54718 14.8538 50.038
    endloop
  endfacet
  facet normal -0.824787 -0.556327 0.101126
    outer loop
      vertex -5.52318 14.8957 50.4639
      vertex 11.3753 -5.93154 73.711
      vertex 11.272 -5.73333 73.9589
    endloop
  endfacet
  facet normal -0.414402 0.516247 0.749507
    outer loop
      vertex -9.63239 12.1354 43.9591
      vertex 9.10205 -11.4042 70.531
      vertex 9.36149 -11.1942 70.5298
    endloop
  endfacet
  facet normal -0.414536 0.51614 0.749507
    outer loop
      vertex -9.81746 11.9856 43.9599
      vertex 9.10205 -11.4042 70.531
      vertex -9.63239 12.1354 43.9591
    endloop
  endfacet
  facet normal -0.413982 0.516586 0.749505
    outer loop
      vertex 9.10205 -11.4042 70.531
      vertex -9.81746 11.9856 43.9599
      vertex -9.89145 11.925 43.9608
    endloop
  endfacet
  facet normal -0.513889 -0.792483 -0.328465
    outer loop
      vertex -6.29875 14.9543 53.8693
      vertex 9.85828 -4.65922 75.9126
      vertex 9.61949 -4.59755 76.1374
    endloop
  endfacet
  facet normal -0.51294 -0.792721 -0.329373
    outer loop
      vertex -6.28706 14.9565 53.8458
      vertex 9.85828 -4.65922 75.9126
      vertex -6.29875 14.9543 53.8693
    endloop
  endfacet
  facet normal -0.514014 -0.792451 -0.328346
    outer loop
      vertex 9.85828 -4.65922 75.9126
      vertex -6.28706 14.9565 53.8458
      vertex -6.13042 14.9792 53.5458
    endloop
  endfacet
  facet normal -0.880507 -0.335757 0.334625
    outer loop
      vertex 11.6122 -7.0797 72.5336
      vertex -5.85683 14.6129 48.3329
      vertex -5.98659 14.5363 47.9146
    endloop
  endfacet
  facet normal -0.880506 -0.335805 0.334581
    outer loop
      vertex -5.85683 14.6129 48.3329
      vertex 11.6122 -7.0797 72.5336
      vertex 11.6029 -6.83233 72.7574
    endloop
  endfacet
  facet normal -0.416119 -0.809816 -0.413574
    outer loop
      vertex -6.68042 14.8692 54.4727
      vertex 9.36999 -4.55331 76.3546
      vertex 9.11086 -4.52669 76.5632
    endloop
  endfacet
  facet normal -0.416104 -0.809817 -0.413586
    outer loop
      vertex 9.36999 -4.55331 76.3546
      vertex -6.68042 14.8692 54.4727
      vertex -6.48088 14.9158 54.1807
    endloop
  endfacet
  facet normal -0.142502 0.69105 0.70862
    outer loop
      vertex -10.8771 11.0566 44.3032
      vertex 7.70089 -12.2619 70.7795
      vertex 7.99102 -12.1185 70.698
    endloop
  endfacet
  facet normal -0.142419 0.69109 0.708598
    outer loop
      vertex -11.0457 10.8982 44.4238
      vertex 7.70089 -12.2619 70.7795
      vertex -10.8771 11.0566 44.3032
    endloop
  endfacet
  facet normal -0.142244 0.691176 0.708549
    outer loop
      vertex 7.70089 -12.2619 70.7795
      vertex -11.0457 10.8982 44.4238
      vertex -11.1067 10.8389 44.4694
    endloop
  endfacet
  facet normal 0.364389 0.8133 0.453611
    outer loop
      vertex -6.83069 1.9372 55.3057
      vertex -12.7259 9.12016 47.1627
      vertex -6.87252 1.93062 55.3511
    endloop
  endfacet
  facet normal 0.364652 0.813293 0.453414
    outer loop
      vertex -6.76522 1.94347 55.2418
      vertex -12.7259 9.12016 47.1627
      vertex -6.83069 1.9372 55.3057
    endloop
  endfacet
  facet normal 0.36416 0.813305 0.453787
    outer loop
      vertex -6.69631 1.94626 55.1815
      vertex -12.7259 9.12016 47.1627
      vertex -6.76522 1.94347 55.2418
    endloop
  endfacet
  facet normal 0.364659 0.813295 0.453404
    outer loop
      vertex -6.62425 1.94556 55.1248
      vertex -12.7259 9.12016 47.1627
      vertex -6.69631 1.94626 55.1815
    endloop
  endfacet
  facet normal 0.364422 0.813298 0.453588
    outer loop
      vertex -12.7259 9.12016 47.1627
      vertex -6.62425 1.94556 55.1248
      vertex -12.5913 9.27468 46.7775
    endloop
  endfacet
  facet normal 0.364438 0.813298 0.453576
    outer loop
      vertex 3.14377 -10.14 68.9468
      vertex 5.12781 -12.809 72.1384
      vertex 5.39547 -12.8179 71.9393
    endloop
  endfacet
  facet normal 0.364754 0.813286 0.453344
    outer loop
      vertex 5.12781 -12.809 72.1384
      vertex 2.98677 -10.1213 69.0394
      vertex 2.93161 -10.1115 69.0662
    endloop
  endfacet
  facet normal 0.364658 0.81329 0.453415
    outer loop
      vertex 5.12781 -12.809 72.1384
      vertex 3.06636 -10.1324 68.9953
      vertex 2.98677 -10.1213 69.0394
    endloop
  endfacet
  facet normal 0.364153 0.813318 0.45377
    outer loop
      vertex 5.12781 -12.809 72.1384
      vertex 3.14377 -10.14 68.9468
      vertex 3.06636 -10.1324 68.9953
    endloop
  endfacet
  facet normal 0.364243 0.813302 0.453726
    outer loop
      vertex 3.14377 -10.14 68.9468
      vertex 5.39547 -12.8179 71.9393
      vertex 3.21867 -10.1442 68.8942
    endloop
  endfacet
  facet normal 0.36439 0.8133 0.453611
    outer loop
      vertex 1.68722 -8.52508 67.2215
      vertex -5.5863 0.350807 57.1504
      vertex 1.64539 -8.53166 67.2669
    endloop
  endfacet
  facet normal 0.364725 0.81329 0.45336
    outer loop
      vertex -5.53114 0.341007 57.1236
      vertex 1.68722 -8.52508 67.2215
      vertex 1.75269 -8.51882 67.1576
    endloop
  endfacet
  facet normal 0.364556 0.813295 0.453487
    outer loop
      vertex -5.45155 0.329925 57.0795
      vertex 1.75269 -8.51882 67.1576
      vertex 1.8216 -8.51603 67.0972
    endloop
  endfacet
  facet normal 0.364195 0.813305 0.453759
    outer loop
      vertex -5.37414 0.322277 57.0311
      vertex 1.8216 -8.51603 67.0972
      vertex 1.89366 -8.51672 67.0406
    endloop
  endfacet
  facet normal 0.364752 0.813289 0.45334
    outer loop
      vertex 1.68722 -8.52508 67.2215
      vertex -5.53114 0.341007 57.1236
      vertex -5.5863 0.350807 57.1504
    endloop
  endfacet
  facet normal 0.364527 0.813296 0.453509
    outer loop
      vertex 1.75269 -8.51882 67.1576
      vertex -5.45155 0.329925 57.0795
      vertex -5.53114 0.341007 57.1236
    endloop
  endfacet
  facet normal 0.364105 0.813308 0.453826
    outer loop
      vertex 1.8216 -8.51603 67.0972
      vertex -5.37414 0.322277 57.0311
      vertex -5.45155 0.329925 57.0795
    endloop
  endfacet
  facet normal 0.364503 0.813296 0.453528
    outer loop
      vertex -5.37414 0.322277 57.0311
      vertex 1.89366 -8.51672 67.0406
      vertex -5.29924 0.318096 56.9784
    endloop
  endfacet
  facet normal -0.559693 -0.778666 -0.28359
    outer loop
      vertex -6.13042 14.9792 53.5458
      vertex 10.0853 -4.73805 75.681
      vertex 9.85828 -4.65922 75.9126
    endloop
  endfacet
  facet normal -0.559553 -0.778714 -0.283736
    outer loop
      vertex 10.0853 -4.73805 75.681
      vertex -6.13042 14.9792 53.5458
      vertex -5.98128 14.9961 53.2053
    endloop
  endfacet
  facet normal 0.464551 0.803123 0.373077
    outer loop
      vertex -7.20271 1.78629 56.0179
      vertex -12.9643 8.85906 47.9666
      vertex -7.20397 1.78386 56.0247
    endloop
  endfacet
  facet normal 0.466141 0.802843 0.371693
    outer loop
      vertex -7.18168 1.81371 55.9323
      vertex -12.9643 8.85906 47.9666
      vertex -7.20271 1.78629 56.0179
    endloop
  endfacet
  facet normal 0.465643 0.802929 0.372131
    outer loop
      vertex -7.15552 1.83798 55.8472
      vertex -12.9643 8.85906 47.9666
      vertex -7.18168 1.81371 55.9323
    endloop
  endfacet
  facet normal 0.466241 0.802828 0.3716
    outer loop
      vertex -7.12435 1.85899 55.7627
      vertex -12.9643 8.85906 47.9666
      vertex -7.15552 1.83798 55.8472
    endloop
  endfacet
  facet normal 0.46583 0.802896 0.371969
    outer loop
      vertex -7.08829 1.87666 55.6794
      vertex -12.9643 8.85906 47.9666
      vertex -7.12435 1.85899 55.7627
    endloop
  endfacet
  facet normal 0.466223 0.802833 0.371612
    outer loop
      vertex -7.07097 1.88271 55.6446
      vertex -12.9643 8.85906 47.9666
      vertex -7.08829 1.87666 55.6794
    endloop
  endfacet
  facet normal 0.465921 0.802881 0.371887
    outer loop
      vertex -7.07097 1.88271 55.6446
      vertex -12.924 8.90543 47.816
      vertex -12.9643 8.85906 47.9666
    endloop
  endfacet
  facet normal 0.465949 0.802876 0.371862
    outer loop
      vertex -12.924 8.90543 47.816
      vertex -7.07097 1.88271 55.6446
      vertex -12.851 8.98219 47.5588
    endloop
  endfacet
  facet normal 0.465793 0.802908 0.371989
    outer loop
      vertex 4.61917 -12.7381 72.5642
      vertex 2.33243 -9.87217 69.2417
      vertex 2.25213 -9.82679 69.2443
    endloop
  endfacet
  facet normal 0.465839 0.8029 0.371949
    outer loop
      vertex 4.61917 -12.7381 72.5642
      vertex 2.41359 -9.91546 69.2335
      vertex 2.33243 -9.87217 69.2417
    endloop
  endfacet
  facet normal 0.466097 0.802849 0.371735
    outer loop
      vertex 4.61917 -12.7381 72.5642
      vertex 2.49527 -9.95649 69.2197
      vertex 2.41359 -9.91546 69.2335
    endloop
  endfacet
  facet normal 0.46605 0.802859 0.371774
    outer loop
      vertex 4.61917 -12.7381 72.5642
      vertex 2.57711 -9.99506 69.2004
      vertex 2.49527 -9.95649 69.2197
    endloop
  endfacet
  facet normal 0.465543 0.802969 0.372171
    outer loop
      vertex 4.61917 -12.7381 72.5642
      vertex 2.61179 -10.0103 69.1899
      vertex 2.57711 -9.99506 69.2004
    endloop
  endfacet
  facet normal 0.466137 0.802837 0.371711
    outer loop
      vertex 2.61179 -10.0103 69.1899
      vertex 4.61917 -12.7381 72.5642
      vertex 4.86867 -12.7824 72.347
    endloop
  endfacet
  facet normal 0.46874 0.802378 0.369422
    outer loop
      vertex 4.61917 -12.7381 72.5642
      vertex 2.25213 -9.82679 69.2443
      vertex 2.2458 -9.823 69.2441
    endloop
  endfacet
  facet normal 0.466228 0.802828 0.371617
    outer loop
      vertex 1.36239 -8.62431 67.7629
      vertex -6.18548 0.590118 57.3259
      vertex -6.26578 0.635501 57.3286
    endloop
  endfacet
  facet normal 0.46588 0.802887 0.371925
    outer loop
      vertex 1.42962 -8.58563 67.5951
      vertex -6.10432 0.546823 57.3177
      vertex -6.18548 0.590118 57.3259
    endloop
  endfacet
  facet normal 0.466026 0.802863 0.371794
    outer loop
      vertex 1.44694 -8.57958 67.5604
      vertex -6.02264 0.505802 57.3039
      vertex -6.10432 0.546823 57.3177
    endloop
  endfacet
  facet normal 0.466057 0.802858 0.371766
    outer loop
      vertex 1.44694 -8.57958 67.5604
      vertex -5.9408 0.467231 57.2846
      vertex -6.02264 0.505802 57.3039
    endloop
  endfacet
  facet normal 0.466099 0.802851 0.37173
    outer loop
      vertex -5.9408 0.467231 57.2846
      vertex 1.44694 -8.57958 67.5604
      vertex -5.90612 0.451959 57.2741
    endloop
  endfacet
  facet normal 0.465439 0.802962 0.372315
    outer loop
      vertex -6.10432 0.546823 57.3177
      vertex 1.42962 -8.58563 67.5951
      vertex 1.44694 -8.57958 67.5604
    endloop
  endfacet
  facet normal 0.466177 0.802838 0.37166
    outer loop
      vertex -6.18548 0.590118 57.3259
      vertex 1.39356 -8.6033 67.6785
      vertex 1.42962 -8.58563 67.5951
    endloop
  endfacet
  facet normal 0.465881 0.802888 0.371922
    outer loop
      vertex -6.18548 0.590118 57.3259
      vertex 1.36239 -8.62431 67.7629
      vertex 1.39356 -8.6033 67.6785
    endloop
  endfacet
  facet normal 0.466111 0.802848 0.37172
    outer loop
      vertex -6.26578 0.635501 57.3286
      vertex 1.33623 -8.64857 67.8481
      vertex 1.36239 -8.62431 67.7629
    endloop
  endfacet
  facet normal 0.462415 0.803482 0.374951
    outer loop
      vertex -6.27211 0.639284 57.3283
      vertex 1.33623 -8.64857 67.8481
      vertex -6.26578 0.635501 57.3286
    endloop
  endfacet
  facet normal 0.466141 0.802843 0.371693
    outer loop
      vertex 1.33623 -8.64857 67.8481
      vertex -6.27211 0.639284 57.3283
      vertex 1.3152 -8.67599 67.9337
    endloop
  endfacet
  facet normal 0.463358 0.80333 0.374111
    outer loop
      vertex 1.3152 -8.67599 67.9337
      vertex -6.27211 0.639284 57.3283
      vertex 1.31394 -8.67843 67.9405
    endloop
  endfacet
  facet normal -0.681565 -0.717666 -0.142915
    outer loop
      vertex -5.74379 15.0065 52.4777
      vertex 10.6867 -5.07381 74.9563
      vertex 10.5004 -4.94579 75.2019
    endloop
  endfacet
  facet normal -0.681683 -0.717585 -0.142755
    outer loop
      vertex -5.70059 15.0032 52.288
      vertex 10.6867 -5.07381 74.9563
      vertex -5.74379 15.0065 52.4777
    endloop
  endfacet
  facet normal -0.681418 -0.717767 -0.143108
    outer loop
      vertex 10.6867 -5.07381 74.9563
      vertex -5.70059 15.0032 52.288
      vertex -5.65538 14.9987 52.0953
    endloop
  endfacet
  facet normal -0.466023 -0.802864 -0.371796
    outer loop
      vertex -6.48088 14.9158 54.1807
      vertex 9.61949 -4.59755 76.1374
      vertex 9.36999 -4.55331 76.3546
    endloop
  endfacet
  facet normal -0.466002 -0.802867 -0.371815
    outer loop
      vertex 9.61949 -4.59755 76.1374
      vertex -6.48088 14.9158 54.1807
      vertex -6.29875 14.9543 53.8693
    endloop
  endfacet
  facet normal -0.642499 0.2864 0.710753
    outer loop
      vertex -8.35001 13.0867 44.4292
      vertex 10.494 -10.0018 70.7672
      vertex -8.32023 13.1071 44.4479
    endloop
  endfacet
  facet normal -0.642301 0.286651 0.710831
    outer loop
      vertex -8.58118 12.9263 44.285
      vertex 10.494 -10.0018 70.7672
      vertex -8.35001 13.0867 44.4292
    endloop
  endfacet
  facet normal -0.642309 0.28664 0.710828
    outer loop
      vertex 10.494 -10.0018 70.7672
      vertex -8.58118 12.9263 44.285
      vertex 10.2928 -10.256 70.6879
    endloop
  endfacet
  facet normal -0.602852 -0.761603 -0.23776
    outer loop
      vertex -5.98128 14.9961 53.2053
      vertex 10.2997 -4.83371 75.4438
      vertex 10.0853 -4.73805 75.681
    endloop
  endfacet
  facet normal -0.60294 -0.761564 -0.237661
    outer loop
      vertex 10.2997 -4.83371 75.4438
      vertex -5.98128 14.9961 53.2053
      vertex -5.8523 15.0053 52.8486
    endloop
  endfacet
  facet normal -0.558223 0.383482 0.73575
    outer loop
      vertex -9.01128 12.6164 44.0906
      vertex 10.078 -10.5034 70.6242
      vertex -8.84405 12.738 44.1541
    endloop
  endfacet
  facet normal -0.558173 0.383535 0.735761
    outer loop
      vertex -9.10804 12.5433 44.0553
      vertex 10.078 -10.5034 70.6242
      vertex -9.01128 12.6164 44.0906
    endloop
  endfacet
  facet normal -0.557947 0.383776 0.735806
    outer loop
      vertex 10.078 -10.5034 70.6242
      vertex -9.10804 12.5433 44.0553
      vertex 9.85049 -10.7429 70.5766
    endloop
  endfacet
  facet normal 0.255625 0.809716 0.528219
    outer loop
      vertex -6.30225 1.92903 54.9522
      vertex -12.4432 9.4395 46.4111
      vertex -6.32981 1.93062 54.9631
    endloop
  endfacet
  facet normal 0.256671 0.809818 0.527556
    outer loop
      vertex -6.21543 1.9206 54.9229
      vertex -12.4432 9.4395 46.4111
      vertex -6.30225 1.92903 54.9522
    endloop
  endfacet
  facet normal 0.256648 0.809815 0.527571
    outer loop
      vertex -6.12755 1.90871 54.8984
      vertex -12.4432 9.4395 46.4111
      vertex -6.21543 1.9206 54.9229
    endloop
  endfacet
  facet normal 0.256585 0.809809 0.527612
    outer loop
      vertex -6.03899 1.89342 54.8788
      vertex -12.4432 9.4395 46.4111
      vertex -6.12755 1.90871 54.8984
    endloop
  endfacet
  facet normal 0.257372 0.809896 0.527094
    outer loop
      vertex -5.98788 1.88271 54.8703
      vertex -12.4432 9.4395 46.4111
      vertex -6.03899 1.89342 54.8788
    endloop
  endfacet
  facet normal 0.25661 0.809809 0.527599
    outer loop
      vertex -5.98788 1.88271 54.8703
      vertex -12.2878 9.61366 46.0682
      vertex -12.4432 9.4395 46.4111
    endloop
  endfacet
  facet normal 0.26086 0.810203 0.524902
    outer loop
      vertex -12.2878 9.61366 46.0682
      vertex -5.98788 1.88271 54.8703
      vertex -12.2848 9.61697 46.0616
    endloop
  endfacet
  facet normal 0.256711 0.809825 0.527525
    outer loop
      vertex 5.95176 -12.7824 71.5728
      vertex 3.47431 -10.1115 68.6782
      vertex 5.67051 -12.809 71.7505
    endloop
  endfacet
  facet normal 0.25614 0.809739 0.527935
    outer loop
      vertex 5.95176 -12.7824 71.5728
      vertex 3.49552 -10.1053 68.6584
      vertex 3.47431 -10.1115 68.6782
    endloop
  endfacet
  facet normal 0.256516 0.809794 0.527668
    outer loop
      vertex 5.95176 -12.7824 71.5728
      vertex 3.55717 -10.0828 68.5939
      vertex 3.49552 -10.1053 68.6584
    endloop
  endfacet
  facet normal 0.257196 0.809882 0.527201
    outer loop
      vertex 5.95176 -12.7824 71.5728
      vertex 3.61451 -10.0572 68.5266
      vertex 3.55717 -10.0828 68.5939
    endloop
  endfacet
  facet normal 0.255997 0.809744 0.527997
    outer loop
      vertex 5.95176 -12.7824 71.5728
      vertex 3.66728 -10.0285 68.457
      vertex 3.61451 -10.0572 68.5266
    endloop
  endfacet
  facet normal 0.257 0.809846 0.527352
    outer loop
      vertex 3.66728 -10.0285 68.457
      vertex 5.95176 -12.7824 71.5728
      vertex 3.69488 -10.0103 68.4156
    endloop
  endfacet
  facet normal 0.255859 0.809744 0.528063
    outer loop
      vertex -4.96074 0.3795 56.6781
      vertex 2.1881 -8.53166 66.8789
      vertex 2.21566 -8.53326 66.868
    endloop
  endfacet
  facet normal 0.256671 0.809817 0.527557
    outer loop
      vertex -4.9034 0.405129 56.6109
      vertex 2.21566 -8.53326 66.868
      vertex 2.30248 -8.54169 66.8387
    endloop
  endfacet
  facet normal 0.256568 0.809809 0.52762
    outer loop
      vertex -4.85063 0.433794 56.5412
      vertex 2.30248 -8.54169 66.8387
      vertex 2.39036 -8.55357 66.8142
    endloop
  endfacet
  facet normal 0.257115 0.809857 0.527279
    outer loop
      vertex -4.82303 0.451959 56.4999
      vertex 2.39036 -8.55357 66.8142
      vertex 2.47892 -8.56886 66.7945
    endloop
  endfacet
  facet normal 0.256567 0.809806 0.527624
    outer loop
      vertex -4.82303 0.451959 56.4999
      vertex 2.47892 -8.56886 66.7945
      vertex 2.53003 -8.57958 66.7861
    endloop
  endfacet
  facet normal 0.255897 0.809744 0.528044
    outer loop
      vertex 2.1881 -8.53166 66.8789
      vertex -5.02239 0.357016 56.7426
      vertex -5.0436 0.350807 56.7624
    endloop
  endfacet
  facet normal 0.25663 0.809813 0.527583
    outer loop
      vertex 2.1881 -8.53166 66.8789
      vertex -4.96074 0.3795 56.6781
      vertex -5.02239 0.357016 56.7426
    endloop
  endfacet
  facet normal 0.256468 0.8098 0.527682
    outer loop
      vertex 2.21566 -8.53326 66.868
      vertex -4.9034 0.405129 56.6109
      vertex -4.96074 0.3795 56.6781
    endloop
  endfacet
  facet normal 0.2568 0.809829 0.527476
    outer loop
      vertex 2.30248 -8.54169 66.8387
      vertex -4.85063 0.433794 56.5412
      vertex -4.9034 0.405129 56.6109
    endloop
  endfacet
  facet normal 0.256554 0.809807 0.527628
    outer loop
      vertex 2.39036 -8.55357 66.8142
      vertex -4.82303 0.451959 56.4999
      vertex -4.85063 0.433794 56.5412
    endloop
  endfacet
  facet normal -0.0298092 -0.761586 -0.647378
    outer loop
      vertex -8.12035 14.3473 55.8509
      vertex 7.12424 -4.83371 77.7138
      vertex -8.38839 14.22 56.013
    endloop
  endfacet
  facet normal -0.00665355 -0.780162 -0.625542
    outer loop
      vertex -8.28565 14.2706 55.9488
      vertex -8.38839 14.22 56.013
      vertex -8.33945 14.245 55.9813
    endloop
  endfacet
  facet normal -0.040203 -0.752466 -0.657403
    outer loop
      vertex -8.12035 14.3473 55.8509
      vertex -8.38839 14.22 56.013
      vertex -8.28565 14.2706 55.9488
    endloop
  endfacet
  facet normal -0.0298681 -0.761605 -0.647353
    outer loop
      vertex 7.12424 -4.83371 77.7138
      vertex -8.12035 14.3473 55.8509
      vertex 7.41807 -4.73805 77.5877
    endloop
  endfacet
  facet normal -0.0872386 -0.778676 -0.621331
    outer loop
      vertex -7.85973 14.4654 55.6663
      vertex 7.41807 -4.73805 77.5877
      vertex -8.12035 14.3473 55.8509
    endloop
  endfacet
  facet normal -0.087288 -0.778689 -0.621308
    outer loop
      vertex 7.41807 -4.73805 77.5877
      vertex -7.85973 14.4654 55.6663
      vertex 7.71063 -4.65922 77.4478
    endloop
  endfacet
  facet normal 0.643742 0.741137 0.190559
    outer loop
      vertex 3.93896 -12.502 73.2578
      vertex -13.2394 8.58612 49.2717
      vertex 3.92178 -12.4924 73.2785
    endloop
  endfacet
  facet normal 0.643249 0.741411 0.191153
    outer loop
      vertex -13.2394 8.58612 49.2717
      vertex 3.93896 -12.502 73.2578
      vertex -13.2336 8.59055 49.235
    endloop
  endfacet
  facet normal -0.802833 -0.593892 0.0524495
    outer loop
      vertex 11.272 -5.73333 73.9589
      vertex -5.52205 14.9313 50.8843
      vertex -5.52318 14.8957 50.4639
    endloop
  endfacet
  facet normal -0.802862 -0.593848 0.0525109
    outer loop
      vertex -5.52205 14.9313 50.8843
      vertex 11.272 -5.73333 73.9589
      vertex 11.151 -5.54768 74.2084
    endloop
  endfacet
  facet normal -0.0278176 0.741217 0.670689
    outer loop
      vertex -11.3273 10.6224 44.6669
      vertex 7.11442 -12.502 70.9879
      vertex 7.40828 -12.3899 70.8762
    endloop
  endfacet
  facet normal -0.0279311 0.741174 0.670731
    outer loop
      vertex 7.11442 -12.502 70.9879
      vertex -11.3273 10.6224 44.6669
      vertex -11.5393 10.4098 44.893
    endloop
  endfacet
  facet normal -0.0220928 0.738599 0.673783
    outer loop
      vertex -11.5393 10.4098 44.893
      vertex -11.3273 10.6224 44.6669
      vertex -11.4801 10.4726 44.8261
    endloop
  endfacet
  facet normal -0.680355 0.236235 0.693765
    outer loop
      vertex -8.32023 13.1071 44.4479
      vertex 10.6807 -9.74196 70.8619
      vertex -8.06325 13.2807 44.6408
    endloop
  endfacet
  facet normal -0.682088 0.243493 0.689541
    outer loop
      vertex -8.32023 13.1071 44.4479
      vertex -8.06325 13.2807 44.6408
      vertex -8.18162 13.2037 44.5509
    endloop
  endfacet
  facet normal -0.680456 0.236093 0.693715
    outer loop
      vertex 10.6807 -9.74196 70.8619
      vertex -8.32023 13.1071 44.4479
      vertex 10.494 -10.0018 70.7672
    endloop
  endfacet
  facet normal -0.716394 0.18922 0.671547
    outer loop
      vertex -8.06325 13.2807 44.6408
      vertex -7.81122 13.4463 44.863
      vertex -7.84374 13.4261 44.834
    endloop
  endfacet
  facet normal -0.715466 0.184854 0.673749
    outer loop
      vertex -8.06325 13.2807 44.6408
      vertex 10.8522 -9.47748 70.9715
      vertex -7.81122 13.4463 44.863
    endloop
  endfacet
  facet normal -0.715513 0.18478 0.67372
    outer loop
      vertex 10.8522 -9.47748 70.9715
      vertex -8.06325 13.2807 44.6408
      vertex 10.6807 -9.74196 70.8619
    endloop
  endfacet
  facet normal -0.745333 0.121185 0.655586
    outer loop
      vertex -7.81122 13.4463 44.863
      vertex -7.56389 13.6015 45.1155
      vertex -7.67688 13.5314 45
    endloop
  endfacet
  facet normal -0.747587 0.132564 0.6508
    outer loop
      vertex 10.8522 -9.47748 70.9715
      vertex -7.56389 13.6015 45.1155
      vertex -7.81122 13.4463 44.863
    endloop
  endfacet
  facet normal -0.747529 0.132662 0.650846
    outer loop
      vertex -7.56389 13.6015 45.1155
      vertex 10.8522 -9.47748 70.9715
      vertex 11.0078 -9.20954 71.0956
    endloop
  endfacet
  facet normal 0.416587 0.809767 0.413198
    outer loop
      vertex -7.04646 1.89342 55.5989
      vertex -12.851 8.98219 47.5588
      vertex -7.07097 1.88271 55.6446
    endloop
  endfacet
  facet normal 0.41597 0.809829 0.413698
    outer loop
      vertex -6.99925 1.90871 55.5215
      vertex -12.851 8.98219 47.5588
      vertex -7.04646 1.89342 55.5989
    endloop
  endfacet
  facet normal 0.416012 0.809825 0.413664
    outer loop
      vertex -6.94762 1.9206 55.4463
      vertex -12.851 8.98219 47.5588
      vertex -6.99925 1.90871 55.5215
    endloop
  endfacet
  facet normal 0.416227 0.809805 0.413486
    outer loop
      vertex -6.8918 1.92903 55.3736
      vertex -12.851 8.98219 47.5588
      vertex -6.94762 1.9206 55.4463
    endloop
  endfacet
  facet normal 0.41599 0.809826 0.413685
    outer loop
      vertex -6.87252 1.93062 55.3511
      vertex -12.851 8.98219 47.5588
      vertex -6.8918 1.92903 55.3736
    endloop
  endfacet
  facet normal 0.415936 0.80983 0.41373
    outer loop
      vertex -6.87252 1.93062 55.3511
      vertex -12.8185 9.01817 47.4557
      vertex -12.851 8.98219 47.5588
    endloop
  endfacet
  facet normal 0.41628 0.8098 0.413444
    outer loop
      vertex -12.8185 9.01817 47.4557
      vertex -6.87252 1.93062 55.3511
      vertex -12.7259 9.12016 47.1627
    endloop
  endfacet
  facet normal 0.416071 0.809821 0.413611
    outer loop
      vertex 2.90597 -10.1053 69.0798
      vertex 4.86867 -12.7824 72.347
      vertex 5.12781 -12.809 72.1384
    endloop
  endfacet
  facet normal 0.416956 0.809722 0.412914
    outer loop
      vertex 4.86867 -12.7824 72.347
      vertex 2.65981 -10.0285 69.1771
      vertex 2.61179 -10.0103 69.1899
    endloop
  endfacet
  facet normal 0.416451 0.809778 0.413314
    outer loop
      vertex 4.86867 -12.7824 72.347
      vertex 2.74281 -10.0572 69.1497
      vertex 2.65981 -10.0285 69.1771
    endloop
  endfacet
  facet normal 0.415561 0.809886 0.413998
    outer loop
      vertex 4.86867 -12.7824 72.347
      vertex 2.82498 -10.0828 69.1173
      vertex 2.74281 -10.0572 69.1497
    endloop
  endfacet
  facet normal 0.416375 0.809777 0.413392
    outer loop
      vertex 4.86867 -12.7824 72.347
      vertex 2.90597 -10.1053 69.0798
      vertex 2.82498 -10.0828 69.1173
    endloop
  endfacet
  facet normal 0.41548 0.809879 0.414092
    outer loop
      vertex 2.90597 -10.1053 69.0798
      vertex 5.12781 -12.809 72.1384
      vertex 2.93161 -10.1115 69.0662
    endloop
  endfacet
  facet normal 0.416451 0.809782 0.413306
    outer loop
      vertex 1.47145 -8.56886 67.5147
      vertex -5.90612 0.451959 57.2741
      vertex 1.44694 -8.57958 67.5604
    endloop
  endfacet
  facet normal 0.415968 0.809831 0.413697
    outer loop
      vertex 1.51866 -8.55357 67.4373
      vertex -5.90612 0.451959 57.2741
      vertex 1.47145 -8.56886 67.5147
    endloop
  endfacet
  facet normal 0.416083 0.809819 0.413604
    outer loop
      vertex -5.8581 0.433794 57.2614
      vertex 1.51866 -8.55357 67.4373
      vertex 1.57029 -8.54169 67.3621
    endloop
  endfacet
  facet normal 0.416227 0.809805 0.413486
    outer loop
      vertex -5.7751 0.405129 57.234
      vertex 1.57029 -8.54169 67.3621
      vertex 1.62611 -8.53326 67.2894
    endloop
  endfacet
  facet normal 0.41577 0.80985 0.413858
    outer loop
      vertex -5.69293 0.3795 57.2015
      vertex 1.62611 -8.53326 67.2894
      vertex 1.64539 -8.53166 67.2669
    endloop
  endfacet
  facet normal 0.415797 0.809847 0.413836
    outer loop
      vertex 1.51866 -8.55357 67.4373
      vertex -5.8581 0.433794 57.2614
      vertex -5.90612 0.451959 57.2741
    endloop
  endfacet
  facet normal 0.416188 0.809809 0.413518
    outer loop
      vertex 1.57029 -8.54169 67.3621
      vertex -5.7751 0.405129 57.234
      vertex -5.8581 0.433794 57.2614
    endloop
  endfacet
  facet normal 0.41615 0.809812 0.413549
    outer loop
      vertex 1.62611 -8.53326 67.2894
      vertex -5.69293 0.3795 57.2015
      vertex -5.7751 0.405129 57.234
    endloop
  endfacet
  facet normal 0.416255 0.809803 0.413463
    outer loop
      vertex 1.64539 -8.53166 67.2669
      vertex -5.61194 0.357016 57.164
      vertex -5.69293 0.3795 57.2015
    endloop
  endfacet
  facet normal 0.415675 0.809861 0.413931
    outer loop
      vertex -5.61194 0.357016 57.164
      vertex 1.64539 -8.53166 67.2669
      vertex -5.5863 0.350807 57.1504
    endloop
  endfacet
  facet normal -0.254861 0.628989 0.734451
    outer loop
      vertex -10.396 11.4937 44.0661
      vertex 8.27742 -11.9603 70.6321
      vertex 8.55885 -11.788 70.5822
    endloop
  endfacet
  facet normal -0.25539 0.628669 0.734541
    outer loop
      vertex -10.4492 11.4465 44.088
      vertex 8.27742 -11.9603 70.6321
      vertex -10.396 11.4937 44.0661
    endloop
  endfacet
  facet normal -0.25469 0.629094 0.734421
    outer loop
      vertex 8.27742 -11.9603 70.6321
      vertex -10.4492 11.4465 44.088
      vertex -10.6399 11.2752 44.1686
    endloop
  endfacet
  facet normal 0.0298182 0.761588 0.647375
    outer loop
      vertex 7.11442 -12.502 70.9879
      vertex -11.7406 10.2005 45.1486
      vertex 6.82059 -12.5976 71.1139
    endloop
  endfacet
  facet normal 0.0299917 0.761646 0.647299
    outer loop
      vertex -11.7406 10.2005 45.1486
      vertex 7.11442 -12.502 70.9879
      vertex -11.5393 10.4098 44.893
    endloop
  endfacet
  facet normal 0.559701 0.778662 0.283582
    outer loop
      vertex 1.76123 -9.45946 69.1251
      vertex 4.15332 -12.5976 73.0206
      vertex 4.38038 -12.6765 72.7891
    endloop
  endfacet
  facet normal 0.560532 0.778344 0.282816
    outer loop
      vertex 1.74996 -9.4492 69.1192
      vertex 4.15332 -12.5976 73.0206
      vertex 1.76123 -9.45946 69.1251
    endloop
  endfacet
  facet normal 0.559992 0.778551 0.283315
    outer loop
      vertex 1.68957 -9.39168 69.0805
      vertex 4.15332 -12.5976 73.0206
      vertex 1.74996 -9.4492 69.1192
    endloop
  endfacet
  facet normal 0.559421 0.778767 0.283848
    outer loop
      vertex 1.63256 -9.33469 69.0365
      vertex 4.15332 -12.5976 73.0206
      vertex 1.68957 -9.39168 69.0805
    endloop
  endfacet
  facet normal 0.55964 0.778685 0.283643
    outer loop
      vertex 1.57917 -9.27847 68.9875
      vertex 4.15332 -12.5976 73.0206
      vertex 1.63256 -9.33469 69.0365
    endloop
  endfacet
  facet normal 0.5588 0.778998 0.284437
    outer loop
      vertex 1.52964 -9.22326 68.9336
      vertex 4.15332 -12.5976 73.0206
      vertex 1.57917 -9.27847 68.9875
    endloop
  endfacet
  facet normal 0.560837 0.778238 0.282502
    outer loop
      vertex 1.48418 -9.1693 68.8752
      vertex 4.15332 -12.5976 73.0206
      vertex 1.52964 -9.22326 68.9336
    endloop
  endfacet
  facet normal 0.563044 0.777407 0.280393
    outer loop
      vertex 1.44298 -9.11681 68.8124
      vertex 4.15332 -12.5976 73.0206
      vertex 1.48418 -9.1693 68.8752
    endloop
  endfacet
  facet normal 0.557374 0.779465 0.285952
    outer loop
      vertex -6.76795 1.01309 57.2034
      vertex 1.32092 -8.91864 68.5092
      vertex -6.75668 1.00283 57.2094
    endloop
  endfacet
  facet normal 0.558933 0.778929 0.284365
    outer loop
      vertex 1.32092 -8.91864 68.5092
      vertex -6.76795 1.01309 57.2034
      vertex 1.32405 -8.92607 68.5234
    endloop
  endfacet
  facet normal 0.560036 0.778546 0.283241
    outer loop
      vertex -6.82834 1.07061 57.1647
      vertex 1.32405 -8.92607 68.5234
      vertex -6.76795 1.01309 57.2034
    endloop
  endfacet
  facet normal 0.55956 0.778711 0.283727
    outer loop
      vertex 1.32405 -8.92607 68.5234
      vertex -6.82834 1.07061 57.1647
      vertex 1.34663 -8.97046 68.6007
    endloop
  endfacet
  facet normal 0.559204 0.778835 0.28409
    outer loop
      vertex -6.88536 1.1276 57.1207
      vertex 1.34663 -8.97046 68.6007
      vertex -6.82834 1.07061 57.1647
    endloop
  endfacet
  facet normal 0.560176 0.778498 0.283097
    outer loop
      vertex 1.34663 -8.97046 68.6007
      vertex -6.88536 1.1276 57.1207
      vertex 1.37406 -9.01718 68.6749
    endloop
  endfacet
  facet normal 0.559879 0.778601 0.2834
    outer loop
      vertex -6.93874 1.18382 57.0717
      vertex 1.37406 -9.01718 68.6749
      vertex -6.88536 1.1276 57.1207
    endloop
  endfacet
  facet normal 0.558631 0.779033 0.284674
    outer loop
      vertex 1.37406 -9.01718 68.6749
      vertex -6.93874 1.18382 57.0717
      vertex 1.40622 -9.06604 68.7455
    endloop
  endfacet
  facet normal 0.560688 0.778318 0.282576
    outer loop
      vertex 1.40622 -9.06604 68.7455
      vertex -6.93874 1.18382 57.0717
      vertex 1.44298 -9.11681 68.8124
    endloop
  endfacet
  facet normal 0.558459 0.779093 0.284847
    outer loop
      vertex -6.98827 1.23903 57.0178
      vertex 1.44298 -9.11681 68.8124
      vertex -6.93874 1.18382 57.0717
    endloop
  endfacet
  facet normal 0.559662 0.778677 0.283622
    outer loop
      vertex 1.44298 -9.11681 68.8124
      vertex -6.98827 1.23903 57.0178
      vertex 4.15332 -12.5976 73.0206
    endloop
  endfacet
  facet normal 0.561596 0.777989 0.28168
    outer loop
      vertex -7.03373 1.29299 56.9594
      vertex 4.15332 -12.5976 73.0206
      vertex -6.98827 1.23903 57.0178
    endloop
  endfacet
  facet normal 0.559596 0.7787 0.283688
    outer loop
      vertex -7.03373 1.29299 56.9594
      vertex -13.1548 8.66133 48.8082
      vertex 4.15332 -12.5976 73.0206
    endloop
  endfacet
  facet normal 0.560245 0.778482 0.283004
    outer loop
      vertex -7.07493 1.34547 56.8966
      vertex -13.1548 8.66133 48.8082
      vertex -7.03373 1.29299 56.9594
    endloop
  endfacet
  facet normal 0.560022 0.778557 0.28324
    outer loop
      vertex -7.11169 1.39625 56.8297
      vertex -13.1548 8.66133 48.8082
      vertex -7.07493 1.34547 56.8966
    endloop
  endfacet
  facet normal 0.559043 0.778884 0.284272
    outer loop
      vertex -7.14385 1.4451 56.7591
      vertex -13.1548 8.66133 48.8082
      vertex -7.11169 1.39625 56.8297
    endloop
  endfacet
  facet normal 0.559897 0.778599 0.283369
    outer loop
      vertex -7.17128 1.49183 56.6849
      vertex -13.1548 8.66133 48.8082
      vertex -7.14385 1.4451 56.7591
    endloop
  endfacet
  facet normal 0.559559 0.778712 0.283728
    outer loop
      vertex -7.19386 1.53622 56.6076
      vertex -13.1548 8.66133 48.8082
      vertex -7.17128 1.49183 56.6849
    endloop
  endfacet
  facet normal 0.558986 0.778901 0.284338
    outer loop
      vertex -7.19699 1.54365 56.5934
      vertex -13.1548 8.66133 48.8082
      vertex -7.19386 1.53622 56.6076
    endloop
  endfacet
  facet normal 0.559534 0.77872 0.283754
    outer loop
      vertex -13.1548 8.66133 48.8082
      vertex -7.19699 1.54365 56.5934
      vertex -13.0646 8.75069 48.3851
    endloop
  endfacet
  facet normal -0.60151 0.335827 0.724849
    outer loop
      vertex -8.84405 12.738 44.1541
      vertex 10.2928 -10.256 70.6879
      vertex -8.58118 12.9263 44.285
    endloop
  endfacet
  facet normal -0.605938 0.348919 0.714909
    outer loop
      vertex -8.84405 12.738 44.1541
      vertex -8.58118 12.9263 44.285
      vertex -8.68425 12.8559 44.232
    endloop
  endfacet
  facet normal -0.60161 0.33571 0.72482
    outer loop
      vertex 10.2928 -10.256 70.6879
      vertex -8.84405 12.738 44.1541
      vertex 10.078 -10.5034 70.6242
    endloop
  endfacet
  facet normal -0.338006 -0.813732 -0.472855
    outer loop
      vertex -9.12749 13.8861 57.0911
      vertex 7.0991 -4.8433 77.7233
      vertex 6.12109 -4.8433 78.4224
    endloop
  endfacet
  facet normal -0.338144 -0.813736 -0.47275
    outer loop
      vertex -8.86016 14.0128 56.6818
      vertex 7.0991 -4.8433 77.7233
      vertex -9.12749 13.8861 57.0911
    endloop
  endfacet
  facet normal -0.337968 -0.813733 -0.472881
    outer loop
      vertex -8.81273 14.035 56.6097
      vertex 7.0991 -4.8433 77.7233
      vertex -8.86016 14.0128 56.6818
    endloop
  endfacet
  facet normal -0.33798 -0.813733 -0.472872
    outer loop
      vertex 7.0991 -4.8433 77.7233
      vertex -8.81273 14.035 56.6097
      vertex -8.41151 14.2079 56.0254
    endloop
  endfacet
  facet normal 0.338037 0.813733 0.472831
    outer loop
      vertex 3.92178 -12.4924 73.2785
      vertex -13.6823 7.92892 50.7193
      vertex 2.94377 -12.4924 73.9777
    endloop
  endfacet
  facet normal 0.338006 0.813733 0.472854
    outer loop
      vertex 3.92178 -12.4924 73.2785
      vertex -13.5708 8.10836 50.3308
      vertex -13.6823 7.92892 50.7193
    endloop
  endfacet
  facet normal 0.338068 0.813734 0.472808
    outer loop
      vertex 3.92178 -12.4924 73.2785
      vertex -13.5097 8.20325 50.1238
      vertex -13.5708 8.10836 50.3308
    endloop
  endfacet
  facet normal 0.338032 0.813733 0.472835
    outer loop
      vertex 3.92178 -12.4924 73.2785
      vertex -13.2843 8.52572 49.4077
      vertex -13.5097 8.20325 50.1238
    endloop
  endfacet
  facet normal 0.337881 0.813733 0.472943
    outer loop
      vertex -13.2843 8.52572 49.4077
      vertex 3.92178 -12.4924 73.2785
      vertex -13.2394 8.58612 49.2717
    endloop
  endfacet
  facet normal -0.814256 -0.575395 0.0768563
    outer loop
      vertex 6.12109 -4.8433 78.4224
      vertex -9.07041 14.2966 60.7691
      vertex -9.12749 13.8861 57.0911
    endloop
  endfacet
  facet normal -0.814256 -0.575396 0.0768548
    outer loop
      vertex -9.07041 14.2966 60.7691
      vertex 6.12109 -4.8433 78.4224
      vertex 5.12611 -3.14059 80.6287
    endloop
  endfacet
  facet normal -0.336238 0.575392 0.745565
    outer loop
      vertex 2.94377 -12.4924 73.9777
      vertex 0.129118 -13.7986 73.7164
      vertex 0.534232 -14.1951 74.2051
    endloop
  endfacet
  facet normal -0.3363 0.575557 0.74541
    outer loop
      vertex 2.94377 -12.4924 73.9777
      vertex 0.11464 -13.7831 73.6979
      vertex 0.129118 -13.7986 73.7164
    endloop
  endfacet
  facet normal -0.336244 0.575402 0.745555
    outer loop
      vertex 2.94377 -12.4924 73.9777
      vertex -0.296878 -13.3305 73.163
      vertex 0.11464 -13.7831 73.6979
    endloop
  endfacet
  facet normal -0.336281 0.576049 0.745038
    outer loop
      vertex 2.94377 -12.4924 73.9777
      vertex -0.325706 -13.2965 73.1237
      vertex -0.296878 -13.3305 73.163
    endloop
  endfacet
  facet normal -0.336242 0.575392 0.745564
    outer loop
      vertex -13.8842 3.35705 54.1566
      vertex 2.94377 -12.4924 73.9777
      vertex -13.6823 7.92892 50.7193
    endloop
  endfacet
  facet normal -0.331574 0.574674 0.748204
    outer loop
      vertex -13.8016 7.66987 50.8654
      vertex -13.6823 7.92892 50.7193
      vertex -13.7603 7.76726 50.8089
    endloop
  endfacet
  facet normal -0.336361 0.575369 0.745528
    outer loop
      vertex -13.6823 7.92892 50.7193
      vertex -13.8016 7.66987 50.8654
      vertex -13.8842 3.35705 54.1566
    endloop
  endfacet
  facet normal -0.336255 0.575381 0.745567
    outer loop
      vertex 2.94377 -12.4924 73.9777
      vertex -13.8842 3.35705 54.1566
      vertex -0.325706 -13.2965 73.1237
    endloop
  endfacet
  facet normal -0.336099 0.575423 0.745605
    outer loop
      vertex -13.9518 7.31068 51.0749
      vertex -13.8842 3.35705 54.1566
      vertex -13.8016 7.66987 50.8654
    endloop
  endfacet
  facet normal -0.336447 0.575343 0.745509
    outer loop
      vertex -14.0788 6.94979 51.2961
      vertex -13.8842 3.35705 54.1566
      vertex -13.9518 7.31068 51.0749
    endloop
  endfacet
  facet normal -0.336068 0.57544 0.745606
    outer loop
      vertex -14.2101 6.50681 51.5788
      vertex -13.8842 3.35705 54.1566
      vertex -14.0788 6.94979 51.2961
    endloop
  endfacet
  facet normal -0.335963 0.57547 0.745629
    outer loop
      vertex -14.3062 6.07703 51.8672
      vertex -13.8842 3.35705 54.1566
      vertex -14.2101 6.50681 51.5788
    endloop
  endfacet
  facet normal -0.33656 0.575277 0.745509
    outer loop
      vertex -14.3323 5.92867 51.9699
      vertex -13.8842 3.35705 54.1566
      vertex -14.3062 6.07703 51.8672
    endloop
  endfacet
  facet normal -0.336509 0.575294 0.745519
    outer loop
      vertex -14.3813 5.53029 52.2552
      vertex -13.8842 3.35705 54.1566
      vertex -14.3323 5.92867 51.9699
    endloop
  endfacet
  facet normal -0.327762 0.580473 0.745401
    outer loop
      vertex -13.9512 3.44245 54.0605
      vertex -14.0082 3.53932 53.96
      vertex -13.9724 3.4717 54.0284
    endloop
  endfacet
  facet normal -0.333118 0.57542 0.746944
    outer loop
      vertex -14.2101 6.50681 51.5788
      vertex -14.0788 6.94979 51.2961
      vertex -14.1095 6.86244 51.3497
    endloop
  endfacet
  facet normal -0.317305 0.586118 0.745509
    outer loop
      vertex -13.9724 3.4717 54.0284
      vertex -14.0082 3.53932 53.96
      vertex -13.9915 3.50397 53.9949
    endloop
  endfacet
  facet normal -0.342858 0.575096 0.742774
    outer loop
      vertex -14.3062 6.07703 51.8672
      vertex -14.2101 6.50681 51.5788
      vertex -14.2329 6.42541 51.6313
    endloop
  endfacet
  facet normal -0.339667 0.573521 0.745453
    outer loop
      vertex -14.0082 3.53932 53.96
      vertex -13.9512 3.44245 54.0605
      vertex -14.062 3.66928 53.8355
    endloop
  endfacet
  facet normal -0.335851 0.575549 0.745619
    outer loop
      vertex -13.8842 3.35705 54.1566
      vertex -14.062 3.66928 53.8355
      vertex -13.9512 3.44245 54.0605
    endloop
  endfacet
  facet normal -0.336091 0.575449 0.745588
    outer loop
      vertex -14.3742 4.74797 52.8622
      vertex -13.8842 3.35705 54.1566
      vertex -14.3813 5.53029 52.2552
    endloop
  endfacet
  facet normal -0.335217 0.575914 0.745622
    outer loop
      vertex -13.8842 3.35705 54.1566
      vertex -14.2335 4.09872 53.4267
      vertex -14.062 3.66928 53.8355
    endloop
  endfacet
  facet normal -0.353619 0.573655 0.738832
    outer loop
      vertex -14.3323 5.92867 51.9699
      vertex -14.3062 6.07703 51.8672
      vertex -14.3219 6.00244 51.9176
    endloop
  endfacet
  facet normal -0.336246 0.57538 0.745571
    outer loop
      vertex -13.8842 3.35705 54.1566
      vertex -14.3742 4.74797 52.8622
      vertex -14.2335 4.09872 53.4267
    endloop
  endfacet
  facet normal -0.334536 0.576207 0.745702
    outer loop
      vertex -14.2335 4.09872 53.4267
      vertex -14.2529 4.1576 53.3725
      vertex -14.2442 4.12745 53.3997
    endloop
  endfacet
  facet normal -0.337427 0.574949 0.74537
    outer loop
      vertex -14.2335 4.09872 53.4267
      vertex -14.3742 4.74797 52.8622
      vertex -14.2529 4.1576 53.3725
    endloop
  endfacet
  facet normal -0.336423 0.575308 0.745547
    outer loop
      vertex -14.2529 4.1576 53.3725
      vertex -14.3742 4.74797 52.8622
      vertex -14.3241 4.42465 53.1343
    endloop
  endfacet
  facet normal -0.330138 0.576101 0.747741
    outer loop
      vertex -14.3813 5.53029 52.2552
      vertex -14.3323 5.92867 51.9699
      vertex -14.3765 5.59625 52.2065
    endloop
  endfacet
  facet normal -0.315264 0.581993 0.749595
    outer loop
      vertex -14.3241 4.42465 53.1343
      vertex -14.3742 4.74797 52.8622
      vertex -14.3324 4.46343 53.1007
    endloop
  endfacet
  facet normal -0.334027 0.575911 0.746158
    outer loop
      vertex -14.384 4.84451 52.7833
      vertex -14.3742 4.74797 52.8622
      vertex -14.3813 5.53029 52.2552
    endloop
  endfacet
  facet normal -0.327639 0.577726 0.747586
    outer loop
      vertex -14.3742 4.74797 52.8622
      vertex -14.384 4.84451 52.7833
      vertex -14.3808 4.79547 52.8226
    endloop
  endfacet
  facet normal -0.336512 0.575378 0.745453
    outer loop
      vertex -14.3971 5.20946 52.4957
      vertex -14.384 4.84451 52.7833
      vertex -14.3813 5.53029 52.2552
    endloop
  endfacet
  facet normal -0.343023 0.573776 0.743718
    outer loop
      vertex -14.384 4.84451 52.7833
      vertex -14.3971 5.20946 52.4957
      vertex -14.3973 5.15179 52.5401
    endloop
  endfacet
endsolid OpenSCAD_Model
