solid OpenSCAD_Model
  facet normal 0.632002 0.770114 -0.0865915
    outer loop
      vertex 7.12251 9.28223 8.95808e-07
      vertex 10.8801 13.0542 60.9719
      vertex 7.71435 8.79653 7.36019e-07
    endloop
  endfacet
  facet normal 0.728696 -0.682507 0.0564484
    outer loop
      vertex 6.15308 -9.57017 44.6861
      vertex 8.27315 -8.27315 33
      vertex 8.79653 -7.71435 33
    endloop
  endfacet
  facet normal 0.728691 -0.682512 0.056447
    outer loop
      vertex 5.76584 -9.93747 45.244
      vertex 8.27315 -8.27315 33
      vertex 6.15308 -9.57017 44.6861
    endloop
  endfacet
  facet normal 0.728677 -0.682528 0.0564417
    outer loop
      vertex 8.27315 -8.27315 33
      vertex 5.76584 -9.93747 45.244
      vertex 5.61015 -10.0847 45.4736
    endloop
  endfacet
  facet normal 0.728676 -0.682529 0.0564383
    outer loop
      vertex -0.515902 -14.2521 74.1682
      vertex 2.85943 -11.9559 58.358
      vertex 3.11129 -11.7056 58.1332
    endloop
  endfacet
  facet normal -0.697393 -0.712568 -0.0767464
    outer loop
      vertex -11.7516 -12.1872 67.9494
      vertex -8.27315 -8.27315 9.27045e-07
      vertex -11.346 -12.5784 67.8959
    endloop
  endfacet
  facet normal -1.42806e-05 6.90024e-06 -1
    outer loop
      vertex -10.8094 4.4774 8.24351e-07
      vertex -10.4934 5.17478 1.12377e-06
      vertex -10.1325 5.85 6.29081e-07
    endloop
  endfacet
  facet normal 0.880503 -0.33588 0.334514
    outer loop
      vertex 0.485074 -11.781 77.0533
      vertex 14.6974 6.07567 57.5734
      vertex 0.500845 -11.3615 77.433
    endloop
  endfacet
  facet normal 0.880503 -0.335891 0.334504
    outer loop
      vertex 14.6974 6.07567 57.5734
      vertex 0.485074 -11.781 77.0533
      vertex 14.6816 5.65612 57.1937
    endloop
  endfacet
  facet normal -0.287564 0.956752 -0.043969
    outer loop
      vertex -3.02818 11.3013 1.06703e-06
      vertex 2.0466 15.4345 56.7473
      vertex 2.43172 15.5683 57.14
    endloop
  endfacet
  facet normal 0.776497 0.0797108 0.625059
    outer loop
      vertex -0.524228 -7.7491 79.872
      vertex 13.9078 9.22966 59.7782
      vertex 13.6723 9.68805 60.0123
    endloop
  endfacet
  facet normal 0.776473 0.0797592 0.625083
    outer loop
      vertex 13.9078 9.22966 59.7782
      vertex -0.524228 -7.7491 79.872
      vertex -0.288685 -8.20749 79.6379
    endloop
  endfacet
  facet normal 0.9706 0.230016 -0.0709094
    outer loop
      vertex 11.3013 3.02818 7.91339e-07
      vertex 14.5493 7.3961 58.6269
      vertex 14.6311 6.94753 58.2915
    endloop
  endfacet
  facet normal -4.47134e-07 -1.57478e-06 -1
    outer loop
      vertex -4.4774 -10.8094 4.89449e-07
      vertex -1.52716 -11.5999 4.15162e-07
      vertex -3.02818 -11.3013 6.16089e-07
    endloop
  endfacet
  facet normal 0.290064 -0.956428 -0.0333053
    outer loop
      vertex -2.47386 -15.4668 71.702
      vertex 3.02818 -11.3013 1.19551e-07
      vertex 3.76084 -11.0791 8.26455e-07
    endloop
  endfacet
  facet normal 0.84328 -0.516255 0.149533
    outer loop
      vertex 0.0991195 -13.3088 75.436
      vertex 14.4399 4.48435 55.9921
      vertex 0.243349 -12.9528 75.8517
    endloop
  endfacet
  facet normal 0.843265 -0.516291 0.149488
    outer loop
      vertex 14.4399 4.48435 55.9921
      vertex 0.0991195 -13.3088 75.436
      vertex 14.2956 4.1283 55.5764
    endloop
  endfacet
  facet normal 1.05795e-06 5.10319e-07 -1
    outer loop
      vertex 9.72819 6.50017 5.51744e-07
      vertex 10.1325 5.85 6.47691e-07
      vertex 11.4752 2.28256 2.47673e-07
    endloop
  endfacet
  facet normal 0.0976775 0.99233 -0.0757709
    outer loop
      vertex 0.765217 11.6749 7.49149e-07
      vertex 4.61988 15.793 58.9016
      vertex 1.52716 11.5999 7.71421e-07
    endloop
  endfacet
  facet normal -0.72772 -0.681593 -0.0765147
    outer loop
      vertex -11.7516 -12.1872 67.9494
      vertex -8.79653 -7.71435 1.15648e-06
      vertex -8.27315 -8.27315 9.27045e-07
    endloop
  endfacet
  facet normal -0.602905 0.761581 0.237698
    outer loop
      vertex 2.0466 15.4345 56.7473
      vertex -12.5135 -2.16485 76.2046
      vertex -12.1499 -2.0026 76.607
    endloop
  endfacet
  facet normal -0.602849 0.761605 0.237762
    outer loop
      vertex -12.5135 -2.16485 76.2046
      vertex 2.0466 15.4345 56.7473
      vertex 1.68302 15.2723 56.345
    endloop
  endfacet
  facet normal -5.17589e-08 -2.00373e-07 -1
    outer loop
      vertex -5.85 -10.1325 3.4488e-07
      vertex 3.02818 -11.3013 1.19551e-07
      vertex -1.52716 -11.5999 4.15162e-07
    endloop
  endfacet
  facet normal -1.8045e-07 -5.79488e-07 -1
    outer loop
      vertex -5.85 -10.1325 3.4488e-07
      vertex -1.52716 -11.5999 4.15162e-07
      vertex -4.4774 -10.8094 4.89449e-07
    endloop
  endfacet
  facet normal 0.280026 -0.959381 -0.0342472
    outer loop
      vertex -2.87887 -15.5714 71.3206
      vertex 3.02818 -11.3013 1.19551e-07
      vertex -2.47386 -15.4668 71.702
    endloop
  endfacet
  facet normal 1.27301e-07 1.24826e-07 -1
    outer loop
      vertex 8.79653 7.71435 5.84704e-07
      vertex 9.72819 6.50017 5.51744e-07
      vertex 11.4752 2.28256 2.47673e-07
    endloop
  endfacet
  facet normal 0.656729 0.74916 -0.0864122
    outer loop
      vertex 7.71435 8.79653 7.36019e-07
      vertex 10.8801 13.0542 60.9719
      vertex 11.3038 12.6798 60.9461
    endloop
  endfacet
  facet normal -0.643609 0.741211 0.190719
    outer loop
      vertex 1.68302 15.2723 56.345
      vertex -12.854 -2.35494 75.7943
      vertex -12.5135 -2.16485 76.2046
    endloop
  endfacet
  facet normal -0.643637 0.741196 0.190684
    outer loop
      vertex -12.854 -2.35494 75.7943
      vertex 1.68302 15.2723 56.345
      vertex 1.34255 15.0822 55.9347
    endloop
  endfacet
  facet normal 0.142623 0.69099 0.708655
    outer loop
      vertex 8.06357 14.8651 60.5485
      vertex -5.64087 -2.8153 80.5463
      vertex 8.55565 14.6218 60.6867
    endloop
  endfacet
  facet normal 0.142548 0.691026 0.708635
    outer loop
      vertex -5.64087 -2.8153 80.5463
      vertex 8.06357 14.8651 60.5485
      vertex -6.13295 -2.57207 80.4081
    endloop
  endfacet
  facet normal -0.470036 -0.879406 -0.0755792
    outer loop
      vertex -9.08354 -14.2521 68.0436
      vertex -5.85 -10.1325 3.4488e-07
      vertex -5.17478 -10.4934 9.05144e-07
    endloop
  endfacet
  facet normal -0.881928 0.471384 0
    outer loop
      vertex -10.4934 5.17478 1.12377e-06
      vertex -10.1325 5.85 33
      vertex -10.1325 5.85 6.29081e-07
    endloop
  endfacet
  facet normal 0.596206 0.79816 -0.0864813
    outer loop
      vertex 7.12251 9.28223 8.95808e-07
      vertex 9.98561 13.7465 60.9403
      vertex 10.44 13.4103 60.97
    endloop
  endfacet
  facet normal -0.954084 0.299333 -0.0111045
    outer loop
      vertex -14.5947 -4.7573 72.4406
      vertex -14.482 -4.3829 72.8499
      vertex -11.0791 3.76084 1.1249e-06
    endloop
  endfacet
  facet normal -0.0298478 0.761598 0.647362
    outer loop
      vertex 6.5705 15.4345 59.9812
      vertex -7.12766 -2.16485 80.0546
      vertex 7.06886 15.2723 60.195
    endloop
  endfacet
  facet normal -0.0297879 0.761579 0.647387
    outer loop
      vertex -7.12766 -2.16485 80.0546
      vertex 6.5705 15.4345 59.9812
      vertex -7.62602 -2.0026 79.8408
    endloop
  endfacet
  facet normal -1.05042e-06 3.75753e-07 -1
    outer loop
      vertex -11.6749 0.765217 3.38624e-07
      vertex -10.8094 4.4774 8.24351e-07
      vertex -10.1325 5.85 6.29081e-07
    endloop
  endfacet
  facet normal 0.971425 0.226564 -0.0707245
    outer loop
      vertex 11.3013 3.02818 7.91339e-07
      vertex 14.6311 6.94753 58.2915
      vertex 11.4752 2.28256 2.47673e-07
    endloop
  endfacet
  facet normal -0.988972 0.145285 -0.0287581
    outer loop
      vertex -14.7237 -5.55467 71.6483
      vertex -14.6754 -5.14845 72.0395
      vertex -11.5999 1.52716 1.10229e-06
    endloop
  endfacet
  facet normal -6.74114e-09 9.39711e-09 -1
    outer loop
      vertex -11.6749 -0.765217 2.48435e-07
      vertex -8.68154 -0.564021 2.30147e-07
      vertex -8.68137 -0.569007 2.30099e-07
    endloop
  endfacet
  facet normal -6.74357e-09 9.43318e-09 -1
    outer loop
      vertex -8.68154 -0.564021 2.30147e-07
      vertex -11.6749 -0.765217 2.48435e-07
      vertex -8.7 2.70343e-16 2.35592e-07
    endloop
  endfacet
  facet normal -6.74343e-09 9.43203e-09 -1
    outer loop
      vertex -11.6749 -0.765217 2.48435e-07
      vertex -8.68137 -0.569007 2.30099e-07
      vertex -8.6523 -0.864168 2.27119e-07
    endloop
  endfacet
  facet normal -6.81013e-09 9.35052e-09 -1
    outer loop
      vertex -4.4774 10.8094 3.09072e-07
      vertex -1.69236 8.53364 2.68826e-07
      vertex -1.69729 8.53283 2.68852e-07
    endloop
  endfacet
  facet normal -6.74284e-09 9.4327e-09 -1
    outer loop
      vertex -4.4774 10.8094 3.09072e-07
      vertex -1.70214 8.5317 2.68874e-07
      vertex -2.25173 8.40355 2.71371e-07
    endloop
  endfacet
  facet normal -6.76353e-09 9.42368e-09 -1
    outer loop
      vertex -4.4774 10.8094 3.09072e-07
      vertex -3.32468 8.03951 2.75173e-07
      vertex -3.32935 8.03775 2.75188e-07
    endloop
  endfacet
  facet normal -6.7442e-09 9.43175e-09 -1
    outer loop
      vertex -4.4774 10.8094 3.09072e-07
      vertex -3.33389 8.03569 2.75199e-07
      vertex -3.84791 7.80279 2.76469e-07
    endloop
  endfacet
  facet normal -6.74116e-09 9.43491e-09 -1
    outer loop
      vertex -1.69236 8.53364 2.68826e-07
      vertex -4.4774 10.8094 3.09072e-07
      vertex -1.5436 8.55821 2.68055e-07
    endloop
  endfacet
  facet normal -6.7358e-09 9.44128e-09 -1
    outer loop
      vertex -1.70214 8.5317 2.68874e-07
      vertex -4.4774 10.8094 3.09072e-07
      vertex -1.69729 8.53283 2.68852e-07
    endloop
  endfacet
  facet normal -6.81163e-09 9.36907e-09 -1
    outer loop
      vertex -2.2565 8.40211 2.7139e-07
      vertex -4.4774 10.8094 3.09072e-07
      vertex -2.25173 8.40355 2.71371e-07
    endloop
  endfacet
  facet normal -6.74279e-09 9.43257e-09 -1
    outer loop
      vertex -2.79652 8.23829 2.73486e-07
      vertex -4.4774 10.8094 3.09072e-07
      vertex -2.2565 8.40211 2.7139e-07
    endloop
  endfacet
  facet normal -6.74391e-09 9.43184e-09 -1
    outer loop
      vertex -3.32468 8.03951 2.75173e-07
      vertex -4.4774 10.8094 3.09072e-07
      vertex -2.79652 8.23829 2.73486e-07
    endloop
  endfacet
  facet normal -6.70908e-09 9.44623e-09 -1
    outer loop
      vertex -3.33389 8.03569 2.75199e-07
      vertex -4.4774 10.8094 3.09072e-07
      vertex -3.32935 8.03775 2.75188e-07
    endloop
  endfacet
  facet normal -6.74332e-09 9.43193e-09 -1
    outer loop
      vertex -4.3456 7.53677 2.77316e-07
      vertex -4.4774 10.8094 3.09072e-07
      vertex -3.84791 7.80279 2.76469e-07
    endloop
  endfacet
  facet normal -6.63084e-09 9.43646e-09 -1
    outer loop
      vertex -4.35 7.53442 2.77323e-07
      vertex -4.4774 10.8094 3.09072e-07
      vertex -4.3456 7.53677 2.77316e-07
    endloop
  endfacet
  facet normal -6.74379e-09 9.43207e-09 -1
    outer loop
      vertex -4.82922 7.23642 2.77744e-07
      vertex -4.4774 10.8094 3.09072e-07
      vertex -4.35 7.53442 2.77323e-07
    endloop
  endfacet
  facet normal -6.79721e-09 9.43733e-09 -1
    outer loop
      vertex -4.83346 7.23379 2.77748e-07
      vertex -4.4774 10.8094 3.09072e-07
      vertex -4.82922 7.23642 2.77744e-07
    endloop
  endfacet
  facet normal -6.76166e-09 9.43379e-09 -1
    outer loop
      vertex -4.83752 7.23088 2.77748e-07
      vertex -4.4774 10.8094 3.09072e-07
      vertex -4.83346 7.23379 2.77748e-07
    endloop
  endfacet
  facet normal -6.74147e-09 9.43176e-09 -1
    outer loop
      vertex -5.29622 6.90217 2.7774e-07
      vertex -4.4774 10.8094 3.09072e-07
      vertex -4.83752 7.23088 2.77748e-07
    endloop
  endfacet
  facet normal -6.9861e-09 9.48303e-09 -1
    outer loop
      vertex -5.30008 6.89901 2.77737e-07
      vertex -4.4774 10.8094 3.09072e-07
      vertex -5.29622 6.90217 2.7774e-07
    endloop
  endfacet
  facet normal -6.74055e-09 9.43136e-09 -1
    outer loop
      vertex -5.73631 6.54101 2.77301e-07
      vertex -4.4774 10.8094 3.09072e-07
      vertex -5.30008 6.89901 2.77737e-07
    endloop
  endfacet
  facet normal -6.97794e-09 9.50138e-09 -1
    outer loop
      vertex -5.73995 6.5376 2.77294e-07
      vertex -4.4774 10.8094 3.09072e-07
      vertex -5.73631 6.54101 2.77301e-07
    endloop
  endfacet
  facet normal -6.74385e-09 9.4322e-09 -1
    outer loop
      vertex -6.15183 6.15183 2.76433e-07
      vertex -4.4774 10.8094 3.09072e-07
      vertex -5.73995 6.5376 2.77294e-07
    endloop
  endfacet
  facet normal -6.74115e-09 9.43122e-09 -1
    outer loop
      vertex -6.5376 5.73995 2.75149e-07
      vertex -4.4774 10.8094 3.09072e-07
      vertex -6.15183 6.15183 2.76433e-07
    endloop
  endfacet
  facet normal -6.91846e-09 9.50328e-09 -1
    outer loop
      vertex -6.54101 5.73631 2.75138e-07
      vertex -4.4774 10.8094 3.09072e-07
      vertex -6.5376 5.73995 2.75149e-07
    endloop
  endfacet
  facet normal -6.7457e-09 9.43301e-09 -1
    outer loop
      vertex -6.89901 5.30008 2.73438e-07
      vertex -4.4774 10.8094 3.09072e-07
      vertex -6.54101 5.73631 2.75138e-07
    endloop
  endfacet
  facet normal -6.81062e-09 9.46154e-09 -1
    outer loop
      vertex -6.90217 5.29622 2.73423e-07
      vertex -4.4774 10.8094 3.09072e-07
      vertex -6.89901 5.30008 2.73438e-07
    endloop
  endfacet
  facet normal -6.74203e-09 9.43137e-09 -1
    outer loop
      vertex -7.23088 4.83752 2.71313e-07
      vertex -4.4774 10.8094 3.09072e-07
      vertex -6.90217 5.29622 2.73423e-07
    endloop
  endfacet
  facet normal -6.42613e-09 9.28572e-09 -1
    outer loop
      vertex -7.23379 4.83346 2.71294e-07
      vertex -4.4774 10.8094 3.09072e-07
      vertex -7.23088 4.83752 2.71313e-07
    endloop
  endfacet
  facet normal -7.12424e-09 9.60772e-09 -1
    outer loop
      vertex -7.23642 4.82922 2.71272e-07
      vertex -4.4774 10.8094 3.09072e-07
      vertex -7.23379 4.83346 2.71294e-07
    endloop
  endfacet
  facet normal -6.73663e-09 9.4289e-09 -1
    outer loop
      vertex -7.53442 4.35 2.68761e-07
      vertex -4.4774 10.8094 3.09072e-07
      vertex -7.23642 4.82922 2.71272e-07
    endloop
  endfacet
  facet normal -6.20362e-09 8.99512e-09 -1
    outer loop
      vertex -11.6749 -0.765217 2.48435e-07
      vertex -7.53442 4.35 2.68761e-07
      vertex -7.53677 4.3456 2.68736e-07
    endloop
  endfacet
  facet normal -6.74767e-09 9.43563e-09 -1
    outer loop
      vertex -11.6749 -0.765217 2.48435e-07
      vertex -7.53677 4.3456 2.68736e-07
      vertex -7.80279 3.84791 2.65835e-07
    endloop
  endfacet
  facet normal -6.77906e-09 9.46362e-09 -1
    outer loop
      vertex -11.6749 -0.765217 2.48435e-07
      vertex -8.03569 3.33389 2.62557e-07
      vertex -8.03775 3.32935 2.62528e-07
    endloop
  endfacet
  facet normal -6.74285e-09 9.4315e-09 -1
    outer loop
      vertex -11.6749 -0.765217 2.48435e-07
      vertex -8.03951 3.32468 2.62496e-07
      vertex -8.23829 2.79652 2.58855e-07
    endloop
  endfacet
  facet normal -6.71871e-09 9.40044e-09 -1
    outer loop
      vertex -11.6749 -0.765217 2.48435e-07
      vertex -8.5317 1.70214 2.50511e-07
      vertex -8.53283 1.69729 2.50473e-07
    endloop
  endfacet
  facet normal -6.74242e-09 9.43071e-09 -1
    outer loop
      vertex -11.6749 -0.765217 2.48435e-07
      vertex -8.53364 1.69236 2.50432e-07
      vertex -8.62557 1.13558 2.45801e-07
    endloop
  endfacet
  facet normal -6.74309e-09 9.43135e-09 -1
    outer loop
      vertex -11.6749 -0.765217 2.48435e-07
      vertex -8.68154 0.564021 2.40787e-07
      vertex -8.7 2.70343e-16 2.35592e-07
    endloop
  endfacet
  facet normal -6.74359e-09 9.43219e-09 -1
    outer loop
      vertex -7.53442 4.35 2.68761e-07
      vertex -11.6749 -0.765217 2.48435e-07
      vertex -4.4774 10.8094 3.09072e-07
    endloop
  endfacet
  facet normal -6.74482e-09 9.43323e-09 -1
    outer loop
      vertex -8.03569 3.33389 2.62557e-07
      vertex -11.6749 -0.765217 2.48435e-07
      vertex -7.80279 3.84791 2.65835e-07
    endloop
  endfacet
  facet normal -6.66852e-09 9.36544e-09 -1
    outer loop
      vertex -8.03951 3.32468 2.62496e-07
      vertex -11.6749 -0.765217 2.48435e-07
      vertex -8.03775 3.32935 2.62528e-07
    endloop
  endfacet
  facet normal -6.744e-09 9.43262e-09 -1
    outer loop
      vertex -8.40211 2.2565 2.54866e-07
      vertex -11.6749 -0.765217 2.48435e-07
      vertex -8.23829 2.79652 2.58855e-07
    endloop
  endfacet
  facet normal -6.66826e-09 9.35059e-09 -1
    outer loop
      vertex -8.40355 2.25173 2.54831e-07
      vertex -11.6749 -0.765217 2.48435e-07
      vertex -8.40211 2.2565 2.54866e-07
    endloop
  endfacet
  facet normal -6.74426e-09 9.43299e-09 -1
    outer loop
      vertex -8.5317 1.70214 2.50511e-07
      vertex -11.6749 -0.765217 2.48435e-07
      vertex -8.40355 2.25173 2.54831e-07
    endloop
  endfacet
  facet normal -6.73659e-09 9.42325e-09 -1
    outer loop
      vertex -8.53364 1.69236 2.50432e-07
      vertex -11.6749 -0.765217 2.48435e-07
      vertex -8.53283 1.69729 2.50473e-07
    endloop
  endfacet
  facet normal -6.80031e-09 9.52357e-09 -1
    outer loop
      vertex -8.62606 1.13061 2.45757e-07
      vertex -11.6749 -0.765217 2.48435e-07
      vertex -8.62557 1.13558 2.45801e-07
    endloop
  endfacet
  facet normal -6.74329e-09 9.43188e-09 -1
    outer loop
      vertex -8.68137 0.569007 2.40833e-07
      vertex -11.6749 -0.765217 2.48435e-07
      vertex -8.62606 1.13061 2.45757e-07
    endloop
  endfacet
  facet normal -6.75409e-09 9.45612e-09 -1
    outer loop
      vertex -8.68154 0.564021 2.40787e-07
      vertex -11.6749 -0.765217 2.48435e-07
      vertex -8.68137 0.569007 2.40833e-07
    endloop
  endfacet
  facet normal -6.74293e-09 9.43311e-09 -1
    outer loop
      vertex 11.5999 -1.52716 8.42973e-08
      vertex 8.68154 -0.564021 1.13061e-07
      vertex 8.7 -2.70343e-16 1.18257e-07
    endloop
  endfacet
  facet normal -6.73555e-09 9.45548e-09 -1
    outer loop
      vertex 11.5999 -1.52716 8.42973e-08
      vertex 8.68137 -0.569007 1.13015e-07
      vertex 8.68154 -0.564021 1.13061e-07
    endloop
  endfacet
  facet normal -6.7433e-09 9.43188e-09 -1
    outer loop
      vertex 11.5999 -1.52716 8.42973e-08
      vertex 8.62606 -1.13061 1.08091e-07
      vertex 8.68137 -0.569007 1.13015e-07
    endloop
  endfacet
  facet normal -6.75845e-09 9.31824e-09 -1
    outer loop
      vertex 11.5999 -1.52716 8.42973e-08
      vertex 8.62557 -1.13558 1.08048e-07
      vertex 8.62606 -1.13061 1.08091e-07
    endloop
  endfacet
  facet normal -6.74361e-09 9.43097e-09 -1
    outer loop
      vertex 8.62557 -1.13558 1.08048e-07
      vertex 11.5999 -1.52716 8.42973e-08
      vertex 8.57726 -1.42821 1.05614e-07
    endloop
  endfacet
  facet normal -6.74383e-09 9.4314e-09 -1
    outer loop
      vertex 8.68154 0.564021 1.23701e-07
      vertex 11.5999 -1.52716 8.42973e-08
      vertex 8.7 -2.70343e-16 1.18257e-07
    endloop
  endfacet
  facet normal -6.76909e-09 9.39616e-09 -1
    outer loop
      vertex 8.68137 0.569007 1.23749e-07
      vertex 11.5999 -1.52716 8.42973e-08
      vertex 8.68154 0.564021 1.23701e-07
    endloop
  endfacet
  facet normal -6.74365e-09 9.43157e-09 -1
    outer loop
      vertex 11.5999 -1.52716 8.42973e-08
      vertex 8.68137 0.569007 1.23749e-07
      vertex 8.66611 0.724028 1.25314e-07
    endloop
  endfacet
  facet normal 2.05524e-07 9.87619e-08 -1
    outer loop
      vertex -8.00941 -3.39191 2.16304e-07
      vertex -8.03775 -3.32935 2.16658e-07
      vertex -8.03569 -3.33389 2.16633e-07
    endloop
  endfacet
  facet normal -6.96968e-09 2.50702e-09 -1
    outer loop
      vertex -11.6749 -0.765217 2.48435e-07
      vertex -8.5317 -1.70214 2.24179e-07
      vertex -8.40355 -2.25173 2.21908e-07
    endloop
  endfacet
  facet normal -6.97002e-09 2.50594e-09 -1
    outer loop
      vertex -11.6749 -0.765217 2.48435e-07
      vertex -8.53364 -1.69236 2.24217e-07
      vertex -8.53283 -1.69729 2.24199e-07
    endloop
  endfacet
  facet normal -6.97024e-09 2.50374e-09 -1
    outer loop
      vertex -8.62606 -1.13061 2.26269e-07
      vertex -11.6749 -0.765217 2.48435e-07
      vertex -8.6523 -0.864168 2.27119e-07
    endloop
  endfacet
  facet normal -6.9668e-09 2.53245e-09 -1
    outer loop
      vertex -8.62557 -1.13558 2.26253e-07
      vertex -11.6749 -0.765217 2.48435e-07
      vertex -8.62606 -1.13061 2.26269e-07
    endloop
  endfacet
  facet normal -6.97002e-09 2.50592e-09 -1
    outer loop
      vertex -8.53364 -1.69236 2.24217e-07
      vertex -11.6749 -0.765217 2.48435e-07
      vertex -8.62557 -1.13558 2.26253e-07
    endloop
  endfacet
  facet normal -6.97198e-09 2.49931e-09 -1
    outer loop
      vertex -8.5317 -1.70214 2.24179e-07
      vertex -11.6749 -0.765217 2.48435e-07
      vertex -8.53283 -1.69729 2.24199e-07
    endloop
  endfacet
  facet normal -6.96912e-09 2.50828e-09 -1
    outer loop
      vertex -8.40211 -2.2565 2.21886e-07
      vertex -11.6749 -0.765217 2.48435e-07
      vertex -8.40355 -2.25173 2.21908e-07
    endloop
  endfacet
  facet normal -6.97029e-09 2.5057e-09 -1
    outer loop
      vertex -8.23829 -2.79652 2.19391e-07
      vertex -11.6749 -0.765217 2.48435e-07
      vertex -8.40211 -2.2565 2.21886e-07
    endloop
  endfacet
  facet normal -6.97024e-09 2.50579e-09 -1
    outer loop
      vertex -8.03951 -3.32468 2.16682e-07
      vertex -11.6749 -0.765217 2.48435e-07
      vertex -8.23829 -2.79652 2.19391e-07
    endloop
  endfacet
  facet normal -6.96401e-09 2.51464e-09 -1
    outer loop
      vertex -8.03775 -3.32935 2.16658e-07
      vertex -11.6749 -0.765217 2.48435e-07
      vertex -8.03951 -3.32468 2.16682e-07
    endloop
  endfacet
  facet normal -6.97519e-09 2.49877e-09 -1
    outer loop
      vertex -11.6749 -0.765217 2.48435e-07
      vertex -8.03775 -3.32935 2.16658e-07
      vertex -8.00941 -3.39191 2.16304e-07
    endloop
  endfacet
  facet normal -6.9703e-09 2.50632e-09 -1
    outer loop
      vertex 11.5999 -1.52716 8.42973e-08
      vertex 8.53364 -1.69236 1.05256e-07
      vertex 8.57726 -1.42821 1.05614e-07
    endloop
  endfacet
  facet normal -6.97349e-09 2.56562e-09 -1
    outer loop
      vertex 11.5999 -1.52716 8.42973e-08
      vertex 8.53283 -1.69729 1.05249e-07
      vertex 8.53364 -1.69236 1.05256e-07
    endloop
  endfacet
  facet normal -6.96697e-09 2.44797e-09 -1
    outer loop
      vertex 11.5999 -1.52716 8.42973e-08
      vertex 8.5317 -1.70214 1.05245e-07
      vertex 8.53283 -1.69729 1.05249e-07
    endloop
  endfacet
  facet normal -6.97027e-09 2.50594e-09 -1
    outer loop
      vertex 11.5999 -1.52716 8.42973e-08
      vertex 8.40355 -2.25173 1.04761e-07
      vertex 8.5317 -1.70214 1.05245e-07
    endloop
  endfacet
  facet normal -6.97455e-09 2.52481e-09 -1
    outer loop
      vertex 11.5999 -1.52716 8.42973e-08
      vertex 8.40211 -2.2565 1.04759e-07
      vertex 8.40355 -2.25173 1.04761e-07
    endloop
  endfacet
  facet normal -6.97052e-09 2.50715e-09 -1
    outer loop
      vertex 11.5999 -1.52716 8.42973e-08
      vertex 8.23829 -2.79652 1.04547e-07
      vertex 8.40211 -2.2565 1.04759e-07
    endloop
  endfacet
  facet normal -6.97004e-09 2.50588e-09 -1
    outer loop
      vertex 11.5999 -1.52716 8.42973e-08
      vertex 8.03951 -3.32468 1.04609e-07
      vertex 8.23829 -2.79652 1.04547e-07
    endloop
  endfacet
  facet normal -6.91194e-09 2.3908e-09 -1
    outer loop
      vertex 11.5999 -1.52716 8.42973e-08
      vertex 8.03775 -3.32935 1.0461e-07
      vertex 8.03951 -3.32468 1.04609e-07
    endloop
  endfacet
  facet normal -6.96754e-09 2.50069e-09 -1
    outer loop
      vertex 11.5999 -1.52716 8.42973e-08
      vertex 8.03569 -3.33389 1.04613e-07
      vertex 8.03775 -3.32935 1.0461e-07
    endloop
  endfacet
  facet normal -6.97053e-09 2.50659e-09 -1
    outer loop
      vertex 11.5999 -1.52716 8.42973e-08
      vertex 7.80279 -3.84791 1.04948e-07
      vertex 8.03569 -3.33389 1.04613e-07
    endloop
  endfacet
  facet normal -6.97016e-09 2.50598e-09 -1
    outer loop
      vertex 11.5999 -1.52716 8.42973e-08
      vertex 7.53677 -4.3456 1.05555e-07
      vertex 7.80279 -3.84791 1.04948e-07
    endloop
  endfacet
  facet normal -6.80827e-09 2.2726e-09 -1
    outer loop
      vertex 11.5999 -1.52716 8.42973e-08
      vertex 7.53442 -4.35 1.05561e-07
      vertex 7.53677 -4.3456 1.05555e-07
    endloop
  endfacet
  facet normal -6.97092e-09 2.50686e-09 -1
    outer loop
      vertex 11.5999 -1.52716 8.42973e-08
      vertex 7.23642 -4.82922 1.06437e-07
      vertex 7.53442 -4.35 1.05561e-07
    endloop
  endfacet
  facet normal -6.87151e-09 2.37549e-09 -1
    outer loop
      vertex 11.5999 -1.52716 8.42973e-08
      vertex 7.23379 -4.83346 1.06445e-07
      vertex 7.23642 -4.82922 1.06437e-07
    endloop
  endfacet
  facet normal -7.01495e-09 2.5649e-09 -1
    outer loop
      vertex 11.5999 -1.52716 8.42973e-08
      vertex 7.23088 -4.83752 1.06455e-07
      vertex 7.23379 -4.83346 1.06445e-07
    endloop
  endfacet
  facet normal -6.96928e-09 2.50462e-09 -1
    outer loop
      vertex 11.5999 -1.52716 8.42973e-08
      vertex 6.90217 -5.29622 1.07597e-07
      vertex 7.23088 -4.83752 1.06455e-07
    endloop
  endfacet
  facet normal -7.18433e-09 2.77266e-09 -1
    outer loop
      vertex 11.5999 -1.52716 8.42973e-08
      vertex 6.89901 -5.30008 1.07609e-07
      vertex 6.90217 -5.29622 1.07597e-07
    endloop
  endfacet
  facet normal -6.97126e-09 2.50719e-09 -1
    outer loop
      vertex 11.5999 -1.52716 8.42973e-08
      vertex 6.54101 -5.73631 1.09011e-07
      vertex 6.89901 -5.30008 1.07609e-07
    endloop
  endfacet
  facet normal -6.97012e-09 2.50581e-09 -1
    outer loop
      vertex 3.02818 -11.3013 1.19551e-07
      vertex 6.54101 -5.73631 1.09011e-07
      vertex 11.5999 -1.52716 8.42973e-08
    endloop
  endfacet
  facet normal -7.28754e-09 2.70618e-09 -1
    outer loop
      vertex 6.54101 -5.73631 1.09011e-07
      vertex 3.02818 -11.3013 1.19551e-07
      vertex 6.5376 -5.73995 1.09026e-07
    endloop
  endfacet
  facet normal -6.97218e-09 2.50718e-09 -1
    outer loop
      vertex 6.5376 -5.73995 1.09026e-07
      vertex 3.02818 -11.3013 1.19551e-07
      vertex 6.15183 -6.15183 1.10683e-07
    endloop
  endfacet
  facet normal -6.96933e-09 2.50545e-09 -1
    outer loop
      vertex 6.15183 -6.15183 1.10683e-07
      vertex 3.02818 -11.3013 1.19551e-07
      vertex 5.73995 -6.5376 1.12587e-07
    endloop
  endfacet
  facet normal -6.96819e-09 2.50484e-09 -1
    outer loop
      vertex 3.02818 -11.3013 1.19551e-07
      vertex 5.30008 -6.89901 1.14747e-07
      vertex 5.73631 -6.54101 1.12604e-07
    endloop
  endfacet
  facet normal -6.97185e-09 2.50673e-09 -1
    outer loop
      vertex 3.02818 -11.3013 1.19551e-07
      vertex 4.83752 -7.23088 1.1714e-07
      vertex 5.29622 -6.90217 1.14766e-07
    endloop
  endfacet
  facet normal -6.65684e-09 2.36692e-09 -1
    outer loop
      vertex 3.02818 -11.3013 1.19551e-07
      vertex 4.82922 -7.23642 1.17183e-07
      vertex 4.83346 -7.23379 1.17161e-07
    endloop
  endfacet
  facet normal -6.96973e-09 2.50572e-09 -1
    outer loop
      vertex 3.02818 -11.3013 1.19551e-07
      vertex 3.33389 -8.03569 1.25603e-07
      vertex 3.84791 -7.80279 1.22604e-07
    endloop
  endfacet
  facet normal -7.07248e-09 2.56417e-09 -1
    outer loop
      vertex 5.73995 -6.5376 1.12587e-07
      vertex 3.02818 -11.3013 1.19551e-07
      vertex 5.73631 -6.54101 1.12604e-07
    endloop
  endfacet
  facet normal -6.9763e-09 2.50903e-09 -1
    outer loop
      vertex 5.30008 -6.89901 1.14747e-07
      vertex 3.02818 -11.3013 1.19551e-07
      vertex 5.29622 -6.90217 1.14766e-07
    endloop
  endfacet
  facet normal -6.96783e-09 2.50494e-09 -1
    outer loop
      vertex 4.83752 -7.23088 1.1714e-07
      vertex 3.02818 -11.3013 1.19551e-07
      vertex 4.83346 -7.23379 1.17161e-07
    endloop
  endfacet
  facet normal -6.97152e-09 2.50634e-09 -1
    outer loop
      vertex 4.82922 -7.23642 1.17183e-07
      vertex 3.02818 -11.3013 1.19551e-07
      vertex 4.35 -7.53442 1.19777e-07
    endloop
  endfacet
  facet normal -7.03171e-09 2.52747e-09 -1
    outer loop
      vertex 3.02818 -11.3013 1.19551e-07
      vertex 4.3456 -7.53677 1.19802e-07
      vertex 4.35 -7.53442 1.19777e-07
    endloop
  endfacet
  facet normal -6.96929e-09 2.50562e-09 -1
    outer loop
      vertex 3.02818 -11.3013 1.19551e-07
      vertex 3.84791 -7.80279 1.22604e-07
      vertex 4.3456 -7.53677 1.19802e-07
    endloop
  endfacet
  facet normal -7.08917e-09 2.5169e-09 -1
    outer loop
      vertex 3.33389 -8.03569 1.25603e-07
      vertex 3.02818 -11.3013 1.19551e-07
      vertex 3.32935 -8.03775 1.2563e-07
    endloop
  endfacet
  facet normal -6.93905e-09 2.50305e-09 -1
    outer loop
      vertex 3.02818 -11.3013 1.19551e-07
      vertex 3.32468 -8.03951 1.25658e-07
      vertex 3.32935 -8.03775 1.2563e-07
    endloop
  endfacet
  facet normal -6.96969e-09 2.50584e-09 -1
    outer loop
      vertex 3.02818 -11.3013 1.19551e-07
      vertex 2.79652 -8.23829 1.28841e-07
      vertex 3.32468 -8.03951 1.25658e-07
    endloop
  endfacet
  facet normal -6.97102e-09 2.50574e-09 -1
    outer loop
      vertex 3.02818 -11.3013 1.19551e-07
      vertex 2.2565 -8.40211 1.32195e-07
      vertex 2.79652 -8.23829 1.28841e-07
    endloop
  endfacet
  facet normal -6.84615e-09 2.53897e-09 -1
    outer loop
      vertex 3.02818 -11.3013 1.19551e-07
      vertex 2.25173 -8.40355 1.32224e-07
      vertex 2.2565 -8.40211 1.32195e-07
    endloop
  endfacet
  facet normal -6.97081e-09 2.50557e-09 -1
    outer loop
      vertex 3.02818 -11.3013 1.19551e-07
      vertex 1.70214 -8.5317 1.35734e-07
      vertex 2.25173 -8.40355 1.32224e-07
    endloop
  endfacet
  facet normal -6.97505e-09 2.50354e-09 -1
    outer loop
      vertex 3.02818 -11.3013 1.19551e-07
      vertex 1.69729 -8.53283 1.35765e-07
      vertex 1.70214 -8.5317 1.35734e-07
    endloop
  endfacet
  facet normal -6.90754e-09 2.536e-09 -1
    outer loop
      vertex 3.02818 -11.3013 1.19551e-07
      vertex 1.69236 -8.53364 1.35797e-07
      vertex 1.69729 -8.53283 1.35765e-07
    endloop
  endfacet
  facet normal -6.97101e-09 2.50536e-09 -1
    outer loop
      vertex 3.02818 -11.3013 1.19551e-07
      vertex 1.13558 -8.62557 1.39448e-07
      vertex 1.69236 -8.53364 1.35797e-07
    endloop
  endfacet
  facet normal -6.89233e-09 2.56101e-09 -1
    outer loop
      vertex 3.02818 -11.3013 1.19551e-07
      vertex 1.13061 -8.62606 1.39481e-07
      vertex 1.13558 -8.62557 1.39448e-07
    endloop
  endfacet
  facet normal -6.97038e-09 2.50565e-09 -1
    outer loop
      vertex 3.02818 -11.3013 1.19551e-07
      vertex 0.569007 -8.68137 1.43257e-07
      vertex 1.13061 -8.62606 1.39481e-07
    endloop
  endfacet
  facet normal -6.90657e-09 2.56555e-09 -1
    outer loop
      vertex 3.02818 -11.3013 1.19551e-07
      vertex 0.564021 -8.68154 1.43291e-07
      vertex 0.569007 -8.68137 1.43257e-07
    endloop
  endfacet
  facet normal -6.97006e-09 2.50583e-09 -1
    outer loop
      vertex 3.02818 -11.3013 1.19551e-07
      vertex -4.57078e-16 -8.7 1.47176e-07
      vertex 0.564021 -8.68154 1.43291e-07
    endloop
  endfacet
  facet normal -6.97095e-09 2.50479e-09 -1
    outer loop
      vertex 3.02818 -11.3013 1.19551e-07
      vertex -0.564021 -8.68154 1.51154e-07
      vertex -4.57078e-16 -8.7 1.47176e-07
    endloop
  endfacet
  facet normal -6.93245e-09 2.55758e-09 -1
    outer loop
      vertex 3.02818 -11.3013 1.19551e-07
      vertex -0.569007 -8.68137 1.51189e-07
      vertex -0.564021 -8.68154 1.51154e-07
    endloop
  endfacet
  facet normal -6.96504e-09 2.51283e-09 -1
    outer loop
      vertex -0.569007 -8.68137 1.51189e-07
      vertex 3.02818 -11.3013 1.19551e-07
      vertex -0.637361 -8.67464 1.51682e-07
    endloop
  endfacet
  facet normal 0.997927 0.0327332 -0.0554086
    outer loop
      vertex 11.6749 0.765217 9.38148e-07
      vertex 14.6974 6.07567 57.5734
      vertex 11.7 -4.31578e-08 5.48982e-07
    endloop
  endfacet
  facet normal -0.850327 -0.521174 -0.0729504
    outer loop
      vertex -13.4507 -10.041 68.6192
      vertex -10.1325 -5.85 5.38892e-07
      vertex -13.1598 -10.4896 68.4333
    endloop
  endfacet
  facet normal -0.513894 0.792482 0.328459
    outer loop
      vertex 2.83672 15.6728 57.5214
      vertex -11.7648 -1.86889 76.9997
      vertex -11.3598 -1.7643 77.381
    endloop
  endfacet
  facet normal -0.513846 0.792493 0.328506
    outer loop
      vertex -11.7648 -1.86889 76.9997
      vertex 2.83672 15.6728 57.5214
      vertex 2.43172 15.5683 57.14
    endloop
  endfacet
  facet normal -0.716678 0.690988 0.0943864
    outer loop
      vertex -13.4599 -2.8153 74.957
      vertex 1.02663 14.8651 55.5182
      vertex 0.736619 14.6218 55.0973
    endloop
  endfacet
  facet normal -0.716634 0.691024 0.0944531
    outer loop
      vertex 1.02663 14.8651 55.5182
      vertex -13.4599 -2.8153 74.957
      vertex -13.1699 -2.57207 75.3778
    endloop
  endfacet
  facet normal 0.72986 -0.683597 0
    outer loop
      vertex 8.27315 -8.27315 33
      vertex 8.27315 -8.27315 7.23948e-07
      vertex 8.79653 -7.71435 1.12584e-06
    endloop
  endfacet
  facet normal -2.05243e-08 -9.79941e-09 1
    outer loop
      vertex -0.569007 8.68137 2.92334e-07
      vertex -0.500359 8.68362 2.93765e-07
      vertex -0.564021 8.68154 2.92438e-07
    endloop
  endfacet
  facet normal 1.94187e-08 4.35304e-08 -1
    outer loop
      vertex -0.569007 8.68137 2.92334e-07
      vertex -4.4774 10.8094 3.09072e-07
      vertex -0.500359 8.68362 2.93765e-07
    endloop
  endfacet
  facet normal 1.94123e-08 4.35185e-08 -1
    outer loop
      vertex -1.13061 8.62606 2.79025e-07
      vertex -4.4774 10.8094 3.09072e-07
      vertex -0.569007 8.68137 2.92334e-07
    endloop
  endfacet
  facet normal 1.94467e-08 4.35713e-08 -1
    outer loop
      vertex -1.13558 8.62557 2.78907e-07
      vertex -4.4774 10.8094 3.09072e-07
      vertex -1.13061 8.62606 2.79025e-07
    endloop
  endfacet
  facet normal 1.94123e-08 4.35186e-08 -1
    outer loop
      vertex -4.4774 10.8094 3.09072e-07
      vertex -1.13558 8.62557 2.78907e-07
      vertex -1.5436 8.55821 2.68055e-07
    endloop
  endfacet
  facet normal 1.94129e-08 4.35193e-08 -1
    outer loop
      vertex 8.66611 0.724028 1.25314e-07
      vertex 11.4752 2.28256 2.47673e-07
      vertex 11.5999 -1.52716 8.42973e-08
    endloop
  endfacet
  facet normal 1.94125e-08 4.35201e-08 -1
    outer loop
      vertex 8.62606 1.13061 1.42231e-07
      vertex 11.4752 2.28256 2.47673e-07
      vertex 8.66611 0.724028 1.25314e-07
    endloop
  endfacet
  facet normal 1.93955e-08 4.35621e-08 -1
    outer loop
      vertex 8.62557 1.13558 1.42438e-07
      vertex 11.4752 2.28256 2.47673e-07
      vertex 8.62606 1.13061 1.42231e-07
    endloop
  endfacet
  facet normal 1.94128e-08 4.35192e-08 -1
    outer loop
      vertex 8.53364 1.69236 1.64884e-07
      vertex 11.4752 2.28256 2.47673e-07
      vertex 8.62557 1.13558 1.42438e-07
    endloop
  endfacet
  facet normal 1.94059e-08 4.35535e-08 -1
    outer loop
      vertex 8.53283 1.69729 1.65083e-07
      vertex 11.4752 2.28256 2.47673e-07
      vertex 8.53364 1.69236 1.64884e-07
    endloop
  endfacet
  facet normal 1.94179e-08 4.34932e-08 -1
    outer loop
      vertex 8.5317 1.70214 1.65272e-07
      vertex 11.4752 2.28256 2.47673e-07
      vertex 8.53283 1.69729 1.65083e-07
    endloop
  endfacet
  facet normal 1.94128e-08 4.35193e-08 -1
    outer loop
      vertex 8.40355 2.25173 1.86702e-07
      vertex 11.4752 2.28256 2.47673e-07
      vertex 8.5317 1.70214 1.65272e-07
    endloop
  endfacet
  facet normal 1.9412e-08 4.35961e-08 -1
    outer loop
      vertex 8.40211 2.2565 1.86882e-07
      vertex 11.4752 2.28256 2.47673e-07
      vertex 8.40355 2.25173 1.86702e-07
    endloop
  endfacet
  facet normal 1.94127e-08 4.35191e-08 -1
    outer loop
      vertex 8.23829 2.79652 2.07203e-07
      vertex 11.4752 2.28256 2.47673e-07
      vertex 8.40211 2.2565 1.86882e-07
    endloop
  endfacet
  facet normal 1.94126e-08 4.35187e-08 -1
    outer loop
      vertex 8.03951 3.32468 2.26329e-07
      vertex 11.4752 2.28256 2.47673e-07
      vertex 8.23829 2.79652 2.07203e-07
    endloop
  endfacet
  facet normal 1.94078e-08 4.35027e-08 -1
    outer loop
      vertex 8.03775 3.32935 2.26498e-07
      vertex 11.4752 2.28256 2.47673e-07
      vertex 8.03951 3.32468 2.26329e-07
    endloop
  endfacet
  facet normal 1.94449e-08 4.36248e-08 -1
    outer loop
      vertex 8.03569 3.33389 2.26656e-07
      vertex 11.4752 2.28256 2.47673e-07
      vertex 8.03775 3.32935 2.26498e-07
    endloop
  endfacet
  facet normal 1.9413e-08 4.35203e-08 -1
    outer loop
      vertex 7.80279 3.84791 2.44505e-07
      vertex 11.4752 2.28256 2.47673e-07
      vertex 8.03569 3.33389 2.26656e-07
    endloop
  endfacet
  facet normal 1.94126e-08 4.35193e-08 -1
    outer loop
      vertex 7.53677 4.3456 2.61e-07
      vertex 11.4752 2.28256 2.47673e-07
      vertex 7.80279 3.84791 2.44505e-07
    endloop
  endfacet
  facet normal 1.94348e-08 4.35618e-08 -1
    outer loop
      vertex 7.53442 4.35 2.61146e-07
      vertex 11.4752 2.28256 2.47673e-07
      vertex 7.53677 4.3456 2.61e-07
    endloop
  endfacet
  facet normal 1.94074e-08 4.35094e-08 -1
    outer loop
      vertex 11.4752 2.28256 2.47673e-07
      vertex 7.53442 4.35 2.61146e-07
      vertex 7.49815 4.40833 2.6298e-07
    endloop
  endfacet
  facet normal -0.986287 0.162814 -0.0270191
    outer loop
      vertex -14.6754 -5.14845 72.0395
      vertex -11.4752 2.28256 7.58533e-07
      vertex -11.5999 1.52716 1.10229e-06
    endloop
  endfacet
  facet normal -2.91212e-08 -2.84063e-08 -1
    outer loop
      vertex 3.02818 -11.3013 1.19551e-07
      vertex -1.13061 -8.62606 1.64666e-07
      vertex -0.637361 -8.67464 1.51682e-07
    endloop
  endfacet
  facet normal -2.8928e-08 -2.8106e-08 -1
    outer loop
      vertex 3.02818 -11.3013 1.19551e-07
      vertex -1.13558 -8.62557 1.64796e-07
      vertex -1.13061 -8.62606 1.64666e-07
    endloop
  endfacet
  facet normal -2.91194e-08 -2.8404e-08 -1
    outer loop
      vertex -5.85 -10.1325 3.4488e-07
      vertex -1.13558 -8.62557 1.64796e-07
      vertex 3.02818 -11.3013 1.19551e-07
    endloop
  endfacet
  facet normal -2.91207e-08 -2.84e-08 -1
    outer loop
      vertex -1.13558 -8.62557 1.64796e-07
      vertex -5.85 -10.1325 3.4488e-07
      vertex -1.69236 -8.53364 1.78399e-07
    endloop
  endfacet
  facet normal -2.9041e-08 -2.86073e-08 -1
    outer loop
      vertex -1.69236 -8.53364 1.78399e-07
      vertex -5.85 -10.1325 3.4488e-07
      vertex -1.69729 -8.53283 1.78519e-07
    endloop
  endfacet
  facet normal -2.91023e-08 -2.8448e-08 -1
    outer loop
      vertex -1.69729 -8.53283 1.78519e-07
      vertex -5.85 -10.1325 3.4488e-07
      vertex -1.70214 -8.5317 1.78628e-07
    endloop
  endfacet
  facet normal -2.91196e-08 -2.84032e-08 -1
    outer loop
      vertex -1.70214 -8.5317 1.78628e-07
      vertex -5.85 -10.1325 3.4488e-07
      vertex -2.25173 -8.40355 1.90992e-07
    endloop
  endfacet
  facet normal -2.91196e-08 -2.84032e-08 -1
    outer loop
      vertex -2.25173 -8.40355 1.90992e-07
      vertex -5.85 -10.1325 3.4488e-07
      vertex -2.2565 -8.40211 1.9109e-07
    endloop
  endfacet
  facet normal -2.91194e-08 -2.84036e-08 -1
    outer loop
      vertex -2.2565 -8.40211 1.9109e-07
      vertex -5.85 -10.1325 3.4488e-07
      vertex -2.79652 -8.23829 2.02162e-07
    endloop
  endfacet
  facet normal -2.91198e-08 -2.84029e-08 -1
    outer loop
      vertex -2.79652 -8.23829 2.02162e-07
      vertex -5.85 -10.1325 3.4488e-07
      vertex -3.32468 -8.03951 2.11896e-07
    endloop
  endfacet
  facet normal -2.91198e-08 -2.8403e-08 -1
    outer loop
      vertex -3.32468 -8.03951 2.11896e-07
      vertex -5.85 -10.1325 3.4488e-07
      vertex -3.32935 -8.03775 2.11982e-07
    endloop
  endfacet
  facet normal -2.91634e-08 -2.83505e-08 -1
    outer loop
      vertex -3.32935 -8.03775 2.11982e-07
      vertex -5.85 -10.1325 3.4488e-07
      vertex -3.33389 -8.03569 2.12056e-07
    endloop
  endfacet
  facet normal -2.91204e-08 -2.8403e-08 -1
    outer loop
      vertex -5.85 -10.1325 3.4488e-07
      vertex -4.82922 -7.23642 2.32897e-07
      vertex -4.35 -7.53442 2.27406e-07
    endloop
  endfacet
  facet normal -2.9204e-08 -2.8374e-08 -1
    outer loop
      vertex -5.85 -10.1325 3.4488e-07
      vertex -4.83752 -7.23088 2.32981e-07
      vertex -4.83346 -7.23379 2.32945e-07
    endloop
  endfacet
  facet normal -2.89726e-08 -2.84285e-08 -1
    outer loop
      vertex -5.85 -10.1325 3.4488e-07
      vertex -5.30008 -6.89901 2.37024e-07
      vertex -5.29622 -6.90217 2.37002e-07
    endloop
  endfacet
  facet normal -2.91184e-08 -2.84046e-08 -1
    outer loop
      vertex -3.33389 -8.03569 2.12056e-07
      vertex -5.85 -10.1325 3.4488e-07
      vertex -3.84791 -7.80279 2.20408e-07
    endloop
  endfacet
  facet normal -2.91201e-08 -2.84031e-08 -1
    outer loop
      vertex -5.85 -10.1325 3.4488e-07
      vertex -4.3456 -7.53677 2.27345e-07
      vertex -3.84791 -7.80279 2.20408e-07
    endloop
  endfacet
  facet normal -2.90539e-08 -2.84414e-08 -1
    outer loop
      vertex -5.85 -10.1325 3.4488e-07
      vertex -4.35 -7.53442 2.27406e-07
      vertex -4.3456 -7.53677 2.27345e-07
    endloop
  endfacet
  facet normal -2.89713e-08 -2.84556e-08 -1
    outer loop
      vertex -4.82922 -7.23642 2.32897e-07
      vertex -5.85 -10.1325 3.4488e-07
      vertex -4.83346 -7.23379 2.32945e-07
    endloop
  endfacet
  facet normal -2.91202e-08 -2.84032e-08 -1
    outer loop
      vertex -4.83752 -7.23088 2.32981e-07
      vertex -5.85 -10.1325 3.4488e-07
      vertex -5.29622 -6.90217 2.37002e-07
    endloop
  endfacet
  facet normal -2.91188e-08 -2.84037e-08 -1
    outer loop
      vertex -5.30008 -6.89901 2.37024e-07
      vertex -5.85 -10.1325 3.4488e-07
      vertex -5.73631 -6.54101 2.39558e-07
    endloop
  endfacet
  facet normal -2.90825e-08 -2.84048e-08 -1
    outer loop
      vertex -5.85 -10.1325 3.4488e-07
      vertex -5.73995 -6.5376 2.39567e-07
      vertex -5.73631 -6.54101 2.39558e-07
    endloop
  endfacet
  facet normal -2.91208e-08 -2.84036e-08 -1
    outer loop
      vertex -5.85 -10.1325 3.4488e-07
      vertex -6.15183 -6.15183 2.40604e-07
      vertex -5.73995 -6.5376 2.39567e-07
    endloop
  endfacet
  facet normal -2.91207e-08 -2.84036e-08 -1
    outer loop
      vertex -5.85 -10.1325 3.4488e-07
      vertex -6.5376 -5.73995 2.40139e-07
      vertex -6.15183 -6.15183 2.40604e-07
    endloop
  endfacet
  facet normal -2.87995e-08 -2.83534e-08 -1
    outer loop
      vertex -5.85 -10.1325 3.4488e-07
      vertex -6.54101 -5.73631 2.40134e-07
      vertex -6.5376 -5.73995 2.40139e-07
    endloop
  endfacet
  facet normal -2.91221e-08 -2.84041e-08 -1
    outer loop
      vertex -5.85 -10.1325 3.4488e-07
      vertex -6.89901 -5.30008 2.38169e-07
      vertex -6.54101 -5.73631 2.40134e-07
    endloop
  endfacet
  facet normal -2.89558e-08 -2.8368e-08 -1
    outer loop
      vertex -5.85 -10.1325 3.4488e-07
      vertex -6.90217 -5.29622 2.38151e-07
      vertex -6.89901 -5.30008 2.38169e-07
    endloop
  endfacet
  facet normal -2.91188e-08 -2.84034e-08 -1
    outer loop
      vertex -5.85 -10.1325 3.4488e-07
      vertex -7.23088 -4.83752 2.34694e-07
      vertex -6.90217 -5.29622 2.38151e-07
    endloop
  endfacet
  facet normal -2.94333e-08 -2.84854e-08 -1
    outer loop
      vertex -5.85 -10.1325 3.4488e-07
      vertex -7.23379 -4.83346 2.34664e-07
      vertex -7.23088 -4.83752 2.34694e-07
    endloop
  endfacet
  facet normal -2.90187e-08 -2.83772e-08 -1
    outer loop
      vertex -5.85 -10.1325 3.4488e-07
      vertex -7.23642 -4.82922 2.3462e-07
      vertex -7.23379 -4.83346 2.34664e-07
    endloop
  endfacet
  facet normal -2.91191e-08 -2.84034e-08 -1
    outer loop
      vertex -5.85 -10.1325 3.4488e-07
      vertex -7.53442 -4.35 2.29686e-07
      vertex -7.23642 -4.82922 2.3462e-07
    endloop
  endfacet
  facet normal -2.91198e-08 -2.84036e-08 -1
    outer loop
      vertex -11.6749 -0.765217 2.48435e-07
      vertex -7.53442 -4.35 2.29686e-07
      vertex -5.85 -10.1325 3.4488e-07
    endloop
  endfacet
  facet normal -2.92865e-08 -2.85962e-08 -1
    outer loop
      vertex -7.53442 -4.35 2.29686e-07
      vertex -11.6749 -0.765217 2.48435e-07
      vertex -7.53677 -4.3456 2.29629e-07
    endloop
  endfacet
  facet normal -2.91175e-08 -2.84009e-08 -1
    outer loop
      vertex -7.53677 -4.3456 2.29629e-07
      vertex -11.6749 -0.765217 2.48435e-07
      vertex -7.80279 -3.84791 2.2324e-07
    endloop
  endfacet
  facet normal -2.91215e-08 -2.84059e-08 -1
    outer loop
      vertex -7.80279 -3.84791 2.2324e-07
      vertex -11.6749 -0.765217 2.48435e-07
      vertex -8.00941 -3.39191 2.16304e-07
    endloop
  endfacet
  facet normal 0.809924 0.58038 -0.084747
    outer loop
      vertex 9.28223 7.12251 8.2889e-07
      vertex 13.1176 10.5911 60.4087
      vertex 9.72819 6.50017 5.51744e-07
    endloop
  endfacet
  facet normal 2.30928e-08 -1.34229e-06 -1
    outer loop
      vertex -1.52716 -11.5999 4.15162e-07
      vertex 3.02818 -11.3013 1.19551e-07
      vertex 0.765217 -11.6749 5.68771e-07
    endloop
  endfacet
  facet normal -0.466008 0.802866 0.371812
    outer loop
      vertex 3.25989 15.7479 57.8898
      vertex -11.3598 -1.7643 77.381
      vertex -10.9366 -1.68927 77.7494
    endloop
  endfacet
  facet normal -0.466099 0.80285 0.371729
    outer loop
      vertex -11.3598 -1.7643 77.381
      vertex 3.25989 15.7479 57.8898
      vertex 2.83672 15.6728 57.5214
    endloop
  endfacet
  facet normal -4.32634e-08 6.37574e-07 -1
    outer loop
      vertex -3.76084 11.0791 3.60128e-07
      vertex -1.52716 11.5999 5.9554e-07
      vertex -1.71619e-07 11.7 5.93291e-07
    endloop
  endfacet
  facet normal -3.28003e-06 -2.79625e-06 -1
    outer loop
      vertex -9.72819 -6.50017 6.34839e-07
      vertex -7.71435 -8.79653 4.50564e-07
      vertex -9.28223 -7.12251 9.12291e-07
    endloop
  endfacet
  facet normal -0.908679 -0.411745 -0.0690484
    outer loop
      vertex -13.95 -9.12821 69.0638
      vertex -10.8094 -4.4774 6.43974e-07
      vertex -10.4934 -5.17478 1.39433e-06
    endloop
  endfacet
  facet normal -1.1599e-06 -1.94753e-05 -1
    outer loop
      vertex -1.52716 -11.5999 4.15162e-07
      vertex -1.71619e-07 -11.7 5.93291e-07
      vertex -0.765216 -11.6749 9.92033e-07
    endloop
  endfacet
  facet normal -0.582476 0.812848 0
    outer loop
      vertex -7.12251 9.28223 4.84619e-07
      vertex -6.50017 9.72819 33
      vertex -6.50017 9.72819 1.03231e-06
    endloop
  endfacet
  facet normal -0.412579 0.910521 -0.0270104
    outer loop
      vertex -5.17478 10.4934 1.08552e-06
      vertex 1.68302 15.2723 56.345
      vertex -4.4774 10.8094 3.09072e-07
    endloop
  endfacet
  facet normal -0.846921 -0.52666 -0.0731716
    outer loop
      vertex -13.1598 -10.4896 68.4333
      vertex -10.1325 -5.85 5.38892e-07
      vertex -9.72819 -6.50017 6.34839e-07
    endloop
  endfacet
  facet normal 5.27287e-07 -7.40382e-07 -1
    outer loop
      vertex 3.02818 -11.3013 1.19551e-07
      vertex 7.71435 -8.79653 7.36019e-07
      vertex 6.50017 -9.7282 7.8559e-07
    endloop
  endfacet
  facet normal 7.90118e-06 -6.68116e-06 -1
    outer loop
      vertex 8.27315 -8.27315 7.23948e-07
      vertex 9.28223 -7.12251 1.00927e-06
      vertex 8.79653 -7.71435 1.12584e-06
    endloop
  endfacet
  facet normal 0.824825 -0.556253 0.101219
    outer loop
      vertex -0.0760203 -13.645 75.0156
      vertex 14.2956 4.1283 55.5764
      vertex 0.0991195 -13.3088 75.436
    endloop
  endfacet
  facet normal 0.824837 -0.556231 0.101248
    outer loop
      vertex 14.2956 4.1283 55.5764
      vertex -0.0760203 -13.645 75.0156
      vertex 14.1205 3.79212 55.156
    endloop
  endfacet
  facet normal 0.0199009 0.997253 -0.0713448
    outer loop
      vertex -1.71619e-07 11.7 5.93291e-07
      vertex 3.6994 15.793 58.2436
      vertex 4.15338 15.8081 58.5813
    endloop
  endfacet
  facet normal -0.910829 0.412719 0.00735356
    outer loop
      vertex -14.3378 -4.02685 73.2657
      vertex -10.4934 5.17478 33
      vertex -10.8094 4.4774 33
    endloop
  endfacet
  facet normal 0.984348 0.163268 -0.0663586
    outer loop
      vertex 11.4752 2.28256 2.47673e-07
      vertex 14.6311 6.94753 58.2915
      vertex 14.6805 6.50675 57.9398
    endloop
  endfacet
  facet normal -0.849197 0.528076 0
    outer loop
      vertex -10.1325 5.85 33
      vertex -9.72819 6.50017 4.54462e-07
      vertex -10.1325 5.85 6.29081e-07
    endloop
  endfacet
  facet normal 4.2393e-06 1.62929e-06 -1
    outer loop
      vertex 10.4934 5.17478 7.9779e-07
      vertex 11.0791 3.76084 9.77031e-07
      vertex 11.4752 2.28256 2.47673e-07
    endloop
  endfacet
  facet normal 0.032734 -0.997952 -0.0549533
    outer loop
      vertex -4.19552 -15.7066 70.2607
      vertex -1.71619e-07 -11.7 5.93291e-07
      vertex 0.765217 -11.6749 5.68771e-07
    endloop
  endfacet
  facet normal 0.580297 0.809789 -0.0865858
    outer loop
      vertex 6.50017 9.7282 6.95402e-07
      vertex 9.98561 13.7465 60.9403
      vertex 7.12251 9.28223 8.95808e-07
    endloop
  endfacet
  facet normal 3.06053e-08 6.44594e-08 -1
    outer loop
      vertex 7.23642 4.82922 2.821e-07
      vertex 11.4752 2.28256 2.47673e-07
      vertex 7.49815 4.40833 2.6298e-07
    endloop
  endfacet
  facet normal 3.06469e-08 6.45286e-08 -1
    outer loop
      vertex 7.23379 4.83346 2.82293e-07
      vertex 11.4752 2.28256 2.47673e-07
      vertex 7.23642 4.82922 2.821e-07
    endloop
  endfacet
  facet normal 3.04376e-08 6.41807e-08 -1
    outer loop
      vertex 7.23088 4.83752 2.82465e-07
      vertex 11.4752 2.28256 2.47673e-07
      vertex 7.23379 4.83346 2.82293e-07
    endloop
  endfacet
  facet normal 3.06072e-08 6.44624e-08 -1
    outer loop
      vertex 6.90217 5.29622 3.01973e-07
      vertex 11.4752 2.28256 2.47673e-07
      vertex 7.23088 4.83752 2.82465e-07
    endloop
  endfacet
  facet normal 3.05679e-08 6.44027e-08 -1
    outer loop
      vertex 6.89901 5.30008 3.02125e-07
      vertex 11.4752 2.28256 2.47673e-07
      vertex 6.90217 5.29622 3.01973e-07
    endloop
  endfacet
  facet normal 3.06038e-08 6.44572e-08 -1
    outer loop
      vertex 6.54101 5.73631 3.19287e-07
      vertex 11.4752 2.28256 2.47673e-07
      vertex 6.89901 5.30008 3.02125e-07
    endloop
  endfacet
  facet normal 3.04557e-08 6.42456e-08 -1
    outer loop
      vertex 6.5376 5.73995 3.19417e-07
      vertex 11.4752 2.28256 2.47673e-07
      vertex 6.54101 5.73631 3.19287e-07
    endloop
  endfacet
  facet normal 3.0606e-08 6.44602e-08 -1
    outer loop
      vertex 6.15183 6.15183 3.3416e-07
      vertex 11.4752 2.28256 2.47673e-07
      vertex 6.5376 5.73995 3.19417e-07
    endloop
  endfacet
  facet normal 3.06052e-08 6.44598e-08 -1
    outer loop
      vertex 3.02818 11.3013 5.70494e-07
      vertex 6.15183 6.15183 3.3416e-07
      vertex 5.73995 6.5376 3.46421e-07
    endloop
  endfacet
  facet normal 3.08436e-08 6.45956e-08 -1
    outer loop
      vertex 3.02818 11.3013 5.70494e-07
      vertex 5.73995 6.5376 3.46421e-07
      vertex 5.73631 6.54101 3.46529e-07
    endloop
  endfacet
  facet normal 3.06041e-08 6.44593e-08 -1
    outer loop
      vertex 3.02818 11.3013 5.70494e-07
      vertex 5.73631 6.54101 3.46529e-07
      vertex 5.30008 6.89901 3.56255e-07
    endloop
  endfacet
  facet normal 3.04065e-08 6.43573e-08 -1
    outer loop
      vertex 3.02818 11.3013 5.70494e-07
      vertex 5.30008 6.89901 3.56255e-07
      vertex 5.29622 6.90217 3.56341e-07
    endloop
  endfacet
  facet normal 3.05684e-08 6.44566e-08 -1
    outer loop
      vertex 3.02818 11.3013 5.70494e-07
      vertex 3.33389 8.03569 3.69349e-07
      vertex 3.32935 8.03775 3.69343e-07
    endloop
  endfacet
  facet normal 3.06061e-08 6.44604e-08 -1
    outer loop
      vertex 6.15183 6.15183 3.3416e-07
      vertex 3.02818 11.3013 5.70494e-07
      vertex 11.4752 2.28256 2.47673e-07
    endloop
  endfacet
  facet normal 3.06085e-08 6.44615e-08 -1
    outer loop
      vertex 4.83752 7.23088 3.6349e-07
      vertex 3.02818 11.3013 5.70494e-07
      vertex 5.29622 6.90217 3.56341e-07
    endloop
  endfacet
  facet normal 3.07214e-08 6.45116e-08 -1
    outer loop
      vertex 4.83346 7.23379 3.63553e-07
      vertex 3.02818 11.3013 5.70494e-07
      vertex 4.83752 7.23088 3.6349e-07
    endloop
  endfacet
  facet normal 3.02029e-08 6.42815e-08 -1
    outer loop
      vertex 4.82922 7.23642 3.63594e-07
      vertex 3.02818 11.3013 5.70494e-07
      vertex 4.83346 7.23379 3.63553e-07
    endloop
  endfacet
  facet normal 3.06063e-08 6.44603e-08 -1
    outer loop
      vertex 4.35 7.53442 3.68136e-07
      vertex 3.02818 11.3013 5.70494e-07
      vertex 4.82922 7.23642 3.63594e-07
    endloop
  endfacet
  facet normal 3.05542e-08 6.4442e-08 -1
    outer loop
      vertex 4.3456 7.53677 3.68153e-07
      vertex 3.02818 11.3013 5.70494e-07
      vertex 4.35 7.53442 3.68136e-07
    endloop
  endfacet
  facet normal 3.06069e-08 6.44604e-08 -1
    outer loop
      vertex 3.84791 7.80279 3.70068e-07
      vertex 3.02818 11.3013 5.70494e-07
      vertex 4.3456 7.53677 3.68153e-07
    endloop
  endfacet
  facet normal 3.06053e-08 6.446e-08 -1
    outer loop
      vertex 3.33389 8.03569 3.69349e-07
      vertex 3.02818 11.3013 5.70494e-07
      vertex 3.84791 7.80279 3.70068e-07
    endloop
  endfacet
  facet normal 3.07213e-08 6.44707e-08 -1
    outer loop
      vertex 3.32468 8.03951 3.69313e-07
      vertex 3.02818 11.3013 5.70494e-07
      vertex 3.32935 8.03775 3.69343e-07
    endloop
  endfacet
  facet normal 3.06051e-08 6.44601e-08 -1
    outer loop
      vertex 2.79652 8.23829 3.65962e-07
      vertex 3.02818 11.3013 5.70494e-07
      vertex 3.32468 8.03951 3.69313e-07
    endloop
  endfacet
  facet normal 3.0606e-08 6.44601e-08 -1
    outer loop
      vertex 2.2565 8.40211 3.59994e-07
      vertex 3.02818 11.3013 5.70494e-07
      vertex 2.79652 8.23829 3.65962e-07
    endloop
  endfacet
  facet normal 3.05734e-08 6.44687e-08 -1
    outer loop
      vertex 2.25173 8.40355 3.59941e-07
      vertex 3.02818 11.3013 5.70494e-07
      vertex 2.2565 8.40211 3.59994e-07
    endloop
  endfacet
  facet normal 3.06057e-08 6.44601e-08 -1
    outer loop
      vertex 1.70214 8.5317 3.51381e-07
      vertex 3.02818 11.3013 5.70494e-07
      vertex 2.25173 8.40355 3.59941e-07
    endloop
  endfacet
  facet normal 3.06803e-08 6.44243e-08 -1
    outer loop
      vertex 1.69729 8.53283 3.51305e-07
      vertex 3.02818 11.3013 5.70494e-07
      vertex 1.70214 8.5317 3.51381e-07
    endloop
  endfacet
  facet normal 3.04791e-08 6.45211e-08 -1
    outer loop
      vertex 1.69236 8.53364 3.51207e-07
      vertex 3.02818 11.3013 5.70494e-07
      vertex 1.69729 8.53283 3.51305e-07
    endloop
  endfacet
  facet normal 3.0606e-08 6.44598e-08 -1
    outer loop
      vertex 1.13558 8.62557 3.40092e-07
      vertex 3.02818 11.3013 5.70494e-07
      vertex 1.69236 8.53364 3.51207e-07
    endloop
  endfacet
  facet normal 3.06951e-08 6.43968e-08 -1
    outer loop
      vertex 1.13061 8.62606 3.39971e-07
      vertex 3.02818 11.3013 5.70494e-07
      vertex 1.13558 8.62557 3.40092e-07
    endloop
  endfacet
  facet normal 3.06058e-08 6.44602e-08 -1
    outer loop
      vertex 0.569007 8.68137 3.26348e-07
      vertex 3.02818 11.3013 5.70494e-07
      vertex 1.13061 8.62606 3.39971e-07
    endloop
  endfacet
  facet normal 3.06753e-08 6.43949e-08 -1
    outer loop
      vertex 0.564021 8.68154 3.26206e-07
      vertex 3.02818 11.3013 5.70494e-07
      vertex 0.569007 8.68137 3.26348e-07
    endloop
  endfacet
  facet normal 3.06052e-08 6.44609e-08 -1
    outer loop
      vertex 4.57078e-16 8.7 3.10134e-07
      vertex 3.02818 11.3013 5.70494e-07
      vertex 0.564021 8.68154 3.26206e-07
    endloop
  endfacet
  facet normal 3.06043e-08 6.44619e-08 -1
    outer loop
      vertex -0.500359 8.68362 2.93765e-07
      vertex 3.02818 11.3013 5.70494e-07
      vertex 4.57078e-16 8.7 3.10134e-07
    endloop
  endfacet
  facet normal 3.06058e-08 6.44599e-08 -1
    outer loop
      vertex 3.02818 11.3013 5.70494e-07
      vertex -0.500359 8.68362 2.93765e-07
      vertex -4.4774 10.8094 3.09072e-07
    endloop
  endfacet
  facet normal 6.04889e-07 7.44713e-07 -1
    outer loop
      vertex 6.50017 9.7282 6.95402e-07
      vertex 7.71435 8.79653 7.36019e-07
      vertex 8.79653 7.71435 5.84704e-07
    endloop
  endfacet
  facet normal -0.626925 -0.775262 -0.0770262
    outer loop
      vertex -10.9222 -12.9528 67.8701
      vertex -7.12251 -9.28223 8.45373e-07
      vertex -10.4822 -13.3088 67.872
    endloop
  endfacet
  facet normal 0.88105 -0.470817 0.0456302
    outer loop
      vertex 12.4106 -0.389885 45.3538
      vertex 12.5283 -0.195924 45.0825
      vertex 14.2956 4.1283 55.5764
    endloop
  endfacet
  facet normal 0.880989 -0.470927 0.0456807
    outer loop
      vertex 11.0268 -3.70648 37.8498
      vertex 10.4934 -5.17478 33
      vertex 11.2586 -3.30256 37.5434
    endloop
  endfacet
  facet normal 0.881008 -0.470892 0.0456681
    outer loop
      vertex 10.4934 -5.17478 33
      vertex 11.0268 -3.70648 37.8498
      vertex 10.1325 -5.85 33
    endloop
  endfacet
  facet normal 0.680412 0.236153 0.693737
    outer loop
      vertex -1.39567 -6.4053 80.4289
      vertex 13.1176 10.5911 60.4087
      vertex 12.8009 11.0318 60.5693
    endloop
  endfacet
  facet normal 0.680389 0.236186 0.693749
    outer loop
      vertex 13.1176 10.5911 60.4087
      vertex -1.39567 -6.4053 80.4289
      vertex -1.07891 -6.84607 80.2683
    endloop
  endfacet
  facet normal 7.78008e-06 3.096e-06 -1
    outer loop
      vertex 10.4934 5.17478 7.9779e-07
      vertex 10.8094 4.4774 1.09721e-06
      vertex 11.0791 3.76084 9.77031e-07
    endloop
  endfacet
  facet normal 2.3974e-07 1.87804e-06 -1
    outer loop
      vertex -1.71619e-07 11.7 5.93291e-07
      vertex 1.52716 11.5999 7.71421e-07
      vertex 3.02818 11.3013 5.70494e-07
    endloop
  endfacet
  facet normal 0.876797 -0.383594 0.289971
    outer loop
      vertex 0.43674 -12.1872 76.6621
      vertex 14.6816 5.65612 57.1937
      vertex 0.485074 -11.781 77.0533
    endloop
  endfacet
  facet normal 0.876802 -0.383547 0.290017
    outer loop
      vertex 14.6816 5.65612 57.1937
      vertex 0.43674 -12.1872 76.6621
      vertex 14.6333 5.2499 56.8025
    endloop
  endfacet
  facet normal -0.468744 -0.880098 -0.0755432
    outer loop
      vertex -9.08354 -14.2521 68.0436
      vertex -5.17478 -10.4934 9.05144e-07
      vertex -8.59779 -14.5204 68.1553
    endloop
  endfacet
  facet normal 1.75462e-08 -1.51182e-06 -1
    outer loop
      vertex -1.52716 -11.5999 4.15162e-07
      vertex 0.765217 -11.6749 5.68771e-07
      vertex -1.71619e-07 -11.7 5.93291e-07
    endloop
  endfacet
  facet normal 0.869341 -0.429675 0.244183
    outer loop
      vertex 0.35605 -12.5784 76.261
      vertex 14.6333 5.2499 56.8025
      vertex 0.43674 -12.1872 76.6621
    endloop
  endfacet
  facet normal 0.869334 -0.429711 0.244144
    outer loop
      vertex 14.6333 5.2499 56.8025
      vertex 0.35605 -12.5784 76.261
      vertex 14.5526 4.85875 56.4014
    endloop
  endfacet
  facet normal 0.289227 0.953668 -0.082859
    outer loop
      vertex 3.02818 11.3013 5.70494e-07
      vertex 6.0743 15.5683 59.7439
      vertex 3.76084 11.0791 6.46077e-07
    endloop
  endfacet
  facet normal 0.0836215 0.993675 -0.0749451
    outer loop
      vertex 0.765217 11.6749 7.49149e-07
      vertex 4.15338 15.8081 58.5813
      vertex 4.61988 15.793 58.9016
    endloop
  endfacet
  facet normal -1.49285e-07 1.29221e-07 -1
    outer loop
      vertex -9.72819 6.50017 4.54462e-07
      vertex -7.71435 8.79653 4.50564e-07
      vertex -5.85 10.1325 3.4488e-07
    endloop
  endfacet
  facet normal -1.02254e-06 3.67298e-07 -1
    outer loop
      vertex -11.6749 0.765217 3.38624e-07
      vertex -10.1325 5.85 6.29081e-07
      vertex -9.72819 6.50017 4.54462e-07
    endloop
  endfacet
  facet normal -0.228763 -0.971051 -0.068763
    outer loop
      vertex -6.61264 -15.3331 68.8608
      vertex -3.02818 -11.3013 6.16089e-07
      vertex -6.11644 -15.4668 69.0981
    endloop
  endfacet
  facet normal -1.15557e-07 -8.2153e-08 -1
    outer loop
      vertex -11.6749 -0.765217 2.48435e-07
      vertex -5.85 -10.1325 3.4488e-07
      vertex -7.71435 -8.79653 4.50564e-07
    endloop
  endfacet
  facet normal -0.289492 -0.954542 -0.0710234
    outer loop
      vertex -7.111 -15.1708 68.647
      vertex -3.76084 -11.0791 9.91449e-07
      vertex -3.02818 -11.3013 6.16089e-07
    endloop
  endfacet
  facet normal 0.351994 -0.935623 -0.0266544
    outer loop
      vertex -2.47386 -15.4668 71.702
      vertex -1.56972 -14.9556 65.6978
      vertex -2.08874 -15.3331 72.0947
    endloop
  endfacet
  facet normal 0.352689 -0.935364 -0.0265277
    outer loop
      vertex -2.47386 -15.4668 71.702
      vertex -1.57859 -14.9584 65.6786
      vertex -1.56972 -14.9556 65.6978
    endloop
  endfacet
  facet normal 0.351843 -0.935679 -0.0266801
    outer loop
      vertex -2.47386 -15.4668 71.702
      vertex -1.61488 -14.9694 65.5858
      vertex -1.57859 -14.9584 65.6786
    endloop
  endfacet
  facet normal 0.352057 -0.935599 -0.0266436
    outer loop
      vertex -2.47386 -15.4668 71.702
      vertex -1.64601 -14.9784 65.4905
      vertex -1.61488 -14.9694 65.5858
    endloop
  endfacet
  facet normal 0.3533 -0.935136 -0.0264414
    outer loop
      vertex -2.47386 -15.4668 71.702
      vertex -1.67185 -14.9854 65.3928
      vertex -1.64601 -14.9784 65.4905
    endloop
  endfacet
  facet normal 0.350691 -0.936106 -0.0268472
    outer loop
      vertex -2.47386 -15.4668 71.702
      vertex -1.69228 -14.9902 65.2933
      vertex -1.67185 -14.9854 65.3928
    endloop
  endfacet
  facet normal 0.353636 -0.93501 -0.0264064
    outer loop
      vertex -2.47386 -15.4668 71.702
      vertex -1.70721 -14.993 65.1925
      vertex -1.69228 -14.9902 65.2933
    endloop
  endfacet
  facet normal 0.350957 -0.936008 -0.0267946
    outer loop
      vertex -2.47386 -15.4668 71.702
      vertex -1.71659 -14.9936 65.0906
      vertex -1.70721 -14.993 65.1925
    endloop
  endfacet
  facet normal 0.351501 -0.935806 -0.0267178
    outer loop
      vertex -2.47386 -15.4668 71.702
      vertex -1.72038 -14.9921 64.9882
      vertex -1.71659 -14.9936 65.0906
    endloop
  endfacet
  facet normal 0.352992 -0.935251 -0.0265112
    outer loop
      vertex -2.47386 -15.4668 71.702
      vertex -1.71854 -14.9885 64.8857
      vertex -1.72038 -14.9921 64.9882
    endloop
  endfacet
  facet normal 0.353273 -0.935146 -0.0264727
    outer loop
      vertex -2.47386 -15.4668 71.702
      vertex -1.71111 -14.9828 64.7835
      vertex -1.71854 -14.9885 64.8857
    endloop
  endfacet
  facet normal 0.350702 -0.936104 -0.0267806
    outer loop
      vertex -1.45858 -14.8663 64.0297
      vertex 3.76084 -11.0791 8.26455e-07
      vertex -1.43103 -14.8548 63.9885
    endloop
  endfacet
  facet normal 0.352063 -0.935597 -0.0266397
    outer loop
      vertex -1.50775 -14.8872 64.1139
      vertex 3.76084 -11.0791 8.26455e-07
      vertex -1.45858 -14.8663 64.0297
    endloop
  endfacet
  facet normal 0.351253 -0.935899 -0.0267242
    outer loop
      vertex -1.55222 -14.9064 64.2018
      vertex 3.76084 -11.0791 8.26455e-07
      vertex -1.50775 -14.8872 64.1139
    endloop
  endfacet
  facet normal 0.352473 -0.935444 -0.026596
    outer loop
      vertex -1.59179 -14.9239 64.2929
      vertex 3.76084 -11.0791 8.26455e-07
      vertex -1.55222 -14.9064 64.2018
    endloop
  endfacet
  facet normal 0.353215 -0.935166 -0.0265177
    outer loop
      vertex -1.6263 -14.9396 64.3869
      vertex 3.76084 -11.0791 8.26455e-07
      vertex -1.59179 -14.9239 64.2929
    endloop
  endfacet
  facet normal 0.353097 -0.935211 -0.0265302
    outer loop
      vertex -1.6556 -14.9534 64.4834
      vertex 3.76084 -11.0791 8.26455e-07
      vertex -1.6263 -14.9396 64.3869
    endloop
  endfacet
  facet normal 0.350629 -0.936131 -0.0267928
    outer loop
      vertex -1.67957 -14.9652 64.582
      vertex 3.76084 -11.0791 8.26455e-07
      vertex -1.6556 -14.9534 64.4834
    endloop
  endfacet
  facet normal 0.350191 -0.936294 -0.0268394
    outer loop
      vertex -1.6981 -14.975 64.6821
      vertex 3.76084 -11.0791 8.26455e-07
      vertex -1.67957 -14.9652 64.582
    endloop
  endfacet
  facet normal 0.355221 -0.934412 -0.0263016
    outer loop
      vertex -1.71111 -14.9828 64.7835
      vertex 3.76084 -11.0791 8.26455e-07
      vertex -1.6981 -14.975 64.6821
    endloop
  endfacet
  facet normal 0.351992 -0.935624 -0.0266474
    outer loop
      vertex 3.76084 -11.0791 8.26455e-07
      vertex -1.71111 -14.9828 64.7835
      vertex -2.47386 -15.4668 71.702
    endloop
  endfacet
  facet normal 0.563928 -0.82582 0.00272856
    outer loop
      vertex -0.083474 -14.113 66.5932
      vertex -1.38469 -14.9807 72.9073
      vertex -0.140222 -14.1517 66.6088
    endloop
  endfacet
  facet normal 0.563622 -0.826029 0.00263664
    outer loop
      vertex -0.0110949 -14.0637 66.5662
      vertex -1.38469 -14.9807 72.9073
      vertex -0.083474 -14.113 66.5932
    endloop
  endfacet
  facet normal 0.563922 -0.825823 0.00273148
    outer loop
      vertex 0.0593604 -14.0157 66.5326
      vertex -1.38469 -14.9807 72.9073
      vertex -0.0110949 -14.0637 66.5662
    endloop
  endfacet
  facet normal 0.563913 -0.82583 0.00272837
    outer loop
      vertex -1.38469 -14.9807 72.9073
      vertex 0.0593604 -14.0157 66.5326
      vertex -1.06877 -14.7636 73.3238
    endloop
  endfacet
  facet normal 0.5643 -0.825565 0.00282179
    outer loop
      vertex 0.127589 -13.9692 66.4927
      vertex -1.06877 -14.7636 73.3238
      vertex 0.0593604 -14.0157 66.5326
    endloop
  endfacet
  facet normal 0.563744 -0.825946 0.00268018
    outer loop
      vertex 0.193299 -13.9245 66.4465
      vertex -1.06877 -14.7636 73.3238
      vertex 0.127589 -13.9692 66.4927
    endloop
  endfacet
  facet normal 0.563392 -0.826186 0.00258634
    outer loop
      vertex -1.06877 -14.7636 73.3238
      vertex 0.193299 -13.9245 66.4465
      vertex 0.227451 -13.9013 66.4181
    endloop
  endfacet
  facet normal 0.563848 -0.825874 0.00270424
    outer loop
      vertex 3.32359 -11.8443 49.0775
      vertex 6.50017 -9.7282 33
      vertex 3.55737 -11.686 48.6779
    endloop
  endfacet
  facet normal 0.565094 -0.825021 0.00304733
    outer loop
      vertex 0.563484 -13.6786 64.3771
      vertex 1.64767 -12.9564 58.8519
      vertex 0.59486 -13.6568 64.4608
    endloop
  endfacet
  facet normal 0.563267 -0.826271 0.00252526
    outer loop
      vertex 0.522831 -13.7066 64.2832
      vertex 1.64767 -12.9564 58.8519
      vertex 0.563484 -13.6786 64.3771
    endloop
  endfacet
  facet normal 0.564501 -0.825428 0.00289737
    outer loop
      vertex 0.477967 -13.7376 64.1926
      vertex 1.64767 -12.9564 58.8519
      vertex 0.522831 -13.7066 64.2832
    endloop
  endfacet
  facet normal 0.563378 -0.826196 0.00253906
    outer loop
      vertex 0.429085 -13.7712 64.1055
      vertex 1.64767 -12.9564 58.8519
      vertex 0.477967 -13.7376 64.1926
    endloop
  endfacet
  facet normal 0.564277 -0.825581 0.00284307
    outer loop
      vertex 0.376394 -13.8075 64.0224
      vertex 1.64767 -12.9564 58.8519
      vertex 0.429085 -13.7712 64.1055
    endloop
  endfacet
  facet normal 0.561694 -0.827343 0.00191788
    outer loop
      vertex 0.371996 -13.8105 64.0163
      vertex 1.64767 -12.9564 58.8519
      vertex 0.376394 -13.8075 64.0224
    endloop
  endfacet
  facet normal 0.564123 -0.825686 0.00279191
    outer loop
      vertex 0.371996 -13.8105 64.0163
      vertex 1.40833 -13.12 58.8286
      vertex 1.64767 -12.9564 58.8519
    endloop
  endfacet
  facet normal 0.560388 -0.828228 0.00170744
    outer loop
      vertex 1.40833 -13.12 58.8286
      vertex 0.371996 -13.8105 64.0163
      vertex 1.3977 -13.1272 58.8249
    endloop
  endfacet
  facet normal 0.162708 -0.985641 -0.0451381
    outer loop
      vertex -3.30203 -15.6464 70.9523
      vertex 1.52716 -11.5999 5.91043e-07
      vertex 2.28256 -11.4752 5.34675e-07
    endloop
  endfacet
  facet normal -0.849197 0.528076 0
    outer loop
      vertex -10.1325 5.85 33
      vertex -9.72819 6.50017 33
      vertex -9.72819 6.50017 4.54462e-07
    endloop
  endfacet
  facet normal -7.04262e-07 -2.70751e-07 -1
    outer loop
      vertex -11.6749 -0.765217 2.48435e-07
      vertex -10.1325 -5.85 5.38892e-07
      vertex -10.8094 -4.4774 6.43974e-07
    endloop
  endfacet
  facet normal 1.09322e-06 -7.07448e-06 -1
    outer loop
      vertex 1.52716 -11.5999 5.91043e-07
      vertex 3.02818 -11.3013 1.19551e-07
      vertex 2.28256 -11.4752 5.34675e-07
    endloop
  endfacet
  facet normal -5.54418e-06 -1.65916e-05 -1
    outer loop
      vertex -4.4774 -10.8094 4.89449e-07
      vertex -3.02818 -11.3013 6.16089e-07
      vertex -3.76084 -11.0791 9.91449e-07
    endloop
  endfacet
  facet normal -0.528062 0.849175 -0.00724149
    outer loop
      vertex -6.50017 9.72819 1.03231e-06
      vertex 1.34255 15.0822 55.9347
      vertex -5.85 10.1325 3.4488e-07
    endloop
  endfacet
  facet normal -0.956886 0.290203 -0.0123141
    outer loop
      vertex -14.5947 -4.7573 72.4406
      vertex -11.0791 3.76084 1.1249e-06
      vertex -11.3013 3.02818 8.59654e-07
    endloop
  endfacet
  facet normal 0.926765 -0.375642 3.66057e-05
    outer loop
      vertex 13.3866 1.88425 41.0841
      vertex 14.4399 4.48435 55.9921
      vertex 14.2956 4.1283 55.5764
    endloop
  endfacet
  facet normal 0.926964 -0.375151 -6.31986e-05
    outer loop
      vertex 14.4399 4.48435 55.9921
      vertex 13.3866 1.88425 41.0841
      vertex 13.4483 2.03677 40.6998
    endloop
  endfacet
  facet normal 0.92684 -0.375457 -1.39541e-06
    outer loop
      vertex 13.1247 1.23794 36.3515
      vertex 10.8094 -4.4774 9.1683e-07
      vertex 13.1686 1.34631 36.3859
    endloop
  endfacet
  facet normal 0.926778 -0.375609 2.6575e-05
    outer loop
      vertex 10.8094 -4.4774 9.1683e-07
      vertex 13.1247 1.23794 36.3515
      vertex 13.0891 1.1501 36.3429
    endloop
  endfacet
  facet normal 0.683597 -0.72986 0
    outer loop
      vertex 7.71435 -8.79653 7.36019e-07
      vertex 8.27315 -8.27315 7.23948e-07
      vertex 8.27315 -8.27315 33
    endloop
  endfacet
  facet normal 0.83477 -0.543671 0.0870676
    outer loop
      vertex 14.1205 3.79212 55.156
      vertex 12.2741 -0.5758 45.5842
      vertex 14.2956 4.1283 55.5764
    endloop
  endfacet
  facet normal 0.834956 -0.54341 0.0869123
    outer loop
      vertex 12.2741 -0.5758 45.5842
      vertex 14.1205 3.79212 55.156
      vertex 12.2349 -0.626419 45.6443
    endloop
  endfacet
  facet normal 0.835412 -0.542772 0.0865163
    outer loop
      vertex 9.72819 -6.50017 33
      vertex 10.7783 -4.0565 38.1907
      vertex 10.7618 -4.07823 38.2137
    endloop
  endfacet
  facet normal 0.973556 -0.227147 -0.0243614
    outer loop
      vertex 14.5526 4.85875 56.4014
      vertex 13.5419 2.40716 38.8695
      vertex 13.5392 2.41944 38.6471
    endloop
  endfacet
  facet normal 0.973273 -0.228374 -0.0241767
    outer loop
      vertex 13.5194 2.39197 38.1095
      vertex 14.5526 4.85875 56.4014
      vertex 13.5392 2.41944 38.6471
    endloop
  endfacet
  facet normal 0.973585 -0.227021 -0.0243768
    outer loop
      vertex 13.5194 2.39197 38.1095
      vertex 11.4752 -2.28256 4.2805e-07
      vertex 14.5526 4.85875 56.4014
    endloop
  endfacet
  facet normal 0.973028 -0.229428 -0.0240516
    outer loop
      vertex 13.4868 2.3049 37.6212
      vertex 11.4752 -2.28256 4.2805e-07
      vertex 13.5194 2.39197 38.1095
    endloop
  endfacet
  facet normal 0.973667 -0.226664 -0.0244228
    outer loop
      vertex 13.4486 2.18076 37.2504
      vertex 11.4752 -2.28256 4.2805e-07
      vertex 13.4868 2.3049 37.6212
    endloop
  endfacet
  facet normal 0.973575 -0.227066 -0.0243698
    outer loop
      vertex 11.4752 -2.28256 4.2805e-07
      vertex 13.4486 2.18076 37.2504
      vertex 11.3013 -3.02818 8.81528e-07
    endloop
  endfacet
  facet normal 0.812848 -0.582476 0
    outer loop
      vertex 9.28223 -7.12251 33
      vertex 9.28223 -7.12251 1.00927e-06
      vertex 9.72819 -6.50017 33
    endloop
  endfacet
  facet normal -0.632497 -0.770717 -0.0770923
    outer loop
      vertex -10.9222 -12.9528 67.8701
      vertex -7.71435 -8.79653 4.50564e-07
      vertex -7.12251 -9.28223 8.45373e-07
    endloop
  endfacet
  facet normal 0.926788 -0.375586 2.64246e-05
    outer loop
      vertex 14.2956 4.1283 55.5764
      vertex 13.3236 1.72882 41.4757
      vertex 13.3866 1.88425 41.0841
    endloop
  endfacet
  facet normal 0.926819 -0.375508 1.0955e-05
    outer loop
      vertex 14.2956 4.1283 55.5764
      vertex 13.1513 1.30358 42.4012
      vertex 13.3236 1.72882 41.4757
    endloop
  endfacet
  facet normal 0.926834 -0.375471 1.72087e-06
    outer loop
      vertex 14.2956 4.1283 55.5764
      vertex 12.9457 0.796069 43.3888
      vertex 13.1513 1.30358 42.4012
    endloop
  endfacet
  facet normal 0.92685 -0.375431 -1.09896e-05
    outer loop
      vertex 14.2956 4.1283 55.5764
      vertex 12.7077 0.208472 44.4341
      vertex 12.9457 0.796069 43.3888
    endloop
  endfacet
  facet normal 0.926829 -0.375483 1.05057e-05
    outer loop
      vertex 12.7077 0.208472 44.4341
      vertex 14.2956 4.1283 55.5764
      vertex 12.6263 0.0075564 44.7659
    endloop
  endfacet
  facet normal 0.926825 -0.375494 1.14909e-05
    outer loop
      vertex 10.8094 -4.4774 33
      vertex 11.7619 -2.12624 36.9753
      vertex 11.4712 -2.84376 37.2857
    endloop
  endfacet
  facet normal 0.92685 -0.375433 -3.04849e-05
    outer loop
      vertex 10.8094 -4.4774 33
      vertex 12.0945 -1.30511 36.676
      vertex 11.7619 -2.12624 36.9753
    endloop
  endfacet
  facet normal 0.926816 -0.375517 5.38056e-05
    outer loop
      vertex 10.8094 -4.4774 33
      vertex 12.3984 -0.555083 36.4633
      vertex 12.0945 -1.30511 36.676
    endloop
  endfacet
  facet normal 0.926851 -0.375428 -6.28569e-05
    outer loop
      vertex 10.8094 -4.4774 33
      vertex 12.6721 0.120644 36.338
      vertex 12.3984 -0.555083 36.4633
    endloop
  endfacet
  facet normal 0.92682 -0.375505 6.06556e-05
    outer loop
      vertex 10.8094 -4.4774 33
      vertex 12.9146 0.719175 36.3007
      vertex 12.6721 0.120644 36.338
    endloop
  endfacet
  facet normal 0.926898 -0.375312 -0.000293521
    outer loop
      vertex 10.8094 -4.4774 33
      vertex 13.0891 1.1501 36.3429
      vertex 12.9146 0.719175 36.3007
    endloop
  endfacet
  facet normal 0.926838 -0.375462 0
    outer loop
      vertex 13.0891 1.1501 36.3429
      vertex 10.8094 -4.4774 33
      vertex 10.8094 -4.4774 9.1683e-07
    endloop
  endfacet
  facet normal -0.977213 -0.204197 -0.0579468
    outer loop
      vertex -14.5915 -7.29465 70.2151
      vertex -11.4752 -2.28256 9.3891e-07
      vertex -14.4777 -7.7491 69.8974
    endloop
  endfacet
  facet normal 0.208863 -0.977085 -0.0410022
    outer loop
      vertex -3.30203 -15.6464 70.9523
      vertex 2.28256 -11.4752 5.34675e-07
      vertex -2.87887 -15.5714 71.3206
    endloop
  endfacet
  facet normal -0.226596 -0.971563 -0.068697
    outer loop
      vertex -6.11644 -15.4668 69.0981
      vertex -3.02818 -11.3013 6.16089e-07
      vertex -2.28256 -11.4752 8.32285e-07
    endloop
  endfacet
  facet normal 2.39181e-07 4.48494e-07 -1
    outer loop
      vertex 3.02818 11.3013 5.70494e-07
      vertex 3.76084 11.0791 6.46077e-07
      vertex 6.50017 9.7282 6.95402e-07
    endloop
  endfacet
  facet normal 0.411227 0.907537 -0.0852597
    outer loop
      vertex 4.4774 10.8094 6.97134e-07
      vertex 7.56726 15.0822 60.3844
      vertex 5.17478 10.4934 8.36037e-07
    endloop
  endfacet
  facet normal -0.162605 0.98502 -0.0574099
    outer loop
      vertex -2.28256 11.4752 1.10285e-06
      vertex 2.83672 15.6728 57.5214
      vertex -1.52716 11.5999 5.9554e-07
    endloop
  endfacet
  facet normal -0.122848 0.99056 -0.0608184
    outer loop
      vertex -1.52716 11.5999 5.9554e-07
      vertex 2.83672 15.6728 57.5214
      vertex 3.25989 15.7479 57.8898
    endloop
  endfacet
  facet normal -0.559626 0.778689 0.28366
    outer loop
      vertex 2.43172 15.5683 57.14
      vertex -12.1499 -2.0026 76.607
      vertex -11.7648 -1.86889 76.9997
    endloop
  endfacet
  facet normal -0.559695 0.778665 0.283587
    outer loop
      vertex -12.1499 -2.0026 76.607
      vertex 2.43172 15.5683 57.14
      vertex 2.0466 15.4345 56.7473
    endloop
  endfacet
  facet normal -0.715583 0.692328 0.092857
    outer loop
      vertex -8.27315 8.27315 33
      vertex 0.736619 14.6218 55.0973
      vertex 1.02663 14.8651 55.5182
    endloop
  endfacet
  facet normal -0.202057 0.977918 -0.0533805
    outer loop
      vertex -2.28256 11.4752 1.10285e-06
      vertex 2.43172 15.5683 57.14
      vertex 2.83672 15.6728 57.5214
    endloop
  endfacet
  facet normal 0.00671244 -0.998378 -0.0565315
    outer loop
      vertex -4.66202 -15.6916 69.9404
      vertex -1.71619e-07 -11.7 5.93291e-07
      vertex -4.19552 -15.7066 70.2607
    endloop
  endfacet
  facet normal -0.331356 -0.940736 -0.0722436
    outer loop
      vertex -7.60941 -14.9807 68.4576
      vertex -3.76084 -11.0791 9.91449e-07
      vertex -7.111 -15.1708 68.647
    endloop
  endfacet
  facet normal 0.162369 0.983586 -0.0787044
    outer loop
      vertex 1.52716 11.5999 7.71421e-07
      vertex 5.0969 15.7479 59.2029
      vertex 2.28256 11.4752 9.85618e-07
    endloop
  endfacet
  facet normal 0.0278371 0.741209 0.670696
    outer loop
      vertex 7.06886 15.2723 60.195
      vertex -6.62925 -2.35494 80.244
      vertex 7.56726 15.0822 60.3844
    endloop
  endfacet
  facet normal 0.027825 0.741214 0.670692
    outer loop
      vertex -6.62925 -2.35494 80.244
      vertex 7.06886 15.2723 60.195
      vertex -7.12766 -2.16485 80.0546
    endloop
  endfacet
  facet normal 0.85815 -0.473984 0.197277
    outer loop
      vertex 0.243349 -12.9528 75.8517
      vertex 14.5526 4.85875 56.4014
      vertex 0.35605 -12.5784 76.261
    endloop
  endfacet
  facet normal 0.85815 -0.473983 0.197278
    outer loop
      vertex 14.5526 4.85875 56.4014
      vertex 0.243349 -12.9528 75.8517
      vertex 14.4399 4.48435 55.9921
    endloop
  endfacet
  facet normal 0.0716655 -0.996067 -0.0520964
    outer loop
      vertex -4.19552 -15.7066 70.2607
      vertex 0.765217 -11.6749 5.68771e-07
      vertex -3.74155 -15.6916 70.5984
    endloop
  endfacet
  facet normal 0.29625 0.9515 -0.0829681
    outer loop
      vertex 3.76084 11.0791 6.46077e-07
      vertex 6.0743 15.5683 59.7439
      vertex 6.5705 15.4345 59.9812
    endloop
  endfacet
  facet normal 0.564231 0.821082 -0.0864116
    outer loop
      vertex 6.50017 9.7282 6.95402e-07
      vertex 9.51873 14.0613 60.883
      vertex 9.98561 13.7465 60.9403
    endloop
  endfacet
  facet normal -0.351318 -0.93341 -0.0729483
    outer loop
      vertex -7.60941 -14.9807 68.4576
      vertex -4.4774 -10.8094 4.89449e-07
      vertex -3.76084 -11.0791 9.91449e-07
    endloop
  endfacet
  facet normal -1.32977e-06 -1.7766e-06 -1
    outer loop
      vertex -7.71435 -8.79653 4.50564e-07
      vertex -5.85 -10.1325 3.4488e-07
      vertex -6.50017 -9.7282 4.91181e-07
    endloop
  endfacet
  facet normal 0.770184 0.63206 -0.0855372
    outer loop
      vertex 8.79653 7.71435 5.84704e-07
      vertex 12.8009 11.0318 60.5693
      vertex 9.28223 7.12251 8.2889e-07
    endloop
  endfacet
  facet normal 0.741283 0.665681 -0.0858383
    outer loop
      vertex 8.79653 7.71435 5.84704e-07
      vertex 12.0953 11.8825 60.8118
      vertex 12.4596 11.4629 60.7038
    endloop
  endfacet
  facet normal 0.844523 0.528954 -0.0836017
    outer loop
      vertex 9.72819 6.50017 5.51744e-07
      vertex 13.4085 10.1425 60.2228
      vertex 13.6723 9.68805 60.0123
    endloop
  endfacet
  facet normal 0.248159 0.965277 -0.0815943
    outer loop
      vertex 3.02818 11.3013 5.70494e-07
      vertex 5.5824 15.6728 59.4841
      vertex 6.0743 15.5683 59.7439
    endloop
  endfacet
  facet normal -0.226838 0.972599 -0.050955
    outer loop
      vertex -3.02818 11.3013 1.06703e-06
      vertex 2.43172 15.5683 57.14
      vertex -2.28256 11.4752 1.10285e-06
    endloop
  endfacet
  facet normal 0.994336 -0.097875 -0.0414227
    outer loop
      vertex 11.5999 -1.52716 8.42973e-08
      vertex 11.6749 -0.765217 8.47959e-07
      vertex 14.6333 5.2499 56.8025
    endloop
  endfacet
  facet normal 2.12241e-05 -1.08688e-06 -1
    outer loop
      vertex 11.5999 -1.52716 8.42973e-08
      vertex 11.7 -4.31578e-08 5.48982e-07
      vertex 11.6749 -0.765217 8.47959e-07
    endloop
  endfacet
  facet normal 0.842716 -0.0797046 0.532426
    outer loop
      vertex 0.0937671 -9.12821 79.1029
      vertex 14.4356 7.85055 58.9446
      vertex 14.2903 8.30894 59.2432
    endloop
  endfacet
  facet normal 0.84275 -0.0798173 0.532355
    outer loop
      vertex 14.4356 7.85055 58.9446
      vertex 0.0937671 -9.12821 79.1029
      vertex 0.239039 -9.58659 78.8042
    endloop
  endfacet
  facet normal -0.473229 -0.581199 0.662014
    outer loop
      vertex 0.352801 -10.041 78.4865
      vertex -2.15281 -10.1507 76.5991
      vertex -2.14199 -10.4273 76.364
    endloop
  endfacet
  facet normal -0.436826 -0.596024 0.673749
    outer loop
      vertex -1.73694 -5.97422 80.5634
      vertex -2.153 -10.1457 76.6034
      vertex -2.15281 -10.1507 76.5991
    endloop
  endfacet
  facet normal -0.497418 -0.570658 0.653395
    outer loop
      vertex -1.73694 -5.97422 80.5634
      vertex -2.15358 -10.1405 76.6075
      vertex -2.153 -10.1457 76.6034
    endloop
  endfacet
  facet normal -0.472897 -0.581373 0.662098
    outer loop
      vertex -1.73694 -5.97422 80.5634
      vertex -2.18528 -9.85779 76.8331
      vertex -2.15358 -10.1405 76.6075
    endloop
  endfacet
  facet normal -0.472939 -0.581355 0.662084
    outer loop
      vertex -1.73694 -5.97422 80.5634
      vertex -2.23774 -9.57003 77.0483
      vertex -2.18528 -9.85779 76.8331
    endloop
  endfacet
  facet normal -0.480115 -0.578094 0.65977
    outer loop
      vertex -1.73694 -5.97422 80.5634
      vertex -2.23869 -9.56479 77.0522
      vertex -2.23774 -9.57003 77.0483
    endloop
  endfacet
  facet normal -0.473915 -0.580917 0.661771
    outer loop
      vertex -1.73694 -5.97422 80.5634
      vertex -2.24002 -9.55949 77.0559
      vertex -2.23869 -9.56479 77.0522
    endloop
  endfacet
  facet normal -0.473238 -0.581223 0.661986
    outer loop
      vertex -1.73694 -5.97422 80.5634
      vertex -2.313 -9.26795 77.2597
      vertex -2.24002 -9.55949 77.0559
    endloop
  endfacet
  facet normal -0.47098 -0.582291 0.662658
    outer loop
      vertex -1.73694 -5.97422 80.5634
      vertex -2.31469 -9.2626 77.2632
      vertex -2.313 -9.26795 77.2597
    endloop
  endfacet
  facet normal -0.473076 -0.581299 0.662036
    outer loop
      vertex -1.73694 -5.97422 80.5634
      vertex -2.40789 -8.96854 77.4548
      vertex -2.31469 -9.2626 77.2632
    endloop
  endfacet
  facet normal -0.473203 -0.581262 0.661977
    outer loop
      vertex -3.83738 -6.63928 78.478
      vertex -2.10126 -5.55467 80.6714
      vertex -2.48707 -5.14845 80.7523
    endloop
  endfacet
  facet normal -0.473254 -0.581208 0.661987
    outer loop
      vertex -1.73694 -5.97422 80.5634
      vertex -2.52089 -8.67322 77.6333
      vertex -2.40789 -8.96854 77.4548
    endloop
  endfacet
  facet normal -0.479805 -0.577607 0.660422
    outer loop
      vertex -1.73694 -5.97422 80.5634
      vertex -2.52295 -8.66785 77.6365
      vertex -2.52089 -8.67322 77.6333
    endloop
  endfacet
  facet normal -0.473349 -0.581162 0.661961
    outer loop
      vertex -1.73694 -5.97422 80.5634
      vertex -2.52536 -8.66247 77.6395
      vertex -2.52295 -8.66785 77.6365
    endloop
  endfacet
  facet normal -0.473214 -0.581236 0.661992
    outer loop
      vertex -1.73694 -5.97422 80.5634
      vertex -2.65769 -8.36715 77.8042
      vertex -2.52536 -8.66247 77.6395
    endloop
  endfacet
  facet normal -0.473146 -0.581277 0.662005
    outer loop
      vertex -1.73694 -5.97422 80.5634
      vertex -2.8088 -8.07309 77.9544
      vertex -2.65769 -8.36715 77.8042
    endloop
  endfacet
  facet normal -0.476695 -0.578894 0.661546
    outer loop
      vertex -1.73694 -5.97422 80.5634
      vertex -2.81155 -8.06774 77.9571
      vertex -2.8088 -8.07309 77.9544
    endloop
  endfacet
  facet normal -0.473279 -0.581187 0.661989
    outer loop
      vertex -4.09363 -6.36905 78.5321
      vertex -2.48707 -5.14845 80.7523
      vertex -2.89271 -4.7573 80.8057
    endloop
  endfacet
  facet normal -0.473218 -0.581233 0.661991
    outer loop
      vertex -1.73694 -5.97422 80.5634
      vertex -2.98077 -7.77621 78.0921
      vertex -2.81155 -8.06774 77.9571
    endloop
  endfacet
  facet normal -0.470143 -0.583557 0.662138
    outer loop
      vertex -1.73694 -5.97422 80.5634
      vertex -2.98384 -7.7709 78.0946
      vertex -2.98077 -7.77621 78.0921
    endloop
  endfacet
  facet normal -0.470508 -0.583281 0.662122
    outer loop
      vertex -1.73694 -5.97422 80.5634
      vertex -2.98724 -7.76566 78.0968
      vertex -2.98384 -7.7709 78.0946
    endloop
  endfacet
  facet normal -0.473306 -0.581156 0.661996
    outer loop
      vertex -1.73694 -5.97422 80.5634
      vertex -3.17385 -7.4779 78.216
      vertex -2.98724 -7.76566 78.0968
    endloop
  endfacet
  facet normal -0.473151 -0.581299 0.661981
    outer loop
      vertex -4.36354 -6.10919 78.5673
      vertex -2.89271 -4.7573 80.8057
      vertex -3.31645 -4.3829 80.8316
    endloop
  endfacet
  facet normal -0.473221 -0.58123 0.661992
    outer loop
      vertex -1.73694 -5.97422 80.5634
      vertex -3.37706 -7.19514 78.319
      vertex -3.17385 -7.4779 78.216
    endloop
  endfacet
  facet normal -0.471442 -0.583035 0.661674
    outer loop
      vertex -1.73694 -5.97422 80.5634
      vertex -3.38075 -7.19 78.3209
      vertex -3.37706 -7.19514 78.319
    endloop
  endfacet
  facet normal -0.470689 -0.583799 0.661536
    outer loop
      vertex -1.73694 -5.97422 80.5634
      vertex -3.38474 -7.18497 78.3225
      vertex -3.38075 -7.19 78.3209
    endloop
  endfacet
  facet normal -0.473249 -0.581209 0.661991
    outer loop
      vertex -2.10126 -5.55467 80.6714
      vertex -3.60366 -6.90842 78.4088
      vertex -3.38474 -7.18497 78.3225
    endloop
  endfacet
  facet normal -0.473273 -0.581184 0.661995
    outer loop
      vertex -4.91765 -5.6406 78.5827
      vertex -3.31645 -4.3829 80.8316
      vertex -3.75648 -4.02685 80.8296
    endloop
  endfacet
  facet normal -0.473267 -0.581192 0.661993
    outer loop
      vertex -2.10126 -5.55467 80.6714
      vertex -3.83738 -6.63928 78.478
      vertex -3.60366 -6.90842 78.4088
    endloop
  endfacet
  facet normal -0.470427 -0.583624 0.661877
    outer loop
      vertex -2.48707 -5.14845 80.7523
      vertex -3.84163 -6.63438 78.4793
      vertex -3.83738 -6.63928 78.478
    endloop
  endfacet
  facet normal -0.476685 -0.578265 0.662103
    outer loop
      vertex -2.48707 -5.14845 80.7523
      vertex -3.84613 -6.62964 78.4802
      vertex -3.84163 -6.63438 78.4793
    endloop
  endfacet
  facet normal -0.473197 -0.581269 0.661975
    outer loop
      vertex -2.48707 -5.14845 80.7523
      vertex -4.09363 -6.36905 78.5321
      vertex -3.84613 -6.62964 78.4802
    endloop
  endfacet
  facet normal -0.47324 -0.581216 0.661991
    outer loop
      vertex -5.2143 -5.42078 78.5636
      vertex -3.75648 -4.02685 80.8296
      vertex -4.21091 -3.69067 80.7999
    endloop
  endfacet
  facet normal -0.47321 -0.581241 0.661991
    outer loop
      vertex -2.89271 -4.7573 80.8057
      vertex -4.35385 -6.11813 78.5664
      vertex -4.09363 -6.36905 78.5321
    endloop
  endfacet
  facet normal -0.474993 -0.579597 0.662155
    outer loop
      vertex -2.89271 -4.7573 80.8057
      vertex -4.35859 -6.11356 78.567
      vertex -4.35385 -6.11813 78.5664
    endloop
  endfacet
  facet normal -0.473105 -0.581342 0.661976
    outer loop
      vertex -2.89271 -4.7573 80.8057
      vertex -4.36354 -6.10919 78.5673
      vertex -4.35859 -6.11356 78.567
    endloop
  endfacet
  facet normal -0.473176 -0.581282 0.661979
    outer loop
      vertex -3.31645 -4.3829 80.8316
      vertex -4.63537 -5.86901 78.5839
      vertex -4.36354 -6.10919 78.5673
    endloop
  endfacet
  facet normal -0.473141 -0.581301 0.661987
    outer loop
      vertex -5.52457 -5.21119 78.5258
      vertex -4.21091 -3.69067 80.7999
      vertex -4.67779 -3.3758 80.7427
    endloop
  endfacet
  facet normal -0.473169 -0.581287 0.661979
    outer loop
      vertex -3.31645 -4.3829 80.8316
      vertex -4.91765 -5.6406 78.5827
      vertex -4.63537 -5.86901 78.5839
    endloop
  endfacet
  facet normal -0.4794 -0.576428 0.661745
    outer loop
      vertex -3.75648 -4.02685 80.8296
      vertex -4.92279 -5.63644 78.5826
      vertex -4.91765 -5.6406 78.5827
    endloop
  endfacet
  facet normal -0.473254 -0.581225 0.661973
    outer loop
      vertex -5.83635 -5.02033 78.4705
      vertex -4.67779 -3.3758 80.7427
      vertex -5.15513 -3.0836 80.658
    endloop
  endfacet
  facet normal -0.473175 -0.581274 0.661986
    outer loop
      vertex -3.75648 -4.02685 80.8296
      vertex -5.2143 -5.42078 78.5636
      vertex -4.92279 -5.63644 78.5826
    endloop
  endfacet
  facet normal -0.468796 -0.584333 0.662409
    outer loop
      vertex -4.21091 -3.69067 80.7999
      vertex -5.21961 -5.41686 78.5633
      vertex -5.2143 -5.42078 78.5636
    endloop
  endfacet
  facet normal -0.476081 -0.579193 0.661727
    outer loop
      vertex -4.21091 -3.69067 80.7999
      vertex -5.22506 -5.41318 78.5626
      vertex -5.21961 -5.41686 78.5633
    endloop
  endfacet
  facet normal -0.473285 -0.58118 0.66199
    outer loop
      vertex -4.21091 -3.69067 80.7999
      vertex -5.52457 -5.21119 78.5258
      vertex -5.22506 -5.41318 78.5626
    endloop
  endfacet
  facet normal -0.465859 -0.585948 0.663054
    outer loop
      vertex -4.67779 -3.3758 80.7427
      vertex -5.53014 -5.20778 78.5249
      vertex -5.52457 -5.21119 78.5258
    endloop
  endfacet
  facet normal -0.473261 -0.58121 0.661981
    outer loop
      vertex -6.47505 -4.68621 78.3073
      vertex -5.15513 -3.0836 80.658
      vertex -5.64087 -2.8153 80.5463
    endloop
  endfacet
  facet normal -0.473358 -0.581146 0.661968
    outer loop
      vertex -4.67779 -3.3758 80.7427
      vertex -5.83635 -5.02033 78.4705
      vertex -5.53014 -5.20778 78.5249
    endloop
  endfacet
  facet normal -0.473218 -0.581238 0.661987
    outer loop
      vertex -6.79343 -4.54692 78.202
      vertex -5.64087 -2.8153 80.5463
      vertex -6.13295 -2.57207 80.4081
    endloop
  endfacet
  facet normal -0.473163 -0.581278 0.661992
    outer loop
      vertex -5.15513 -3.0836 80.658
      vertex -6.14796 -4.84822 78.3989
      vertex -5.83635 -5.02033 78.4705
    endloop
  endfacet
  facet normal -0.472807 -0.581526 0.662028
    outer loop
      vertex -5.15513 -3.0836 80.658
      vertex -6.15363 -4.84509 78.3976
      vertex -6.14796 -4.84822 78.3989
    endloop
  endfacet
  facet normal -0.471811 -0.58222 0.662129
    outer loop
      vertex -5.15513 -3.0836 80.658
      vertex -6.15938 -4.84225 78.396
      vertex -6.15363 -4.84509 78.3976
    endloop
  endfacet
  facet normal -0.473296 -0.581181 0.661981
    outer loop
      vertex -5.15513 -3.0836 80.658
      vertex -6.47505 -4.68621 78.3073
      vertex -6.15938 -4.84225 78.396
    endloop
  endfacet
  facet normal -0.473185 -0.581259 0.661993
    outer loop
      vertex -7.12477 -4.42022 78.0764
      vertex -6.13295 -2.57207 80.4081
      vertex -6.62925 -2.35494 80.244
    endloop
  endfacet
  facet normal -0.473229 -0.58123 0.661986
    outer loop
      vertex -5.64087 -2.8153 80.5463
      vertex -6.79343 -4.54692 78.202
      vertex -6.47505 -4.68621 78.3073
    endloop
  endfacet
  facet normal -0.471696 -0.582107 0.662309
    outer loop
      vertex -6.13295 -2.57207 80.4081
      vertex -6.79922 -4.54439 78.2001
      vertex -6.79343 -4.54692 78.202
    endloop
  endfacet
  facet normal -0.472237 -0.581798 0.662196
    outer loop
      vertex -6.13295 -2.57207 80.4081
      vertex -6.80504 -4.54217 78.1979
      vertex -6.79922 -4.54439 78.2001
    endloop
  endfacet
  facet normal -0.473245 -0.581218 0.661986
    outer loop
      vertex -6.13295 -2.57207 80.4081
      vertex -7.12477 -4.42022 78.0764
      vertex -6.80504 -4.54217 78.1979
    endloop
  endfacet
  facet normal -0.473235 -0.581227 0.661984
    outer loop
      vertex -7.45608 -4.31269 77.934
      vertex -6.62925 -2.35494 80.244
      vertex -7.12766 -2.16485 80.0546
    endloop
  endfacet
  facet normal -0.473135 -0.581285 0.662006
    outer loop
      vertex -6.62925 -2.35494 80.244
      vertex -7.44447 -4.31614 77.9393
      vertex -7.12477 -4.42022 78.0764
    endloop
  endfacet
  facet normal -0.473135 -0.581285 0.662006
    outer loop
      vertex -6.62925 -2.35494 80.244
      vertex -7.45029 -4.31425 77.9368
      vertex -7.44447 -4.31614 77.9393
    endloop
  endfacet
  facet normal -0.476031 -0.579485 0.661508
    outer loop
      vertex -6.62925 -2.35494 80.244
      vertex -7.45608 -4.31269 77.934
      vertex -7.45029 -4.31425 77.9368
    endloop
  endfacet
  facet normal -0.473227 -0.581225 0.661992
    outer loop
      vertex -7.7744 -4.22691 77.7818
      vertex -7.12766 -2.16485 80.0546
      vertex -7.62602 -2.0026 79.8408
    endloop
  endfacet
  facet normal -0.473165 -0.58126 0.662006
    outer loop
      vertex -7.12766 -2.16485 80.0546
      vertex -7.7744 -4.22691 77.7818
      vertex -7.45608 -4.31269 77.934
    endloop
  endfacet
  facet normal -0.473281 -0.581203 0.661973
    outer loop
      vertex -7.62602 -2.0026 79.8408
      vertex -8.08995 -4.15982 77.6151
      vertex -7.7744 -4.22691 77.7818
    endloop
  endfacet
  facet normal -0.470419 -0.582629 0.662758
    outer loop
      vertex -7.62602 -2.0026 79.8408
      vertex -8.0957 -4.15859 77.6121
      vertex -8.08995 -4.15982 77.6151
    endloop
  endfacet
  facet normal -0.474908 -0.580381 0.661529
    outer loop
      vertex -7.62602 -2.0026 79.8408
      vertex -8.10136 -4.15772 77.6088
      vertex -8.0957 -4.15859 77.6121
    endloop
  endfacet
  facet normal -0.473212 -0.58124 0.66199
    outer loop
      vertex -8.41281 -4.10959 77.4284
      vertex -7.62602 -2.0026 79.8408
      vertex -8.12222 -1.86889 79.6035
    endloop
  endfacet
  facet normal -0.473255 -0.581214 0.661982
    outer loop
      vertex -7.62602 -2.0026 79.8408
      vertex -8.41281 -4.10959 77.4284
      vertex -8.10136 -4.15772 77.6088
    endloop
  endfacet
  facet normal -0.47166 -0.581929 0.662492
    outer loop
      vertex -8.12222 -1.86889 79.6035
      vertex -8.41838 -4.10906 77.4249
      vertex -8.41281 -4.10959 77.4284
    endloop
  endfacet
  facet normal -0.473219 -0.58123 0.661993
    outer loop
      vertex -8.72439 -4.0801 77.2316
      vertex -8.12222 -1.86889 79.6035
      vertex -8.61412 -1.7643 79.3437
    endloop
  endfacet
  facet normal -0.473181 -0.581251 0.662002
    outer loop
      vertex -8.12222 -1.86889 79.6035
      vertex -8.72439 -4.0801 77.2316
      vertex -8.41838 -4.10906 77.4249
    endloop
  endfacet
  facet normal -0.473162 -0.581253 0.662014
    outer loop
      vertex -8.61412 -1.7643 79.3437
      vertex -9.02365 -4.07043 77.0262
      vertex -8.72439 -4.0801 77.2316
    endloop
  endfacet
  facet normal -0.479385 -0.578271 0.660147
    outer loop
      vertex -8.61412 -1.7643 79.3437
      vertex -9.0291 -4.07025 77.0224
      vertex -9.02365 -4.07043 77.0262
    endloop
  endfacet
  facet normal -0.473132 -0.581277 0.662015
    outer loop
      vertex -9.09962 -1.68927 79.0626
      vertex -9.0291 -4.07025 77.0224
      vertex -8.61412 -1.7643 79.3437
    endloop
  endfacet
  facet normal -0.468717 -0.582736 0.66387
    outer loop
      vertex -9.0291 -4.07025 77.0224
      vertex -9.09962 -1.68927 79.0626
      vertex -9.0344 -4.07043 77.0185
    endloop
  endfacet
  facet normal -0.473261 -0.581226 0.661967
    outer loop
      vertex -9.09962 -1.68927 79.0626
      vertex -9.32563 -4.0801 76.8018
      vertex -9.0344 -4.07043 77.0185
    endloop
  endfacet
  facet normal -0.473268 -0.581223 0.661964
    outer loop
      vertex -9.57664 -1.64412 78.7612
      vertex -9.32563 -4.0801 76.8018
      vertex -9.09962 -1.68927 79.0626
    endloop
  endfacet
  facet normal -0.473257 -0.581226 0.66197
    outer loop
      vertex -9.57664 -1.64412 78.7612
      vertex -9.60758 -4.10906 76.5748
      vertex -9.32563 -4.0801 76.8018
    endloop
  endfacet
  facet normal -0.469933 -0.582429 0.663279
    outer loop
      vertex -9.57664 -1.64412 78.7612
      vertex -9.61271 -4.10959 76.5707
      vertex -9.60758 -4.10906 76.5748
    endloop
  endfacet
  facet normal -0.473203 -0.581241 0.661995
    outer loop
      vertex -10.0431 -1.62905 78.441
      vertex -9.61271 -4.10959 76.5707
      vertex -9.57664 -1.64412 78.7612
    endloop
  endfacet
  facet normal -0.4732 -0.581242 0.661997
    outer loop
      vertex -9.61271 -4.10959 76.5707
      vertex -10.0431 -1.62905 78.441
      vertex -9.88417 -4.15772 76.3344
    endloop
  endfacet
  facet normal -0.473701 -0.581087 0.661774
    outer loop
      vertex -9.88417 -4.15772 76.3344
      vertex -10.0431 -1.62905 78.441
      vertex -9.88911 -4.15859 76.3301
    endloop
  endfacet
  facet normal -0.477264 -0.579978 0.660185
    outer loop
      vertex -9.88911 -4.15859 76.3301
      vertex -10.0431 -1.62905 78.441
      vertex -9.89384 -4.15982 76.3256
    endloop
  endfacet
  facet normal -0.473247 -0.581234 0.66197
    outer loop
      vertex -10.4971 -1.64412 78.1032
      vertex -9.89384 -4.15982 76.3256
      vertex -10.0431 -1.62905 78.441
    endloop
  endfacet
  facet normal -0.473105 -0.581257 0.662051
    outer loop
      vertex -9.89384 -4.15982 76.3256
      vertex -10.4971 -1.64412 78.1032
      vertex -10.1537 -4.22691 76.081
    endloop
  endfacet
  facet normal -0.473205 -0.581232 0.662002
    outer loop
      vertex -10.9366 -1.68927 77.7494
      vertex -10.1537 -4.22691 76.081
      vertex -10.4971 -1.64412 78.1032
    endloop
  endfacet
  facet normal -0.473252 -0.581227 0.661973
    outer loop
      vertex -10.1537 -4.22691 76.081
      vertex -10.9366 -1.68927 77.7494
      vertex -10.4007 -4.31269 75.8291
    endloop
  endfacet
  facet normal -0.474554 -0.580973 0.661263
    outer loop
      vertex -10.4007 -4.31269 75.8291
      vertex -10.9366 -1.68927 77.7494
      vertex -10.4052 -4.31425 75.8245
    endloop
  endfacet
  facet normal -0.47322 -0.581235 0.661989
    outer loop
      vertex -11.3598 -1.7643 77.381
      vertex -10.4052 -4.31425 75.8245
      vertex -10.9366 -1.68927 77.7494
    endloop
  endfacet
  facet normal -0.470246 -0.581351 0.664003
    outer loop
      vertex -10.4052 -4.31425 75.8245
      vertex -11.3598 -1.7643 77.381
      vertex -10.4095 -4.31614 75.8198
    endloop
  endfacet
  facet normal -0.473248 -0.581228 0.661974
    outer loop
      vertex -10.4095 -4.31614 75.8198
      vertex -11.3598 -1.7643 77.381
      vertex -10.6427 -4.42022 75.5617
    endloop
  endfacet
  facet normal -0.473175 -0.581238 0.662018
    outer loop
      vertex -11.7648 -1.86889 76.9997
      vertex -10.6427 -4.42022 75.5617
      vertex -11.3598 -1.7643 77.381
    endloop
  endfacet
  facet normal -0.473222 -0.58124 0.661983
    outer loop
      vertex -10.6427 -4.42022 75.5617
      vertex -11.7648 -1.86889 76.9997
      vertex -10.8611 -4.54217 75.2985
    endloop
  endfacet
  facet normal -0.473231 -0.581239 0.661977
    outer loop
      vertex -12.1499 -2.0026 76.607
      vertex -10.8611 -4.54217 75.2985
      vertex -11.7648 -1.86889 76.9997
    endloop
  endfacet
  facet normal -0.472512 -0.58117 0.662551
    outer loop
      vertex -10.8611 -4.54217 75.2985
      vertex -12.1499 -2.0026 76.607
      vertex -10.8651 -4.54439 75.2937
    endloop
  endfacet
  facet normal -0.47606 -0.581499 0.659717
    outer loop
      vertex -10.8651 -4.54439 75.2937
      vertex -12.1499 -2.0026 76.607
      vertex -10.8688 -4.54692 75.2888
    endloop
  endfacet
  facet normal -0.473237 -0.581244 0.661968
    outer loop
      vertex -12.5135 -2.16485 76.2046
      vertex -10.8688 -4.54692 75.2888
      vertex -12.1499 -2.0026 76.607
    endloop
  endfacet
  facet normal -0.473313 -0.581267 0.661894
    outer loop
      vertex -10.8688 -4.54692 75.2888
      vertex -12.5135 -2.16485 76.2046
      vertex -11.0714 -4.68621 75.0216
    endloop
  endfacet
  facet normal -0.473201 -0.581249 0.66199
    outer loop
      vertex -12.854 -2.35494 75.7943
      vertex -11.0714 -4.68621 75.0216
      vertex -12.5135 -2.16485 76.2046
    endloop
  endfacet
  facet normal -0.473035 -0.581181 0.662168
    outer loop
      vertex -11.0714 -4.68621 75.0216
      vertex -12.854 -2.35494 75.7943
      vertex -11.2575 -4.84225 74.7517
    endloop
  endfacet
  facet normal -0.473258 -0.581237 0.66196
    outer loop
      vertex -13.1699 -2.57207 75.3778
      vertex -11.2575 -4.84225 74.7517
      vertex -12.854 -2.35494 75.7943
    endloop
  endfacet
  facet normal -0.477905 -0.583641 0.656483
    outer loop
      vertex -11.2575 -4.84225 74.7517
      vertex -13.1699 -2.57207 75.3778
      vertex -11.2609 -4.84509 74.7467
    endloop
  endfacet
  facet normal -0.473686 -0.581475 0.661444
    outer loop
      vertex -11.2609 -4.84509 74.7467
      vertex -13.1699 -2.57207 75.3778
      vertex -11.2639 -4.84822 74.7418
    endloop
  endfacet
  facet normal -0.473172 -0.581212 0.662043
    outer loop
      vertex -13.4599 -2.8153 74.957
      vertex -11.2639 -4.84822 74.7418
      vertex -13.1699 -2.57207 75.3778
    endloop
  endfacet
  facet normal -0.4732 -0.581237 0.662001
    outer loop
      vertex -11.2639 -4.84822 74.7418
      vertex -13.4599 -2.8153 74.957
      vertex -11.4326 -5.02033 74.4701
    endloop
  endfacet
  facet normal -0.473207 -0.581242 0.661991
    outer loop
      vertex -13.7228 -3.0836 74.5335
      vertex -11.4326 -5.02033 74.4701
      vertex -13.4599 -2.8153 74.957
    endloop
  endfacet
  facet normal -0.473212 -0.581247 0.661984
    outer loop
      vertex -11.4326 -5.02033 74.4701
      vertex -13.7228 -3.0836 74.5335
      vertex -11.583 -5.20778 74.198
    endloop
  endfacet
  facet normal -0.473279 -0.5813 0.661889
    outer loop
      vertex -13.9573 -3.3758 74.1092
      vertex -11.583 -5.20778 74.198
      vertex -13.7228 -3.0836 74.5335
    endloop
  endfacet
  facet normal -0.473397 -0.581464 0.661661
    outer loop
      vertex -11.583 -5.20778 74.198
      vertex -13.9573 -3.3758 74.1092
      vertex -11.5858 -5.21119 74.193
    endloop
  endfacet
  facet normal -0.473219 -0.581218 0.662004
    outer loop
      vertex -14.1626 -3.69067 73.686
      vertex -11.5858 -5.21119 74.193
      vertex -13.9573 -3.3758 74.1092
    endloop
  endfacet
  facet normal -0.473226 -0.581238 0.661982
    outer loop
      vertex -11.5858 -5.21119 74.193
      vertex -14.1626 -3.69067 73.686
      vertex -11.7175 -5.41318 73.9215
    endloop
  endfacet
  facet normal -0.473179 -0.581158 0.662086
    outer loop
      vertex -14.3378 -4.02685 73.2657
      vertex -11.7175 -5.41318 73.9215
      vertex -14.1626 -3.69067 73.686
    endloop
  endfacet
  facet normal -0.472346 -0.577996 0.66544
    outer loop
      vertex -11.7175 -5.41318 73.9215
      vertex -14.3378 -4.02685 73.2657
      vertex -11.7199 -5.41686 73.9166
    endloop
  endfacet
  facet normal -0.473726 -0.583186 0.659907
    outer loop
      vertex -11.7199 -5.41686 73.9166
      vertex -14.3378 -4.02685 73.2657
      vertex -11.7219 -5.42078 73.9117
    endloop
  endfacet
  facet normal -0.47531 -0.577009 0.664184
    outer loop
      vertex -14.6732 -6.84607 70.5505
      vertex -12.0866 -6.63928 72.5812
      vertex -12.0864 -6.63438 72.5856
    endloop
  endfacet
  facet normal -0.473228 -0.581324 0.661905
    outer loop
      vertex -14.482 -4.3829 72.8499
      vertex -11.7219 -5.42078 73.9117
      vertex -14.3378 -4.02685 73.2657
    endloop
  endfacet
  facet normal -0.473225 -0.58123 0.661989
    outer loop
      vertex -11.7219 -5.42078 73.9117
      vertex -14.482 -4.3829 72.8499
      vertex -11.8343 -5.63644 73.642
    endloop
  endfacet
  facet normal -0.473226 -0.581239 0.66198
    outer loop
      vertex -14.5947 -4.7573 72.4406
      vertex -11.8343 -5.63644 73.642
      vertex -14.482 -4.3829 72.8499
    endloop
  endfacet
  facet normal -0.473233 -0.581231 0.661983
    outer loop
      vertex -12.0967 -6.90842 72.3376
      vertex -12.5017 -11.3615 68.1382
      vertex -12.1374 -11.781 68.0303
    endloop
  endfacet
  facet normal -0.473482 -0.575694 0.666626
    outer loop
      vertex -11.8343 -5.63644 73.642
      vertex -14.5947 -4.7573 72.4406
      vertex -11.836 -5.6406 73.6372
    endloop
  endfacet
  facet normal -0.47327 -0.581216 0.661969
    outer loop
      vertex -12.0967 -6.90842 72.3376
      vertex -12.843 -10.9304 68.2727
      vertex -12.5017 -11.3615 68.1382
    endloop
  endfacet
  facet normal -0.473237 -0.581267 0.661948
    outer loop
      vertex -11.836 -5.6406 73.6372
      vertex -14.5947 -4.7573 72.4406
      vertex -11.9285 -5.86901 73.3705
    endloop
  endfacet
  facet normal -0.473178 -0.58126 0.661996
    outer loop
      vertex -12.0967 -6.90842 72.3376
      vertex -13.1598 -10.4896 68.4333
      vertex -12.843 -10.9304 68.2727
    endloop
  endfacet
  facet normal -0.473232 -0.581208 0.662003
    outer loop
      vertex -14.6754 -5.14845 72.0395
      vertex -11.9285 -5.86901 73.3705
      vertex -14.5947 -4.7573 72.4406
    endloop
  endfacet
  facet normal -0.47326 -0.581215 0.661977
    outer loop
      vertex -12.0967 -6.90842 72.3376
      vertex -13.4507 -10.041 68.6192
      vertex -13.1598 -10.4896 68.4333
    endloop
  endfacet
  facet normal -0.473229 -0.581237 0.661981
    outer loop
      vertex -14.7237 -5.55467 71.6483
      vertex -11.9285 -5.86901 73.3705
      vertex -14.6754 -5.14845 72.0395
    endloop
  endfacet
  facet normal -0.473192 -0.581258 0.661989
    outer loop
      vertex -12.0967 -6.90842 72.3376
      vertex -13.7144 -9.58659 68.8297
      vertex -13.4507 -10.041 68.6192
    endloop
  endfacet
  facet normal -0.473213 -0.581288 0.661946
    outer loop
      vertex -11.9285 -5.86901 73.3705
      vertex -14.7237 -5.55467 71.6483
      vertex -12.0008 -6.10919 73.1079
    endloop
  endfacet
  facet normal -0.473158 -0.581282 0.661991
    outer loop
      vertex -12.0967 -6.90842 72.3376
      vertex -13.95 -9.12821 69.0638
      vertex -13.7144 -9.58659 68.8297
    endloop
  endfacet
  facet normal -0.472658 -0.584144 0.659826
    outer loop
      vertex -12.0008 -6.10919 73.1079
      vertex -14.7237 -5.55467 71.6483
      vertex -12.0021 -6.11356 73.1031
    endloop
  endfacet
  facet normal -0.473249 -0.581207 0.661992
    outer loop
      vertex -12.0967 -6.90842 72.3376
      vertex -14.1563 -8.66785 69.3205
      vertex -13.95 -9.12821 69.0638
    endloop
  endfacet
  facet normal -0.473229 -0.581174 0.662035
    outer loop
      vertex -14.7395 -5.97422 71.2687
      vertex -12.0021 -6.11356 73.1031
      vertex -14.7237 -5.55467 71.6483
    endloop
  endfacet
  facet normal -0.473238 -0.581218 0.661991
    outer loop
      vertex -12.0967 -6.90842 72.3376
      vertex -14.3324 -8.20749 69.5988
      vertex -14.1563 -8.66785 69.3205
    endloop
  endfacet
  facet normal -0.471714 -0.58532 0.659459
    outer loop
      vertex -12.0021 -6.11356 73.1031
      vertex -14.7395 -5.97422 71.2687
      vertex -12.003 -6.11813 73.0984
    endloop
  endfacet
  facet normal -0.473228 -0.581229 0.661988
    outer loop
      vertex -12.0967 -6.90842 72.3376
      vertex -14.4777 -7.7491 69.8974
      vertex -14.3324 -8.20749 69.5988
    endloop
  endfacet
  facet normal -0.47322 -0.581179 0.662037
    outer loop
      vertex -12.003 -6.11813 73.0984
      vertex -14.7395 -5.97422 71.2687
      vertex -12.0548 -6.36905 72.8411
    endloop
  endfacet
  facet normal -0.473197 -0.581271 0.661973
    outer loop
      vertex -12.0967 -6.90842 72.3376
      vertex -14.5915 -7.29465 70.2151
      vertex -14.4777 -7.7491 69.8974
    endloop
  endfacet
  facet normal -0.473183 -0.581323 0.661937
    outer loop
      vertex -14.7226 -6.4053 70.9022
      vertex -12.0548 -6.36905 72.8411
      vertex -14.7395 -5.97422 71.2687
    endloop
  endfacet
  facet normal -0.473249 -0.581178 0.662017
    outer loop
      vertex -12.0967 -6.90842 72.3376
      vertex -14.6732 -6.84607 70.5505
      vertex -14.5915 -7.29465 70.2151
    endloop
  endfacet
  facet normal -0.473266 -0.58113 0.662048
    outer loop
      vertex -12.0548 -6.36905 72.8411
      vertex -14.7226 -6.4053 70.9022
      vertex -12.0858 -6.62964 72.5902
    endloop
  endfacet
  facet normal -0.473184 -0.581347 0.661916
    outer loop
      vertex -12.0866 -6.63928 72.5812
      vertex -14.6732 -6.84607 70.5505
      vertex -12.0967 -6.90842 72.3376
    endloop
  endfacet
  facet normal -0.472965 -0.582049 0.661455
    outer loop
      vertex -12.0858 -6.62964 72.5902
      vertex -14.7226 -6.4053 70.9022
      vertex -12.0864 -6.63438 72.5856
    endloop
  endfacet
  facet normal -0.473227 -0.581243 0.661976
    outer loop
      vertex -14.6732 -6.84607 70.5505
      vertex -12.0864 -6.63438 72.5856
      vertex -14.7226 -6.4053 70.9022
    endloop
  endfacet
  facet normal -0.473249 -0.581173 0.662022
    outer loop
      vertex -2.18386 -10.9666 75.8605
      vertex 0.500845 -11.3615 77.433
      vertex 0.483985 -10.9304 77.7994
    endloop
  endfacet
  facet normal -0.473272 -0.581086 0.662082
    outer loop
      vertex -2.23563 -11.2176 75.6032
      vertex 0.500845 -11.3615 77.433
      vertex -2.18386 -10.9666 75.8605
    endloop
  endfacet
  facet normal -0.473202 -0.581239 0.661998
    outer loop
      vertex -2.15286 -10.7061 76.1115
      vertex 0.483985 -10.9304 77.7994
      vertex 0.434566 -10.4896 78.1511
    endloop
  endfacet
  facet normal -0.470593 -0.58842 0.657499
    outer loop
      vertex -2.23657 -11.2221 75.5985
      vertex 0.500845 -11.3615 77.433
      vertex -2.23563 -11.2176 75.6032
    endloop
  endfacet
  facet normal -0.473223 -0.58121 0.662009
    outer loop
      vertex -2.14199 -10.4273 76.364
      vertex 0.434566 -10.4896 78.1511
      vertex 0.352801 -10.041 78.4865
    endloop
  endfacet
  facet normal -0.473195 -0.581332 0.661921
    outer loop
      vertex 0.500845 -11.3615 77.433
      vertex -2.23657 -11.2221 75.5985
      vertex 0.485074 -11.781 77.0533
    endloop
  endfacet
  facet normal -0.473192 -0.581279 0.66197
    outer loop
      vertex -2.15281 -10.1507 76.5991
      vertex 0.352801 -10.041 78.4865
      vertex 0.239039 -9.58659 78.8042
    endloop
  endfacet
  facet normal -0.473208 -0.581264 0.661972
    outer loop
      vertex -2.23788 -11.2265 75.5937
      vertex 0.485074 -11.781 77.0533
      vertex -2.23657 -11.2221 75.5985
    endloop
  endfacet
  facet normal -0.473169 -0.581316 0.661954
    outer loop
      vertex -2.15281 -10.1507 76.5991
      vertex 0.239039 -9.58659 78.8042
      vertex 0.0937671 -9.12821 79.1029
    endloop
  endfacet
  facet normal -0.473238 -0.581109 0.662086
    outer loop
      vertex -2.31018 -11.4667 75.3312
      vertex 0.485074 -11.781 77.0533
      vertex -2.23788 -11.2265 75.5937
    endloop
  endfacet
  facet normal -0.473292 -0.581162 0.662001
    outer loop
      vertex -2.15281 -10.1507 76.5991
      vertex 0.0937671 -9.12821 79.1029
      vertex -0.0823923 -8.66785 79.3811
    endloop
  endfacet
  facet normal -0.473198 -0.581244 0.661996
    outer loop
      vertex 0.485074 -11.781 77.0533
      vertex -2.31018 -11.4667 75.3312
      vertex 0.43674 -12.1872 76.6621
    endloop
  endfacet
  facet normal -0.473162 -0.581296 0.661976
    outer loop
      vertex -2.15281 -10.1507 76.5991
      vertex -0.0823923 -8.66785 79.3811
      vertex -0.288685 -8.20749 79.6379
    endloop
  endfacet
  facet normal -0.473138 -0.581432 0.661874
    outer loop
      vertex 0.483985 -10.9304 77.7994
      vertex -2.15286 -10.7061 76.1115
      vertex -2.18386 -10.9666 75.8605
    endloop
  endfacet
  facet normal -0.473226 -0.58124 0.66198
    outer loop
      vertex -2.15281 -10.1507 76.5991
      vertex -0.288685 -8.20749 79.6379
      vertex -0.524228 -7.7491 79.872
    endloop
  endfacet
  facet normal -0.474237 -0.579146 0.66309
    outer loop
      vertex 0.434566 -10.4896 78.1511
      vertex -2.15229 -10.7013 76.1161
      vertex -2.15286 -10.7061 76.1115
    endloop
  endfacet
  facet normal -0.473285 -0.581196 0.661977
    outer loop
      vertex -2.15281 -10.1507 76.5991
      vertex -0.524228 -7.7491 79.872
      vertex -0.788011 -7.29465 80.0824
    endloop
  endfacet
  facet normal -0.473205 -0.581189 0.66204
    outer loop
      vertex 0.43674 -12.1872 76.6621
      vertex -2.31018 -11.4667 75.3312
      vertex 0.35605 -12.5784 76.261
    endloop
  endfacet
  facet normal -0.473237 -0.581227 0.661983
    outer loop
      vertex -2.15281 -10.1507 76.5991
      vertex -0.788011 -7.29465 80.0824
      vertex -1.07891 -6.84607 80.2683
    endloop
  endfacet
  facet normal -0.474624 -0.57836 0.6635
    outer loop
      vertex 0.434566 -10.4896 78.1511
      vertex -2.15211 -10.6964 76.1205
      vertex -2.15229 -10.7013 76.1161
    endloop
  endfacet
  facet normal -0.473181 -0.581259 0.661995
    outer loop
      vertex -2.15281 -10.1507 76.5991
      vertex -1.07891 -6.84607 80.2683
      vertex -1.39567 -6.4053 80.4289
    endloop
  endfacet
  facet normal -0.473217 -0.581226 0.661999
    outer loop
      vertex 0.434566 -10.4896 78.1511
      vertex -2.14199 -10.4273 76.364
      vertex -2.15211 -10.6964 76.1205
    endloop
  endfacet
  facet normal -0.473274 -0.581213 0.661969
    outer loop
      vertex -2.15281 -10.1507 76.5991
      vertex -1.39567 -6.4053 80.4289
      vertex -1.73694 -5.97422 80.5634
    endloop
  endfacet
  facet normal -0.473211 -0.581265 0.661969
    outer loop
      vertex -2.40271 -11.6951 75.0645
      vertex 0.35605 -12.5784 76.261
      vertex -2.31018 -11.4667 75.3312
    endloop
  endfacet
  facet normal -0.473159 -0.581281 0.661992
    outer loop
      vertex -3.38474 -7.18497 78.3225
      vertex -1.73694 -5.97422 80.5634
      vertex -2.10126 -5.55467 80.6714
    endloop
  endfacet
  facet normal -0.47317 -0.582153 0.661218
    outer loop
      vertex -2.40439 -11.6993 75.0596
      vertex 0.35605 -12.5784 76.261
      vertex -2.40271 -11.6951 75.0645
    endloop
  endfacet
  facet normal -0.473214 -0.581245 0.661984
    outer loop
      vertex 0.35605 -12.5784 76.261
      vertex -2.40439 -11.6993 75.0596
      vertex 0.243349 -12.9528 75.8517
    endloop
  endfacet
  facet normal -0.47321 -0.581223 0.662006
    outer loop
      vertex -2.51674 -11.9149 74.79
      vertex 0.243349 -12.9528 75.8517
      vertex -2.40439 -11.6993 75.0596
    endloop
  endfacet
  facet normal -0.473212 -0.581263 0.66197
    outer loop
      vertex 0.243349 -12.9528 75.8517
      vertex -2.51674 -11.9149 74.79
      vertex 0.0991195 -13.3088 75.436
    endloop
  endfacet
  facet normal -0.473395 -0.581948 0.661236
    outer loop
      vertex -2.51879 -11.9188 74.7851
      vertex 0.0991195 -13.3088 75.436
      vertex -2.51674 -11.9149 74.79
    endloop
  endfacet
  facet normal -0.473983 -0.584171 0.658851
    outer loop
      vertex -2.52118 -11.9225 74.7801
      vertex 0.0991195 -13.3088 75.436
      vertex -2.51879 -11.9188 74.7851
    endloop
  endfacet
  facet normal -0.473219 -0.581249 0.661977
    outer loop
      vertex 0.0991195 -13.3088 75.436
      vertex -2.52118 -11.9225 74.7801
      vertex -0.0760203 -13.645 75.0156
    endloop
  endfacet
  facet normal -0.473211 -0.581235 0.661994
    outer loop
      vertex -2.65288 -12.1245 74.5086
      vertex -0.0760203 -13.645 75.0156
      vertex -2.52118 -11.9225 74.7801
    endloop
  endfacet
  facet normal -0.473201 -0.581206 0.662028
    outer loop
      vertex -0.0760203 -13.645 75.0156
      vertex -2.65288 -12.1245 74.5086
      vertex -0.281321 -13.9599 74.5924
    endloop
  endfacet
  facet normal -0.471493 -0.57885 0.665302
    outer loop
      vertex -2.65562 -12.1279 74.5037
      vertex -0.281321 -13.9599 74.5924
      vertex -2.65288 -12.1245 74.5086
    endloop
  endfacet
  facet normal -0.473193 -0.581212 0.662028
    outer loop
      vertex -0.281321 -13.9599 74.5924
      vertex -2.65562 -12.1279 74.5037
      vertex -0.515902 -14.2521 74.1682
    endloop
  endfacet
  facet normal -0.473217 -0.58123 0.661995
    outer loop
      vertex -2.80611 -12.3154 74.2315
      vertex -0.515902 -14.2521 74.1682
      vertex -2.65562 -12.1279 74.5037
    endloop
  endfacet
  facet normal -0.473233 -0.581249 0.661966
    outer loop
      vertex -0.515902 -14.2521 74.1682
      vertex -2.80611 -12.3154 74.2315
      vertex -0.778761 -14.5204 73.7447
    endloop
  endfacet
  facet normal -0.47317 -0.581209 0.662047
    outer loop
      vertex -2.97473 -12.4875 73.9599
      vertex -0.778761 -14.5204 73.7447
      vertex -2.80611 -12.3154 74.2315
    endloop
  endfacet
  facet normal -0.473241 -0.581274 0.661939
    outer loop
      vertex -0.778761 -14.5204 73.7447
      vertex -2.97473 -12.4875 73.9599
      vertex -1.06877 -14.7636 73.3238
    endloop
  endfacet
  facet normal -0.478462 -0.583935 0.655815
    outer loop
      vertex -2.9778 -12.4906 73.9549
      vertex -1.06877 -14.7636 73.3238
      vertex -2.97473 -12.4875 73.9599
    endloop
  endfacet
  facet normal -0.474357 -0.581829 0.660651
    outer loop
      vertex -2.98119 -12.4934 73.95
      vertex -1.06877 -14.7636 73.3238
      vertex -2.9778 -12.4906 73.9549
    endloop
  endfacet
  facet normal -0.473252 -0.581256 0.661946
    outer loop
      vertex -1.06877 -14.7636 73.3238
      vertex -2.98119 -12.4934 73.95
      vertex -1.38469 -14.9807 72.9073
    endloop
  endfacet
  facet normal -0.473143 -0.581229 0.662049
    outer loop
      vertex -3.16723 -12.6495 73.68
      vertex -1.38469 -14.9807 72.9073
      vertex -2.98119 -12.4934 73.95
    endloop
  endfacet
  facet normal -0.473203 -0.581253 0.661985
    outer loop
      vertex -1.38469 -14.9807 72.9073
      vertex -3.16723 -12.6495 73.68
      vertex -1.72517 -15.1708 72.497
    endloop
  endfacet
  facet normal -0.473234 -0.581259 0.661957
    outer loop
      vertex -3.36989 -12.7888 73.4128
      vertex -1.72517 -15.1708 72.497
      vertex -3.16723 -12.6495 73.68
    endloop
  endfacet
  facet normal -0.473127 -0.581226 0.662063
    outer loop
      vertex -1.72517 -15.1708 72.497
      vertex -3.36989 -12.7888 73.4128
      vertex -2.08874 -15.3331 72.0947
    endloop
  endfacet
  facet normal -0.47041 -0.580973 0.664218
    outer loop
      vertex -3.37358 -12.7913 73.408
      vertex -2.08874 -15.3331 72.0947
      vertex -3.36989 -12.7888 73.4128
    endloop
  endfacet
  facet normal -0.475138 -0.581418 0.660452
    outer loop
      vertex -3.37756 -12.7935 73.4032
      vertex -2.08874 -15.3331 72.0947
      vertex -3.37358 -12.7913 73.408
    endloop
  endfacet
  facet normal -0.473227 -0.581236 0.661982
    outer loop
      vertex -2.08874 -15.3331 72.0947
      vertex -3.37756 -12.7935 73.4032
      vertex -2.47386 -15.4668 71.702
    endloop
  endfacet
  facet normal -0.473136 -0.581243 0.662041
    outer loop
      vertex -3.59597 -12.9155 73.14
      vertex -2.47386 -15.4668 71.702
      vertex -3.37756 -12.7935 73.4032
    endloop
  endfacet
  facet normal -0.473252 -0.581246 0.661956
    outer loop
      vertex -2.47386 -15.4668 71.702
      vertex -3.59597 -12.9155 73.14
      vertex -2.87887 -15.5714 71.3206
    endloop
  endfacet
  facet normal -0.473149 -0.58126 0.662017
    outer loop
      vertex -3.82921 -13.0196 72.8819
      vertex -2.87887 -15.5714 71.3206
      vertex -3.59597 -12.9155 73.14
    endloop
  endfacet
  facet normal -0.481163 -0.580894 0.65654
    outer loop
      vertex -3.83345 -13.0214 72.8772
      vertex -2.87887 -15.5714 71.3206
      vertex -3.82921 -13.0196 72.8819
    endloop
  endfacet
  facet normal -0.473171 -0.581244 0.662015
    outer loop
      vertex -2.87887 -15.5714 71.3206
      vertex -3.83345 -13.0214 72.8772
      vertex -3.30203 -15.6464 70.9523
    endloop
  endfacet
  facet normal -0.471077 -0.581652 0.66315
    outer loop
      vertex -3.83795 -13.023 72.8726
      vertex -3.30203 -15.6464 70.9523
      vertex -3.83345 -13.0214 72.8772
    endloop
  endfacet
  facet normal -0.473152 -0.581251 0.662023
    outer loop
      vertex -4.085 -13.1088 72.6207
      vertex -3.30203 -15.6464 70.9523
      vertex -3.83795 -13.023 72.8726
    endloop
  endfacet
  facet normal -0.47324 -0.581242 0.661968
    outer loop
      vertex -3.30203 -15.6464 70.9523
      vertex -4.085 -13.1088 72.6207
      vertex -3.74155 -15.6916 70.5984
    endloop
  endfacet
  facet normal -0.473309 -0.581225 0.661934
    outer loop
      vertex -4.34482 -13.1759 72.376
      vertex -3.74155 -15.6916 70.5984
      vertex -4.085 -13.1088 72.6207
    endloop
  endfacet
  facet normal -0.473229 -0.581238 0.661979
    outer loop
      vertex -3.74155 -15.6916 70.5984
      vertex -4.34482 -13.1759 72.376
      vertex -4.19552 -15.7066 70.2607
    endloop
  endfacet
  facet normal -0.469552 -0.582373 0.663598
    outer loop
      vertex -4.34955 -13.1771 72.3716
      vertex -4.19552 -15.7066 70.2607
      vertex -4.34482 -13.1759 72.376
    endloop
  endfacet
  facet normal -0.471039 -0.581918 0.662943
    outer loop
      vertex -4.35449 -13.178 72.3673
      vertex -4.19552 -15.7066 70.2607
      vertex -4.34955 -13.1771 72.3716
    endloop
  endfacet
  facet normal -0.473238 -0.581244 0.661968
    outer loop
      vertex -4.62595 -13.2261 72.131
      vertex -4.19552 -15.7066 70.2607
      vertex -4.35449 -13.178 72.3673
    endloop
  endfacet
  facet normal -0.482592 -0.577782 0.658235
    outer loop
      vertex -4.66202 -15.6916 69.9404
      vertex -4.62595 -13.2261 72.131
      vertex -4.63108 -13.2266 72.1268
    endloop
  endfacet
  facet normal -0.473209 -0.58125 0.661983
    outer loop
      vertex -4.62595 -13.2261 72.131
      vertex -4.66202 -15.6916 69.9404
      vertex -4.19552 -15.7066 70.2607
    endloop
  endfacet
  facet normal -0.473198 -0.58124 0.662
    outer loop
      vertex -4.91303 -13.2556 71.8998
      vertex -4.66202 -15.6916 69.9404
      vertex -4.63108 -13.2266 72.1268
    endloop
  endfacet
  facet normal -0.47321 -0.581236 0.661994
    outer loop
      vertex -4.91303 -13.2556 71.8998
      vertex -5.13904 -15.6464 69.6391
      vertex -4.66202 -15.6916 69.9404
    endloop
  endfacet
  facet normal -0.473036 -0.58131 0.662054
    outer loop
      vertex -5.20426 -13.2653 71.6832
      vertex -5.13904 -15.6464 69.6391
      vertex -4.91303 -13.2556 71.8998
    endloop
  endfacet
  facet normal -0.484931 -0.577267 0.656966
    outer loop
      vertex -5.20956 -13.2654 71.6792
      vertex -5.13904 -15.6464 69.6391
      vertex -5.20426 -13.2653 71.6832
    endloop
  endfacet
  facet normal -0.46233 -0.586365 0.665152
    outer loop
      vertex -5.62454 -15.5714 69.3579
      vertex -5.20956 -13.2654 71.6792
      vertex -5.21501 -13.2653 71.6755
    endloop
  endfacet
  facet normal -0.473201 -0.581253 0.661986
    outer loop
      vertex -5.62454 -15.5714 69.3579
      vertex -5.21501 -13.2653 71.6755
      vertex -5.51427 -13.2556 71.4701
    endloop
  endfacet
  facet normal -0.473215 -0.58123 0.661996
    outer loop
      vertex -5.20956 -13.2654 71.6792
      vertex -5.62454 -15.5714 69.3579
      vertex -5.13904 -15.6464 69.6391
    endloop
  endfacet
  facet normal -0.473417 -0.581141 0.66193
    outer loop
      vertex -6.11644 -15.4668 69.0981
      vertex -5.51427 -13.2556 71.4701
      vertex -5.82028 -13.2266 71.2767
    endloop
  endfacet
  facet normal -0.469136 -0.583044 0.663304
    outer loop
      vertex -6.11644 -15.4668 69.0981
      vertex -5.82028 -13.2266 71.2767
      vertex -5.82585 -13.2261 71.2732
    endloop
  endfacet
  facet normal -0.473226 -0.581244 0.661977
    outer loop
      vertex -5.51427 -13.2556 71.4701
      vertex -6.11644 -15.4668 69.0981
      vertex -5.62454 -15.5714 69.3579
    endloop
  endfacet
  facet normal -0.473209 -0.58124 0.661992
    outer loop
      vertex -6.61264 -15.3331 68.8608
      vertex -5.82585 -13.2261 71.2732
      vertex -6.1373 -13.178 71.0928
    endloop
  endfacet
  facet normal -0.467251 -0.584219 0.663599
    outer loop
      vertex -6.61264 -15.3331 68.8608
      vertex -6.1373 -13.178 71.0928
      vertex -6.14297 -13.1771 71.0896
    endloop
  endfacet
  facet normal -0.47785 -0.578911 0.660698
    outer loop
      vertex -6.61264 -15.3331 68.8608
      vertex -6.14297 -13.1771 71.0896
      vertex -6.14871 -13.1759 71.0865
    endloop
  endfacet
  facet normal -0.473115 -0.581289 0.662016
    outer loop
      vertex -6.61264 -15.3331 68.8608
      vertex -6.14871 -13.1759 71.0865
      vertex -6.46427 -13.1088 70.9199
    endloop
  endfacet
  facet normal -0.473203 -0.581244 0.661993
    outer loop
      vertex -5.82585 -13.2261 71.2732
      vertex -6.61264 -15.3331 68.8608
      vertex -6.11644 -15.4668 69.0981
    endloop
  endfacet
  facet normal -0.473368 -0.581172 0.661938
    outer loop
      vertex -7.111 -15.1708 68.647
      vertex -6.46427 -13.1088 70.9199
      vertex -6.78258 -13.023 70.7676
    endloop
  endfacet
  facet normal -0.470095 -0.583181 0.662503
    outer loop
      vertex -7.60941 -14.9807 68.4576
      vertex -6.78258 -13.023 70.7676
      vertex -6.78837 -13.0214 70.7649
    endloop
  endfacet
  facet normal -0.466011 -0.585687 0.663178
    outer loop
      vertex -7.60941 -14.9807 68.4576
      vertex -6.78837 -13.0214 70.7649
      vertex -6.79419 -13.0196 70.7624
    endloop
  endfacet
  facet normal -0.473272 -0.581226 0.661959
    outer loop
      vertex -6.46427 -13.1088 70.9199
      vertex -7.111 -15.1708 68.647
      vertex -6.61264 -15.3331 68.8608
    endloop
  endfacet
  facet normal -0.473324 -0.581199 0.661946
    outer loop
      vertex -7.60941 -14.9807 68.4576
      vertex -6.79419 -13.0196 70.7624
      vertex -7.11389 -12.9155 70.6252
    endloop
  endfacet
  facet normal -0.473315 -0.581177 0.661971
    outer loop
      vertex -8.10571 -14.7636 68.2935
      vertex -7.11389 -12.9155 70.6252
      vertex -7.43362 -12.7935 70.5037
    endloop
  endfacet
  facet normal -0.470694 -0.582683 0.662516
    outer loop
      vertex -8.10571 -14.7636 68.2935
      vertex -7.43362 -12.7935 70.5037
      vertex -7.43944 -12.7913 70.5015
    endloop
  endfacet
  facet normal -0.469402 -0.58342 0.662784
    outer loop
      vertex -8.10571 -14.7636 68.2935
      vertex -7.43944 -12.7913 70.5015
      vertex -7.44523 -12.7888 70.4996
    endloop
  endfacet
  facet normal -0.473245 -0.581229 0.661976
    outer loop
      vertex -6.78258 -13.023 70.7676
      vertex -7.60941 -14.9807 68.4576
      vertex -7.111 -15.1708 68.647
    endloop
  endfacet
  facet normal -0.473243 -0.581223 0.661983
    outer loop
      vertex -8.59779 -14.5204 68.1553
      vertex -7.44523 -12.7888 70.4996
      vertex -7.76361 -12.6495 70.3943
    endloop
  endfacet
  facet normal -0.473225 -0.581239 0.661981
    outer loop
      vertex -9.08354 -14.2521 68.0436
      vertex -7.76361 -12.6495 70.3943
      vertex -8.07928 -12.4934 70.3057
    endloop
  endfacet
  facet normal -0.477254 -0.578408 0.661568
    outer loop
      vertex -9.08354 -14.2521 68.0436
      vertex -8.07928 -12.4934 70.3057
      vertex -8.08503 -12.4906 70.304
    endloop
  endfacet
  facet normal -0.470613 -0.583049 0.662251
    outer loop
      vertex -9.08354 -14.2521 68.0436
      vertex -8.08503 -12.4906 70.304
      vertex -8.0907 -12.4875 70.3027
    endloop
  endfacet
  facet normal -0.47316 -0.581284 0.661989
    outer loop
      vertex -7.11389 -12.9155 70.6252
      vertex -8.10571 -14.7636 68.2935
      vertex -7.60941 -14.9807 68.4576
    endloop
  endfacet
  facet normal -0.47315 -0.581289 0.661991
    outer loop
      vertex -9.08354 -14.2521 68.0436
      vertex -8.0907 -12.4875 70.3027
      vertex -8.40231 -12.3154 70.2311
    endloop
  endfacet
  facet normal -0.473193 -0.58126 0.661986
    outer loop
      vertex -7.44523 -12.7888 70.4996
      vertex -8.59779 -14.5204 68.1553
      vertex -8.10571 -14.7636 68.2935
    endloop
  endfacet
  facet normal -0.473271 -0.581198 0.661984
    outer loop
      vertex -9.56087 -13.9599 67.959
      vertex -8.40231 -12.3154 70.2311
      vertex -8.70852 -12.1279 70.1768
    endloop
  endfacet
  facet normal -0.473516 -0.58104 0.661948
    outer loop
      vertex -9.56087 -13.9599 67.959
      vertex -8.70852 -12.1279 70.1768
      vertex -8.71409 -12.1245 70.1758
    endloop
  endfacet
  facet normal -0.473155 -0.581285 0.661991
    outer loop
      vertex -10.0278 -13.645 67.9017
      vertex -8.71409 -12.1245 70.1758
      vertex -9.0136 -11.9225 70.1391
    endloop
  endfacet
  facet normal -0.477505 -0.578189 0.661579
    outer loop
      vertex -10.0278 -13.645 67.9017
      vertex -9.0136 -11.9225 70.1391
      vertex -9.01905 -11.9188 70.1384
    endloop
  endfacet
  facet normal -0.475537 -0.579588 0.661771
    outer loop
      vertex -10.0278 -13.645 67.9017
      vertex -9.01905 -11.9188 70.1384
      vertex -9.02436 -11.9149 70.138
    endloop
  endfacet
  facet normal -0.473255 -0.581215 0.661981
    outer loop
      vertex -7.76361 -12.6495 70.3943
      vertex -9.08354 -14.2521 68.0436
      vertex -8.59779 -14.5204 68.1553
    endloop
  endfacet
  facet normal -0.473095 -0.58135 0.661977
    outer loop
      vertex -10.4822 -13.3088 67.872
      vertex -9.02436 -11.9149 70.138
      vertex -9.31588 -11.6993 70.119
    endloop
  endfacet
  facet normal -0.474847 -0.579992 0.661914
    outer loop
      vertex -10.4822 -13.3088 67.872
      vertex -9.31588 -11.6993 70.119
      vertex -9.32101 -11.6951 70.119
    endloop
  endfacet
  facet normal -0.473163 -0.581281 0.661989
    outer loop
      vertex -8.40231 -12.3154 70.2311
      vertex -9.56087 -13.9599 67.959
      vertex -9.08354 -14.2521 68.0436
    endloop
  endfacet
  facet normal -0.473289 -0.58117 0.661996
    outer loop
      vertex -10.9222 -12.9528 67.8701
      vertex -9.32101 -11.6951 70.119
      vertex -9.60329 -11.4667 70.1177
    endloop
  endfacet
  facet normal -0.473192 -0.581252 0.661993
    outer loop
      vertex -10.9222 -12.9528 67.8701
      vertex -9.60329 -11.4667 70.1177
      vertex -9.87512 -11.2265 70.1343
    endloop
  endfacet
  facet normal -0.475026 -0.579552 0.662171
    outer loop
      vertex -11.346 -12.5784 67.8959
      vertex -9.87512 -11.2265 70.1343
      vertex -9.88007 -11.2221 70.1346
    endloop
  endfacet
  facet normal -0.47045 -0.583772 0.661731
    outer loop
      vertex -11.346 -12.5784 67.8959
      vertex -9.88007 -11.2221 70.1346
      vertex -9.88481 -11.2176 70.1352
    endloop
  endfacet
  facet normal -0.473222 -0.58123 0.661992
    outer loop
      vertex -8.71409 -12.1245 70.1758
      vertex -10.0278 -13.645 67.9017
      vertex -9.56087 -13.9599 67.959
    endloop
  endfacet
  facet normal -0.473332 -0.581127 0.662004
    outer loop
      vertex -11.346 -12.5784 67.8959
      vertex -9.88481 -11.2176 70.1352
      vertex -10.145 -10.9666 70.1695
    endloop
  endfacet
  facet normal -0.473081 -0.58136 0.661979
    outer loop
      vertex -11.7516 -12.1872 67.9494
      vertex -10.145 -10.9666 70.1695
      vertex -10.3925 -10.7061 70.2214
    endloop
  endfacet
  facet normal -0.473044 -0.581391 0.661977
    outer loop
      vertex -11.7516 -12.1872 67.9494
      vertex -10.3925 -10.7061 70.2214
      vertex -10.397 -10.7013 70.2224
    endloop
  endfacet
  facet normal -0.475426 -0.579348 0.662062
    outer loop
      vertex -11.7516 -12.1872 67.9494
      vertex -10.397 -10.7013 70.2224
      vertex -10.4013 -10.6964 70.2236
    endloop
  endfacet
  facet normal -0.473275 -0.581186 0.661992
    outer loop
      vertex -9.02436 -11.9149 70.138
      vertex -10.4822 -13.3088 67.872
      vertex -10.0278 -13.645 67.9017
    endloop
  endfacet
  facet normal -0.473111 -0.581347 0.661969
    outer loop
      vertex -12.1374 -11.781 68.0303
      vertex -10.4013 -10.6964 70.2236
      vertex -10.635 -10.4273 70.2929
    endloop
  endfacet
  facet normal -0.473334 -0.581138 0.661992
    outer loop
      vertex -12.1374 -11.781 68.0303
      vertex -10.635 -10.4273 70.2929
      vertex -10.8539 -10.1507 70.3792
    endloop
  endfacet
  facet normal -0.475753 -0.579192 0.661963
    outer loop
      vertex -12.1374 -11.781 68.0303
      vertex -10.8539 -10.1507 70.3792
      vertex -10.8579 -10.1457 70.3807
    endloop
  endfacet
  facet normal -0.474961 -0.579829 0.661975
    outer loop
      vertex -12.1374 -11.781 68.0303
      vertex -10.8579 -10.1457 70.3807
      vertex -10.8616 -10.1405 70.3826
    endloop
  endfacet
  facet normal -0.473172 -0.581286 0.661978
    outer loop
      vertex -9.32101 -11.6951 70.119
      vertex -10.9222 -12.9528 67.8701
      vertex -10.4822 -13.3088 67.872
    endloop
  endfacet
  facet normal -0.473155 -0.581272 0.662002
    outer loop
      vertex -12.1374 -11.781 68.0303
      vertex -10.8616 -10.1405 70.3826
      vertex -11.0648 -9.85779 70.4856
    endloop
  endfacet
  facet normal -0.473153 -0.581273 0.662003
    outer loop
      vertex -12.1374 -11.781 68.0303
      vertex -11.0648 -9.85779 70.4856
      vertex -11.2514 -9.57003 70.6049
    endloop
  endfacet
  facet normal -0.470044 -0.583163 0.662555
    outer loop
      vertex -12.1374 -11.781 68.0303
      vertex -11.2514 -9.57003 70.6049
      vertex -11.2548 -9.56479 70.6071
    endloop
  endfacet
  facet normal -0.477425 -0.578668 0.661217
    outer loop
      vertex -12.1374 -11.781 68.0303
      vertex -11.2548 -9.56479 70.6071
      vertex -11.2579 -9.55949 70.6095
    endloop
  endfacet
  facet normal -0.473196 -0.581249 0.661993
    outer loop
      vertex -9.87512 -11.2265 70.1343
      vertex -11.346 -12.5784 67.8959
      vertex -10.9222 -12.9528 67.8701
    endloop
  endfacet
  facet normal -0.473265 -0.581204 0.661983
    outer loop
      vertex -12.1374 -11.781 68.0303
      vertex -11.2579 -9.55949 70.6095
      vertex -11.4271 -9.26795 70.7445
    endloop
  endfacet
  facet normal -0.459426 -0.588589 0.665199
    outer loop
      vertex -12.1374 -11.781 68.0303
      vertex -11.4271 -9.26795 70.7445
      vertex -11.4299 -9.2626 70.7473
    endloop
  endfacet
  facet normal -0.473414 -0.581138 0.661935
    outer loop
      vertex -12.1374 -11.781 68.0303
      vertex -11.4299 -9.2626 70.7473
      vertex -11.581 -8.96854 70.8974
    endloop
  endfacet
  facet normal -0.473276 -0.581205 0.661975
    outer loop
      vertex -12.1374 -11.781 68.0303
      vertex -11.581 -8.96854 70.8974
      vertex -11.7133 -8.67322 71.0621
    endloop
  endfacet
  facet normal -0.473091 -0.581289 0.662034
    outer loop
      vertex -12.1374 -11.781 68.0303
      vertex -11.7133 -8.67322 71.0621
      vertex -11.7157 -8.66785 71.0651
    endloop
  endfacet
  facet normal -0.458293 -0.58781 0.666668
    outer loop
      vertex -12.1374 -11.781 68.0303
      vertex -11.7157 -8.66785 71.0651
      vertex -11.7178 -8.66247 71.0684
    endloop
  endfacet
  facet normal -0.473242 -0.581197 0.662006
    outer loop
      vertex -10.145 -10.9666 70.1695
      vertex -11.7516 -12.1872 67.9494
      vertex -11.346 -12.5784 67.8959
    endloop
  endfacet
  facet normal -0.473292 -0.581207 0.661962
    outer loop
      vertex -12.1374 -11.781 68.0303
      vertex -11.7178 -8.66247 71.0684
      vertex -11.8308 -8.36715 71.2469
    endloop
  endfacet
  facet normal -0.473072 -0.581299 0.662038
    outer loop
      vertex -12.1374 -11.781 68.0303
      vertex -11.8308 -8.36715 71.2469
      vertex -11.924 -8.07309 71.4385
    endloop
  endfacet
  facet normal -0.468556 -0.583074 0.663687
    outer loop
      vertex -12.1374 -11.781 68.0303
      vertex -11.924 -8.07309 71.4385
      vertex -11.9257 -8.06774 71.442
    endloop
  endfacet
  facet normal -0.473572 -0.581103 0.661852
    outer loop
      vertex -12.1374 -11.781 68.0303
      vertex -11.9257 -8.06774 71.442
      vertex -11.9986 -7.77621 71.6458
    endloop
  endfacet
  facet normal -0.460436 -0.586007 0.66678
    outer loop
      vertex -12.1374 -11.781 68.0303
      vertex -11.9986 -7.77621 71.6458
      vertex -12 -7.7709 71.6495
    endloop
  endfacet
  facet normal -0.50024 -0.570634 0.651258
    outer loop
      vertex -12.1374 -11.781 68.0303
      vertex -12 -7.7709 71.6495
      vertex -12.0009 -7.76566 71.6534
    endloop
  endfacet
  facet normal -0.473452 -0.581147 0.6619
    outer loop
      vertex -12.1374 -11.781 68.0303
      vertex -12.0009 -7.76566 71.6534
      vertex -12.0534 -7.4779 71.8685
    endloop
  endfacet
  facet normal -0.471895 -0.58172 0.662508
    outer loop
      vertex -12.1374 -11.781 68.0303
      vertex -12.0534 -7.4779 71.8685
      vertex -12.0851 -7.19514 72.0942
    endloop
  endfacet
  facet normal -0.46067 -0.585716 0.666873
    outer loop
      vertex -12.1374 -11.781 68.0303
      vertex -12.0851 -7.19514 72.0942
      vertex -12.0857 -7.19 72.0983
    endloop
  endfacet
  facet normal 0.995817 0.0785561 -0.0466604
    outer loop
      vertex -12.0967 -6.90842 72.3376
      vertex -12.0857 -7.19 72.0983
      vertex -12.0859 -7.18497 72.1025
    endloop
  endfacet
  facet normal -0.473185 -0.581265 0.661987
    outer loop
      vertex -10.4013 -10.6964 70.2236
      vertex -12.1374 -11.781 68.0303
      vertex -11.7516 -12.1872 67.9494
    endloop
  endfacet
  facet normal -0.47586 -0.580281 0.660932
    outer loop
      vertex -12.1374 -11.781 68.0303
      vertex -12.0857 -7.19 72.0983
      vertex -12.0967 -6.90842 72.3376
    endloop
  endfacet
  facet normal -0.162519 -0.984497 -0.0659742
    outer loop
      vertex -5.62454 -15.5714 69.3579
      vertex -2.28256 -11.4752 8.32285e-07
      vertex -1.52716 -11.5999 4.15162e-07
    endloop
  endfacet
  facet normal -2.59207e-06 -1.23571e-05 -1
    outer loop
      vertex -3.02818 -11.3013 6.16089e-07
      vertex -1.52716 -11.5999 4.15162e-07
      vertex -2.28256 -11.4752 8.32285e-07
    endloop
  endfacet
  facet normal 0.0978351 -0.99393 -0.0503043
    outer loop
      vertex -3.74155 -15.6916 70.5984
      vertex 0.765217 -11.6749 5.68771e-07
      vertex 1.52716 -11.5999 5.91043e-07
    endloop
  endfacet
  facet normal 3.65516e-07 -3.41641e-06 -1
    outer loop
      vertex 0.765217 -11.6749 5.68771e-07
      vertex 3.02818 -11.3013 1.19551e-07
      vertex 1.52716 -11.5999 5.91043e-07
    endloop
  endfacet
  facet normal -1.51343e-06 2.30669e-05 -1
    outer loop
      vertex -1.52716 11.5999 5.9554e-07
      vertex -0.765216 11.6749 1.17241e-06
      vertex -1.71619e-07 11.7 5.93291e-07
    endloop
  endfacet
  facet normal -0.0327077 0.997149 -0.067996
    outer loop
      vertex -0.765216 11.6749 1.17241e-06
      vertex 3.6994 15.793 58.2436
      vertex -1.71619e-07 11.7 5.93291e-07
    endloop
  endfacet
  facet normal 2.90863e-07 2.65799e-06 -1
    outer loop
      vertex -1.71619e-07 11.7 5.93291e-07
      vertex 0.765217 11.6749 7.49149e-07
      vertex 1.52716 11.5999 7.71421e-07
    endloop
  endfacet
  facet normal 0.197415 0.977059 -0.0798993
    outer loop
      vertex 2.28256 11.4752 9.85618e-07
      vertex 5.0969 15.7479 59.2029
      vertex 5.5824 15.6728 59.4841
    endloop
  endfacet
  facet normal -0.762437 -0.642601 -0.075855
    outer loop
      vertex -12.5017 -11.3615 68.1382
      vertex -8.79653 -7.71435 1.15648e-06
      vertex -12.1374 -11.781 68.0303
    endloop
  endfacet
  facet normal -1.43681e-06 4.6584e-07 -1
    outer loop
      vertex -11.6749 0.765217 3.38624e-07
      vertex -11.4752 2.28256 7.58533e-07
      vertex -10.8094 4.4774 8.24351e-07
    endloop
  endfacet
  facet normal -0.71701 0.690709 0.0939041
    outer loop
      vertex -13.4599 -2.8153 74.957
      vertex 0.736619 14.6218 55.0973
      vertex -8.27315 8.27315 33
    endloop
  endfacet
  facet normal -0.471344 0.881778 -0.0174203
    outer loop
      vertex -5.17478 10.4934 1.08552e-06
      vertex 1.34255 15.0822 55.9347
      vertex 1.68302 15.2723 56.345
    endloop
  endfacet
  facet normal -0.683597 0.72986 0
    outer loop
      vertex -8.27315 8.27315 33
      vertex -7.71435 8.79653 4.50564e-07
      vertex -8.27315 8.27315 1.01723e-06
    endloop
  endfacet
  facet normal -0.726893 0.680819 0.0900686
    outer loop
      vertex -13.4599 -2.8153 74.957
      vertex -8.27315 8.27315 33
      vertex -8.79653 7.71435 33
    endloop
  endfacet
  facet normal -1.14103e-07 5.89303e-08 -1
    outer loop
      vertex -11.6749 0.765217 3.38624e-07
      vertex -9.72819 6.50017 4.54462e-07
      vertex -11.6749 -0.765217 2.48435e-07
    endloop
  endfacet
  facet normal -0.910853 0.41273 0
    outer loop
      vertex -10.8094 4.4774 8.24351e-07
      vertex -10.4934 5.17478 33
      vertex -10.4934 5.17478 1.12377e-06
    endloop
  endfacet
  facet normal -0.910853 0.41273 0
    outer loop
      vertex -10.4934 5.17478 33
      vertex -10.8094 4.4774 8.24351e-07
      vertex -10.8094 4.4774 33
    endloop
  endfacet
  facet normal -0.730516 -0.678604 -0.0764395
    outer loop
      vertex -12.1374 -11.781 68.0303
      vertex -8.79653 -7.71435 1.15648e-06
      vertex -11.7516 -12.1872 67.9494
    endloop
  endfacet
  facet normal -7.09923e-06 -6.23865e-06 -1
    outer loop
      vertex -9.28223 -7.12251 9.12291e-07
      vertex -8.27315 -8.27315 9.27045e-07
      vertex -8.79653 -7.71435 1.15648e-06
    endloop
  endfacet
  facet normal -4.84112e-06 -4.25835e-06 -1
    outer loop
      vertex -9.28223 -7.12251 9.12291e-07
      vertex -7.71435 -8.79653 4.50564e-07
      vertex -8.27315 -8.27315 9.27045e-07
    endloop
  endfacet
  facet normal -0.681568 -0.727693 -0.0769893
    outer loop
      vertex -11.346 -12.5784 67.8959
      vertex -8.27315 -8.27315 9.27045e-07
      vertex -7.71435 -8.79653 4.50564e-07
    endloop
  endfacet
  facet normal -0.876716 -0.475672 -0.0714474
    outer loop
      vertex -13.7144 -9.58659 68.8297
      vertex -10.1325 -5.85 5.38892e-07
      vertex -13.4507 -10.041 68.6192
    endloop
  endfacet
  facet normal -2.87935e-05 -1.4123e-05 -1
    outer loop
      vertex -10.8094 -4.4774 6.43974e-07
      vertex -10.1325 -5.85 5.38892e-07
      vertex -10.4934 -5.17478 1.39433e-06
    endloop
  endfacet
  facet normal -0.173858 -0.982529 -0.0664044
    outer loop
      vertex -6.11644 -15.4668 69.0981
      vertex -2.28256 -11.4752 8.32285e-07
      vertex -5.62454 -15.5714 69.3579
    endloop
  endfacet
  facet normal -0.582451 0.812813 0.00926537
    outer loop
      vertex -7.12251 9.28223 33
      vertex 1.02663 14.8651 55.5182
      vertex -6.50017 9.72819 33
    endloop
  endfacet
  facet normal -0.944472 -0.322154 -0.0647304
    outer loop
      vertex -14.3324 -8.20749 69.5988
      vertex -11.0791 -3.76084 7.6415e-07
      vertex -14.1563 -8.66785 69.3205
    endloop
  endfacet
  facet normal -0.974824 0.22204 -0.0204006
    outer loop
      vertex -14.6754 -5.14845 72.0395
      vertex -14.5947 -4.7573 72.4406
      vertex -11.4752 2.28256 7.58533e-07
    endloop
  endfacet
  facet normal -1.50647e-06 4.86972e-07 -1
    outer loop
      vertex -11.4752 2.28256 7.58533e-07
      vertex -11.3013 3.02818 8.59654e-07
      vertex -10.8094 4.4774 8.24351e-07
    endloop
  endfacet
  facet normal -0.935895 0.352253 -0.00433899
    outer loop
      vertex -14.482 -4.3829 72.8499
      vertex -10.8094 4.4774 8.24351e-07
      vertex -11.0791 3.76084 1.1249e-06
    endloop
  endfacet
  facet normal 0.634385 -0.773017 0
    outer loop
      vertex 7.12251 -9.28223 33
      vertex 7.71435 -8.79653 7.36019e-07
      vertex 7.71435 -8.79653 33
    endloop
  endfacet
  facet normal 0.495362 -0.868644 -0.00860761
    outer loop
      vertex -1.72517 -15.1708 72.497
      vertex -0.75347 -14.5577 66.5462
      vertex -1.38469 -14.9807 72.9073
    endloop
  endfacet
  facet normal 0.496963 -0.867732 -0.00825226
    outer loop
      vertex -1.72517 -15.1708 72.497
      vertex -0.773676 -14.5692 66.5386
      vertex -0.75347 -14.5577 66.5462
    endloop
  endfacet
  facet normal 0.495605 -0.868506 -0.00854732
    outer loop
      vertex -1.72517 -15.1708 72.497
      vertex -0.850527 -14.6127 66.5026
      vertex -0.773676 -14.5692 66.5386
    endloop
  endfacet
  facet normal 0.494915 -0.868898 -0.00868435
    outer loop
      vertex -1.72517 -15.1708 72.497
      vertex -0.925707 -14.6551 66.4604
      vertex -0.850527 -14.6127 66.5026
    endloop
  endfacet
  facet normal 0.495712 -0.868445 -0.00854026
    outer loop
      vertex -1.72517 -15.1708 72.497
      vertex -0.998895 -14.6964 66.412
      vertex -0.925707 -14.6551 66.4604
    endloop
  endfacet
  facet normal 0.495479 -0.868577 -0.00857831
    outer loop
      vertex -1.72517 -15.1708 72.497
      vertex -1.06978 -14.7363 66.3577
      vertex -0.998895 -14.6964 66.412
    endloop
  endfacet
  facet normal 0.493331 -0.869796 -0.00889393
    outer loop
      vertex -1.06978 -14.7363 66.3577
      vertex -1.72517 -15.1708 72.497
      vertex -1.0825 -14.7434 66.3465
    endloop
  endfacet
  facet normal 0.495741 -0.868428 -0.00855548
    outer loop
      vertex -0.624668 -14.4537 63.4554
      vertex 5.85 -10.1325 8.41703e-07
      vertex -0.544856 -14.4081 63.4514
    endloop
  endfacet
  facet normal 0.495202 -0.868735 -0.00863137
    outer loop
      vertex -0.703776 -14.4989 63.4661
      vertex 5.85 -10.1325 8.41703e-07
      vertex -0.624668 -14.4537 63.4554
    endloop
  endfacet
  facet normal 0.495429 -0.868606 -0.00859902
    outer loop
      vertex -0.781842 -14.5436 63.4836
      vertex 5.85 -10.1325 8.41703e-07
      vertex -0.703776 -14.4989 63.4661
    endloop
  endfacet
  facet normal 0.496723 -0.867868 -0.00841263
    outer loop
      vertex 5.85 -10.1325 8.41703e-07
      vertex -0.781842 -14.5436 63.4836
      vertex -0.783406 -14.5445 63.4841
    endloop
  endfacet
  facet normal 0.493812 -0.869524 -0.00882105
    outer loop
      vertex -0.464683 -14.3624 63.4543
      vertex 5.85 -10.1325 8.41703e-07
      vertex -0.446861 -14.3523 63.4564
    endloop
  endfacet
  facet normal 0.495431 -0.868605 -0.00859867
    outer loop
      vertex 5.85 -10.1325 8.41703e-07
      vertex -0.464683 -14.3624 63.4543
      vertex -0.544856 -14.4081 63.4514
    endloop
  endfacet
  facet normal 0.910853 -0.41273 0
    outer loop
      vertex 10.8094 -4.4774 33
      vertex 10.4934 -5.17478 1.06836e-06
      vertex 10.8094 -4.4774 9.1683e-07
    endloop
  endfacet
  facet normal 0.910853 -0.41273 0
    outer loop
      vertex 10.4934 -5.17478 1.06836e-06
      vertex 10.8094 -4.4774 33
      vertex 10.4934 -5.17478 33
    endloop
  endfacet
  facet normal 3.35126e-07 -3.8087e-07 -1
    outer loop
      vertex 3.02818 -11.3013 1.19551e-07
      vertex 8.27315 -8.27315 7.23948e-07
      vertex 7.71435 -8.79653 7.36019e-07
    endloop
  endfacet
  facet normal 0.683597 -0.72986 0
    outer loop
      vertex 7.71435 -8.79653 33
      vertex 7.71435 -8.79653 7.36019e-07
      vertex 8.27315 -8.27315 33
    endloop
  endfacet
  facet normal 0.773017 -0.634385 0
    outer loop
      vertex 8.79653 -7.71435 33
      vertex 9.28223 -7.12251 1.00927e-06
      vertex 9.28223 -7.12251 33
    endloop
  endfacet
  facet normal 0.996126 -0.0762547 -0.0438054
    outer loop
      vertex 11.6749 -0.765217 8.47959e-07
      vertex 14.6816 5.65612 57.1937
      vertex 14.6333 5.2499 56.8025
    endloop
  endfacet
  facet normal 5.8339e-06 -2.61521e-06 -1
    outer loop
      vertex 10.1325 -5.85 5.57502e-07
      vertex 11.0791 -3.76084 6.16277e-07
      vertex 10.8094 -4.4774 9.1683e-07
    endloop
  endfacet
  facet normal 0.935848 -0.352379 -0.00428197
    outer loop
      vertex 13.1686 1.34631 36.3859
      vertex 11.0791 -3.76084 6.16277e-07
      vertex 13.2697 1.61347 36.4963
    endloop
  endfacet
  facet normal 0.935895 -0.352254 -0.00430222
    outer loop
      vertex 11.0791 -3.76084 6.16277e-07
      vertex 13.1686 1.34631 36.3859
      vertex 10.8094 -4.4774 9.1683e-07
    endloop
  endfacet
  facet normal 0.935829 -0.352429 -0.00427433
    outer loop
      vertex 14.4399 4.48435 55.9921
      vertex 13.4593 2.06694 40.6196
      vertex 13.4967 2.17039 40.2783
    endloop
  endfacet
  facet normal 0.935797 -0.352514 -0.00425904
    outer loop
      vertex 13.4593 2.06694 40.6196
      vertex 14.4399 4.48435 55.9921
      vertex 13.4483 2.03677 40.6998
    endloop
  endfacet
  facet normal 3.034e-06 -7.39779e-06 -1
    outer loop
      vertex 3.02818 -11.3013 1.19551e-07
      vertex 5.17478 -10.4934 6.5566e-07
      vertex 4.4774 -10.8094 8.77511e-07
    endloop
  endfacet
  facet normal 0.226956 -0.973105 -0.0394643
    outer loop
      vertex -2.87887 -15.5714 71.3206
      vertex 2.28256 -11.4752 5.34675e-07
      vertex 3.02818 -11.3013 1.19551e-07
    endloop
  endfacet
  facet normal -0.582476 0.812848 0
    outer loop
      vertex -7.12251 9.28223 33
      vertex -6.50017 9.72819 33
      vertex -7.12251 9.28223 4.84619e-07
    endloop
  endfacet
  facet normal -0.377426 0.925486 -0.0320392
    outer loop
      vertex -4.4774 10.8094 3.09072e-07
      vertex 1.68302 15.2723 56.345
      vertex 2.0466 15.4345 56.7473
    endloop
  endfacet
  facet normal 0.984475 0.162515 -0.0663108
    outer loop
      vertex 11.4752 2.28256 2.47673e-07
      vertex 14.6805 6.50675 57.9398
      vertex 11.5999 1.52716 7.15618e-07
    endloop
  endfacet
  facet normal -0.289948 0.956044 -0.0437043
    outer loop
      vertex -3.76084 11.0791 3.60128e-07
      vertex 2.0466 15.4345 56.7473
      vertex -3.02818 11.3013 1.06703e-06
    endloop
  endfacet
  facet normal -0.352032 0.935305 -0.035759
    outer loop
      vertex -4.4774 10.8094 3.09072e-07
      vertex 2.0466 15.4345 56.7473
      vertex -3.76084 11.0791 3.60128e-07
    endloop
  endfacet
  facet normal -3.00443e-06 1.30879e-05 -1
    outer loop
      vertex -3.76084 11.0791 3.60128e-07
      vertex -3.02818 11.3013 1.06703e-06
      vertex -2.28256 11.4752 1.10285e-06
    endloop
  endfacet
  facet normal -2.55556e-06 1.14126e-05 -1
    outer loop
      vertex -3.76084 11.0791 3.60128e-07
      vertex -2.28256 11.4752 1.10285e-06
      vertex -1.52716 11.5999 5.9554e-07
    endloop
  endfacet
  facet normal 0.199078 0.661455 0.72308
    outer loop
      vertex 8.55565 14.6218 60.6867
      vertex -5.15513 -3.0836 80.658
      vertex 9.04139 14.3535 60.7984
    endloop
  endfacet
  facet normal 0.199078 0.661455 0.72308
    outer loop
      vertex -5.15513 -3.0836 80.658
      vertex 8.55565 14.6218 60.6867
      vertex -5.64087 -2.8153 80.5463
    endloop
  endfacet
  facet normal -0.923656 0.383223 0
    outer loop
      vertex -14.3378 -4.02685 73.2657
      vertex -10.8094 4.4774 33
      vertex -10.8094 4.4774 8.24351e-07
    endloop
  endfacet
  facet normal -0.31122 0.813298 0.491618
    outer loop
      vertex 4.15338 15.8081 58.5813
      vertex -9.57664 -1.64412 78.7612
      vertex 4.61988 15.793 58.9016
    endloop
  endfacet
  facet normal -0.311202 0.813298 0.49163
    outer loop
      vertex -9.57664 -1.64412 78.7612
      vertex 4.15338 15.8081 58.5813
      vertex -10.0431 -1.62905 78.441
    endloop
  endfacet
  facet normal 0.0326979 0.996852 -0.072224
    outer loop
      vertex -1.71619e-07 11.7 5.93291e-07
      vertex 4.15338 15.8081 58.5813
      vertex 0.765217 11.6749 7.49149e-07
    endloop
  endfacet
  facet normal 1.25955e-07 1.98593e-07 -1
    outer loop
      vertex 3.02818 11.3013 5.70494e-07
      vertex 6.50017 9.7282 6.95402e-07
      vertex 8.79653 7.71435 5.84704e-07
    endloop
  endfacet
  facet normal -0.510735 -0.856362 -0.0761181
    outer loop
      vertex -9.56087 -13.9599 67.959
      vertex -5.85 -10.1325 3.4488e-07
      vertex -9.08354 -14.2521 68.0436
    endloop
  endfacet
  facet normal -0.379172 -0.922399 -0.0735517
    outer loop
      vertex -8.10571 -14.7636 68.2935
      vertex -4.4774 -10.8094 4.89449e-07
      vertex -7.60941 -14.9807 68.4576
    endloop
  endfacet
  facet normal 0.383031 0.919845 -0.0846879
    outer loop
      vertex 4.4774 10.8094 6.97134e-07
      vertex 7.06886 15.2723 60.195
      vertex 7.56726 15.0822 60.3844
    endloop
  endfacet
  facet normal 0.626881 0.774294 -0.0865346
    outer loop
      vertex 7.12251 9.28223 8.95808e-07
      vertex 10.44 13.4103 60.97
      vertex 10.8801 13.0542 60.9719
    endloop
  endfacet
  facet normal 0.46964 0.878665 -0.0859377
    outer loop
      vertex 5.17478 10.4934 8.36037e-07
      vertex 8.55565 14.6218 60.6867
      vertex 5.85 10.1325 8.41703e-07
    endloop
  endfacet
  facet normal 0.496793 0.863594 -0.0860334
    outer loop
      vertex 5.85 10.1325 8.41703e-07
      vertex 8.55565 14.6218 60.6867
      vertex 9.04139 14.3535 60.7984
    endloop
  endfacet
  facet normal 5.92012e-08 9.12427e-08 -1
    outer loop
      vertex 3.02818 11.3013 5.70494e-07
      vertex 8.79653 7.71435 5.84704e-07
      vertex 11.4752 2.28256 2.47673e-07
    endloop
  endfacet
  facet normal 4.39887e-06 5.68914e-06 -1
    outer loop
      vertex 6.50017 9.7282 6.95402e-07
      vertex 7.12251 9.28223 8.95808e-07
      vertex 7.71435 8.79653 7.36019e-07
    endloop
  endfacet
  facet normal 0.794193 0.601696 -0.0849722
    outer loop
      vertex 9.28223 7.12251 8.2889e-07
      vertex 12.8009 11.0318 60.5693
      vertex 13.1176 10.5911 60.4087
    endloop
  endfacet
  facet normal -0.424907 -0.902154 -0.0746448
    outer loop
      vertex -8.59779 -14.5204 68.1553
      vertex -5.17478 -10.4934 9.05144e-07
      vertex -8.10571 -14.7636 68.2935
    endloop
  endfacet
  facet normal 0.880439 -0.286567 0.377764
    outer loop
      vertex 0.483985 -10.9304 77.7994
      vertex 14.6974 6.07567 57.5734
      vertex 14.6805 6.50675 57.9398
    endloop
  endfacet
  facet normal 0.88044 -0.286608 0.377731
    outer loop
      vertex 14.6974 6.07567 57.5734
      vertex 0.483985 -10.9304 77.7994
      vertex 0.500845 -11.3615 77.433
    endloop
  endfacet
  facet normal 0.713776 0.695059 -0.0861161
    outer loop
      vertex 8.27315 8.27315 8.14136e-07
      vertex 11.7095 12.2887 60.8926
      vertex 12.0953 11.8825 60.8118
    endloop
  endfacet
  facet normal 0.824131 -0.0265943 0.565774
    outer loop
      vertex -0.0823923 -8.66785 79.3811
      vertex 14.2903 8.30894 59.2432
      vertex 14.1141 8.7693 59.5215
    endloop
  endfacet
  facet normal 0.824119 -0.0265607 0.565794
    outer loop
      vertex 14.2903 8.30894 59.2432
      vertex -0.0823923 -8.66785 79.3811
      vertex 0.0937671 -9.12821 79.1029
    endloop
  endfacet
  facet normal -0.811566 0.581557 0.0561382
    outer loop
      vertex -13.7228 -3.0836 74.5335
      vertex -9.28223 7.12251 33
      vertex -9.72819 6.50017 33
    endloop
  endfacet
  facet normal 0.914005 0.39785 -0.0794343
    outer loop
      vertex 10.8094 4.4774 1.09721e-06
      vertex 14.1141 8.7693 59.5215
      vertex 14.2903 8.30894 59.2432
    endloop
  endfacet
  facet normal 0.226386 0.970659 -0.0810549
    outer loop
      vertex 2.28256 11.4752 9.85618e-07
      vertex 5.5824 15.6728 59.4841
      vertex 3.02818 11.3013 5.70494e-07
    endloop
  endfacet
  facet normal 2.31899e-06 1.23301e-05 -1
    outer loop
      vertex 1.52716 11.5999 7.71421e-07
      vertex 2.28256 11.4752 9.85618e-07
      vertex 3.02818 11.3013 5.70494e-07
    endloop
  endfacet
  facet normal 0.819721 0.566516 -0.0843579
    outer loop
      vertex 9.72819 6.50017 5.51744e-07
      vertex 13.1176 10.5911 60.4087
      vertex 13.4085 10.1425 60.2228
    endloop
  endfacet
  facet normal 0.715507 0.184788 0.673723
    outer loop
      vertex -1.07891 -6.84607 80.2683
      vertex 13.4085 10.1425 60.2228
      vertex 13.1176 10.5911 60.4087
    endloop
  endfacet
  facet normal 0.715504 0.184792 0.673725
    outer loop
      vertex 13.4085 10.1425 60.2228
      vertex -1.07891 -6.84607 80.2683
      vertex -0.788011 -7.29465 80.0824
    endloop
  endfacet
  facet normal 8.24324e-06 6.35232e-06 -1
    outer loop
      vertex 8.79653 7.71435 5.84704e-07
      vertex 9.28223 7.12251 8.2889e-07
      vertex 9.72819 6.50017 5.51744e-07
    endloop
  endfacet
  facet normal 2.65975e-06 1.29943e-07 -1
    outer loop
      vertex 11.4752 2.28256 2.47673e-07
      vertex 11.7 -4.31578e-08 5.48982e-07
      vertex 11.5999 -1.52716 8.42973e-08
    endloop
  endfacet
  facet normal 0.993324 0.0977754 -0.0612172
    outer loop
      vertex 11.5999 1.52716 7.15618e-07
      vertex 14.6805 6.50675 57.9398
      vertex 11.6749 0.765217 9.38148e-07
    endloop
  endfacet
  facet normal -0.988701 -0.139979 -0.0536228
    outer loop
      vertex -14.6732 -6.84607 70.5505
      vertex -11.5999 -1.52716 4.70965e-07
      vertex -14.5915 -7.29465 70.2151
    endloop
  endfacet
  facet normal -0.0327263 -0.997714 -0.0591224
    outer loop
      vertex -4.66202 -15.6916 69.9404
      vertex -0.765216 -11.6749 9.92033e-07
      vertex -1.71619e-07 -11.7 5.93291e-07
    endloop
  endfacet
  facet normal 0.352189 -0.93555 -0.0266274
    outer loop
      vertex 3.76084 -11.0791 8.26455e-07
      vertex -1.33917 -14.8167 63.8646
      vertex -1.34699 -14.8199 63.8736
    endloop
  endfacet
  facet normal 0.351112 -0.935952 -0.026737
    outer loop
      vertex 3.76084 -11.0791 8.26455e-07
      vertex -1.34699 -14.8199 63.8736
      vertex -1.40492 -14.8438 63.9495
    endloop
  endfacet
  facet normal 0.354362 -0.934736 -0.0264029
    outer loop
      vertex 3.76084 -11.0791 8.26455e-07
      vertex -1.40492 -14.8438 63.9495
      vertex -1.43103 -14.8548 63.9885
    endloop
  endfacet
  facet normal 0.352132 -0.935571 -0.0266332
    outer loop
      vertex -1.33917 -14.8167 63.8646
      vertex 3.76084 -11.0791 8.26455e-07
      vertex 4.4774 -10.8094 8.77511e-07
    endloop
  endfacet
  facet normal 0.351036 -0.93598 -0.0267611
    outer loop
      vertex -2.08874 -15.3331 72.0947
      vertex -1.5373 -14.9454 65.7682
      vertex -1.51615 -14.9386 65.8078
    endloop
  endfacet
  facet normal 0.352182 -0.935552 -0.026635
    outer loop
      vertex -1.5373 -14.9454 65.7682
      vertex -2.08874 -15.3331 72.0947
      vertex -1.56972 -14.9556 65.6978
    endloop
  endfacet
  facet normal 0.413046 -0.910501 -0.0195068
    outer loop
      vertex -2.08874 -15.3331 72.0947
      vertex -1.49195 -14.9287 65.8556
      vertex -1.46484 -14.9174 65.9022
    endloop
  endfacet
  facet normal 0.411621 -0.911142 -0.0196846
    outer loop
      vertex -1.49195 -14.9287 65.8556
      vertex -2.08874 -15.3331 72.0947
      vertex -1.51615 -14.9386 65.8078
    endloop
  endfacet
  facet normal 0.413676 -0.910217 -0.019437
    outer loop
      vertex 4.4774 -10.8094 8.77511e-07
      vertex -1.28634 -14.7914 63.8042
      vertex -1.33917 -14.8167 63.8646
    endloop
  endfacet
  facet normal 0.411716 -0.9111 -0.0196692
    outer loop
      vertex 4.4774 -10.8094 8.77511e-07
      vertex -1.2498 -14.7741 63.7677
      vertex -1.28634 -14.7914 63.8042
    endloop
  endfacet
  facet normal 0.412651 -0.910679 -0.019559
    outer loop
      vertex -1.2498 -14.7741 63.7677
      vertex 4.4774 -10.8094 8.77511e-07
      vertex 5.17478 -10.4934 6.5566e-07
    endloop
  endfacet
  facet normal -0.416121 0.809815 0.413573
    outer loop
      vertex 3.6994 15.793 58.2436
      vertex -10.9366 -1.68927 77.7494
      vertex -10.4971 -1.64412 78.1032
    endloop
  endfacet
  facet normal -0.41606 0.809821 0.413623
    outer loop
      vertex -10.9366 -1.68927 77.7494
      vertex 3.6994 15.793 58.2436
      vertex 3.25989 15.7479 57.8898
    endloop
  endfacet
  facet normal -0.793089 -0.604461 -0.0750773
    outer loop
      vertex -12.843 -10.9304 68.2727
      vertex -9.28223 -7.12251 9.12291e-07
      vertex -12.5017 -11.3615 68.1382
    endloop
  endfacet
  facet normal -0.8581 0.512279 0.035129
    outer loop
      vertex -14.1626 -3.69067 73.686
      vertex -13.9573 -3.3758 74.1092
      vertex -10.1325 5.85 33
    endloop
  endfacet
  facet normal -7.31808e-08 4.79656e-08 -1
    outer loop
      vertex -11.6749 -0.765217 2.48435e-07
      vertex -9.72819 6.50017 4.54462e-07
      vertex -5.85 10.1325 3.4488e-07
    endloop
  endfacet
  facet normal -4.13523e-08 3.09531e-08 -1
    outer loop
      vertex -11.6749 -0.765217 2.48435e-07
      vertex -5.85 10.1325 3.4488e-07
      vertex -4.4774 10.8094 3.09072e-07
    endloop
  endfacet
  facet normal -1.22385e-06 1.07159e-06 -1
    outer loop
      vertex -9.72819 6.50017 4.54462e-07
      vertex -8.79653 7.71435 6.15345e-07
      vertex -7.71435 8.79653 4.50564e-07
    endloop
  endfacet
  facet normal -0.72986 0.683597 0
    outer loop
      vertex -8.79653 7.71435 6.15345e-07
      vertex -8.27315 8.27315 33
      vertex -8.27315 8.27315 1.01723e-06
    endloop
  endfacet
  facet normal -0.848536 0.527664 0.0394716
    outer loop
      vertex -13.9573 -3.3758 74.1092
      vertex -9.72819 6.50017 33
      vertex -10.1325 5.85 33
    endloop
  endfacet
  facet normal -8.4319e-07 1.09757e-06 -1
    outer loop
      vertex -7.71435 8.79653 4.50564e-07
      vertex -7.12251 9.28223 4.84619e-07
      vertex -5.85 10.1325 3.4488e-07
    endloop
  endfacet
  facet normal -0.770795 -0.632561 -0.0757721
    outer loop
      vertex -12.5017 -11.3615 68.1382
      vertex -9.28223 -7.12251 9.12291e-07
      vertex -8.79653 -7.71435 1.15648e-06
    endloop
  endfacet
  facet normal -0.993912 -0.0978333 -0.0506723
    outer loop
      vertex -14.6732 -6.84607 70.5505
      vertex -11.6749 -0.765217 2.48435e-07
      vertex -11.5999 -1.52716 4.70965e-07
    endloop
  endfacet
  facet normal -8.92994e-07 -7.02883e-07 -1
    outer loop
      vertex -10.1325 -5.85 5.38892e-07
      vertex -7.71435 -8.79653 4.50564e-07
      vertex -9.72819 -6.50017 6.34839e-07
    endloop
  endfacet
  facet normal -1.6836e-07 -1.08193e-07 -1
    outer loop
      vertex -11.6749 -0.765217 2.48435e-07
      vertex -7.71435 -8.79653 4.50564e-07
      vertex -10.1325 -5.85 5.38892e-07
    endloop
  endfacet
  facet normal -0.985135 -0.162624 -0.0553309
    outer loop
      vertex -14.5915 -7.29465 70.2151
      vertex -11.5999 -1.52716 4.70965e-07
      vertex -11.4752 -2.28256 9.3891e-07
    endloop
  endfacet
  facet normal -0.955049 -0.289646 -0.0631478
    outer loop
      vertex -14.3324 -8.20749 69.5988
      vertex -11.3013 -3.02818 9.49842e-07
      vertex -11.0791 -3.76084 7.6415e-07
    endloop
  endfacet
  facet normal 0.876612 -0.236246 0.419213
    outer loop
      vertex 0.434566 -10.4896 78.1511
      vertex 14.6805 6.50675 57.9398
      vertex 14.6311 6.94753 58.2915
    endloop
  endfacet
  facet normal 0.876609 -0.236216 0.419236
    outer loop
      vertex 14.6805 6.50675 57.9398
      vertex 0.434566 -10.4896 78.1511
      vertex 0.483985 -10.9304 77.7994
    endloop
  endfacet
  facet normal 0.642263 0.286698 0.710846
    outer loop
      vertex -1.73694 -5.97422 80.5634
      vertex 12.8009 11.0318 60.5693
      vertex 12.4596 11.4629 60.7038
    endloop
  endfacet
  facet normal 0.642278 0.28668 0.71084
    outer loop
      vertex 12.8009 11.0318 60.5693
      vertex -1.73694 -5.97422 80.5634
      vertex -1.39567 -6.4053 80.4289
    endloop
  endfacet
  facet normal 0.768001 0.63471 -0.0855381
    outer loop
      vertex 8.79653 7.71435 5.84704e-07
      vertex 12.4596 11.4629 60.7038
      vertex 12.8009 11.0318 60.5693
    endloop
  endfacet
  facet normal 0.747606 0.13253 0.650785
    outer loop
      vertex -0.788011 -7.29465 80.0824
      vertex 13.6723 9.68805 60.0123
      vertex 13.4085 10.1425 60.2228
    endloop
  endfacet
  facet normal 0.747564 0.132605 0.650818
    outer loop
      vertex 13.6723 9.68805 60.0123
      vertex -0.788011 -7.29465 80.0824
      vertex -0.524228 -7.7491 79.872
    endloop
  endfacet
  facet normal -1.3708e-05 5.89303e-08 -1
    outer loop
      vertex -11.7 1.78567e-07 6.37601e-07
      vertex -11.6749 0.765217 3.38624e-07
      vertex -11.6749 -0.765217 2.48435e-07
    endloop
  endfacet
  facet normal 0.634236 -0.772778 0.0236435
    outer loop
      vertex -0.778761 -14.5204 73.7447
      vertex 2.12538 -12.5951 58.7688
      vertex 2.362 -12.4037 58.6773
    endloop
  endfacet
  facet normal 0.634225 -0.772787 0.0236422
    outer loop
      vertex 7.12251 -9.28223 33
      vertex 4.59682 -10.9268 46.9985
      vertex 4.32425 -11.1373 47.4299
    endloop
  endfacet
  facet normal 0.634068 -0.772917 0.0235985
    outer loop
      vertex 7.12251 -9.28223 33
      vertex 4.88896 -10.7007 46.5544
      vertex 4.59682 -10.9268 46.9985
    endloop
  endfacet
  facet normal 0.634208 -0.772801 0.0236336
    outer loop
      vertex 4.88896 -10.7007 46.5544
      vertex 7.12251 -9.28223 33
      vertex 7.71435 -8.79653 33
    endloop
  endfacet
  facet normal -0.281344 -0.957001 -0.0706774
    outer loop
      vertex -7.111 -15.1708 68.647
      vertex -3.02818 -11.3013 6.16089e-07
      vertex -6.61264 -15.3331 68.8608
    endloop
  endfacet
  facet normal 0.139496 -0.989111 -0.0469158
    outer loop
      vertex -3.74155 -15.6916 70.5984
      vertex 1.52716 -11.5999 5.91043e-07
      vertex -3.30203 -15.6464 70.9523
    endloop
  endfacet
  facet normal -0.411584 -0.908325 -0.0744588
    outer loop
      vertex -8.10571 -14.7636 68.2935
      vertex -5.17478 -10.4934 9.05144e-07
      vertex -4.4774 -10.8094 4.89449e-07
    endloop
  endfacet
  facet normal -8.5363e-06 -1.75233e-05 -1
    outer loop
      vertex -5.85 -10.1325 3.4488e-07
      vertex -4.4774 -10.8094 4.89449e-07
      vertex -5.17478 -10.4934 9.05144e-07
    endloop
  endfacet
  facet normal 0.464385 0.473981 0.748124
    outer loop
      vertex -3.31645 -4.3829 80.8316
      vertex 11.3038 12.6798 60.9461
      vertex 10.8801 13.0542 60.9719
    endloop
  endfacet
  facet normal 0.464458 0.473914 0.74812
    outer loop
      vertex 11.3038 12.6798 60.9461
      vertex -3.31645 -4.3829 80.8316
      vertex -2.89271 -4.7573 80.8057
    endloop
  endfacet
  facet normal -0.0562994 -0.996587 -0.0603711
    outer loop
      vertex -5.13904 -15.6464 69.6391
      vertex -0.765216 -11.6749 9.92033e-07
      vertex -4.66202 -15.6916 69.9404
    endloop
  endfacet
  facet normal 0.58259 -0.812728 0.00787025
    outer loop
      vertex 0.255948 -13.8811 66.3946
      vertex -1.06877 -14.7636 73.3238
      vertex 0.227451 -13.9013 66.4181
    endloop
  endfacet
  facet normal 0.583012 -0.812424 0.00798975
    outer loop
      vertex 0.31526 -13.8391 66.3373
      vertex -1.06877 -14.7636 73.3238
      vertex 0.255948 -13.8811 66.3946
    endloop
  endfacet
  facet normal 0.581293 -0.81366 0.00748573
    outer loop
      vertex -1.06877 -14.7636 73.3238
      vertex 0.31526 -13.8391 66.3373
      vertex 0.360851 -13.807 66.2861
    endloop
  endfacet
  facet normal 0.582766 -0.812601 0.0079126
    outer loop
      vertex 6.50017 -9.7282 33
      vertex 3.75633 -11.5466 48.3404
      vertex 3.55737 -11.686 48.6779
    endloop
  endfacet
  facet normal 0.582442 -0.812835 0.00782687
    outer loop
      vertex 6.50017 -9.7282 33
      vertex 4.12792 -11.2861 47.7417
      vertex 3.75633 -11.5466 48.3404
    endloop
  endfacet
  facet normal 0.582466 -0.812817 0.00783273
    outer loop
      vertex 4.12792 -11.2861 47.7417
      vertex 6.50017 -9.7282 33
      vertex 7.12251 -9.28223 33
    endloop
  endfacet
  facet normal 0.582663 -0.812676 0.00789254
    outer loop
      vertex 0.657411 -13.61 64.6756
      vertex 1.87078 -12.7966 58.8531
      vertex 0.673009 -13.5981 64.7494
    endloop
  endfacet
  facet normal 0.582351 -0.8129 0.00779631
    outer loop
      vertex 0.630856 -13.63 64.5738
      vertex 1.87078 -12.7966 58.8531
      vertex 0.657411 -13.61 64.6756
    endloop
  endfacet
  facet normal 0.582379 -0.81288 0.00780539
    outer loop
      vertex 0.599673 -13.6533 64.4739
      vertex 1.87078 -12.7966 58.8531
      vertex 0.630856 -13.63 64.5738
    endloop
  endfacet
  facet normal 0.577238 -0.816553 0.00608294
    outer loop
      vertex 0.59486 -13.6568 64.4608
      vertex 1.87078 -12.7966 58.8531
      vertex 0.599673 -13.6533 64.4739
    endloop
  endfacet
  facet normal 0.582244 -0.812977 0.00777032
    outer loop
      vertex 1.87078 -12.7966 58.8531
      vertex 0.59486 -13.6568 64.4608
      vertex 1.64767 -12.9564 58.8519
    endloop
  endfacet
  facet normal 4.67205e-06 -1.22237e-05 -1
    outer loop
      vertex 3.02818 -11.3013 1.19551e-07
      vertex 4.4774 -10.8094 8.77511e-07
      vertex 3.76084 -11.0791 8.26455e-07
    endloop
  endfacet
  facet normal -0.144567 0.7925 0.59249
    outer loop
      vertex 5.5824 15.6728 59.4841
      vertex -8.12222 -1.86889 79.6035
      vertex 6.0743 15.5683 59.7439
    endloop
  endfacet
  facet normal -0.144457 0.792478 0.592546
    outer loop
      vertex -8.12222 -1.86889 79.6035
      vertex 5.5824 15.6728 59.4841
      vertex -8.61412 -1.7643 79.3437
    endloop
  endfacet
  facet normal -0.996157 -0.0728551 -0.0486148
    outer loop
      vertex -14.7226 -6.4053 70.9022
      vertex -11.6749 -0.765217 2.48435e-07
      vertex -14.6732 -6.84607 70.5505
    endloop
  endfacet
  facet normal 0.849197 -0.528076 0
    outer loop
      vertex 9.72819 -6.50017 33
      vertex 10.1325 -5.85 5.57502e-07
      vertex 10.1325 -5.85 33
    endloop
  endfacet
  facet normal 0.849197 -0.528076 0
    outer loop
      vertex 10.1325 -5.85 5.57502e-07
      vertex 9.72819 -6.50017 33
      vertex 9.72819 -6.50017 7.32121e-07
    endloop
  endfacet
  facet normal 0.582484 -0.812842 0
    outer loop
      vertex 6.50017 -9.7282 33
      vertex 7.12251 -9.28223 1.25656e-06
      vertex 7.12251 -9.28223 33
    endloop
  endfacet
  facet normal 0.582484 -0.812842 0
    outer loop
      vertex 7.12251 -9.28223 1.25656e-06
      vertex 6.50017 -9.7282 33
      vertex 6.50017 -9.7282 7.8559e-07
    endloop
  endfacet
  facet normal 0.554348 -0.832285 -1.65971e-05
    outer loop
      vertex 3.06927 -12.0137 49.5138
      vertex 6.50017 -9.7282 33
      vertex 3.32359 -11.8443 49.0775
    endloop
  endfacet
  facet normal 0.554502 -0.832182 2.96698e-05
    outer loop
      vertex 2.4653 -12.4161 50.6164
      vertex 6.50017 -9.7282 33
      vertex 3.06927 -12.0137 49.5138
    endloop
  endfacet
  facet normal 0.554257 -0.832346 -5.16213e-05
    outer loop
      vertex 1.93033 -12.7724 51.6666
      vertex 6.50017 -9.7282 33
      vertex 2.4653 -12.4161 50.6164
    endloop
  endfacet
  facet normal 0.554471 -0.832203 2.41366e-05
    outer loop
      vertex 1.46666 -13.0813 52.66
      vertex 6.50017 -9.7282 33
      vertex 1.93033 -12.7724 51.6666
    endloop
  endfacet
  facet normal 0.554505 -0.83218 3.68845e-05
    outer loop
      vertex 1.07625 -13.3414 53.5924
      vertex 6.50017 -9.7282 33
      vertex 1.46666 -13.0813 52.66
    endloop
  endfacet
  facet normal 0.554296 -0.832319 -1.63728e-05
    outer loop
      vertex 6.50017 -9.7282 7.8559e-07
      vertex 1.07625 -13.3414 53.5924
      vertex 0.760794 -13.5515 54.4597
    endloop
  endfacet
  facet normal 0.554355 -0.83228 -7.46179e-06
    outer loop
      vertex 6.50017 -9.7282 7.8559e-07
      vertex 0.760794 -13.5515 54.4597
      vertex 0.525393 -13.7083 55.2458
    endloop
  endfacet
  facet normal 0.554408 -0.832245 0
    outer loop
      vertex 1.07625 -13.3414 53.5924
      vertex 6.50017 -9.7282 7.8559e-07
      vertex 6.50017 -9.7282 33
    endloop
  endfacet
  facet normal 0.554144 -0.832421 -5.34762e-05
    outer loop
      vertex -1.38469 -14.9807 72.9073
      vertex -0.464914 -14.368 66.6292
      vertex -0.387251 -14.3163 66.6356
    endloop
  endfacet
  facet normal 0.554896 -0.83192 0.000105474
    outer loop
      vertex -1.38469 -14.9807 72.9073
      vertex -0.542572 -14.4198 66.6161
      vertex -0.464914 -14.368 66.6292
    endloop
  endfacet
  facet normal 0.554347 -0.832285 -4.49719e-07
    outer loop
      vertex -1.38469 -14.9807 72.9073
      vertex -0.619893 -14.4713 66.5962
      vertex -0.542572 -14.4198 66.6161
    endloop
  endfacet
  facet normal 0.55395 -0.83255 -7.00103e-05
    outer loop
      vertex -1.38469 -14.9807 72.9073
      vertex -0.696546 -14.5223 66.5696
      vertex -0.619893 -14.4713 66.5962
    endloop
  endfacet
  facet normal 0.568004 -0.823023 0.00214505
    outer loop
      vertex -0.696546 -14.5223 66.5696
      vertex -1.38469 -14.9807 72.9073
      vertex -0.69915 -14.5241 66.5685
    endloop
  endfacet
  facet normal 0.554283 -0.832328 -2.16468e-05
    outer loop
      vertex -0.309917 -14.2648 66.6351
      vertex -1.38469 -14.9807 72.9073
      vertex -0.387251 -14.3163 66.6356
    endloop
  endfacet
  facet normal 0.554583 -0.832128 5.27533e-05
    outer loop
      vertex -0.233243 -14.2137 66.6277
      vertex -1.38469 -14.9807 72.9073
      vertex -0.309917 -14.2648 66.6351
    endloop
  endfacet
  facet normal 0.554254 -0.832348 -3.44512e-05
    outer loop
      vertex -0.157556 -14.1633 66.6136
      vertex -1.38469 -14.9807 72.9073
      vertex -0.233243 -14.2137 66.6277
    endloop
  endfacet
  facet normal 0.556261 -0.831007 0.000530973
    outer loop
      vertex -1.38469 -14.9807 72.9073
      vertex -0.157556 -14.1633 66.6136
      vertex -0.140222 -14.1517 66.6088
    endloop
  endfacet
  facet normal 0.55442 -0.832237 6.60212e-07
    outer loop
      vertex 0.319758 -13.8453 63.9442
      vertex 1.3977 -13.1272 58.8249
      vertex 0.371996 -13.8105 64.0163
    endloop
  endfacet
  facet normal 0.554525 -0.832167 3.26483e-05
    outer loop
      vertex 0.259735 -13.8853 63.8707
      vertex 1.3977 -13.1272 58.8249
      vertex 0.319758 -13.8453 63.9442
    endloop
  endfacet
  facet normal 0.554788 -0.831992 0.000118179
    outer loop
      vertex 0.196614 -13.9274 63.8023
      vertex 1.3977 -13.1272 58.8249
      vertex 0.259735 -13.8853 63.8707
    endloop
  endfacet
  facet normal 0.55418 -0.832397 -9.37387e-05
    outer loop
      vertex 0.130664 -13.9713 63.7391
      vertex 1.3977 -13.1272 58.8249
      vertex 0.196614 -13.9274 63.8023
    endloop
  endfacet
  facet normal 0.55421 -0.832377 -8.25743e-05
    outer loop
      vertex 0.062168 -14.0169 63.6815
      vertex 1.3977 -13.1272 58.8249
      vertex 0.130664 -13.9713 63.7391
    endloop
  endfacet
  facet normal 0.554207 -0.832379 -8.37016e-05
    outer loop
      vertex -0.00858064 -14.064 63.6297
      vertex 1.3977 -13.1272 58.8249
      vertex 0.062168 -14.0169 63.6815
    endloop
  endfacet
  facet normal 0.554887 -0.831926 0.000203685
    outer loop
      vertex -0.0812785 -14.1125 63.584
      vertex 1.3977 -13.1272 58.8249
      vertex -0.00858064 -14.064 63.6297
    endloop
  endfacet
  facet normal 0.554274 -0.832334 -7.12857e-05
    outer loop
      vertex -0.155616 -14.162 63.5445
      vertex 1.3977 -13.1272 58.8249
      vertex -0.0812785 -14.1125 63.584
    endloop
  endfacet
  facet normal 0.554412 -0.832242 -5.57673e-06
    outer loop
      vertex -0.231273 -14.2124 63.5114
      vertex 1.3977 -13.1272 58.8249
      vertex -0.155616 -14.162 63.5445
    endloop
  endfacet
  facet normal 0.554657 -0.832079 0.000117164
    outer loop
      vertex -0.307926 -14.2635 63.4848
      vertex 1.3977 -13.1272 58.8249
      vertex -0.231273 -14.2124 63.5114
    endloop
  endfacet
  facet normal 0.554277 -0.832332 -8.35613e-05
    outer loop
      vertex -0.36409 -14.3009 63.4704
      vertex 1.3977 -13.1272 58.8249
      vertex -0.307926 -14.2635 63.4848
    endloop
  endfacet
  facet normal 0.554493 -0.832188 3.46912e-05
    outer loop
      vertex -0.36409 -14.3009 63.4704
      vertex 1.02791 -13.3736 58.6762
      vertex 1.3977 -13.1272 58.8249
    endloop
  endfacet
  facet normal 0.554358 -0.832278 -2.19337e-05
    outer loop
      vertex -0.36409 -14.3009 63.4704
      vertex 0.722979 -13.5767 58.4366
      vertex 1.02791 -13.3736 58.6762
    endloop
  endfacet
  facet normal 0.554416 -0.832239 -3.761e-06
    outer loop
      vertex -0.36409 -14.3009 63.4704
      vertex 0.494508 -13.7289 58.1111
      vertex 0.722979 -13.5767 58.4366
    endloop
  endfacet
  facet normal 0.554383 -0.832261 -1.14074e-05
    outer loop
      vertex -0.36409 -14.3009 63.4704
      vertex 0.343475 -13.8295 57.7013
      vertex 0.494508 -13.7289 58.1111
    endloop
  endfacet
  facet normal 0.554386 -0.83226 -1.09552e-05
    outer loop
      vertex 0.343475 -13.8295 57.7013
      vertex -0.36409 -14.3009 63.4704
      vertex 0.295129 -13.8617 57.3749
    endloop
  endfacet
  facet normal 0.773017 -0.634385 0
    outer loop
      vertex 8.79653 -7.71435 1.12584e-06
      vertex 9.28223 -7.12251 1.00927e-06
      vertex 8.79653 -7.71435 33
    endloop
  endfacet
  facet normal 0.72986 -0.683597 0
    outer loop
      vertex 8.27315 -8.27315 33
      vertex 8.79653 -7.71435 1.12584e-06
      vertex 8.79653 -7.71435 33
    endloop
  endfacet
  facet normal 1.37401e-06 -1.12301e-06 -1
    outer loop
      vertex 8.27315 -8.27315 7.23948e-07
      vertex 10.1325 -5.85 5.57502e-07
      vertex 9.72819 -6.50017 7.32121e-07
    endloop
  endfacet
  facet normal 0.846636 -0.526625 0.076642
    outer loop
      vertex 12.2741 -0.5758 45.5842
      vertex 12.4106 -0.389885 45.3538
      vertex 14.2956 4.1283 55.5764
    endloop
  endfacet
  facet normal 0.846699 -0.526531 0.0765861
    outer loop
      vertex 10.7783 -4.0565 38.1907
      vertex 10.1325 -5.85 33
      vertex 11.0268 -3.70648 37.8498
    endloop
  endfacet
  facet normal 0.846703 -0.526525 0.0765834
    outer loop
      vertex 10.1325 -5.85 33
      vertex 10.7783 -4.0565 38.1907
      vertex 9.72819 -6.50017 33
    endloop
  endfacet
  facet normal 1.21075e-06 -5.20459e-07 -1
    outer loop
      vertex 10.1325 -5.85 5.57502e-07
      vertex 11.5999 -1.52716 8.42973e-08
      vertex 11.0791 -3.76084 6.16277e-07
    endloop
  endfacet
  facet normal 1.96938e-07 -1.76317e-07 -1
    outer loop
      vertex 3.02818 -11.3013 1.19551e-07
      vertex 11.5999 -1.52716 8.42973e-08
      vertex 10.1325 -5.85 5.57502e-07
    endloop
  endfacet
  facet normal 1.19687e-05 -5.64058e-06 -1
    outer loop
      vertex 10.1325 -5.85 5.57502e-07
      vertex 10.8094 -4.4774 9.1683e-07
      vertex 10.4934 -5.17478 1.06836e-06
    endloop
  endfacet
  facet normal 0.910725 -0.412677 0.0166749
    outer loop
      vertex 12.5283 -0.195924 45.0825
      vertex 12.6263 0.0075564 44.7659
      vertex 14.2956 4.1283 55.5764
    endloop
  endfacet
  facet normal 0.910799 -0.412517 0.0165986
    outer loop
      vertex 11.379 -3.04306 37.3918
      vertex 10.8094 -4.4774 33
      vertex 11.4712 -2.84376 37.2857
    endloop
  endfacet
  facet normal 0.910681 -0.412773 0.0166977
    outer loop
      vertex 11.2586 -3.30256 37.5434
      vertex 10.8094 -4.4774 33
      vertex 11.379 -3.04306 37.3918
    endloop
  endfacet
  facet normal 0.910727 -0.412673 0.0166672
    outer loop
      vertex 10.8094 -4.4774 33
      vertex 11.2586 -3.30256 37.5434
      vertex 10.4934 -5.17478 33
    endloop
  endfacet
  facet normal 0.962577 -0.270431 -0.017672
    outer loop
      vertex 13.5278 2.30113 39.7202
      vertex 14.5526 4.85875 56.4014
      vertex 14.4399 4.48435 55.9921
    endloop
  endfacet
  facet normal 0.962734 -0.269865 -0.017764
    outer loop
      vertex 14.5526 4.85875 56.4014
      vertex 13.5414 2.38108 39.2386
      vertex 13.5419 2.40716 38.8695
    endloop
  endfacet
  facet normal 0.962609 -0.270316 -0.0176916
    outer loop
      vertex 14.5526 4.85875 56.4014
      vertex 13.5278 2.30113 39.7202
      vertex 13.5414 2.38108 39.2386
    endloop
  endfacet
  facet normal 0.963133 -0.268425 -0.0179844
    outer loop
      vertex 13.4409 2.15748 37.1855
      vertex 11.3013 -3.02818 8.81528e-07
      vertex 13.4486 2.18076 37.2504
    endloop
  endfacet
  facet normal 0.962593 -0.270375 -0.0176814
    outer loop
      vertex 13.3729 1.93951 36.8166
      vertex 11.3013 -3.02818 8.81528e-07
      vertex 13.4409 2.15748 37.1855
    endloop
  endfacet
  facet normal 0.96223 -0.271676 -0.0174854
    outer loop
      vertex 11.3013 -3.02818 8.81528e-07
      vertex 13.3729 1.93951 36.8166
      vertex 13.363 1.90675 36.7808
    endloop
  endfacet
  facet normal 1.38506e-05 -3.83854e-06 -1
    outer loop
      vertex 11.0791 -3.76084 6.16277e-07
      vertex 11.4752 -2.28256 4.2805e-07
      vertex 11.3013 -3.02818 8.81528e-07
    endloop
  endfacet
  facet normal -0.879683 -0.470184 -0.0713039
    outer loop
      vertex -13.7144 -9.58659 68.8297
      vertex -10.4934 -5.17478 1.39433e-06
      vertex -10.1325 -5.85 5.38892e-07
    endloop
  endfacet
  facet normal -0.926488 0.376322 -0.000937487
    outer loop
      vertex -14.482 -4.3829 72.8499
      vertex -14.3378 -4.02685 73.2657
      vertex -10.8094 4.4774 8.24351e-07
    endloop
  endfacet
  facet normal -0.998669 0.0327575 -0.0398457
    outer loop
      vertex -14.7395 -5.97422 71.2687
      vertex -11.6749 0.765217 3.38624e-07
      vertex -11.7 1.78567e-07 6.37601e-07
    endloop
  endfacet
  facet normal -0.768302 0.635777 0.0741623
    outer loop
      vertex -13.7228 -3.0836 74.5335
      vertex -13.4599 -2.8153 74.957
      vertex -8.79653 7.71435 33
    endloop
  endfacet
  facet normal -0.25666 0.809817 0.527563
    outer loop
      vertex 4.61988 15.793 58.9016
      vertex -9.09962 -1.68927 79.0626
      vertex 5.0969 15.7479 59.2029
    endloop
  endfacet
  facet normal -0.256678 0.809818 0.527551
    outer loop
      vertex -9.09962 -1.68927 79.0626
      vertex 4.61988 15.793 58.9016
      vertex -9.57664 -1.64412 78.7612
    endloop
  endfacet
  facet normal -0.681608 0.717637 0.142856
    outer loop
      vertex 1.34255 15.0822 55.9347
      vertex -13.1699 -2.57207 75.3778
      vertex -12.854 -2.35494 75.7943
    endloop
  endfacet
  facet normal -0.681574 0.71766 0.142902
    outer loop
      vertex -13.1699 -2.57207 75.3778
      vertex 1.34255 15.0822 55.9347
      vertex 1.02663 14.8651 55.5182
    endloop
  endfacet
  facet normal -0.116266 -0.991178 -0.0636243
    outer loop
      vertex -5.62454 -15.5714 69.3579
      vertex -1.52716 -11.5999 4.15162e-07
      vertex -5.13904 -15.6464 69.6391
    endloop
  endfacet
  facet normal -0.0977657 -0.993227 -0.0627839
    outer loop
      vertex -5.13904 -15.6464 69.6391
      vertex -1.52716 -11.5999 4.15162e-07
      vertex -0.765216 -11.6749 9.92033e-07
    endloop
  endfacet
  facet normal -0.364465 0.813298 0.453555
    outer loop
      vertex 4.15338 15.8081 58.5813
      vertex -10.4971 -1.64412 78.1032
      vertex -10.0431 -1.62905 78.441
    endloop
  endfacet
  facet normal -0.364446 0.813298 0.45357
    outer loop
      vertex -10.4971 -1.64412 78.1032
      vertex 4.15338 15.8081 58.5813
      vertex 3.6994 15.793 58.2436
    endloop
  endfacet
  facet normal 0.142384 0.986755 -0.0777215
    outer loop
      vertex 1.52716 11.5999 7.71421e-07
      vertex 4.61988 15.793 58.9016
      vertex 5.0969 15.7479 59.2029
    endloop
  endfacet
  facet normal 2.33183e-08 2.34284e-07 -1
    outer loop
      vertex -3.76084 11.0791 3.60128e-07
      vertex -1.71619e-07 11.7 5.93291e-07
      vertex 3.02818 11.3013 5.70494e-07
    endloop
  endfacet
  facet normal 2.71514e-08 1.17169e-07 -1
    outer loop
      vertex -4.4774 10.8094 3.09072e-07
      vertex -3.76084 11.0791 3.60128e-07
      vertex 3.02818 11.3013 5.70494e-07
    endloop
  endfacet
  facet normal 0.558052 0.383666 0.735784
    outer loop
      vertex -2.48707 -5.14845 80.7523
      vertex 12.0953 11.8825 60.8118
      vertex 11.7095 12.2887 60.8926
    endloop
  endfacet
  facet normal 0.558142 0.383568 0.735767
    outer loop
      vertex 12.0953 11.8825 60.8118
      vertex -2.48707 -5.14845 80.7523
      vertex -2.10126 -5.55467 80.6714
    endloop
  endfacet
  facet normal -0.589766 -0.803906 -0.0768861
    outer loop
      vertex -10.4822 -13.3088 67.872
      vertex -7.12251 -9.28223 8.45373e-07
      vertex -10.0278 -13.645 67.9017
    endloop
  endfacet
  facet normal -0.894956 0.445851 0.0164406
    outer loop
      vertex -14.3378 -4.02685 73.2657
      vertex -14.1626 -3.69067 73.686
      vertex -10.4934 5.17478 33
    endloop
  endfacet
  facet normal 0.470776 -0.88217 -0.0121099
    outer loop
      vertex 5.17478 -10.4934 6.5566e-07
      vertex -0.783406 -14.5445 63.4841
      vertex -0.859409 -14.5854 63.5089
    endloop
  endfacet
  facet normal 0.471439 -0.881817 -0.0120242
    outer loop
      vertex 5.17478 -10.4934 6.5566e-07
      vertex -0.859409 -14.5854 63.5089
      vertex -0.870143 -14.5912 63.5134
    endloop
  endfacet
  facet normal 0.47135 -0.881864 -0.0120366
    outer loop
      vertex -0.783406 -14.5445 63.4841
      vertex 5.17478 -10.4934 6.5566e-07
      vertex 5.85 -10.1325 8.41703e-07
    endloop
  endfacet
  facet normal 0.4711 -0.881997 -0.0120646
    outer loop
      vertex -1.72517 -15.1708 72.497
      vertex -1.13551 -14.7711 66.3016
      vertex -1.0825 -14.7434 66.3465
    endloop
  endfacet
  facet normal -0.996868 0.07031 -0.0362172
    outer loop
      vertex -14.7395 -5.97422 71.2687
      vertex -14.7237 -5.55467 71.6483
      vertex -11.6749 0.765217 3.38624e-07
    endloop
  endfacet
  facet normal 0.0853954 0.717645 0.691153
    outer loop
      vertex 7.56726 15.0822 60.3844
      vertex -6.13295 -2.57207 80.4081
      vertex 8.06357 14.8651 60.5485
    endloop
  endfacet
  facet normal 0.0854305 0.717631 0.691164
    outer loop
      vertex -6.13295 -2.57207 80.4081
      vertex 7.56726 15.0822 60.3844
      vertex -6.62925 -2.35494 80.244
    endloop
  endfacet
  facet normal 0.526094 0.846031 -0.0863521
    outer loop
      vertex 5.85 10.1325 8.41703e-07
      vertex 9.04139 14.3535 60.7984
      vertex 6.50017 9.7282 6.95402e-07
    endloop
  endfacet
  facet normal 0.531226 0.842821 -0.0863224
    outer loop
      vertex 6.50017 9.7282 6.95402e-07
      vertex 9.04139 14.3535 60.7984
      vertex 9.51873 14.0613 60.883
    endloop
  endfacet
  facet normal 0.869014 -0.184734 0.459008
    outer loop
      vertex 0.352801 -10.041 78.4865
      vertex 14.6311 6.94753 58.2915
      vertex 14.5493 7.3961 58.6269
    endloop
  endfacet
  facet normal 0.86902 -0.184769 0.458983
    outer loop
      vertex 14.6311 6.94753 58.2915
      vertex 0.352801 -10.041 78.4865
      vertex 0.434566 -10.4896 78.1511
    endloop
  endfacet
  facet normal -0.815819 0.575745 0.0543881
    outer loop
      vertex -13.9573 -3.3758 74.1092
      vertex -13.7228 -3.0836 74.5335
      vertex -9.72819 6.50017 33
    endloop
  endfacet
  facet normal 0.823004 -0.559723 0.096818
    outer loop
      vertex 9.39769 -3.49833 53.1549
      vertex 14.1205 3.79212 55.156
      vertex 9.38683 -3.49579 53.2619
    endloop
  endfacet
  facet normal 0.82301 -0.55972 0.0967891
    outer loop
      vertex 14.1205 3.79212 55.156
      vertex 9.37212 -3.49947 53.3657
      vertex 9.38683 -3.49579 53.2619
    endloop
  endfacet
  facet normal 0.822981 -0.559737 0.0969349
    outer loop
      vertex 14.1205 3.79212 55.156
      vertex 9.35361 -3.50935 53.4658
      vertex 9.37212 -3.49947 53.3657
    endloop
  endfacet
  facet normal 0.82301 -0.559721 0.0967859
    outer loop
      vertex 14.1205 3.79212 55.156
      vertex 9.3314 -3.52539 53.5619
      vertex 9.35361 -3.50935 53.4658
    endloop
  endfacet
  facet normal 0.822991 -0.559731 0.0968902
    outer loop
      vertex 14.1205 3.79212 55.156
      vertex 9.30556 -3.54751 53.6536
      vertex 9.3314 -3.52539 53.5619
    endloop
  endfacet
  facet normal 0.822994 -0.559729 0.0968722
    outer loop
      vertex 14.1205 3.79212 55.156
      vertex 9.27623 -3.57563 53.7403
      vertex 9.30556 -3.54751 53.6536
    endloop
  endfacet
  facet normal 0.823008 -0.559723 0.096792
    outer loop
      vertex 14.1205 3.79212 55.156
      vertex 9.24351 -3.60963 53.8219
      vertex 9.27623 -3.57563 53.7403
    endloop
  endfacet
  facet normal 0.822975 -0.559737 0.0969885
    outer loop
      vertex 14.1205 3.79212 55.156
      vertex 9.20755 -3.64935 53.8978
      vertex 9.24351 -3.60963 53.8219
    endloop
  endfacet
  facet normal 0.823005 -0.559725 0.0968012
    outer loop
      vertex 14.1205 3.79212 55.156
      vertex 9.16851 -3.69463 53.9679
      vertex 9.20755 -3.64935 53.8978
    endloop
  endfacet
  facet normal 0.82299 -0.559731 0.0969009
    outer loop
      vertex 14.1205 3.79212 55.156
      vertex 9.12655 -3.74528 54.0317
      vertex 9.16851 -3.69463 53.9679
    endloop
  endfacet
  facet normal 0.822994 -0.559729 0.0968732
    outer loop
      vertex 14.1205 3.79212 55.156
      vertex 9.08185 -3.80107 54.0891
      vertex 9.12655 -3.74528 54.0317
    endloop
  endfacet
  facet normal 0.823009 -0.559725 0.0967705
    outer loop
      vertex 14.1205 3.79212 55.156
      vertex 9.0346 -3.86178 54.1398
      vertex 9.08185 -3.80107 54.0891
    endloop
  endfacet
  facet normal 0.822992 -0.559729 0.0968852
    outer loop
      vertex 14.1205 3.79212 55.156
      vertex 8.98501 -3.92713 54.1835
      vertex 9.0346 -3.86178 54.1398
    endloop
  endfacet
  facet normal 0.823008 -0.559726 0.0967734
    outer loop
      vertex 14.1205 3.79212 55.156
      vertex 8.93329 -3.99685 54.2201
      vertex 8.98501 -3.92713 54.1835
    endloop
  endfacet
  facet normal 0.822978 -0.559732 0.0969936
    outer loop
      vertex 14.1205 3.79212 55.156
      vertex 8.87965 -4.07064 54.2494
      vertex 8.93329 -3.99685 54.2201
    endloop
  endfacet
  facet normal 0.823031 -0.559722 0.0965957
    outer loop
      vertex 14.1205 3.79212 55.156
      vertex 8.82434 -4.14819 54.2713
      vertex 8.87965 -4.07064 54.2494
    endloop
  endfacet
  facet normal 0.822911 -0.559742 0.0975034
    outer loop
      vertex 14.1205 3.79212 55.156
      vertex 8.76757 -4.22916 54.2856
      vertex 8.82434 -4.14819 54.2713
    endloop
  endfacet
  facet normal 0.822995 -0.559729 0.0968603
    outer loop
      vertex -0.0760203 -13.645 75.0156
      vertex 8.76757 -4.22916 54.2856
      vertex 14.1205 3.79212 55.156
    endloop
  endfacet
  facet normal 0.822996 -0.559727 0.0968616
    outer loop
      vertex 4.13298 -10.5777 56.9781
      vertex 8.76757 -4.22916 54.2856
      vertex -0.0760203 -13.645 75.0156
    endloop
  endfacet
  facet normal 0.823047 -0.559576 0.0973042
    outer loop
      vertex 8.76757 -4.22916 54.2856
      vertex 4.13298 -10.5777 56.9781
      vertex 8.70961 -4.31321 54.2925
    endloop
  endfacet
  facet normal 0.823002 -0.559717 0.0968739
    outer loop
      vertex 7.56719 -6.35187 52.2184
      vertex 4.13298 -10.5777 56.9781
      vertex 7.56684 -6.36 52.1744
    endloop
  endfacet
  facet normal 0.822976 -0.559766 0.0968125
    outer loop
      vertex 7.57204 -6.32485 52.3334
      vertex 4.13298 -10.5777 56.9781
      vertex 7.56719 -6.35187 52.2184
    endloop
  endfacet
  facet normal 0.822989 -0.559741 0.096845
    outer loop
      vertex 7.58081 -6.29192 52.4492
      vertex 4.13298 -10.5777 56.9781
      vertex 7.57204 -6.32485 52.3334
    endloop
  endfacet
  facet normal 0.823015 -0.559691 0.0969123
    outer loop
      vertex 7.59345 -6.25323 52.5653
      vertex 4.13298 -10.5777 56.9781
      vertex 7.58081 -6.29192 52.4492
    endloop
  endfacet
  facet normal 0.822972 -0.559775 0.0967959
    outer loop
      vertex 7.60993 -6.20896 52.6812
      vertex 4.13298 -10.5777 56.9781
      vertex 7.59345 -6.25323 52.5653
    endloop
  endfacet
  facet normal 0.822995 -0.55973 0.0968595
    outer loop
      vertex 7.63016 -6.15928 52.7964
      vertex 4.13298 -10.5777 56.9781
      vertex 7.60993 -6.20896 52.6812
    endloop
  endfacet
  facet normal 0.823014 -0.559692 0.0969165
    outer loop
      vertex 7.65405 -6.10441 52.9104
      vertex 4.13298 -10.5777 56.9781
      vertex 7.63016 -6.15928 52.7964
    endloop
  endfacet
  facet normal 0.822991 -0.559737 0.0968469
    outer loop
      vertex 7.68152 -6.04459 53.0227
      vertex 4.13298 -10.5777 56.9781
      vertex 7.65405 -6.10441 52.9104
    endloop
  endfacet
  facet normal 0.822997 -0.559725 0.0968659
    outer loop
      vertex 7.71243 -5.98007 53.1329
      vertex 4.13298 -10.5777 56.9781
      vertex 7.68152 -6.04459 53.0227
    endloop
  endfacet
  facet normal 0.822998 -0.559723 0.0968693
    outer loop
      vertex 7.74667 -5.91112 53.2404
      vertex 4.13298 -10.5777 56.9781
      vertex 7.71243 -5.98007 53.1329
    endloop
  endfacet
  facet normal 0.822981 -0.559759 0.0968083
    outer loop
      vertex 7.78407 -5.83806 53.3449
      vertex 4.13298 -10.5777 56.9781
      vertex 7.74667 -5.91112 53.2404
    endloop
  endfacet
  facet normal 0.823007 -0.559703 0.0969066
    outer loop
      vertex 7.82448 -5.76117 53.4458
      vertex 4.13298 -10.5777 56.9781
      vertex 7.78407 -5.83806 53.3449
    endloop
  endfacet
  facet normal 0.822979 -0.559765 0.0967927
    outer loop
      vertex 7.86773 -5.68081 53.5428
      vertex 4.13298 -10.5777 56.9781
      vertex 7.82448 -5.76117 53.4458
    endloop
  endfacet
  facet normal 0.823008 -0.559702 0.0969148
    outer loop
      vertex 7.91363 -5.5973 53.6353
      vertex 4.13298 -10.5777 56.9781
      vertex 7.86773 -5.68081 53.5428
    endloop
  endfacet
  facet normal 0.823 -0.559719 0.0968803
    outer loop
      vertex 7.96198 -5.51101 53.7231
      vertex 4.13298 -10.5777 56.9781
      vertex 7.91363 -5.5973 53.6353
    endloop
  endfacet
  facet normal 0.82301 -0.559696 0.0969284
    outer loop
      vertex 8.01258 -5.4223 53.8057
      vertex 4.13298 -10.5777 56.9781
      vertex 7.96198 -5.51101 53.7231
    endloop
  endfacet
  facet normal 0.822972 -0.559785 0.0967364
    outer loop
      vertex 8.06522 -5.33157 53.8829
      vertex 4.13298 -10.5777 56.9781
      vertex 8.01258 -5.4223 53.8057
    endloop
  endfacet
  facet normal 0.823 -0.559717 0.0968879
    outer loop
      vertex 8.11966 -5.23918 53.9542
      vertex 4.13298 -10.5777 56.9781
      vertex 8.06522 -5.33157 53.8829
    endloop
  endfacet
  facet normal 0.823004 -0.559707 0.0969107
    outer loop
      vertex 8.17567 -5.14555 54.0193
      vertex 4.13298 -10.5777 56.9781
      vertex 8.11966 -5.23918 53.9542
    endloop
  endfacet
  facet normal 0.822994 -0.559734 0.0968473
    outer loop
      vertex 8.23302 -5.05107 54.078
      vertex 4.13298 -10.5777 56.9781
      vertex 8.17567 -5.14555 54.0193
    endloop
  endfacet
  facet normal 0.823004 -0.559708 0.0969106
    outer loop
      vertex 8.29145 -4.95615 54.13
      vertex 4.13298 -10.5777 56.9781
      vertex 8.23302 -5.05107 54.078
    endloop
  endfacet
  facet normal 0.822974 -0.559786 0.0967124
    outer loop
      vertex 8.35073 -4.86119 54.1752
      vertex 4.13298 -10.5777 56.9781
      vertex 8.29145 -4.95615 54.13
    endloop
  endfacet
  facet normal 0.823009 -0.559693 0.0969548
    outer loop
      vertex 8.41058 -4.7666 54.2132
      vertex 4.13298 -10.5777 56.9781
      vertex 8.35073 -4.86119 54.1752
    endloop
  endfacet
  facet normal 0.823001 -0.559716 0.0968945
    outer loop
      vertex 8.47076 -4.67278 54.244
      vertex 4.13298 -10.5777 56.9781
      vertex 8.41058 -4.7666 54.2132
    endloop
  endfacet
  facet normal 0.822982 -0.559768 0.0967522
    outer loop
      vertex 8.53102 -4.58014 54.2674
      vertex 4.13298 -10.5777 56.9781
      vertex 8.47076 -4.67278 54.244
    endloop
  endfacet
  facet normal 0.823007 -0.559695 0.0969551
    outer loop
      vertex 8.59108 -4.48907 54.2833
      vertex 4.13298 -10.5777 56.9781
      vertex 8.53102 -4.58014 54.2674
    endloop
  endfacet
  facet normal 0.823001 -0.559711 0.0969123
    outer loop
      vertex 8.70961 -4.31321 54.2925
      vertex 4.13298 -10.5777 56.9781
      vertex 8.6507 -4.39997 54.2917
    endloop
  endfacet
  facet normal 0.822973 -0.559795 0.0966727
    outer loop
      vertex 8.6507 -4.39997 54.2917
      vertex 4.13298 -10.5777 56.9781
      vertex 8.59108 -4.48907 54.2833
    endloop
  endfacet
  facet normal 0.822976 -0.559741 0.0969494
    outer loop
      vertex 9.40465 -3.50708 53.0453
      vertex 14.1205 3.79212 55.156
      vertex 9.39769 -3.49833 53.1549
    endloop
  endfacet
  facet normal 0.822998 -0.559727 0.0968522
    outer loop
      vertex 9.40769 -3.52199 52.9333
      vertex 14.1205 3.79212 55.156
      vertex 9.40465 -3.50708 53.0453
    endloop
  endfacet
  facet normal 0.823 -0.559725 0.0968417
    outer loop
      vertex 9.40678 -3.543 52.8196
      vertex 14.1205 3.79212 55.156
      vertex 9.40769 -3.52199 52.9333
    endloop
  endfacet
  facet normal 0.822998 -0.559727 0.0968511
    outer loop
      vertex 9.40193 -3.57003 52.7046
      vertex 14.1205 3.79212 55.156
      vertex 9.40678 -3.543 52.8196
    endloop
  endfacet
  facet normal 0.822979 -0.559741 0.0969295
    outer loop
      vertex 9.39316 -3.60296 52.5889
      vertex 14.1205 3.79212 55.156
      vertex 9.40193 -3.57003 52.7046
    endloop
  endfacet
  facet normal 0.822997 -0.559727 0.0968555
    outer loop
      vertex 9.38051 -3.64165 52.4728
      vertex 14.1205 3.79212 55.156
      vertex 9.39316 -3.60296 52.5889
    endloop
  endfacet
  facet normal 0.822995 -0.559729 0.0968643
    outer loop
      vertex 14.1205 3.79212 55.156
      vertex 9.38051 -3.64165 52.4728
      vertex 12.2349 -0.626419 45.6443
    endloop
  endfacet
  facet normal 0.822986 -0.559744 0.0968534
    outer loop
      vertex 9.36404 -3.68592 52.3569
      vertex 12.2349 -0.626419 45.6443
      vertex 9.38051 -3.64165 52.4728
    endloop
  endfacet
  facet normal 0.822992 -0.559733 0.0968613
    outer loop
      vertex 9.34381 -3.7356 52.2417
      vertex 12.2349 -0.626419 45.6443
      vertex 9.36404 -3.68592 52.3569
    endloop
  endfacet
  facet normal 0.822996 -0.559728 0.0968654
    outer loop
      vertex 9.31991 -3.79047 52.1277
      vertex 12.2349 -0.626419 45.6443
      vertex 9.34381 -3.7356 52.2417
    endloop
  endfacet
  facet normal 0.82295 -0.559805 0.096807
    outer loop
      vertex 9.29244 -3.85029 52.0153
      vertex 12.2349 -0.626419 45.6443
      vertex 9.31991 -3.79047 52.1277
    endloop
  endfacet
  facet normal 0.82303 -0.55967 0.0969123
    outer loop
      vertex 9.26153 -3.91481 51.9052
      vertex 12.2349 -0.626419 45.6443
      vertex 9.29244 -3.85029 52.0153
    endloop
  endfacet
  facet normal 0.822975 -0.559763 0.0968371
    outer loop
      vertex 9.2273 -3.98375 51.7976
      vertex 12.2349 -0.626419 45.6443
      vertex 9.26153 -3.91481 51.9052
    endloop
  endfacet
  facet normal 0.823016 -0.559693 0.0968959
    outer loop
      vertex 9.1899 -4.05682 51.6932
      vertex 12.2349 -0.626419 45.6443
      vertex 9.2273 -3.98375 51.7976
    endloop
  endfacet
  facet normal 0.822986 -0.559745 0.0968509
    outer loop
      vertex 9.14949 -4.13371 51.5922
      vertex 12.2349 -0.626419 45.6443
      vertex 9.1899 -4.05682 51.6932
    endloop
  endfacet
  facet normal 0.822992 -0.559734 0.0968608
    outer loop
      vertex 9.10624 -4.21407 51.4953
      vertex 12.2349 -0.626419 45.6443
      vertex 9.14949 -4.13371 51.5922
    endloop
  endfacet
  facet normal 0.822988 -0.55974 0.0968548
    outer loop
      vertex 9.06034 -4.29758 51.4027
      vertex 12.2349 -0.626419 45.6443
      vertex 9.10624 -4.21407 51.4953
    endloop
  endfacet
  facet normal 0.822978 -0.559759 0.0968376
    outer loop
      vertex 9.01198 -4.38387 51.3149
      vertex 12.2349 -0.626419 45.6443
      vertex 9.06034 -4.29758 51.4027
    endloop
  endfacet
  facet normal 0.823004 -0.559713 0.0968827
    outer loop
      vertex 8.96138 -4.47257 51.2323
      vertex 12.2349 -0.626419 45.6443
      vertex 9.01198 -4.38387 51.3149
    endloop
  endfacet
  facet normal 0.822992 -0.559734 0.0968609
    outer loop
      vertex 8.90874 -4.56331 51.1552
      vertex 12.2349 -0.626419 45.6443
      vertex 8.96138 -4.47257 51.2323
    endloop
  endfacet
  facet normal 0.823011 -0.559701 0.096896
    outer loop
      vertex 8.85431 -4.65569 51.0839
      vertex 12.2349 -0.626419 45.6443
      vertex 8.90874 -4.56331 51.1552
    endloop
  endfacet
  facet normal 0.823003 -0.559714 0.0968815
    outer loop
      vertex 8.79829 -4.74933 51.0188
      vertex 12.2349 -0.626419 45.6443
      vertex 8.85431 -4.65569 51.0839
    endloop
  endfacet
  facet normal 0.822991 -0.559737 0.0968559
    outer loop
      vertex 8.74094 -4.84381 50.9601
      vertex 12.2349 -0.626419 45.6443
      vertex 8.79829 -4.74933 51.0188
    endloop
  endfacet
  facet normal 0.822981 -0.559755 0.0968355
    outer loop
      vertex 8.68251 -4.93873 50.908
      vertex 12.2349 -0.626419 45.6443
      vertex 8.74094 -4.84381 50.9601
    endloop
  endfacet
  facet normal 0.823008 -0.559705 0.0968942
    outer loop
      vertex 8.62324 -5.03369 50.8629
      vertex 12.2349 -0.626419 45.6443
      vertex 8.68251 -4.93873 50.908
    endloop
  endfacet
  facet normal 0.822963 -0.559788 0.096793
    outer loop
      vertex 8.56338 -5.12828 50.8248
      vertex 12.2349 -0.626419 45.6443
      vertex 8.62324 -5.03369 50.8629
    endloop
  endfacet
  facet normal 0.822999 -0.559721 0.0968774
    outer loop
      vertex 12.2349 -0.626419 45.6443
      vertex 8.56338 -5.12828 50.8248
      vertex 8.5401 -5.16457 50.8129
    endloop
  endfacet
  facet normal 0.822992 -0.559734 0.0968582
    outer loop
      vertex 7.42111 -8.18147 42.8869
      vertex 9.72819 -6.50017 33
      vertex 10.7618 -4.07823 38.2137
    endloop
  endfacet
  facet normal 0.994063 0.0904159 -0.0605263
    outer loop
      vertex 11.6749 0.765217 9.38148e-07
      vertex 14.6805 6.50675 57.9398
      vertex 14.6974 6.07567 57.5734
    endloop
  endfacet
  facet normal 0.857733 -0.132633 0.496692
    outer loop
      vertex 0.239039 -9.58659 78.8042
      vertex 14.5493 7.3961 58.6269
      vertex 14.4356 7.85055 58.9446
    endloop
  endfacet
  facet normal 0.857716 -0.132564 0.496739
    outer loop
      vertex 14.5493 7.3961 58.6269
      vertex 0.239039 -9.58659 78.8042
      vertex 0.352801 -10.041 78.4865
    endloop
  endfacet
  facet normal 0.802007 0.0266665 0.596719
    outer loop
      vertex -0.288685 -8.20749 79.6379
      vertex 14.1141 8.7693 59.5215
      vertex 13.9078 9.22966 59.7782
    endloop
  endfacet
  facet normal 0.802048 0.0265711 0.596668
    outer loop
      vertex 14.1141 8.7693 59.5215
      vertex -0.288685 -8.20749 79.6379
      vertex -0.0823923 -8.66785 79.3811
    endloop
  endfacet
  facet normal -0.551018 -0.830974 -0.0765599
    outer loop
      vertex -10.0278 -13.645 67.9017
      vertex -6.50017 -9.7282 4.91181e-07
      vertex -9.56087 -13.9599 67.959
    endloop
  endfacet
  facet normal 0.9539 0.290734 -0.07449
    outer loop
      vertex 11.0791 3.76084 9.77031e-07
      vertex 14.4356 7.85055 58.9446
      vertex 14.5493 7.3961 58.6269
    endloop
  endfacet
  facet normal 0.783314 -0.616619 0.0787454
    outer loop
      vertex 6.8113 -8.88908 43.7462
      vertex 9.28223 -7.12251 33
      vertex 6.9245 -8.7658 43.5855
    endloop
  endfacet
  facet normal 0.783391 -0.616516 0.0787798
    outer loop
      vertex -0.0760203 -13.645 75.0156
      vertex 3.62241 -11.169 57.6149
      vertex 3.86202 -10.9003 57.335
    endloop
  endfacet
  facet normal 0.783354 -0.616565 0.0787649
    outer loop
      vertex 3.62241 -11.169 57.6149
      vertex -0.0760203 -13.645 75.0156
      vertex -0.281321 -13.9599 74.5924
    endloop
  endfacet
  facet normal 0.998272 -0.0327445 -0.0488033
    outer loop
      vertex 11.6749 -0.765217 8.47959e-07
      vertex 11.7 -4.31578e-08 5.48982e-07
      vertex 14.6816 5.65612 57.1937
    endloop
  endfacet
  facet normal 0.998535 0.0104412 -0.0530878
    outer loop
      vertex 11.7 -4.31578e-08 5.48982e-07
      vertex 14.6974 6.07567 57.5734
      vertex 14.6816 5.65612 57.1937
    endloop
  endfacet
  facet normal 0.954304 0.28942 -0.0744324
    outer loop
      vertex 11.0791 3.76084 9.77031e-07
      vertex 14.5493 7.3961 58.6269
      vertex 11.3013 3.02818 7.91339e-07
    endloop
  endfacet
  facet normal 6.79085e-06 2.31297e-06 -1
    outer loop
      vertex 11.0791 3.76084 9.77031e-07
      vertex 11.3013 3.02818 7.91339e-07
      vertex 11.4752 2.28256 2.47673e-07
    endloop
  endfacet
  facet normal 0.907929 0.411405 -0.0800742
    outer loop
      vertex 10.4934 5.17478 7.9779e-07
      vertex 14.1141 8.7693 59.5215
      vertex 10.8094 4.4774 1.09721e-06
    endloop
  endfacet
  facet normal 0.891891 0.444915 -0.0811224
    outer loop
      vertex 10.4934 5.17478 7.9779e-07
      vertex 13.9078 9.22966 59.7782
      vertex 14.1141 8.7693 59.5215
    endloop
  endfacet
  facet normal 0.868702 0.488421 -0.0824766
    outer loop
      vertex 10.1325 5.85 6.47691e-07
      vertex 13.6723 9.68805 60.0123
      vertex 13.9078 9.22966 59.7782
    endloop
  endfacet
  facet normal 0.846227 0.526228 -0.083569
    outer loop
      vertex 9.72819 6.50017 5.51744e-07
      vertex 13.6723 9.68805 60.0123
      vertex 10.1325 5.85 6.47691e-07
    endloop
  endfacet
  facet normal 0.685515 0.722919 -0.0863584
    outer loop
      vertex 8.27315 8.27315 8.14136e-07
      vertex 11.3038 12.6798 60.9461
      vertex 11.7095 12.2887 60.8926
    endloop
  endfacet
  facet normal 0.681038 0.727128 -0.0864401
    outer loop
      vertex 7.71435 8.79653 7.36019e-07
      vertex 11.3038 12.6798 60.9461
      vertex 8.27315 8.27315 8.14136e-07
    endloop
  endfacet
  facet normal 0.601585 0.335739 0.724827
    outer loop
      vertex -2.10126 -5.55467 80.6714
      vertex 12.4596 11.4629 60.7038
      vertex 12.0953 11.8825 60.8118
    endloop
  endfacet
  facet normal 0.601553 0.335777 0.724836
    outer loop
      vertex 12.4596 11.4629 60.7038
      vertex -2.10126 -5.55467 80.6714
      vertex -1.73694 -5.97422 80.5634
    endloop
  endfacet
  facet normal -0.471312 0.881794 -0.0174253
    outer loop
      vertex -5.85 10.1325 3.4488e-07
      vertex 1.34255 15.0822 55.9347
      vertex -5.17478 10.4934 1.08552e-06
    endloop
  endfacet
  facet normal -1.3422e-05 2.71638e-05 -1
    outer loop
      vertex -5.85 10.1325 3.4488e-07
      vertex -5.17478 10.4934 1.08552e-06
      vertex -4.4774 10.8094 3.09072e-07
    endloop
  endfacet
  facet normal -2.61725e-05 2.02151e-05 -1
    outer loop
      vertex -9.72819 6.50017 4.54462e-07
      vertex -9.28223 7.12251 1.36323e-06
      vertex -8.79653 7.71435 6.15345e-07
    endloop
  endfacet
  facet normal -0.773017 0.634385 0
    outer loop
      vertex -9.28223 7.12251 1.36323e-06
      vertex -8.79653 7.71435 33
      vertex -8.79653 7.71435 6.15345e-07
    endloop
  endfacet
  facet normal -1.37485e-05 1.35962e-05 -1
    outer loop
      vertex -8.79653 7.71435 6.15345e-07
      vertex -8.27315 8.27315 1.01723e-06
      vertex -7.71435 8.79653 4.50564e-07
    endloop
  endfacet
  facet normal -0.72986 0.683597 0
    outer loop
      vertex -8.79653 7.71435 33
      vertex -8.27315 8.27315 33
      vertex -8.79653 7.71435 6.15345e-07
    endloop
  endfacet
  facet normal -0.812848 0.582476 0
    outer loop
      vertex -9.72819 6.50017 4.54462e-07
      vertex -9.28223 7.12251 33
      vertex -9.28223 7.12251 1.36323e-06
    endloop
  endfacet
  facet normal -0.812848 0.582476 0
    outer loop
      vertex -9.28223 7.12251 33
      vertex -9.72819 6.50017 4.54462e-07
      vertex -9.72819 6.50017 33
    endloop
  endfacet
  facet normal -0.773017 0.634385 0
    outer loop
      vertex -9.28223 7.12251 1.36323e-06
      vertex -9.28223 7.12251 33
      vertex -8.79653 7.71435 33
    endloop
  endfacet
  facet normal -1.37746e-05 2.04507e-05 -1
    outer loop
      vertex -7.12251 9.28223 4.84619e-07
      vertex -6.50017 9.72819 1.03231e-06
      vertex -5.85 10.1325 3.4488e-07
    endloop
  endfacet
  facet normal -0.633929 0.772462 0.0378993
    outer loop
      vertex -7.71435 8.79653 33
      vertex 1.02663 14.8651 55.5182
      vertex -7.12251 9.28223 33
    endloop
  endfacet
  facet normal -0.634385 0.773017 0
    outer loop
      vertex -7.12251 9.28223 4.84619e-07
      vertex -7.71435 8.79653 33
      vertex -7.12251 9.28223 33
    endloop
  endfacet
  facet normal -0.634385 0.773017 0
    outer loop
      vertex -7.71435 8.79653 33
      vertex -7.12251 9.28223 4.84619e-07
      vertex -7.71435 8.79653 4.50564e-07
    endloop
  endfacet
  facet normal -0.881691 0.471257 0.0231728
    outer loop
      vertex -14.1626 -3.69067 73.686
      vertex -10.1325 5.85 33
      vertex -10.4934 5.17478 33
    endloop
  endfacet
  facet normal -0.881928 0.471384 0
    outer loop
      vertex -10.4934 5.17478 1.12377e-06
      vertex -10.4934 5.17478 33
      vertex -10.1325 5.85 33
    endloop
  endfacet
  facet normal -0.901245 -0.427686 -0.0695888
    outer loop
      vertex -13.95 -9.12821 69.0638
      vertex -10.4934 -5.17478 1.39433e-06
      vertex -13.7144 -9.58659 68.8297
    endloop
  endfacet
  facet normal 0.624565 -0.780697 0.0207561
    outer loop
      vertex 0.360851 -13.807 66.2861
      vertex -0.778761 -14.5204 73.7447
      vertex -1.06877 -14.7636 73.3238
    endloop
  endfacet
  facet normal 0.62558 -0.779877 0.0209898
    outer loop
      vertex 0.371082 -13.7991 66.2747
      vertex -0.778761 -14.5204 73.7447
      vertex 0.360851 -13.807 66.2861
    endloop
  endfacet
  facet normal 0.624321 -0.780894 0.0206977
    outer loop
      vertex 0.422581 -13.7597 66.2078
      vertex -0.778761 -14.5204 73.7447
      vertex 0.371082 -13.7991 66.2747
    endloop
  endfacet
  facet normal 0.624707 -0.780583 0.0207907
    outer loop
      vertex 0.470463 -13.7233 66.1357
      vertex -0.778761 -14.5204 73.7447
      vertex 0.422581 -13.7597 66.2078
    endloop
  endfacet
  facet normal 0.624585 -0.780681 0.0207605
    outer loop
      vertex 0.514523 -13.6901 66.0586
      vertex -0.778761 -14.5204 73.7447
      vertex 0.470463 -13.7233 66.1357
    endloop
  endfacet
  facet normal 0.62515 -0.780225 0.0209048
    outer loop
      vertex 0.554572 -13.6602 65.9769
      vertex -0.778761 -14.5204 73.7447
      vertex 0.514523 -13.6901 66.0586
    endloop
  endfacet
  facet normal 0.624387 -0.780841 0.0207054
    outer loop
      vertex 0.590439 -13.6338 65.8909
      vertex -0.778761 -14.5204 73.7447
      vertex 0.554572 -13.6602 65.9769
    endloop
  endfacet
  facet normal 0.626412 -0.779202 0.0212436
    outer loop
      vertex 0.62197 -13.6109 65.8011
      vertex -0.778761 -14.5204 73.7447
      vertex 0.590439 -13.6338 65.8909
    endloop
  endfacet
  facet normal 0.621471 -0.783184 0.0199165
    outer loop
      vertex 0.64903 -13.5918 65.7078
      vertex -0.778761 -14.5204 73.7447
      vertex 0.62197 -13.6109 65.8011
    endloop
  endfacet
  facet normal 0.623304 -0.781713 0.0204121
    outer loop
      vertex 0.671504 -13.5764 65.6113
      vertex -0.778761 -14.5204 73.7447
      vertex 0.64903 -13.5918 65.7078
    endloop
  endfacet
  facet normal 0.624145 -0.781037 0.0206062
    outer loop
      vertex 2.12538 -12.5951 58.7688
      vertex 0.671504 -13.5764 65.6113
      vertex 0.689295 -13.5648 65.5121
    endloop
  endfacet
  facet normal 0.626064 -0.779483 0.021221
    outer loop
      vertex 1.89473 -12.7775 58.8481
      vertex 0.673009 -13.5981 64.7494
      vertex 1.87078 -12.7966 58.8531
    endloop
  endfacet
  facet normal 0.624531 -0.780725 0.0207311
    outer loop
      vertex 2.12538 -12.5951 58.7688
      vertex 0.673009 -13.5981 64.7494
      vertex 1.89473 -12.7775 58.8481
    endloop
  endfacet
  facet normal 0.624272 -0.780934 0.020633
    outer loop
      vertex 0.673009 -13.5981 64.7494
      vertex 2.12538 -12.5951 58.7688
      vertex 0.678901 -13.5926 64.7793
    endloop
  endfacet
  facet normal 0.624751 -0.780547 0.0208125
    outer loop
      vertex 0.678901 -13.5926 64.7793
      vertex 2.12538 -12.5951 58.7688
      vertex 0.69487 -13.577 64.885
    endloop
  endfacet
  facet normal 0.624972 -0.780367 0.0208932
    outer loop
      vertex 0.69487 -13.577 64.885
      vertex 2.12538 -12.5951 58.7688
      vertex 0.706057 -13.5652 64.9911
    endloop
  endfacet
  facet normal 0.624492 -0.780756 0.0207229
    outer loop
      vertex 0.706057 -13.5652 64.9911
      vertex 2.12538 -12.5951 58.7688
      vertex 0.712413 -13.5573 65.0972
    endloop
  endfacet
  facet normal 0.624488 -0.78076 0.0207214
    outer loop
      vertex 0.712413 -13.5573 65.0972
      vertex 2.12538 -12.5951 58.7688
      vertex 0.71391 -13.5533 65.2028
    endloop
  endfacet
  facet normal 0.624834 -0.780479 0.0208392
    outer loop
      vertex 0.71391 -13.5533 65.2028
      vertex 2.12538 -12.5951 58.7688
      vertex 0.710543 -13.5532 65.3075
    endloop
  endfacet
  facet normal 0.6256 -0.779859 0.0210959
    outer loop
      vertex 0.710543 -13.5532 65.3075
      vertex 2.12538 -12.5951 58.7688
      vertex 0.702326 -13.557 65.4107
    endloop
  endfacet
  facet normal 0.620697 -0.783809 0.0194733
    outer loop
      vertex 0.702326 -13.557 65.4107
      vertex 2.12538 -12.5951 58.7688
      vertex 0.689295 -13.5648 65.5121
    endloop
  endfacet
  facet normal 0.624753 -0.780545 0.0208059
    outer loop
      vertex 0.671504 -13.5764 65.6113
      vertex 2.12538 -12.5951 58.7688
      vertex -0.778761 -14.5204 73.7447
    endloop
  endfacet
  facet normal 0.624642 -0.780635 0.0207749
    outer loop
      vertex 4.12792 -11.2861 47.7417
      vertex 7.12251 -9.28223 33
      vertex 4.32425 -11.1373 47.4299
    endloop
  endfacet
  facet normal -0.923968 -0.37649 -0.0673695
    outer loop
      vertex -14.1563 -8.66785 69.3205
      vertex -10.8094 -4.4774 6.43974e-07
      vertex -13.95 -9.12821 69.0638
    endloop
  endfacet
  facet normal -0.526521 -0.846719 -0.076437
    outer loop
      vertex -9.56087 -13.9599 67.959
      vertex -6.50017 -9.7282 4.91181e-07
      vertex -5.85 -10.1325 3.4488e-07
    endloop
  endfacet
  facet normal -0.662742 -0.744885 -0.0769399
    outer loop
      vertex -11.346 -12.5784 67.8959
      vertex -7.71435 -8.79653 4.50564e-07
      vertex -10.9222 -12.9528 67.8701
    endloop
  endfacet
  facet normal -0.962308 -0.26489 -0.0616217
    outer loop
      vertex -14.4777 -7.7491 69.8974
      vertex -11.3013 -3.02818 9.49842e-07
      vertex -14.3324 -8.20749 69.5988
    endloop
  endfacet
  facet normal -2.08743e-06 -6.17956e-07 -1
    outer loop
      vertex -11.5999 -1.52716 4.70965e-07
      vertex -10.8094 -4.4774 6.43974e-07
      vertex -11.0791 -3.76084 7.6415e-07
    endloop
  endfacet
  facet normal -1.37698e-06 -4.27595e-07 -1
    outer loop
      vertex -11.6749 -0.765217 2.48435e-07
      vertex -10.8094 -4.4774 6.43974e-07
      vertex -11.5999 -1.52716 4.70965e-07
    endloop
  endfacet
  facet normal -0.999078 -0.00274613 -0.0428393
    outer loop
      vertex -14.7395 -5.97422 71.2687
      vertex -11.7 1.78567e-07 6.37601e-07
      vertex -14.7226 -6.4053 70.9022
    endloop
  endfacet
  facet normal -0.998426 -0.0327495 -0.0455221
    outer loop
      vertex -14.7226 -6.4053 70.9022
      vertex -11.7 1.78567e-07 6.37601e-07
      vertex -11.6749 -0.765217 2.48435e-07
    endloop
  endfacet
  facet normal 0.414448 0.516211 0.749506
    outer loop
      vertex 10.44 13.4103 60.97
      vertex -3.31645 -4.3829 80.8316
      vertex 10.8801 13.0542 60.9719
    endloop
  endfacet
  facet normal 0.414349 0.516289 0.749507
    outer loop
      vertex -3.31645 -4.3829 80.8316
      vertex 10.44 13.4103 60.97
      vertex -3.75648 -4.02685 80.8296
    endloop
  endfacet
  facet normal -1.06899e-05 3.60405e-06 -1
    outer loop
      vertex -11.3013 3.02818 8.59654e-07
      vertex -11.0791 3.76084 1.1249e-06
      vertex -10.8094 4.4774 8.24351e-07
    endloop
  endfacet
  facet normal 0.527228 -0.849714 -0.00420565
    outer loop
      vertex -0.385565 -14.3142 63.4654
      vertex 0.295129 -13.8617 57.3749
      vertex -0.36409 -14.3009 63.4704
    endloop
  endfacet
  facet normal 0.528328 -0.849031 -0.00403203
    outer loop
      vertex -0.446861 -14.3523 63.4564
      vertex 0.295129 -13.8617 57.3749
      vertex -0.385565 -14.3142 63.4654
    endloop
  endfacet
  facet normal 0.529162 -0.848512 -0.0038884
    outer loop
      vertex -0.446861 -14.3523 63.4564
      vertex 0.273672 -13.8743 57.2044
      vertex 0.295129 -13.8617 57.3749
    endloop
  endfacet
  facet normal 0.527612 -0.849475 -0.00414061
    outer loop
      vertex -0.446861 -14.3523 63.4564
      vertex 0.283298 -13.8655 56.6256
      vertex 0.273672 -13.8743 57.2044
    endloop
  endfacet
  facet normal 0.528256 -0.849075 -0.0040433
    outer loop
      vertex 5.85 -10.1325 8.41703e-07
      vertex 0.283298 -13.8655 56.6256
      vertex -0.446861 -14.3523 63.4564
    endloop
  endfacet
  facet normal 0.527309 -0.849663 -0.00417511
    outer loop
      vertex 5.85 -10.1325 8.41703e-07
      vertex 0.366131 -13.8109 55.9758
      vertex 0.283298 -13.8655 56.6256
    endloop
  endfacet
  facet normal 0.528426 -0.84897 -0.00402017
    outer loop
      vertex 5.85 -10.1325 8.41703e-07
      vertex 0.521813 -13.7106 55.2581
      vertex 0.366131 -13.8109 55.9758
    endloop
  endfacet
  facet normal 0.531851 -0.84683 -0.00355132
    outer loop
      vertex 5.85 -10.1325 8.41703e-07
      vertex 0.525393 -13.7083 55.2458
      vertex 0.521813 -13.7106 55.2581
    endloop
  endfacet
  facet normal 0.528062 -0.849196 -0.00406969
    outer loop
      vertex 0.525393 -13.7083 55.2458
      vertex 5.85 -10.1325 8.41703e-07
      vertex 6.50017 -9.7282 7.8559e-07
    endloop
  endfacet
  facet normal 0.527288 -0.849676 -0.00417824
    outer loop
      vertex -1.38469 -14.9807 72.9073
      vertex -0.75347 -14.5577 66.5462
      vertex -0.69915 -14.5241 66.5685
    endloop
  endfacet
  facet normal 0.424148 -0.905413 -0.0180441
    outer loop
      vertex -2.08874 -15.3331 72.0947
      vertex -1.13551 -14.7711 66.3016
      vertex -1.72517 -15.1708 72.497
    endloop
  endfacet
  facet normal 0.421098 -0.906823 -0.0186828
    outer loop
      vertex -2.08874 -15.3331 72.0947
      vertex -1.13886 -14.7726 66.2989
      vertex -1.13551 -14.7711 66.3016
    endloop
  endfacet
  facet normal 0.424372 -0.905309 -0.0179998
    outer loop
      vertex -2.08874 -15.3331 72.0947
      vertex -1.20676 -14.8032 66.2371
      vertex -1.13886 -14.7726 66.2989
    endloop
  endfacet
  facet normal 0.42383 -0.905561 -0.0181041
    outer loop
      vertex -2.08874 -15.3331 72.0947
      vertex -1.27137 -14.8321 66.1701
      vertex -1.20676 -14.8032 66.2371
    endloop
  endfacet
  facet normal 0.424446 -0.905274 -0.017995
    outer loop
      vertex -2.08874 -15.3331 72.0947
      vertex -1.33244 -14.8593 66.098
      vertex -1.27137 -14.8321 66.1701
    endloop
  endfacet
  facet normal 0.424251 -0.905365 -0.0180267
    outer loop
      vertex -2.08874 -15.3331 72.0947
      vertex -1.38969 -14.8846 66.0213
      vertex -1.33244 -14.8593 66.098
    endloop
  endfacet
  facet normal 0.42411 -0.905431 -0.0180478
    outer loop
      vertex -2.08874 -15.3331 72.0947
      vertex -1.44288 -14.9079 65.9403
      vertex -1.38969 -14.8846 66.0213
    endloop
  endfacet
  facet normal 0.423343 -0.905788 -0.018153
    outer loop
      vertex -1.44288 -14.9079 65.9403
      vertex -2.08874 -15.3331 72.0947
      vertex -1.46484 -14.9174 65.9022
    endloop
  endfacet
  facet normal 0.424653 -0.905177 -0.0179842
    outer loop
      vertex -0.936686 -14.623 63.5427
      vertex 5.17478 -10.4934 6.5566e-07
      vertex -0.870143 -14.5912 63.5134
    endloop
  endfacet
  facet normal 0.423875 -0.90554 -0.0180826
    outer loop
      vertex -1.01208 -14.6591 63.5832
      vertex 5.17478 -10.4934 6.5566e-07
      vertex -0.936686 -14.623 63.5427
    endloop
  endfacet
  facet normal 0.424138 -0.905418 -0.018049
    outer loop
      vertex -1.08503 -14.6942 63.6297
      vertex 5.17478 -10.4934 6.5566e-07
      vertex -1.01208 -14.6591 63.5832
    endloop
  endfacet
  facet normal 0.423779 -0.905585 -0.0180953
    outer loop
      vertex -1.15523 -14.7281 63.6822
      vertex 5.17478 -10.4934 6.5566e-07
      vertex -1.08503 -14.6942 63.6297
    endloop
  endfacet
  facet normal 0.423998 -0.905483 -0.0180668
    outer loop
      vertex -1.22237 -14.7607 63.7404
      vertex 5.17478 -10.4934 6.5566e-07
      vertex -1.15523 -14.7281 63.6822
    endloop
  endfacet
  facet normal 0.42433 -0.905328 -0.0180232
    outer loop
      vertex 5.17478 -10.4934 6.5566e-07
      vertex -1.22237 -14.7607 63.7404
      vertex -1.2498 -14.7741 63.7677
    endloop
  endfacet
  facet normal -0.200913 0.802855 0.5613
    outer loop
      vertex 5.0969 15.7479 59.2029
      vertex -8.61412 -1.7643 79.3437
      vertex 5.5824 15.6728 59.4841
    endloop
  endfacet
  facet normal -0.200913 0.802855 0.5613
    outer loop
      vertex -8.61412 -1.7643 79.3437
      vertex 5.0969 15.7479 59.2029
      vertex -9.09962 -1.68927 79.0626
    endloop
  endfacet
  facet normal 0.634385 -0.773017 0
    outer loop
      vertex 7.12251 -9.28223 1.25656e-06
      vertex 7.71435 -8.79653 7.36019e-07
      vertex 7.12251 -9.28223 33
    endloop
  endfacet
  facet normal 1.20252e-05 -1.57247e-05 -1
    outer loop
      vertex 6.50017 -9.7282 7.8559e-07
      vertex 7.71435 -8.79653 7.36019e-07
      vertex 7.12251 -9.28223 1.25656e-06
    endloop
  endfacet
  facet normal 0.681792 -0.730479 0.0394986
    outer loop
      vertex 2.61132 -12.1792 58.5256
      vertex -0.778761 -14.5204 73.7447
      vertex 2.362 -12.4037 58.6773
    endloop
  endfacet
  facet normal 0.681858 -0.730416 0.039523
    outer loop
      vertex -0.778761 -14.5204 73.7447
      vertex 2.61132 -12.1792 58.5256
      vertex -0.515902 -14.2521 74.1682
    endloop
  endfacet
  facet normal 0.681779 -0.730492 0.0394934
    outer loop
      vertex 4.88896 -10.7007 46.5544
      vertex 7.71435 -8.79653 33
      vertex 5.05405 -10.56 46.3069
    endloop
  endfacet
  facet normal 0.683102 -0.729231 0.0399251
    outer loop
      vertex 7.71435 -8.79653 33
      vertex 5.61015 -10.0847 45.4736
      vertex 5.05405 -10.56 46.3069
    endloop
  endfacet
  facet normal 0.683052 -0.729278 0.0399118
    outer loop
      vertex 5.61015 -10.0847 45.4736
      vertex 7.71435 -8.79653 33
      vertex 8.27315 -8.27315 33
    endloop
  endfacet
  facet normal 0.683676 -0.728682 0.0401161
    outer loop
      vertex 2.65256 -12.1419 58.5003
      vertex -0.515902 -14.2521 74.1682
      vertex 2.61132 -12.1792 58.5256
    endloop
  endfacet
  facet normal 0.683117 -0.729216 0.0399312
    outer loop
      vertex -0.515902 -14.2521 74.1682
      vertex 2.65256 -12.1419 58.5003
      vertex 2.85943 -11.9559 58.358
    endloop
  endfacet
  facet normal 2.78087e-07 -2.82074e-07 -1
    outer loop
      vertex 3.02818 -11.3013 1.19551e-07
      vertex 10.1325 -5.85 5.57502e-07
      vertex 8.27315 -8.27315 7.23948e-07
    endloop
  endfacet
  facet normal -0.770952 0.63269 0.0730456
    outer loop
      vertex -13.7228 -3.0836 74.5335
      vertex -8.79653 7.71435 33
      vertex -9.28223 7.12251 33
    endloop
  endfacet
  facet normal 0.254864 0.62899 0.734449
    outer loop
      vertex 9.04139 14.3535 60.7984
      vertex -4.67779 -3.3758 80.7427
      vertex 9.51873 14.0613 60.883
    endloop
  endfacet
  facet normal 0.254753 0.629056 0.734432
    outer loop
      vertex -4.67779 -3.3758 80.7427
      vertex 9.04139 14.3535 60.7984
      vertex -5.15513 -3.0836 80.658
    endloop
  endfacet
  facet normal -0.973672 0.227088 -0.0198604
    outer loop
      vertex -14.5947 -4.7573 72.4406
      vertex -11.3013 3.02818 8.59654e-07
      vertex -11.4752 2.28256 7.58533e-07
    endloop
  endfacet
  facet normal 0.881928 -0.471384 0
    outer loop
      vertex 10.1325 -5.85 33
      vertex 10.4934 -5.17478 1.06836e-06
      vertex 10.4934 -5.17478 33
    endloop
  endfacet
  facet normal 0.881928 -0.471384 0
    outer loop
      vertex 10.4934 -5.17478 1.06836e-06
      vertex 10.1325 -5.85 33
      vertex 10.1325 -5.85 5.57502e-07
    endloop
  endfacet
  facet normal 0.956897 -0.290053 -0.0147209
    outer loop
      vertex 13.2809 1.64917 36.5193
      vertex 11.3013 -3.02818 8.81528e-07
      vertex 13.363 1.90675 36.7808
    endloop
  endfacet
  facet normal 0.956697 -0.290718 -0.0146248
    outer loop
      vertex 13.2697 1.61347 36.4963
      vertex 11.3013 -3.02818 8.81528e-07
      vertex 13.2809 1.64917 36.5193
    endloop
  endfacet
  facet normal 0.956855 -0.290194 -0.0147
    outer loop
      vertex 11.3013 -3.02818 8.81528e-07
      vertex 13.2697 1.61347 36.4963
      vertex 11.0791 -3.76084 6.16277e-07
    endloop
  endfacet
  facet normal 0.956751 -0.290538 -0.0146476
    outer loop
      vertex 14.4399 4.48435 55.9921
      vertex 13.5214 2.27161 39.8877
      vertex 13.5278 2.30113 39.7202
    endloop
  endfacet
  facet normal 0.95685 -0.290212 -0.014698
    outer loop
      vertex 13.5214 2.27161 39.8877
      vertex 14.4399 4.48435 55.9921
      vertex 13.4967 2.17039 40.2783
    endloop
  endfacet
  facet normal 3.18593e-06 -9.80989e-07 -1
    outer loop
      vertex 11.0791 -3.76084 6.16277e-07
      vertex 11.5999 -1.52716 8.42973e-08
      vertex 11.4752 -2.28256 4.2805e-07
    endloop
  endfacet
  facet normal -0.563818 0.825899 0
    outer loop
      vertex -6.50017 9.72819 1.03231e-06
      vertex -6.50017 9.72819 33
      vertex 1.34255 15.0822 55.9347
    endloop
  endfacet
  facet normal -0.568434 0.822726 0.00231901
    outer loop
      vertex -6.50017 9.72819 33
      vertex 1.02663 14.8651 55.5182
      vertex 1.34255 15.0822 55.9347
    endloop
  endfacet
  facet normal -0.0977639 0.993208 -0.0630824
    outer loop
      vertex -1.52716 11.5999 5.9554e-07
      vertex 3.25989 15.7479 57.8898
      vertex -0.765216 11.6749 1.17241e-06
    endloop
  endfacet
  facet normal -0.048537 0.996589 -0.066743
    outer loop
      vertex -0.765216 11.6749 1.17241e-06
      vertex 3.25989 15.7479 57.8898
      vertex 3.6994 15.793 58.2436
    endloop
  endfacet
  facet normal 0.727148 0.681057 -0.0861254
    outer loop
      vertex 8.27315 8.27315 8.14136e-07
      vertex 12.0953 11.8825 60.8118
      vertex 8.79653 7.71435 5.84704e-07
    endloop
  endfacet
  facet normal 4.27155e-06 4.41137e-06 -1
    outer loop
      vertex 7.71435 8.79653 7.36019e-07
      vertex 8.27315 8.27315 8.14136e-07
      vertex 8.79653 7.71435 5.84704e-07
    endloop
  endfacet
  facet normal 1.31284e-06 2.45773e-06 -1
    outer loop
      vertex 4.4774 10.8094 6.97134e-07
      vertex 5.17478 10.4934 8.36037e-07
      vertex 6.50017 9.7282 6.95402e-07
    endloop
  endfacet
  facet normal 1.43671e-06 2.67229e-06 -1
    outer loop
      vertex 5.17478 10.4934 8.36037e-07
      vertex 5.85 10.1325 8.41703e-07
      vertex 6.50017 9.7282 6.95402e-07
    endloop
  endfacet
  facet normal 2.42884e-07 4.56004e-07 -1
    outer loop
      vertex 3.76084 11.0791 6.46077e-07
      vertex 4.4774 10.8094 6.97134e-07
      vertex 6.50017 9.7282 6.95402e-07
    endloop
  endfacet
  facet normal -0.0871876 0.778663 0.621355
    outer loop
      vertex 6.0743 15.5683 59.7439
      vertex -7.62602 -2.0026 79.8408
      vertex 6.5705 15.4345 59.9812
    endloop
  endfacet
  facet normal -0.0872972 0.778691 0.621305
    outer loop
      vertex -7.62602 -2.0026 79.8408
      vertex 6.0743 15.5683 59.7439
      vertex -8.12222 -1.86889 79.6035
    endloop
  endfacet
  facet normal -0.822406 -0.564052 -0.0741221
    outer loop
      vertex -13.1598 -10.4896 68.4333
      vertex -9.72819 -6.50017 6.34839e-07
      vertex -12.843 -10.9304 68.2727
    endloop
  endfacet
  facet normal 0.77094 -0.63268 0.0732598
    outer loop
      vertex 6.8113 -8.88908 43.7462
      vertex 8.79653 -7.71435 33
      vertex 9.28223 -7.12251 33
    endloop
  endfacet
  facet normal 0.770942 -0.632678 0.0732605
    outer loop
      vertex 8.79653 -7.71435 33
      vertex 6.8113 -8.88908 43.7462
      vertex 6.28847 -9.43989 44.4913
    endloop
  endfacet
  facet normal 0.770819 -0.632834 0.0732081
    outer loop
      vertex -0.281321 -13.9599 74.5924
      vertex 3.36135 -11.4537 57.9026
      vertex 3.62241 -11.169 57.6149
    endloop
  endfacet
  facet normal 7.3201e-06 5.88922e-07 -1
    outer loop
      vertex 11.4752 2.28256 2.47673e-07
      vertex 11.5999 1.52716 7.15618e-07
      vertex 11.7 -4.31578e-08 5.48982e-07
    endloop
  endfacet
  facet normal 1.21988e-05 9.08705e-07 -1
    outer loop
      vertex 11.5999 1.52716 7.15618e-07
      vertex 11.6749 0.765217 9.38148e-07
      vertex 11.7 -4.31578e-08 5.48982e-07
    endloop
  endfacet
  facet normal 0.934803 0.346656 -0.0772825
    outer loop
      vertex 11.0791 3.76084 9.77031e-07
      vertex 14.2903 8.30894 59.2432
      vertex 14.4356 7.85055 58.9446
    endloop
  endfacet
  facet normal 0.933086 0.351196 -0.077538
    outer loop
      vertex 10.8094 4.4774 1.09721e-06
      vertex 14.2903 8.30894 59.2432
      vertex 11.0791 3.76084 9.77031e-07
    endloop
  endfacet
  facet normal -0.580758 -0.810434 -0.0769201
    outer loop
      vertex -10.0278 -13.645 67.9017
      vertex -7.12251 -9.28223 8.45373e-07
      vertex -6.50017 -9.7282 4.91181e-07
    endloop
  endfacet
  facet normal 2.11507e-06 9.08193e-07 -1
    outer loop
      vertex 10.1325 5.85 6.47691e-07
      vertex 10.4934 5.17478 7.9779e-07
      vertex 11.4752 2.28256 2.47673e-07
    endloop
  endfacet
  facet normal 0.878953 0.469794 -0.082071
    outer loop
      vertex 10.1325 5.85 6.47691e-07
      vertex 13.9078 9.22966 59.7782
      vertex 10.4934 5.17478 7.9779e-07
    endloop
  endfacet
  facet normal -0.810579 -0.580849 -0.0746725
    outer loop
      vertex -12.843 -10.9304 68.2727
      vertex -9.72819 -6.50017 6.34839e-07
      vertex -9.28223 -7.12251 9.12291e-07
    endloop
  endfacet
  facet normal -0.683597 0.72986 0
    outer loop
      vertex -8.27315 8.27315 33
      vertex -7.71435 8.79653 33
      vertex -7.71435 8.79653 4.50564e-07
    endloop
  endfacet
  facet normal -0.681991 0.728145 0.0684989
    outer loop
      vertex -8.27315 8.27315 33
      vertex 1.02663 14.8651 55.5182
      vertex -7.71435 8.79653 33
    endloop
  endfacet
  facet normal -5.48634e-06 -1.41044e-06 -1
    outer loop
      vertex -11.5999 -1.52716 4.70965e-07
      vertex -11.0791 -3.76084 7.6415e-07
      vertex -11.3013 -3.02818 9.49842e-07
    endloop
  endfacet
  facet normal 0.309342 0.593961 0.742642
    outer loop
      vertex 9.51873 14.0613 60.883
      vertex -4.21091 -3.69067 80.7999
      vertex 9.98561 13.7465 60.9403
    endloop
  endfacet
  facet normal 0.309513 0.59385 0.742661
    outer loop
      vertex -4.21091 -3.69067 80.7999
      vertex 9.51873 14.0613 60.883
      vertex -4.67779 -3.3758 80.7427
    endloop
  endfacet
  facet normal -9.08232e-06 -1.18799e-05 -1
    outer loop
      vertex -7.71435 -8.79653 4.50564e-07
      vertex -6.50017 -9.7282 4.91181e-07
      vertex -7.12251 -9.28223 8.45373e-07
    endloop
  endfacet
  facet normal 0.734915 -0.675592 0.0589534
    outer loop
      vertex 6.15308 -9.57017 44.6861
      vertex 8.79653 -7.71435 33
      vertex 6.28847 -9.43989 44.4913
    endloop
  endfacet
  facet normal 0.734922 -0.675585 0.0589538
    outer loop
      vertex -0.281321 -13.9599 74.5924
      vertex 3.11129 -11.7056 58.1332
      vertex 3.36135 -11.4537 57.9026
    endloop
  endfacet
  facet normal 0.73492 -0.675586 0.0589533
    outer loop
      vertex 3.11129 -11.7056 58.1332
      vertex -0.281321 -13.9599 74.5924
      vertex -0.515902 -14.2521 74.1682
    endloop
  endfacet
  facet normal -8.87453e-06 -2.08446e-06 -1
    outer loop
      vertex -11.5999 -1.52716 4.70965e-07
      vertex -11.3013 -3.02818 9.49842e-07
      vertex -11.4752 -2.28256 9.3891e-07
    endloop
  endfacet
  facet normal -0.972139 -0.226731 -0.0594912
    outer loop
      vertex -14.4777 -7.7491 69.8974
      vertex -11.4752 -2.28256 9.3891e-07
      vertex -11.3013 -3.02818 9.49842e-07
    endloop
  endfacet
  facet normal -0.994626 0.0979036 -0.0336878
    outer loop
      vertex -14.7237 -5.55467 71.6483
      vertex -11.5999 1.52716 1.10229e-06
      vertex -11.6749 0.765217 3.38624e-07
    endloop
  endfacet
  facet normal -2.18668e-05 3.15467e-06 -1
    outer loop
      vertex -11.6749 0.765217 3.38624e-07
      vertex -11.5999 1.52716 1.10229e-06
      vertex -11.4752 2.28256 7.58533e-07
    endloop
  endfacet
  facet normal 0.51232 0.429734 0.743543
    outer loop
      vertex -2.89271 -4.7573 80.8057
      vertex 11.7095 12.2887 60.8926
      vertex 11.3038 12.6798 60.9461
    endloop
  endfacet
  facet normal 0.512293 0.429761 0.743547
    outer loop
      vertex 11.7095 12.2887 60.8926
      vertex -2.89271 -4.7573 80.8057
      vertex -2.48707 -5.14845 80.7523
    endloop
  endfacet
  facet normal 2.48972e-06 -4.1426e-06 -1
    outer loop
      vertex 5.17478 -10.4934 6.5566e-07
      vertex 6.50017 -9.7282 7.8559e-07
      vertex 5.85 -10.1325 8.41703e-07
    endloop
  endfacet
  facet normal 5.33862e-07 -7.54895e-07 -1
    outer loop
      vertex 3.02818 -11.3013 1.19551e-07
      vertex 6.50017 -9.7282 7.8559e-07
      vertex 5.17478 -10.4934 6.5566e-07
    endloop
  endfacet
  facet normal 4.32268e-06 -3.5429e-06 -1
    outer loop
      vertex 8.27315 -8.27315 7.23948e-07
      vertex 9.72819 -6.50017 7.32121e-07
      vertex 9.28223 -7.12251 1.00927e-06
    endloop
  endfacet
  facet normal 0.812848 -0.582476 0
    outer loop
      vertex 9.28223 -7.12251 1.00927e-06
      vertex 9.72819 -6.50017 7.32121e-07
      vertex 9.72819 -6.50017 33
    endloop
  endfacet
  facet normal 0.809531 -0.580098 0.0902541
    outer loop
      vertex 7.42111 -8.18147 42.8869
      vertex 9.28223 -7.12251 33
      vertex 9.72819 -6.50017 33
    endloop
  endfacet
  facet normal 0.80953 -0.580099 0.0902538
    outer loop
      vertex 9.28223 -7.12251 33
      vertex 7.42111 -8.18147 42.8869
      vertex 6.9245 -8.7658 43.5855
    endloop
  endfacet
  facet normal 0.809533 -0.580095 0.0902564
    outer loop
      vertex -0.0760203 -13.645 75.0156
      vertex 3.86202 -10.9003 57.335
      vertex 4.13298 -10.5777 56.9781
    endloop
  endfacet
  facet normal 0.984886 -0.170188 -0.0321893
    outer loop
      vertex 11.4752 -2.28256 4.2805e-07
      vertex 14.6333 5.2499 56.8025
      vertex 14.5526 4.85875 56.4014
    endloop
  endfacet
  facet normal 0.986102 -0.162784 -0.0332388
    outer loop
      vertex 11.4752 -2.28256 4.2805e-07
      vertex 11.5999 -1.52716 8.42973e-08
      vertex 14.6333 5.2499 56.8025
    endloop
  endfacet
  facet normal 0.351004 0.932576 -0.0842529
    outer loop
      vertex 3.76084 11.0791 6.46077e-07
      vertex 7.06886 15.2723 60.195
      vertex 4.4774 10.8094 6.97134e-07
    endloop
  endfacet
  facet normal 0.340781 0.936386 -0.0839566
    outer loop
      vertex 3.76084 11.0791 6.46077e-07
      vertex 6.5705 15.4345 59.9812
      vertex 7.06886 15.2723 60.195
    endloop
  endfacet
  facet normal 0.460834 0.883332 -0.0857646
    outer loop
      vertex 5.17478 10.4934 8.36037e-07
      vertex 8.06357 14.8651 60.5485
      vertex 8.55565 14.6218 60.6867
    endloop
  endfacet
  facet normal 0.422846 0.902177 -0.0853128
    outer loop
      vertex 5.17478 10.4934 8.36037e-07
      vertex 7.56726 15.0822 60.3844
      vertex 8.06357 14.8651 60.5485
    endloop
  endfacet
  facet normal -0.933842 -0.351481 -0.0663345
    outer loop
      vertex -14.1563 -8.66785 69.3205
      vertex -11.0791 -3.76084 7.6415e-07
      vertex -10.8094 -4.4774 6.43974e-07
    endloop
  endfacet
  facet normal 0.362701 0.556258 0.74768
    outer loop
      vertex 9.98561 13.7465 60.9403
      vertex -3.75648 -4.02685 80.8296
      vertex 10.44 13.4103 60.97
    endloop
  endfacet
  facet normal 0.362664 0.556284 0.747678
    outer loop
      vertex -3.75648 -4.02685 80.8296
      vertex 9.98561 13.7465 60.9403
      vertex -4.21091 -3.69067 80.7999
    endloop
  endfacet
  facet normal 0.995184 -0.0980208 0
    outer loop
      vertex -7.68351 0.503604 30
      vertex -7.63412 1.00505 1
      vertex -7.63412 1.00505 30
    endloop
  endfacet
  facet normal 0.995184 -0.0980208 0
    outer loop
      vertex -7.63412 1.00505 1
      vertex -7.68351 0.503604 30
      vertex -7.68351 0.503604 1
    endloop
  endfacet
  facet normal 0.999464 -0.0327264 0
    outer loop
      vertex -7.7 3.16931e-15 30
      vertex -7.68351 0.503604 1
      vertex -7.68351 0.503604 30
    endloop
  endfacet
  facet normal 0.999464 -0.0327264 3.32406e-18
    outer loop
      vertex -7.68351 0.503604 1
      vertex -7.7 3.16931e-15 30
      vertex -7.7 3.36937e-16 1
    endloop
  endfacet
  facet normal -0.582486 0.812841 0
    outer loop
      vertex 4.68746 -6.10882 1
      vertex 4.27789 -6.40232 30
      vertex 4.68746 -6.10882 30
    endloop
  endfacet
  facet normal -0.582486 0.812841 0
    outer loop
      vertex 4.27789 -6.40232 30
      vertex 4.68746 -6.10882 1
      vertex 4.27789 -6.40232 1
    endloop
  endfacet
  facet normal 0.0980208 0.995184 -0
    outer loop
      vertex -0.503604 -7.68351 1
      vertex -1.00505 -7.63412 30
      vertex -0.503604 -7.68351 30
    endloop
  endfacet
  facet normal 0.0980208 0.995184 0
    outer loop
      vertex -1.00505 -7.63412 30
      vertex -0.503604 -7.68351 1
      vertex -1.00505 -7.63412 1
    endloop
  endfacet
  facet normal -0.812841 0.582486 0
    outer loop
      vertex 6.10882 -4.68746 1
      vertex 6.40232 -4.27789 30
      vertex 6.40232 -4.27789 1
    endloop
  endfacet
  facet normal -0.812841 0.582486 0
    outer loop
      vertex 6.40232 -4.27789 30
      vertex 6.10882 -4.68746 1
      vertex 6.10882 -4.68746 30
    endloop
  endfacet
  facet normal -0.935906 0.35225 0
    outer loop
      vertex 7.11387 -2.94666 1
      vertex 7.29136 -2.47508 30
      vertex 7.29136 -2.47508 1
    endloop
  endfacet
  facet normal -0.935906 0.35225 0
    outer loop
      vertex 7.29136 -2.47508 30
      vertex 7.11387 -2.94666 1
      vertex 7.11387 -2.94666 30
    endloop
  endfacet
  facet normal -0.973876 0.227081 0
    outer loop
      vertex 7.43763 -1.99291 1
      vertex 7.55205 -1.5022 30
      vertex 7.55205 -1.5022 1
    endloop
  endfacet
  facet normal -0.973876 0.227081 0
    outer loop
      vertex 7.55205 -1.5022 30
      vertex 7.43763 -1.99291 1
      vertex 7.43763 -1.99291 30
    endloop
  endfacet
  facet normal 0.290294 0.956937 -0
    outer loop
      vertex -1.99291 -7.43763 1
      vertex -2.47508 -7.29136 30
      vertex -1.99291 -7.43763 30
    endloop
  endfacet
  facet normal 0.290294 0.956937 0
    outer loop
      vertex -2.47508 -7.29136 30
      vertex -1.99291 -7.43763 1
      vertex -2.47508 -7.29136 1
    endloop
  endfacet
  facet normal -0.729859 0.683598 0
    outer loop
      vertex 5.44472 -5.44472 1
      vertex 5.78917 -5.07696 30
      vertex 5.78917 -5.07696 1
    endloop
  endfacet
  facet normal -0.729859 0.683598 0
    outer loop
      vertex 5.78917 -5.07696 30
      vertex 5.44472 -5.44472 1
      vertex 5.44472 -5.44472 30
    endloop
  endfacet
  facet normal 0.973876 0.227081 0
    outer loop
      vertex -7.43763 -1.99291 30
      vertex -7.55205 -1.5022 1
      vertex -7.55205 -1.5022 30
    endloop
  endfacet
  facet normal 0.973876 0.227081 0
    outer loop
      vertex -7.55205 -1.5022 1
      vertex -7.43763 -1.99291 30
      vertex -7.43763 -1.99291 1
    endloop
  endfacet
  facet normal -0.849201 -0.528069 0
    outer loop
      vertex 6.6684 3.85 1
      vertex 6.40232 4.27789 30
      vertex 6.40232 4.27789 1
    endloop
  endfacet
  facet normal -0.849201 -0.528069 0
    outer loop
      vertex 6.40232 4.27789 30
      vertex 6.6684 3.85 1
      vertex 6.6684 3.85 30
    endloop
  endfacet
  facet normal 0.773015 0.634388 0
    outer loop
      vertex -5.78917 -5.07696 30
      vertex -6.10882 -4.68746 1
      vertex -6.10882 -4.68746 30
    endloop
  endfacet
  facet normal 0.773015 0.634388 0
    outer loop
      vertex -6.10882 -4.68746 1
      vertex -5.78917 -5.07696 30
      vertex -5.78917 -5.07696 1
    endloop
  endfacet
  facet normal -0.995184 -0.0980208 0
    outer loop
      vertex 7.68351 0.503604 1
      vertex 7.63412 1.00505 30
      vertex 7.63412 1.00505 1
    endloop
  endfacet
  facet normal -0.995184 -0.0980208 0
    outer loop
      vertex 7.63412 1.00505 30
      vertex 7.68351 0.503604 1
      vertex 7.68351 0.503604 30
    endloop
  endfacet
  facet normal -0.227081 -0.973876 0
    outer loop
      vertex 1.5022 7.55205 1
      vertex 1.99291 7.43763 30
      vertex 1.5022 7.55205 30
    endloop
  endfacet
  facet normal -0.227081 -0.973876 -0
    outer loop
      vertex 1.99291 7.43763 30
      vertex 1.5022 7.55205 1
      vertex 1.99291 7.43763 1
    endloop
  endfacet
  facet normal 0.35225 -0.935906 0
    outer loop
      vertex -2.94666 7.11387 1
      vertex -2.47508 7.29136 30
      vertex -2.94666 7.11387 30
    endloop
  endfacet
  facet normal 0.35225 -0.935906 0
    outer loop
      vertex -2.47508 7.29136 30
      vertex -2.94666 7.11387 1
      vertex -2.47508 7.29136 1
    endloop
  endfacet
  facet normal 0.973876 -0.227081 0
    outer loop
      vertex -7.55205 1.5022 30
      vertex -7.43763 1.99291 1
      vertex -7.43763 1.99291 30
    endloop
  endfacet
  facet normal 0.973876 -0.227081 0
    outer loop
      vertex -7.43763 1.99291 1
      vertex -7.55205 1.5022 30
      vertex -7.55205 1.5022 1
    endloop
  endfacet
  facet normal 0.986646 0.162877 0
    outer loop
      vertex -7.55205 -1.5022 30
      vertex -7.63412 -1.00505 1
      vertex -7.63412 -1.00505 30
    endloop
  endfacet
  facet normal 0.986646 0.162877 0
    outer loop
      vertex -7.63412 -1.00505 1
      vertex -7.55205 -1.5022 30
      vertex -7.55205 -1.5022 1
    endloop
  endfacet
  facet normal -0.973876 -0.227081 0
    outer loop
      vertex 7.55205 1.5022 1
      vertex 7.43763 1.99291 30
      vertex 7.43763 1.99291 1
    endloop
  endfacet
  facet normal -0.973876 -0.227081 0
    outer loop
      vertex 7.43763 1.99291 30
      vertex 7.55205 1.5022 1
      vertex 7.55205 1.5022 30
    endloop
  endfacet
  facet normal 0.162877 -0.986646 0
    outer loop
      vertex -1.5022 7.55205 1
      vertex -1.00505 7.63412 30
      vertex -1.5022 7.55205 30
    endloop
  endfacet
  facet normal 0.162877 -0.986646 0
    outer loop
      vertex -1.00505 7.63412 30
      vertex -1.5022 7.55205 1
      vertex -1.00505 7.63412 1
    endloop
  endfacet
  facet normal 0.729859 0.683598 0
    outer loop
      vertex -5.44472 -5.44472 30
      vertex -5.78917 -5.07696 1
      vertex -5.78917 -5.07696 30
    endloop
  endfacet
  facet normal 0.729859 0.683598 0
    outer loop
      vertex -5.78917 -5.07696 1
      vertex -5.44472 -5.44472 30
      vertex -5.44472 -5.44472 1
    endloop
  endfacet
  facet normal -0.35225 0.935906 0
    outer loop
      vertex 2.94666 -7.11387 1
      vertex 2.47508 -7.29136 30
      vertex 2.94666 -7.11387 30
    endloop
  endfacet
  facet normal -0.35225 0.935906 0
    outer loop
      vertex 2.47508 -7.29136 30
      vertex 2.94666 -7.11387 1
      vertex 2.47508 -7.29136 1
    endloop
  endfacet
  facet normal 0.412704 0.910865 -0
    outer loop
      vertex -2.94666 -7.11387 1
      vertex -3.40562 -6.90592 30
      vertex -2.94666 -7.11387 30
    endloop
  endfacet
  facet normal 0.412704 0.910865 0
    outer loop
      vertex -3.40562 -6.90592 30
      vertex -2.94666 -7.11387 1
      vertex -3.40562 -6.90592 1
    endloop
  endfacet
  facet normal -0.0980208 -0.995184 0
    outer loop
      vertex 0.503604 7.68351 1
      vertex 1.00505 7.63412 30
      vertex 0.503604 7.68351 30
    endloop
  endfacet
  facet normal -0.0980208 -0.995184 -0
    outer loop
      vertex 1.00505 7.63412 30
      vertex 0.503604 7.68351 1
      vertex 1.00505 7.63412 1
    endloop
  endfacet
  facet normal 0.999464 0.0327264 -3.32406e-18
    outer loop
      vertex -7.68351 -0.503604 30
      vertex -7.7 3.36937e-16 1
      vertex -7.7 3.16931e-15 30
    endloop
  endfacet
  facet normal 0.999464 0.0327264 0
    outer loop
      vertex -7.7 3.36937e-16 1
      vertex -7.68351 -0.503604 30
      vertex -7.68351 -0.503604 1
    endloop
  endfacet
  facet normal 0.773015 -0.634388 0
    outer loop
      vertex -6.10882 4.68746 30
      vertex -5.78917 5.07696 1
      vertex -5.78917 5.07696 30
    endloop
  endfacet
  facet normal 0.773015 -0.634388 0
    outer loop
      vertex -5.78917 5.07696 1
      vertex -6.10882 4.68746 30
      vertex -6.10882 4.68746 1
    endloop
  endfacet
  facet normal -0.290294 -0.956937 0
    outer loop
      vertex 1.99291 7.43763 1
      vertex 2.47508 7.29136 30
      vertex 1.99291 7.43763 30
    endloop
  endfacet
  facet normal -0.290294 -0.956937 -0
    outer loop
      vertex 2.47508 7.29136 30
      vertex 1.99291 7.43763 1
      vertex 2.47508 7.29136 1
    endloop
  endfacet
  facet normal -0.471387 -0.881926 0
    outer loop
      vertex 3.40562 6.90592 1
      vertex 3.85 6.6684 30
      vertex 3.40562 6.90592 30
    endloop
  endfacet
  facet normal -0.471387 -0.881926 -0
    outer loop
      vertex 3.85 6.6684 30
      vertex 3.40562 6.90592 1
      vertex 3.85 6.6684 1
    endloop
  endfacet
  facet normal -0.849201 0.528069 0
    outer loop
      vertex 6.40232 -4.27789 1
      vertex 6.6684 -3.85 30
      vertex 6.6684 -3.85 1
    endloop
  endfacet
  facet normal -0.849201 0.528069 0
    outer loop
      vertex 6.6684 -3.85 30
      vertex 6.40232 -4.27789 1
      vertex 6.40232 -4.27789 30
    endloop
  endfacet
  facet normal 0.634388 -0.773015 0
    outer loop
      vertex -5.07696 5.78917 1
      vertex -4.68746 6.10882 30
      vertex -5.07696 5.78917 30
    endloop
  endfacet
  facet normal 0.634388 -0.773015 0
    outer loop
      vertex -4.68746 6.10882 30
      vertex -5.07696 5.78917 1
      vertex -4.68746 6.10882 1
    endloop
  endfacet
  facet normal 0.0327264 0.999464 -3.80399e-18
    outer loop
      vertex -2.88304e-16 -7.7 1
      vertex -0.503604 -7.68351 30
      vertex 3.08254e-15 -7.7 30
    endloop
  endfacet
  facet normal 0.0327264 0.999464 0
    outer loop
      vertex -0.503604 -7.68351 30
      vertex -2.88304e-16 -7.7 1
      vertex -0.503604 -7.68351 1
    endloop
  endfacet
  facet normal -0.634388 -0.773015 0
    outer loop
      vertex 4.68746 6.10882 1
      vertex 5.07696 5.78917 30
      vertex 4.68746 6.10882 30
    endloop
  endfacet
  facet normal -0.634388 -0.773015 -0
    outer loop
      vertex 5.07696 5.78917 30
      vertex 4.68746 6.10882 1
      vertex 5.07696 5.78917 1
    endloop
  endfacet
  facet normal -0.0980208 0.995184 0
    outer loop
      vertex 1.00505 -7.63412 1
      vertex 0.503604 -7.68351 30
      vertex 1.00505 -7.63412 30
    endloop
  endfacet
  facet normal -0.0980208 0.995184 0
    outer loop
      vertex 0.503604 -7.68351 30
      vertex 1.00505 -7.63412 1
      vertex 0.503604 -7.68351 1
    endloop
  endfacet
  facet normal -0.910865 0.412704 0
    outer loop
      vertex 6.90592 -3.40562 1
      vertex 7.11387 -2.94666 30
      vertex 7.11387 -2.94666 1
    endloop
  endfacet
  facet normal -0.910865 0.412704 0
    outer loop
      vertex 7.11387 -2.94666 30
      vertex 6.90592 -3.40562 1
      vertex 6.90592 -3.40562 30
    endloop
  endfacet
  facet normal -0.412704 0.910865 0
    outer loop
      vertex 3.40562 -6.90592 1
      vertex 2.94666 -7.11387 30
      vertex 3.40562 -6.90592 30
    endloop
  endfacet
  facet normal -0.412704 0.910865 0
    outer loop
      vertex 2.94666 -7.11387 30
      vertex 3.40562 -6.90592 1
      vertex 2.94666 -7.11387 1
    endloop
  endfacet
  facet normal 0.0327264 -0.999464 0
    outer loop
      vertex -0.503604 7.68351 1
      vertex 3.89162e-15 7.7 30
      vertex -0.503604 7.68351 30
    endloop
  endfacet
  facet normal 0.0327264 -0.999464 -3.80399e-18
    outer loop
      vertex 3.89162e-15 7.7 30
      vertex -0.503604 7.68351 1
      vertex 5.20776e-16 7.7 1
    endloop
  endfacet
  facet normal -0.999464 0.0327264 -3.08662e-18
    outer loop
      vertex 7.68351 -0.503604 1
      vertex 7.7 2.69077e-15 30
      vertex 7.7 -1.41601e-16 1
    endloop
  endfacet
  facet normal -0.999464 0.0327264 0
    outer loop
      vertex 7.7 2.69077e-15 30
      vertex 7.68351 -0.503604 1
      vertex 7.68351 -0.503604 30
    endloop
  endfacet
  facet normal 0.471387 -0.881926 0
    outer loop
      vertex -3.85 6.6684 1
      vertex -3.40562 6.90592 30
      vertex -3.85 6.6684 30
    endloop
  endfacet
  facet normal 0.471387 -0.881926 0
    outer loop
      vertex -3.40562 6.90592 30
      vertex -3.85 6.6684 1
      vertex -3.40562 6.90592 1
    endloop
  endfacet
  facet normal 0.812841 0.582486 0
    outer loop
      vertex -6.10882 -4.68746 30
      vertex -6.40232 -4.27789 1
      vertex -6.40232 -4.27789 30
    endloop
  endfacet
  facet normal 0.812841 0.582486 0
    outer loop
      vertex -6.40232 -4.27789 1
      vertex -6.10882 -4.68746 30
      vertex -6.10882 -4.68746 1
    endloop
  endfacet
  facet normal -0.881926 -0.471387 0
    outer loop
      vertex 6.90592 3.40562 1
      vertex 6.6684 3.85 30
      vertex 6.6684 3.85 1
    endloop
  endfacet
  facet normal -0.881926 -0.471387 0
    outer loop
      vertex 6.6684 3.85 30
      vertex 6.90592 3.40562 1
      vertex 6.90592 3.40562 30
    endloop
  endfacet
  facet normal 0.812841 -0.582486 0
    outer loop
      vertex -6.40232 4.27789 30
      vertex -6.10882 4.68746 1
      vertex -6.10882 4.68746 30
    endloop
  endfacet
  facet normal 0.812841 -0.582486 0
    outer loop
      vertex -6.10882 4.68746 1
      vertex -6.40232 4.27789 30
      vertex -6.40232 4.27789 1
    endloop
  endfacet
  facet normal 0.582486 -0.812841 0
    outer loop
      vertex -4.68746 6.10882 1
      vertex -4.27789 6.40232 30
      vertex -4.68746 6.10882 30
    endloop
  endfacet
  facet normal 0.582486 -0.812841 0
    outer loop
      vertex -4.27789 6.40232 30
      vertex -4.68746 6.10882 1
      vertex -4.27789 6.40232 1
    endloop
  endfacet
  facet normal -0.995184 0.0980208 0
    outer loop
      vertex 7.63412 -1.00505 1
      vertex 7.68351 -0.503604 30
      vertex 7.68351 -0.503604 1
    endloop
  endfacet
  facet normal -0.995184 0.0980208 0
    outer loop
      vertex 7.68351 -0.503604 30
      vertex 7.63412 -1.00505 1
      vertex 7.63412 -1.00505 30
    endloop
  endfacet
  facet normal 0.0980208 -0.995184 0
    outer loop
      vertex -1.00505 7.63412 1
      vertex -0.503604 7.68351 30
      vertex -1.00505 7.63412 30
    endloop
  endfacet
  facet normal 0.0980208 -0.995184 0
    outer loop
      vertex -0.503604 7.68351 30
      vertex -1.00505 7.63412 1
      vertex -0.503604 7.68351 1
    endloop
  endfacet
  facet normal -0.634388 0.773015 0
    outer loop
      vertex 5.07696 -5.78917 1
      vertex 4.68746 -6.10882 30
      vertex 5.07696 -5.78917 30
    endloop
  endfacet
  facet normal -0.634388 0.773015 0
    outer loop
      vertex 4.68746 -6.10882 30
      vertex 5.07696 -5.78917 1
      vertex 4.68746 -6.10882 1
    endloop
  endfacet
  facet normal 0.849201 0.528069 0
    outer loop
      vertex -6.40232 -4.27789 30
      vertex -6.6684 -3.85 1
      vertex -6.6684 -3.85 30
    endloop
  endfacet
  facet normal 0.849201 0.528069 0
    outer loop
      vertex -6.6684 -3.85 1
      vertex -6.40232 -4.27789 30
      vertex -6.40232 -4.27789 1
    endloop
  endfacet
  facet normal 0.849201 -0.528069 0
    outer loop
      vertex -6.6684 3.85 30
      vertex -6.40232 4.27789 1
      vertex -6.40232 4.27789 30
    endloop
  endfacet
  facet normal 0.849201 -0.528069 0
    outer loop
      vertex -6.40232 4.27789 1
      vertex -6.6684 3.85 30
      vertex -6.6684 3.85 1
    endloop
  endfacet
  facet normal 0.910865 -0.412704 0
    outer loop
      vertex -7.11387 2.94666 30
      vertex -6.90592 3.40562 1
      vertex -6.90592 3.40562 30
    endloop
  endfacet
  facet normal 0.910865 -0.412704 0
    outer loop
      vertex -6.90592 3.40562 1
      vertex -7.11387 2.94666 30
      vertex -7.11387 2.94666 1
    endloop
  endfacet
  facet normal -0.35225 -0.935906 0
    outer loop
      vertex 2.47508 7.29136 1
      vertex 2.94666 7.11387 30
      vertex 2.47508 7.29136 30
    endloop
  endfacet
  facet normal -0.35225 -0.935906 -0
    outer loop
      vertex 2.94666 7.11387 30
      vertex 2.47508 7.29136 1
      vertex 2.94666 7.11387 1
    endloop
  endfacet
  facet normal 0.935906 -0.35225 0
    outer loop
      vertex -7.29136 2.47508 30
      vertex -7.11387 2.94666 1
      vertex -7.11387 2.94666 30
    endloop
  endfacet
  facet normal 0.935906 -0.35225 0
    outer loop
      vertex -7.11387 2.94666 1
      vertex -7.29136 2.47508 30
      vertex -7.29136 2.47508 1
    endloop
  endfacet
  facet normal 0.956937 -0.290294 0
    outer loop
      vertex -7.43763 1.99291 30
      vertex -7.29136 2.47508 1
      vertex -7.29136 2.47508 30
    endloop
  endfacet
  facet normal 0.956937 -0.290294 0
    outer loop
      vertex -7.29136 2.47508 1
      vertex -7.43763 1.99291 30
      vertex -7.43763 1.99291 1
    endloop
  endfacet
  facet normal -0.0327264 -0.999464 3.80399e-18
    outer loop
      vertex 5.20776e-16 7.7 1
      vertex 0.503604 7.68351 30
      vertex 3.89162e-15 7.7 30
    endloop
  endfacet
  facet normal -0.0327264 -0.999464 -0
    outer loop
      vertex 0.503604 7.68351 30
      vertex 5.20776e-16 7.7 1
      vertex 0.503604 7.68351 1
    endloop
  endfacet
  facet normal 0.881926 -0.471387 0
    outer loop
      vertex -6.90592 3.40562 30
      vertex -6.6684 3.85 1
      vertex -6.6684 3.85 30
    endloop
  endfacet
  facet normal 0.881926 -0.471387 0
    outer loop
      vertex -6.6684 3.85 1
      vertex -6.90592 3.40562 30
      vertex -6.90592 3.40562 1
    endloop
  endfacet
  facet normal 0.683598 -0.729859 0
    outer loop
      vertex -5.44472 5.44472 1
      vertex -5.07696 5.78917 30
      vertex -5.44472 5.44472 30
    endloop
  endfacet
  facet normal 0.683598 -0.729859 0
    outer loop
      vertex -5.07696 5.78917 30
      vertex -5.44472 5.44472 1
      vertex -5.07696 5.78917 1
    endloop
  endfacet
  facet normal 0.162877 0.986646 -0
    outer loop
      vertex -1.00505 -7.63412 1
      vertex -1.5022 -7.55205 30
      vertex -1.00505 -7.63412 30
    endloop
  endfacet
  facet normal 0.162877 0.986646 0
    outer loop
      vertex -1.5022 -7.55205 30
      vertex -1.00505 -7.63412 1
      vertex -1.5022 -7.55205 1
    endloop
  endfacet
  facet normal -0.683598 -0.729859 0
    outer loop
      vertex 5.07696 5.78917 1
      vertex 5.44472 5.44472 30
      vertex 5.07696 5.78917 30
    endloop
  endfacet
  facet normal -0.683598 -0.729859 -0
    outer loop
      vertex 5.44472 5.44472 30
      vertex 5.07696 5.78917 1
      vertex 5.44472 5.44472 1
    endloop
  endfacet
  facet normal -0.773015 0.634388 0
    outer loop
      vertex 5.78917 -5.07696 1
      vertex 6.10882 -4.68746 30
      vertex 6.10882 -4.68746 1
    endloop
  endfacet
  facet normal -0.773015 0.634388 0
    outer loop
      vertex 6.10882 -4.68746 30
      vertex 5.78917 -5.07696 1
      vertex 5.78917 -5.07696 30
    endloop
  endfacet
  facet normal -0.986646 -0.162877 0
    outer loop
      vertex 7.63412 1.00505 1
      vertex 7.55205 1.5022 30
      vertex 7.55205 1.5022 1
    endloop
  endfacet
  facet normal -0.986646 -0.162877 0
    outer loop
      vertex 7.55205 1.5022 30
      vertex 7.63412 1.00505 1
      vertex 7.63412 1.00505 30
    endloop
  endfacet
  facet normal 0.582486 0.812841 -0
    outer loop
      vertex -4.27789 -6.40232 1
      vertex -4.68746 -6.10882 30
      vertex -4.27789 -6.40232 30
    endloop
  endfacet
  facet normal 0.582486 0.812841 0
    outer loop
      vertex -4.68746 -6.10882 30
      vertex -4.27789 -6.40232 1
      vertex -4.68746 -6.10882 1
    endloop
  endfacet
  facet normal -0.956937 0.290294 0
    outer loop
      vertex 7.29136 -2.47508 1
      vertex 7.43763 -1.99291 30
      vertex 7.43763 -1.99291 1
    endloop
  endfacet
  facet normal -0.956937 0.290294 0
    outer loop
      vertex 7.43763 -1.99291 30
      vertex 7.29136 -2.47508 1
      vertex 7.29136 -2.47508 30
    endloop
  endfacet
  facet normal -0.162877 -0.986646 0
    outer loop
      vertex 1.00505 7.63412 1
      vertex 1.5022 7.55205 30
      vertex 1.00505 7.63412 30
    endloop
  endfacet
  facet normal -0.162877 -0.986646 -0
    outer loop
      vertex 1.5022 7.55205 30
      vertex 1.00505 7.63412 1
      vertex 1.5022 7.55205 1
    endloop
  endfacet
  facet normal -0.956937 -0.290294 0
    outer loop
      vertex 7.43763 1.99291 1
      vertex 7.29136 2.47508 30
      vertex 7.29136 2.47508 1
    endloop
  endfacet
  facet normal -0.956937 -0.290294 0
    outer loop
      vertex 7.29136 2.47508 30
      vertex 7.43763 1.99291 1
      vertex 7.43763 1.99291 30
    endloop
  endfacet
  facet normal 0.956937 0.290294 0
    outer loop
      vertex -7.29136 -2.47508 30
      vertex -7.43763 -1.99291 1
      vertex -7.43763 -1.99291 30
    endloop
  endfacet
  facet normal 0.956937 0.290294 0
    outer loop
      vertex -7.43763 -1.99291 1
      vertex -7.29136 -2.47508 30
      vertex -7.29136 -2.47508 1
    endloop
  endfacet
  facet normal 0.412704 -0.910865 0
    outer loop
      vertex -3.40562 6.90592 1
      vertex -2.94666 7.11387 30
      vertex -3.40562 6.90592 30
    endloop
  endfacet
  facet normal 0.412704 -0.910865 0
    outer loop
      vertex -2.94666 7.11387 30
      vertex -3.40562 6.90592 1
      vertex -2.94666 7.11387 1
    endloop
  endfacet
  facet normal 0.995184 0.0980208 0
    outer loop
      vertex -7.63412 -1.00505 30
      vertex -7.68351 -0.503604 1
      vertex -7.68351 -0.503604 30
    endloop
  endfacet
  facet normal 0.995184 0.0980208 0
    outer loop
      vertex -7.68351 -0.503604 1
      vertex -7.63412 -1.00505 30
      vertex -7.63412 -1.00505 1
    endloop
  endfacet
  facet normal 0.528069 -0.849201 0
    outer loop
      vertex -4.27789 6.40232 1
      vertex -3.85 6.6684 30
      vertex -4.27789 6.40232 30
    endloop
  endfacet
  facet normal 0.528069 -0.849201 0
    outer loop
      vertex -3.85 6.6684 30
      vertex -4.27789 6.40232 1
      vertex -3.85 6.6684 1
    endloop
  endfacet
  facet normal -0.881926 0.471387 0
    outer loop
      vertex 6.6684 -3.85 1
      vertex 6.90592 -3.40562 30
      vertex 6.90592 -3.40562 1
    endloop
  endfacet
  facet normal -0.881926 0.471387 0
    outer loop
      vertex 6.90592 -3.40562 30
      vertex 6.6684 -3.85 1
      vertex 6.6684 -3.85 30
    endloop
  endfacet
  facet normal -0.935906 -0.35225 0
    outer loop
      vertex 7.29136 2.47508 1
      vertex 7.11387 2.94666 30
      vertex 7.11387 2.94666 1
    endloop
  endfacet
  facet normal -0.935906 -0.35225 0
    outer loop
      vertex 7.11387 2.94666 30
      vertex 7.29136 2.47508 1
      vertex 7.29136 2.47508 30
    endloop
  endfacet
  facet normal -0.290294 0.956937 0
    outer loop
      vertex 2.47508 -7.29136 1
      vertex 1.99291 -7.43763 30
      vertex 2.47508 -7.29136 30
    endloop
  endfacet
  facet normal -0.290294 0.956937 0
    outer loop
      vertex 1.99291 -7.43763 30
      vertex 2.47508 -7.29136 1
      vertex 1.99291 -7.43763 1
    endloop
  endfacet
  facet normal -0.773015 -0.634388 0
    outer loop
      vertex 6.10882 4.68746 1
      vertex 5.78917 5.07696 30
      vertex 5.78917 5.07696 1
    endloop
  endfacet
  facet normal -0.773015 -0.634388 0
    outer loop
      vertex 5.78917 5.07696 30
      vertex 6.10882 4.68746 1
      vertex 6.10882 4.68746 30
    endloop
  endfacet
  facet normal -0.528069 -0.849201 0
    outer loop
      vertex 3.85 6.6684 1
      vertex 4.27789 6.40232 30
      vertex 3.85 6.6684 30
    endloop
  endfacet
  facet normal -0.528069 -0.849201 -0
    outer loop
      vertex 4.27789 6.40232 30
      vertex 3.85 6.6684 1
      vertex 4.27789 6.40232 1
    endloop
  endfacet
  facet normal 0.35225 0.935906 -0
    outer loop
      vertex -2.47508 -7.29136 1
      vertex -2.94666 -7.11387 30
      vertex -2.47508 -7.29136 30
    endloop
  endfacet
  facet normal 0.35225 0.935906 0
    outer loop
      vertex -2.94666 -7.11387 30
      vertex -2.47508 -7.29136 1
      vertex -2.94666 -7.11387 1
    endloop
  endfacet
  facet normal -0.910865 -0.412704 0
    outer loop
      vertex 7.11387 2.94666 1
      vertex 6.90592 3.40562 30
      vertex 6.90592 3.40562 1
    endloop
  endfacet
  facet normal -0.910865 -0.412704 0
    outer loop
      vertex 6.90592 3.40562 30
      vertex 7.11387 2.94666 1
      vertex 7.11387 2.94666 30
    endloop
  endfacet
  facet normal -0.582486 -0.812841 0
    outer loop
      vertex 4.27789 6.40232 1
      vertex 4.68746 6.10882 30
      vertex 4.27789 6.40232 30
    endloop
  endfacet
  facet normal -0.582486 -0.812841 -0
    outer loop
      vertex 4.68746 6.10882 30
      vertex 4.27789 6.40232 1
      vertex 4.68746 6.10882 1
    endloop
  endfacet
  facet normal 0.986646 -0.162877 0
    outer loop
      vertex -7.63412 1.00505 30
      vertex -7.55205 1.5022 1
      vertex -7.55205 1.5022 30
    endloop
  endfacet
  facet normal 0.986646 -0.162877 0
    outer loop
      vertex -7.55205 1.5022 1
      vertex -7.63412 1.00505 30
      vertex -7.63412 1.00505 1
    endloop
  endfacet
  facet normal -0.162877 0.986646 0
    outer loop
      vertex 1.5022 -7.55205 1
      vertex 1.00505 -7.63412 30
      vertex 1.5022 -7.55205 30
    endloop
  endfacet
  facet normal -0.162877 0.986646 0
    outer loop
      vertex 1.00505 -7.63412 30
      vertex 1.5022 -7.55205 1
      vertex 1.00505 -7.63412 1
    endloop
  endfacet
  facet normal 0.881926 0.471387 0
    outer loop
      vertex -6.6684 -3.85 30
      vertex -6.90592 -3.40562 1
      vertex -6.90592 -3.40562 30
    endloop
  endfacet
  facet normal 0.881926 0.471387 0
    outer loop
      vertex -6.90592 -3.40562 1
      vertex -6.6684 -3.85 30
      vertex -6.6684 -3.85 1
    endloop
  endfacet
  facet normal 0.471387 0.881926 -0
    outer loop
      vertex -3.40562 -6.90592 1
      vertex -3.85 -6.6684 30
      vertex -3.40562 -6.90592 30
    endloop
  endfacet
  facet normal 0.471387 0.881926 0
    outer loop
      vertex -3.85 -6.6684 30
      vertex -3.40562 -6.90592 1
      vertex -3.85 -6.6684 1
    endloop
  endfacet
  facet normal -0.412704 -0.910865 0
    outer loop
      vertex 2.94666 7.11387 1
      vertex 3.40562 6.90592 30
      vertex 2.94666 7.11387 30
    endloop
  endfacet
  facet normal -0.412704 -0.910865 -0
    outer loop
      vertex 3.40562 6.90592 30
      vertex 2.94666 7.11387 1
      vertex 3.40562 6.90592 1
    endloop
  endfacet
  facet normal -0.999464 -0.0327264 0
    outer loop
      vertex 7.68351 0.503604 1
      vertex 7.7 2.69077e-15 30
      vertex 7.68351 0.503604 30
    endloop
  endfacet
  facet normal -0.999464 -0.0327264 3.19633e-18
    outer loop
      vertex 7.7 2.69077e-15 30
      vertex 7.68351 0.503604 1
      vertex 7.7 -1.41601e-16 1
    endloop
  endfacet
  facet normal 0.290294 -0.956937 0
    outer loop
      vertex -2.47508 7.29136 1
      vertex -1.99291 7.43763 30
      vertex -2.47508 7.29136 30
    endloop
  endfacet
  facet normal 0.290294 -0.956937 0
    outer loop
      vertex -1.99291 7.43763 30
      vertex -2.47508 7.29136 1
      vertex -1.99291 7.43763 1
    endloop
  endfacet
  facet normal -0.0327264 0.999464 0
    outer loop
      vertex 0.503604 -7.68351 1
      vertex 3.08254e-15 -7.7 30
      vertex 0.503604 -7.68351 30
    endloop
  endfacet
  facet normal -0.0327264 0.999464 3.80399e-18
    outer loop
      vertex 3.08254e-15 -7.7 30
      vertex 0.503604 -7.68351 1
      vertex -2.88304e-16 -7.7 1
    endloop
  endfacet
  facet normal 0 0 -1
    outer loop
      vertex 7.68351 -0.503604 30
      vertex 7.68351 0.503604 30
      vertex 7.7 2.69077e-15 30
    endloop
  endfacet
  facet normal 0 0 -1
    outer loop
      vertex 7.63412 -1.00505 30
      vertex 7.68351 0.503604 30
      vertex 7.68351 -0.503604 30
    endloop
  endfacet
  facet normal 0 0 -1
    outer loop
      vertex 7.63412 -1.00505 30
      vertex 7.63412 1.00505 30
      vertex 7.68351 0.503604 30
    endloop
  endfacet
  facet normal 0 0 -1
    outer loop
      vertex 7.55205 -1.5022 30
      vertex 7.63412 1.00505 30
      vertex 7.63412 -1.00505 30
    endloop
  endfacet
  facet normal 0 0 -1
    outer loop
      vertex 7.55205 -1.5022 30
      vertex 7.55205 1.5022 30
      vertex 7.63412 1.00505 30
    endloop
  endfacet
  facet normal 0 0 -1
    outer loop
      vertex 7.43763 -1.99291 30
      vertex 7.55205 1.5022 30
      vertex 7.55205 -1.5022 30
    endloop
  endfacet
  facet normal 0 0 -1
    outer loop
      vertex 7.43763 -1.99291 30
      vertex 7.43763 1.99291 30
      vertex 7.55205 1.5022 30
    endloop
  endfacet
  facet normal 0 0 -1
    outer loop
      vertex 7.29136 -2.47508 30
      vertex 7.43763 1.99291 30
      vertex 7.43763 -1.99291 30
    endloop
  endfacet
  facet normal 0 0 -1
    outer loop
      vertex 7.29136 -2.47508 30
      vertex 7.29136 2.47508 30
      vertex 7.43763 1.99291 30
    endloop
  endfacet
  facet normal 0 0 -1
    outer loop
      vertex 7.11387 -2.94666 30
      vertex 7.29136 2.47508 30
      vertex 7.29136 -2.47508 30
    endloop
  endfacet
  facet normal 0 0 -1
    outer loop
      vertex 7.11387 -2.94666 30
      vertex 7.11387 2.94666 30
      vertex 7.29136 2.47508 30
    endloop
  endfacet
  facet normal 0 0 -1
    outer loop
      vertex 6.90592 -3.40562 30
      vertex 7.11387 2.94666 30
      vertex 7.11387 -2.94666 30
    endloop
  endfacet
  facet normal 0 0 -1
    outer loop
      vertex 6.90592 -3.40562 30
      vertex 6.90592 3.40562 30
      vertex 7.11387 2.94666 30
    endloop
  endfacet
  facet normal 0 0 -1
    outer loop
      vertex 6.6684 -3.85 30
      vertex 6.90592 3.40562 30
      vertex 6.90592 -3.40562 30
    endloop
  endfacet
  facet normal 0 0 -1
    outer loop
      vertex 6.6684 -3.85 30
      vertex 6.6684 3.85 30
      vertex 6.90592 3.40562 30
    endloop
  endfacet
  facet normal 0 0 -1
    outer loop
      vertex 6.40232 -4.27789 30
      vertex 6.6684 3.85 30
      vertex 6.6684 -3.85 30
    endloop
  endfacet
  facet normal 0 0 -1
    outer loop
      vertex 6.40232 -4.27789 30
      vertex 6.40232 4.27789 30
      vertex 6.6684 3.85 30
    endloop
  endfacet
  facet normal 0 0 -1
    outer loop
      vertex 6.10882 -4.68746 30
      vertex 6.40232 4.27789 30
      vertex 6.40232 -4.27789 30
    endloop
  endfacet
  facet normal 0 0 -1
    outer loop
      vertex 6.10882 -4.68746 30
      vertex 6.10882 4.68746 30
      vertex 6.40232 4.27789 30
    endloop
  endfacet
  facet normal 0 0 -1
    outer loop
      vertex 5.78917 -5.07696 30
      vertex 6.10882 4.68746 30
      vertex 6.10882 -4.68746 30
    endloop
  endfacet
  facet normal 0 0 -1
    outer loop
      vertex 5.78917 -5.07696 30
      vertex 5.78917 5.07696 30
      vertex 6.10882 4.68746 30
    endloop
  endfacet
  facet normal 0 0 -1
    outer loop
      vertex 5.44472 -5.44472 30
      vertex 5.78917 5.07696 30
      vertex 5.78917 -5.07696 30
    endloop
  endfacet
  facet normal 0 0 -1
    outer loop
      vertex 5.44472 -5.44472 30
      vertex 5.44472 5.44472 30
      vertex 5.78917 5.07696 30
    endloop
  endfacet
  facet normal 0 0 -1
    outer loop
      vertex 5.07696 -5.78917 30
      vertex 5.44472 5.44472 30
      vertex 5.44472 -5.44472 30
    endloop
  endfacet
  facet normal 0 0 -1
    outer loop
      vertex 5.07696 -5.78917 30
      vertex 5.07696 5.78917 30
      vertex 5.44472 5.44472 30
    endloop
  endfacet
  facet normal 0 0 -1
    outer loop
      vertex 4.68746 -6.10882 30
      vertex 5.07696 5.78917 30
      vertex 5.07696 -5.78917 30
    endloop
  endfacet
  facet normal 0 0 -1
    outer loop
      vertex 4.68746 -6.10882 30
      vertex 4.68746 6.10882 30
      vertex 5.07696 5.78917 30
    endloop
  endfacet
  facet normal 0 0 -1
    outer loop
      vertex 4.27789 -6.40232 30
      vertex 4.68746 6.10882 30
      vertex 4.68746 -6.10882 30
    endloop
  endfacet
  facet normal 0 0 -1
    outer loop
      vertex 4.27789 -6.40232 30
      vertex 4.27789 6.40232 30
      vertex 4.68746 6.10882 30
    endloop
  endfacet
  facet normal 0 0 -1
    outer loop
      vertex 3.85 -6.6684 30
      vertex 4.27789 6.40232 30
      vertex 4.27789 -6.40232 30
    endloop
  endfacet
  facet normal 0 0 -1
    outer loop
      vertex 3.85 -6.6684 30
      vertex 3.85 6.6684 30
      vertex 4.27789 6.40232 30
    endloop
  endfacet
  facet normal 0 0 -1
    outer loop
      vertex 3.40562 -6.90592 30
      vertex 3.85 6.6684 30
      vertex 3.85 -6.6684 30
    endloop
  endfacet
  facet normal 0 0 -1
    outer loop
      vertex 3.40562 -6.90592 30
      vertex 3.40562 6.90592 30
      vertex 3.85 6.6684 30
    endloop
  endfacet
  facet normal 0 0 -1
    outer loop
      vertex 2.94666 -7.11387 30
      vertex 3.40562 6.90592 30
      vertex 3.40562 -6.90592 30
    endloop
  endfacet
  facet normal 0 0 -1
    outer loop
      vertex 2.94666 -7.11387 30
      vertex 2.94666 7.11387 30
      vertex 3.40562 6.90592 30
    endloop
  endfacet
  facet normal 0 0 -1
    outer loop
      vertex 2.47508 -7.29136 30
      vertex 2.94666 7.11387 30
      vertex 2.94666 -7.11387 30
    endloop
  endfacet
  facet normal 0 0 -1
    outer loop
      vertex 2.47508 -7.29136 30
      vertex 2.47508 7.29136 30
      vertex 2.94666 7.11387 30
    endloop
  endfacet
  facet normal 0 0 -1
    outer loop
      vertex 1.99291 -7.43763 30
      vertex 2.47508 7.29136 30
      vertex 2.47508 -7.29136 30
    endloop
  endfacet
  facet normal 0 0 -1
    outer loop
      vertex 1.99291 -7.43763 30
      vertex 1.99291 7.43763 30
      vertex 2.47508 7.29136 30
    endloop
  endfacet
  facet normal 0 0 -1
    outer loop
      vertex 1.5022 -7.55205 30
      vertex 1.99291 7.43763 30
      vertex 1.99291 -7.43763 30
    endloop
  endfacet
  facet normal 0 0 -1
    outer loop
      vertex 1.5022 -7.55205 30
      vertex 1.5022 7.55205 30
      vertex 1.99291 7.43763 30
    endloop
  endfacet
  facet normal 0 0 -1
    outer loop
      vertex 1.00505 -7.63412 30
      vertex 1.5022 7.55205 30
      vertex 1.5022 -7.55205 30
    endloop
  endfacet
  facet normal 0 0 -1
    outer loop
      vertex 1.00505 -7.63412 30
      vertex 1.00505 7.63412 30
      vertex 1.5022 7.55205 30
    endloop
  endfacet
  facet normal 0 0 -1
    outer loop
      vertex 0.503604 -7.68351 30
      vertex 1.00505 7.63412 30
      vertex 1.00505 -7.63412 30
    endloop
  endfacet
  facet normal 0 0 -1
    outer loop
      vertex 0.503604 -7.68351 30
      vertex 0.503604 7.68351 30
      vertex 1.00505 7.63412 30
    endloop
  endfacet
  facet normal 0 0 -1
    outer loop
      vertex 0.503604 -7.68351 30
      vertex 3.89162e-15 7.7 30
      vertex 0.503604 7.68351 30
    endloop
  endfacet
  facet normal 0 0 -1
    outer loop
      vertex 3.08254e-15 -7.7 30
      vertex 3.89162e-15 7.7 30
      vertex 0.503604 -7.68351 30
    endloop
  endfacet
  facet normal 0 0 -1
    outer loop
      vertex -0.503604 -7.68351 30
      vertex 3.89162e-15 7.7 30
      vertex 3.08254e-15 -7.7 30
    endloop
  endfacet
  facet normal 0 0 -1
    outer loop
      vertex -0.503604 -7.68351 30
      vertex -0.503604 7.68351 30
      vertex 3.89162e-15 7.7 30
    endloop
  endfacet
  facet normal 0 0 -1
    outer loop
      vertex -1.00505 -7.63412 30
      vertex -0.503604 7.68351 30
      vertex -0.503604 -7.68351 30
    endloop
  endfacet
  facet normal 0 0 -1
    outer loop
      vertex -1.00505 -7.63412 30
      vertex -1.00505 7.63412 30
      vertex -0.503604 7.68351 30
    endloop
  endfacet
  facet normal 0 0 -1
    outer loop
      vertex -1.5022 -7.55205 30
      vertex -1.00505 7.63412 30
      vertex -1.00505 -7.63412 30
    endloop
  endfacet
  facet normal 0 0 -1
    outer loop
      vertex -1.5022 -7.55205 30
      vertex -1.5022 7.55205 30
      vertex -1.00505 7.63412 30
    endloop
  endfacet
  facet normal 0 0 -1
    outer loop
      vertex -1.99291 -7.43763 30
      vertex -1.5022 7.55205 30
      vertex -1.5022 -7.55205 30
    endloop
  endfacet
  facet normal 0 0 -1
    outer loop
      vertex -1.99291 -7.43763 30
      vertex -1.99291 7.43763 30
      vertex -1.5022 7.55205 30
    endloop
  endfacet
  facet normal 0 0 -1
    outer loop
      vertex -2.47508 -7.29136 30
      vertex -1.99291 7.43763 30
      vertex -1.99291 -7.43763 30
    endloop
  endfacet
  facet normal 0 0 -1
    outer loop
      vertex -2.47508 -7.29136 30
      vertex -2.47508 7.29136 30
      vertex -1.99291 7.43763 30
    endloop
  endfacet
  facet normal 0 0 -1
    outer loop
      vertex -2.94666 -7.11387 30
      vertex -2.47508 7.29136 30
      vertex -2.47508 -7.29136 30
    endloop
  endfacet
  facet normal 0 0 -1
    outer loop
      vertex -2.94666 -7.11387 30
      vertex -2.94666 7.11387 30
      vertex -2.47508 7.29136 30
    endloop
  endfacet
  facet normal 0 0 -1
    outer loop
      vertex -3.40562 -6.90592 30
      vertex -2.94666 7.11387 30
      vertex -2.94666 -7.11387 30
    endloop
  endfacet
  facet normal 0 0 -1
    outer loop
      vertex -3.40562 -6.90592 30
      vertex -3.40562 6.90592 30
      vertex -2.94666 7.11387 30
    endloop
  endfacet
  facet normal 0 0 -1
    outer loop
      vertex -3.85 -6.6684 30
      vertex -3.40562 6.90592 30
      vertex -3.40562 -6.90592 30
    endloop
  endfacet
  facet normal 0 0 -1
    outer loop
      vertex -3.85 -6.6684 30
      vertex -3.85 6.6684 30
      vertex -3.40562 6.90592 30
    endloop
  endfacet
  facet normal 0 0 -1
    outer loop
      vertex -4.27789 -6.40232 30
      vertex -3.85 6.6684 30
      vertex -3.85 -6.6684 30
    endloop
  endfacet
  facet normal 0 0 -1
    outer loop
      vertex -4.27789 -6.40232 30
      vertex -4.27789 6.40232 30
      vertex -3.85 6.6684 30
    endloop
  endfacet
  facet normal 0 0 -1
    outer loop
      vertex -4.68746 -6.10882 30
      vertex -4.27789 6.40232 30
      vertex -4.27789 -6.40232 30
    endloop
  endfacet
  facet normal 0 0 -1
    outer loop
      vertex -4.68746 -6.10882 30
      vertex -4.68746 6.10882 30
      vertex -4.27789 6.40232 30
    endloop
  endfacet
  facet normal 0 0 -1
    outer loop
      vertex -5.07696 -5.78917 30
      vertex -4.68746 6.10882 30
      vertex -4.68746 -6.10882 30
    endloop
  endfacet
  facet normal 0 0 -1
    outer loop
      vertex -5.07696 -5.78917 30
      vertex -5.07696 5.78917 30
      vertex -4.68746 6.10882 30
    endloop
  endfacet
  facet normal 0 0 -1
    outer loop
      vertex -5.44472 -5.44472 30
      vertex -5.07696 5.78917 30
      vertex -5.07696 -5.78917 30
    endloop
  endfacet
  facet normal 0 0 -1
    outer loop
      vertex -5.44472 -5.44472 30
      vertex -5.44472 5.44472 30
      vertex -5.07696 5.78917 30
    endloop
  endfacet
  facet normal 0 0 -1
    outer loop
      vertex -5.78917 -5.07696 30
      vertex -5.44472 5.44472 30
      vertex -5.44472 -5.44472 30
    endloop
  endfacet
  facet normal 0 0 -1
    outer loop
      vertex -5.78917 -5.07696 30
      vertex -5.78917 5.07696 30
      vertex -5.44472 5.44472 30
    endloop
  endfacet
  facet normal 0 0 -1
    outer loop
      vertex -6.10882 -4.68746 30
      vertex -5.78917 5.07696 30
      vertex -5.78917 -5.07696 30
    endloop
  endfacet
  facet normal 0 0 -1
    outer loop
      vertex -6.10882 -4.68746 30
      vertex -6.10882 4.68746 30
      vertex -5.78917 5.07696 30
    endloop
  endfacet
  facet normal 0 0 -1
    outer loop
      vertex -6.40232 -4.27789 30
      vertex -6.10882 4.68746 30
      vertex -6.10882 -4.68746 30
    endloop
  endfacet
  facet normal 0 0 -1
    outer loop
      vertex -6.40232 -4.27789 30
      vertex -6.40232 4.27789 30
      vertex -6.10882 4.68746 30
    endloop
  endfacet
  facet normal 0 0 -1
    outer loop
      vertex -6.6684 -3.85 30
      vertex -6.40232 4.27789 30
      vertex -6.40232 -4.27789 30
    endloop
  endfacet
  facet normal 0 0 -1
    outer loop
      vertex -6.6684 -3.85 30
      vertex -6.6684 3.85 30
      vertex -6.40232 4.27789 30
    endloop
  endfacet
  facet normal 0 0 -1
    outer loop
      vertex -6.90592 -3.40562 30
      vertex -6.6684 3.85 30
      vertex -6.6684 -3.85 30
    endloop
  endfacet
  facet normal 0 0 -1
    outer loop
      vertex -6.90592 -3.40562 30
      vertex -6.90592 3.40562 30
      vertex -6.6684 3.85 30
    endloop
  endfacet
  facet normal 0 0 -1
    outer loop
      vertex -7.11387 -2.94666 30
      vertex -6.90592 3.40562 30
      vertex -6.90592 -3.40562 30
    endloop
  endfacet
  facet normal 0 0 -1
    outer loop
      vertex -7.11387 -2.94666 30
      vertex -7.11387 2.94666 30
      vertex -6.90592 3.40562 30
    endloop
  endfacet
  facet normal 0 0 -1
    outer loop
      vertex -7.29136 -2.47508 30
      vertex -7.11387 2.94666 30
      vertex -7.11387 -2.94666 30
    endloop
  endfacet
  facet normal 0 0 -1
    outer loop
      vertex -7.29136 -2.47508 30
      vertex -7.29136 2.47508 30
      vertex -7.11387 2.94666 30
    endloop
  endfacet
  facet normal 0 0 -1
    outer loop
      vertex -7.43763 -1.99291 30
      vertex -7.29136 2.47508 30
      vertex -7.29136 -2.47508 30
    endloop
  endfacet
  facet normal 0 0 -1
    outer loop
      vertex -7.43763 -1.99291 30
      vertex -7.43763 1.99291 30
      vertex -7.29136 2.47508 30
    endloop
  endfacet
  facet normal 0 0 -1
    outer loop
      vertex -7.55205 -1.5022 30
      vertex -7.43763 1.99291 30
      vertex -7.43763 -1.99291 30
    endloop
  endfacet
  facet normal 0 0 -1
    outer loop
      vertex -7.55205 -1.5022 30
      vertex -7.55205 1.5022 30
      vertex -7.43763 1.99291 30
    endloop
  endfacet
  facet normal 0 0 -1
    outer loop
      vertex -7.63412 -1.00505 30
      vertex -7.55205 1.5022 30
      vertex -7.55205 -1.5022 30
    endloop
  endfacet
  facet normal 0 0 -1
    outer loop
      vertex -7.63412 -1.00505 30
      vertex -7.63412 1.00505 30
      vertex -7.55205 1.5022 30
    endloop
  endfacet
  facet normal 0 0 -1
    outer loop
      vertex -7.68351 -0.503604 30
      vertex -7.63412 1.00505 30
      vertex -7.63412 -1.00505 30
    endloop
  endfacet
  facet normal 0 0 -1
    outer loop
      vertex -7.68351 -0.503604 30
      vertex -7.68351 0.503604 30
      vertex -7.63412 1.00505 30
    endloop
  endfacet
  facet normal 0 -0 -1
    outer loop
      vertex -7.68351 0.503604 30
      vertex -7.68351 -0.503604 30
      vertex -7.7 3.16931e-15 30
    endloop
  endfacet
  facet normal 0.528069 0.849201 -0
    outer loop
      vertex -3.85 -6.6684 1
      vertex -4.27789 -6.40232 30
      vertex -3.85 -6.6684 30
    endloop
  endfacet
  facet normal 0.528069 0.849201 0
    outer loop
      vertex -4.27789 -6.40232 30
      vertex -3.85 -6.6684 1
      vertex -4.27789 -6.40232 1
    endloop
  endfacet
  facet normal -0.683598 0.729859 0
    outer loop
      vertex 5.44472 -5.44472 1
      vertex 5.07696 -5.78917 30
      vertex 5.44472 -5.44472 30
    endloop
  endfacet
  facet normal -0.683598 0.729859 0
    outer loop
      vertex 5.07696 -5.78917 30
      vertex 5.44472 -5.44472 1
      vertex 5.07696 -5.78917 1
    endloop
  endfacet
  facet normal -0.986646 0.162877 0
    outer loop
      vertex 7.55205 -1.5022 1
      vertex 7.63412 -1.00505 30
      vertex 7.63412 -1.00505 1
    endloop
  endfacet
  facet normal -0.986646 0.162877 0
    outer loop
      vertex 7.63412 -1.00505 30
      vertex 7.55205 -1.5022 1
      vertex 7.55205 -1.5022 30
    endloop
  endfacet
  facet normal -0.227081 0.973876 0
    outer loop
      vertex 1.99291 -7.43763 1
      vertex 1.5022 -7.55205 30
      vertex 1.99291 -7.43763 30
    endloop
  endfacet
  facet normal -0.227081 0.973876 0
    outer loop
      vertex 1.5022 -7.55205 30
      vertex 1.99291 -7.43763 1
      vertex 1.5022 -7.55205 1
    endloop
  endfacet
  facet normal 0.729859 -0.683598 0
    outer loop
      vertex -5.78917 5.07696 30
      vertex -5.44472 5.44472 1
      vertex -5.44472 5.44472 30
    endloop
  endfacet
  facet normal 0.729859 -0.683598 0
    outer loop
      vertex -5.44472 5.44472 1
      vertex -5.78917 5.07696 30
      vertex -5.78917 5.07696 1
    endloop
  endfacet
  facet normal -0.729859 -0.683598 0
    outer loop
      vertex 5.78917 5.07696 1
      vertex 5.44472 5.44472 30
      vertex 5.44472 5.44472 1
    endloop
  endfacet
  facet normal -0.729859 -0.683598 0
    outer loop
      vertex 5.44472 5.44472 30
      vertex 5.78917 5.07696 1
      vertex 5.78917 5.07696 30
    endloop
  endfacet
  facet normal -0.471387 0.881926 0
    outer loop
      vertex 3.85 -6.6684 1
      vertex 3.40562 -6.90592 30
      vertex 3.85 -6.6684 30
    endloop
  endfacet
  facet normal -0.471387 0.881926 0
    outer loop
      vertex 3.40562 -6.90592 30
      vertex 3.85 -6.6684 1
      vertex 3.40562 -6.90592 1
    endloop
  endfacet
  facet normal -0.812841 -0.582486 0
    outer loop
      vertex 6.40232 4.27789 1
      vertex 6.10882 4.68746 30
      vertex 6.10882 4.68746 1
    endloop
  endfacet
  facet normal -0.812841 -0.582486 0
    outer loop
      vertex 6.10882 4.68746 30
      vertex 6.40232 4.27789 1
      vertex 6.40232 4.27789 30
    endloop
  endfacet
  facet normal 0.227081 0.973876 -0
    outer loop
      vertex -1.5022 -7.55205 1
      vertex -1.99291 -7.43763 30
      vertex -1.5022 -7.55205 30
    endloop
  endfacet
  facet normal 0.227081 0.973876 0
    outer loop
      vertex -1.99291 -7.43763 30
      vertex -1.5022 -7.55205 1
      vertex -1.99291 -7.43763 1
    endloop
  endfacet
  facet normal 0.910865 0.412704 0
    outer loop
      vertex -6.90592 -3.40562 30
      vertex -7.11387 -2.94666 1
      vertex -7.11387 -2.94666 30
    endloop
  endfacet
  facet normal 0.910865 0.412704 0
    outer loop
      vertex -7.11387 -2.94666 1
      vertex -6.90592 -3.40562 30
      vertex -6.90592 -3.40562 1
    endloop
  endfacet
  facet normal 0.935906 0.35225 0
    outer loop
      vertex -7.11387 -2.94666 30
      vertex -7.29136 -2.47508 1
      vertex -7.29136 -2.47508 30
    endloop
  endfacet
  facet normal 0.935906 0.35225 0
    outer loop
      vertex -7.29136 -2.47508 1
      vertex -7.11387 -2.94666 30
      vertex -7.11387 -2.94666 1
    endloop
  endfacet
  facet normal 0.683598 0.729859 -0
    outer loop
      vertex -5.07696 -5.78917 1
      vertex -5.44472 -5.44472 30
      vertex -5.07696 -5.78917 30
    endloop
  endfacet
  facet normal 0.683598 0.729859 0
    outer loop
      vertex -5.44472 -5.44472 30
      vertex -5.07696 -5.78917 1
      vertex -5.44472 -5.44472 1
    endloop
  endfacet
  facet normal -0.528069 0.849201 0
    outer loop
      vertex 4.27789 -6.40232 1
      vertex 3.85 -6.6684 30
      vertex 4.27789 -6.40232 30
    endloop
  endfacet
  facet normal -0.528069 0.849201 0
    outer loop
      vertex 3.85 -6.6684 30
      vertex 4.27789 -6.40232 1
      vertex 3.85 -6.6684 1
    endloop
  endfacet
  facet normal 0.634388 0.773015 -0
    outer loop
      vertex -4.68746 -6.10882 1
      vertex -5.07696 -5.78917 30
      vertex -4.68746 -6.10882 30
    endloop
  endfacet
  facet normal 0.634388 0.773015 0
    outer loop
      vertex -5.07696 -5.78917 30
      vertex -4.68746 -6.10882 1
      vertex -5.07696 -5.78917 1
    endloop
  endfacet
  facet normal 0.227081 -0.973876 0
    outer loop
      vertex -1.99291 7.43763 1
      vertex -1.5022 7.55205 30
      vertex -1.99291 7.43763 30
    endloop
  endfacet
  facet normal 0.227081 -0.973876 0
    outer loop
      vertex -1.5022 7.55205 30
      vertex -1.99291 7.43763 1
      vertex -1.5022 7.55205 1
    endloop
  endfacet
  facet normal 0.706917 -0.0231369 -0.706918
    outer loop
      vertex -8.7 2.70343e-16 2.35592e-07
      vertex -8.68154 0.564021 2.40787e-07
      vertex -7.7 3.36937e-16 1
    endloop
  endfacet
  facet normal 0.333412 -0.623785 -0.706915
    outer loop
      vertex -3.85 6.6684 1
      vertex -4.3456 7.53677 2.77316e-07
      vertex -3.40562 6.90592 1
    endloop
  endfacet
  facet normal 0.333216 -0.623893 -0.706912
    outer loop
      vertex -4.3456 7.53677 2.77316e-07
      vertex -3.85 6.6684 1
      vertex -4.35 7.53442 2.77323e-07
    endloop
  endfacet
  facet normal 0.644246 0.291917 -0.706917
    outer loop
      vertex -8.00941 -3.39191 2.16304e-07
      vertex -6.90592 -3.40562 1
      vertex -7.80279 -3.84791 2.2324e-07
    endloop
  endfacet
  facet normal 0.644266 0.291818 -0.70694
    outer loop
      vertex -6.90592 -3.40562 1
      vertex -8.00941 -3.39191 2.16304e-07
      vertex -8.03569 -3.33389 2.16633e-07
    endloop
  endfacet
  facet normal 0.115202 -0.697854 -0.706914
    outer loop
      vertex -1.5022 7.55205 1
      vertex -1.69236 8.53364 2.68826e-07
      vertex -1.00505 7.63412 1
    endloop
  endfacet
  facet normal 0.114673 -0.697949 -0.706907
    outer loop
      vertex -1.69236 8.53364 2.68826e-07
      vertex -1.5022 7.55205 1
      vertex -1.69729 8.53283 2.68852e-07
    endloop
  endfacet
  facet normal -0.644251 0.291907 -0.706917
    outer loop
      vertex 6.90592 -3.40562 1
      vertex 8.03569 -3.33389 1.04613e-07
      vertex 7.80279 -3.84791 1.04948e-07
    endloop
  endfacet
  facet normal 0.546749 -0.4487 -0.706918
    outer loop
      vertex -6.89901 5.30008 2.73438e-07
      vertex -6.54101 5.73631 2.75138e-07
      vertex -5.78917 5.07696 1
    endloop
  endfacet
  facet normal -0.0231369 -0.706917 -0.706918
    outer loop
      vertex 4.57078e-16 8.7 3.10134e-07
      vertex 0.564021 8.68154 3.26206e-07
      vertex 5.20776e-16 7.7 1
    endloop
  endfacet
  facet normal 0.644251 -0.291907 -0.706917
    outer loop
      vertex -8.03569 3.33389 2.62557e-07
      vertex -7.80279 3.84791 2.65835e-07
      vertex -6.90592 3.40562 1
    endloop
  endfacet
  facet normal -0.574881 0.412045 -0.706916
    outer loop
      vertex 7.23088 -4.83752 1.06455e-07
      vertex 6.40232 -4.27789 1
      vertex 7.23379 -4.83346 1.06445e-07
    endloop
  endfacet
  facet normal -0.574919 0.41199 -0.706917
    outer loop
      vertex 6.40232 -4.27789 1
      vertex 7.23088 -4.83752 1.06455e-07
      vertex 6.10882 -4.68746 1
    endloop
  endfacet
  facet normal -0.115221 -0.697846 -0.706919
    outer loop
      vertex 1.00505 7.63412 1
      vertex 1.13558 8.62557 3.40092e-07
      vertex 1.69236 8.53364 3.51207e-07
    endloop
  endfacet
  facet normal 0.574918 -0.411993 -0.706916
    outer loop
      vertex -7.23088 4.83752 2.71313e-07
      vertex -6.90217 5.29622 2.73423e-07
      vertex -6.10882 4.68746 1
    endloop
  endfacet
  facet normal -0.706917 0.0231369 -0.706918
    outer loop
      vertex 7.7 -1.41601e-16 1
      vertex 8.7 -2.70343e-16 1.18257e-07
      vertex 8.68154 -0.564021 1.13061e-07
    endloop
  endfacet
  facet normal 0.411993 0.574918 -0.706916
    outer loop
      vertex -5.29622 -6.90217 2.37002e-07
      vertex -4.68746 -6.10882 1
      vertex -4.83752 -7.23088 2.32981e-07
    endloop
  endfacet
  facet normal -0.249433 -0.661848 -0.706924
    outer loop
      vertex 2.94666 7.11387 1
      vertex 3.32468 8.03951 3.69313e-07
      vertex 3.32935 8.03775 3.69343e-07
    endloop
  endfacet
  facet normal -0.249144 -0.661961 -0.706919
    outer loop
      vertex 3.32468 8.03951 3.69313e-07
      vertex 2.94666 7.11387 1
      vertex 2.47508 7.29136 1
    endloop
  endfacet
  facet normal 0.160615 -0.68882 -0.706916
    outer loop
      vertex -2.25173 8.40355 2.71371e-07
      vertex -1.70214 8.5317 2.68874e-07
      vertex -1.99291 7.43763 1
    endloop
  endfacet
  facet normal -0.697839 0.115237 -0.706924
    outer loop
      vertex 7.63412 -1.00505 1
      vertex 8.57726 -1.42821 1.05614e-07
      vertex 8.53364 -1.69236 1.05256e-07
    endloop
  endfacet
  facet normal -0.697848 0.115207 -0.70692
    outer loop
      vertex 8.57726 -1.42821 1.05614e-07
      vertex 7.63412 -1.00505 1
      vertex 8.62557 -1.13558 1.08048e-07
    endloop
  endfacet
  facet normal 0.4487 -0.546749 -0.706918
    outer loop
      vertex -5.30008 6.89901 2.77737e-07
      vertex -4.68746 6.10882 1
      vertex -5.07696 5.78917 1
    endloop
  endfacet
  facet normal 0.448033 -0.547281 -0.70693
    outer loop
      vertex -4.68746 6.10882 1
      vertex -5.30008 6.89901 2.77737e-07
      vertex -5.29622 6.90217 2.7774e-07
    endloop
  endfacet
  facet normal 0.70389 -0.0693233 -0.706918
    outer loop
      vertex -8.68137 0.569007 2.40833e-07
      vertex -8.62606 1.13061 2.45757e-07
      vertex -7.68351 0.503604 1
    endloop
  endfacet
  facet normal -0.0693233 -0.70389 -0.706918
    outer loop
      vertex 0.503604 7.68351 1
      vertex 0.569007 8.68137 3.26348e-07
      vertex 1.13061 8.62606 3.39971e-07
    endloop
  endfacet
  facet normal 0.516227 0.483503 -0.706919
    outer loop
      vertex -6.5376 -5.73995 2.40139e-07
      vertex -5.44472 -5.44472 1
      vertex -6.15183 -6.15183 2.40604e-07
    endloop
  endfacet
  facet normal 0.574918 0.411993 -0.706916
    outer loop
      vertex -7.23088 -4.83752 2.34694e-07
      vertex -6.10882 -4.68746 1
      vertex -6.90217 -5.29622 2.38151e-07
    endloop
  endfacet
  facet normal -0.706917 -0.0231369 -0.706918
    outer loop
      vertex 7.7 -1.41601e-16 1
      vertex 8.68154 0.564021 1.23701e-07
      vertex 8.7 -2.70343e-16 1.18257e-07
    endloop
  endfacet
  facet normal 0.676838 -0.205325 -0.706918
    outer loop
      vertex -8.40211 2.2565 2.54866e-07
      vertex -8.23829 2.79652 2.58855e-07
      vertex -7.29136 2.47508 1
    endloop
  endfacet
  facet normal 0.483503 -0.516227 -0.706919
    outer loop
      vertex -6.15183 6.15183 2.76433e-07
      vertex -5.73995 6.5376 2.77294e-07
      vertex -5.44472 5.44472 1
    endloop
  endfacet
  facet normal -0.62378 -0.333416 -0.706917
    outer loop
      vertex 6.90592 3.40562 1
      vertex 7.53677 4.3456 2.61e-07
      vertex 7.80279 3.84791 2.44505e-07
    endloop
  endfacet
  facet normal 0.249144 -0.661961 -0.706919
    outer loop
      vertex -2.94666 7.11387 1
      vertex -3.32468 8.03951 2.75173e-07
      vertex -2.47508 7.29136 1
    endloop
  endfacet
  facet normal 0.249433 -0.661848 -0.706924
    outer loop
      vertex -3.32468 8.03951 2.75173e-07
      vertex -2.94666 7.11387 1
      vertex -3.32935 8.03775 2.75188e-07
    endloop
  endfacet
  facet normal 0.412045 0.574881 -0.706916
    outer loop
      vertex -4.83752 -7.23088 2.32981e-07
      vertex -4.27789 -6.40232 1
      vertex -4.83346 -7.23379 2.32945e-07
    endloop
  endfacet
  facet normal 0.41199 0.574919 -0.706917
    outer loop
      vertex -4.27789 -6.40232 1
      vertex -4.83752 -7.23088 2.32981e-07
      vertex -4.68746 -6.10882 1
    endloop
  endfacet
  facet normal -0.68882 -0.160615 -0.706916
    outer loop
      vertex 7.43763 1.99291 1
      vertex 8.40355 2.25173 1.86702e-07
      vertex 8.5317 1.70214 1.65272e-07
    endloop
  endfacet
  facet normal -0.676838 -0.205325 -0.706918
    outer loop
      vertex 7.29136 2.47508 1
      vertex 8.23829 2.79652 2.07203e-07
      vertex 8.40211 2.2565 1.86882e-07
    endloop
  endfacet
  facet normal -0.0693233 0.70389 -0.706918
    outer loop
      vertex 0.503604 -7.68351 1
      vertex 1.13061 -8.62606 1.39481e-07
      vertex 0.569007 -8.68137 1.43257e-07
    endloop
  endfacet
  facet normal 0.411993 -0.574918 -0.706916
    outer loop
      vertex -5.29622 6.90217 2.7774e-07
      vertex -4.83752 7.23088 2.77748e-07
      vertex -4.68746 6.10882 1
    endloop
  endfacet
  facet normal 0.546749 0.4487 -0.706918
    outer loop
      vertex -6.89901 -5.30008 2.38169e-07
      vertex -6.10882 -4.68746 1
      vertex -5.78917 -5.07696 1
    endloop
  endfacet
  facet normal 0.547281 0.448033 -0.70693
    outer loop
      vertex -6.10882 -4.68746 1
      vertex -6.89901 -5.30008 2.38169e-07
      vertex -6.90217 -5.29622 2.38151e-07
    endloop
  endfacet
  facet normal -0.600636 -0.373505 -0.706917
    outer loop
      vertex 7.49815 4.40833 2.6298e-07
      vertex 6.6684 3.85 1
      vertex 7.23642 4.82922 2.821e-07
    endloop
  endfacet
  facet normal -0.600647 -0.373487 -0.706916
    outer loop
      vertex 6.6684 3.85 1
      vertex 7.49815 4.40833 2.6298e-07
      vertex 7.53442 4.35 2.61146e-07
    endloop
  endfacet
  facet normal 0.546749 -0.4487 -0.706918
    outer loop
      vertex -6.10882 4.68746 1
      vertex -6.89901 5.30008 2.73438e-07
      vertex -5.78917 5.07696 1
    endloop
  endfacet
  facet normal 0.547281 -0.448033 -0.70693
    outer loop
      vertex -6.89901 5.30008 2.73438e-07
      vertex -6.10882 4.68746 1
      vertex -6.90217 5.29622 2.73423e-07
    endloop
  endfacet
  facet normal -0.4487 0.546749 -0.706918
    outer loop
      vertex 5.07696 -5.78917 1
      vertex 5.73631 -6.54101 1.12604e-07
      vertex 5.30008 -6.89901 1.14747e-07
    endloop
  endfacet
  facet normal -0.600638 -0.373502 -0.706916
    outer loop
      vertex 6.40232 4.27789 1
      vertex 7.23642 4.82922 2.821e-07
      vertex 6.6684 3.85 1
    endloop
  endfacet
  facet normal -0.601068 -0.372832 -0.706904
    outer loop
      vertex 7.23642 4.82922 2.821e-07
      vertex 6.40232 4.27789 1
      vertex 7.23379 4.83346 2.82293e-07
    endloop
  endfacet
  facet normal 0.292256 -0.644097 -0.706912
    outer loop
      vertex -2.94666 7.11387 1
      vertex -3.33389 8.03569 2.75199e-07
      vertex -3.32935 8.03775 2.75188e-07
    endloop
  endfacet
  facet normal 0.291904 -0.644251 -0.706918
    outer loop
      vertex -3.33389 8.03569 2.75199e-07
      vertex -2.94666 7.11387 1
      vertex -3.40562 6.90592 1
    endloop
  endfacet
  facet normal 0.249139 -0.661965 -0.706918
    outer loop
      vertex -3.32468 8.03951 2.75173e-07
      vertex -2.79652 8.23829 2.73486e-07
      vertex -2.47508 7.29136 1
    endloop
  endfacet
  facet normal -0.4487 -0.546749 -0.706918
    outer loop
      vertex 5.07696 5.78917 1
      vertex 5.30008 6.89901 3.56255e-07
      vertex 5.73631 6.54101 3.46529e-07
    endloop
  endfacet
  facet normal 0.62378 -0.333416 -0.706917
    outer loop
      vertex -7.80279 3.84791 2.65835e-07
      vertex -7.53677 4.3456 2.68736e-07
      vertex -6.90592 3.40562 1
    endloop
  endfacet
  facet normal 0.697854 -0.115202 -0.706914
    outer loop
      vertex -8.53364 1.69236 2.50432e-07
      vertex -7.55205 1.5022 1
      vertex -7.63412 1.00505 1
    endloop
  endfacet
  facet normal 0.697949 -0.114673 -0.706907
    outer loop
      vertex -7.55205 1.5022 1
      vertex -8.53364 1.69236 2.50432e-07
      vertex -8.53283 1.69729 2.50473e-07
    endloop
  endfacet
  facet normal -0.372832 -0.601068 -0.706904
    outer loop
      vertex 4.27789 6.40232 1
      vertex 4.82922 7.23642 3.63594e-07
      vertex 4.83346 7.23379 3.63553e-07
    endloop
  endfacet
  facet normal -0.373502 -0.600638 -0.706916
    outer loop
      vertex 4.82922 7.23642 3.63594e-07
      vertex 4.27789 6.40232 1
      vertex 3.85 6.6684 1
    endloop
  endfacet
  facet normal 0.333416 0.62378 -0.706917
    outer loop
      vertex -4.3456 -7.53677 2.27345e-07
      vertex -3.40562 -6.90592 1
      vertex -3.84791 -7.80279 2.20408e-07
    endloop
  endfacet
  facet normal 0.0231472 -0.706914 -0.70692
    outer loop
      vertex -0.503604 7.68351 1
      vertex -0.564021 8.68154 2.92438e-07
      vertex 5.20776e-16 7.7 1
    endloop
  endfacet
  facet normal 0.0241011 -0.706869 -0.706933
    outer loop
      vertex -0.564021 8.68154 2.92438e-07
      vertex -0.503604 7.68351 1
      vertex -0.569007 8.68137 2.92334e-07
    endloop
  endfacet
  facet normal -0.516227 0.483503 -0.706919
    outer loop
      vertex 5.44472 -5.44472 1
      vertex 6.5376 -5.73995 1.09026e-07
      vertex 6.15183 -6.15183 1.10683e-07
    endloop
  endfacet
  facet normal 0.706917 0.0231369 -0.706918
    outer loop
      vertex -8.7 2.70343e-16 2.35592e-07
      vertex -7.7 3.36937e-16 1
      vertex -8.68154 -0.564021 2.30147e-07
    endloop
  endfacet
  facet normal -0.204408 0.677101 -0.706931
    outer loop
      vertex 1.99291 -7.43763 1
      vertex 2.2565 -8.40211 1.32195e-07
      vertex 2.25173 -8.40355 1.32224e-07
    endloop
  endfacet
  facet normal -0.205324 0.676838 -0.706918
    outer loop
      vertex 2.2565 -8.40211 1.32195e-07
      vertex 1.99291 -7.43763 1
      vertex 2.47508 -7.29136 1
    endloop
  endfacet
  facet normal -0.291907 -0.644251 -0.706917
    outer loop
      vertex 3.33389 8.03569 3.69349e-07
      vertex 3.84791 7.80279 3.70068e-07
      vertex 3.40562 6.90592 1
    endloop
  endfacet
  facet normal -0.644098 -0.292256 -0.706912
    outer loop
      vertex 7.11387 2.94666 1
      vertex 8.03569 3.33389 2.26656e-07
      vertex 8.03775 3.32935 2.26498e-07
    endloop
  endfacet
  facet normal -0.644251 -0.291904 -0.706918
    outer loop
      vertex 8.03569 3.33389 2.26656e-07
      vertex 7.11387 2.94666 1
      vertex 6.90592 3.40562 1
    endloop
  endfacet
  facet normal -0.546749 -0.4487 -0.706918
    outer loop
      vertex 5.78917 5.07696 1
      vertex 6.54101 5.73631 3.19287e-07
      vertex 6.89901 5.30008 3.02125e-07
    endloop
  endfacet
  facet normal 0.160494 -0.688846 -0.706918
    outer loop
      vertex -1.5022 7.55205 1
      vertex -1.70214 8.5317 2.68874e-07
      vertex -1.69729 8.53283 2.68852e-07
    endloop
  endfacet
  facet normal 0.160614 -0.68882 -0.706916
    outer loop
      vertex -1.70214 8.5317 2.68874e-07
      vertex -1.5022 7.55205 1
      vertex -1.99291 7.43763 1
    endloop
  endfacet
  facet normal -0.448033 0.547281 -0.70693
    outer loop
      vertex 4.68746 -6.10882 1
      vertex 5.30008 -6.89901 1.14747e-07
      vertex 5.29622 -6.90217 1.14766e-07
    endloop
  endfacet
  facet normal -0.4487 0.54675 -0.706918
    outer loop
      vertex 5.30008 -6.89901 1.14747e-07
      vertex 4.68746 -6.10882 1
      vertex 5.07696 -5.78917 1
    endloop
  endfacet
  facet normal -0.547281 0.448033 -0.70693
    outer loop
      vertex 6.89901 -5.30008 1.07609e-07
      vertex 6.10882 -4.68746 1
      vertex 6.90217 -5.29622 1.07597e-07
    endloop
  endfacet
  facet normal -0.54675 0.4487 -0.706918
    outer loop
      vertex 6.10882 -4.68746 1
      vertex 6.89901 -5.30008 1.07609e-07
      vertex 5.78917 -5.07696 1
    endloop
  endfacet
  facet normal -0.333417 0.62378 -0.706917
    outer loop
      vertex 3.40562 -6.90592 1
      vertex 4.3456 -7.53677 1.19802e-07
      vertex 3.84791 -7.80279 1.22604e-07
    endloop
  endfacet
  facet normal 0.205325 -0.676838 -0.706918
    outer loop
      vertex -2.79652 8.23829 2.73486e-07
      vertex -2.2565 8.40211 2.7139e-07
      vertex -2.47508 7.29136 1
    endloop
  endfacet
  facet normal 0.0693295 0.703888 -0.70692
    outer loop
      vertex -1.13061 -8.62606 1.64666e-07
      vertex -1.00505 -7.63412 1
      vertex -0.503604 -7.68351 1
    endloop
  endfacet
  facet normal 0.0693966 0.70388 -0.706921
    outer loop
      vertex -1.00505 -7.63412 1
      vertex -1.13061 -8.62606 1.64666e-07
      vertex -1.13558 -8.62557 1.64796e-07
    endloop
  endfacet
  facet normal -0.516227 -0.483502 -0.706919
    outer loop
      vertex 5.44472 5.44472 1
      vertex 6.15183 6.15183 3.3416e-07
      vertex 6.5376 5.73995 3.19417e-07
    endloop
  endfacet
  facet normal 0.62378 0.333416 -0.706917
    outer loop
      vertex -7.80279 -3.84791 2.2324e-07
      vertex -6.90592 -3.40562 1
      vertex -7.53677 -4.3456 2.29629e-07
    endloop
  endfacet
  facet normal -0.4487 -0.546749 -0.706919
    outer loop
      vertex 4.68746 6.10882 1
      vertex 5.30008 6.89901 3.56255e-07
      vertex 5.07696 5.78917 1
    endloop
  endfacet
  facet normal -0.448033 -0.547281 -0.70693
    outer loop
      vertex 5.30008 6.89901 3.56255e-07
      vertex 4.68746 6.10882 1
      vertex 5.29622 6.90217 3.56341e-07
    endloop
  endfacet
  facet normal 0.68882 -0.160614 -0.706916
    outer loop
      vertex -7.55205 1.5022 1
      vertex -8.5317 1.70214 2.50511e-07
      vertex -7.43763 1.99291 1
    endloop
  endfacet
  facet normal 0.688846 -0.160494 -0.706918
    outer loop
      vertex -8.5317 1.70214 2.50511e-07
      vertex -7.55205 1.5022 1
      vertex -8.53283 1.69729 2.50473e-07
    endloop
  endfacet
  facet normal 0.600638 -0.373502 -0.706916
    outer loop
      vertex -7.23642 4.82922 2.71272e-07
      vertex -6.40232 4.27789 1
      vertex -6.6684 3.85 1
    endloop
  endfacet
  facet normal 0.601068 -0.372832 -0.706904
    outer loop
      vertex -6.40232 4.27789 1
      vertex -7.23642 4.82922 2.71272e-07
      vertex -7.23379 4.83346 2.71294e-07
    endloop
  endfacet
  facet normal 0.373502 -0.600638 -0.706916
    outer loop
      vertex -4.27789 6.40232 1
      vertex -4.82922 7.23642 2.77744e-07
      vertex -3.85 6.6684 1
    endloop
  endfacet
  facet normal 0.372832 -0.601068 -0.706904
    outer loop
      vertex -4.82922 7.23642 2.77744e-07
      vertex -4.27789 6.40232 1
      vertex -4.83346 7.23379 2.77748e-07
    endloop
  endfacet
  facet normal 0.661965 0.249139 -0.706918
    outer loop
      vertex -8.23829 -2.79652 2.19391e-07
      vertex -7.29136 -2.47508 1
      vertex -8.03951 -3.32468 2.16682e-07
    endloop
  endfacet
  facet normal 0.291907 -0.644251 -0.706917
    outer loop
      vertex -3.84791 7.80279 2.76469e-07
      vertex -3.33389 8.03569 2.75199e-07
      vertex -3.40562 6.90592 1
    endloop
  endfacet
  facet normal -0.411993 -0.574918 -0.706916
    outer loop
      vertex 4.68746 6.10882 1
      vertex 4.83752 7.23088 3.6349e-07
      vertex 5.29622 6.90217 3.56341e-07
    endloop
  endfacet
  facet normal -0.600638 0.373503 -0.706916
    outer loop
      vertex 6.6684 -3.85 1
      vertex 7.53442 -4.35 1.05561e-07
      vertex 7.23642 -4.82922 1.06437e-07
    endloop
  endfacet
  facet normal 0.291907 0.644251 -0.706917
    outer loop
      vertex -3.84791 -7.80279 2.20408e-07
      vertex -3.40562 -6.90592 1
      vertex -3.33389 -8.03569 2.12056e-07
    endloop
  endfacet
  facet normal 0.516226 -0.483505 -0.706918
    outer loop
      vertex -5.78917 5.07696 1
      vertex -6.5376 5.73995 2.75149e-07
      vertex -5.44472 5.44472 1
    endloop
  endfacet
  facet normal 0.516176 -0.48356 -0.706917
    outer loop
      vertex -6.5376 5.73995 2.75149e-07
      vertex -5.78917 5.07696 1
      vertex -6.54101 5.73631 2.75138e-07
    endloop
  endfacet
  facet normal 0.204408 -0.677101 -0.706931
    outer loop
      vertex -1.99291 7.43763 1
      vertex -2.2565 8.40211 2.7139e-07
      vertex -2.25173 8.40355 2.71371e-07
    endloop
  endfacet
  facet normal 0.205324 -0.676838 -0.706918
    outer loop
      vertex -2.2565 8.40211 2.7139e-07
      vertex -1.99291 7.43763 1
      vertex -2.47508 7.29136 1
    endloop
  endfacet
  facet normal 0.600638 0.373503 -0.706916
    outer loop
      vertex -7.53442 -4.35 2.29686e-07
      vertex -6.6684 -3.85 1
      vertex -7.23642 -4.82922 2.3462e-07
    endloop
  endfacet
  facet normal -0.574918 -0.411993 -0.706916
    outer loop
      vertex 6.10882 4.68746 1
      vertex 6.90217 5.29622 3.01973e-07
      vertex 7.23088 4.83752 2.82465e-07
    endloop
  endfacet
  facet normal 0.68882 0.160615 -0.706916
    outer loop
      vertex -8.5317 -1.70214 2.24179e-07
      vertex -7.43763 -1.99291 1
      vertex -8.40355 -2.25173 2.21908e-07
    endloop
  endfacet
  facet normal 0.41199 -0.574919 -0.706917
    outer loop
      vertex -4.83752 7.23088 2.77748e-07
      vertex -4.27789 6.40232 1
      vertex -4.68746 6.10882 1
    endloop
  endfacet
  facet normal 0.412045 -0.574881 -0.706916
    outer loop
      vertex -4.27789 6.40232 1
      vertex -4.83752 7.23088 2.77748e-07
      vertex -4.83346 7.23379 2.77748e-07
    endloop
  endfacet
  facet normal -0.249139 -0.661965 -0.706918
    outer loop
      vertex 2.47508 7.29136 1
      vertex 2.79652 8.23829 3.65962e-07
      vertex 3.32468 8.03951 3.69313e-07
    endloop
  endfacet
  facet normal -0.48356 0.516176 -0.706917
    outer loop
      vertex 5.07696 -5.78917 1
      vertex 5.73995 -6.5376 1.12587e-07
      vertex 5.73631 -6.54101 1.12604e-07
    endloop
  endfacet
  facet normal -0.483505 0.516226 -0.706918
    outer loop
      vertex 5.73995 -6.5376 1.12587e-07
      vertex 5.07696 -5.78917 1
      vertex 5.44472 -5.44472 1
    endloop
  endfacet
  facet normal 0.601068 0.372832 -0.706904
    outer loop
      vertex -7.23642 -4.82922 2.3462e-07
      vertex -6.40232 -4.27789 1
      vertex -7.23379 -4.83346 2.34664e-07
    endloop
  endfacet
  facet normal 0.600638 0.373502 -0.706916
    outer loop
      vertex -6.40232 -4.27789 1
      vertex -7.23642 -4.82922 2.3462e-07
      vertex -6.6684 -3.85 1
    endloop
  endfacet
  facet normal 0.483505 -0.516226 -0.706918
    outer loop
      vertex -5.73995 6.5376 2.77294e-07
      vertex -5.07696 5.78917 1
      vertex -5.44472 5.44472 1
    endloop
  endfacet
  facet normal 0.48356 -0.516176 -0.706917
    outer loop
      vertex -5.07696 5.78917 1
      vertex -5.73995 6.5376 2.77294e-07
      vertex -5.73631 6.54101 2.77301e-07
    endloop
  endfacet
  facet normal -0.546749 0.4487 -0.706918
    outer loop
      vertex 5.78917 -5.07696 1
      vertex 6.89901 -5.30008 1.07609e-07
      vertex 6.54101 -5.73631 1.09011e-07
    endloop
  endfacet
  facet normal -0.0231369 0.706917 -0.706918
    outer loop
      vertex -4.57078e-16 -8.7 1.47176e-07
      vertex -2.88304e-16 -7.7 1
      vertex 0.564021 -8.68154 1.43291e-07
    endloop
  endfacet
  facet normal 0.160494 0.688846 -0.706918
    outer loop
      vertex -1.70214 -8.5317 1.78628e-07
      vertex -1.5022 -7.55205 1
      vertex -1.69729 -8.53283 1.78519e-07
    endloop
  endfacet
  facet normal 0.160614 0.68882 -0.706916
    outer loop
      vertex -1.5022 -7.55205 1
      vertex -1.70214 -8.5317 1.78628e-07
      vertex -1.99291 -7.43763 1
    endloop
  endfacet
  facet normal 0.0693233 -0.70389 -0.706918
    outer loop
      vertex -1.13061 8.62606 2.79025e-07
      vertex -0.569007 8.68137 2.92334e-07
      vertex -0.503604 7.68351 1
    endloop
  endfacet
  facet normal 0.292256 0.644098 -0.706912
    outer loop
      vertex -3.33389 -8.03569 2.12056e-07
      vertex -2.94666 -7.11387 1
      vertex -3.32935 -8.03775 2.11982e-07
    endloop
  endfacet
  facet normal 0.291904 0.644251 -0.706918
    outer loop
      vertex -2.94666 -7.11387 1
      vertex -3.33389 -8.03569 2.12056e-07
      vertex -3.40562 -6.90592 1
    endloop
  endfacet
  facet normal 0.661961 -0.249144 -0.706919
    outer loop
      vertex -8.03951 3.32468 2.62496e-07
      vertex -7.11387 2.94666 1
      vertex -7.29136 2.47508 1
    endloop
  endfacet
  facet normal 0.661848 -0.249433 -0.706924
    outer loop
      vertex -7.11387 2.94666 1
      vertex -8.03951 3.32468 2.62496e-07
      vertex -8.03775 3.32935 2.62528e-07
    endloop
  endfacet
  facet normal -0.41199 -0.574919 -0.706917
    outer loop
      vertex 4.27789 6.40232 1
      vertex 4.83752 7.23088 3.6349e-07
      vertex 4.68746 6.10882 1
    endloop
  endfacet
  facet normal -0.412045 -0.574881 -0.706916
    outer loop
      vertex 4.83752 7.23088 3.6349e-07
      vertex 4.27789 6.40232 1
      vertex 4.83346 7.23379 3.63553e-07
    endloop
  endfacet
  facet normal -0.373503 -0.600638 -0.706916
    outer loop
      vertex 3.85 6.6684 1
      vertex 4.35 7.53442 3.68136e-07
      vertex 4.82922 7.23642 3.63594e-07
    endloop
  endfacet
  facet normal -0.483503 -0.516227 -0.706919
    outer loop
      vertex 5.44472 5.44472 1
      vertex 5.73995 6.5376 3.46421e-07
      vertex 6.15183 6.15183 3.3416e-07
    endloop
  endfacet
  facet normal -0.644251 -0.291907 -0.706917
    outer loop
      vertex 6.90592 3.40562 1
      vertex 7.80279 3.84791 2.44505e-07
      vertex 8.03569 3.33389 2.26656e-07
    endloop
  endfacet
  facet normal -0.516176 -0.48356 -0.706917
    outer loop
      vertex 5.78917 5.07696 1
      vertex 6.5376 5.73995 3.19417e-07
      vertex 6.54101 5.73631 3.19287e-07
    endloop
  endfacet
  facet normal -0.516226 -0.483505 -0.706918
    outer loop
      vertex 6.5376 5.73995 3.19417e-07
      vertex 5.78917 5.07696 1
      vertex 5.44472 5.44472 1
    endloop
  endfacet
  facet normal -0.411993 0.574918 -0.706916
    outer loop
      vertex 4.68746 -6.10882 1
      vertex 5.29622 -6.90217 1.14766e-07
      vertex 4.83752 -7.23088 1.1714e-07
    endloop
  endfacet
  facet normal -0.0693967 0.70388 -0.706921
    outer loop
      vertex 1.13061 -8.62606 1.39481e-07
      vertex 1.00505 -7.63412 1
      vertex 1.13558 -8.62557 1.39448e-07
    endloop
  endfacet
  facet normal -0.0693295 0.703888 -0.70692
    outer loop
      vertex 1.00505 -7.63412 1
      vertex 1.13061 -8.62606 1.39481e-07
      vertex 0.503604 -7.68351 1
    endloop
  endfacet
  facet normal -0.024101 -0.706869 -0.706933
    outer loop
      vertex 0.503604 7.68351 1
      vertex 0.564021 8.68154 3.26206e-07
      vertex 0.569007 8.68137 3.26348e-07
    endloop
  endfacet
  facet normal -0.0231472 -0.706914 -0.70692
    outer loop
      vertex 0.564021 8.68154 3.26206e-07
      vertex 0.503604 7.68351 1
      vertex 5.20776e-16 7.7 1
    endloop
  endfacet
  facet normal 0.333416 -0.62378 -0.706917
    outer loop
      vertex -4.3456 7.53677 2.77316e-07
      vertex -3.84791 7.80279 2.76469e-07
      vertex -3.40562 6.90592 1
    endloop
  endfacet
  facet normal 0.661965 -0.249139 -0.706918
    outer loop
      vertex -8.23829 2.79652 2.58855e-07
      vertex -8.03951 3.32468 2.62496e-07
      vertex -7.29136 2.47508 1
    endloop
  endfacet
  facet normal -0.688846 -0.160494 -0.706918
    outer loop
      vertex 7.55205 1.5022 1
      vertex 8.5317 1.70214 1.65272e-07
      vertex 8.53283 1.69729 1.65083e-07
    endloop
  endfacet
  facet normal -0.68882 -0.160614 -0.706916
    outer loop
      vertex 8.5317 1.70214 1.65272e-07
      vertex 7.55205 1.5022 1
      vertex 7.43763 1.99291 1
    endloop
  endfacet
  facet normal 0.644251 0.291904 -0.706918
    outer loop
      vertex -8.03569 -3.33389 2.16633e-07
      vertex -7.11387 -2.94666 1
      vertex -6.90592 -3.40562 1
    endloop
  endfacet
  facet normal 0.644098 0.292256 -0.706912
    outer loop
      vertex -7.11387 -2.94666 1
      vertex -8.03569 -3.33389 2.16633e-07
      vertex -8.03775 -3.32935 2.16658e-07
    endloop
  endfacet
  facet normal -0.160615 -0.68882 -0.706916
    outer loop
      vertex 1.70214 8.5317 3.51381e-07
      vertex 2.25173 8.40355 3.59941e-07
      vertex 1.99291 7.43763 1
    endloop
  endfacet
  facet normal -0.70687 -0.024101 -0.706933
    outer loop
      vertex 8.68154 0.564021 1.23701e-07
      vertex 7.68351 0.503604 1
      vertex 8.68137 0.569007 1.23749e-07
    endloop
  endfacet
  facet normal -0.706914 -0.0231472 -0.70692
    outer loop
      vertex 7.68351 0.503604 1
      vertex 8.68154 0.564021 1.23701e-07
      vertex 7.7 -1.41601e-16 1
    endloop
  endfacet
  facet normal 0.0693038 0.703892 -0.706918
    outer loop
      vertex -0.637361 -8.67464 1.51682e-07
      vertex -0.503604 -7.68351 1
      vertex -0.569007 -8.68137 1.51189e-07
    endloop
  endfacet
  facet normal 0.0693259 0.703889 -0.706919
    outer loop
      vertex -0.503604 -7.68351 1
      vertex -0.637361 -8.67464 1.51682e-07
      vertex -1.13061 -8.62606 1.64666e-07
    endloop
  endfacet
  facet normal 0.115221 0.697846 -0.706919
    outer loop
      vertex -1.69236 -8.53364 1.78399e-07
      vertex -1.00505 -7.63412 1
      vertex -1.13558 -8.62557 1.64796e-07
    endloop
  endfacet
  facet normal -0.205325 -0.676838 -0.706918
    outer loop
      vertex 2.2565 8.40211 3.59994e-07
      vertex 2.79652 8.23829 3.65962e-07
      vertex 2.47508 7.29136 1
    endloop
  endfacet
  facet normal -0.483505 -0.516226 -0.706918
    outer loop
      vertex 5.07696 5.78917 1
      vertex 5.73995 6.5376 3.46421e-07
      vertex 5.44472 5.44472 1
    endloop
  endfacet
  facet normal -0.48356 -0.516176 -0.706917
    outer loop
      vertex 5.73995 6.5376 3.46421e-07
      vertex 5.07696 5.78917 1
      vertex 5.73631 6.54101 3.46529e-07
    endloop
  endfacet
  facet normal -0.160614 -0.68882 -0.706916
    outer loop
      vertex 1.5022 7.55205 1
      vertex 1.70214 8.5317 3.51381e-07
      vertex 1.99291 7.43763 1
    endloop
  endfacet
  facet normal -0.160494 -0.688846 -0.706918
    outer loop
      vertex 1.70214 8.5317 3.51381e-07
      vertex 1.5022 7.55205 1
      vertex 1.69729 8.53283 3.51305e-07
    endloop
  endfacet
  facet normal -0.333216 -0.623893 -0.706912
    outer loop
      vertex 3.85 6.6684 1
      vertex 4.3456 7.53677 3.68153e-07
      vertex 4.35 7.53442 3.68136e-07
    endloop
  endfacet
  facet normal -0.333412 -0.623785 -0.706915
    outer loop
      vertex 4.3456 7.53677 3.68153e-07
      vertex 3.85 6.6684 1
      vertex 3.40562 6.90592 1
    endloop
  endfacet
  facet normal -0.333416 -0.62378 -0.706917
    outer loop
      vertex 3.40562 6.90592 1
      vertex 3.84791 7.80279 3.70068e-07
      vertex 4.3456 7.53677 3.68153e-07
    endloop
  endfacet
  facet normal 0.0693295 -0.703888 -0.70692
    outer loop
      vertex -1.00505 7.63412 1
      vertex -1.13061 8.62606 2.79025e-07
      vertex -0.503604 7.68351 1
    endloop
  endfacet
  facet normal 0.0693967 -0.70388 -0.706921
    outer loop
      vertex -1.13061 8.62606 2.79025e-07
      vertex -1.00505 7.63412 1
      vertex -1.13558 8.62557 2.78907e-07
    endloop
  endfacet
  facet normal 0.68882 -0.160615 -0.706916
    outer loop
      vertex -8.5317 1.70214 2.50511e-07
      vertex -8.40355 2.25173 2.54831e-07
      vertex -7.43763 1.99291 1
    endloop
  endfacet
  facet normal 0.574919 -0.41199 -0.706917
    outer loop
      vertex -6.40232 4.27789 1
      vertex -7.23088 4.83752 2.71313e-07
      vertex -6.10882 4.68746 1
    endloop
  endfacet
  facet normal 0.574881 -0.412045 -0.706916
    outer loop
      vertex -7.23088 4.83752 2.71313e-07
      vertex -6.40232 4.27789 1
      vertex -7.23379 4.83346 2.71294e-07
    endloop
  endfacet
  facet normal 0.0231369 0.706917 -0.706918
    outer loop
      vertex -0.564021 -8.68154 1.51154e-07
      vertex -2.88304e-16 -7.7 1
      vertex -4.57078e-16 -8.7 1.47176e-07
    endloop
  endfacet
  facet normal 0.0231472 0.706914 -0.70692
    outer loop
      vertex -0.564021 -8.68154 1.51154e-07
      vertex -0.503604 -7.68351 1
      vertex -2.88304e-16 -7.7 1
    endloop
  endfacet
  facet normal 0.024101 0.70687 -0.706933
    outer loop
      vertex -0.503604 -7.68351 1
      vertex -0.564021 -8.68154 1.51154e-07
      vertex -0.569007 -8.68137 1.51189e-07
    endloop
  endfacet
  facet normal 0.644251 -0.291904 -0.706918
    outer loop
      vertex -7.11387 2.94666 1
      vertex -8.03569 3.33389 2.62557e-07
      vertex -6.90592 3.40562 1
    endloop
  endfacet
  facet normal 0.644098 -0.292256 -0.706912
    outer loop
      vertex -8.03569 3.33389 2.62557e-07
      vertex -7.11387 2.94666 1
      vertex -8.03775 3.32935 2.62528e-07
    endloop
  endfacet
  facet normal 0.373503 -0.600638 -0.706916
    outer loop
      vertex -4.82922 7.23642 2.77744e-07
      vertex -4.35 7.53442 2.77323e-07
      vertex -3.85 6.6684 1
    endloop
  endfacet
  facet normal 0.483503 0.516227 -0.706919
    outer loop
      vertex -6.15183 -6.15183 2.40604e-07
      vertex -5.44472 -5.44472 1
      vertex -5.73995 -6.5376 2.39567e-07
    endloop
  endfacet
  facet normal 0.48356 0.516176 -0.706917
    outer loop
      vertex -5.73995 -6.5376 2.39567e-07
      vertex -5.07696 -5.78917 1
      vertex -5.73631 -6.54101 2.39558e-07
    endloop
  endfacet
  facet normal 0.483505 0.516226 -0.706918
    outer loop
      vertex -5.07696 -5.78917 1
      vertex -5.73995 -6.5376 2.39567e-07
      vertex -5.44472 -5.44472 1
    endloop
  endfacet
  facet normal -0.373503 0.600638 -0.706916
    outer loop
      vertex 3.85 -6.6684 1
      vertex 4.82922 -7.23642 1.17183e-07
      vertex 4.35 -7.53442 1.19777e-07
    endloop
  endfacet
  facet normal -0.574881 -0.412045 -0.706916
    outer loop
      vertex 6.40232 4.27789 1
      vertex 7.23088 4.83752 2.82465e-07
      vertex 7.23379 4.83346 2.82293e-07
    endloop
  endfacet
  facet normal -0.574919 -0.41199 -0.706917
    outer loop
      vertex 7.23088 4.83752 2.82465e-07
      vertex 6.40232 4.27789 1
      vertex 6.10882 4.68746 1
    endloop
  endfacet
  facet normal -0.547281 -0.448033 -0.70693
    outer loop
      vertex 6.10882 4.68746 1
      vertex 6.89901 5.30008 3.02125e-07
      vertex 6.90217 5.29622 3.01973e-07
    endloop
  endfacet
  facet normal -0.546749 -0.4487 -0.706918
    outer loop
      vertex 6.89901 5.30008 3.02125e-07
      vertex 6.10882 4.68746 1
      vertex 5.78917 5.07696 1
    endloop
  endfacet
  facet normal 0.68882 0.160614 -0.706916
    outer loop
      vertex -8.5317 -1.70214 2.24179e-07
      vertex -7.55205 -1.5022 1
      vertex -7.43763 -1.99291 1
    endloop
  endfacet
  facet normal 0.688846 0.160494 -0.706918
    outer loop
      vertex -7.55205 -1.5022 1
      vertex -8.5317 -1.70214 2.24179e-07
      vertex -8.53283 -1.69729 2.24199e-07
    endloop
  endfacet
  facet normal -0.114673 -0.697949 -0.706907
    outer loop
      vertex 1.5022 7.55205 1
      vertex 1.69236 8.53364 3.51207e-07
      vertex 1.69729 8.53283 3.51305e-07
    endloop
  endfacet
  facet normal -0.115202 -0.697854 -0.706914
    outer loop
      vertex 1.69236 8.53364 3.51207e-07
      vertex 1.5022 7.55205 1
      vertex 1.00505 7.63412 1
    endloop
  endfacet
  facet normal 0.703888 -0.0693295 -0.70692
    outer loop
      vertex -8.62606 1.13061 2.45757e-07
      vertex -7.63412 1.00505 1
      vertex -7.68351 0.503604 1
    endloop
  endfacet
  facet normal 0.70388 -0.0693966 -0.706921
    outer loop
      vertex -7.63412 1.00505 1
      vertex -8.62606 1.13061 2.45757e-07
      vertex -8.62557 1.13558 2.45801e-07
    endloop
  endfacet
  facet normal 0.676838 0.205324 -0.706918
    outer loop
      vertex -8.40211 -2.2565 2.21886e-07
      vertex -7.43763 -1.99291 1
      vertex -7.29136 -2.47508 1
    endloop
  endfacet
  facet normal 0.677101 0.204408 -0.706931
    outer loop
      vertex -7.43763 -1.99291 1
      vertex -8.40211 -2.2565 2.21886e-07
      vertex -8.40355 -2.25173 2.21908e-07
    endloop
  endfacet
  facet normal -0.291907 0.644251 -0.706917
    outer loop
      vertex 3.33389 -8.03569 1.25603e-07
      vertex 3.40562 -6.90592 1
      vertex 3.84791 -7.80279 1.22604e-07
    endloop
  endfacet
  facet normal 0.249144 0.661961 -0.706919
    outer loop
      vertex -3.32468 -8.03951 2.11896e-07
      vertex -2.94666 -7.11387 1
      vertex -2.47508 -7.29136 1
    endloop
  endfacet
  facet normal 0.249433 0.661848 -0.706923
    outer loop
      vertex -2.94666 -7.11387 1
      vertex -3.32468 -8.03951 2.11896e-07
      vertex -3.32935 -8.03775 2.11982e-07
    endloop
  endfacet
  facet normal 0.697846 0.115221 -0.706919
    outer loop
      vertex -8.62557 -1.13558 2.26253e-07
      vertex -7.63412 -1.00505 1
      vertex -8.53364 -1.69236 2.24217e-07
    endloop
  endfacet
  facet normal -0.516176 0.48356 -0.706917
    outer loop
      vertex 6.5376 -5.73995 1.09026e-07
      vertex 5.78917 -5.07696 1
      vertex 6.54101 -5.73631 1.09011e-07
    endloop
  endfacet
  facet normal -0.516226 0.483505 -0.706918
    outer loop
      vertex 5.78917 -5.07696 1
      vertex 6.5376 -5.73995 1.09026e-07
      vertex 5.44472 -5.44472 1
    endloop
  endfacet
  facet normal 0.70388 0.0693966 -0.706921
    outer loop
      vertex -8.62606 -1.13061 2.26269e-07
      vertex -7.63412 -1.00505 1
      vertex -8.62557 -1.13558 2.26253e-07
    endloop
  endfacet
  facet normal 0.703888 0.0693295 -0.70692
    outer loop
      vertex -7.63412 -1.00505 1
      vertex -8.62606 -1.13061 2.26269e-07
      vertex -7.68351 -0.503604 1
    endloop
  endfacet
  facet normal 0.676838 -0.205324 -0.706918
    outer loop
      vertex -7.43763 1.99291 1
      vertex -8.40211 2.2565 2.54866e-07
      vertex -7.29136 2.47508 1
    endloop
  endfacet
  facet normal 0.677101 -0.204408 -0.706931
    outer loop
      vertex -8.40211 2.2565 2.54866e-07
      vertex -7.43763 1.99291 1
      vertex -8.40355 2.25173 2.54831e-07
    endloop
  endfacet
  facet normal 0.706914 -0.0231472 -0.70692
    outer loop
      vertex -8.68154 0.564021 2.40787e-07
      vertex -7.68351 0.503604 1
      vertex -7.7 3.36937e-16 1
    endloop
  endfacet
  facet normal 0.70687 -0.024101 -0.706933
    outer loop
      vertex -7.68351 0.503604 1
      vertex -8.68154 0.564021 2.40787e-07
      vertex -8.68137 0.569007 2.40833e-07
    endloop
  endfacet
  facet normal 0.697846 -0.115221 -0.706919
    outer loop
      vertex -8.62557 1.13558 2.45801e-07
      vertex -8.53364 1.69236 2.50432e-07
      vertex -7.63412 1.00505 1
    endloop
  endfacet
  facet normal -0.697949 0.114673 -0.706906
    outer loop
      vertex 7.55205 -1.5022 1
      vertex 8.53364 -1.69236 1.05256e-07
      vertex 8.53283 -1.69729 1.05249e-07
    endloop
  endfacet
  facet normal -0.697855 0.115202 -0.706914
    outer loop
      vertex 8.53364 -1.69236 1.05256e-07
      vertex 7.55205 -1.5022 1
      vertex 7.63412 -1.00505 1
    endloop
  endfacet
  facet normal 0.697949 0.114673 -0.706906
    outer loop
      vertex -8.53364 -1.69236 2.24217e-07
      vertex -7.55205 -1.5022 1
      vertex -8.53283 -1.69729 2.24199e-07
    endloop
  endfacet
  facet normal 0.697854 0.115202 -0.706914
    outer loop
      vertex -7.55205 -1.5022 1
      vertex -8.53364 -1.69236 2.24217e-07
      vertex -7.63412 -1.00505 1
    endloop
  endfacet
  facet normal -0.688846 0.160494 -0.706918
    outer loop
      vertex 8.5317 -1.70214 1.05245e-07
      vertex 7.55205 -1.5022 1
      vertex 8.53283 -1.69729 1.05249e-07
    endloop
  endfacet
  facet normal -0.68882 0.160614 -0.706916
    outer loop
      vertex 7.55205 -1.5022 1
      vertex 8.5317 -1.70214 1.05245e-07
      vertex 7.43763 -1.99291 1
    endloop
  endfacet
  facet normal 0.703891 0.0693213 -0.706917
    outer loop
      vertex -8.6523 -0.864168 2.27119e-07
      vertex -7.68351 -0.503604 1
      vertex -8.62606 -1.13061 2.26269e-07
    endloop
  endfacet
  facet normal 0.70389 0.0693252 -0.706918
    outer loop
      vertex -7.68351 -0.503604 1
      vertex -8.6523 -0.864168 2.27119e-07
      vertex -8.68137 -0.569007 2.30099e-07
    endloop
  endfacet
  facet normal 0.70687 0.0241011 -0.706933
    outer loop
      vertex -8.68154 -0.564021 2.30147e-07
      vertex -7.68351 -0.503604 1
      vertex -8.68137 -0.569007 2.30099e-07
    endloop
  endfacet
  facet normal 0.706914 0.0231472 -0.70692
    outer loop
      vertex -7.68351 -0.503604 1
      vertex -8.68154 -0.564021 2.30147e-07
      vertex -7.7 3.36937e-16 1
    endloop
  endfacet
  facet normal -0.483503 0.516227 -0.706919
    outer loop
      vertex 5.44472 -5.44472 1
      vertex 6.15183 -6.15183 1.10683e-07
      vertex 5.73995 -6.5376 1.12587e-07
    endloop
  endfacet
  facet normal 0.205325 0.676838 -0.706918
    outer loop
      vertex -2.79652 -8.23829 2.02162e-07
      vertex -2.47508 -7.29136 1
      vertex -2.2565 -8.40211 1.9109e-07
    endloop
  endfacet
  facet normal -0.677101 0.204408 -0.706931
    outer loop
      vertex 8.40211 -2.2565 1.04759e-07
      vertex 7.43763 -1.99291 1
      vertex 8.40355 -2.25173 1.04761e-07
    endloop
  endfacet
  facet normal -0.676838 0.205324 -0.706918
    outer loop
      vertex 7.43763 -1.99291 1
      vertex 8.40211 -2.2565 1.04759e-07
      vertex 7.29136 -2.47508 1
    endloop
  endfacet
  facet normal 0.676838 0.205325 -0.706918
    outer loop
      vertex -8.40211 -2.2565 2.21886e-07
      vertex -7.29136 -2.47508 1
      vertex -8.23829 -2.79652 2.19391e-07
    endloop
  endfacet
  facet normal -0.676838 0.205325 -0.706918
    outer loop
      vertex 7.29136 -2.47508 1
      vertex 8.40211 -2.2565 1.04759e-07
      vertex 8.23829 -2.79652 1.04547e-07
    endloop
  endfacet
  facet normal -0.70389 0.0693233 -0.706918
    outer loop
      vertex 7.68351 -0.503604 1
      vertex 8.68137 -0.569007 1.13015e-07
      vertex 8.62606 -1.13061 1.08091e-07
    endloop
  endfacet
  facet normal -0.160494 0.688846 -0.706918
    outer loop
      vertex 1.5022 -7.55205 1
      vertex 1.70214 -8.5317 1.35734e-07
      vertex 1.69729 -8.53283 1.35765e-07
    endloop
  endfacet
  facet normal -0.160614 0.68882 -0.706916
    outer loop
      vertex 1.70214 -8.5317 1.35734e-07
      vertex 1.5022 -7.55205 1
      vertex 1.99291 -7.43763 1
    endloop
  endfacet
  facet normal -0.292256 0.644098 -0.706912
    outer loop
      vertex 2.94666 -7.11387 1
      vertex 3.33389 -8.03569 1.25603e-07
      vertex 3.32935 -8.03775 1.2563e-07
    endloop
  endfacet
  facet normal -0.291904 0.644251 -0.706918
    outer loop
      vertex 3.33389 -8.03569 1.25603e-07
      vertex 2.94666 -7.11387 1
      vertex 3.40562 -6.90592 1
    endloop
  endfacet
  facet normal -0.0241011 0.70687 -0.706933
    outer loop
      vertex 0.564021 -8.68154 1.43291e-07
      vertex 0.503604 -7.68351 1
      vertex 0.569007 -8.68137 1.43257e-07
    endloop
  endfacet
  facet normal -0.0231472 0.706914 -0.70692
    outer loop
      vertex 0.503604 -7.68351 1
      vertex 0.564021 -8.68154 1.43291e-07
      vertex -2.88304e-16 -7.7 1
    endloop
  endfacet
  facet normal 0.516227 -0.483503 -0.706919
    outer loop
      vertex -6.5376 5.73995 2.75149e-07
      vertex -6.15183 6.15183 2.76433e-07
      vertex -5.44472 5.44472 1
    endloop
  endfacet
  facet normal -0.703893 -0.06929 -0.706918
    outer loop
      vertex 7.68351 0.503604 1
      vertex 8.66611 0.724028 1.25314e-07
      vertex 8.68137 0.569007 1.23749e-07
    endloop
  endfacet
  facet normal -0.703886 -0.0693356 -0.706921
    outer loop
      vertex 8.66611 0.724028 1.25314e-07
      vertex 7.68351 0.503604 1
      vertex 8.62606 1.13061 1.42231e-07
    endloop
  endfacet
  facet normal 0.600638 -0.373503 -0.706916
    outer loop
      vertex -7.53442 4.35 2.68761e-07
      vertex -7.23642 4.82922 2.71272e-07
      vertex -6.6684 3.85 1
    endloop
  endfacet
  facet normal -0.160615 0.68882 -0.706916
    outer loop
      vertex 1.70214 -8.5317 1.35734e-07
      vertex 1.99291 -7.43763 1
      vertex 2.25173 -8.40355 1.32224e-07
    endloop
  endfacet
  facet normal -0.205324 -0.676838 -0.706918
    outer loop
      vertex 1.99291 7.43763 1
      vertex 2.2565 8.40211 3.59994e-07
      vertex 2.47508 7.29136 1
    endloop
  endfacet
  facet normal -0.204408 -0.677101 -0.706931
    outer loop
      vertex 2.2565 8.40211 3.59994e-07
      vertex 1.99291 7.43763 1
      vertex 2.25173 8.40355 3.59941e-07
    endloop
  endfacet
  facet normal -0.703888 -0.0693295 -0.70692
    outer loop
      vertex 7.63412 1.00505 1
      vertex 8.62606 1.13061 1.42231e-07
      vertex 7.68351 0.503604 1
    endloop
  endfacet
  facet normal -0.70388 -0.0693966 -0.706921
    outer loop
      vertex 8.62606 1.13061 1.42231e-07
      vertex 7.63412 1.00505 1
      vertex 8.62557 1.13558 1.42438e-07
    endloop
  endfacet
  facet normal 0.661848 0.249433 -0.706923
    outer loop
      vertex -8.03951 -3.32468 2.16682e-07
      vertex -7.11387 -2.94666 1
      vertex -8.03775 -3.32935 2.16658e-07
    endloop
  endfacet
  facet normal 0.661961 0.249144 -0.706919
    outer loop
      vertex -7.11387 -2.94666 1
      vertex -8.03951 -3.32468 2.16682e-07
      vertex -7.29136 -2.47508 1
    endloop
  endfacet
  facet normal -0.661965 0.249139 -0.706918
    outer loop
      vertex 7.29136 -2.47508 1
      vertex 8.23829 -2.79652 1.04547e-07
      vertex 8.03951 -3.32468 1.04609e-07
    endloop
  endfacet
  facet normal 0.115202 0.697855 -0.706914
    outer loop
      vertex -1.69236 -8.53364 1.78399e-07
      vertex -1.5022 -7.55205 1
      vertex -1.00505 -7.63412 1
    endloop
  endfacet
  facet normal 0.114673 0.697949 -0.706906
    outer loop
      vertex -1.5022 -7.55205 1
      vertex -1.69236 -8.53364 1.78399e-07
      vertex -1.69729 -8.53283 1.78519e-07
    endloop
  endfacet
  facet normal -0.697855 -0.115202 -0.706914
    outer loop
      vertex 7.55205 1.5022 1
      vertex 8.53364 1.69236 1.64884e-07
      vertex 7.63412 1.00505 1
    endloop
  endfacet
  facet normal -0.697949 -0.114673 -0.706906
    outer loop
      vertex 8.53364 1.69236 1.64884e-07
      vertex 7.55205 1.5022 1
      vertex 8.53283 1.69729 1.65083e-07
    endloop
  endfacet
  facet normal 0.115208 -0.697848 -0.70692
    outer loop
      vertex -1.00505 7.63412 1
      vertex -1.5436 8.55821 2.68055e-07
      vertex -1.13558 8.62557 2.78907e-07
    endloop
  endfacet
  facet normal 0.115257 -0.69783 -0.70693
    outer loop
      vertex -1.5436 8.55821 2.68055e-07
      vertex -1.00505 7.63412 1
      vertex -1.69236 8.53364 2.68826e-07
    endloop
  endfacet
  facet normal 0.623785 -0.333412 -0.706915
    outer loop
      vertex -7.53677 4.3456 2.68736e-07
      vertex -6.6684 3.85 1
      vertex -6.90592 3.40562 1
    endloop
  endfacet
  facet normal 0.623893 -0.333216 -0.706912
    outer loop
      vertex -6.6684 3.85 1
      vertex -7.53677 4.3456 2.68736e-07
      vertex -7.53442 4.35 2.68761e-07
    endloop
  endfacet
  facet normal 0.023142 -0.706917 -0.706918
    outer loop
      vertex 5.20776e-16 7.7 1
      vertex -0.500359 8.68362 2.93765e-07
      vertex 4.57078e-16 8.7 3.10134e-07
    endloop
  endfacet
  facet normal 0.0230972 -0.706929 -0.706907
    outer loop
      vertex -0.500359 8.68362 2.93765e-07
      vertex 5.20776e-16 7.7 1
      vertex -0.564021 8.68154 2.92438e-07
    endloop
  endfacet
  facet normal -0.661961 -0.249144 -0.706919
    outer loop
      vertex 7.11387 2.94666 1
      vertex 8.03951 3.32468 2.26329e-07
      vertex 7.29136 2.47508 1
    endloop
  endfacet
  facet normal -0.661848 -0.249433 -0.706924
    outer loop
      vertex 8.03951 3.32468 2.26329e-07
      vertex 7.11387 2.94666 1
      vertex 8.03775 3.32935 2.26498e-07
    endloop
  endfacet
  facet normal -0.114673 0.697949 -0.706906
    outer loop
      vertex 1.69236 -8.53364 1.35797e-07
      vertex 1.5022 -7.55205 1
      vertex 1.69729 -8.53283 1.35765e-07
    endloop
  endfacet
  facet normal -0.115202 0.697855 -0.706914
    outer loop
      vertex 1.5022 -7.55205 1
      vertex 1.69236 -8.53364 1.35797e-07
      vertex 1.00505 -7.63412 1
    endloop
  endfacet
  facet normal -0.115221 0.697846 -0.706919
    outer loop
      vertex 1.00505 -7.63412 1
      vertex 1.69236 -8.53364 1.35797e-07
      vertex 1.13558 -8.62557 1.39448e-07
    endloop
  endfacet
  facet normal -0.677101 -0.204408 -0.706931
    outer loop
      vertex 7.43763 1.99291 1
      vertex 8.40211 2.2565 1.86882e-07
      vertex 8.40355 2.25173 1.86702e-07
    endloop
  endfacet
  facet normal -0.676838 -0.205324 -0.706918
    outer loop
      vertex 8.40211 2.2565 1.86882e-07
      vertex 7.43763 1.99291 1
      vertex 7.29136 2.47508 1
    endloop
  endfacet
  facet normal -0.333216 0.623893 -0.706912
    outer loop
      vertex 4.3456 -7.53677 1.19802e-07
      vertex 3.85 -6.6684 1
      vertex 4.35 -7.53442 1.19777e-07
    endloop
  endfacet
  facet normal -0.333412 0.623785 -0.706915
    outer loop
      vertex 3.85 -6.6684 1
      vertex 4.3456 -7.53677 1.19802e-07
      vertex 3.40562 -6.90592 1
    endloop
  endfacet
  facet normal 0.4487 -0.546749 -0.706918
    outer loop
      vertex -5.73631 6.54101 2.77301e-07
      vertex -5.30008 6.89901 2.77737e-07
      vertex -5.07696 5.78917 1
    endloop
  endfacet
  facet normal -0.574918 0.411993 -0.706916
    outer loop
      vertex 6.10882 -4.68746 1
      vertex 7.23088 -4.83752 1.06455e-07
      vertex 6.90217 -5.29622 1.07597e-07
    endloop
  endfacet
  facet normal -0.0693966 -0.70388 -0.706921
    outer loop
      vertex 1.00505 7.63412 1
      vertex 1.13061 8.62606 3.39971e-07
      vertex 1.13558 8.62557 3.40092e-07
    endloop
  endfacet
  facet normal -0.0693295 -0.703888 -0.70692
    outer loop
      vertex 1.13061 8.62606 3.39971e-07
      vertex 1.00505 7.63412 1
      vertex 0.503604 7.68351 1
    endloop
  endfacet
  facet normal 0.249139 0.661965 -0.706918
    outer loop
      vertex -3.32468 -8.03951 2.11896e-07
      vertex -2.47508 -7.29136 1
      vertex -2.79652 -8.23829 2.02162e-07
    endloop
  endfacet
  facet normal -0.68882 0.160615 -0.706916
    outer loop
      vertex 7.43763 -1.99291 1
      vertex 8.5317 -1.70214 1.05245e-07
      vertex 8.40355 -2.25173 1.04761e-07
    endloop
  endfacet
  facet normal 0.448033 0.547281 -0.70693
    outer loop
      vertex -5.30008 -6.89901 2.37024e-07
      vertex -4.68746 -6.10882 1
      vertex -5.29622 -6.90217 2.37002e-07
    endloop
  endfacet
  facet normal 0.4487 0.546749 -0.706918
    outer loop
      vertex -4.68746 -6.10882 1
      vertex -5.30008 -6.89901 2.37024e-07
      vertex -5.07696 -5.78917 1
    endloop
  endfacet
  facet normal 0.623893 0.333216 -0.706912
    outer loop
      vertex -7.53677 -4.3456 2.29629e-07
      vertex -6.6684 -3.85 1
      vertex -7.53442 -4.35 2.29686e-07
    endloop
  endfacet
  facet normal 0.623785 0.333412 -0.706915
    outer loop
      vertex -6.6684 -3.85 1
      vertex -7.53677 -4.3456 2.29629e-07
      vertex -6.90592 -3.40562 1
    endloop
  endfacet
  facet normal -0.291904 -0.644251 -0.706918
    outer loop
      vertex 2.94666 7.11387 1
      vertex 3.33389 8.03569 3.69349e-07
      vertex 3.40562 6.90592 1
    endloop
  endfacet
  facet normal -0.292256 -0.644097 -0.706912
    outer loop
      vertex 3.33389 8.03569 3.69349e-07
      vertex 2.94666 7.11387 1
      vertex 3.32935 8.03775 3.69343e-07
    endloop
  endfacet
  facet normal -0.644098 0.292256 -0.706912
    outer loop
      vertex 8.03569 -3.33389 1.04613e-07
      vertex 7.11387 -2.94666 1
      vertex 8.03775 -3.32935 1.0461e-07
    endloop
  endfacet
  facet normal -0.644251 0.291904 -0.706918
    outer loop
      vertex 7.11387 -2.94666 1
      vertex 8.03569 -3.33389 1.04613e-07
      vertex 6.90592 -3.40562 1
    endloop
  endfacet
  facet normal -0.249139 0.661965 -0.706918
    outer loop
      vertex 2.47508 -7.29136 1
      vertex 3.32468 -8.03951 1.25658e-07
      vertex 2.79652 -8.23829 1.28841e-07
    endloop
  endfacet
  facet normal -0.62378 0.333417 -0.706917
    outer loop
      vertex 6.90592 -3.40562 1
      vertex 7.80279 -3.84791 1.04948e-07
      vertex 7.53677 -4.3456 1.05555e-07
    endloop
  endfacet
  facet normal 0.574919 0.41199 -0.706917
    outer loop
      vertex -7.23088 -4.83752 2.34694e-07
      vertex -6.40232 -4.27789 1
      vertex -6.10882 -4.68746 1
    endloop
  endfacet
  facet normal 0.574881 0.412045 -0.706916
    outer loop
      vertex -6.40232 -4.27789 1
      vertex -7.23088 -4.83752 2.34694e-07
      vertex -7.23379 -4.83346 2.34664e-07
    endloop
  endfacet
  facet normal 0.373503 0.600638 -0.706916
    outer loop
      vertex -4.82922 -7.23642 2.32897e-07
      vertex -3.85 -6.6684 1
      vertex -4.35 -7.53442 2.27406e-07
    endloop
  endfacet
  facet normal 0.333412 0.623785 -0.706915
    outer loop
      vertex -4.3456 -7.53677 2.27345e-07
      vertex -3.85 -6.6684 1
      vertex -3.40562 -6.90592 1
    endloop
  endfacet
  facet normal 0.333216 0.623893 -0.706912
    outer loop
      vertex -3.85 -6.6684 1
      vertex -4.3456 -7.53677 2.27345e-07
      vertex -4.35 -7.53442 2.27406e-07
    endloop
  endfacet
  facet normal -0.697846 -0.115221 -0.706919
    outer loop
      vertex 7.63412 1.00505 1
      vertex 8.53364 1.69236 1.64884e-07
      vertex 8.62557 1.13558 1.42438e-07
    endloop
  endfacet
  facet normal -0.661965 -0.249139 -0.706918
    outer loop
      vertex 7.29136 2.47508 1
      vertex 8.03951 3.32468 2.26329e-07
      vertex 8.23829 2.79652 2.07203e-07
    endloop
  endfacet
  facet normal -0.412045 0.574881 -0.706916
    outer loop
      vertex 4.27789 -6.40232 1
      vertex 4.83752 -7.23088 1.1714e-07
      vertex 4.83346 -7.23379 1.17161e-07
    endloop
  endfacet
  facet normal -0.41199 0.574919 -0.706917
    outer loop
      vertex 4.83752 -7.23088 1.1714e-07
      vertex 4.27789 -6.40232 1
      vertex 4.68746 -6.10882 1
    endloop
  endfacet
  facet normal 0.4487 0.546749 -0.706918
    outer loop
      vertex -5.73631 -6.54101 2.39558e-07
      vertex -5.07696 -5.78917 1
      vertex -5.30008 -6.89901 2.37024e-07
    endloop
  endfacet
  facet normal 0.204408 0.677101 -0.706931
    outer loop
      vertex -2.2565 -8.40211 1.9109e-07
      vertex -1.99291 -7.43763 1
      vertex -2.25173 -8.40355 1.90992e-07
    endloop
  endfacet
  facet normal 0.205324 0.676838 -0.706918
    outer loop
      vertex -1.99291 -7.43763 1
      vertex -2.2565 -8.40211 1.9109e-07
      vertex -2.47508 -7.29136 1
    endloop
  endfacet
  facet normal -0.623785 -0.333412 -0.706915
    outer loop
      vertex 6.6684 3.85 1
      vertex 7.53677 4.3456 2.61e-07
      vertex 6.90592 3.40562 1
    endloop
  endfacet
  facet normal -0.623893 -0.333216 -0.706912
    outer loop
      vertex 7.53677 4.3456 2.61e-07
      vertex 6.6684 3.85 1
      vertex 7.53442 4.35 2.61146e-07
    endloop
  endfacet
  facet normal -0.372832 0.601068 -0.706904
    outer loop
      vertex 4.82922 -7.23642 1.17183e-07
      vertex 4.27789 -6.40232 1
      vertex 4.83346 -7.23379 1.17161e-07
    endloop
  endfacet
  facet normal -0.373502 0.600638 -0.706916
    outer loop
      vertex 4.27789 -6.40232 1
      vertex 4.82922 -7.23642 1.17183e-07
      vertex 3.85 -6.6684 1
    endloop
  endfacet
  facet normal 0.373502 0.600638 -0.706916
    outer loop
      vertex -4.82922 -7.23642 2.32897e-07
      vertex -4.27789 -6.40232 1
      vertex -3.85 -6.6684 1
    endloop
  endfacet
  facet normal 0.372832 0.601068 -0.706904
    outer loop
      vertex -4.27789 -6.40232 1
      vertex -4.82922 -7.23642 2.32897e-07
      vertex -4.83346 -7.23379 2.32945e-07
    endloop
  endfacet
  facet normal -0.70687 0.0241011 -0.706933
    outer loop
      vertex 7.68351 -0.503604 1
      vertex 8.68154 -0.564021 1.13061e-07
      vertex 8.68137 -0.569007 1.13015e-07
    endloop
  endfacet
  facet normal -0.706914 0.0231472 -0.70692
    outer loop
      vertex 8.68154 -0.564021 1.13061e-07
      vertex 7.68351 -0.503604 1
      vertex 7.7 -1.41601e-16 1
    endloop
  endfacet
  facet normal -0.661848 0.249433 -0.706923
    outer loop
      vertex 7.11387 -2.94666 1
      vertex 8.03951 -3.32468 1.04609e-07
      vertex 8.03775 -3.32935 1.0461e-07
    endloop
  endfacet
  facet normal -0.661961 0.249144 -0.706919
    outer loop
      vertex 8.03951 -3.32468 1.04609e-07
      vertex 7.11387 -2.94666 1
      vertex 7.29136 -2.47508 1
    endloop
  endfacet
  facet normal 0.160615 0.68882 -0.706916
    outer loop
      vertex -2.25173 -8.40355 1.90992e-07
      vertex -1.99291 -7.43763 1
      vertex -1.70214 -8.5317 1.78628e-07
    endloop
  endfacet
  facet normal 0.546749 0.4487 -0.706918
    outer loop
      vertex -6.89901 -5.30008 2.38169e-07
      vertex -5.78917 -5.07696 1
      vertex -6.54101 -5.73631 2.40134e-07
    endloop
  endfacet
  facet normal 0.516226 0.483505 -0.706918
    outer loop
      vertex -6.5376 -5.73995 2.40139e-07
      vertex -5.78917 -5.07696 1
      vertex -5.44472 -5.44472 1
    endloop
  endfacet
  facet normal 0.516176 0.48356 -0.706917
    outer loop
      vertex -5.78917 -5.07696 1
      vertex -6.5376 -5.73995 2.40139e-07
      vertex -6.54101 -5.73631 2.40134e-07
    endloop
  endfacet
  facet normal -0.249433 0.661848 -0.706923
    outer loop
      vertex 3.32468 -8.03951 1.25658e-07
      vertex 2.94666 -7.11387 1
      vertex 3.32935 -8.03775 1.2563e-07
    endloop
  endfacet
  facet normal -0.249144 0.661961 -0.706919
    outer loop
      vertex 2.94666 -7.11387 1
      vertex 3.32468 -8.03951 1.25658e-07
      vertex 2.47508 -7.29136 1
    endloop
  endfacet
  facet normal -0.205325 0.676838 -0.706918
    outer loop
      vertex 2.2565 -8.40211 1.32195e-07
      vertex 2.47508 -7.29136 1
      vertex 2.79652 -8.23829 1.28841e-07
    endloop
  endfacet
  facet normal -0.70388 0.0693967 -0.706921
    outer loop
      vertex 7.63412 -1.00505 1
      vertex 8.62606 -1.13061 1.08091e-07
      vertex 8.62557 -1.13558 1.08048e-07
    endloop
  endfacet
  facet normal -0.703888 0.0693295 -0.70692
    outer loop
      vertex 8.62606 -1.13061 1.08091e-07
      vertex 7.63412 -1.00505 1
      vertex 7.68351 -0.503604 1
    endloop
  endfacet
  facet normal -0.601068 0.372832 -0.706904
    outer loop
      vertex 6.40232 -4.27789 1
      vertex 7.23642 -4.82922 1.06437e-07
      vertex 7.23379 -4.83346 1.06445e-07
    endloop
  endfacet
  facet normal -0.600638 0.373502 -0.706916
    outer loop
      vertex 7.23642 -4.82922 1.06437e-07
      vertex 6.40232 -4.27789 1
      vertex 6.6684 -3.85 1
    endloop
  endfacet
  facet normal -0.623893 0.333216 -0.706912
    outer loop
      vertex 6.6684 -3.85 1
      vertex 7.53677 -4.3456 1.05555e-07
      vertex 7.53442 -4.35 1.05561e-07
    endloop
  endfacet
  facet normal -0.623785 0.333412 -0.706915
    outer loop
      vertex 7.53677 -4.3456 1.05555e-07
      vertex 6.6684 -3.85 1
      vertex 6.90592 -3.40562 1
    endloop
  endfacet
  facet normal -0.215261 0.855815 -0.470365
    outer loop
      vertex 10.7721 5.15395 54.7134
      vertex 10.9118 5.32792 54.966
      vertex 11.5563 5.31234 54.6427
    endloop
  endfacet
  facet normal 0.91793 0.0174707 -0.396359
    outer loop
      vertex 2.35863 11.8119 53.7745
      vertex 2.47323 12.0319 54.0496
      vertex 2.54289 11.2418 54.1761
    endloop
  endfacet
  facet normal 0.840609 0.541576 0.00854922
    outer loop
      vertex 2.93912 7.87658 50.7342
      vertex 3.07107 7.66111 51.4097
      vertex 3.24426 7.39404 51.299
    endloop
  endfacet
  facet normal 0.815741 0.577971 0.0227253
    outer loop
      vertex 3.12946 7.58306 50.6125
      vertex 3.24426 7.39404 51.299
      vertex 3.33673 7.29465 50.5075
    endloop
  endfacet
  facet normal 0.917444 0.392041 -0.0678318
    outer loop
      vertex 2.4774 8.77511 51.1931
      vertex 2.54608 8.75277 51.9929
      vertex 2.65096 8.47868 51.8273
    endloop
  endfacet
  facet normal 0.917441 0.392047 -0.0678314
    outer loop
      vertex 2.36214 9.07634 51.3752
      vertex 2.54608 8.75277 51.9929
      vertex 2.4774 8.77511 51.1931
    endloop
  endfacet
  facet normal -0.233291 0.830927 -0.50511
    outer loop
      vertex 10.9118 5.32792 54.966
      vertex 11.6906 5.51837 54.9196
      vertex 11.5563 5.31234 54.6427
    endloop
  endfacet
  facet normal 0.554581 -0.164362 -0.815736
    outer loop
      vertex 5.16877 13.3808 57.1609
      vertex 5.47402 13.371 57.3704
      vertex 5.37756 12.6604 57.448
    endloop
  endfacet
  facet normal 0.27411 -0.0967296 -0.956821
    outer loop
      vertex 7.40259 12.9059 58.3407
      vertex 7.72734 12.7638 58.4481
      vertex 7.42785 12.108 58.4286
    endloop
  endfacet
  facet normal -0.285552 0.577945 -0.764487
    outer loop
      vertex 11.338 7.39404 57.0848
      vertex 12.0247 7.58306 56.9712
      vertex 12.057 7.29465 56.7411
    endloop
  endfacet
  facet normal -0.21526 0.855792 -0.470407
    outer loop
      vertex 10.7721 5.15395 54.7134
      vertex 11.5563 5.31234 54.6427
      vertex 11.4028 5.12114 54.3651
    endloop
  endfacet
  facet normal 0.949185 0.280187 -0.143331
    outer loop
      vertex 2.19264 9.67364 51.7784
      vertex 2.34317 9.56332 52.5596
      vertex 2.39185 9.29625 52.3599
    endloop
  endfacet
  facet normal 0.760861 -0.127795 -0.636207
    outer loop
      vertex 3.55233 13.0303 55.6976
      vertex 3.79023 13.1364 55.9608
      vertex 3.62903 12.3504 55.9259
    endloop
  endfacet
  facet normal -0.272411 0.746102 -0.607556
    outer loop
      vertex 11.2241 5.92753 55.7158
      vertex 11.9733 6.2163 55.7345
      vertex 11.8996 5.97132 55.4667
    endloop
  endfacet
  facet normal 0.816607 -0.0966703 -0.569042
    outer loop
      vertex 3.12283 12.7638 55.1566
      vertex 3.32954 12.9059 55.4291
      vertex 3.23822 12.108 55.4336
    endloop
  endfacet
  facet normal 0.954552 0.243796 -0.171449
    outer loop
      vertex 2.1068 10.2556 52.228
      vertex 2.34317 9.56332 52.5596
      vertex 2.13914 9.96716 51.9979
    endloop
  endfacet
  facet normal -0.272142 0.504557 -0.819366
    outer loop
      vertex 11.2216 7.93168 57.4736
      vertex 11.9712 7.87658 57.1907
      vertex 11.2893 7.66111 57.2845
    endloop
  endfacet
  facet normal 0.35423 0.935136 0.00642448
    outer loop
      vertex 6.5488 4.72013 51.3135
      vertex 6.84554 4.60695 51.4263
      vertex 6.76125 4.64436 50.6285
    endloop
  endfacet
  facet normal -0.248357 0.429739 -0.868126
    outer loop
      vertex 11.1351 8.20459 57.6514
      vertex 11.6864 8.77511 57.7761
      vertex 11.8017 8.47388 57.594
    endloop
  endfacet
  facet normal 0.43675 -0.149609 -0.887055
    outer loop
      vertex 5.95062 12.5889 57.7948
      vertex 6.10383 13.2923 57.7516
      vertex 6.24348 12.5266 57.9495
    endloop
  endfacet
  facet normal 0.696931 0.714794 0.0579373
    outer loop
      vertex 4.05087 6.47225 50.2959
      vertex 4.08264 6.38332 51.0109
      vertex 4.31629 6.2163 50.2609
    endloop
  endfacet
  facet normal 0.729275 0.682208 0.0524472
    outer loop
      vertex 3.79842 6.73805 50.3488
      vertex 4.08264 6.38332 51.0109
      vertex 4.05087 6.47225 50.2959
    endloop
  endfacet
  facet normal 0.232346 0.971405 -0.0488708
    outer loop
      vertex 7.43768 4.43075 51.6949
      vertex 7.73054 4.36848 51.8495
      vertex 8.06001 4.25788 51.2175
    endloop
  endfacet
  facet normal 0.697947 -0.149603 -0.700349
    outer loop
      vertex 4.04222 13.2239 56.2178
      vertex 4.30724 13.2923 56.4673
      vertex 4.07478 12.5266 56.3992
    endloop
  endfacet
  facet normal 0.884351 -0.034006 -0.465583
    outer loop
      vertex 2.60757 12.2379 54.3265
      vertex 2.76107 12.4291 54.6041
      vertex 2.90906 11.8034 54.9309
    endloop
  endfacet
  facet normal 0.949183 0.280193 -0.14333
    outer loop
      vertex 2.13914 9.96716 51.9979
      vertex 2.34317 9.56332 52.5596
      vertex 2.19264 9.67364 51.7784
    endloop
  endfacet
  facet normal -0.288083 0.613481 -0.735288
    outer loop
      vertex 11.3774 6.87496 56.6572
      vertex 12.057 7.29465 56.7411
      vertex 12.0681 7.01257 56.5014
    endloop
  endfacet
  facet normal -0.272097 0.504722 -0.819279
    outer loop
      vertex 11.2216 7.93168 57.4736
      vertex 11.8968 8.17394 57.3986
      vertex 11.9712 7.87658 57.1907
    endloop
  endfacet
  facet normal -0.120692 0.935142 -0.333081
    outer loop
      vertex 10.0521 4.60695 53.7185
      vertex 10.8343 4.64436 53.5401
      vertex 10.6115 4.51997 53.2716
    endloop
  endfacet
  facet normal 0.698106 -0.149667 -0.700177
    outer loop
      vertex 4.07478 12.5266 56.3992
      vertex 4.30724 13.2923 56.4673
      vertex 4.31591 12.5889 56.6263
    endloop
  endfacet
  facet normal 0.553385 0.830952 0.057308
    outer loop
      vertex 5.10898 5.51539 50.9825
      vertex 5.38695 5.32792 51.0166
      vertex 5.17884 5.51837 50.2647
    endloop
  endfacet
  facet normal 0.941177 0.317162 -0.116592
    outer loop
      vertex 2.19264 9.67364 51.7784
      vertex 2.39185 9.29625 52.3599
      vertex 2.45959 9.02568 52.1707
    endloop
  endfacet
  facet normal -0.119719 0.208171 -0.970738
    outer loop
      vertex 10.0451 10.0824 58.521
      vertex 10.8271 10.2556 58.4617
      vertex 10.2483 9.82574 58.4409
    endloop
  endfacet
  facet normal 0.11572 -0.00908654 -0.99324
    outer loop
      vertex 8.29421 11.6294 58.6277
      vertex 8.985 12.0319 58.7045
      vertex 8.57218 11.442 58.6618
    endloop
  endfacet
  facet normal 0.314724 -0.113232 -0.942405
    outer loop
      vertex 6.83562 12.3504 58.2181
      vertex 7.40259 12.9059 58.3407
      vertex 7.13236 12.2372 58.3308
    endloop
  endfacet
  facet normal 0.863282 0.504663 -0.00766554
    outer loop
      vertex 2.76651 8.17394 50.8719
      vertex 2.91402 7.93168 51.535
      vertex 2.93912 7.87658 50.7342
    endloop
  endfacet
  facet normal 0.514749 0.855793 0.051502
    outer loop
      vertex 5.38695 5.32792 51.0166
      vertex 5.67114 5.15395 51.067
      vertex 5.48433 5.31234 50.3022
    endloop
  endfacet
  facet normal 0.152999 0.983667 -0.0948226
    outer loop
      vertex 8.0196 4.3238 52.0169
      vertex 8.3036 4.29693 52.1964
      vertex 8.37769 4.20878 51.4015
    endloop
  endfacet
  facet normal 0.816638 -0.0966736 -0.568997
    outer loop
      vertex 3.23822 12.108 55.4336
      vertex 3.32954 12.9059 55.4291
      vertex 3.42631 12.2372 55.6816
    endloop
  endfacet
  facet normal -0.172307 0.899656 -0.401161
    outer loop
      vertex 10.4429 4.8494 54.2107
      vertex 10.6156 4.99422 54.4613
      vertex 11.2308 4.94559 54.088
    endloop
  endfacet
  facet normal 0.864019 -0.0569121 -0.500233
    outer loop
      vertex 2.76107 12.4291 54.6041
      vertex 2.93306 12.6046 54.8812
      vertex 2.90906 11.8034 54.9309
    endloop
  endfacet
  facet normal -0.288132 0.648557 -0.704524
    outer loop
      vertex 11.3774 6.87496 56.6572
      vertex 12.0681 7.01257 56.5014
      vertex 12.0578 6.73805 56.2529
    endloop
  endfacet
  facet normal -0.248377 0.429755 -0.868113
    outer loop
      vertex 11.0302 8.47868 57.8171
      vertex 11.6864 8.77511 57.7761
      vertex 11.1351 8.20459 57.6514
    endloop
  endfacet
  facet normal 0.759973 0.648415 0.0447126
    outer loop
      vertex 3.63604 6.87496 51.1233
      vertex 3.85294 6.62517 51.0591
      vertex 3.79842 6.73805 50.3488
    endloop
  endfacet
  facet normal 0.313445 0.949553 -0.0100782
    outer loop
      vertex 6.84554 4.60695 51.4263
      vertex 7.41347 4.41381 50.8923
      vertex 7.08737 4.51997 50.7524
    endloop
  endfacet
  facet normal 0.954687 0.139557 -0.262862
    outer loop
      vertex 2.10609 10.8122 52.7162
      vertex 2.34188 10.574 53.4461
      vertex 2.3131 10.3322 53.2132
    endloop
  endfacet
  facet normal 0.930582 0.354486 -0.09142
    outer loop
      vertex 2.26708 9.37628 51.5706
      vertex 2.54608 8.75277 51.9929
      vertex 2.36214 9.07634 51.3752
    endloop
  endfacet
  facet normal -0.0918897 0.949557 -0.299831
    outer loop
      vertex 9.83567 4.51035 53.4789
      vertex 10.0521 4.60695 53.7185
      vertex 10.3736 4.41381 53.0083
    endloop
  endfacet
  facet normal -0.288281 0.648309 -0.704691
    outer loop
      vertex 11.3681 6.62517 56.4312
      vertex 11.3774 6.87496 56.6572
      vertex 12.0578 6.73805 56.2529
    endloop
  endfacet
  facet normal 0.192387 0.978748 -0.0709841
    outer loop
      vertex 8.0196 4.3238 52.0169
      vertex 8.37769 4.20878 51.4015
      vertex 8.06001 4.25788 51.2175
    endloop
  endfacet
  facet normal 0.957251 0.208198 -0.200807
    outer loop
      vertex 2.09577 10.5376 52.4678
      vertex 2.30371 10.0824 52.9871
      vertex 2.1068 10.2556 52.228
    endloop
  endfacet
  facet normal 0.62764 0.77602 0.0621468
    outer loop
      vertex 4.57644 5.92753 50.9637
      vertex 4.88149 5.73834 50.2453
      vertex 4.59356 5.97132 50.244
    endloop
  endfacet
  facet normal 0.514743 0.855796 0.0515041
    outer loop
      vertex 5.48433 5.31234 50.3022
      vertex 5.67114 5.15395 51.067
      vertex 5.79667 5.12114 50.3576
    endloop
  endfacet
  facet normal -0.194908 0.878728 -0.435715
    outer loop
      vertex 10.7721 5.15395 54.7134
      vertex 11.4028 5.12114 54.3651
      vertex 11.2308 4.94559 54.088
    endloop
  endfacet
  facet normal 0.592319 -0.164401 -0.788753
    outer loop
      vertex 4.82953 12.6604 57.0563
      vertex 5.16877 13.3808 57.1609
      vertex 5.09982 12.6694 57.2574
    endloop
  endfacet
  facet normal 0.789774 -0.113339 -0.602836
    outer loop
      vertex 3.32954 12.9059 55.4291
      vertex 3.62903 12.3504 55.9259
      vertex 3.42631 12.2372 55.6816
    endloop
  endfacet
  facet normal 0.957311 0.173369 -0.231299
    outer loop
      vertex 2.10609 10.8122 52.7162
      vertex 2.3131 10.3322 53.2132
      vertex 2.30371 10.0824 52.9871
    endloop
  endfacet
  facet normal -0.285652 0.682183 -0.673075
    outer loop
      vertex 11.3393 6.38332 56.1983
      vertex 11.3681 6.62517 56.4312
      vertex 12.0578 6.73805 56.2529
    endloop
  endfacet
  facet normal -0.147579 0.918456 -0.366959
    outer loop
      vertex 10.2548 4.72013 53.9628
      vertex 10.4429 4.8494 54.2107
      vertex 10.8343 4.64436 53.5401
    endloop
  endfacet
  facet normal 0.902348 -0.0092348 -0.43091
    outer loop
      vertex 2.47323 12.0319 54.0496
      vertex 2.60757 12.2379 54.3265
      vertex 2.76939 11.6294 54.6784
    endloop
  endfacet
  facet normal 0.788827 0.61363 0.034801
    outer loop
      vertex 3.33673 7.29465 50.5075
      vertex 3.43285 7.13162 51.2034
      vertex 3.63604 6.87496 51.1233
    endloop
  endfacet
  facet normal -0.0289189 0.971406 -0.235656
    outer loop
      vertex 9.60638 4.43075 53.2451
      vertex 10.1216 4.32632 52.7514
      vertex 9.85661 4.25788 52.5018
    endloop
  endfacet
  facet normal 0.354242 0.935132 0.006423
    outer loop
      vertex 6.76125 4.64436 50.6285
      vertex 6.84554 4.60695 51.4263
      vertex 7.08737 4.51997 50.7524
    endloop
  endfacet
  facet normal -0.194941 0.878712 -0.435733
    outer loop
      vertex 10.6156 4.99422 54.4613
      vertex 10.7721 5.15395 54.7134
      vertex 11.2308 4.94559 54.088
    endloop
  endfacet
  facet normal 0.00488195 0.978746 -0.205017
    outer loop
      vertex 9.11331 4.3238 52.7988
      vertex 9.36525 4.36848 53.0181
      vertex 9.85661 4.25788 52.5018
    endloop
  endfacet
  facet normal 0.696905 0.714821 0.0579232
    outer loop
      vertex 4.08264 6.38332 51.0109
      vertex 4.32415 6.15044 50.9791
      vertex 4.31629 6.2163 50.2609
    endloop
  endfacet
  facet normal 0.930979 0.0457548 -0.362195
    outer loop
      vertex 2.35863 11.8119 53.7745
      vertex 2.54289 11.2418 54.1761
      vertex 2.45702 11.0298 53.9286
    endloop
  endfacet
  facet normal -0.232764 0.392173 -0.889956
    outer loop
      vertex 10.9074 8.75277 57.97
      vertex 11.6864 8.77511 57.7761
      vertex 11.0302 8.47868 57.8171
    endloop
  endfacet
  facet normal 0.930582 0.354482 -0.0914265
    outer loop
      vertex 2.26708 9.37628 51.5706
      vertex 2.45959 9.02568 52.1707
      vertex 2.54608 8.75277 51.9929
    endloop
  endfacet
  facet normal 0.788847 0.613605 0.0347748
    outer loop
      vertex 3.33673 7.29465 50.5075
      vertex 3.63604 6.87496 51.1233
      vertex 3.56003 7.01257 50.4194
    endloop
  endfacet
  facet normal 0.00488305 0.978747 -0.205015
    outer loop
      vertex 9.11331 4.3238 52.7988
      vertex 9.85661 4.25788 52.5018
      vertex 9.57971 4.20878 52.2608
    endloop
  endfacet
  facet normal 0.355634 -0.127751 -0.925853
    outer loop
      vertex 6.53891 12.447 58.0908
      vertex 6.75037 13.1364 58.0769
      vertex 6.83562 12.3504 58.2181
    endloop
  endfacet
  facet normal 0.815747 0.577963 0.022727
    outer loop
      vertex 3.24426 7.39404 51.299
      vertex 3.43285 7.13162 51.2034
      vertex 3.33673 7.29465 50.5075
    endloop
  endfacet
  facet normal 0.949398 0.106953 -0.295304
    outer loop
      vertex 2.19052 11.3339 53.2347
      vertex 2.38992 10.8069 53.6849
      vertex 2.34188 10.574 53.4461
    endloop
  endfacet
  facet normal 0.941181 0.317129 -0.11665
    outer loop
      vertex 2.19264 9.67364 51.7784
      vertex 2.45959 9.02568 52.1707
      vertex 2.26708 9.37628 51.5706
    endloop
  endfacet
  facet normal -0.285525 0.578009 -0.764448
    outer loop
      vertex 11.338 7.39404 57.0848
      vertex 12.057 7.29465 56.7411
      vertex 11.3674 7.13162 56.8754
    endloop
  endfacet
  facet normal 0.863295 0.504641 -0.00766361
    outer loop
      vertex 2.91402 7.93168 51.535
      vertex 3.07107 7.66111 51.4097
      vertex 2.93912 7.87658 50.7342
    endloop
  endfacet
  facet normal 0.957266 0.208106 -0.200832
    outer loop
      vertex 2.1068 10.2556 52.228
      vertex 2.30371 10.0824 52.9871
      vertex 2.31375 9.82574 52.769
    endloop
  endfacet
  facet normal -0.288236 0.613683 -0.73506
    outer loop
      vertex 11.3674 7.13162 56.8754
      vertex 12.057 7.29465 56.7411
      vertex 11.3774 6.87496 56.6572
    endloop
  endfacet
  facet normal 0.39491 0.918482 0.0208835
    outer loop
      vertex 6.25331 4.8494 51.2158
      vertex 6.5488 4.72013 51.3135
      vertex 6.76125 4.64436 50.6285
    endloop
  endfacet
  facet normal 0.628887 -0.161872 -0.76046
    outer loop
      vertex 4.56785 12.6336 56.8456
      vertex 4.58413 13.3414 56.7084
      vertex 4.82953 12.6604 57.0563
    endloop
  endfacet
  facet normal -0.0603889 0.139651 -0.988358
    outer loop
      vertex 9.59852 10.574 58.6335
      vertex 10.3654 10.8122 58.6203
      vertex 9.82822 10.3322 58.5853
    endloop
  endfacet
  facet normal 0.154346 -0.0339712 -0.987433
    outer loop
      vertex 8.01002 11.8034 58.5773
      vertex 8.36717 12.4291 58.6116
      vertex 8.67951 12.2379 58.667
    endloop
  endfacet
  facet normal -0.248839 0.804366 -0.539513
    outer loop
      vertex 11.034 5.51539 55.218
      vertex 11.1383 5.71554 55.4683
      vertex 11.6906 5.51837 54.9196
    endloop
  endfacet
  facet normal 0.954553 0.243807 -0.171427
    outer loop
      vertex 2.1068 10.2556 52.228
      vertex 2.31375 9.82574 52.769
      vertex 2.34317 9.56332 52.5596
    endloop
  endfacet
  facet normal -0.261485 0.467329 -0.844529
    outer loop
      vertex 11.1351 8.20459 57.6514
      vertex 11.8968 8.17394 57.3986
      vertex 11.2216 7.93168 57.4736
    endloop
  endfacet
  facet normal -0.280345 0.714832 -0.640642
    outer loop
      vertex 11.2912 6.15044 55.9595
      vertex 11.3393 6.38332 56.1983
      vertex 11.9733 6.2163 55.7345
    endloop
  endfacet
  facet normal -0.261494 0.467284 -0.844551
    outer loop
      vertex 11.1351 8.20459 57.6514
      vertex 11.8017 8.47388 57.594
      vertex 11.8968 8.17394 57.3986
    endloop
  endfacet
  facet normal 0.272751 0.961662 -0.0285246
    outer loop
      vertex 7.14225 4.51035 51.5536
      vertex 7.43768 4.43075 51.6949
      vertex 7.41347 4.41381 50.8923
    endloop
  endfacet
  facet normal 0.0412008 0.0457735 -0.998102
    outer loop
      vertex 9.10472 11.0298 58.6807
      vertex 9.28235 11.8119 58.7239
      vertex 9.57028 11.5789 58.7251
    endloop
  endfacet
  facet normal 0.516053 -0.161904 -0.841116
    outer loop
      vertex 5.37756 12.6604 57.448
      vertex 5.47402 13.371 57.3704
      vertex 5.78615 13.3414 57.5676
    endloop
  endfacet
  facet normal 0.114418 0.98613 -0.120237
    outer loop
      vertex 8.3036 4.29693 52.1964
      vertex 8.99507 4.16938 51.8083
      vertex 8.68983 4.17924 51.5987
    endloop
  endfacet
  facet normal 0.23361 -0.0778657 -0.969208
    outer loop
      vertex 7.42785 12.108 58.4286
      vertex 7.72734 12.7638 58.4481
      vertex 8.04933 12.6046 58.5385
    endloop
  endfacet
  facet normal -0.172308 0.899648 -0.401176
    outer loop
      vertex 10.4429 4.8494 54.2107
      vertex 11.2308 4.94559 54.088
      vertex 11.041 4.78643 53.8126
    endloop
  endfacet
  facet normal 0.883724 0.467294 -0.0258533
    outer loop
      vertex 2.61239 8.47388 51.0251
      vertex 2.77378 8.20459 51.6744
      vertex 2.76651 8.17394 50.8719
    endloop
  endfacet
  facet normal 0.0402376 0.983671 -0.175418
    outer loop
      vertex 8.85163 4.29693 52.5881
      vertex 9.11331 4.3238 52.7988
      vertex 9.57971 4.20878 52.2608
    endloop
  endfacet
  facet normal 0.314801 -0.113318 -0.942369
    outer loop
      vertex 6.83562 12.3504 58.2181
      vertex 7.07647 13.0303 58.2168
      vertex 7.40259 12.9059 58.3407
    endloop
  endfacet
  facet normal 0.949413 0.106971 -0.295249
    outer loop
      vertex 2.13772 11.078 52.9722
      vertex 2.19052 11.3339 53.2347
      vertex 2.34188 10.574 53.4461
    endloop
  endfacet
  facet normal 0.192393 0.978747 -0.0709838
    outer loop
      vertex 7.73054 4.36848 51.8495
      vertex 8.0196 4.3238 52.0169
      vertex 8.06001 4.25788 51.2175
    endloop
  endfacet
  facet normal 0.759954 0.648438 0.0447045
    outer loop
      vertex 3.56003 7.01257 50.4194
      vertex 3.63604 6.87496 51.1233
      vertex 3.79842 6.73805 50.3488
    endloop
  endfacet
  facet normal 0.840611 0.541572 0.00854435
    outer loop
      vertex 2.93912 7.87658 50.7342
      vertex 3.24426 7.39404 51.299
      vertex 3.12946 7.58306 50.6125
    endloop
  endfacet
  facet normal 0.902367 -0.00916043 -0.430872
    outer loop
      vertex 2.47323 12.0319 54.0496
      vertex 2.76939 11.6294 54.6784
      vertex 2.64716 11.442 54.4264
    endloop
  endfacet
  facet normal 0.0779816 0.0174995 -0.996801
    outer loop
      vertex 8.84274 11.2418 58.6795
      vertex 8.985 12.0319 58.7045
      vertex 9.28235 11.8119 58.7239
    endloop
  endfacet
  facet normal 0.516049 -0.161901 -0.841119
    outer loop
      vertex 5.37756 12.6604 57.448
      vertex 5.78615 13.3414 57.5676
      vertex 5.66156 12.6336 57.6274
    endloop
  endfacet
  facet normal -0.0604079 0.139712 -0.988348
    outer loop
      vertex 9.59852 10.574 58.6335
      vertex 10.113 11.078 58.6733
      vertex 10.3654 10.8122 58.6203
    endloop
  endfacet
  facet normal 0.901789 0.42973 -0.0459229
    outer loop
      vertex 2.4774 8.77511 51.1931
      vertex 2.77378 8.20459 51.6744
      vertex 2.61239 8.47388 51.0251
    endloop
  endfacet
  facet normal 0.901793 0.42972 -0.045937
    outer loop
      vertex 2.4774 8.77511 51.1931
      vertex 2.65096 8.47868 51.8273
      vertex 2.77378 8.20459 51.6744
    endloop
  endfacet
  facet normal 0.436722 -0.149618 -0.887067
    outer loop
      vertex 6.10383 13.2923 57.7516
      vertex 6.4257 13.2239 57.9216
      vertex 6.24348 12.5266 57.9495
    endloop
  endfacet
  facet normal -0.119711 0.208135 -0.970747
    outer loop
      vertex 10.0451 10.0824 58.521
      vertex 10.6038 10.5376 58.5497
      vertex 10.8271 10.2556 58.4617
    endloop
  endfacet
  facet normal -0.147538 0.91847 -0.366939
    outer loop
      vertex 10.4429 4.8494 54.2107
      vertex 11.041 4.78643 53.8126
      vertex 10.8343 4.64436 53.5401
    endloop
  endfacet
  facet normal -0.120694 0.935138 -0.333091
    outer loop
      vertex 10.0521 4.60695 53.7185
      vertex 10.2548 4.72013 53.9628
      vertex 10.8343 4.64436 53.5401
    endloop
  endfacet
  facet normal 0.554504 -0.164402 -0.81578
    outer loop
      vertex 5.09982 12.6694 57.2574
      vertex 5.16877 13.3808 57.1609
      vertex 5.37756 12.6604 57.448
    endloop
  endfacet
  facet normal -0.272432 0.746151 -0.607486
    outer loop
      vertex 11.2241 5.92753 55.7158
      vertex 11.2912 6.15044 55.9595
      vertex 11.9733 6.2163 55.7345
    endloop
  endfacet
  facet normal 0.0767431 0.986128 -0.147182
    outer loop
      vertex 8.58134 4.28795 52.387
      vertex 8.85163 4.29693 52.5881
      vertex 8.99507 4.16938 51.8083
    endloop
  endfacet
  facet normal -0.280156 0.541574 -0.792597
    outer loop
      vertex 11.2893 7.66111 57.2845
      vertex 11.9712 7.87658 57.1907
      vertex 11.338 7.39404 57.0848
    endloop
  endfacet
  facet normal 0.664229 -0.156949 -0.730867
    outer loop
      vertex 4.30724 13.2923 56.4673
      vertex 4.58413 13.3414 56.7084
      vertex 4.56785 12.6336 56.8456
    endloop
  endfacet
  facet normal 0.954687 0.139562 -0.262861
    outer loop
      vertex 2.10609 10.8122 52.7162
      vertex 2.13772 11.078 52.9722
      vertex 2.34188 10.574 53.4461
    endloop
  endfacet
  facet normal 0.0061897 0.07538 -0.997136
    outer loop
      vertex 9.10472 11.0298 58.6807
      vertex 9.57028 11.5789 58.7251
      vertex 9.84755 11.3339 58.7083
    endloop
  endfacet
  facet normal -0.473258 -0.581219 0.661975
    outer loop
      vertex 12.057 7.29465 56.7411
      vertex 11.6088 7.42805 56.5378
      vertex 11.6188 7.17139 56.3196
    endloop
  endfacet
  facet normal -0.472745 -0.581481 0.662112
    outer loop
      vertex 11.8017 8.47388 57.594
      vertex 11.5793 7.69047 56.7472
      vertex 11.6088 7.42805 56.5378
    endloop
  endfacet
  facet normal -0.473262 -0.581161 0.662024
    outer loop
      vertex 11.2715 8.77511 57.4795
      vertex 11.6864 8.77511 57.7761
      vertex 11.5515 9.07634 57.9441
    endloop
  endfacet
  facet normal -0.473086 -0.581296 0.662031
    outer loop
      vertex 11.8017 8.47388 57.594
      vertex 11.5306 7.95754 56.9469
      vertex 11.5793 7.69047 56.7472
    endloop
  endfacet
  facet normal -0.473364 -0.581108 0.661997
    outer loop
      vertex 11.8017 8.47388 57.594
      vertex 11.4629 8.22811 57.136
      vertex 11.5306 7.95754 56.9469
    endloop
  endfacet
  facet normal -0.473096 -0.581341 0.661984
    outer loop
      vertex 11.1487 9.0492 57.6324
      vertex 11.5515 9.07634 57.9441
      vertex 11.3973 9.37628 58.0973
    endloop
  endfacet
  facet normal -0.473232 -0.581244 0.661972
    outer loop
      vertex 11.8017 8.47388 57.594
      vertex 11.3764 8.50103 57.3138
      vertex 11.4629 8.22811 57.136
    endloop
  endfacet
  facet normal -0.473204 -0.581301 0.661942
    outer loop
      vertex 11.6864 8.77511 57.7761
      vertex 11.2715 8.77511 57.4795
      vertex 11.3764 8.50103 57.3138
    endloop
  endfacet
  facet normal -0.473326 -0.581248 0.661902
    outer loop
      vertex 11.0085 9.32211 57.7717
      vertex 11.3973 9.37628 58.0973
      vertex 11.2247 9.67364 58.235
    endloop
  endfacet
  facet normal -0.473126 -0.581278 0.662018
    outer loop
      vertex 11.5515 9.07634 57.9441
      vertex 11.1487 9.0492 57.6324
      vertex 11.2715 8.77511 57.4795
    endloop
  endfacet
  facet normal -0.473349 -0.581137 0.661982
    outer loop
      vertex 10.8514 9.59268 57.897
      vertex 11.2247 9.67364 58.235
      vertex 11.0344 9.96716 58.3566
    endloop
  endfacet
  facet normal -0.473411 -0.581092 0.661978
    outer loop
      vertex 11.3973 9.37628 58.0973
      vertex 11.0085 9.32211 57.7717
      vertex 11.1487 9.0492 57.6324
    endloop
  endfacet
  facet normal -0.473245 -0.581306 0.661908
    outer loop
      vertex 11.2247 9.67364 58.235
      vertex 10.8514 9.59268 57.897
      vertex 11.0085 9.32211 57.7717
    endloop
  endfacet
  facet normal -0.473156 -0.581271 0.662002
    outer loop
      vertex 10.6782 9.85975 58.0077
      vertex 11.0344 9.96716 58.3566
      vertex 10.8271 10.2556 58.4617
    endloop
  endfacet
  facet normal -0.473165 -0.581258 0.662008
    outer loop
      vertex 11.0344 9.96716 58.3566
      vertex 10.6782 9.85975 58.0077
      vertex 10.8514 9.59268 57.897
    endloop
  endfacet
  facet normal -0.473204 -0.581274 0.661965
    outer loop
      vertex 10.4896 10.1222 58.1033
      vertex 10.8271 10.2556 58.4617
      vertex 10.6038 10.5376 58.5497
    endloop
  endfacet
  facet normal -0.473248 -0.581217 0.661985
    outer loop
      vertex 10.8271 10.2556 58.4617
      vertex 10.4896 10.1222 58.1033
      vertex 10.6782 9.85975 58.0077
    endloop
  endfacet
  facet normal -0.473352 -0.581145 0.661973
    outer loop
      vertex 10.2865 10.3788 58.1834
      vertex 10.6038 10.5376 58.5497
      vertex 10.3654 10.8122 58.6203
    endloop
  endfacet
  facet normal -0.473278 -0.581235 0.661947
    outer loop
      vertex 10.6038 10.5376 58.5497
      vertex 10.2865 10.3788 58.1834
      vertex 10.4896 10.1222 58.1033
    endloop
  endfacet
  facet normal -0.47312 -0.581274 0.662026
    outer loop
      vertex 10.0696 10.6286 58.2477
      vertex 10.3654 10.8122 58.6203
      vertex 10.113 11.078 58.6733
    endloop
  endfacet
  facet normal -0.473148 -0.581243 0.662033
    outer loop
      vertex 10.3654 10.8122 58.6203
      vertex 10.0696 10.6286 58.2477
      vertex 10.2865 10.3788 58.1834
    endloop
  endfacet
  facet normal -0.473169 -0.581359 0.661916
    outer loop
      vertex 9.83986 10.8705 58.2958
      vertex 10.113 11.078 58.6733
      vertex 9.84755 11.3339 58.7083
    endloop
  endfacet
  facet normal -0.473349 -0.581177 0.661947
    outer loop
      vertex 10.113 11.078 58.6733
      vertex 9.83986 10.8705 58.2958
      vertex 10.0696 10.6286 58.2477
    endloop
  endfacet
  facet normal -0.473195 -0.581349 0.661906
    outer loop
      vertex 9.84755 11.3339 58.7083
      vertex 9.59835 11.1034 58.3277
      vertex 9.83986 10.8705 58.2958
    endloop
  endfacet
  facet normal -0.473409 -0.581152 0.661926
    outer loop
      vertex 9.57028 11.5789 58.7251
      vertex 9.59835 11.1034 58.3277
      vertex 9.84755 11.3339 58.7083
    endloop
  endfacet
  facet normal -0.47333 -0.581177 0.661961
    outer loop
      vertex 9.57028 11.5789 58.7251
      vertex 9.34606 11.3263 58.343
      vertex 9.59835 11.1034 58.3277
    endloop
  endfacet
  facet normal -0.47317 -0.581312 0.661957
    outer loop
      vertex 9.28235 11.8119 58.7239
      vertex 9.34606 11.3263 58.343
      vertex 9.57028 11.5789 58.7251
    endloop
  endfacet
  facet normal -0.473003 -0.581354 0.662039
    outer loop
      vertex 9.28235 11.8119 58.7239
      vertex 9.08408 11.5382 58.3419
      vertex 9.34606 11.3263 58.343
    endloop
  endfacet
  facet normal -0.473238 -0.581252 0.661961
    outer loop
      vertex 8.81353 11.7384 58.3242
      vertex 9.28235 11.8119 58.7239
      vertex 8.985 12.0319 58.7045
    endloop
  endfacet
  facet normal -0.473318 -0.58111 0.662028
    outer loop
      vertex 9.28235 11.8119 58.7239
      vertex 8.81353 11.7384 58.3242
      vertex 9.08408 11.5382 58.3419
    endloop
  endfacet
  facet normal -0.473229 -0.581281 0.661942
    outer loop
      vertex 8.53555 11.9259 58.2901
      vertex 8.985 12.0319 58.7045
      vertex 8.67951 12.2379 58.667
    endloop
  endfacet
  facet normal -0.473255 -0.58124 0.661959
    outer loop
      vertex 8.985 12.0319 58.7045
      vertex 8.53555 11.9259 58.2901
      vertex 8.81353 11.7384 58.3242
    endloop
  endfacet
  facet normal -0.473216 -0.581221 0.662004
    outer loop
      vertex 8.25136 12.0998 58.2397
      vertex 8.67951 12.2379 58.667
      vertex 8.36717 12.4291 58.6116
    endloop
  endfacet
  facet normal -0.473129 -0.581345 0.661957
    outer loop
      vertex 8.67951 12.2379 58.667
      vertex 8.25136 12.0998 58.2397
      vertex 8.53555 11.9259 58.2901
    endloop
  endfacet
  facet normal -0.473215 -0.581309 0.661927
    outer loop
      vertex 7.96216 12.2596 58.1732
      vertex 8.36717 12.4291 58.6116
      vertex 8.04933 12.6046 58.5385
    endloop
  endfacet
  facet normal -0.473338 -0.58115 0.661979
    outer loop
      vertex 8.36717 12.4291 58.6116
      vertex 7.96216 12.2596 58.1732
      vertex 8.25136 12.0998 58.2397
    endloop
  endfacet
  facet normal -0.473225 -0.581207 0.66201
    outer loop
      vertex 7.66919 12.4044 58.091
      vertex 8.04933 12.6046 58.5385
      vertex 7.72734 12.7638 58.4481
    endloop
  endfacet
  facet normal -0.473077 -0.581382 0.661962
    outer loop
      vertex 8.04933 12.6046 58.5385
      vertex 7.66919 12.4044 58.091
      vertex 7.96216 12.2596 58.1732
    endloop
  endfacet
  facet normal -0.473256 -0.58127 0.661932
    outer loop
      vertex 7.3737 12.5337 57.9932
      vertex 7.72734 12.7638 58.4481
      vertex 7.40259 12.9059 58.3407
    endloop
  endfacet
  facet normal -0.473384 -0.581133 0.661961
    outer loop
      vertex 7.72734 12.7638 58.4481
      vertex 7.3737 12.5337 57.9932
      vertex 7.66919 12.4044 58.091
    endloop
  endfacet
  facet normal -0.473014 -0.581369 0.662017
    outer loop
      vertex 7.40259 12.9059 58.3407
      vertex 7.07696 12.6468 57.8805
      vertex 7.3737 12.5337 57.9932
    endloop
  endfacet
  facet normal -0.473216 -0.58117 0.662048
    outer loop
      vertex 7.07647 13.0303 58.2168
      vertex 7.07696 12.6468 57.8805
      vertex 7.40259 12.9059 58.3407
    endloop
  endfacet
  facet normal -0.473247 -0.581159 0.662036
    outer loop
      vertex 7.07647 13.0303 58.2168
      vertex 6.78025 12.7434 57.7532
      vertex 7.07696 12.6468 57.8805
    endloop
  endfacet
  facet normal -0.473135 -0.58126 0.662027
    outer loop
      vertex 6.75037 13.1364 58.0769
      vertex 6.78025 12.7434 57.7532
      vertex 7.07647 13.0303 58.2168
    endloop
  endfacet
  facet normal -0.473237 -0.58123 0.66198
    outer loop
      vertex 6.75037 13.1364 58.0769
      vertex 6.48483 12.823 57.6119
      vertex 6.78025 12.7434 57.7532
    endloop
  endfacet
  facet normal -0.473281 -0.581194 0.661981
    outer loop
      vertex 6.4257 13.2239 57.9216
      vertex 6.48483 12.823 57.6119
      vertex 6.75037 13.1364 58.0769
    endloop
  endfacet
  facet normal -0.473299 -0.581189 0.661972
    outer loop
      vertex 6.4257 13.2239 57.9216
      vertex 6.19196 12.8853 57.4572
      vertex 6.48483 12.823 57.6119
    endloop
  endfacet
  facet normal -0.473162 -0.581293 0.661979
    outer loop
      vertex 6.10383 13.2923 57.7516
      vertex 6.19196 12.8853 57.4572
      vertex 6.4257 13.2239 57.9216
    endloop
  endfacet
  facet normal -0.473231 -0.581281 0.661941
    outer loop
      vertex 6.10383 13.2923 57.7516
      vertex 5.9029 12.93 57.2898
      vertex 6.19196 12.8853 57.4572
    endloop
  endfacet
  facet normal -0.473236 -0.581277 0.66194
    outer loop
      vertex 5.78615 13.3414 57.5676
      vertex 5.9029 12.93 57.2898
      vertex 6.10383 13.2923 57.7516
    endloop
  endfacet
  facet normal -0.473209 -0.58128 0.661956
    outer loop
      vertex 5.78615 13.3414 57.5676
      vertex 5.6189 12.9569 57.1104
      vertex 5.9029 12.93 57.2898
    endloop
  endfacet
  facet normal -0.473322 -0.581209 0.661938
    outer loop
      vertex 5.47402 13.371 57.3704
      vertex 5.6189 12.9569 57.1104
      vertex 5.78615 13.3414 57.5676
    endloop
  endfacet
  facet normal -0.473183 -0.581218 0.66203
    outer loop
      vertex 5.47402 13.371 57.3704
      vertex 5.34116 12.9658 56.9197
      vertex 5.6189 12.9569 57.1104
    endloop
  endfacet
  facet normal -0.473048 -0.581295 0.662059
    outer loop
      vertex 5.16877 13.3808 57.1609
      vertex 5.34116 12.9658 56.9197
      vertex 5.47402 13.371 57.3704
    endloop
  endfacet
  facet normal -0.473145 -0.581295 0.66199
    outer loop
      vertex 5.16877 13.3808 57.1609
      vertex 5.07087 12.9569 56.7187
      vertex 5.34116 12.9658 56.9197
    endloop
  endfacet
  facet normal -0.473302 -0.581215 0.661947
    outer loop
      vertex 4.87172 13.371 56.9399
      vertex 5.07087 12.9569 56.7187
      vertex 5.16877 13.3808 57.1609
    endloop
  endfacet
  facet normal -0.473265 -0.581212 0.661977
    outer loop
      vertex 4.87172 13.371 56.9399
      vertex 4.80919 12.93 56.508
      vertex 5.07087 12.9569 56.7187
    endloop
  endfacet
  facet normal -0.473085 -0.581293 0.662034
    outer loop
      vertex 4.58413 13.3414 56.7084
      vertex 4.80919 12.93 56.508
      vertex 4.87172 13.371 56.9399
    endloop
  endfacet
  facet normal -0.47311 -0.581297 0.662013
    outer loop
      vertex 4.58413 13.3414 56.7084
      vertex 4.55725 12.8853 56.2887
      vertex 4.80919 12.93 56.508
    endloop
  endfacet
  facet normal -0.473313 -0.581217 0.661938
    outer loop
      vertex 4.30724 13.2923 56.4673
      vertex 4.55725 12.8853 56.2887
      vertex 4.58413 13.3414 56.7084
    endloop
  endfacet
  facet normal -0.473283 -0.58121 0.661965
    outer loop
      vertex 4.55725 12.8853 56.2887
      vertex 4.30724 13.2923 56.4673
      vertex 4.31612 12.823 56.0616
    endloop
  endfacet
  facet normal -0.473214 -0.581234 0.661994
    outer loop
      vertex 4.04222 13.2239 56.2178
      vertex 4.31612 12.823 56.0616
      vertex 4.30724 13.2923 56.4673
    endloop
  endfacet
  facet normal -0.473224 -0.581237 0.661984
    outer loop
      vertex 4.31612 12.823 56.0616
      vertex 4.04222 13.2239 56.2178
      vertex 4.08683 12.7434 55.8278
    endloop
  endfacet
  facet normal -0.473293 -0.581217 0.661952
    outer loop
      vertex 3.79023 13.1364 55.9608
      vertex 4.08683 12.7434 55.8278
      vertex 4.04222 13.2239 56.2178
    endloop
  endfacet
  facet normal -0.473181 -0.581173 0.662071
    outer loop
      vertex 4.08683 12.7434 55.8278
      vertex 3.79023 13.1364 55.9608
      vertex 3.87037 12.6468 55.5883
    endloop
  endfacet
  facet normal -0.473252 -0.581156 0.662034
    outer loop
      vertex 3.55233 13.0303 55.6976
      vertex 3.87037 12.6468 55.5883
      vertex 3.79023 13.1364 55.9608
    endloop
  endfacet
  facet normal -0.473379 -0.58122 0.661888
    outer loop
      vertex 3.87037 12.6468 55.5883
      vertex 3.55233 13.0303 55.6976
      vertex 3.66765 12.5337 55.344
    endloop
  endfacet
  facet normal -0.473235 -0.581244 0.66197
    outer loop
      vertex 3.32954 12.9059 55.4291
      vertex 3.66765 12.5337 55.344
      vertex 3.55233 13.0303 55.6976
    endloop
  endfacet
  facet normal -0.47324 -0.581247 0.661964
    outer loop
      vertex 3.66765 12.5337 55.344
      vertex 3.32954 12.9059 55.4291
      vertex 3.47956 12.4044 55.096
    endloop
  endfacet
  facet normal -0.473146 -0.581258 0.662021
    outer loop
      vertex 3.12283 12.7638 55.1566
      vertex 3.47956 12.4044 55.096
      vertex 3.32954 12.9059 55.4291
    endloop
  endfacet
  facet normal -0.473109 -0.58123 0.662072
    outer loop
      vertex 3.47956 12.4044 55.096
      vertex 3.12283 12.7638 55.1566
      vertex 3.3069 12.2596 54.8455
    endloop
  endfacet
  facet normal -0.473167 -0.581227 0.662034
    outer loop
      vertex 2.93306 12.6046 54.8812
      vertex 3.3069 12.2596 54.8455
      vertex 3.12283 12.7638 55.1566
    endloop
  endfacet
  facet normal -0.473216 -0.581273 0.661958
    outer loop
      vertex 3.3069 12.2596 54.8455
      vertex 2.93306 12.6046 54.8812
      vertex 3.1504 12.0998 54.5933
    endloop
  endfacet
  facet normal -0.473287 -0.581274 0.661906
    outer loop
      vertex 2.76107 12.4291 54.6041
      vertex 3.1504 12.0998 54.5933
      vertex 2.93306 12.6046 54.8812
    endloop
  endfacet
  facet normal -0.473306 -0.581296 0.661874
    outer loop
      vertex 3.1504 12.0998 54.5933
      vertex 2.76107 12.4291 54.6041
      vertex 3.01074 11.9259 54.3407
    endloop
  endfacet
  facet normal -0.473152 -0.581283 0.661996
    outer loop
      vertex 2.60757 12.2379 54.3265
      vertex 3.01074 11.9259 54.3407
      vertex 2.76107 12.4291 54.6041
    endloop
  endfacet
  facet normal -0.473151 -0.581281 0.661997
    outer loop
      vertex 2.47323 12.0319 54.0496
      vertex 3.01074 11.9259 54.3407
      vertex 2.60757 12.2379 54.3265
    endloop
  endfacet
  facet normal -0.473192 -0.581077 0.662147
    outer loop
      vertex 3.01074 11.9259 54.3407
      vertex 2.47323 12.0319 54.0496
      vertex 2.8885 11.7384 54.0888
    endloop
  endfacet
  facet normal -0.473275 -0.58122 0.661962
    outer loop
      vertex 2.35863 11.8119 53.7745
      vertex 2.8885 11.7384 54.0888
      vertex 2.47323 12.0319 54.0496
    endloop
  endfacet
  facet normal -0.47329 -0.581163 0.662001
    outer loop
      vertex 2.8885 11.7384 54.0888
      vertex 2.35863 11.8119 53.7745
      vertex 2.78423 11.5382 53.8385
    endloop
  endfacet
  facet normal -0.473282 -0.581145 0.662023
    outer loop
      vertex 2.26426 11.5789 53.5025
      vertex 2.78423 11.5382 53.8385
      vertex 2.35863 11.8119 53.7745
    endloop
  endfacet
  facet normal -0.473218 -0.581337 0.661901
    outer loop
      vertex 2.78423 11.5382 53.8385
      vertex 2.26426 11.5789 53.5025
      vertex 2.69836 11.3263 53.591
    endloop
  endfacet
  facet normal -0.473178 -0.581222 0.66203
    outer loop
      vertex 2.19052 11.3339 53.2347
      vertex 2.69836 11.3263 53.591
      vertex 2.26426 11.5789 53.5025
    endloop
  endfacet
  facet normal -0.47314 -0.581316 0.661974
    outer loop
      vertex 2.69836 11.3263 53.591
      vertex 2.19052 11.3339 53.2347
      vertex 2.63126 11.1034 53.3473
    endloop
  endfacet
  facet normal -0.473153 -0.581367 0.661921
    outer loop
      vertex 2.13772 11.078 52.9722
      vertex 2.63126 11.1034 53.3473
      vertex 2.19052 11.3339 53.2347
    endloop
  endfacet
  facet normal -0.473169 -0.58125 0.662012
    outer loop
      vertex 2.54505 10.3788 52.6495
      vertex 2.36214 9.07634 51.3752
      vertex 2.4774 8.77511 51.1931
    endloop
  endfacet
  facet normal -0.47324 -0.581179 0.662023
    outer loop
      vertex 2.63126 11.1034 53.3473
      vertex 2.13772 11.078 52.9722
      vertex 2.58322 10.8705 53.1085
    endloop
  endfacet
  facet normal -0.47319 -0.58124 0.662005
    outer loop
      vertex 2.54505 10.3788 52.6495
      vertex 2.26708 9.37628 51.5706
      vertex 2.36214 9.07634 51.3752
    endloop
  endfacet
  facet normal -0.47325 -0.58124 0.661963
    outer loop
      vertex 2.10609 10.8122 52.7162
      vertex 2.58322 10.8705 53.1085
      vertex 2.13772 11.078 52.9722
    endloop
  endfacet
  facet normal -0.473454 -0.581098 0.661941
    outer loop
      vertex 2.54505 10.3788 52.6495
      vertex 2.19264 9.67364 51.7784
      vertex 2.26708 9.37628 51.5706
    endloop
  endfacet
  facet normal -0.473329 -0.581091 0.662037
    outer loop
      vertex 2.58322 10.8705 53.1085
      vertex 2.10609 10.8122 52.7162
      vertex 2.55444 10.6286 52.8756
    endloop
  endfacet
  facet normal -0.473171 -0.581286 0.661979
    outer loop
      vertex 2.54505 10.3788 52.6495
      vertex 2.13914 9.96716 51.9979
      vertex 2.19264 9.67364 51.7784
    endloop
  endfacet
  facet normal -0.473329 -0.581086 0.662041
    outer loop
      vertex 2.09577 10.5376 52.4678
      vertex 2.55444 10.6286 52.8756
      vertex 2.10609 10.8122 52.7162
    endloop
  endfacet
  facet normal -0.473311 -0.581162 0.661988
    outer loop
      vertex 2.54505 10.3788 52.6495
      vertex 2.1068 10.2556 52.228
      vertex 2.13914 9.96716 51.9979
    endloop
  endfacet
  facet normal -0.473177 -0.58134 0.661927
    outer loop
      vertex 2.55444 10.6286 52.8756
      vertex 2.09577 10.5376 52.4678
      vertex 2.54505 10.3788 52.6495
    endloop
  endfacet
  facet normal -0.473177 -0.581363 0.661907
    outer loop
      vertex 2.54505 10.3788 52.6495
      vertex 2.09577 10.5376 52.4678
      vertex 2.1068 10.2556 52.228
    endloop
  endfacet
  facet normal -0.473295 -0.581163 0.661998
    outer loop
      vertex 11.6188 7.17139 56.3196
      vertex 12.0681 7.01257 56.5014
      vertex 12.057 7.29465 56.7411
    endloop
  endfacet
  facet normal -0.473142 -0.581406 0.661895
    outer loop
      vertex 12.0681 7.01257 56.5014
      vertex 11.6094 6.9216 56.0936
      vertex 12.0578 6.73805 56.2529
    endloop
  endfacet
  facet normal -0.473262 -0.581172 0.662014
    outer loop
      vertex 11.6088 7.42805 56.5378
      vertex 12.057 7.29465 56.7411
      vertex 12.0247 7.58306 56.9712
    endloop
  endfacet
  facet normal -0.473128 -0.581223 0.662065
    outer loop
      vertex 11.5806 6.67975 55.8607
      vertex 12.0578 6.73805 56.2529
      vertex 11.6094 6.9216 56.0936
    endloop
  endfacet
  facet normal -0.473179 -0.581284 0.661975
    outer loop
      vertex 11.6088 7.42805 56.5378
      vertex 12.0247 7.58306 56.9712
      vertex 11.9712 7.87658 57.1907
    endloop
  endfacet
  facet normal -0.473295 -0.581149 0.66201
    outer loop
      vertex 12.0681 7.01257 56.5014
      vertex 11.6188 7.17139 56.3196
      vertex 11.6094 6.9216 56.0936
    endloop
  endfacet
  facet normal -0.473247 -0.581229 0.661975
    outer loop
      vertex 11.6088 7.42805 56.5378
      vertex 11.9712 7.87658 57.1907
      vertex 11.8968 8.17394 57.3986
    endloop
  endfacet
  facet normal -0.473126 -0.581227 0.662063
    outer loop
      vertex 12.0578 6.73805 56.2529
      vertex 11.5806 6.67975 55.8607
      vertex 12.0261 6.47225 55.9969
    endloop
  endfacet
  facet normal -0.473155 -0.581284 0.661992
    outer loop
      vertex 11.6088 7.42805 56.5378
      vertex 11.8968 8.17394 57.3986
      vertex 11.8017 8.47388 57.594
    endloop
  endfacet
  facet normal -0.473137 -0.581299 0.661991
    outer loop
      vertex 11.5326 6.44687 55.6219
      vertex 12.0261 6.47225 55.9969
      vertex 11.5806 6.67975 55.8607
    endloop
  endfacet
  facet normal -0.473216 -0.581289 0.661944
    outer loop
      vertex 11.3764 8.50103 57.3138
      vertex 11.8017 8.47388 57.594
      vertex 11.6864 8.77511 57.7761
    endloop
  endfacet
  facet normal -0.47321 -0.581142 0.662077
    outer loop
      vertex 12.0261 6.47225 55.9969
      vertex 11.5326 6.44687 55.6219
      vertex 11.9733 6.2163 55.7345
    endloop
  endfacet
  facet normal -0.473237 -0.581249 0.661963
    outer loop
      vertex 11.4655 6.22396 55.3782
      vertex 11.9733 6.2163 55.7345
      vertex 11.5326 6.44687 55.6219
    endloop
  endfacet
  facet normal -0.473236 -0.581254 0.661961
    outer loop
      vertex 11.9733 6.2163 55.7345
      vertex 11.4655 6.22396 55.3782
      vertex 11.8996 5.97132 55.4667
    endloop
  endfacet
  facet normal -0.473211 -0.581186 0.662038
    outer loop
      vertex 11.3796 6.01197 55.1307
      vertex 11.8996 5.97132 55.4667
      vertex 11.4655 6.22396 55.3782
    endloop
  endfacet
  facet normal -0.473154 -0.581358 0.661928
    outer loop
      vertex 11.8996 5.97132 55.4667
      vertex 11.3796 6.01197 55.1307
      vertex 11.8052 5.73834 55.1946
    endloop
  endfacet
  facet normal -0.47313 -0.581307 0.66199
    outer loop
      vertex 11.2753 5.81182 54.8804
      vertex 11.8052 5.73834 55.1946
      vertex 11.3796 6.01197 55.1307
    endloop
  endfacet
  facet normal -0.473161 -0.581191 0.662069
    outer loop
      vertex 11.8052 5.73834 55.1946
      vertex 11.2753 5.81182 54.8804
      vertex 11.6906 5.51837 54.9196
    endloop
  endfacet
  facet normal -0.473232 -0.581313 0.661912
    outer loop
      vertex 11.1531 5.62436 54.6284
      vertex 11.6906 5.51837 54.9196
      vertex 11.2753 5.81182 54.8804
    endloop
  endfacet
  facet normal -0.473252 -0.581209 0.661988
    outer loop
      vertex 11.6906 5.51837 54.9196
      vertex 11.1531 5.62436 54.6284
      vertex 11.5563 5.31234 54.6427
    endloop
  endfacet
  facet normal -0.473249 -0.581204 0.661995
    outer loop
      vertex 11.5563 5.31234 54.6427
      vertex 11.1531 5.62436 54.6284
      vertex 11.4028 5.12114 54.3651
    endloop
  endfacet
  facet normal -0.473218 -0.581202 0.662019
    outer loop
      vertex 11.0134 5.45038 54.3758
      vertex 11.4028 5.12114 54.3651
      vertex 11.1531 5.62436 54.6284
    endloop
  endfacet
  facet normal -0.473244 -0.581231 0.661975
    outer loop
      vertex 11.4028 5.12114 54.3651
      vertex 11.0134 5.45038 54.3758
      vertex 11.2308 4.94559 54.088
    endloop
  endfacet
  facet normal -0.473189 -0.58123 0.662015
    outer loop
      vertex 10.8569 5.29065 54.1237
      vertex 11.2308 4.94559 54.088
      vertex 11.0134 5.45038 54.3758
    endloop
  endfacet
  facet normal -0.473188 -0.581229 0.662017
    outer loop
      vertex 11.2308 4.94559 54.088
      vertex 10.8569 5.29065 54.1237
      vertex 11.041 4.78643 53.8126
    endloop
  endfacet
  facet normal -0.473354 -0.581221 0.661905
    outer loop
      vertex 10.6843 5.14583 53.8731
      vertex 11.041 4.78643 53.8126
      vertex 10.8569 5.29065 54.1237
    endloop
  endfacet
  facet normal -0.473286 -0.581169 0.661999
    outer loop
      vertex 11.041 4.78643 53.8126
      vertex 10.6843 5.14583 53.8731
      vertex 10.8343 4.64436 53.5401
    endloop
  endfacet
  facet normal -0.473154 -0.581183 0.662081
    outer loop
      vertex 10.4962 5.01656 53.6252
      vertex 10.8343 4.64436 53.5401
      vertex 10.6843 5.14583 53.8731
    endloop
  endfacet
  facet normal -0.473243 -0.581238 0.661969
    outer loop
      vertex 10.8343 4.64436 53.5401
      vertex 10.4962 5.01656 53.6252
      vertex 10.6115 4.51997 53.2716
    endloop
  endfacet
  facet normal -0.473268 -0.581234 0.661955
    outer loop
      vertex 10.2935 4.90338 53.3809
      vertex 10.6115 4.51997 53.2716
      vertex 10.4962 5.01656 53.6252
    endloop
  endfacet
  facet normal -0.473265 -0.581233 0.661958
    outer loop
      vertex 10.6115 4.51997 53.2716
      vertex 10.2935 4.90338 53.3809
      vertex 10.3736 4.41381 53.0083
    endloop
  endfacet
  facet normal -0.473271 -0.581231 0.661955
    outer loop
      vertex 10.077 4.80679 53.1413
      vertex 10.3736 4.41381 53.0083
      vertex 10.2935 4.90338 53.3809
    endloop
  endfacet
  facet normal -0.473164 -0.581189 0.662069
    outer loop
      vertex 10.3736 4.41381 53.0083
      vertex 10.077 4.80679 53.1413
      vertex 10.1216 4.32632 52.7514
    endloop
  endfacet
  facet normal -0.473279 -0.581156 0.662016
    outer loop
      vertex 9.84772 4.72718 52.9075
      vertex 10.1216 4.32632 52.7514
      vertex 10.077 4.80679 53.1413
    endloop
  endfacet
  facet normal -0.473374 -0.581185 0.661922
    outer loop
      vertex 10.1216 4.32632 52.7514
      vertex 9.84772 4.72718 52.9075
      vertex 9.85661 4.25788 52.5018
    endloop
  endfacet
  facet normal -0.473124 -0.58127 0.662026
    outer loop
      vertex 9.60659 4.66491 52.6805
      vertex 9.85661 4.25788 52.5018
      vertex 9.84772 4.72718 52.9075
    endloop
  endfacet
  facet normal -0.473124 -0.58127 0.662026
    outer loop
      vertex 9.60659 4.66491 52.6805
      vertex 9.57971 4.20878 52.2608
      vertex 9.85661 4.25788 52.5018
    endloop
  endfacet
  facet normal -0.473182 -0.581247 0.662005
    outer loop
      vertex 9.35465 4.62024 52.4612
      vertex 9.57971 4.20878 52.2608
      vertex 9.60659 4.66491 52.6805
    endloop
  endfacet
  facet normal -0.473185 -0.581248 0.662002
    outer loop
      vertex 9.35465 4.62024 52.4612
      vertex 9.29212 4.17924 52.0293
      vertex 9.57971 4.20878 52.2608
    endloop
  endfacet
  facet normal -0.473301 -0.581195 0.661965
    outer loop
      vertex 9.09297 4.59336 52.2505
      vertex 9.29212 4.17924 52.0293
      vertex 9.35465 4.62024 52.4612
    endloop
  endfacet
  facet normal -0.473236 -0.581191 0.662015
    outer loop
      vertex 9.09297 4.59336 52.2505
      vertex 8.99507 4.16938 51.8083
      vertex 9.29212 4.17924 52.0293
    endloop
  endfacet
  facet normal -0.47324 -0.581189 0.662014
    outer loop
      vertex 8.82268 4.58438 52.0494
      vertex 8.99507 4.16938 51.8083
      vertex 9.09297 4.59336 52.2505
    endloop
  endfacet
  facet normal -0.473321 -0.581189 0.661956
    outer loop
      vertex 8.82268 4.58438 52.0494
      vertex 8.68983 4.17924 51.5987
      vertex 8.99507 4.16938 51.8083
    endloop
  endfacet
  facet normal -0.473302 -0.5812 0.66196
    outer loop
      vertex 8.54494 4.59336 51.8587
      vertex 8.68983 4.17924 51.5987
      vertex 8.82268 4.58438 52.0494
    endloop
  endfacet
  facet normal -0.473236 -0.581204 0.662004
    outer loop
      vertex 8.54494 4.59336 51.8587
      vertex 8.37769 4.20878 51.4015
      vertex 8.68983 4.17924 51.5987
    endloop
  endfacet
  facet normal -0.473197 -0.581228 0.66201
    outer loop
      vertex 8.26094 4.62024 51.6793
      vertex 8.37769 4.20878 51.4015
      vertex 8.54494 4.59336 51.8587
    endloop
  endfacet
  facet normal -0.47325 -0.581222 0.661979
    outer loop
      vertex 8.26094 4.62024 51.6793
      vertex 8.06001 4.25788 51.2175
      vertex 8.37769 4.20878 51.4015
    endloop
  endfacet
  facet normal -0.473193 -0.581261 0.661985
    outer loop
      vertex 7.97188 4.66491 51.5119
      vertex 8.06001 4.25788 51.2175
      vertex 8.26094 4.62024 51.6793
    endloop
  endfacet
  facet normal -0.473222 -0.581256 0.661969
    outer loop
      vertex 7.97188 4.66491 51.5119
      vertex 7.73814 4.32632 51.0475
      vertex 8.06001 4.25788 51.2175
    endloop
  endfacet
  facet normal -0.473261 -0.581226 0.661967
    outer loop
      vertex 7.67902 4.72718 51.3572
      vertex 7.73814 4.32632 51.0475
      vertex 7.97188 4.66491 51.5119
    endloop
  endfacet
  facet normal -0.473108 -0.581263 0.662044
    outer loop
      vertex 7.67902 4.72718 51.3572
      vertex 7.41347 4.41381 50.8923
      vertex 7.73814 4.32632 51.0475
    endloop
  endfacet
  facet normal -0.473065 -0.581298 0.662043
    outer loop
      vertex 7.38359 4.80679 51.216
      vertex 7.41347 4.41381 50.8923
      vertex 7.67902 4.72718 51.3572
    endloop
  endfacet
  facet normal -0.473217 -0.581253 0.661975
    outer loop
      vertex 7.38359 4.80679 51.216
      vertex 7.08737 4.51997 50.7524
      vertex 7.41347 4.41381 50.8923
    endloop
  endfacet
  facet normal -0.473229 -0.581243 0.661975
    outer loop
      vertex 7.08688 4.90338 51.0887
      vertex 7.08737 4.51997 50.7524
      vertex 7.38359 4.80679 51.216
    endloop
  endfacet
  facet normal -0.473305 -0.581153 0.662
    outer loop
      vertex 6.76125 4.64436 50.6285
      vertex 7.08688 4.90338 51.0887
      vertex 6.79014 5.01656 50.9759
    endloop
  endfacet
  facet normal -0.473205 -0.581251 0.661985
    outer loop
      vertex 7.08688 4.90338 51.0887
      vertex 6.76125 4.64436 50.6285
      vertex 7.08737 4.51997 50.7524
    endloop
  endfacet
  facet normal -0.473179 -0.581221 0.66203
    outer loop
      vertex 6.4365 4.78643 50.5211
      vertex 6.79014 5.01656 50.9759
      vertex 6.49466 5.14583 50.8782
    endloop
  endfacet
  facet normal -0.473204 -0.581194 0.662036
    outer loop
      vertex 6.79014 5.01656 50.9759
      vertex 6.4365 4.78643 50.5211
      vertex 6.76125 4.64436 50.6285
    endloop
  endfacet
  facet normal -0.473255 -0.581236 0.661963
    outer loop
      vertex 6.11451 4.94559 50.4306
      vertex 6.49466 5.14583 50.8782
      vertex 6.20168 5.29065 50.7959
    endloop
  endfacet
  facet normal -0.473325 -0.581153 0.661985
    outer loop
      vertex 6.49466 5.14583 50.8782
      vertex 6.11451 4.94559 50.4306
      vertex 6.4365 4.78643 50.5211
    endloop
  endfacet
  facet normal -0.473223 -0.581169 0.662044
    outer loop
      vertex 5.79667 5.12114 50.3576
      vertex 6.20168 5.29065 50.7959
      vertex 5.91248 5.45038 50.7294
    endloop
  endfacet
  facet normal -0.473115 -0.581309 0.661998
    outer loop
      vertex 6.20168 5.29065 50.7959
      vertex 5.79667 5.12114 50.3576
      vertex 6.11451 4.94559 50.4306
    endloop
  endfacet
  facet normal -0.473205 -0.581175 0.662051
    outer loop
      vertex 5.48433 5.31234 50.3022
      vertex 5.91248 5.45038 50.7294
      vertex 5.62829 5.62436 50.679
    endloop
  endfacet
  facet normal -0.473201 -0.581182 0.662049
    outer loop
      vertex 5.91248 5.45038 50.7294
      vertex 5.48433 5.31234 50.3022
      vertex 5.79667 5.12114 50.3576
    endloop
  endfacet
  facet normal -0.473185 -0.581223 0.662024
    outer loop
      vertex 5.17884 5.51837 50.2647
      vertex 5.62829 5.62436 50.679
      vertex 5.35032 5.81182 50.6449
    endloop
  endfacet
  facet normal -0.473221 -0.581165 0.662049
    outer loop
      vertex 5.62829 5.62436 50.679
      vertex 5.17884 5.51837 50.2647
      vertex 5.48433 5.31234 50.3022
    endloop
  endfacet
  facet normal -0.473112 -0.581336 0.661976
    outer loop
      vertex 4.88149 5.73834 50.2453
      vertex 5.35032 5.81182 50.6449
      vertex 5.07976 6.01197 50.6273
    endloop
  endfacet
  facet normal -0.47317 -0.581233 0.662026
    outer loop
      vertex 5.35032 5.81182 50.6449
      vertex 4.88149 5.73834 50.2453
      vertex 5.17884 5.51837 50.2647
    endloop
  endfacet
  facet normal -0.473314 -0.58118 0.661969
    outer loop
      vertex 4.81778 6.22396 50.6261
      vertex 4.88149 5.73834 50.2453
      vertex 5.07976 6.01197 50.6273
    endloop
  endfacet
  facet normal -0.473264 -0.581193 0.661994
    outer loop
      vertex 4.81778 6.22396 50.6261
      vertex 4.59356 5.97132 50.244
      vertex 4.88149 5.73834 50.2453
    endloop
  endfacet
  facet normal -0.473172 -0.581271 0.661991
    outer loop
      vertex 4.56549 6.44687 50.6415
      vertex 4.59356 5.97132 50.244
      vertex 4.81778 6.22396 50.6261
    endloop
  endfacet
  facet normal -0.473273 -0.581205 0.661976
    outer loop
      vertex 4.31629 6.2163 50.2609
      vertex 4.56549 6.44687 50.6415
      vertex 4.32398 6.67975 50.6733
    endloop
  endfacet
  facet normal -0.473217 -0.581257 0.661971
    outer loop
      vertex 4.56549 6.44687 50.6415
      vertex 4.31629 6.2163 50.2609
      vertex 4.59356 5.97132 50.244
    endloop
  endfacet
  facet normal -0.473134 -0.581298 0.661995
    outer loop
      vertex 4.05087 6.47225 50.2959
      vertex 4.32398 6.67975 50.6733
      vertex 4.09428 6.9216 50.7215
    endloop
  endfacet
  facet normal -0.473198 -0.581233 0.662006
    outer loop
      vertex 4.32398 6.67975 50.6733
      vertex 4.05087 6.47225 50.2959
      vertex 4.31629 6.2163 50.2609
    endloop
  endfacet
  facet normal -0.473346 -0.581156 0.661968
    outer loop
      vertex 3.79842 6.73805 50.3488
      vertex 4.09428 6.9216 50.7215
      vertex 3.87738 7.17139 50.7857
    endloop
  endfacet
  facet normal -0.473269 -0.581241 0.661948
    outer loop
      vertex 4.09428 6.9216 50.7215
      vertex 3.79842 6.73805 50.3488
      vertex 4.05087 6.47225 50.2959
    endloop
  endfacet
  facet normal -0.47322 -0.581232 0.661991
    outer loop
      vertex 3.56003 7.01257 50.4194
      vertex 3.87738 7.17139 50.7857
      vertex 3.67419 7.42805 50.8658
    endloop
  endfacet
  facet normal -0.47324 -0.581207 0.661999
    outer loop
      vertex 3.87738 7.17139 50.7857
      vertex 3.56003 7.01257 50.4194
      vertex 3.79842 6.73805 50.3488
    endloop
  endfacet
  facet normal -0.473163 -0.581224 0.662039
    outer loop
      vertex 3.33673 7.29465 50.5075
      vertex 3.67419 7.42805 50.8658
      vertex 3.4856 7.69047 50.9614
    endloop
  endfacet
  facet normal -0.473113 -0.581289 0.662017
    outer loop
      vertex 3.67419 7.42805 50.8658
      vertex 3.33673 7.29465 50.5075
      vertex 3.56003 7.01257 50.4194
    endloop
  endfacet
  facet normal -0.473213 -0.581257 0.661974
    outer loop
      vertex 3.12946 7.58306 50.6125
      vertex 3.4856 7.69047 50.9614
      vertex 3.31241 7.95754 51.0721
    endloop
  endfacet
  facet normal -0.47319 -0.581234 0.662011
    outer loop
      vertex 2.93912 7.87658 50.7342
      vertex 3.31241 7.95754 51.0721
      vertex 3.15536 8.22811 51.1974
    endloop
  endfacet
  facet normal -0.473286 -0.58115 0.662016
    outer loop
      vertex 3.4856 7.69047 50.9614
      vertex 3.12946 7.58306 50.6125
      vertex 3.33673 7.29465 50.5075
    endloop
  endfacet
  facet normal -0.47317 -0.581268 0.661995
    outer loop
      vertex 2.76651 8.17394 50.8719
      vertex 3.15536 8.22811 51.1974
      vertex 3.01512 8.50103 51.3368
    endloop
  endfacet
  facet normal -0.47315 -0.581298 0.661983
    outer loop
      vertex 3.31241 7.95754 51.0721
      vertex 2.93912 7.87658 50.7342
      vertex 3.12946 7.58306 50.6125
    endloop
  endfacet
  facet normal -0.473151 -0.581316 0.661966
    outer loop
      vertex 2.61239 8.47388 51.0251
      vertex 3.01512 8.50103 51.3368
      vertex 2.8923 8.77511 51.4897
    endloop
  endfacet
  facet normal -0.473285 -0.581104 0.662057
    outer loop
      vertex 2.4774 8.77511 51.1931
      vertex 2.8923 8.77511 51.4897
      vertex 2.78742 9.0492 51.6553
    endloop
  endfacet
  facet normal -0.473188 -0.581235 0.662011
    outer loop
      vertex 3.15536 8.22811 51.1974
      vertex 2.76651 8.17394 50.8719
      vertex 2.93912 7.87658 50.7342
    endloop
  endfacet
  facet normal -0.473123 -0.581257 0.662039
    outer loop
      vertex 2.4774 8.77511 51.1931
      vertex 2.78742 9.0492 51.6553
      vertex 2.70093 9.32211 51.8331
    endloop
  endfacet
  facet normal -0.472965 -0.581354 0.662066
    outer loop
      vertex 2.4774 8.77511 51.1931
      vertex 2.70093 9.32211 51.8331
      vertex 2.6332 9.59268 52.0223
    endloop
  endfacet
  facet normal -0.473177 -0.581262 0.661995
    outer loop
      vertex 3.01512 8.50103 51.3368
      vertex 2.61239 8.47388 51.0251
      vertex 2.76651 8.17394 50.8719
    endloop
  endfacet
  facet normal -0.473122 -0.581278 0.662021
    outer loop
      vertex 2.4774 8.77511 51.1931
      vertex 2.6332 9.59268 52.0223
      vertex 2.58451 9.85975 52.222
    endloop
  endfacet
  facet normal -0.473266 -0.581217 0.661971
    outer loop
      vertex 2.4774 8.77511 51.1931
      vertex 2.58451 9.85975 52.222
      vertex 2.55509 10.1222 52.4314
    endloop
  endfacet
  facet normal -0.473669 -0.581057 0.661823
    outer loop
      vertex 2.4774 8.77511 51.1931
      vertex 2.55509 10.1222 52.4314
      vertex 2.54505 10.3788 52.6495
    endloop
  endfacet
  facet normal -0.473223 -0.581254 0.661969
    outer loop
      vertex 2.8923 8.77511 51.4897
      vertex 2.4774 8.77511 51.1931
      vertex 2.61239 8.47388 51.0251
    endloop
  endfacet
  facet normal -0.232769 0.392113 -0.889981
    outer loop
      vertex 10.9074 8.75277 57.97
      vertex 11.5515 9.07634 57.9441
      vertex 11.6864 8.77511 57.7761
    endloop
  endfacet
  facet normal 0.355634 -0.127751 -0.925853
    outer loop
      vertex 6.75037 13.1364 58.0769
      vertex 7.07647 13.0303 58.2168
      vertex 6.83562 12.3504 58.2181
    endloop
  endfacet
  facet normal -0.214672 0.354481 -0.910087
    outer loop
      vertex 10.9074 8.75277 57.97
      vertex 11.3973 9.37628 58.0973
      vertex 11.5515 9.07634 57.9441
    endloop
  endfacet
  facet normal 0.475341 0.878727 0.043464
    outer loop
      vertex 5.67114 5.15395 51.067
      vertex 5.96034 4.99422 51.1335
      vertex 6.11451 4.94559 50.4306
    endloop
  endfacet
  facet normal -0.214459 0.354335 -0.910195
    outer loop
      vertex 10.7671 9.02568 58.1093
      vertex 11.3973 9.37628 58.0973
      vertex 10.9074 8.75277 57.97
    endloop
  endfacet
  facet normal -0.285691 0.68225 -0.67299
    outer loop
      vertex 11.3393 6.38332 56.1983
      vertex 12.0578 6.73805 56.2529
      vertex 12.0261 6.47225 55.9969
    endloop
  endfacet
  facet normal 0.00604484 0.0757315 -0.99711
    outer loop
      vertex 9.10472 11.0298 58.6807
      vertex 9.84755 11.3339 58.7083
      vertex 9.35701 10.8069 58.6653
    endloop
  endfacet
  facet normal 0.232356 0.971403 -0.0488568
    outer loop
      vertex 7.43768 4.43075 51.6949
      vertex 8.06001 4.25788 51.2175
      vertex 7.73814 4.32632 51.0475
    endloop
  endfacet
  facet normal 0.760903 -0.127806 -0.636154
    outer loop
      vertex 3.62903 12.3504 55.9259
      vertex 3.79023 13.1364 55.9608
      vertex 3.84549 12.447 56.1654
    endloop
  endfacet
  facet normal 0.19381 -0.0569381 -0.979385
    outer loop
      vertex 8.01002 11.8034 58.5773
      vertex 8.04933 12.6046 58.5385
      vertex 8.36717 12.4291 58.6116
    endloop
  endfacet
  facet normal -0.0279137 0.106978 -0.993869
    outer loop
      vertex 9.59852 10.574 58.6335
      vertex 9.84755 11.3339 58.7083
      vertex 10.113 11.078 58.6733
    endloop
  endfacet
  facet normal 0.930978 0.0457545 -0.362196
    outer loop
      vertex 2.26426 11.5789 53.5025
      vertex 2.35863 11.8119 53.7745
      vertex 2.45702 11.0298 53.9286
    endloop
  endfacet
  facet normal -0.171471 0.280128 -0.944524
    outer loop
      vertex 10.4369 9.56332 58.3453
      vertex 11.0344 9.96716 58.3566
      vertex 11.2247 9.67364 58.235
    endloop
  endfacet
  facet normal -0.0612915 0.961641 -0.267375
    outer loop
      vertex 9.60638 4.43075 53.2451
      vertex 10.3736 4.41381 53.0083
      vertex 10.1216 4.32632 52.7514
    endloop
  endfacet
  facet normal 0.957296 0.173333 -0.231387
    outer loop
      vertex 2.09577 10.5376 52.4678
      vertex 2.10609 10.8122 52.7162
      vertex 2.30371 10.0824 52.9871
    endloop
  endfacet
  facet normal 0.394908 0.918483 0.0208813
    outer loop
      vertex 6.25331 4.8494 51.2158
      vertex 6.76125 4.64436 50.6285
      vertex 6.4365 4.78643 50.5211
    endloop
  endfacet
  facet normal -0.262017 0.775956 -0.573794
    outer loop
      vertex 11.1383 5.71554 55.4683
      vertex 11.2241 5.92753 55.7158
      vertex 11.8052 5.73834 55.1946
    endloop
  endfacet
  facet normal -0.248949 0.804279 -0.539592
    outer loop
      vertex 11.1383 5.71554 55.4683
      vertex 11.8052 5.73834 55.1946
      vertex 11.6906 5.51837 54.9196
    endloop
  endfacet
  facet normal -0.280196 0.541616 -0.792554
    outer loop
      vertex 11.338 7.39404 57.0848
      vertex 11.9712 7.87658 57.1907
      vertex 12.0247 7.58306 56.9712
    endloop
  endfacet
  facet normal -0.0612733 0.961659 -0.267317
    outer loop
      vertex 9.60638 4.43075 53.2451
      vertex 9.83567 4.51035 53.4789
      vertex 10.3736 4.41381 53.0083
    endloop
  endfacet
  facet normal 0.152997 0.983667 -0.0948228
    outer loop
      vertex 8.3036 4.29693 52.1964
      vertex 8.68983 4.17924 51.5987
      vertex 8.37769 4.20878 51.4015
    endloop
  endfacet
  facet normal 0.114409 0.986129 -0.120254
    outer loop
      vertex 8.3036 4.29693 52.1964
      vertex 8.58134 4.28795 52.387
      vertex 8.99507 4.16938 51.8083
    endloop
  endfacet
  facet normal -0.0918867 0.949557 -0.29983
    outer loop
      vertex 10.0521 4.60695 53.7185
      vertex 10.6115 4.51997 53.2716
      vertex 10.3736 4.41381 53.0083
    endloop
  endfacet
  facet normal -0.0289888 0.971399 -0.235678
    outer loop
      vertex 9.36525 4.36848 53.0181
      vertex 9.60638 4.43075 53.2451
      vertex 9.85661 4.25788 52.5018
    endloop
  endfacet
  facet normal 0.272776 0.961655 -0.0285252
    outer loop
      vertex 7.41347 4.41381 50.8923
      vertex 7.43768 4.43075 51.6949
      vertex 7.73814 4.32632 51.0475
    endloop
  endfacet
  facet normal 0.730399 -0.139817 -0.668557
    outer loop
      vertex 3.79023 13.1364 55.9608
      vertex 4.04222 13.2239 56.2178
      vertex 4.07478 12.5266 56.3992
    endloop
  endfacet
  facet normal 0.43535 0.899647 0.0332532
    outer loop
      vertex 6.11451 4.94559 50.4306
      vertex 6.25331 4.8494 51.2158
      vertex 6.4365 4.78643 50.5211
    endloop
  endfacet
  facet normal 0.0415484 0.045694 -0.998091
    outer loop
      vertex 8.84274 11.2418 58.6795
      vertex 9.28235 11.8119 58.7239
      vertex 9.10472 11.0298 58.6807
    endloop
  endfacet
  facet normal -0.1467 0.243874 -0.958647
    outer loop
      vertex 10.4369 9.56332 58.3453
      vertex 10.8271 10.2556 58.4617
      vertex 11.0344 9.96716 58.3566
    endloop
  endfacet
  facet normal 0.917928 0.0174698 -0.396363
    outer loop
      vertex 2.47323 12.0319 54.0496
      vertex 2.64716 11.442 54.4264
      vertex 2.54289 11.2418 54.1761
    endloop
  endfacet
  facet normal 0.841354 -0.077924 -0.534838
    outer loop
      vertex 2.93306 12.6046 54.8812
      vertex 3.23822 12.108 55.4336
      vertex 3.06556 11.9631 55.1831
    endloop
  endfacet
  facet normal 0.841396 -0.0778388 -0.534785
    outer loop
      vertex 2.93306 12.6046 54.8812
      vertex 3.12283 12.7638 55.1566
      vertex 3.23822 12.108 55.4336
    endloop
  endfacet
  facet normal 0.313461 0.949548 -0.0100598
    outer loop
      vertex 6.84554 4.60695 51.4263
      vertex 7.14225 4.51035 51.5536
      vertex 7.41347 4.41381 50.8923
    endloop
  endfacet
  facet normal 0.591051 0.804335 0.0608607
    outer loop
      vertex 4.83842 5.71554 50.9649
      vertex 5.17884 5.51837 50.2647
      vertex 4.88149 5.73834 50.2453
    endloop
  endfacet
  facet normal 0.662979 0.746135 0.061166
    outer loop
      vertex 4.31629 6.2163 50.2609
      vertex 4.32415 6.15044 50.9791
      vertex 4.57644 5.92753 50.9637
    endloop
  endfacet
  facet normal 0.729285 0.682197 0.0524367
    outer loop
      vertex 3.79842 6.73805 50.3488
      vertex 3.85294 6.62517 51.0591
      vertex 4.08264 6.38332 51.0109
    endloop
  endfacet
  facet normal 0.883711 0.467318 -0.025854
    outer loop
      vertex 2.76651 8.17394 50.8719
      vertex 2.77378 8.20459 51.6744
      vertex 2.91402 7.93168 51.535
    endloop
  endfacet
  facet normal 0.592272 -0.164373 -0.788794
    outer loop
      vertex 4.82953 12.6604 57.0563
      vertex 4.87172 13.371 56.9399
      vertex 5.16877 13.3808 57.1609
    endloop
  endfacet
  facet normal 0.662974 0.746139 0.0611693
    outer loop
      vertex 4.31629 6.2163 50.2609
      vertex 4.57644 5.92753 50.9637
      vertex 4.59356 5.97132 50.244
    endloop
  endfacet
  facet normal 0.154332 -0.0339489 -0.987436
    outer loop
      vertex 8.01002 11.8034 58.5773
      vertex 8.67951 12.2379 58.667
      vertex 8.29421 11.6294 58.6277
    endloop
  endfacet
  facet normal 0.628836 -0.161908 -0.760494
    outer loop
      vertex 4.58413 13.3414 56.7084
      vertex 4.87172 13.371 56.9399
      vertex 4.82953 12.6604 57.0563
    endloop
  endfacet
  facet normal 0.789784 -0.113323 -0.602825
    outer loop
      vertex 3.32954 12.9059 55.4291
      vertex 3.55233 13.0303 55.6976
      vertex 3.62903 12.3504 55.9259
    endloop
  endfacet
  facet normal -0.0277515 0.106926 -0.99388
    outer loop
      vertex 9.35701 10.8069 58.6653
      vertex 9.84755 11.3339 58.7083
      vertex 9.59852 10.574 58.6335
    endloop
  endfacet
  facet normal 0.864066 -0.0569085 -0.500151
    outer loop
      vertex 2.90906 11.8034 54.9309
      vertex 2.93306 12.6046 54.8812
      vertex 3.06556 11.9631 55.1831
    endloop
  endfacet
  facet normal 0.62765 0.77601 0.0621539
    outer loop
      vertex 4.57644 5.92753 50.9637
      vertex 4.83842 5.71554 50.9649
      vertex 4.88149 5.73834 50.2453
    endloop
  endfacet
  facet normal 0.553381 0.830954 0.0573096
    outer loop
      vertex 5.17884 5.51837 50.2647
      vertex 5.38695 5.32792 51.0166
      vertex 5.48433 5.31234 50.3022
    endloop
  endfacet
  facet normal 0.941491 0.0756377 -0.328442
    outer loop
      vertex 2.19052 11.3339 53.2347
      vertex 2.26426 11.5789 53.5025
      vertex 2.45702 11.0298 53.9286
    endloop
  endfacet
  facet normal -0.194134 0.317181 -0.928282
    outer loop
      vertex 10.7671 9.02568 58.1093
      vertex 11.2247 9.67364 58.235
      vertex 11.3973 9.37628 58.0973
    endloop
  endfacet
  facet normal -0.171485 0.280273 -0.944479
    outer loop
      vertex 10.4369 9.56332 58.3453
      vertex 11.2247 9.67364 58.235
      vertex 10.6101 9.29625 58.2346
    endloop
  endfacet
  facet normal 0.941492 0.075661 -0.328432
    outer loop
      vertex 2.19052 11.3339 53.2347
      vertex 2.45702 11.0298 53.9286
      vertex 2.38992 10.8069 53.6849
    endloop
  endfacet
  facet normal 0.193765 -0.0569364 -0.979394
    outer loop
      vertex 7.72082 11.9631 58.5108
      vertex 8.04933 12.6046 58.5385
      vertex 8.01002 11.8034 58.5773
    endloop
  endfacet
  facet normal -0.261861 0.776099 -0.573671
    outer loop
      vertex 11.2241 5.92753 55.7158
      vertex 11.8996 5.97132 55.4667
      vertex 11.8052 5.73834 55.1946
    endloop
  endfacet
  facet normal 0.475352 0.878721 0.0434735
    outer loop
      vertex 5.67114 5.15395 51.067
      vertex 6.11451 4.94559 50.4306
      vertex 5.79667 5.12114 50.3576
    endloop
  endfacet
  facet normal -0.233296 0.830963 -0.505047
    outer loop
      vertex 10.9118 5.32792 54.966
      vertex 11.034 5.51539 55.218
      vertex 11.6906 5.51837 54.9196
    endloop
  endfacet
  facet normal 0.884313 -0.0341184 -0.465645
    outer loop
      vertex 2.60757 12.2379 54.3265
      vertex 2.90906 11.8034 54.9309
      vertex 2.76939 11.6294 54.6784
    endloop
  endfacet
  facet normal 0.664115 -0.157042 -0.730951
    outer loop
      vertex 4.30724 13.2923 56.4673
      vertex 4.56785 12.6336 56.8456
      vertex 4.31591 12.5889 56.6263
    endloop
  endfacet
  facet normal 0.233504 -0.0777245 -0.969244
    outer loop
      vertex 7.42785 12.108 58.4286
      vertex 8.04933 12.6046 58.5385
      vertex 7.72082 11.9631 58.5108
    endloop
  endfacet
  facet normal 0.0781375 0.0174711 -0.996789
    outer loop
      vertex 8.57218 11.442 58.6618
      vertex 8.985 12.0319 58.7045
      vertex 8.84274 11.2418 58.6795
    endloop
  endfacet
  facet normal 0.476704 -0.156987 -0.864932
    outer loop
      vertex 5.66156 12.6336 57.6274
      vertex 5.78615 13.3414 57.5676
      vertex 6.10383 13.2923 57.7516
    endloop
  endfacet
  facet normal -0.0908126 0.173292 -0.980675
    outer loop
      vertex 10.0451 10.0824 58.521
      vertex 10.3654 10.8122 58.6203
      vertex 10.6038 10.5376 58.5497
    endloop
  endfacet
  facet normal 0.115755 -0.00914742 -0.993236
    outer loop
      vertex 8.29421 11.6294 58.6277
      vertex 8.67951 12.2379 58.667
      vertex 8.985 12.0319 58.7045
    endloop
  endfacet
  facet normal -0.146648 0.243847 -0.958662
    outer loop
      vertex 10.2483 9.82574 58.4409
      vertex 10.8271 10.2556 58.4617
      vertex 10.4369 9.56332 58.3453
    endloop
  endfacet
  facet normal 0.396335 -0.139877 -0.907388
    outer loop
      vertex 6.24348 12.5266 57.9495
      vertex 6.4257 13.2239 57.9216
      vertex 6.75037 13.1364 58.0769
    endloop
  endfacet
  facet normal -0.194174 0.317206 -0.928266
    outer loop
      vertex 10.6101 9.29625 58.2346
      vertex 11.2247 9.67364 58.235
      vertex 10.7671 9.02568 58.1093
    endloop
  endfacet
  facet normal 0.435366 0.899639 0.0332494
    outer loop
      vertex 5.96034 4.99422 51.1335
      vertex 6.25331 4.8494 51.2158
      vertex 6.11451 4.94559 50.4306
    endloop
  endfacet
  facet normal -0.280434 0.714722 -0.640725
    outer loop
      vertex 11.3393 6.38332 56.1983
      vertex 12.0261 6.47225 55.9969
      vertex 11.9733 6.2163 55.7345
    endloop
  endfacet
  facet normal 0.040212 0.983663 -0.175473
    outer loop
      vertex 8.85163 4.29693 52.5881
      vertex 9.57971 4.20878 52.2608
      vertex 9.29212 4.17924 52.0293
    endloop
  endfacet
  facet normal 0.0767652 0.986127 -0.147178
    outer loop
      vertex 8.85163 4.29693 52.5881
      vertex 9.29212 4.17924 52.0293
      vertex 8.99507 4.16938 51.8083
    endloop
  endfacet
  facet normal 0.396314 -0.139857 -0.9074
    outer loop
      vertex 6.24348 12.5266 57.9495
      vertex 6.75037 13.1364 58.0769
      vertex 6.53891 12.447 58.0908
    endloop
  endfacet
  facet normal 0.730331 -0.139891 -0.668616
    outer loop
      vertex 3.79023 13.1364 55.9608
      vertex 4.07478 12.5266 56.3992
      vertex 3.84549 12.447 56.1654
    endloop
  endfacet
  facet normal 0.47665 -0.156944 -0.86497
    outer loop
      vertex 5.66156 12.6336 57.6274
      vertex 6.10383 13.2923 57.7516
      vertex 5.95062 12.5889 57.7948
    endloop
  endfacet
  facet normal 0.591055 0.804332 0.0608638
    outer loop
      vertex 4.83842 5.71554 50.9649
      vertex 5.10898 5.51539 50.9825
      vertex 5.17884 5.51837 50.2647
    endloop
  endfacet
  facet normal 0.274373 -0.0967132 -0.956748
    outer loop
      vertex 7.13236 12.2372 58.3308
      vertex 7.40259 12.9059 58.3407
      vertex 7.42785 12.108 58.4286
    endloop
  endfacet
  facet normal -0.0910348 0.173384 -0.980638
    outer loop
      vertex 9.82822 10.3322 58.5853
      vertex 10.3654 10.8122 58.6203
      vertex 10.0451 10.0824 58.521
    endloop
  endfacet
  facet normal -0.154298 0.0339967 0.987439
    outer loop
      vertex -8.33636 -11.528 70.2143
      vertex -8.70852 -12.1279 70.1768
      vertex -8.05216 -11.702 70.2647
    endloop
  endfacet
  facet normal -0.15587 0.0349893 0.987158
    outer loop
      vertex -8.70852 -12.1279 70.1768
      vertex -8.33636 -11.528 70.2143
      vertex -8.71409 -12.1245 70.1758
    endloop
  endfacet
  facet normal -0.591071 -0.80432 -0.0608697
    outer loop
      vertex -5.2143 -5.42078 78.5636
      vertex -4.88056 -5.61409 77.8772
      vertex -4.92279 -5.63644 78.5826
    endloop
  endfacet
  facet normal -0.949181 -0.280208 0.143313
    outer loop
      vertex -2.23774 -9.57003 77.0483
      vertex -2.434 -9.1948 76.4821
      vertex -2.38531 -9.46187 76.2824
    endloop
  endfacet
  facet normal -0.949352 -0.279281 0.143987
    outer loop
      vertex -2.434 -9.1948 76.4821
      vertex -2.23774 -9.57003 77.0483
      vertex -2.23869 -9.56479 77.0522
    endloop
  endfacet
  facet normal -0.954549 -0.243826 0.171423
    outer loop
      vertex -2.38531 -9.46187 76.2824
      vertex -2.15358 -10.1405 76.6075
      vertex -2.18528 -9.85779 76.8331
    endloop
  endfacet
  facet normal -0.901799 -0.429707 0.045939
    outer loop
      vertex -2.6931 -8.37723 77.0148
      vertex -2.52536 -8.66247 77.6395
      vertex -2.81592 -8.10314 77.1676
    endloop
  endfacet
  facet normal -0.901836 -0.429625 0.0459863
    outer loop
      vertex -2.52536 -8.66247 77.6395
      vertex -2.6931 -8.37723 77.0148
      vertex -2.52295 -8.66785 77.6365
    endloop
  endfacet
  facet normal -0.901799 -0.429707 0.0459388
    outer loop
      vertex -2.81592 -8.10314 77.1676
      vertex -2.52536 -8.66247 77.6395
      vertex -2.65769 -8.36715 77.8042
    endloop
  endfacet
  facet normal -0.115581 0.00908315 0.993257
    outer loop
      vertex -9.0136 -11.9225 70.1391
      vertex -8.71409 -12.1245 70.1758
      vertex -8.33636 -11.528 70.2143
    endloop
  endfacet
  facet normal -0.0767502 -0.986132 0.147152
    outer loop
      vertex -9.32563 -4.0801 76.8018
      vertex -8.89377 -4.19547 76.2539
      vertex -9.0344 -4.07043 77.0185
    endloop
  endfacet
  facet normal 0.147542 -0.918476 0.366925
    outer loop
      vertex -11.0714 -4.68621 75.0216
      vertex -10.4851 -4.74795 74.6313
      vertex -10.8688 -4.54692 75.2888
    endloop
  endfacet
  facet normal 0.146652 -0.243862 0.958658
    outer loop
      vertex -11.0648 -9.85779 70.4856
      vertex -10.8616 -10.1405 70.3826
      vertex -10.479 -9.46187 70.4967
    endloop
  endfacet
  facet normal -0.154292 0.0339863 0.987441
    outer loop
      vertex -8.70852 -12.1279 70.1768
      vertex -8.40231 -12.3154 70.2311
      vertex -8.05216 -11.702 70.2647
    endloop
  endfacet
  facet normal -0.840607 -0.541579 -0.00853874
    outer loop
      vertex -3.11321 -7.55966 77.4323
      vertex -2.98724 -7.76566 78.0968
      vertex -3.2864 -7.29259 77.543
    endloop
  endfacet
  facet normal -0.840498 -0.541746 -0.00861118
    outer loop
      vertex -2.98724 -7.76566 78.0968
      vertex -3.11321 -7.55966 77.4323
      vertex -2.98384 -7.7709 78.0946
    endloop
  endfacet
  facet normal -0.313454 -0.94955 0.0100814
    outer loop
      vertex -7.44447 -4.31614 77.9393
      vertex -6.88768 -4.5055 77.4157
      vertex -7.12477 -4.42022 78.0764
    endloop
  endfacet
  facet normal -0.00608079 -0.0757905 0.997105
    outer loop
      vertex -9.87512 -11.2265 70.1343
      vertex -9.60329 -11.4667 70.1177
      vertex -9.14686 -10.9284 70.1614
    endloop
  endfacet
  facet normal -0.394925 -0.918476 -0.020875
    outer loop
      vertex -6.79343 -4.54692 78.202
      vertex -6.29546 -4.74795 77.6262
      vertex -6.47505 -4.68621 78.3073
    endloop
  endfacet
  facet normal -0.815742 -0.577969 -0.0227217
    outer loop
      vertex -3.37706 -7.19514 78.319
      vertex -3.2864 -7.29259 77.543
      vertex -3.17385 -7.4779 78.216
    endloop
  endfacet
  facet normal 0.194171 -0.317146 0.928287
    outer loop
      vertex -11.2579 -9.55949 70.6095
      vertex -10.6522 -9.1948 70.6074
      vertex -10.8093 -8.92423 70.7327
    endloop
  endfacet
  facet normal 0.190183 -0.310505 0.931352
    outer loop
      vertex -10.6522 -9.1948 70.6074
      vertex -11.2579 -9.55949 70.6095
      vertex -11.2548 -9.56479 70.6071
    endloop
  endfacet
  facet normal -0.789794 0.113377 0.602803
    outer loop
      vertex -3.37756 -12.7935 73.4032
      vertex -3.46846 -12.1358 73.1604
      vertex -3.67117 -12.249 72.9161
    endloop
  endfacet
  facet normal -0.789749 0.113403 0.602857
    outer loop
      vertex -3.46846 -12.1358 73.1604
      vertex -3.37756 -12.7935 73.4032
      vertex -3.37358 -12.7913 73.408
    endloop
  endfacet
  facet normal 0.232643 -0.392134 0.890005
    outer loop
      vertex -11.7133 -8.67322 71.0621
      vertex -11.581 -8.96854 70.8974
      vertex -10.9495 -8.65131 70.8721
    endloop
  endfacet
  facet normal 0.028682 -0.971478 0.235389
    outer loop
      vertex -9.89384 -4.15982 76.3256
      vertex -9.40739 -4.26702 75.8239
      vertex -9.88911 -4.15859 76.3301
    endloop
  endfacet
  facet normal 0.0290138 -0.971394 0.235693
    outer loop
      vertex -9.40739 -4.26702 75.8239
      vertex -9.89384 -4.15982 76.3256
      vertex -9.64852 -4.3293 75.5969
    endloop
  endfacet
  facet normal -0.949393 -0.106925 0.295329
    outer loop
      vertex -2.38402 -10.4726 75.3959
      vertex -2.23563 -11.2176 75.6032
      vertex -2.18386 -10.9666 75.8605
    endloop
  endfacet
  facet normal -0.954685 -0.139635 0.262829
    outer loop
      vertex -2.38402 -10.4726 75.3959
      vertex -2.18386 -10.9666 75.8605
      vertex -2.15286 -10.7061 76.1115
    endloop
  endfacet
  facet normal -0.698073 0.149615 0.700221
    outer loop
      vertex -4.35805 -12.4874 72.2157
      vertex -4.34482 -13.1759 72.376
      vertex -4.11692 -12.4252 72.4428
    endloop
  endfacet
  facet normal -0.693552 0.150691 0.70447
    outer loop
      vertex -4.34482 -13.1759 72.376
      vertex -4.35805 -12.4874 72.2157
      vertex -4.34955 -13.1771 72.3716
    endloop
  endfacet
  facet normal -0.232352 -0.971403 0.0488743
    outer loop
      vertex -8.08995 -4.15982 77.6151
      vertex -7.47982 -4.3293 77.1472
      vertex -7.7744 -4.22691 77.7818
    endloop
  endfacet
  facet normal -0.514738 -0.855799 -0.0514993
    outer loop
      vertex -5.83635 -5.02033 78.4705
      vertex -5.71328 -5.0525 77.775
      vertex -5.53014 -5.20778 78.5249
    endloop
  endfacet
  facet normal -0.840603 -0.541584 -0.0085455
    outer loop
      vertex -3.2864 -7.29259 77.543
      vertex -2.98724 -7.76566 78.0968
      vertex -3.17385 -7.4779 78.216
    endloop
  endfacet
  facet normal 0.119776 -0.208086 0.970749
    outer loop
      vertex -10.8539 -10.1507 70.3792
      vertex -10.635 -10.4273 70.2929
      vertex -10.0873 -9.98095 70.321
    endloop
  endfacet
  facet normal 0.194182 -0.317152 0.928282
    outer loop
      vertex -11.4271 -9.26795 70.7445
      vertex -11.2579 -9.55949 70.6095
      vertex -10.8093 -8.92423 70.7327
    endloop
  endfacet
  facet normal -0.314838 0.11338 0.942349
    outer loop
      vertex -7.43362 -12.7935 70.5037
      vertex -7.11389 -12.9155 70.6252
      vertex -6.87776 -12.249 70.6239
    endloop
  endfacet
  facet normal -0.233053 -0.971255 0.0484706
    outer loop
      vertex -7.77268 -4.26702 76.9925
      vertex -8.08995 -4.15982 77.6151
      vertex -8.0957 -4.15859 77.6121
    endloop
  endfacet
  facet normal -0.232378 -0.971399 0.0488394
    outer loop
      vertex -8.08995 -4.15982 77.6151
      vertex -7.77268 -4.26702 76.9925
      vertex -7.47982 -4.3293 77.1472
    endloop
  endfacet
  facet normal -0.902324 0.00923898 0.43096
    outer loop
      vertex -2.52118 -11.9225 74.7801
      vertex -2.68931 -11.3405 74.4156
      vertex -2.81154 -11.528 74.1637
    endloop
  endfacet
  facet normal -0.904063 0.00647587 0.42735
    outer loop
      vertex -2.68931 -11.3405 74.4156
      vertex -2.52118 -11.9225 74.7801
      vertex -2.51879 -11.9188 74.7851
    endloop
  endfacet
  facet normal -0.864014 -0.5034 0.00821267
    outer loop
      vertex -3.11321 -7.55966 77.4323
      vertex -2.98077 -7.77621 78.0921
      vertex -2.98384 -7.7709 78.0946
    endloop
  endfacet
  facet normal -0.863296 -0.50464 0.0076614
    outer loop
      vertex -2.98077 -7.77621 78.0921
      vertex -3.11321 -7.55966 77.4323
      vertex -2.95616 -7.83023 77.307
    endloop
  endfacet
  facet normal 0.288189 -0.613707 0.735058
    outer loop
      vertex -12.0859 -7.18497 72.1025
      vertex -11.4096 -7.03016 71.9666
      vertex -11.4196 -6.77351 72.1848
    endloop
  endfacet
  facet normal 0.287802 -0.607048 0.740717
    outer loop
      vertex -11.4096 -7.03016 71.9666
      vertex -12.0859 -7.18497 72.1025
      vertex -12.0857 -7.19 72.0983
    endloop
  endfacet
  facet normal 0.234514 -0.828988 0.507723
    outer loop
      vertex -11.0761 -5.41394 73.624
      vertex -11.7175 -5.41318 73.9215
      vertex -11.7199 -5.41686 73.9166
    endloop
  endfacet
  facet normal 0.233276 -0.830963 0.505057
    outer loop
      vertex -11.7175 -5.41318 73.9215
      vertex -11.0761 -5.41394 73.624
      vertex -10.9539 -5.22647 73.876
    endloop
  endfacet
  facet normal 0.120233 -0.935429 0.332442
    outer loop
      vertex -10.297 -4.61868 74.8792
      vertex -10.8611 -4.54217 75.2985
      vertex -10.8651 -4.54439 75.2937
    endloop
  endfacet
  facet normal 0.120732 -0.935143 0.333062
    outer loop
      vertex -10.8611 -4.54217 75.2985
      vertex -10.297 -4.61868 74.8792
      vertex -10.0943 -4.5055 75.1235
    endloop
  endfacet
  facet normal -0.941183 -0.317132 0.11663
    outer loop
      vertex -2.50173 -8.92423 76.6713
      vertex -2.24002 -9.55949 77.0559
      vertex -2.313 -9.26795 77.2597
    endloop
  endfacet
  facet normal -0.884372 0.0339948 0.465543
    outer loop
      vertex -2.65562 -12.1279 74.5037
      vertex -2.81154 -11.528 74.1637
      vertex -2.9512 -11.702 73.9111
    endloop
  endfacet
  facet normal -0.882708 0.0361212 0.468532
    outer loop
      vertex -2.81154 -11.528 74.1637
      vertex -2.65562 -12.1279 74.5037
      vertex -2.65288 -12.1245 74.5086
    endloop
  endfacet
  facet normal -0.634559 0.161185 0.75588
    outer loop
      vertex -4.61 -12.5321 71.9964
      vertex -4.63108 -13.2266 72.1268
      vertex -4.62595 -13.2261 72.131
    endloop
  endfacet
  facet normal -0.628763 0.161888 0.760559
    outer loop
      vertex -4.63108 -13.2266 72.1268
      vertex -4.61 -12.5321 71.9964
      vertex -4.87167 -12.559 71.7858
    endloop
  endfacet
  facet normal -0.39459 -0.918623 -0.0207575
    outer loop
      vertex -6.59094 -4.61868 77.5285
      vertex -6.79343 -4.54692 78.202
      vertex -6.79922 -4.54439 78.2001
    endloop
  endfacet
  facet normal -0.394924 -0.918477 -0.0208735
    outer loop
      vertex -6.79343 -4.54692 78.202
      vertex -6.59094 -4.61868 77.5285
      vertex -6.29546 -4.74795 77.6262
    endloop
  endfacet
  facet normal -0.233743 0.0779225 0.969171
    outer loop
      vertex -7.76296 -11.8617 70.3312
      vertex -8.07928 -12.4934 70.3057
      vertex -7.46999 -12.0065 70.4135
    endloop
  endfacet
  facet normal -0.244864 0.0836215 0.965945
    outer loop
      vertex -8.07928 -12.4934 70.3057
      vertex -7.76296 -11.8617 70.3312
      vertex -8.08503 -12.4906 70.304
    endloop
  endfacet
  facet normal -0.475352 -0.878721 -0.0434695
    outer loop
      vertex -6.14796 -4.84822 78.3989
      vertex -5.71328 -5.0525 77.775
      vertex -5.83635 -5.02033 78.4705
    endloop
  endfacet
  facet normal 0.0910515 -0.173461 0.980623
    outer loop
      vertex -10.635 -10.4273 70.2929
      vertex -10.4013 -10.6964 70.2236
      vertex -10.0873 -9.98095 70.321
    endloop
  endfacet
  facet normal 0.232655 -0.391976 0.890071
    outer loop
      vertex -11.0723 -8.37723 71.0249
      vertex -11.7133 -8.67322 71.0621
      vertex -10.9495 -8.65131 70.8721
    endloop
  endfacet
  facet normal 0.233024 -0.392836 0.889595
    outer loop
      vertex -11.7133 -8.67322 71.0621
      vertex -11.0723 -8.37723 71.0249
      vertex -11.7157 -8.66785 71.0651
    endloop
  endfacet
  facet normal -0.957315 -0.173379 0.231272
    outer loop
      vertex -2.35524 -10.2307 75.6288
      vertex -2.15211 -10.6964 76.1205
      vertex -2.34585 -9.98095 75.8549
    endloop
  endfacet
  facet normal -0.957295 -0.172904 0.231714
    outer loop
      vertex -2.15211 -10.6964 76.1205
      vertex -2.35524 -10.2307 75.6288
      vertex -2.15229 -10.7013 76.1161
    endloop
  endfacet
  facet normal -0.760948 0.12783 0.636096
    outer loop
      vertex -3.82921 -13.0196 72.8819
      vertex -3.59597 -12.9155 73.14
      vertex -3.67117 -12.249 72.9161
    endloop
  endfacet
  facet normal -0.729299 -0.682184 -0.0524275
    outer loop
      vertex -3.89508 -6.52372 77.7829
      vertex -3.84613 -6.62964 78.4802
      vertex -4.12478 -6.28186 77.8311
    endloop
  endfacet
  facet normal -0.729184 -0.682304 -0.0524538
    outer loop
      vertex -3.84613 -6.62964 78.4802
      vertex -3.89508 -6.52372 77.7829
      vertex -3.84163 -6.63438 78.4793
    endloop
  endfacet
  facet normal -0.883711 -0.467318 0.0258451
    outer loop
      vertex -2.81592 -8.10314 77.1676
      vertex -2.65769 -8.36715 77.8042
      vertex -2.8088 -8.07309 77.9544
    endloop
  endfacet
  facet normal -0.357606 0.128457 0.924996
    outer loop
      vertex -6.58105 -12.3456 70.7512
      vertex -6.79419 -13.0196 70.7624
      vertex -6.78837 -13.0214 70.7649
    endloop
  endfacet
  facet normal -0.355606 0.127839 0.925852
    outer loop
      vertex -6.79419 -13.0196 70.7624
      vertex -6.58105 -12.3456 70.7512
      vertex -6.87776 -12.249 70.6239
    endloop
  endfacet
  facet normal 0.0909893 -0.173435 0.980633
    outer loop
      vertex -10.4013 -10.6964 70.2236
      vertex -9.87036 -10.2307 70.2567
      vertex -10.0873 -9.98095 70.321
    endloop
  endfacet
  facet normal 0.0846377 -0.166322 0.982432
    outer loop
      vertex -9.87036 -10.2307 70.2567
      vertex -10.4013 -10.6964 70.2236
      vertex -10.397 -10.7013 70.2224
    endloop
  endfacet
  facet normal -0.664108 0.157031 0.730959
    outer loop
      vertex -4.62595 -13.2261 72.131
      vertex -4.35449 -13.178 72.3673
      vertex -4.61 -12.5321 71.9964
    endloop
  endfacet
  facet normal -0.788845 -0.613607 -0.0347732
    outer loop
      vertex -3.67818 -6.77351 77.7187
      vertex -3.38474 -7.18497 78.3225
      vertex -3.60366 -6.90842 78.4088
    endloop
  endfacet
  facet normal -0.930988 -0.0457408 0.362173
    outer loop
      vertex -2.49916 -10.9284 74.9134
      vertex -2.40271 -11.6951 75.0645
      vertex -2.31018 -11.4667 75.3312
    endloop
  endfacet
  facet normal -0.884377 0.0339798 0.465535
    outer loop
      vertex -2.9512 -11.702 73.9111
      vertex -2.80611 -12.3154 74.2315
      vertex -2.65562 -12.1279 74.5037
    endloop
  endfacet
  facet normal -0.193631 0.0568818 0.979424
    outer loop
      vertex -8.40231 -12.3154 70.2311
      vertex -8.0907 -12.4875 70.3027
      vertex -8.05216 -11.702 70.2647
    endloop
  endfacet
  facet normal -0.115744 -0.98609 0.119292
    outer loop
      vertex -8.62349 -4.1865 76.455
      vertex -9.02365 -4.07043 77.0262
      vertex -9.0291 -4.07025 77.0224
    endloop
  endfacet
  facet normal -0.114403 -0.986131 0.12024
    outer loop
      vertex -9.02365 -4.07043 77.0262
      vertex -8.62349 -4.1865 76.455
      vertex -8.34574 -4.19547 76.6457
    endloop
  endfacet
  facet normal -0.354267 -0.935122 -0.00642708
    outer loop
      vertex -6.80504 -4.54217 78.1979
      vertex -6.59094 -4.61868 77.5285
      vertex -6.79922 -4.54439 78.2001
    endloop
  endfacet
  facet normal -0.354233 -0.935135 -0.00641475
    outer loop
      vertex -6.59094 -4.61868 77.5285
      vertex -6.80504 -4.54217 78.1979
      vertex -6.88768 -4.5055 77.4157
    endloop
  endfacet
  facet normal -0.760506 -0.647799 -0.0445669
    outer loop
      vertex -3.89508 -6.52372 77.7829
      vertex -3.83738 -6.63928 78.478
      vertex -3.84163 -6.63438 78.4793
    endloop
  endfacet
  facet normal -0.759973 -0.648415 -0.0447135
    outer loop
      vertex -3.83738 -6.63928 78.478
      vertex -3.89508 -6.52372 77.7829
      vertex -3.67818 -6.77351 77.7187
    endloop
  endfacet
  facet normal 0.0601326 -0.139437 0.988403
    outer loop
      vertex -9.87036 -10.2307 70.2567
      vertex -10.3925 -10.7061 70.2214
      vertex -9.64066 -10.4726 70.2086
    endloop
  endfacet
  facet normal 0.0650262 -0.144732 0.987332
    outer loop
      vertex -10.3925 -10.7061 70.2214
      vertex -9.87036 -10.2307 70.2567
      vertex -10.397 -10.7013 70.2224
    endloop
  endfacet
  facet normal -0.272671 0.0960423 0.957302
    outer loop
      vertex -7.1745 -12.1358 70.5112
      vertex -7.44523 -12.7888 70.4996
      vertex -7.43944 -12.7913 70.5015
    endloop
  endfacet
  facet normal -0.274081 0.096635 0.956839
    outer loop
      vertex -7.44523 -12.7888 70.4996
      vertex -7.1745 -12.1358 70.5112
      vertex -7.46999 -12.0065 70.4135
    endloop
  endfacet
  facet normal -0.553364 -0.830966 -0.0573072
    outer loop
      vertex -5.52457 -5.21119 78.5258
      vertex -5.42909 -5.22647 77.8254
      vertex -5.22506 -5.41318 78.5626
    endloop
  endfacet
  facet normal -0.957254 -0.208174 0.200821
    outer loop
      vertex -2.15281 -10.1507 76.5991
      vertex -2.35589 -9.72429 76.0731
      vertex -2.34585 -9.98095 75.8549
    endloop
  endfacet
  facet normal -0.95723 -0.208703 0.200382
    outer loop
      vertex -2.35589 -9.72429 76.0731
      vertex -2.15281 -10.1507 76.5991
      vertex -2.153 -10.1457 76.6034
    endloop
  endfacet
  facet normal -0.436551 0.149639 0.887148
    outer loop
      vertex -6.46427 -13.1088 70.9199
      vertex -6.14871 -13.1759 71.0865
      vertex -6.28563 -12.4252 70.8925
    endloop
  endfacet
  facet normal -0.78978 0.113397 0.602817
    outer loop
      vertex -3.67117 -12.249 72.9161
      vertex -3.59597 -12.9155 73.14
      vertex -3.37756 -12.7935 73.4032
    endloop
  endfacet
  facet normal -0.193792 0.0568881 0.979392
    outer loop
      vertex -8.0907 -12.4875 70.3027
      vertex -7.76296 -11.8617 70.3312
      vertex -8.05216 -11.702 70.2647
    endloop
  endfacet
  facet normal -0.193537 0.0567521 0.97945
    outer loop
      vertex -7.76296 -11.8617 70.3312
      vertex -8.0907 -12.4875 70.3027
      vertex -8.08503 -12.4906 70.304
    endloop
  endfacet
  facet normal -0.476676 0.15688 0.864968
    outer loop
      vertex -5.99276 -12.4874 71.0472
      vertex -6.1373 -13.178 71.0928
      vertex -5.70371 -12.5321 71.2146
    endloop
  endfacet
  facet normal -0.466751 0.155179 0.870668
    outer loop
      vertex -6.1373 -13.178 71.0928
      vertex -5.99276 -12.4874 71.0472
      vertex -6.14297 -13.1771 71.0896
    endloop
  endfacet
  facet normal -0.949404 -0.106938 0.29529
    outer loop
      vertex -2.43206 -10.7055 75.1571
      vertex -2.23563 -11.2176 75.6032
      vertex -2.38402 -10.4726 75.3959
    endloop
  endfacet
  facet normal -0.949718 -0.108409 0.293739
    outer loop
      vertex -2.23563 -11.2176 75.6032
      vertex -2.43206 -10.7055 75.1571
      vertex -2.23657 -11.2221 75.5985
    endloop
  endfacet
  facet normal -0.627164 -0.776404 -0.062146
    outer loop
      vertex -4.88056 -5.61409 77.8772
      vertex -4.91765 -5.6406 78.5827
      vertex -4.92279 -5.63644 78.5826
    endloop
  endfacet
  facet normal -0.627647 -0.776013 -0.0621567
    outer loop
      vertex -4.91765 -5.6406 78.5827
      vertex -4.88056 -5.61409 77.8772
      vertex -4.61858 -5.82607 77.8783
    endloop
  endfacet
  facet normal 0.248401 -0.429744 0.868111
    outer loop
      vertex -11.7178 -8.66247 71.0684
      vertex -11.0723 -8.37723 71.0249
      vertex -11.1772 -8.10314 71.1906
    endloop
  endfacet
  facet normal 0.249912 -0.433517 0.865799
    outer loop
      vertex -11.0723 -8.37723 71.0249
      vertex -11.7178 -8.66247 71.0684
      vertex -11.7157 -8.66785 71.0651
    endloop
  endfacet
  facet normal -0.883722 -0.467297 0.0258534
    outer loop
      vertex -2.95616 -7.83023 77.307
      vertex -2.8088 -8.07309 77.9544
      vertex -2.81155 -8.06774 77.9571
    endloop
  endfacet
  facet normal -0.883713 -0.467314 0.025845
    outer loop
      vertex -2.8088 -8.07309 77.9544
      vertex -2.95616 -7.83023 77.307
      vertex -2.81592 -8.10314 77.1676
    endloop
  endfacet
  facet normal -0.957259 -0.208143 0.200829
    outer loop
      vertex -2.34585 -9.98095 75.8549
      vertex -2.14199 -10.4273 76.364
      vertex -2.15281 -10.1507 76.5991
    endloop
  endfacet
  facet normal -0.476746 0.156937 0.864918
    outer loop
      vertex -6.1373 -13.178 71.0928
      vertex -5.82585 -13.2261 71.2732
      vertex -5.70371 -12.5321 71.2146
    endloop
  endfacet
  facet normal 0.0909345 -0.949969 0.298813
    outer loop
      vertex -10.4095 -4.31614 75.8198
      vertex -9.87781 -4.4089 75.3631
      vertex -10.4052 -4.31425 75.8245
    endloop
  endfacet
  facet normal 0.0918737 -0.94956 0.299824
    outer loop
      vertex -9.87781 -4.4089 75.3631
      vertex -10.4095 -4.31614 75.8198
      vertex -10.0943 -4.5055 75.1235
    endloop
  endfacet
  facet normal -0.954545 -0.243792 0.171492
    outer loop
      vertex -2.35589 -9.72429 76.0731
      vertex -2.15358 -10.1405 76.6075
      vertex -2.38531 -9.46187 76.2824
    endloop
  endfacet
  facet normal -0.954681 -0.24252 0.172534
    outer loop
      vertex -2.15358 -10.1405 76.6075
      vertex -2.35589 -9.72429 76.0731
      vertex -2.153 -10.1457 76.6034
    endloop
  endfacet
  facet normal -0.696705 -0.715013 -0.0579517
    outer loop
      vertex -4.36629 -6.04899 77.8629
      vertex -4.35385 -6.11813 78.5664
      vertex -4.35859 -6.11356 78.567
    endloop
  endfacet
  facet normal -0.69689 -0.714835 -0.0579309
    outer loop
      vertex -4.35385 -6.11813 78.5664
      vertex -4.36629 -6.04899 77.8629
      vertex -4.12478 -6.28186 77.8311
    endloop
  endfacet
  facet normal -0.86329 -0.504649 0.00766218
    outer loop
      vertex -2.98077 -7.77621 78.0921
      vertex -2.95616 -7.83023 77.307
      vertex -2.81155 -8.06774 77.9571
    endloop
  endfacet
  facet normal 0.146679 -0.243876 0.95865
    outer loop
      vertex -10.8616 -10.1405 70.3826
      vertex -10.2905 -9.72429 70.4011
      vertex -10.479 -9.46187 70.4967
    endloop
  endfacet
  facet normal 0.147585 -0.245099 0.958199
    outer loop
      vertex -10.2905 -9.72429 70.4011
      vertex -10.8616 -10.1405 70.3826
      vertex -10.8579 -10.1457 70.3807
    endloop
  endfacet
  facet normal -0.941181 -0.317142 0.116612
    outer loop
      vertex -2.434 -9.1948 76.4821
      vertex -2.24002 -9.55949 77.0559
      vertex -2.50173 -8.92423 76.6713
    endloop
  endfacet
  facet normal -0.94111 -0.317429 0.116405
    outer loop
      vertex -2.24002 -9.55949 77.0559
      vertex -2.434 -9.1948 76.4821
      vertex -2.23869 -9.56479 77.0522
    endloop
  endfacet
  facet normal -0.788817 -0.613642 -0.034811
    outer loop
      vertex -3.47499 -7.03016 77.6386
      vertex -3.38474 -7.18497 78.3225
      vertex -3.67818 -6.77351 77.7187
    endloop
  endfacet
  facet normal -0.788356 -0.614222 -0.035003
    outer loop
      vertex -3.38474 -7.18497 78.3225
      vertex -3.47499 -7.03016 77.6386
      vertex -3.38075 -7.19 78.3209
    endloop
  endfacet
  facet normal 0.119783 -0.208121 0.970741
    outer loop
      vertex -10.2905 -9.72429 70.4011
      vertex -10.8539 -10.1507 70.3792
      vertex -10.0873 -9.98095 70.321
    endloop
  endfacet
  facet normal 0.114049 -0.200661 0.973
    outer loop
      vertex -10.8539 -10.1507 70.3792
      vertex -10.2905 -9.72429 70.4011
      vertex -10.8579 -10.1457 70.3807
    endloop
  endfacet
  facet normal -0.816652 0.0966511 0.56898
    outer loop
      vertex -3.46846 -12.1358 73.1604
      vertex -3.36989 -12.7888 73.4128
      vertex -3.28037 -12.0065 73.4084
    endloop
  endfacet
  facet normal -0.813155 0.0989547 0.573574
    outer loop
      vertex -3.36989 -12.7888 73.4128
      vertex -3.46846 -12.1358 73.1604
      vertex -3.37358 -12.7913 73.408
    endloop
  endfacet
  facet normal -0.15313 -0.983654 0.0947416
    outer loop
      vertex -8.41838 -4.10906 77.4249
      vertex -8.06174 -4.22235 76.8251
      vertex -8.41281 -4.10959 77.4284
    endloop
  endfacet
  facet normal -0.153 -0.983667 0.0948213
    outer loop
      vertex -8.06174 -4.22235 76.8251
      vertex -8.41838 -4.10906 77.4249
      vertex -8.34574 -4.19547 76.6457
    endloop
  endfacet
  facet normal 0.285305 -0.685838 0.669498
    outer loop
      vertex -11.4102 -6.52372 72.4108
      vertex -12.0858 -6.62964 72.5902
      vertex -12.0864 -6.63438 72.5856
    endloop
  endfacet
  facet normal 0.28568 -0.682164 0.673081
    outer loop
      vertex -12.0858 -6.62964 72.5902
      vertex -11.4102 -6.52372 72.4108
      vertex -11.3814 -6.28186 72.6437
    endloop
  endfacet
  facet normal 0.21531 -0.855728 0.470502
    outer loop
      vertex -11.583 -5.20778 74.198
      vertex -10.8142 -5.0525 74.1286
      vertex -11.4326 -5.02033 74.4701
    endloop
  endfacet
  facet normal -0.0781272 -0.0174618 0.99679
    outer loop
      vertex -9.02436 -11.9149 70.138
      vertex -8.61433 -11.3405 70.1802
      vertex -8.88488 -11.1404 70.1625
    endloop
  endfacet
  facet normal -0.0845088 -0.0128733 0.99634
    outer loop
      vertex -8.61433 -11.3405 70.1802
      vertex -9.02436 -11.9149 70.138
      vertex -9.01905 -11.9188 70.1384
    endloop
  endfacet
  facet normal -0.816071 -0.577511 -0.022575
    outer loop
      vertex -3.47499 -7.03016 77.6386
      vertex -3.37706 -7.19514 78.319
      vertex -3.38075 -7.19 78.3209
    endloop
  endfacet
  facet normal -0.815757 -0.577948 -0.0227261
    outer loop
      vertex -3.37706 -7.19514 78.319
      vertex -3.47499 -7.03016 77.6386
      vertex -3.2864 -7.29259 77.543
    endloop
  endfacet
  facet normal 0.214712 -0.354534 0.910057
    outer loop
      vertex -11.4299 -9.2626 70.7473
      vertex -10.8093 -8.92423 70.7327
      vertex -10.9495 -8.65131 70.8721
    endloop
  endfacet
  facet normal 0.217937 -0.360583 0.906909
    outer loop
      vertex -10.8093 -8.92423 70.7327
      vertex -11.4299 -9.2626 70.7473
      vertex -11.4271 -9.26795 70.7445
    endloop
  endfacet
  facet normal 0.0279983 -0.107094 0.993855
    outer loop
      vertex -9.88481 -11.2176 70.1352
      vertex -9.39915 -10.7055 70.1767
      vertex -9.64066 -10.4726 70.2086
    endloop
  endfacet
  facet normal 0.0259712 -0.105192 0.994113
    outer loop
      vertex -9.39915 -10.7055 70.1767
      vertex -9.88481 -11.2176 70.1352
      vertex -9.88007 -11.2221 70.1346
    endloop
  endfacet
  facet normal 0.214484 -0.354378 0.910172
    outer loop
      vertex -11.581 -8.96854 70.8974
      vertex -11.4299 -9.2626 70.7473
      vertex -10.9495 -8.65131 70.8721
    endloop
  endfacet
  facet normal -0.730332 0.139896 0.668614
    outer loop
      vertex -3.83795 -13.023 72.8726
      vertex -3.88763 -12.3456 72.6766
      vertex -4.11692 -12.4252 72.4428
    endloop
  endfacet
  facet normal -0.731659 0.139408 0.667264
    outer loop
      vertex -3.88763 -12.3456 72.6766
      vertex -3.83795 -13.023 72.8726
      vertex -3.83345 -13.0214 72.8772
    endloop
  endfacet
  facet normal 0.261983 -0.776011 0.573735
    outer loop
      vertex -11.9285 -5.86901 73.3705
      vertex -11.2663 -5.82607 73.1262
      vertex -11.836 -5.6406 73.6372
    endloop
  endfacet
  facet normal -0.0402089 -0.983669 0.175436
    outer loop
      vertex -9.60758 -4.10906 76.5748
      vertex -8.89377 -4.19547 76.2539
      vertex -9.32563 -4.0801 76.8018
    endloop
  endfacet
  facet normal -0.592192 0.164262 0.788877
    outer loop
      vertex -5.20426 -13.2653 71.6832
      vertex -4.91303 -13.2556 71.8998
      vertex -4.87167 -12.559 71.7858
    endloop
  endfacet
  facet normal 0.172375 -0.899606 0.401243
    outer loop
      vertex -11.2575 -4.84225 74.7517
      vertex -10.4851 -4.74795 74.6313
      vertex -11.0714 -4.68621 75.0216
    endloop
  endfacet
  facet normal -0.233597 0.0777289 0.969222
    outer loop
      vertex -8.07928 -12.4934 70.3057
      vertex -7.76361 -12.6495 70.3943
      vertex -7.46999 -12.0065 70.4135
    endloop
  endfacet
  facet normal -0.930583 -0.35449 0.0913936
    outer loop
      vertex -2.58822 -8.65131 76.8491
      vertex -2.31469 -9.2626 77.2632
      vertex -2.40789 -8.96854 77.4548
    endloop
  endfacet
  facet normal -0.516007 0.161824 0.84116
    outer loop
      vertex -5.70371 -12.5321 71.2146
      vertex -5.82028 -13.2266 71.2767
      vertex -5.4197 -12.559 71.394
    endloop
  endfacet
  facet normal -0.514603 0.161668 0.842049
    outer loop
      vertex -5.82028 -13.2266 71.2767
      vertex -5.70371 -12.5321 71.2146
      vertex -5.82585 -13.2261 71.2732
    endloop
  endfacet
  facet normal 0.120739 -0.935132 0.333093
    outer loop
      vertex -10.8611 -4.54217 75.2985
      vertex -10.0943 -4.5055 75.1235
      vertex -10.6427 -4.42022 75.5617
    endloop
  endfacet
  facet normal -0.696907 -0.714817 -0.0579404
    outer loop
      vertex -4.35385 -6.11813 78.5664
      vertex -4.12478 -6.28186 77.8311
      vertex -4.09363 -6.36905 78.5321
    endloop
  endfacet
  facet normal -0.664533 0.156953 0.73059
    outer loop
      vertex -4.35805 -12.4874 72.2157
      vertex -4.35449 -13.178 72.3673
      vertex -4.34955 -13.1771 72.3716
    endloop
  endfacet
  facet normal -0.664101 0.157037 0.730965
    outer loop
      vertex -4.35449 -13.178 72.3673
      vertex -4.35805 -12.4874 72.2157
      vertex -4.61 -12.5321 71.9964
    endloop
  endfacet
  facet normal -0.957302 -0.173345 0.231355
    outer loop
      vertex -2.34585 -9.98095 75.8549
      vertex -2.15211 -10.6964 76.1205
      vertex -2.14199 -10.4273 76.364
    endloop
  endfacet
  facet normal -0.949179 -0.280215 0.143312
    outer loop
      vertex -2.38531 -9.46187 76.2824
      vertex -2.18528 -9.85779 76.8331
      vertex -2.23774 -9.57003 77.0483
    endloop
  endfacet
  facet normal -0.553616 -0.830797 -0.0573218
    outer loop
      vertex -5.22506 -5.41318 78.5626
      vertex -5.15112 -5.41394 77.8595
      vertex -5.21961 -5.41686 78.5633
    endloop
  endfacet
  facet normal -0.553386 -0.830952 -0.0572974
    outer loop
      vertex -5.15112 -5.41394 77.8595
      vertex -5.22506 -5.41318 78.5626
      vertex -5.42909 -5.22647 77.8254
    endloop
  endfacet
  facet normal 0.248851 -0.804377 0.539492
    outer loop
      vertex -11.8343 -5.63644 73.642
      vertex -11.1804 -5.61409 73.3737
      vertex -11.7219 -5.42078 73.9117
    endloop
  endfacet
  facet normal -0.0392525 -0.983561 0.176257
    outer loop
      vertex -9.15545 -4.22235 76.0433
      vertex -9.60758 -4.10906 76.5748
      vertex -9.61271 -4.10959 76.5707
    endloop
  endfacet
  facet normal -0.0401865 -0.983662 0.175484
    outer loop
      vertex -9.60758 -4.10906 76.5748
      vertex -9.15545 -4.22235 76.0433
      vertex -8.89377 -4.19547 76.2539
    endloop
  endfacet
  facet normal 0.285646 -0.682105 0.673156
    outer loop
      vertex -12.0858 -6.62964 72.5902
      vertex -11.3814 -6.28186 72.6437
      vertex -12.0548 -6.36905 72.8411
    endloop
  endfacet
  facet normal -0.917446 -0.392038 0.067817
    outer loop
      vertex -2.58822 -8.65131 76.8491
      vertex -2.40789 -8.96854 77.4548
      vertex -2.52089 -8.67322 77.6333
    endloop
  endfacet
  facet normal -0.917434 -0.392066 0.0678152
    outer loop
      vertex -2.52089 -8.67322 77.6333
      vertex -2.6931 -8.37723 77.0148
      vertex -2.58822 -8.65131 76.8491
    endloop
  endfacet
  facet normal -0.917361 -0.392256 0.0677038
    outer loop
      vertex -2.6931 -8.37723 77.0148
      vertex -2.52089 -8.67322 77.6333
      vertex -2.52295 -8.66785 77.6365
    endloop
  endfacet
  facet normal 0.0289578 -0.9714 0.235676
    outer loop
      vertex -10.1537 -4.22691 76.081
      vertex -9.64852 -4.3293 75.5969
      vertex -9.89384 -4.15982 76.3256
    endloop
  endfacet
  facet normal 0.288161 -0.613669 0.735101
    outer loop
      vertex -12.0967 -6.90842 72.3376
      vertex -12.0859 -7.18497 72.1025
      vertex -11.4196 -6.77351 72.1848
    endloop
  endfacet
  facet normal -0.274175 0.0966292 0.956813
    outer loop
      vertex -7.76361 -12.6495 70.3943
      vertex -7.44523 -12.7888 70.4996
      vertex -7.46999 -12.0065 70.4135
    endloop
  endfacet
  facet normal -0.314719 0.113246 0.942405
    outer loop
      vertex -7.1745 -12.1358 70.5112
      vertex -7.43362 -12.7935 70.5037
      vertex -6.87776 -12.249 70.6239
    endloop
  endfacet
  facet normal -0.313722 0.112849 0.942785
    outer loop
      vertex -7.43362 -12.7935 70.5037
      vertex -7.1745 -12.1358 70.5112
      vertex -7.43944 -12.7913 70.5015
    endloop
  endfacet
  facet normal -0.075474 -0.986091 0.148079
    outer loop
      vertex -9.0344 -4.07043 77.0185
      vertex -8.62349 -4.1865 76.455
      vertex -9.0291 -4.07025 77.0224
    endloop
  endfacet
  facet normal -0.0767588 -0.986131 0.14715
    outer loop
      vertex -8.62349 -4.1865 76.455
      vertex -9.0344 -4.07043 77.0185
      vertex -8.89377 -4.19547 76.2539
    endloop
  endfacet
  facet normal -0.00621129 -0.0754738 0.997128
    outer loop
      vertex -9.39915 -10.7055 70.1767
      vertex -9.87512 -11.2265 70.1343
      vertex -9.14686 -10.9284 70.1614
    endloop
  endfacet
  facet normal -0.0064567 -0.0752509 0.997144
    outer loop
      vertex -9.87512 -11.2265 70.1343
      vertex -9.39915 -10.7055 70.1767
      vertex -9.88007 -11.2221 70.1346
    endloop
  endfacet
  facet normal -0.551991 0.16428 0.817507
    outer loop
      vertex -5.14196 -12.568 71.5847
      vertex -5.21501 -13.2653 71.6755
      vertex -5.20956 -13.2654 71.6792
    endloop
  endfacet
  facet normal -0.554714 0.164324 0.815653
    outer loop
      vertex -5.21501 -13.2653 71.6755
      vertex -5.14196 -12.568 71.5847
      vertex -5.4197 -12.559 71.394
    endloop
  endfacet
  facet normal 0.171547 -0.280233 0.944479
    outer loop
      vertex -10.6522 -9.1948 70.6074
      vertex -11.2514 -9.57003 70.6049
      vertex -10.479 -9.46187 70.4967
    endloop
  endfacet
  facet normal 0.173531 -0.283393 0.943173
    outer loop
      vertex -11.2514 -9.57003 70.6049
      vertex -10.6522 -9.1948 70.6074
      vertex -11.2548 -9.56479 70.6071
    endloop
  endfacet
  facet normal -0.192371 -0.978751 0.0709901
    outer loop
      vertex -8.41281 -4.10959 77.4284
      vertex -8.06174 -4.22235 76.8251
      vertex -8.10136 -4.15772 77.6088
    endloop
  endfacet
  facet normal -0.72928 -0.682202 -0.0524452
    outer loop
      vertex -4.12478 -6.28186 77.8311
      vertex -3.84613 -6.62964 78.4802
      vertex -4.09363 -6.36905 78.5321
    endloop
  endfacet
  facet normal 0.272483 -0.746168 0.607442
    outer loop
      vertex -12.0008 -6.10919 73.1079
      vertex -11.2663 -5.82607 73.1262
      vertex -11.9285 -5.86901 73.3705
    endloop
  endfacet
  facet normal 0.248352 -0.429704 0.868145
    outer loop
      vertex -11.8308 -8.36715 71.2469
      vertex -11.7178 -8.66247 71.0684
      vertex -11.1772 -8.10314 71.1906
    endloop
  endfacet
  facet normal 0.0919318 -0.949548 0.299847
    outer loop
      vertex -10.6427 -4.42022 75.5617
      vertex -10.0943 -4.5055 75.1235
      vertex -10.4095 -4.31614 75.8198
    endloop
  endfacet
  facet normal 0.261525 -0.46736 0.844499
    outer loop
      vertex -11.924 -8.07309 71.4385
      vertex -11.8308 -8.36715 71.2469
      vertex -11.1772 -8.10314 71.1906
    endloop
  endfacet
  facet normal -0.863993 0.0569611 0.500271
    outer loop
      vertex -3.1077 -11.8617 73.659
      vertex -2.97473 -12.4875 73.9599
      vertex -2.9512 -11.702 73.9111
    endloop
  endfacet
  facet normal -0.86578 0.0551879 0.497372
    outer loop
      vertex -2.97473 -12.4875 73.9599
      vertex -3.1077 -11.8617 73.659
      vertex -2.9778 -12.4906 73.9549
    endloop
  endfacet
  facet normal 0.261536 -0.46731 0.844524
    outer loop
      vertex -11.2637 -7.83023 71.3684
      vertex -11.924 -8.07309 71.4385
      vertex -11.1772 -8.10314 71.1906
    endloop
  endfacet
  facet normal 0.261945 -0.468678 0.843638
    outer loop
      vertex -11.924 -8.07309 71.4385
      vertex -11.2637 -7.83023 71.3684
      vertex -11.9257 -8.06774 71.442
    endloop
  endfacet
  facet normal 0.0602147 -0.139704 0.988361
    outer loop
      vertex -10.3925 -10.7061 70.2214
      vertex -10.145 -10.9666 70.1695
      vertex -9.64066 -10.4726 70.2086
    endloop
  endfacet
  facet normal 0.272119 -0.747093 0.606467
    outer loop
      vertex -11.3334 -6.04899 72.8826
      vertex -12.0008 -6.10919 73.1079
      vertex -12.0021 -6.11356 73.1031
    endloop
  endfacet
  facet normal 0.272421 -0.746021 0.60765
    outer loop
      vertex -12.0008 -6.10919 73.1079
      vertex -11.3334 -6.04899 72.8826
      vertex -11.2663 -5.82607 73.1262
    endloop
  endfacet
  facet normal -0.698093 0.149623 0.700199
    outer loop
      vertex -4.34482 -13.1759 72.376
      vertex -4.085 -13.1088 72.6207
      vertex -4.11692 -12.4252 72.4428
    endloop
  endfacet
  facet normal -0.312863 -0.949742 0.0103392
    outer loop
      vertex -7.18439 -4.4089 77.2885
      vertex -7.44447 -4.31614 77.9393
      vertex -7.45029 -4.31425 77.9368
    endloop
  endfacet
  facet normal -0.313462 -0.949547 0.0100718
    outer loop
      vertex -7.44447 -4.31614 77.9393
      vertex -7.18439 -4.4089 77.2885
      vertex -6.88768 -4.5055 77.4157
    endloop
  endfacet
  facet normal 0.194871 -0.878763 0.435661
    outer loop
      vertex -11.4326 -5.02033 74.4701
      vertex -10.8142 -5.0525 74.1286
      vertex -11.2639 -4.84822 74.7418
    endloop
  endfacet
  facet normal 0.280353 -0.714819 0.640653
    outer loop
      vertex -12.0548 -6.36905 72.8411
      vertex -11.3814 -6.28186 72.6437
      vertex -12.003 -6.11813 73.0984
    endloop
  endfacet
  facet normal -0.627652 -0.776009 -0.06216
    outer loop
      vertex -4.91765 -5.6406 78.5827
      vertex -4.61858 -5.82607 77.8783
      vertex -4.63537 -5.86901 78.5839
    endloop
  endfacet
  facet normal 0.280062 -0.541455 0.792712
    outer loop
      vertex -12.0534 -7.4779 71.8685
      vertex -12.0009 -7.76566 71.6534
      vertex -11.3801 -7.29259 71.7572
    endloop
  endfacet
  facet normal -0.396406 0.139958 0.907344
    outer loop
      vertex -6.78258 -13.023 70.7676
      vertex -6.46427 -13.1088 70.9199
      vertex -6.28563 -12.4252 70.8925
    endloop
  endfacet
  facet normal -0.75995 -0.648443 -0.0447037
    outer loop
      vertex -3.83738 -6.63928 78.478
      vertex -3.67818 -6.77351 77.7187
      vertex -3.60366 -6.90842 78.4088
    endloop
  endfacet
  facet normal -0.816639 0.0966497 0.568999
    outer loop
      vertex -3.36989 -12.7888 73.4128
      vertex -3.16723 -12.6495 73.68
      vertex -3.28037 -12.0065 73.4084
    endloop
  endfacet
  facet normal -0.0412712 -0.0458223 0.998097
    outer loop
      vertex -9.32101 -11.6951 70.119
      vertex -8.88488 -11.1404 70.1625
      vertex -9.14686 -10.9284 70.1614
    endloop
  endfacet
  facet normal -0.0389865 -0.0476192 0.998104
    outer loop
      vertex -8.88488 -11.1404 70.1625
      vertex -9.32101 -11.6951 70.119
      vertex -9.31588 -11.6993 70.119
    endloop
  endfacet
  facet normal -0.077911 -0.0175013 0.996807
    outer loop
      vertex -9.31588 -11.6993 70.119
      vertex -9.02436 -11.9149 70.138
      vertex -8.88488 -11.1404 70.1625
    endloop
  endfacet
  facet normal 0.171554 -0.280309 0.944456
    outer loop
      vertex -11.2514 -9.57003 70.6049
      vertex -11.0648 -9.85779 70.4856
      vertex -10.479 -9.46187 70.4967
    endloop
  endfacet
  facet normal -0.39632 0.139875 0.907395
    outer loop
      vertex -6.58105 -12.3456 70.7512
      vertex -6.78258 -13.023 70.7676
      vertex -6.28563 -12.4252 70.8925
    endloop
  endfacet
  facet normal -0.387217 0.137272 0.911712
    outer loop
      vertex -6.78258 -13.023 70.7676
      vertex -6.58105 -12.3456 70.7512
      vertex -6.78837 -13.0214 70.7649
    endloop
  endfacet
  facet normal -0.628899 0.161792 0.760467
    outer loop
      vertex -4.91303 -13.2556 71.8998
      vertex -4.63108 -13.2266 72.1268
      vertex -4.87167 -12.559 71.7858
    endloop
  endfacet
  facet normal -0.592323 0.164341 0.788762
    outer loop
      vertex -5.14196 -12.568 71.5847
      vertex -5.20426 -13.2653 71.6832
      vertex -4.87167 -12.559 71.7858
    endloop
  endfacet
  facet normal -0.596196 0.164276 0.785852
    outer loop
      vertex -5.20426 -13.2653 71.6832
      vertex -5.14196 -12.568 71.5847
      vertex -5.20956 -13.2654 71.6792
    endloop
  endfacet
  facet normal -0.355696 0.127823 0.925819
    outer loop
      vertex -7.11389 -12.9155 70.6252
      vertex -6.79419 -13.0196 70.7624
      vertex -6.87776 -12.249 70.6239
    endloop
  endfacet
  facet normal -0.445077 0.151194 0.882636
    outer loop
      vertex -5.99276 -12.4874 71.0472
      vertex -6.14871 -13.1759 71.0865
      vertex -6.14297 -13.1771 71.0896
    endloop
  endfacet
  facet normal -0.436789 0.149569 0.887043
    outer loop
      vertex -6.14871 -13.1759 71.0865
      vertex -5.99276 -12.4874 71.0472
      vertex -6.28563 -12.4252 70.8925
    endloop
  endfacet
  facet normal -0.730329 0.139899 0.668616
    outer loop
      vertex -4.11692 -12.4252 72.4428
      vertex -4.085 -13.1088 72.6207
      vertex -3.83795 -13.023 72.8726
    endloop
  endfacet
  facet normal -0.272785 -0.961652 0.028532
    outer loop
      vertex -7.7744 -4.22691 77.7818
      vertex -7.47982 -4.3293 77.1472
      vertex -7.45608 -4.31269 77.934
    endloop
  endfacet
  facet normal -0.841409 0.0778305 0.534765
    outer loop
      vertex -3.28037 -12.0065 73.4084
      vertex -3.16723 -12.6495 73.68
      vertex -2.98119 -12.4934 73.95
    endloop
  endfacet
  facet normal 0.263151 -0.773236 0.576938
    outer loop
      vertex -11.836 -5.6406 73.6372
      vertex -11.1804 -5.61409 73.3737
      vertex -11.8343 -5.63644 73.642
    endloop
  endfacet
  facet normal 0.261973 -0.776021 0.573727
    outer loop
      vertex -11.1804 -5.61409 73.3737
      vertex -11.836 -5.6406 73.6372
      vertex -11.2663 -5.82607 73.1262
    endloop
  endfacet
  facet normal 0.285472 -0.578126 0.764379
    outer loop
      vertex -12.0851 -7.19514 72.0942
      vertex -12.0534 -7.4779 71.8685
      vertex -11.3801 -7.29259 71.7572
    endloop
  endfacet
  facet normal -0.590597 -0.804672 -0.0608122
    outer loop
      vertex -5.15112 -5.41394 77.8595
      vertex -5.2143 -5.42078 78.5636
      vertex -5.21961 -5.41686 78.5633
    endloop
  endfacet
  facet normal -0.591041 -0.804343 -0.0608489
    outer loop
      vertex -5.2143 -5.42078 78.5636
      vertex -5.15112 -5.41394 77.8595
      vertex -4.88056 -5.61409 77.8772
    endloop
  endfacet
  facet normal -0.435158 -0.899742 -0.0331946
    outer loop
      vertex -6.15938 -4.84225 78.396
      vertex -6.00248 -4.89277 77.7085
      vertex -6.15363 -4.84509 78.3976
    endloop
  endfacet
  facet normal -0.435355 -0.899645 -0.0332468
    outer loop
      vertex -6.00248 -4.89277 77.7085
      vertex -6.15938 -4.84225 78.396
      vertex -6.29546 -4.74795 77.6262
    endloop
  endfacet
  facet normal -0.435363 -0.899641 -0.0332449
    outer loop
      vertex -6.47505 -4.68621 78.3073
      vertex -6.29546 -4.74795 77.6262
      vertex -6.15938 -4.84225 78.396
    endloop
  endfacet
  facet normal -0.760904 0.127819 0.63615
    outer loop
      vertex -3.88763 -12.3456 72.6766
      vertex -3.82921 -13.0196 72.8819
      vertex -3.67117 -12.249 72.9161
    endloop
  endfacet
  facet normal -0.760292 0.128078 0.636829
    outer loop
      vertex -3.82921 -13.0196 72.8819
      vertex -3.88763 -12.3456 72.6766
      vertex -3.83345 -13.0214 72.8772
    endloop
  endfacet
  facet normal -0.917897 -0.0174115 0.396438
    outer loop
      vertex -2.58503 -11.1404 74.6659
      vertex -2.51674 -11.9149 74.79
      vertex -2.40439 -11.6993 75.0596
    endloop
  endfacet
  facet normal -0.94149 -0.0756673 0.328438
    outer loop
      vertex -2.23788 -11.2265 75.5937
      vertex -2.43206 -10.7055 75.1571
      vertex -2.49916 -10.9284 74.9134
    endloop
  endfacet
  facet normal -0.941789 -0.0767 0.327338
    outer loop
      vertex -2.43206 -10.7055 75.1571
      vertex -2.23788 -11.2265 75.5937
      vertex -2.23657 -11.2221 75.5985
    endloop
  endfacet
  facet normal -0.954691 -0.139508 0.262872
    outer loop
      vertex -2.15286 -10.7061 76.1115
      vertex -2.35524 -10.2307 75.6288
      vertex -2.38402 -10.4726 75.3959
    endloop
  endfacet
  facet normal -0.954635 -0.139007 0.263342
    outer loop
      vertex -2.35524 -10.2307 75.6288
      vertex -2.15286 -10.7061 76.1115
      vertex -2.15229 -10.7013 76.1161
    endloop
  endfacet
  facet normal -0.930587 -0.35447 0.0914258
    outer loop
      vertex -2.50173 -8.92423 76.6713
      vertex -2.31469 -9.2626 77.2632
      vertex -2.58822 -8.65131 76.8491
    endloop
  endfacet
  facet normal -0.93073 -0.354017 0.0917302
    outer loop
      vertex -2.31469 -9.2626 77.2632
      vertex -2.50173 -8.92423 76.6713
      vertex -2.313 -9.26795 77.2597
    endloop
  endfacet
  facet normal -0.114398 -0.986131 0.120248
    outer loop
      vertex -9.02365 -4.07043 77.0262
      vertex -8.34574 -4.19547 76.6457
      vertex -8.72439 -4.0801 77.2316
    endloop
  endfacet
  facet normal -0.941484 -0.075582 0.328473
    outer loop
      vertex -2.49916 -10.9284 74.9134
      vertex -2.31018 -11.4667 75.3312
      vertex -2.23788 -11.2265 75.5937
    endloop
  endfacet
  facet normal 0.213124 -0.858612 0.466223
    outer loop
      vertex -10.9539 -5.22647 73.876
      vertex -11.583 -5.20778 74.198
      vertex -11.5858 -5.21119 74.193
    endloop
  endfacet
  facet normal 0.215313 -0.855817 0.470338
    outer loop
      vertex -11.583 -5.20778 74.198
      vertex -10.9539 -5.22647 73.876
      vertex -10.8142 -5.0525 74.1286
    endloop
  endfacet
  facet normal -0.152989 -0.983668 0.0948224
    outer loop
      vertex -8.72439 -4.0801 77.2316
      vertex -8.34574 -4.19547 76.6457
      vertex -8.41838 -4.10906 77.4249
    endloop
  endfacet
  facet normal -0.354237 -0.935134 -0.00641421
    outer loop
      vertex -7.12477 -4.42022 78.0764
      vertex -6.88768 -4.5055 77.4157
      vertex -6.80504 -4.54217 78.1979
    endloop
  endfacet
  facet normal 0.280366 -0.714477 0.641028
    outer loop
      vertex -12.003 -6.11813 73.0984
      vertex -11.3334 -6.04899 72.8826
      vertex -12.0021 -6.11356 73.1031
    endloop
  endfacet
  facet normal 0.280265 -0.714927 0.640571
    outer loop
      vertex -11.3334 -6.04899 72.8826
      vertex -12.003 -6.11813 73.0984
      vertex -11.3814 -6.28186 72.6437
    endloop
  endfacet
  facet normal -0.475177 -0.878818 -0.0434204
    outer loop
      vertex -6.00248 -4.89277 77.7085
      vertex -6.14796 -4.84822 78.3989
      vertex -6.15363 -4.84509 78.3976
    endloop
  endfacet
  facet normal -0.475342 -0.878727 -0.043461
    outer loop
      vertex -6.14796 -4.84822 78.3989
      vertex -6.00248 -4.89277 77.7085
      vertex -5.71328 -5.0525 77.775
    endloop
  endfacet
  facet normal -0.930984 -0.0457384 0.362183
    outer loop
      vertex -2.58503 -11.1404 74.6659
      vertex -2.40271 -11.6951 75.0645
      vertex -2.49916 -10.9284 74.9134
    endloop
  endfacet
  facet normal -0.931699 -0.0474573 0.360117
    outer loop
      vertex -2.40271 -11.6951 75.0645
      vertex -2.58503 -11.1404 74.6659
      vertex -2.40439 -11.6993 75.0596
    endloop
  endfacet
  facet normal -0.902348 0.00914404 0.43091
    outer loop
      vertex -2.81154 -11.528 74.1637
      vertex -2.65288 -12.1245 74.5086
      vertex -2.52118 -11.9225 74.7801
    endloop
  endfacet
  facet normal -0.662988 -0.746126 -0.0611823
    outer loop
      vertex -4.63537 -5.86901 78.5839
      vertex -4.61858 -5.82607 77.8783
      vertex -4.36354 -6.10919 78.5673
    endloop
  endfacet
  facet normal 0.272155 -0.504683 0.819285
    outer loop
      vertex -11.9986 -7.77621 71.6458
      vertex -11.9257 -8.06774 71.442
      vertex -11.2637 -7.83023 71.3684
    endloop
  endfacet
  facet normal 0.280169 -0.54157 0.792595
    outer loop
      vertex -12.0009 -7.76566 71.6534
      vertex -11.3314 -7.55966 71.5575
      vertex -11.3801 -7.29259 71.7572
    endloop
  endfacet
  facet normal 0.280197 -0.541707 0.792492
    outer loop
      vertex -11.3314 -7.55966 71.5575
      vertex -12.0009 -7.76566 71.6534
      vertex -12 -7.7709 71.6495
    endloop
  endfacet
  facet normal -0.662995 -0.74612 -0.0611771
    outer loop
      vertex -4.36629 -6.04899 77.8629
      vertex -4.36354 -6.10919 78.5673
      vertex -4.61858 -5.82607 77.8783
    endloop
  endfacet
  facet normal -0.662663 -0.746412 -0.0612034
    outer loop
      vertex -4.36354 -6.10919 78.5673
      vertex -4.36629 -6.04899 77.8629
      vertex -4.35859 -6.11356 78.567
    endloop
  endfacet
  facet normal 0.197185 -0.876501 0.439162
    outer loop
      vertex -11.2639 -4.84822 74.7418
      vertex -10.6577 -4.89277 74.3807
      vertex -11.2609 -4.84509 74.7467
    endloop
  endfacet
  facet normal 0.19497 -0.878714 0.435717
    outer loop
      vertex -10.6577 -4.89277 74.3807
      vertex -11.2639 -4.84822 74.7418
      vertex -10.8142 -5.0525 74.1286
    endloop
  endfacet
  facet normal -0.0416098 -0.0457448 0.998086
    outer loop
      vertex -9.60329 -11.4667 70.1177
      vertex -9.32101 -11.6951 70.119
      vertex -9.14686 -10.9284 70.1614
    endloop
  endfacet
  facet normal -0.863978 0.0569623 0.500297
    outer loop
      vertex -2.97473 -12.4875 73.9599
      vertex -2.80611 -12.3154 74.2315
      vertex -2.9512 -11.702 73.9111
    endloop
  endfacet
  facet normal -0.115645 0.00919428 0.993248
    outer loop
      vertex -8.61433 -11.3405 70.1802
      vertex -9.0136 -11.9225 70.1391
      vertex -8.33636 -11.528 70.2143
    endloop
  endfacet
  facet normal -0.119467 0.0118499 0.992768
    outer loop
      vertex -9.0136 -11.9225 70.1391
      vertex -8.61433 -11.3405 70.1802
      vertex -9.01905 -11.9188 70.1384
    endloop
  endfacet
  facet normal -0.515359 -0.85542 -0.0515929
    outer loop
      vertex -5.53014 -5.20778 78.5249
      vertex -5.42909 -5.22647 77.8254
      vertex -5.52457 -5.21119 78.5258
    endloop
  endfacet
  facet normal -0.51475 -0.855792 -0.051495
    outer loop
      vertex -5.42909 -5.22647 77.8254
      vertex -5.53014 -5.20778 78.5249
      vertex -5.71328 -5.0525 77.775
    endloop
  endfacet
  facet normal -0.191972 -0.978813 0.0712103
    outer loop
      vertex -8.10136 -4.15772 77.6088
      vertex -7.77268 -4.26702 76.9925
      vertex -8.0957 -4.15859 77.6121
    endloop
  endfacet
  facet normal -0.192364 -0.978753 0.0709906
    outer loop
      vertex -7.77268 -4.26702 76.9925
      vertex -8.10136 -4.15772 77.6088
      vertex -8.06174 -4.22235 76.8251
    endloop
  endfacet
  facet normal 0.169595 -0.902007 0.397015
    outer loop
      vertex -10.6577 -4.89277 74.3807
      vertex -11.2575 -4.84225 74.7517
      vertex -11.2609 -4.84509 74.7467
    endloop
  endfacet
  facet normal 0.172368 -0.899637 0.401176
    outer loop
      vertex -11.2575 -4.84225 74.7517
      vertex -10.6577 -4.89277 74.3807
      vertex -10.4851 -4.74795 74.6313
    endloop
  endfacet
  facet normal 0.249442 -0.803298 0.540825
    outer loop
      vertex -11.7219 -5.42078 73.9117
      vertex -11.0761 -5.41394 73.624
      vertex -11.7199 -5.41686 73.9166
    endloop
  endfacet
  facet normal 0.248864 -0.804366 0.539502
    outer loop
      vertex -11.0761 -5.41394 73.624
      vertex -11.7219 -5.42078 73.9117
      vertex -11.1804 -5.61409 73.3737
    endloop
  endfacet
  facet normal -0.00491453 -0.97875 0.204999
    outer loop
      vertex -9.88417 -4.15772 76.3344
      vertex -9.15545 -4.22235 76.0433
      vertex -9.61271 -4.10959 76.5707
    endloop
  endfacet
  facet normal 0.288205 -0.648502 0.704544
    outer loop
      vertex -12.0967 -6.90842 72.3376
      vertex -11.4196 -6.77351 72.1848
      vertex -12.0866 -6.63928 72.5812
    endloop
  endfacet
  facet normal 0.233275 -0.830962 0.505059
    outer loop
      vertex -11.7175 -5.41318 73.9215
      vertex -10.9539 -5.22647 73.876
      vertex -11.5858 -5.21119 74.193
    endloop
  endfacet
  facet normal 0.28556 -0.577918 0.764504
    outer loop
      vertex -11.4096 -7.03016 71.9666
      vertex -12.0851 -7.19514 72.0942
      vertex -11.3801 -7.29259 71.7572
    endloop
  endfacet
  facet normal 0.285477 -0.577045 0.765194
    outer loop
      vertex -12.0851 -7.19514 72.0942
      vertex -11.4096 -7.03016 71.9666
      vertex -12.0857 -7.19 72.0983
    endloop
  endfacet
  facet normal 0.0613001 -0.961644 0.267363
    outer loop
      vertex -10.4007 -4.31269 75.8291
      vertex -9.64852 -4.3293 75.5969
      vertex -10.1537 -4.22691 76.081
    endloop
  endfacet
  facet normal 0.272194 -0.50454 0.81936
    outer loop
      vertex -11.3314 -7.55966 71.5575
      vertex -11.9986 -7.77621 71.6458
      vertex -11.2637 -7.83023 71.3684
    endloop
  endfacet
  facet normal 0.271381 -0.501054 0.821765
    outer loop
      vertex -11.9986 -7.77621 71.6458
      vertex -11.3314 -7.55966 71.5575
      vertex -12 -7.7709 71.6495
    endloop
  endfacet
  facet normal -0.841404 0.0778415 0.534771
    outer loop
      vertex -2.98119 -12.4934 73.95
      vertex -3.1077 -11.8617 73.659
      vertex -3.28037 -12.0065 73.4084
    endloop
  endfacet
  facet normal -0.840316 0.0787831 0.536342
    outer loop
      vertex -3.1077 -11.8617 73.659
      vertex -2.98119 -12.4934 73.95
      vertex -2.9778 -12.4906 73.9549
    endloop
  endfacet
  facet normal 0.0277763 -0.107022 0.993869
    outer loop
      vertex -10.145 -10.9666 70.1695
      vertex -9.88481 -11.2176 70.1352
      vertex -9.64066 -10.4726 70.2086
    endloop
  endfacet
  facet normal -0.516185 0.161955 0.841026
    outer loop
      vertex -5.82028 -13.2266 71.2767
      vertex -5.51427 -13.2556 71.4701
      vertex -5.4197 -12.559 71.394
    endloop
  endfacet
  facet normal -0.554562 0.164403 0.81574
    outer loop
      vertex -5.51427 -13.2556 71.4701
      vertex -5.21501 -13.2653 71.6755
      vertex -5.4197 -12.559 71.394
    endloop
  endfacet
  facet normal 0.0607565 -0.961847 0.266756
    outer loop
      vertex -9.87781 -4.4089 75.3631
      vertex -10.4007 -4.31269 75.8291
      vertex -10.4052 -4.31425 75.8245
    endloop
  endfacet
  facet normal 0.0612829 -0.96166 0.267308
    outer loop
      vertex -10.4007 -4.31269 75.8291
      vertex -9.87781 -4.4089 75.3631
      vertex -9.64852 -4.3293 75.5969
    endloop
  endfacet
  facet normal -0.272865 -0.961631 0.02848
    outer loop
      vertex -7.45608 -4.31269 77.934
      vertex -7.18439 -4.4089 77.2885
      vertex -7.45029 -4.31425 77.9368
    endloop
  endfacet
  facet normal -0.272754 -0.961661 0.0285312
    outer loop
      vertex -7.18439 -4.4089 77.2885
      vertex -7.45608 -4.31269 77.934
      vertex -7.47982 -4.3293 77.1472
    endloop
  endfacet
  facet normal -0.00553555 -0.97887 0.20441
    outer loop
      vertex -9.40739 -4.26702 75.8239
      vertex -9.88417 -4.15772 76.3344
      vertex -9.88911 -4.15859 76.3301
    endloop
  endfacet
  facet normal -0.00493695 -0.978761 0.204946
    outer loop
      vertex -9.88417 -4.15772 76.3344
      vertex -9.40739 -4.26702 75.8239
      vertex -9.15545 -4.22235 76.0433
    endloop
  endfacet
  facet normal -0.91793 -0.017427 0.39636
    outer loop
      vertex -2.68931 -11.3405 74.4156
      vertex -2.51674 -11.9149 74.79
      vertex -2.58503 -11.1404 74.6659
    endloop
  endfacet
  facet normal -0.91757 -0.0167584 0.39722
    outer loop
      vertex -2.51674 -11.9149 74.79
      vertex -2.68931 -11.3405 74.4156
      vertex -2.51879 -11.9188 74.7851
    endloop
  endfacet
  facet normal 0.145839 -0.919631 0.364706
    outer loop
      vertex -10.8688 -4.54692 75.2888
      vertex -10.297 -4.61868 74.8792
      vertex -10.8651 -4.54439 75.2937
    endloop
  endfacet
  facet normal 0.147593 -0.918458 0.366949
    outer loop
      vertex -10.297 -4.61868 74.8792
      vertex -10.8688 -4.54692 75.2888
      vertex -10.4851 -4.74795 74.6313
    endloop
  endfacet
  facet normal 0.288258 -0.648376 0.704638
    outer loop
      vertex -12.0864 -6.63438 72.5856
      vertex -11.4196 -6.77351 72.1848
      vertex -11.4102 -6.52372 72.4108
    endloop
  endfacet
  facet normal 0.289713 -0.645991 0.706231
    outer loop
      vertex -11.4196 -6.77351 72.1848
      vertex -12.0864 -6.63438 72.5856
      vertex -12.0866 -6.63928 72.5812
    endloop
  endfacet
  facet normal 0.59127 -0.790261 -0.160896
    outer loop
      vertex 1.02791 -13.3736 58.6762
      vertex 1.40833 -13.12 58.8286
      vertex 1.3977 -13.1272 58.8249
    endloop
  endfacet
  facet normal 0.602913 -0.761576 -0.237692
    outer loop
      vertex 1.02791 -13.3736 58.6762
      vertex 13.1513 1.30358 42.4012
      vertex 1.40833 -13.12 58.8286
    endloop
  endfacet
  facet normal 0.602932 -0.761568 -0.23767
    outer loop
      vertex 13.1513 1.30358 42.4012
      vertex 1.02791 -13.3736 58.6762
      vertex 13.3236 1.72882 41.4757
    endloop
  endfacet
  facet normal 0.869526 -0.42968 0.243517
    outer loop
      vertex 13.2809 1.64917 36.5193
      vertex 13.1686 1.34631 36.3859
      vertex 13.2697 1.61347 36.4963
    endloop
  endfacet
  facet normal 0.869956 -0.429388 0.242492
    outer loop
      vertex 13.2809 1.64917 36.5193
      vertex 13.1247 1.23794 36.3515
      vertex 13.1686 1.34631 36.3859
    endloop
  endfacet
  facet normal 0.869319 -0.429788 0.244064
    outer loop
      vertex 13.2809 1.64917 36.5193
      vertex 1.46666 -13.0813 52.66
      vertex 13.1247 1.23794 36.3515
    endloop
  endfacet
  facet normal 0.86933 -0.42973 0.244125
    outer loop
      vertex 1.46666 -13.0813 52.66
      vertex 13.2809 1.64917 36.5193
      vertex 1.07625 -13.3414 53.5924
    endloop
  endfacet
  facet normal 0.833292 -0.544363 0.0964007
    outer loop
      vertex 13.4868 2.3049 37.6212
      vertex 13.4409 2.15748 37.1855
      vertex 13.4486 2.18076 37.2504
    endloop
  endfacet
  facet normal 0.824856 -0.556195 0.101293
    outer loop
      vertex 13.4868 2.3049 37.6212
      vertex 0.521813 -13.7106 55.2581
      vertex 13.4409 2.15748 37.1855
    endloop
  endfacet
  facet normal 0.824807 -0.556288 0.101173
    outer loop
      vertex 0.521813 -13.7106 55.2581
      vertex 13.4868 2.3049 37.6212
      vertex 0.366131 -13.8109 55.9758
    endloop
  endfacet
  facet normal 0.876622 -0.23633 0.419144
    outer loop
      vertex 12.3984 -0.555083 36.4633
      vertex 3.75633 -11.5466 48.3404
      vertex 12.0945 -1.30511 36.676
    endloop
  endfacet
  facet normal 0.876617 -0.236285 0.419181
    outer loop
      vertex 12.3984 -0.555083 36.4633
      vertex 3.55737 -11.686 48.6779
      vertex 3.75633 -11.5466 48.3404
    endloop
  endfacet
  facet normal 0.8766 -0.23615 0.419292
    outer loop
      vertex 12.3984 -0.555083 36.4633
      vertex 3.32359 -11.8443 49.0775
      vertex 3.55737 -11.686 48.6779
    endloop
  endfacet
  facet normal 0.876602 -0.236168 0.419277
    outer loop
      vertex 3.32359 -11.8443 49.0775
      vertex 12.3984 -0.555083 36.4633
      vertex 3.06927 -12.0137 49.5138
    endloop
  endfacet
  facet normal 0.55751 -0.776174 -0.294512
    outer loop
      vertex 1.64767 -12.9564 58.8519
      vertex 1.89473 -12.7775 58.8481
      vertex 1.87078 -12.7966 58.8531
    endloop
  endfacet
  facet normal 0.560116 -0.779476 -0.280512
    outer loop
      vertex 1.40833 -13.12 58.8286
      vertex 1.89473 -12.7775 58.8481
      vertex 1.64767 -12.9564 58.8519
    endloop
  endfacet
  facet normal 0.559674 -0.778672 -0.28361
    outer loop
      vertex 1.40833 -13.12 58.8286
      vertex 12.9457 0.796069 43.3888
      vertex 1.89473 -12.7775 58.8481
    endloop
  endfacet
  facet normal 0.559641 -0.778683 -0.283645
    outer loop
      vertex 12.9457 0.796069 43.3888
      vertex 1.40833 -13.12 58.8286
      vertex 13.1513 1.30358 42.4012
    endloop
  endfacet
  facet normal 0.777432 -0.628958 0.00350507
    outer loop
      vertex 13.5392 2.41944 38.6471
      vertex 0.283298 -13.8655 56.6256
      vertex 13.5194 2.39197 38.1095
    endloop
  endfacet
  facet normal 0.777356 -0.629052 0.00336415
    outer loop
      vertex 0.283298 -13.8655 56.6256
      vertex 13.5392 2.41944 38.6471
      vertex 0.273672 -13.8743 57.2044
    endloop
  endfacet
  facet normal 0.843207 -0.0807234 0.531494
    outer loop
      vertex 11.379 -3.04306 37.3918
      vertex 11.0268 -3.70648 37.8498
      vertex 11.2586 -3.30256 37.5434
    endloop
  endfacet
  facet normal 0.842819 -0.0800187 0.532216
    outer loop
      vertex 11.379 -3.04306 37.3918
      vertex 10.7783 -4.0565 38.1907
      vertex 11.0268 -3.70648 37.8498
    endloop
  endfacet
  facet normal 0.847689 -0.0903756 0.522739
    outer loop
      vertex 11.379 -3.04306 37.3918
      vertex 10.7618 -4.07823 38.2137
      vertex 10.7783 -4.0565 38.1907
    endloop
  endfacet
  facet normal 0.842712 -0.0797131 0.532431
    outer loop
      vertex 11.379 -3.04306 37.3918
      vertex 7.42111 -8.18147 42.8869
      vertex 10.7618 -4.07823 38.2137
    endloop
  endfacet
  facet normal 0.842754 -0.0798375 0.532345
    outer loop
      vertex 5.76584 -9.93747 45.244
      vertex 7.42111 -8.18147 42.8869
      vertex 11.379 -3.04306 37.3918
    endloop
  endfacet
  facet normal 0.842682 -0.079561 0.532501
    outer loop
      vertex 6.8113 -8.88908 43.7462
      vertex 7.42111 -8.18147 42.8869
      vertex 5.76584 -9.93747 45.244
    endloop
  endfacet
  facet normal 0.842331 -0.0783708 0.533232
    outer loop
      vertex 7.42111 -8.18147 42.8869
      vertex 6.8113 -8.88908 43.7462
      vertex 6.9245 -8.7658 43.5855
    endloop
  endfacet
  facet normal 0.842747 -0.0797898 0.532364
    outer loop
      vertex 6.8113 -8.88908 43.7462
      vertex 6.15308 -9.57017 44.6861
      vertex 6.28847 -9.43989 44.4913
    endloop
  endfacet
  facet normal 0.842518 -0.0788842 0.53286
    outer loop
      vertex 6.8113 -8.88908 43.7462
      vertex 5.76584 -9.93747 45.244
      vertex 6.15308 -9.57017 44.6861
    endloop
  endfacet
  facet normal 0.868998 -0.18466 0.459068
    outer loop
      vertex 12.0945 -1.30511 36.676
      vertex 4.59682 -10.9268 46.9985
      vertex 11.7619 -2.12624 36.9753
    endloop
  endfacet
  facet normal 0.869053 -0.184933 0.458854
    outer loop
      vertex 12.0945 -1.30511 36.676
      vertex 4.32425 -11.1373 47.4299
      vertex 4.59682 -10.9268 46.9985
    endloop
  endfacet
  facet normal 0.869018 -0.184752 0.458994
    outer loop
      vertex 3.75633 -11.5466 48.3404
      vertex 4.32425 -11.1373 47.4299
      vertex 12.0945 -1.30511 36.676
    endloop
  endfacet
  facet normal 0.869037 -0.185797 0.458536
    outer loop
      vertex 4.32425 -11.1373 47.4299
      vertex 3.75633 -11.5466 48.3404
      vertex 4.12792 -11.2861 47.7417
    endloop
  endfacet
  facet normal 0.681603 -0.71764 -0.142863
    outer loop
      vertex 0.494508 -13.7289 58.1111
      vertex 13.4593 2.06694 40.6196
      vertex 0.722979 -13.5767 58.4366
    endloop
  endfacet
  facet normal 0.681615 -0.717632 -0.142847
    outer loop
      vertex 13.5214 2.27161 39.8877
      vertex 13.4593 2.06694 40.6196
      vertex 0.494508 -13.7289 58.1111
    endloop
  endfacet
  facet normal 0.681169 -0.718026 -0.142995
    outer loop
      vertex 13.4593 2.06694 40.6196
      vertex 13.5214 2.27161 39.8877
      vertex 13.4967 2.17039 40.2783
    endloop
  endfacet
  facet normal 0.465861 -0.802893 -0.371935
    outer loop
      vertex 8.41177 -5.23968 50.8143
      vertex 12.2349 -0.626419 45.6443
      vertex 8.49086 -5.1924 50.8113
    endloop
  endfacet
  facet normal 0.466228 -0.802831 -0.371609
    outer loop
      vertex 8.33422 -5.28865 50.8228
      vertex 12.2349 -0.626419 45.6443
      vertex 8.41177 -5.23968 50.8143
    endloop
  endfacet
  facet normal 0.465999 -0.802869 -0.371816
    outer loop
      vertex 8.25855 -5.3391 50.8369
      vertex 12.2349 -0.626419 45.6443
      vertex 8.33422 -5.28865 50.8228
    endloop
  endfacet
  facet normal 0.465997 -0.802869 -0.371818
    outer loop
      vertex 8.18508 -5.39082 50.8565
      vertex 12.2349 -0.626419 45.6443
      vertex 8.25855 -5.3391 50.8369
    endloop
  endfacet
  facet normal 0.46594 -0.802878 -0.37187
    outer loop
      vertex 8.11412 -5.44358 50.8815
      vertex 12.2349 -0.626419 45.6443
      vertex 8.18508 -5.39082 50.8565
    endloop
  endfacet
  facet normal 0.465845 -0.802892 -0.371958
    outer loop
      vertex 8.09165 -5.46125 50.8915
      vertex 12.2349 -0.626419 45.6443
      vertex 8.11412 -5.44358 50.8815
    endloop
  endfacet
  facet normal 0.465973 -0.802873 -0.371839
    outer loop
      vertex 12.7077 0.208472 44.4341
      vertex 12.2349 -0.626419 45.6443
      vertex 8.09165 -5.46125 50.8915
    endloop
  endfacet
  facet normal 0.465914 -0.802891 -0.371874
    outer loop
      vertex 12.6263 0.0075564 44.7659
      vertex 12.2349 -0.626419 45.6443
      vertex 12.7077 0.208472 44.4341
    endloop
  endfacet
  facet normal 0.467855 -0.802344 -0.370615
    outer loop
      vertex 12.2349 -0.626419 45.6443
      vertex 12.6263 0.0075564 44.7659
      vertex 12.2741 -0.5758 45.5842
    endloop
  endfacet
  facet normal 0.466178 -0.802827 -0.371681
    outer loop
      vertex 12.5283 -0.195924 45.0825
      vertex 12.2741 -0.5758 45.5842
      vertex 12.6263 0.0075564 44.7659
    endloop
  endfacet
  facet normal 0.465695 -0.802951 -0.37202
    outer loop
      vertex 12.2741 -0.5758 45.5842
      vertex 12.5283 -0.195924 45.0825
      vertex 12.4106 -0.389885 45.3538
    endloop
  endfacet
  facet normal 0.465872 -0.802891 -0.371926
    outer loop
      vertex 8.5401 -5.16457 50.8129
      vertex 8.49086 -5.1924 50.8113
      vertex 12.2349 -0.626419 45.6443
    endloop
  endfacet
  facet normal 0.466371 -0.802843 -0.371404
    outer loop
      vertex 2.65256 -12.1419 58.5003
      vertex 3.11129 -11.7056 58.1332
      vertex 2.85943 -11.9559 58.358
    endloop
  endfacet
  facet normal 0.46684 -0.802842 -0.370816
    outer loop
      vertex 3.62241 -11.169 57.6149
      vertex 3.11129 -11.7056 58.1332
      vertex 2.65256 -12.1419 58.5003
    endloop
  endfacet
  facet normal 0.466327 -0.802886 -0.371367
    outer loop
      vertex 3.11129 -11.7056 58.1332
      vertex 3.62241 -11.169 57.6149
      vertex 3.36135 -11.4537 57.9026
    endloop
  endfacet
  facet normal 0.465783 -0.802894 -0.37203
    outer loop
      vertex 2.65256 -12.1419 58.5003
      vertex 3.86202 -10.9003 57.335
      vertex 3.62241 -11.169 57.6149
    endloop
  endfacet
  facet normal 0.465519 -0.802912 -0.372324
    outer loop
      vertex 2.65256 -12.1419 58.5003
      vertex 4.13298 -10.5777 56.9781
      vertex 3.86202 -10.9003 57.335
    endloop
  endfacet
  facet normal 0.465987 -0.802871 -0.371826
    outer loop
      vertex 7.53166 -6.14908 51.6749
      vertex 4.13298 -10.5777 56.9781
      vertex 2.65256 -12.1419 58.5003
    endloop
  endfacet
  facet normal 0.465557 -0.802947 -0.372199
    outer loop
      vertex 4.13298 -10.5777 56.9781
      vertex 7.55394 -6.34319 52.122
      vertex 7.56684 -6.36 52.1744
    endloop
  endfacet
  facet normal 0.466152 -0.80284 -0.371686
    outer loop
      vertex 4.13298 -10.5777 56.9781
      vertex 7.53813 -6.31274 52.0364
      vertex 7.55394 -6.34319 52.122
    endloop
  endfacet
  facet normal 0.466009 -0.802866 -0.371808
    outer loop
      vertex 4.13298 -10.5777 56.9781
      vertex 7.52761 -6.27939 51.9512
      vertex 7.53813 -6.31274 52.0364
    endloop
  endfacet
  facet normal 0.465936 -0.80288 -0.371869
    outer loop
      vertex 4.13298 -10.5777 56.9781
      vertex 7.52241 -6.24327 51.8667
      vertex 7.52761 -6.27939 51.9512
    endloop
  endfacet
  facet normal 0.465951 -0.802878 -0.371857
    outer loop
      vertex 4.13298 -10.5777 56.9781
      vertex 7.52257 -6.20455 51.7833
      vertex 7.52241 -6.24327 51.8667
    endloop
  endfacet
  facet normal 0.466197 -0.802828 -0.371654
    outer loop
      vertex 4.13298 -10.5777 56.9781
      vertex 7.52808 -6.16339 51.7013
      vertex 7.52257 -6.20455 51.7833
    endloop
  endfacet
  facet normal 0.465676 -0.802934 -0.372078
    outer loop
      vertex 4.13298 -10.5777 56.9781
      vertex 7.53166 -6.14908 51.6749
      vertex 7.52808 -6.16339 51.7013
    endloop
  endfacet
  facet normal 0.866509 -0.463723 0.184724
    outer loop
      vertex 13.3729 1.93951 36.8166
      vertex 13.2809 1.64917 36.5193
      vertex 13.363 1.90675 36.7808
    endloop
  endfacet
  facet normal 0.858157 -0.473959 0.197305
    outer loop
      vertex 13.3729 1.93951 36.8166
      vertex 1.07625 -13.3414 53.5924
      vertex 13.2809 1.64917 36.5193
    endloop
  endfacet
  facet normal 0.858162 -0.473944 0.197321
    outer loop
      vertex 1.07625 -13.3414 53.5924
      vertex 13.3729 1.93951 36.8166
      vertex 0.760794 -13.5515 54.4597
    endloop
  endfacet
  facet normal 0.880438 -0.286568 0.377767
    outer loop
      vertex 12.6721 0.120644 36.338
      vertex 3.06927 -12.0137 49.5138
      vertex 12.3984 -0.555083 36.4633
    endloop
  endfacet
  facet normal 0.880445 -0.286705 0.377646
    outer loop
      vertex 3.06927 -12.0137 49.5138
      vertex 12.6721 0.120644 36.338
      vertex 2.4653 -12.4161 50.6164
    endloop
  endfacet
  facet normal 0.843293 -0.516222 0.149572
    outer loop
      vertex 13.4409 2.15748 37.1855
      vertex 0.760794 -13.5515 54.4597
      vertex 13.3729 1.93951 36.8166
    endloop
  endfacet
  facet normal 0.843288 -0.516236 0.149555
    outer loop
      vertex 13.4409 2.15748 37.1855
      vertex 0.525393 -13.7083 55.2458
      vertex 0.760794 -13.5515 54.4597
    endloop
  endfacet
  facet normal 0.842986 -0.516979 0.148686
    outer loop
      vertex 0.525393 -13.7083 55.2458
      vertex 13.4409 2.15748 37.1855
      vertex 0.521813 -13.7106 55.2581
    endloop
  endfacet
  facet normal 0.880503 -0.335898 0.334495
    outer loop
      vertex 12.9146 0.719175 36.3007
      vertex 2.4653 -12.4161 50.6164
      vertex 12.6721 0.120644 36.338
    endloop
  endfacet
  facet normal 0.880506 -0.335774 0.334611
    outer loop
      vertex 2.4653 -12.4161 50.6164
      vertex 12.9146 0.719175 36.3007
      vertex 1.93033 -12.7724 51.6666
    endloop
  endfacet
  facet normal 0.712893 -0.69478 -0.0952083
    outer loop
      vertex 13.5214 2.27161 39.8877
      vertex 13.5414 2.38108 39.2386
      vertex 13.5278 2.30113 39.7202
    endloop
  endfacet
  facet normal 0.716619 -0.691037 -0.0944727
    outer loop
      vertex 0.343475 -13.8295 57.7013
      vertex 13.5214 2.27161 39.8877
      vertex 0.494508 -13.7289 58.1111
    endloop
  endfacet
  facet normal 0.716627 -0.69103 -0.0944608
    outer loop
      vertex 13.5214 2.27161 39.8877
      vertex 0.343475 -13.8295 57.7013
      vertex 13.5414 2.38108 39.2386
    endloop
  endfacet
  facet normal 0.513535 -0.792454 -0.329088
    outer loop
      vertex 2.61132 -12.1792 58.5256
      vertex 2.12538 -12.5951 58.7688
      vertex 1.89473 -12.7775 58.8481
    endloop
  endfacet
  facet normal 0.51456 -0.792561 -0.327223
    outer loop
      vertex 2.12538 -12.5951 58.7688
      vertex 2.61132 -12.1792 58.5256
      vertex 2.362 -12.4037 58.6773
    endloop
  endfacet
  facet normal 0.50948 -0.791797 -0.336881
    outer loop
      vertex 1.89473 -12.7775 58.8481
      vertex 2.65256 -12.1419 58.5003
      vertex 2.61132 -12.1792 58.5256
    endloop
  endfacet
  facet normal 0.513927 -0.792474 -0.328428
    outer loop
      vertex 1.89473 -12.7775 58.8481
      vertex 7.53166 -6.14908 51.6749
      vertex 2.65256 -12.1419 58.5003
    endloop
  endfacet
  facet normal 0.514101 -0.792433 -0.328253
    outer loop
      vertex 1.89473 -12.7775 58.8481
      vertex 7.53951 -6.12137 51.6203
      vertex 7.53166 -6.14908 51.6749
    endloop
  endfacet
  facet normal 0.514011 -0.792454 -0.328343
    outer loop
      vertex 1.89473 -12.7775 58.8481
      vertex 7.55637 -6.07766 51.5412
      vertex 7.53951 -6.12137 51.6203
    endloop
  endfacet
  facet normal 0.513694 -0.792529 -0.328657
    outer loop
      vertex 1.89473 -12.7775 58.8481
      vertex 7.57832 -6.03175 51.4648
      vertex 7.55637 -6.07766 51.5412
    endloop
  endfacet
  facet normal 0.514279 -0.792389 -0.328079
    outer loop
      vertex 1.89473 -12.7775 58.8481
      vertex 7.60525 -5.98384 51.3913
      vertex 7.57832 -6.03175 51.4648
    endloop
  endfacet
  facet normal 0.513009 -0.792694 -0.329329
    outer loop
      vertex 1.89473 -12.7775 58.8481
      vertex 7.63706 -5.93413 51.3212
      vertex 7.60525 -5.98384 51.3913
    endloop
  endfacet
  facet normal 0.514619 -0.792306 -0.327748
    outer loop
      vertex 1.89473 -12.7775 58.8481
      vertex 7.67361 -5.88284 51.2546
      vertex 7.63706 -5.93413 51.3212
    endloop
  endfacet
  facet normal 0.514777 -0.792267 -0.327593
    outer loop
      vertex 1.89473 -12.7775 58.8481
      vertex 7.71474 -5.83019 51.1919
      vertex 7.67361 -5.88284 51.2546
    endloop
  endfacet
  facet normal 0.513866 -0.792489 -0.328485
    outer loop
      vertex 8.04656 -5.49857 50.911
      vertex 12.7077 0.208472 44.4341
      vertex 8.09165 -5.46125 50.8915
    endloop
  endfacet
  facet normal 0.514224 -0.792397 -0.328147
    outer loop
      vertex 7.98228 -5.55453 50.9454
      vertex 12.7077 0.208472 44.4341
      vertex 8.04656 -5.49857 50.911
    endloop
  endfacet
  facet normal 0.513394 -0.792608 -0.328936
    outer loop
      vertex 7.92126 -5.61053 50.9851
      vertex 12.7077 0.208472 44.4341
      vertex 7.98228 -5.55453 50.9454
    endloop
  endfacet
  facet normal 0.514651 -0.792271 -0.327782
    outer loop
      vertex 12.9457 0.796069 43.3888
      vertex 7.92126 -5.61053 50.9851
      vertex 7.86375 -5.66634 51.0297
    endloop
  endfacet
  facet normal 0.51406 -0.792435 -0.328313
    outer loop
      vertex 12.9457 0.796069 43.3888
      vertex 7.86375 -5.66634 51.0297
      vertex 7.81001 -5.72171 51.0792
    endloop
  endfacet
  facet normal 0.512449 -0.792876 -0.329763
    outer loop
      vertex 12.9457 0.796069 43.3888
      vertex 7.81001 -5.72171 51.0792
      vertex 7.76027 -5.7764 51.1334
    endloop
  endfacet
  facet normal 0.515895 -0.791929 -0.326652
    outer loop
      vertex 12.9457 0.796069 43.3888
      vertex 7.76027 -5.7764 51.1334
      vertex 7.71474 -5.83019 51.1919
    endloop
  endfacet
  facet normal 0.513855 -0.792491 -0.328497
    outer loop
      vertex 12.9457 0.796069 43.3888
      vertex 7.71474 -5.83019 51.1919
      vertex 1.89473 -12.7775 58.8481
    endloop
  endfacet
  facet normal 0.513869 -0.792489 -0.328483
    outer loop
      vertex 7.92126 -5.61053 50.9851
      vertex 12.9457 0.796069 43.3888
      vertex 12.7077 0.208472 44.4341
    endloop
  endfacet
  facet normal 0.643581 -0.741227 -0.190753
    outer loop
      vertex 0.722979 -13.5767 58.4366
      vertex 13.3236 1.72882 41.4757
      vertex 1.02791 -13.3736 58.6762
    endloop
  endfacet
  facet normal 0.643687 -0.741169 -0.190622
    outer loop
      vertex 0.722979 -13.5767 58.4366
      vertex 13.3866 1.88425 41.0841
      vertex 13.3236 1.72882 41.4757
    endloop
  endfacet
  facet normal 0.643524 -0.741259 -0.190821
    outer loop
      vertex 13.4593 2.06694 40.6196
      vertex 13.3866 1.88425 41.0841
      vertex 0.722979 -13.5767 58.4366
    endloop
  endfacet
  facet normal 0.650781 -0.735746 -0.187517
    outer loop
      vertex 13.3866 1.88425 41.0841
      vertex 13.4593 2.06694 40.6196
      vertex 13.4483 2.03677 40.6998
    endloop
  endfacet
  facet normal 0.876783 -0.383722 0.289842
    outer loop
      vertex 1.93033 -12.7724 51.6666
      vertex 13.0891 1.1501 36.3429
      vertex 13.1247 1.23794 36.3515
    endloop
  endfacet
  facet normal 0.876811 -0.383467 0.290094
    outer loop
      vertex 13.0891 1.1501 36.3429
      vertex 1.93033 -12.7724 51.6666
      vertex 12.9146 0.719175 36.3007
    endloop
  endfacet
  facet normal 0.876797 -0.383599 0.289964
    outer loop
      vertex 1.93033 -12.7724 51.6666
      vertex 13.1247 1.23794 36.3515
      vertex 1.46666 -13.0813 52.66
    endloop
  endfacet
  facet normal 0.752217 -0.657348 -0.0454281
    outer loop
      vertex 13.5414 2.38108 39.2386
      vertex 13.5392 2.41944 38.6471
      vertex 13.5419 2.40716 38.8695
    endloop
  endfacet
  facet normal 0.748659 -0.66139 -0.045539
    outer loop
      vertex 0.273672 -13.8743 57.2044
      vertex 13.5414 2.38108 39.2386
      vertex 0.343475 -13.8295 57.7013
    endloop
  endfacet
  facet normal 0.742648 -0.668229 -0.0440781
    outer loop
      vertex 0.273672 -13.8743 57.2044
      vertex 0.343475 -13.8295 57.7013
      vertex 0.295129 -13.8617 57.3749
    endloop
  endfacet
  facet normal 0.748572 -0.661478 -0.0456824
    outer loop
      vertex 13.5414 2.38108 39.2386
      vertex 0.273672 -13.8743 57.2044
      vertex 13.5392 2.41944 38.6471
    endloop
  endfacet
  facet normal 0.85869 -0.133888 0.494698
    outer loop
      vertex 11.7619 -2.12624 36.9753
      vertex 11.379 -3.04306 37.3918
      vertex 11.4712 -2.84376 37.2857
    endloop
  endfacet
  facet normal 0.857707 -0.13254 0.496761
    outer loop
      vertex 11.7619 -2.12624 36.9753
      vertex 5.76584 -9.93747 45.244
      vertex 11.379 -3.04306 37.3918
    endloop
  endfacet
  facet normal 0.857715 -0.132566 0.496741
    outer loop
      vertex 5.05405 -10.56 46.3069
      vertex 5.76584 -9.93747 45.244
      vertex 11.7619 -2.12624 36.9753
    endloop
  endfacet
  facet normal 0.857371 -0.130012 0.498007
    outer loop
      vertex 5.76584 -9.93747 45.244
      vertex 5.05405 -10.56 46.3069
      vertex 5.61015 -10.0847 45.4736
    endloop
  endfacet
  facet normal 0.857713 -0.132561 0.496745
    outer loop
      vertex 4.59682 -10.9268 46.9985
      vertex 5.05405 -10.56 46.3069
      vertex 11.7619 -2.12624 36.9753
    endloop
  endfacet
  facet normal 0.857763 -0.133009 0.49654
    outer loop
      vertex 5.05405 -10.56 46.3069
      vertex 4.59682 -10.9268 46.9985
      vertex 4.88896 -10.7007 46.5544
    endloop
  endfacet
  facet normal 0.802771 -0.593987 0.0523205
    outer loop
      vertex 13.5194 2.39197 38.1095
      vertex 0.366131 -13.8109 55.9758
      vertex 13.4868 2.3049 37.6212
    endloop
  endfacet
  facet normal 0.802826 -0.593903 0.0524367
    outer loop
      vertex 0.366131 -13.8109 55.9758
      vertex 13.5194 2.39197 38.1095
      vertex 0.283298 -13.8655 56.6256
    endloop
  endfacet
  facet normal 0.39074 0.578404 -0.716081
    outer loop
      vertex 5.39104 0.28159 57.0074
      vertex 7.91363 -5.5973 53.6353
      vertex 7.86773 -5.68081 53.5428
    endloop
  endfacet
  facet normal 0.391289 0.578447 -0.715746
    outer loop
      vertex 7.91363 -5.5973 53.6353
      vertex 5.39104 0.28159 57.0074
      vertex 5.46845 0.289238 57.0559
    endloop
  endfacet
  facet normal 0.446677 0.580933 -0.680439
    outer loop
      vertex 5.31614 0.277409 56.9547
      vertex 7.86773 -5.68081 53.5428
      vertex 7.82448 -5.76117 53.4458
    endloop
  endfacet
  facet normal 0.446444 0.580925 -0.680598
    outer loop
      vertex 7.86773 -5.68081 53.5428
      vertex 5.31614 0.277409 56.9547
      vertex 5.39104 0.28159 57.0074
    endloop
  endfacet
  facet normal -0.150687 0.449137 -0.880664
    outer loop
      vertex 6.12144 0.505607 57.2937
      vertex 8.41058 -4.7666 54.2132
      vertex 8.35073 -4.86119 54.1752
    endloop
  endfacet
  facet normal -0.149741 0.449526 -0.880627
    outer loop
      vertex 8.41058 -4.7666 54.2132
      vertex 6.12144 0.505607 57.2937
      vertex 6.2026 0.548902 57.302
    endloop
  endfacet
  facet normal -0.828594 -0.0190573 -0.559526
    outer loop
      vertex 9.16851 -3.69463 53.9679
      vertex 7.05138 1.2505 56.9347
      vertex 7.09258 1.30298 56.8719
    endloop
  endfacet
  facet normal -0.828424 -0.0188284 -0.559785
    outer loop
      vertex 7.05138 1.2505 56.9347
      vertex 9.16851 -3.69463 53.9679
      vertex 9.12655 -3.74528 54.0317
    endloop
  endfacet
  facet normal 0.858474 0.472489 -0.19944
    outer loop
      vertex 7.58081 -6.29192 52.4492
      vertex 4.73477 0.505607 56.3025
      vertex 4.77426 0.464586 56.3753
    endloop
  endfacet
  facet normal 0.858504 0.472463 -0.199372
    outer loop
      vertex 4.73477 0.505607 56.3025
      vertex 7.58081 -6.29192 52.4492
      vertex 7.57204 -6.32485 52.3334
    endloop
  endfacet
  facet normal 0.940734 0.306913 0.144304
    outer loop
      vertex 4.61759 0.749813 55.9303
      vertex 7.52257 -6.20455 51.7833
      vertex 4.61124 0.804211 55.856
    endloop
  endfacet
  facet normal 0.940734 0.306917 0.144297
    outer loop
      vertex 7.52257 -6.20455 51.7833
      vertex 4.61759 0.749813 55.9303
      vertex 7.52241 -6.24327 51.8667
    endloop
  endfacet
  facet normal 0.334482 0.573488 -0.747819
    outer loop
      vertex 5.46845 0.289238 57.0559
      vertex 7.96198 -5.51101 53.7231
      vertex 7.91363 -5.5973 53.6353
    endloop
  endfacet
  facet normal 0.334501 0.57349 -0.747809
    outer loop
      vertex 7.96198 -5.51101 53.7231
      vertex 5.46845 0.289238 57.0559
      vertex 5.54804 0.30032 57.1
    endloop
  endfacet
  facet normal -0.929079 -0.368691 -0.02966
    outer loop
      vertex 7.23454 1.71728 56.0811
      vertex 9.39769 -3.49833 53.1549
      vertex 7.24372 1.68714 56.1682
    endloop
  endfacet
  facet normal -0.929063 -0.36874 -0.0295602
    outer loop
      vertex 9.39769 -3.49833 53.1549
      vertex 7.23454 1.71728 56.0811
      vertex 9.40465 -3.50708 53.0453
    endloop
  endfacet
  facet normal 0.901524 0.42419 -0.0855451
    outer loop
      vertex 7.56719 -6.35187 52.2184
      vertex 4.67222 0.594286 56.1532
      vertex 4.70071 0.548902 56.2284
    endloop
  endfacet
  facet normal 0.901475 0.42426 -0.0857051
    outer loop
      vertex 4.67222 0.594286 56.1532
      vertex 7.56719 -6.35187 52.2184
      vertex 7.55394 -6.34319 52.122
    endloop
  endfacet
  facet normal 0.901281 0.424687 -0.0856399
    outer loop
      vertex 7.55394 -6.34319 52.122
      vertex 7.56719 -6.35187 52.2184
      vertex 7.56684 -6.36 52.1744
    endloop
  endfacet
  facet normal 0.899761 0.132059 0.415921
    outer loop
      vertex 4.64576 1.02811 55.5672
      vertex 7.60525 -5.98384 51.3913
      vertex 4.66892 1.08511 55.499
    endloop
  endfacet
  facet normal 0.899799 0.132138 0.415814
    outer loop
      vertex 7.60525 -5.98384 51.3913
      vertex 4.64576 1.02811 55.5672
      vertex 7.57832 -6.03175 51.4648
    endloop
  endfacet
  facet normal -0.879822 -0.0948289 -0.465748
    outer loop
      vertex 9.24351 -3.60963 53.8219
      vertex 7.12934 1.35375 56.8051
      vertex 7.1615 1.40261 56.7344
    endloop
  endfacet
  facet normal -0.879624 -0.0944783 -0.466192
    outer loop
      vertex 7.12934 1.35375 56.8051
      vertex 9.24351 -3.60963 53.8219
      vertex 9.20755 -3.64935 53.8978
    endloop
  endfacet
  facet normal 0.156447 0.544004 -0.824369
    outer loop
      vertex 5.7099 0.338638 57.1777
      vertex 8.11966 -5.23918 53.9542
      vertex 8.06522 -5.33157 53.8829
    endloop
  endfacet
  facet normal 0.156391 0.543991 -0.824388
    outer loop
      vertex 8.11966 -5.23918 53.9542
      vertex 5.7099 0.338638 57.1777
      vertex 5.79207 0.364267 57.2102
    endloop
  endfacet
  facet normal 0.831451 0.493588 -0.255069
    outer loop
      vertex 7.59345 -6.25323 52.5653
      vertex 4.77426 0.464586 56.3753
      vertex 4.819 0.426015 56.4465
    endloop
  endfacet
  facet normal 0.831484 0.493565 -0.255004
    outer loop
      vertex 4.77426 0.464586 56.3753
      vertex 7.59345 -6.25323 52.5653
      vertex 7.58081 -6.29192 52.4492
    endloop
  endfacet
  facet normal -0.328814 0.368652 -0.869469
    outer loop
      vertex 6.3609 0.644216 57.3032
      vertex 8.59108 -4.48907 54.2833
      vertex 8.53102 -4.58014 54.2674
    endloop
  endfacet
  facet normal -0.328872 0.368621 -0.86946
    outer loop
      vertex 8.59108 -4.48907 54.2833
      vertex 6.3609 0.644216 57.3032
      vertex 6.43711 0.696405 57.2965
    endloop
  endfacet
  facet normal -0.270279 0.397325 -0.876973
    outer loop
      vertex 6.28291 0.594286 57.3046
      vertex 8.53102 -4.58014 54.2674
      vertex 8.47076 -4.67278 54.244
    endloop
  endfacet
  facet normal -0.270052 0.397434 -0.876994
    outer loop
      vertex 8.53102 -4.58014 54.2674
      vertex 6.30155 0.605433 57.3039
      vertex 6.3609 0.644216 57.3032
    endloop
  endfacet
  facet normal -0.27048 0.397227 -0.876956
    outer loop
      vertex 8.53102 -4.58014 54.2674
      vertex 6.28291 0.594286 57.3046
      vertex 6.30155 0.605433 57.3039
    endloop
  endfacet
  facet normal 0.328732 -0.368685 0.869486
    outer loop
      vertex 5.43658 1.68714 54.8763
      vertex 8.41177 -5.23968 50.8143
      vertex 5.52196 1.71728 54.8568
    endloop
  endfacet
  facet normal 0.328272 -0.368925 0.869559
    outer loop
      vertex 8.41177 -5.23968 50.8143
      vertex 5.43658 1.68714 54.8763
      vertex 8.33422 -5.28865 50.8228
    endloop
  endfacet
  facet normal 0.68895 0.55622 -0.464723
    outer loop
      vertex 7.68152 -6.04459 53.0227
      vertex 4.97771 0.338638 56.6543
      vertex 5.03937 0.316154 56.7188
    endloop
  endfacet
  facet normal 0.68888 0.556237 -0.464805
    outer loop
      vertex 4.97771 0.338638 56.6543
      vertex 7.68152 -6.04459 53.0227
      vertex 7.65405 -6.10441 52.9104
    endloop
  endfacet
  facet normal -0.940526 -0.273912 -0.200953
    outer loop
      vertex 9.35361 -3.50935 53.4658
      vertex 7.24642 1.61795 56.3393
      vertex 9.37212 -3.49947 53.3657
    endloop
  endfacet
  facet normal -0.940534 -0.274005 -0.200792
    outer loop
      vertex 7.24642 1.61795 56.3393
      vertex 9.35361 -3.50935 53.4658
      vertex 7.23991 1.57918 56.4227
    endloop
  endfacet
  facet normal -0.940731 -0.306973 -0.144199
    outer loop
      vertex 9.37212 -3.49947 53.3657
      vertex 7.24769 1.65399 56.2544
      vertex 9.38683 -3.49579 53.2619
    endloop
  endfacet
  facet normal -0.940735 -0.306891 -0.144347
    outer loop
      vertex 7.24769 1.65399 56.2544
      vertex 9.37212 -3.49947 53.3657
      vertex 7.24642 1.61795 56.3393
    endloop
  endfacet
  facet normal 0.729392 0.544002 -0.414789
    outer loop
      vertex 7.65405 -6.10441 52.9104
      vertex 4.92038 0.364267 56.5871
      vertex 4.97771 0.338638 56.6543
    endloop
  endfacet
  facet normal 0.729464 0.543978 -0.414693
    outer loop
      vertex 4.92038 0.364267 56.5871
      vertex 7.65405 -6.10441 52.9104
      vertex 7.63016 -6.15928 52.7964
    endloop
  endfacet
  facet normal 0.211147 -0.424212 0.880603
    outer loop
      vertex 8.56338 -5.12828 50.8248
      vertex 8.49086 -5.1924 50.8113
      vertex 8.5401 -5.16457 50.8129
    endloop
  endfacet
  facet normal 0.210791 -0.424205 0.880691
    outer loop
      vertex 5.60914 1.74508 54.8426
      vertex 8.56338 -5.12828 50.8248
      vertex 5.69691 1.7725 54.8348
    endloop
  endfacet
  facet normal 0.211031 -0.424099 0.880685
    outer loop
      vertex 8.56338 -5.12828 50.8248
      vertex 5.60914 1.74508 54.8426
      vertex 8.49086 -5.1924 50.8113
    endloop
  endfacet
  facet normal 0.940536 0.274048 0.200721
    outer loop
      vertex 4.61124 0.804211 55.856
      vertex 7.52808 -6.16339 51.7013
      vertex 4.61094 0.859367 55.7821
    endloop
  endfacet
  facet normal 0.940535 0.274031 0.200749
    outer loop
      vertex 7.52808 -6.16339 51.7013
      vertex 4.61124 0.804211 55.856
      vertex 7.52257 -6.20455 51.7833
    endloop
  endfacet
  facet normal 0.0897923 -0.472245 0.876882
    outer loop
      vertex 5.78597 1.79676 54.832
      vertex 8.68251 -4.93873 50.908
      vertex 5.87596 1.81777 54.8341
    endloop
  endfacet
  facet normal 0.0895397 -0.472339 0.876857
    outer loop
      vertex 8.68251 -4.93873 50.908
      vertex 5.78597 1.79676 54.832
      vertex 8.62324 -5.03369 50.8629
    endloop
  endfacet
  facet normal -0.797469 0.0191728 -0.603055
    outer loop
      vertex 9.12655 -3.74528 54.0317
      vertex 7.00592 1.19654 56.9931
      vertex 7.05138 1.2505 56.9347
    endloop
  endfacet
  facet normal -0.797675 0.0189263 -0.602791
    outer loop
      vertex 7.00592 1.19654 56.9931
      vertex 9.12655 -3.74528 54.0317
      vertex 9.08185 -3.80107 54.0891
    endloop
  endfacet
  facet normal -0.855845 -0.0567568 -0.514108
    outer loop
      vertex 9.20755 -3.64935 53.8978
      vertex 7.09258 1.30298 56.8719
      vertex 7.12934 1.35375 56.8051
    endloop
  endfacet
  facet normal -0.856085 -0.0571236 -0.513668
    outer loop
      vertex 7.09258 1.30298 56.8719
      vertex 9.20755 -3.64935 53.8978
      vertex 9.16851 -3.69463 53.9679
    endloop
  endfacet
  facet normal 0.0950035 0.529346 -0.84307
    outer loop
      vertex 5.79207 0.364267 57.2102
      vertex 8.17567 -5.14555 54.0193
      vertex 8.11966 -5.23918 53.9542
    endloop
  endfacet
  facet normal 0.0954264 0.52946 -0.842951
    outer loop
      vertex 8.17567 -5.14555 54.0193
      vertex 5.79207 0.364267 57.2102
      vertex 5.87507 0.392931 57.2376
    endloop
  endfacet
  facet normal -0.9369 -0.338584 -0.0870599
    outer loop
      vertex 7.24372 1.68714 56.1682
      vertex 9.38683 -3.49579 53.2619
      vertex 7.24769 1.65399 56.2544
    endloop
  endfacet
  facet normal -0.936899 -0.338587 -0.0870534
    outer loop
      vertex 9.38683 -3.49579 53.2619
      vertex 7.24372 1.68714 56.1682
      vertex 9.39769 -3.49833 53.1549
    endloop
  endfacet
  facet normal 0.275854 0.566017 -0.776871
    outer loop
      vertex 5.54804 0.30032 57.1
      vertex 8.01258 -5.4223 53.8057
      vertex 7.96198 -5.51101 53.7231
    endloop
  endfacet
  facet normal 0.276354 0.566095 -0.776637
    outer loop
      vertex 8.01258 -5.4223 53.8057
      vertex 5.60619 0.31065 57.1282
      vertex 5.62892 0.316154 57.1403
    endloop
  endfacet
  facet normal 0.276126 0.56606 -0.776743
    outer loop
      vertex 8.01258 -5.4223 53.8057
      vertex 5.54804 0.30032 57.1
      vertex 5.60619 0.31065 57.1282
    endloop
  endfacet
  facet normal -0.0280481 0.493493 -0.869298
    outer loop
      vertex 5.95792 0.426015 57.2607
      vertex 8.29145 -4.95615 54.13
      vertex 8.23302 -5.05107 54.078
    endloop
  endfacet
  facet normal -0.0285431 0.493324 -0.869377
    outer loop
      vertex 8.29145 -4.95615 54.13
      vertex 5.95792 0.426015 57.2607
      vertex 6.03976 0.464586 57.2799
    endloop
  endfacet
  facet normal -0.645883 -0.566 0.512327
    outer loop
      vertex 6.89168 1.88958 55.3299
      vertex 9.29244 -3.85029 52.0153
      vertex 6.90878 1.88817 55.3499
    endloop
  endfacet
  facet normal -0.645794 -0.566017 0.51242
    outer loop
      vertex 6.84759 1.89652 55.282
      vertex 9.29244 -3.85029 52.0153
      vertex 6.89168 1.88958 55.3299
    endloop
  endfacet
  facet normal -0.645329 -0.5661 0.512915
    outer loop
      vertex 9.29244 -3.85029 52.0153
      vertex 6.84759 1.89652 55.282
      vertex 9.26153 -3.91481 51.9052
    endloop
  endfacet
  facet normal 0.928098 0.204843 0.310924
    outer loop
      vertex 4.61669 0.915044 55.7091
      vertex 7.55637 -6.07766 51.5412
      vertex 4.62846 0.971003 55.6371
    endloop
  endfacet
  facet normal 0.928085 0.204799 0.31099
    outer loop
      vertex 7.55637 -6.07766 51.5412
      vertex 4.61669 0.915044 55.7091
      vertex 7.53951 -6.12137 51.6203
    endloop
  endfacet
  facet normal -0.210672 0.424256 -0.880695
    outer loop
      vertex 6.2026 0.548902 57.302
      vertex 8.47076 -4.67278 54.244
      vertex 8.41058 -4.7666 54.2132
    endloop
  endfacet
  facet normal -0.211125 0.424053 -0.880685
    outer loop
      vertex 8.47076 -4.67278 54.244
      vertex 6.2026 0.548902 57.302
      vertex 6.28291 0.594286 57.3046
    endloop
  endfacet
  facet normal -0.881879 -0.449319 0.142834
    outer loop
      vertex 7.17264 1.79676 55.8232
      vertex 9.40678 -3.543 52.8196
      vertex 7.1988 1.7725 55.9084
    endloop
  endfacet
  facet normal -0.881892 -0.449305 0.142799
    outer loop
      vertex 9.40678 -3.543 52.8196
      vertex 7.17264 1.79676 55.8232
      vertex 9.40193 -3.57003 52.7046
    endloop
  endfacet
  facet normal -0.899789 -0.132113 -0.415845
    outer loop
      vertex 9.24351 -3.60963 53.8219
      vertex 7.18893 1.44933 56.6603
      vertex 9.27623 -3.57563 53.7403
    endloop
  endfacet
  facet normal -0.899668 -0.131875 -0.416182
    outer loop
      vertex 7.18893 1.44933 56.6603
      vertex 9.24351 -3.60963 53.8219
      vertex 7.1615 1.40261 56.7344
    endloop
  endfacet
  facet normal -0.156262 -0.543965 0.82443
    outer loop
      vertex 6.14453 1.86785 54.8746
      vertex 8.90874 -4.56331 51.1552
      vertex 6.2324 1.87974 54.8991
    endloop
  endfacet
  facet normal -0.156512 -0.544023 0.824344
    outer loop
      vertex 8.90874 -4.56331 51.1552
      vertex 6.14453 1.86785 54.8746
      vertex 8.85431 -4.65569 51.0839
    endloop
  endfacet
  facet normal 0.599666 0.573446 -0.558176
    outer loop
      vertex 7.74667 -5.91112 53.2404
      vertex 5.10366 0.30032 56.7823
      vertex 5.17113 0.289238 56.8434
    endloop
  endfacet
  facet normal 0.599139 0.573508 -0.558678
    outer loop
      vertex 5.10366 0.30032 56.7823
      vertex 7.74667 -5.91112 53.2404
      vertex 7.71243 -5.98007 53.1329
    endloop
  endfacet
  facet normal -0.594775 0.204666 -0.777403
    outer loop
      vertex 6.72115 0.915044 57.2134
      vertex 8.87965 -4.07064 54.2494
      vertex 8.82434 -4.14819 54.2713
    endloop
  endfacet
  facet normal -0.594486 0.204888 -0.777565
    outer loop
      vertex 8.87965 -4.07064 54.2494
      vertex 6.72115 0.915044 57.2134
      vertex 6.78543 0.971003 57.179
    endloop
  endfacet
  facet normal 0.917265 0.397292 -0.0280062
    outer loop
      vertex 7.55394 -6.34319 52.122
      vertex 4.64832 0.644216 56.079
      vertex 4.66684 0.605433 56.1354
    endloop
  endfacet
  facet normal 0.917189 0.397444 -0.0283238
    outer loop
      vertex 7.55394 -6.34319 52.122
      vertex 4.66684 0.605433 56.1354
      vertex 4.67222 0.594286 56.1532
    endloop
  endfacet
  facet normal 0.917249 0.397324 -0.0280745
    outer loop
      vertex 4.64832 0.644216 56.079
      vertex 7.55394 -6.34319 52.122
      vertex 7.53813 -6.31274 52.0364
    endloop
  endfacet
  facet normal -0.276866 -0.566168 0.776401
    outer loop
      vertex 6.34365 1.88958 54.9381
      vertex 9.01198 -4.38387 51.3149
      vertex 6.40321 1.89652 54.9644
    endloop
  endfacet
  facet normal -0.275897 -0.566018 0.776855
    outer loop
      vertex 6.31923 1.88817 54.9284
      vertex 9.01198 -4.38387 51.3149
      vertex 6.34365 1.88958 54.9381
    endloop
  endfacet
  facet normal -0.275917 -0.566021 0.776846
    outer loop
      vertex 9.01198 -4.38387 51.3149
      vertex 6.31923 1.88817 54.9284
      vertex 8.96138 -4.47257 51.2323
    endloop
  endfacet
  facet normal 0.881881 0.449317 -0.14283
    outer loop
      vertex 7.57204 -6.32485 52.3334
      vertex 4.70071 0.548902 56.2284
      vertex 4.73477 0.505607 56.3025
    endloop
  endfacet
  facet normal 0.881908 0.449287 -0.142756
    outer loop
      vertex 4.70071 0.548902 56.2284
      vertex 7.57204 -6.32485 52.3334
      vertex 7.56719 -6.35187 52.2184
    endloop
  endfacet
  facet normal 0.936289 0.239791 0.256637
    outer loop
      vertex 4.61094 0.859367 55.7821
      vertex 7.53951 -6.12137 51.6203
      vertex 4.61669 0.915044 55.7091
    endloop
  endfacet
  facet normal 0.936316 0.239948 0.256393
    outer loop
      vertex 4.61094 0.859367 55.7821
      vertex 7.53166 -6.14908 51.6749
      vertex 7.53951 -6.12137 51.6203
    endloop
  endfacet
  facet normal 0.936263 0.23965 0.256864
    outer loop
      vertex 7.53166 -6.14908 51.6749
      vertex 4.61094 0.859367 55.7821
      vertex 7.52808 -6.16339 51.7013
    endloop
  endfacet
  facet normal -0.545081 0.240317 -0.803203
    outer loop
      vertex 6.65388 0.859367 57.2425
      vertex 8.82434 -4.14819 54.2713
      vertex 8.76757 -4.22916 54.2856
    endloop
  endfacet
  facet normal -0.545793 0.239811 -0.80287
    outer loop
      vertex 8.82434 -4.14819 54.2713
      vertex 6.65388 0.859367 57.2425
      vertex 6.72115 0.915044 57.2134
    endloop
  endfacet
  facet normal 0.0272445 -0.493748 0.869178
    outer loop
      vertex 5.87596 1.81777 54.8341
      vertex 8.74094 -4.84381 50.9601
      vertex 5.96649 1.83544 54.8413
    endloop
  endfacet
  facet normal 0.027148 -0.49378 0.869163
    outer loop
      vertex 8.74094 -4.84381 50.9601
      vertex 5.87596 1.81777 54.8341
      vertex 8.68251 -4.93873 50.908
    endloop
  endfacet
  facet normal 0.217335 0.556336 -0.802032
    outer loop
      vertex 5.62892 0.316154 57.1403
      vertex 8.06522 -5.33157 53.8829
      vertex 8.01258 -5.4223 53.8057
    endloop
  endfacet
  facet normal 0.216217 0.556116 -0.802487
    outer loop
      vertex 8.06522 -5.33157 53.8829
      vertex 5.62892 0.316154 57.1403
      vertex 5.7099 0.338638 57.1777
    endloop
  endfacet
  facet normal -0.599205 -0.573498 0.558618
    outer loop
      vertex 6.78212 1.90278 55.2182
      vertex 9.26153 -3.91481 51.9052
      vertex 6.84759 1.89652 55.282
    endloop
  endfacet
  facet normal -0.599667 -0.573444 0.558177
    outer loop
      vertex 9.26153 -3.91481 51.9052
      vertex 6.78212 1.90278 55.2182
      vertex 9.2273 -3.98375 51.7976
    endloop
  endfacet
  facet normal -0.390767 -0.578408 0.716062
    outer loop
      vertex 6.4848 1.90278 55.0057
      vertex 9.10624 -4.21407 51.4953
      vertex 6.56423 1.90557 55.0513
    endloop
  endfacet
  facet normal -0.391394 -0.578458 0.71568
    outer loop
      vertex 9.10624 -4.21407 51.4953
      vertex 6.4848 1.90278 55.0057
      vertex 9.06034 -4.29758 51.4027
    endloop
  endfacet
  facet normal 0.0337485 0.512573 -0.85798
    outer loop
      vertex 5.87507 0.392931 57.2376
      vertex 8.23302 -5.05107 54.078
      vertex 8.17567 -5.14555 54.0193
    endloop
  endfacet
  facet normal 0.0339129 0.51263 -0.857939
    outer loop
      vertex 8.23302 -5.05107 54.078
      vertex 5.92984 0.413647 57.2522
      vertex 5.95792 0.426015 57.2607
    endloop
  endfacet
  facet normal 0.0346756 0.512856 -0.857774
    outer loop
      vertex 8.23302 -5.05107 54.078
      vertex 5.87507 0.392931 57.2376
      vertex 5.92984 0.413647 57.2522
    endloop
  endfacet
  facet normal 0.550937 0.578424 -0.601576
    outer loop
      vertex 5.17113 0.289238 56.8434
      vertex 7.78407 -5.83806 53.3449
      vertex 7.74667 -5.91112 53.2404
    endloop
  endfacet
  facet normal 0.55041 0.578457 -0.602027
    outer loop
      vertex 7.78407 -5.83806 53.3449
      vertex 5.17113 0.289238 56.8434
      vertex 5.24206 0.28159 56.9009
    endloop
  endfacet
  facet normal -0.928096 -0.204834 -0.310937
    outer loop
      vertex 9.30556 -3.54751 53.6536
      vertex 7.22821 1.53785 56.5041
      vertex 9.3314 -3.52539 53.5619
    endloop
  endfacet
  facet normal -0.928069 -0.204746 -0.311074
    outer loop
      vertex 7.22821 1.53785 56.5041
      vertex 9.30556 -3.54751 53.6536
      vertex 7.21134 1.49414 56.5832
    endloop
  endfacet
  facet normal -0.494963 0.273618 -0.824709
    outer loop
      vertex 6.58392 0.804211 57.2661
      vertex 8.76757 -4.22916 54.2856
      vertex 8.70961 -4.31321 54.2925
    endloop
  endfacet
  facet normal -0.494331 0.274034 -0.82495
    outer loop
      vertex 8.76757 -4.22916 54.2856
      vertex 6.58392 0.804211 57.2661
      vertex 6.65388 0.859367 57.2425
    endloop
  endfacet
  facet normal 0.929061 0.368743 0.0295563
    outer loop
      vertex 7.53813 -6.31274 52.0364
      vertex 4.62997 0.696405 56.0047
      vertex 4.64832 0.644216 56.079
    endloop
  endfacet
  facet normal 0.929071 0.368716 0.0296108
    outer loop
      vertex 4.62997 0.696405 56.0047
      vertex 7.53813 -6.31274 52.0364
      vertex 7.52761 -6.27939 51.9512
    endloop
  endfacet
  facet normal -0.729671 -0.543909 0.41442
    outer loop
      vertex 6.96459 1.87974 55.4225
      vertex 9.34381 -3.7356 52.2417
      vertex 7.01622 1.86785 55.4978
    endloop
  endfacet
  facet normal -0.729419 -0.543992 0.414754
    outer loop
      vertex 9.34381 -3.7356 52.2417
      vertex 6.96459 1.87974 55.4225
      vertex 9.31991 -3.79047 52.1277
    endloop
  endfacet
  facet normal -0.446641 -0.580939 0.680457
    outer loop
      vertex 6.56423 1.90557 55.0513
      vertex 9.14949 -4.13371 51.5922
      vertex 6.64115 1.90488 55.1012
    endloop
  endfacet
  facet normal -0.446062 -0.580918 0.680854
    outer loop
      vertex 9.14949 -4.13371 51.5922
      vertex 6.56423 1.90557 55.0513
      vertex 9.10624 -4.21407 51.4953
    endloop
  endfacet
  facet normal -0.901509 -0.424212 0.085594
    outer loop
      vertex 7.1988 1.7725 55.9084
      vertex 9.40769 -3.52199 52.9333
      vertex 7.21983 1.74508 55.994
    endloop
  endfacet
  facet normal -0.901506 -0.424216 0.0856038
    outer loop
      vertex 9.40769 -3.52199 52.9333
      vertex 7.1988 1.7725 55.9084
      vertex 9.40678 -3.543 52.8196
    endloop
  endfacet
  facet normal -0.0886294 0.472664 -0.876775
    outer loop
      vertex 6.03976 0.464586 57.2799
      vertex 8.35073 -4.86119 54.1752
      vertex 8.29145 -4.95615 54.13
    endloop
  endfacet
  facet normal -0.0891414 0.472472 -0.876826
    outer loop
      vertex 8.35073 -4.86119 54.1752
      vertex 6.03976 0.464586 57.2799
      vertex 6.12144 0.505607 57.2937
    endloop
  endfacet
  facet normal -0.915812 -0.16861 -0.364499
    outer loop
      vertex 9.27623 -3.57563 53.7403
      vertex 7.21134 1.49414 56.5832
      vertex 9.30556 -3.54751 53.6536
    endloop
  endfacet
  facet normal -0.915768 -0.168505 -0.364656
    outer loop
      vertex 7.21134 1.49414 56.5832
      vertex 9.27623 -3.57563 53.7403
      vertex 7.20539 1.48168 56.6039
    endloop
  endfacet
  facet normal -0.915907 -0.168848 -0.36415
    outer loop
      vertex 7.20539 1.48168 56.6039
      vertex 9.27623 -3.57563 53.7403
      vertex 7.18893 1.44933 56.6603
    endloop
  endfacet
  facet normal 0.645623 0.566045 -0.512605
    outer loop
      vertex 7.71243 -5.98007 53.1329
      vertex 5.05816 0.31065 56.7364
      vertex 5.10366 0.30032 56.7823
    endloop
  endfacet
  facet normal 0.645782 0.566016 -0.512437
    outer loop
      vertex 7.71243 -5.98007 53.1329
      vertex 5.03937 0.316154 56.7188
      vertex 5.05816 0.31065 56.7364
    endloop
  endfacet
  facet normal 0.645709 0.566029 -0.512514
    outer loop
      vertex 5.03937 0.316154 56.7188
      vertex 7.71243 -5.98007 53.1329
      vertex 7.68152 -6.04459 53.0227
    endloop
  endfacet
  facet normal 0.828467 0.0188868 0.559719
    outer loop
      vertex 4.73294 1.19654 55.3683
      vertex 7.71474 -5.83019 51.1919
      vertex 4.77353 1.2505 55.3064
    endloop
  endfacet
  facet normal 0.828589 0.0190486 0.559534
    outer loop
      vertex 7.71474 -5.83019 51.1919
      vertex 4.73294 1.19654 55.3683
      vertex 7.67361 -5.88284 51.2546
    endloop
  endfacet
  facet normal 0.594986 -0.204512 0.777282
    outer loop
      vertex 5.05437 1.49414 55.0413
      vertex 8.04656 -5.49857 50.911
      vertex 5.12374 1.53785 54.9997
    endloop
  endfacet
  facet normal 0.594489 -0.20489 0.777562
    outer loop
      vertex 8.04656 -5.49857 50.911
      vertex 5.05437 1.49414 55.0413
      vertex 7.98228 -5.55453 50.9454
    endloop
  endfacet
  facet normal -0.334524 -0.573496 0.747794
    outer loop
      vertex 6.40321 1.89652 54.9644
      vertex 9.06034 -4.29758 51.4027
      vertex 6.4848 1.90278 55.0057
    endloop
  endfacet
  facet normal -0.334446 -0.573487 0.747836
    outer loop
      vertex 9.06034 -4.29758 51.4027
      vertex 6.40321 1.89652 54.9644
      vertex 9.01198 -4.38387 51.3149
    endloop
  endfacet
  facet normal -0.688793 -0.556259 0.464908
    outer loop
      vertex 6.90878 1.88817 55.3499
      vertex 9.31991 -3.79047 52.1277
      vertex 6.96459 1.87974 55.4225
    endloop
  endfacet
  facet normal -0.689198 -0.556159 0.464428
    outer loop
      vertex 9.31991 -3.79047 52.1277
      vertex 6.90878 1.88817 55.3499
      vertex 9.29244 -3.85029 52.0153
    endloop
  endfacet
  facet normal 0.725599 -0.0946548 0.681576
    outer loop
      vertex 4.87098 1.35375 55.1907
      vertex 7.86375 -5.66634 51.0297
      vertex 4.92742 1.40261 55.1374
    endloop
  endfacet
  facet normal 0.725504 -0.094748 0.681665
    outer loop
      vertex 7.86375 -5.66634 51.0297
      vertex 4.87098 1.35375 55.1907
      vertex 7.81001 -5.72171 51.0792
    endloop
  endfacet
  facet normal 0.49944 0.580928 -0.642715
    outer loop
      vertex 5.24206 0.28159 56.9009
      vertex 7.82448 -5.76117 53.4458
      vertex 7.78407 -5.83806 53.3449
    endloop
  endfacet
  facet normal 0.499513 0.580927 -0.642659
    outer loop
      vertex 7.82448 -5.76117 53.4458
      vertex 5.24206 0.28159 56.9009
      vertex 5.31614 0.277409 56.9547
    endloop
  endfacet
  facet normal -0.800616 -0.512724 0.310046
    outer loop
      vertex 7.09139 1.84034 55.6273
      vertex 9.38051 -3.64165 52.4728
      vertex 7.10541 1.83544 55.6554
    endloop
  endfacet
  facet normal -0.800957 -0.512537 0.309473
    outer loop
      vertex 7.06344 1.85256 55.5752
      vertex 9.38051 -3.64165 52.4728
      vertex 7.09139 1.84034 55.6273
    endloop
  endfacet
  facet normal -0.800884 -0.512576 0.309597
    outer loop
      vertex 9.38051 -3.64165 52.4728
      vertex 7.06344 1.85256 55.5752
      vertex 9.36404 -3.68592 52.3569
    endloop
  endfacet
  facet normal 0.800857 0.51259 -0.309642
    outer loop
      vertex 7.60993 -6.20896 52.6812
      vertex 4.83613 0.413647 56.4703
      vertex 4.8676 0.392931 56.5174
    endloop
  endfacet
  facet normal 0.800709 0.512671 -0.309892
    outer loop
      vertex 7.60993 -6.20896 52.6812
      vertex 4.819 0.426015 56.4465
      vertex 4.83613 0.413647 56.4703
    endloop
  endfacet
  facet normal 0.800841 0.5126 -0.309669
    outer loop
      vertex 4.819 0.426015 56.4465
      vertex 7.60993 -6.20896 52.6812
      vertex 7.59345 -6.25323 52.5653
    endloop
  endfacet
  facet normal -0.440748 0.307045 -0.843483
    outer loop
      vertex 6.51156 0.749813 57.2841
      vertex 8.70961 -4.31321 54.2925
      vertex 8.6507 -4.39997 54.2917
    endloop
  endfacet
  facet normal -0.440684 0.307085 -0.843503
    outer loop
      vertex 8.70961 -4.31321 54.2925
      vertex 6.51156 0.749813 57.2841
      vertex 6.58392 0.804211 57.2661
    endloop
  endfacet
  facet normal -0.033834 -0.512596 0.857963
    outer loop
      vertex 5.99767 1.84034 54.8454
      vertex 8.79829 -4.74933 51.0188
      vertex 6.05597 1.85256 54.855
    endloop
  endfacet
  facet normal -0.0323724 -0.512159 0.85828
    outer loop
      vertex 5.96649 1.83544 54.8413
      vertex 8.79829 -4.74933 51.0188
      vertex 5.99767 1.84034 54.8454
    endloop
  endfacet
  facet normal -0.0337457 -0.512575 0.857979
    outer loop
      vertex 8.79829 -4.74933 51.0188
      vertex 5.96649 1.83544 54.8413
      vertex 8.74094 -4.84381 50.9601
    endloop
  endfacet
  facet normal -0.763424 0.0567503 -0.643399
    outer loop
      vertex 9.08185 -3.80107 54.0891
      vertex 6.95639 1.14133 57.047
      vertex 7.00592 1.19654 56.9931
    endloop
  endfacet
  facet normal -0.763388 0.0567899 -0.643439
    outer loop
      vertex 6.95639 1.14133 57.047
      vertex 9.08185 -3.80107 54.0891
      vertex 9.0346 -3.86178 54.1398
    endloop
  endfacet
  facet normal 0.856039 0.0570539 0.513752
    outer loop
      vertex 4.69803 1.14133 55.4326
      vertex 7.67361 -5.88284 51.2546
      vertex 4.73294 1.19654 55.3683
    endloop
  endfacet
  facet normal 0.856045 0.0570627 0.513742
    outer loop
      vertex 7.67361 -5.88284 51.2546
      vertex 4.69803 1.14133 55.4326
      vertex 7.63706 -5.93413 51.3212
    endloop
  endfacet
  facet normal 0.879759 0.09472 0.465888
    outer loop
      vertex 4.66892 1.08511 55.499
      vertex 7.63706 -5.93413 51.3212
      vertex 4.69803 1.14133 55.4326
    endloop
  endfacet
  facet normal 0.879633 0.0944979 0.466171
    outer loop
      vertex 7.63706 -5.93413 51.3212
      vertex 4.66892 1.08511 55.499
      vertex 7.60525 -5.98384 51.3913
    endloop
  endfacet
  facet normal -0.936312 -0.239916 -0.256438
    outer loop
      vertex 9.3314 -3.52539 53.5619
      vertex 7.23991 1.57918 56.4227
      vertex 9.35361 -3.50935 53.4658
    endloop
  endfacet
  facet normal -0.936316 -0.239936 -0.256406
    outer loop
      vertex 7.23991 1.57918 56.4227
      vertex 9.3314 -3.52539 53.5619
      vertex 7.22821 1.53785 56.5041
    endloop
  endfacet
  facet normal -0.385297 0.33874 -0.858371
    outer loop
      vertex 6.43711 0.696405 57.2965
      vertex 8.6507 -4.39997 54.2917
      vertex 8.59108 -4.48907 54.2833
    endloop
  endfacet
  facet normal -0.385761 0.338477 -0.858267
    outer loop
      vertex 8.6507 -4.39997 54.2917
      vertex 6.43711 0.696405 57.2965
      vertex 6.51156 0.749813 57.2841
    endloop
  endfacet
  facet normal 0.766807 0.529416 -0.36294
    outer loop
      vertex 7.63016 -6.15928 52.7964
      vertex 4.8676 0.392931 56.5174
      vertex 4.92038 0.364267 56.5871
    endloop
  endfacet
  facet normal 0.766788 0.529425 -0.362968
    outer loop
      vertex 4.8676 0.392931 56.5174
      vertex 7.63016 -6.15928 52.7964
      vertex 7.60993 -6.20896 52.6812
    endloop
  endfacet
  facet normal -0.917256 -0.397309 0.0280443
    outer loop
      vertex 7.22356 1.7379 56.0141
      vertex 9.40465 -3.50708 53.0453
      vertex 7.23454 1.71728 56.0811
    endloop
  endfacet
  facet normal -0.917208 -0.397405 0.0282497
    outer loop
      vertex 7.21983 1.74508 55.994
      vertex 9.40465 -3.50708 53.0453
      vertex 7.22356 1.7379 56.0141
    endloop
  endfacet
  facet normal -0.917268 -0.397285 0.0279913
    outer loop
      vertex 9.40465 -3.50708 53.0453
      vertex 7.21983 1.74508 55.994
      vertex 9.40769 -3.52199 52.9333
    endloop
  endfacet
  facet normal 0.685052 -0.131766 0.716478
    outer loop
      vertex 4.92742 1.40261 55.1374
      vertex 7.92126 -5.61053 50.9851
      vertex 4.9887 1.44933 55.0874
    endloop
  endfacet
  facet normal 0.684432 -0.132322 0.716969
    outer loop
      vertex 7.92126 -5.61053 50.9851
      vertex 4.92742 1.40261 55.1374
      vertex 7.86375 -5.66634 51.0297
    endloop
  endfacet
  facet normal 0.91576 0.168474 0.364693
    outer loop
      vertex 4.63328 0.986197 55.6179
      vertex 7.57832 -6.03175 51.4648
      vertex 4.64576 1.02811 55.5672
    endloop
  endfacet
  facet normal 0.916003 0.169114 0.363784
    outer loop
      vertex 4.62846 0.971003 55.6371
      vertex 7.57832 -6.03175 51.4648
      vertex 4.63328 0.986197 55.6179
    endloop
  endfacet
  facet normal 0.915823 0.168638 0.364457
    outer loop
      vertex 7.57832 -6.03175 51.4648
      vertex 4.62846 0.971003 55.6371
      vertex 7.55637 -6.07766 51.5412
    endloop
  endfacet
  facet normal 0.150099 -0.449381 0.88064
    outer loop
      vertex 5.69691 1.7725 54.8348
      vertex 8.62324 -5.03369 50.8629
      vertex 5.78597 1.79676 54.832
    endloop
  endfacet
  facet normal 0.149795 -0.449505 0.880628
    outer loop
      vertex 8.62324 -5.03369 50.8629
      vertex 5.69691 1.7725 54.8348
      vertex 8.56338 -5.12828 50.8248
    endloop
  endfacet
  facet normal 0.763092 -0.0571099 0.643762
    outer loop
      vertex 4.8196 1.30298 55.2471
      vertex 7.81001 -5.72171 51.0792
      vertex 4.87098 1.35375 55.1907
    endloop
  endfacet
  facet normal 0.763444 -0.0567316 0.643377
    outer loop
      vertex 7.81001 -5.72171 51.0792
      vertex 4.8196 1.30298 55.2471
      vertex 7.76027 -5.7764 51.1334
    endloop
  endfacet
  facet normal 0.386046 -0.338325 0.858199
    outer loop
      vertex 5.35373 1.65399 54.9005
      vertex 8.33422 -5.28865 50.8228
      vertex 5.43658 1.68714 54.8763
    endloop
  endfacet
  facet normal 0.385645 -0.338551 0.85829
    outer loop
      vertex 8.33422 -5.28865 50.8228
      vertex 5.35373 1.65399 54.9005
      vertex 8.25855 -5.3391 50.8369
    endloop
  endfacet
  facet normal -0.499329 -0.580929 0.6428
    outer loop
      vertex 6.64115 1.90488 55.1012
      vertex 9.1899 -4.05682 51.6932
      vertex 6.71321 1.90557 55.1578
    endloop
  endfacet
  facet normal -0.499989 -0.580922 0.642293
    outer loop
      vertex 9.1899 -4.05682 51.6932
      vertex 6.64115 1.90488 55.1012
      vertex 9.14949 -4.13371 51.5922
    endloop
  endfacet
  facet normal 0.936906 0.338549 0.0871277
    outer loop
      vertex 7.52761 -6.27939 51.9512
      vertex 4.61759 0.749813 55.9303
      vertex 4.62997 0.696405 56.0047
    endloop
  endfacet
  facet normal 0.936901 0.338578 0.0870716
    outer loop
      vertex 4.61759 0.749813 55.9303
      vertex 7.52761 -6.27939 51.9512
      vertex 7.52241 -6.24327 51.8667
    endloop
  endfacet
  facet normal -0.216722 -0.556214 0.802283
    outer loop
      vertex 6.2324 1.87974 54.8991
      vertex 8.96138 -4.47257 51.2323
      vertex 6.31923 1.88817 54.9284
    endloop
  endfacet
  facet normal -0.216495 -0.556169 0.802375
    outer loop
      vertex 8.96138 -4.47257 51.2323
      vertex 6.2324 1.87974 54.8991
      vertex 8.90874 -4.56331 51.1552
    endloop
  endfacet
  facet normal -0.83151 -0.493547 0.254955
    outer loop
      vertex 7.10541 1.83544 55.6554
      vertex 9.39316 -3.60296 52.5889
      vertex 7.14147 1.81777 55.7388
    endloop
  endfacet
  facet normal -0.831446 -0.493591 0.25508
    outer loop
      vertex 9.39316 -3.60296 52.5889
      vertex 7.10541 1.83544 55.6554
      vertex 9.38051 -3.64165 52.4728
    endloop
  endfacet
  facet normal 0.27027 -0.397334 0.876972
    outer loop
      vertex 5.58885 1.7379 54.8456
      vertex 8.49086 -5.1924 50.8113
      vertex 5.60914 1.74508 54.8426
    endloop
  endfacet
  facet normal 0.269456 -0.397719 0.877048
    outer loop
      vertex 5.52196 1.71728 54.8568
      vertex 8.49086 -5.1924 50.8113
      vertex 5.58885 1.7379 54.8456
    endloop
  endfacet
  facet normal 0.27067 -0.397134 0.876939
    outer loop
      vertex 8.49086 -5.1924 50.8113
      vertex 5.52196 1.71728 54.8568
      vertex 8.41177 -5.23968 50.8143
    endloop
  endfacet
  facet normal 0.640273 -0.169411 0.749233
    outer loop
      vertex 5.03668 1.48168 55.0536
      vertex 7.98228 -5.55453 50.9454
      vertex 5.05437 1.49414 55.0413
    endloop
  endfacet
  facet normal 0.641142 -0.168706 0.748649
    outer loop
      vertex 4.9887 1.44933 55.0874
      vertex 7.98228 -5.55453 50.9454
      vertex 5.03668 1.48168 55.0536
    endloop
  endfacet
  facet normal 0.641489 -0.16842 0.748416
    outer loop
      vertex 7.98228 -5.55453 50.9454
      vertex 4.9887 1.44933 55.0874
      vertex 7.92126 -5.61053 50.9851
    endloop
  endfacet
  facet normal 0.545546 -0.239988 0.802985
    outer loop
      vertex 5.12374 1.53785 54.9997
      vertex 8.11412 -5.44358 50.8815
      vertex 5.19697 1.57918 54.9623
    endloop
  endfacet
  facet normal 0.54585 -0.239774 0.802843
    outer loop
      vertex 8.11412 -5.44358 50.8815
      vertex 5.12374 1.53785 54.9997
      vertex 8.09165 -5.46125 50.8915
    endloop
  endfacet
  facet normal 0.545743 -0.239849 0.802893
    outer loop
      vertex 8.09165 -5.46125 50.8915
      vertex 5.12374 1.53785 54.9997
      vertex 8.04656 -5.49857 50.911
    endloop
  endfacet
  facet normal -0.725507 0.0947361 -0.681663
    outer loop
      vertex 9.0346 -3.86178 54.1398
      vertex 6.90301 1.08511 57.096
      vertex 6.95639 1.14133 57.047
    endloop
  endfacet
  facet normal -0.725519 0.0947247 -0.681652
    outer loop
      vertex 6.90301 1.08511 57.096
      vertex 9.0346 -3.86178 54.1398
      vertex 8.98501 -3.92713 54.1835
    endloop
  endfacet
  facet normal -0.858478 -0.472487 0.199429
    outer loop
      vertex 7.14147 1.81777 55.7388
      vertex 9.40193 -3.57003 52.7046
      vertex 7.17264 1.79676 55.8232
    endloop
  endfacet
  facet normal -0.858421 -0.472536 0.199559
    outer loop
      vertex 9.40193 -3.57003 52.7046
      vertex 7.14147 1.81777 55.7388
      vertex 9.39316 -3.60296 52.5889
    endloop
  endfacet
  facet normal 0.79762 -0.018992 0.602861
    outer loop
      vertex 4.77353 1.2505 55.3064
      vertex 7.76027 -5.7764 51.1334
      vertex 4.8196 1.30298 55.2471
    endloop
  endfacet
  facet normal 0.797476 -0.0191638 0.603047
    outer loop
      vertex 7.76027 -5.7764 51.1334
      vertex 4.77353 1.2505 55.3064
      vertex 7.71474 -5.83019 51.1919
    endloop
  endfacet
  facet normal 0.494158 -0.274141 0.825018
    outer loop
      vertex 5.19697 1.57918 54.9623
      vertex 8.18508 -5.39082 50.8565
      vertex 5.27374 1.61795 54.9292
    endloop
  endfacet
  facet normal 0.494364 -0.274006 0.824939
    outer loop
      vertex 8.18508 -5.39082 50.8565
      vertex 5.19697 1.57918 54.9623
      vertex 8.11412 -5.44358 50.8815
    endloop
  endfacet
  facet normal -0.0951751 -0.529396 0.843019
    outer loop
      vertex 6.05597 1.85256 54.855
      vertex 8.85431 -4.65569 51.0839
      vertex 6.14453 1.86785 54.8746
    endloop
  endfacet
  facet normal -0.0949354 -0.529332 0.843087
    outer loop
      vertex 8.85431 -4.65569 51.0839
      vertex 6.05597 1.85256 54.855
      vertex 8.79829 -4.74933 51.0188
    endloop
  endfacet
  facet normal -0.550804 -0.578432 0.60169
    outer loop
      vertex 6.71321 1.90557 55.1578
      vertex 9.2273 -3.98375 51.7976
      vertex 6.78212 1.90278 55.2182
    endloop
  endfacet
  facet normal -0.550398 -0.578457 0.602038
    outer loop
      vertex 9.2273 -3.98375 51.7976
      vertex 6.71321 1.90557 55.1578
      vertex 9.1899 -4.05682 51.6932
    endloop
  endfacet
  facet normal 0.440918 -0.306955 0.843427
    outer loop
      vertex 5.27374 1.61795 54.9292
      vertex 8.25855 -5.3391 50.8369
      vertex 5.35373 1.65399 54.9005
    endloop
  endfacet
  facet normal 0.441032 -0.306886 0.843393
    outer loop
      vertex 8.25855 -5.3391 50.8369
      vertex 5.27374 1.61795 54.9292
      vertex 8.18508 -5.39082 50.8565
    endloop
  endfacet
  facet normal -0.684906 0.131899 -0.716594
    outer loop
      vertex 6.846 1.02811 57.14
      vertex 8.98501 -3.92713 54.1835
      vertex 8.93329 -3.99685 54.2201
    endloop
  endfacet
  facet normal -0.684919 0.131887 -0.716584
    outer loop
      vertex 8.98501 -3.92713 54.1835
      vertex 6.846 1.02811 57.14
      vertex 6.90301 1.08511 57.096
    endloop
  endfacet
  facet normal -0.641092 0.168746 -0.748683
    outer loop
      vertex 6.78543 0.971003 57.179
      vertex 8.93329 -3.99685 54.2201
      vertex 8.87965 -4.07064 54.2494
    endloop
  endfacet
  facet normal -0.640792 0.168986 -0.748885
    outer loop
      vertex 8.93329 -3.99685 54.2201
      vertex 6.80199 0.986197 57.1682
      vertex 6.846 1.02811 57.14
    endloop
  endfacet
  facet normal -0.642004 0.167987 -0.748072
    outer loop
      vertex 8.93329 -3.99685 54.2201
      vertex 6.78543 0.971003 57.179
      vertex 6.80199 0.986197 57.1682
    endloop
  endfacet
  facet normal -0.766674 -0.529475 0.363135
    outer loop
      vertex 7.01622 1.86785 55.4978
      vertex 9.36404 -3.68592 52.3569
      vertex 7.06344 1.85256 55.5752
    endloop
  endfacet
  facet normal -0.766785 -0.529428 0.362969
    outer loop
      vertex 9.36404 -3.68592 52.3569
      vertex 7.01622 1.86785 55.4978
      vertex 9.34381 -3.7356 52.2417
    endloop
  endfacet
  facet normal 0.390952 0.578427 -0.715946
    outer loop
      vertex -1.20676 -14.8032 66.2371
      vertex -3.04946 -10.173 68.9717
      vertex -1.13886 -14.7726 66.2989
    endloop
  endfacet
  facet normal 0.391007 0.57843 -0.715913
    outer loop
      vertex -3.04946 -10.173 68.9717
      vertex -1.20676 -14.8032 66.2371
      vertex -3.12687 -10.1807 68.9232
    endloop
  endfacet
  facet normal 0.446136 0.580925 -0.6808
    outer loop
      vertex -1.27137 -14.8321 66.1701
      vertex -3.12687 -10.1807 68.9232
      vertex -1.20676 -14.8032 66.2371
    endloop
  endfacet
  facet normal 0.446343 0.580927 -0.680663
    outer loop
      vertex -3.12687 -10.1807 68.9232
      vertex -1.27137 -14.8321 66.1701
      vertex -3.20177 -10.1849 68.8705
    endloop
  endfacet
  facet normal -0.150956 0.449031 -0.880672
    outer loop
      vertex -2.39647 -9.95668 69.2095
      vertex -0.464914 -14.368 66.6292
      vertex -0.542572 -14.4198 66.6161
    endloop
  endfacet
  facet normal -0.149768 0.449523 -0.880624
    outer loop
      vertex -0.464914 -14.368 66.6292
      vertex -2.39647 -9.95668 69.2095
      vertex -2.31531 -9.91338 69.2178
    endloop
  endfacet
  facet normal -0.828594 -0.0190579 -0.559526
    outer loop
      vertex 0.470463 -13.7233 66.1357
      vertex -1.46653 -9.21179 68.8505
      vertex -1.42533 -9.15931 68.7877
    endloop
  endfacet
  facet normal -0.828465 -0.0188845 -0.559722
    outer loop
      vertex -1.46653 -9.21179 68.8505
      vertex 0.470463 -13.7233 66.1357
      vertex 0.422581 -13.7597 66.2078
    endloop
  endfacet
  facet normal 0.858473 0.472489 -0.199445
    outer loop
      vertex -1.67185 -14.9854 65.3928
      vertex -3.78314 -9.95668 68.2183
      vertex -3.74365 -9.9977 68.2911
    endloop
  endfacet
  facet normal 0.85863 0.472354 -0.199087
    outer loop
      vertex -3.78314 -9.95668 68.2183
      vertex -1.67185 -14.9854 65.3928
      vertex -1.69228 -14.9902 65.2933
    endloop
  endfacet
  facet normal 0.940733 0.306926 0.144281
    outer loop
      vertex -1.71111 -14.9828 64.7835
      vertex -3.90667 -9.65808 67.7717
      vertex -3.90032 -9.71247 67.846
    endloop
  endfacet
  facet normal 0.940734 0.306911 0.144308
    outer loop
      vertex -3.90667 -9.65808 67.7717
      vertex -1.71111 -14.9828 64.7835
      vertex -1.6981 -14.975 64.6821
    endloop
  endfacet
  facet normal 0.440841 0.431835 -0.786878
    outer loop
      vertex -1.13886 -14.7726 66.2989
      vertex -1.0825 -14.7434 66.3465
      vertex -1.13551 -14.7711 66.3016
    endloop
  endfacet
  facet normal 0.27229 0.642326 -0.716433
    outer loop
      vertex -1.0825 -14.7434 66.3465
      vertex -1.13886 -14.7726 66.2989
      vertex -1.06978 -14.7363 66.3577
    endloop
  endfacet
  facet normal 0.334942 0.57354 -0.747573
    outer loop
      vertex -1.13886 -14.7726 66.2989
      vertex -2.96987 -10.162 69.0158
      vertex -1.06978 -14.7363 66.3577
    endloop
  endfacet
  facet normal 0.334952 0.573541 -0.747568
    outer loop
      vertex -2.96987 -10.162 69.0158
      vertex -1.13886 -14.7726 66.2989
      vertex -3.04946 -10.173 68.9717
    endloop
  endfacet
  facet normal -0.929073 -0.368709 -0.0296246
    outer loop
      vertex -1.28337 -8.74501 67.9968
      vertex 0.710543 -13.5532 65.3075
      vertex -1.27419 -8.77514 68.0839
    endloop
  endfacet
  facet normal -0.929057 -0.368758 -0.0295249
    outer loop
      vertex 0.710543 -13.5532 65.3075
      vertex -1.28337 -8.74501 67.9968
      vertex 0.71391 -13.5533 65.2028
    endloop
  endfacet
  facet normal 0.901495 0.424232 -0.0856452
    outer loop
      vertex -1.70721 -14.993 65.1925
      vertex -3.84569 -9.868 68.069
      vertex -3.8172 -9.91338 68.1441
    endloop
  endfacet
  facet normal 0.901543 0.424162 -0.0854854
    outer loop
      vertex -3.84569 -9.868 68.069
      vertex -1.70721 -14.993 65.1925
      vertex -1.71659 -14.9936 65.0906
    endloop
  endfacet
  facet normal 0.899634 0.131805 0.416276
    outer loop
      vertex -1.59179 -14.9239 64.2929
      vertex -3.84899 -9.37718 67.4148
      vertex -3.87215 -9.43418 67.4829
    endloop
  endfacet
  facet normal 0.899688 0.131911 0.416126
    outer loop
      vertex -3.84899 -9.37718 67.4148
      vertex -1.59179 -14.9239 64.2929
      vertex -1.55222 -14.9064 64.2018
    endloop
  endfacet
  facet normal -0.879751 -0.0947013 -0.465908
    outer loop
      vertex 0.514523 -13.6901 66.0586
      vertex -1.35641 -9.05968 68.6502
      vertex 0.554572 -13.6602 65.9769
    endloop
  endfacet
  facet normal -0.879655 -0.0945435 -0.466121
    outer loop
      vertex -1.35641 -9.05968 68.6502
      vertex 0.514523 -13.6901 66.0586
      vertex -1.38857 -9.10853 68.7208
    endloop
  endfacet
  facet normal 0.156054 0.543913 -0.824503
    outer loop
      vertex -2.80801 -10.1236 69.0935
      vertex -0.850527 -14.6127 66.5026
      vertex -0.925707 -14.6551 66.4604
    endloop
  endfacet
  facet normal 0.156549 0.54403 -0.824332
    outer loop
      vertex -0.850527 -14.6127 66.5026
      vertex -2.80801 -10.1236 69.0935
      vertex -2.72584 -10.098 69.126
    endloop
  endfacet
  facet normal 0.831518 0.493544 -0.254934
    outer loop
      vertex -1.64601 -14.9784 65.4905
      vertex -3.74365 -9.9977 68.2911
      vertex -3.69891 -10.0363 68.3623
    endloop
  endfacet
  facet normal 0.831357 0.493653 -0.255249
    outer loop
      vertex -3.74365 -9.9977 68.2911
      vertex -1.64601 -14.9784 65.4905
      vertex -1.67185 -14.9854 65.3928
    endloop
  endfacet
  facet normal -0.329396 0.368351 -0.869377
    outer loop
      vertex -2.15701 -9.81807 69.219
      vertex -0.233243 -14.2137 66.6277
      vertex -0.309917 -14.2648 66.6351
    endloop
  endfacet
  facet normal -0.328879 0.368624 -0.869457
    outer loop
      vertex -0.233243 -14.2137 66.6277
      vertex -2.15701 -9.81807 69.219
      vertex -2.0808 -9.76588 69.2123
    endloop
  endfacet
  facet normal -0.270266 0.397326 -0.876977
    outer loop
      vertex -2.23501 -9.868 69.2204
      vertex -0.309917 -14.2648 66.6351
      vertex -0.387251 -14.3163 66.6356
    endloop
  endfacet
  facet normal -0.270034 0.397437 -0.876998
    outer loop
      vertex -0.309917 -14.2648 66.6351
      vertex -2.21636 -9.85685 69.2197
      vertex -2.15701 -9.81807 69.219
    endloop
  endfacet
  facet normal -0.270415 0.397253 -0.876964
    outer loop
      vertex -0.309917 -14.2648 66.6351
      vertex -2.23501 -9.868 69.2204
      vertex -2.21636 -9.85685 69.2197
    endloop
  endfacet
  facet normal 0.328698 -0.368707 0.86949
    outer loop
      vertex -3.08133 -8.77514 66.7921
      vertex -0.624668 -14.4537 63.4554
      vertex -2.99595 -8.74501 66.7726
    endloop
  endfacet
  facet normal 0.328377 -0.368876 0.86954
    outer loop
      vertex -0.624668 -14.4537 63.4554
      vertex -3.08133 -8.77514 66.7921
      vertex -0.703776 -14.4989 63.4661
    endloop
  endfacet
  facet normal 0.689063 0.556185 -0.464598
    outer loop
      vertex -1.49195 -14.9287 65.8556
      vertex -3.5402 -10.1236 68.5701
      vertex -3.47855 -10.1461 68.6346
    endloop
  endfacet
  facet normal 0.69587 0.546829 -0.465558
    outer loop
      vertex -1.5373 -14.9454 65.7682
      vertex -1.49195 -14.9287 65.8556
      vertex -1.51615 -14.9386 65.8078
    endloop
  endfacet
  facet normal 0.689535 0.556069 -0.464036
    outer loop
      vertex -1.49195 -14.9287 65.8556
      vertex -1.5373 -14.9454 65.7682
      vertex -3.5402 -10.1236 68.5701
    endloop
  endfacet
  facet normal -0.940537 -0.274041 -0.200726
    outer loop
      vertex 0.671504 -13.5764 65.6113
      vertex -1.27149 -8.84434 68.2551
      vertex 0.689295 -13.5648 65.5121
    endloop
  endfacet
  facet normal -0.940534 -0.274003 -0.200791
    outer loop
      vertex -1.27149 -8.84434 68.2551
      vertex 0.671504 -13.5764 65.6113
      vertex -1.278 -8.88311 68.3385
    endloop
  endfacet
  facet normal -0.94074 -0.306806 -0.144496
    outer loop
      vertex 0.689295 -13.5648 65.5121
      vertex -1.27022 -8.8083 68.1701
      vertex 0.702326 -13.557 65.4107
    endloop
  endfacet
  facet normal -0.940732 -0.306964 -0.144208
    outer loop
      vertex -1.27022 -8.8083 68.1701
      vertex 0.689295 -13.5648 65.5121
      vertex -1.27149 -8.84434 68.2551
    endloop
  endfacet
  facet normal 0.729288 0.544041 -0.41492
    outer loop
      vertex -1.5373 -14.9454 65.7682
      vertex -3.59753 -10.098 68.5029
      vertex -3.5402 -10.1236 68.5701
    endloop
  endfacet
  facet normal 0.729432 0.543994 -0.414729
    outer loop
      vertex -1.56972 -14.9556 65.6978
      vertex -3.59753 -10.098 68.5029
      vertex -1.5373 -14.9454 65.7682
    endloop
  endfacet
  facet normal 0.728511 0.544306 -0.415935
    outer loop
      vertex -3.59753 -10.098 68.5029
      vertex -1.56972 -14.9556 65.6978
      vertex -1.57859 -14.9584 65.6786
    endloop
  endfacet
  facet normal 0.210787 -0.424192 0.880698
    outer loop
      vertex -2.90877 -8.71721 66.7583
      vertex -0.464683 -14.3624 63.4543
      vertex -2.821 -8.68979 66.7505
    endloop
  endfacet
  facet normal 0.210112 -0.424494 0.880714
    outer loop
      vertex -0.464683 -14.3624 63.4543
      vertex -2.90877 -8.71721 66.7583
      vertex -0.544856 -14.4081 63.4514
    endloop
  endfacet
  facet normal 0.940532 0.273983 0.200831
    outer loop
      vertex -1.6981 -14.975 64.6821
      vertex -3.90698 -9.60292 67.6979
      vertex -3.90667 -9.65808 67.7717
    endloop
  endfacet
  facet normal 0.940528 0.273929 0.200924
    outer loop
      vertex -3.90698 -9.60292 67.6979
      vertex -1.6981 -14.975 64.6821
      vertex -1.67957 -14.9652 64.582
    endloop
  endfacet
  facet normal 0.0716041 -0.450219 0.890043
    outer loop
      vertex -0.307926 -14.2635 63.4848
      vertex -0.385565 -14.3142 63.4654
      vertex -0.36409 -14.3009 63.4704
    endloop
  endfacet
  facet normal 0.0888953 -0.472568 0.876799
    outer loop
      vertex -2.73194 -8.66552 66.7477
      vertex -0.307926 -14.2635 63.4848
      vertex -2.64195 -8.64451 66.7499
    endloop
  endfacet
  facet normal 0.0893776 -0.472387 0.876848
    outer loop
      vertex -0.307926 -14.2635 63.4848
      vertex -2.73194 -8.66552 66.7477
      vertex -0.385565 -14.3142 63.4654
    endloop
  endfacet
  facet normal -0.797469 0.0191711 -0.603056
    outer loop
      vertex 0.422581 -13.7597 66.2078
      vertex -1.51199 -9.26575 68.9089
      vertex -1.46653 -9.21179 68.8505
    endloop
  endfacet
  facet normal -0.797636 0.0189699 -0.602841
    outer loop
      vertex -1.51199 -9.26575 68.9089
      vertex 0.422581 -13.7597 66.2078
      vertex 0.371082 -13.7991 66.2747
    endloop
  endfacet
  facet normal -0.856059 -0.0570865 -0.513716
    outer loop
      vertex 0.514523 -13.6901 66.0586
      vertex -1.42533 -9.15931 68.7877
      vertex -1.38857 -9.10853 68.7208
    endloop
  endfacet
  facet normal -0.856035 -0.0570492 -0.51376
    outer loop
      vertex -1.42533 -9.15931 68.7877
      vertex 0.514523 -13.6901 66.0586
      vertex 0.470463 -13.7233 66.1357
    endloop
  endfacet
  facet normal 0.0952335 0.52941 -0.843004
    outer loop
      vertex -2.72584 -10.098 69.126
      vertex -0.773676 -14.5692 66.5386
      vertex -0.850527 -14.6127 66.5026
    endloop
  endfacet
  facet normal 0.095769 0.529556 -0.842852
    outer loop
      vertex -0.773676 -14.5692 66.5386
      vertex -2.72584 -10.098 69.126
      vertex -2.64284 -10.0694 69.1534
    endloop
  endfacet
  facet normal -0.9369 -0.338583 -0.0870651
    outer loop
      vertex 0.702326 -13.557 65.4107
      vertex -1.27419 -8.77514 68.0839
      vertex 0.710543 -13.5532 65.3075
    endloop
  endfacet
  facet normal -0.936903 -0.338568 -0.087093
    outer loop
      vertex -1.27419 -8.77514 68.0839
      vertex 0.702326 -13.557 65.4107
      vertex -1.27022 -8.8083 68.1701
    endloop
  endfacet
  facet normal 0.276311 0.566079 -0.776664
    outer loop
      vertex -1.06978 -14.7363 66.3577
      vertex -2.88899 -10.1461 69.0561
      vertex -0.998895 -14.6964 66.412
    endloop
  endfacet
  facet normal 0.276437 0.566096 -0.776607
    outer loop
      vertex -1.06978 -14.7363 66.3577
      vertex -2.91172 -10.1516 69.044
      vertex -2.88899 -10.1461 69.0561
    endloop
  endfacet
  facet normal 0.275582 0.56598 -0.776995
    outer loop
      vertex -2.91172 -10.1516 69.044
      vertex -1.06978 -14.7363 66.3577
      vertex -2.96987 -10.162 69.0158
    endloop
  endfacet
  facet normal -0.0269693 0.493846 -0.869131
    outer loop
      vertex -2.55999 -10.0363 69.1764
      vertex -0.619893 -14.4713 66.5962
      vertex -0.696546 -14.5223 66.5696
    endloop
  endfacet
  facet normal -0.0277948 0.493564 -0.869265
    outer loop
      vertex -0.619893 -14.4713 66.5962
      vertex -2.55999 -10.0363 69.1764
      vertex -2.47815 -9.9977 69.1957
    endloop
  endfacet
  facet normal -0.644543 -0.566255 0.513732
    outer loop
      vertex -1.62623 -8.57271 67.2457
      vertex 0.522831 -13.7066 64.2832
      vertex -1.60913 -8.57412 67.2656
    endloop
  endfacet
  facet normal -0.645793 -0.56602 0.512418
    outer loop
      vertex -1.67032 -8.56577 67.1978
      vertex 0.522831 -13.7066 64.2832
      vertex -1.62623 -8.57271 67.2457
    endloop
  endfacet
  facet normal -0.645098 -0.566143 0.513158
    outer loop
      vertex 0.522831 -13.7066 64.2832
      vertex -1.67032 -8.56577 67.1978
      vertex 0.477967 -13.7376 64.1926
    endloop
  endfacet
  facet normal 0.928028 0.204604 0.31129
    outer loop
      vertex -1.6556 -14.9534 64.4834
      vertex -3.88945 -9.49128 67.5529
      vertex -3.90123 -9.54724 67.6248
    endloop
  endfacet
  facet normal 0.928071 0.204747 0.311067
    outer loop
      vertex -3.88945 -9.49128 67.5529
      vertex -1.6556 -14.9534 64.4834
      vertex -1.6263 -14.9396 64.3869
    endloop
  endfacet
  facet normal -0.210037 0.424538 -0.880711
    outer loop
      vertex -2.31531 -9.91338 69.2178
      vertex -0.387251 -14.3163 66.6356
      vertex -0.464914 -14.368 66.6292
    endloop
  endfacet
  facet normal -0.211127 0.424047 -0.880687
    outer loop
      vertex -0.387251 -14.3163 66.6356
      vertex -2.31531 -9.91338 69.2178
      vertex -2.23501 -9.868 69.2204
    endloop
  endfacet
  facet normal -0.899794 -0.132129 -0.415827
    outer loop
      vertex 0.554572 -13.6602 65.9769
      vertex -1.32898 -9.01296 68.576
      vertex 0.590439 -13.6338 65.8909
    endloop
  endfacet
  facet normal -0.899794 -0.132128 -0.415827
    outer loop
      vertex -1.32898 -9.01296 68.576
      vertex 0.554572 -13.6602 65.9769
      vertex -1.35641 -9.05968 68.6502
    endloop
  endfacet
  facet normal -0.15559 -0.543824 0.82465
    outer loop
      vertex -2.28551 -8.58255 66.8149
      vertex -0.0812785 -14.1125 63.584
      vertex -0.00858064 -14.064 63.6297
    endloop
  endfacet
  facet normal -0.156247 -0.54396 0.824436
    outer loop
      vertex -0.0812785 -14.1125 63.584
      vertex -2.28551 -8.58255 66.8149
      vertex -2.37339 -8.59444 66.7904
    endloop
  endfacet
  facet normal 0.598855 0.573542 -0.558947
    outer loop
      vertex -1.38969 -14.8846 66.0213
      vertex -3.41425 -10.162 68.6981
      vertex -3.34678 -10.173 68.7591
    endloop
  endfacet
  facet normal 0.599309 0.57349 -0.558513
    outer loop
      vertex -3.41425 -10.162 68.6981
      vertex -1.38969 -14.8846 66.0213
      vertex -1.44288 -14.9079 65.9403
    endloop
  endfacet
  facet normal -0.594419 0.204949 -0.7776
    outer loop
      vertex -1.79676 -9.54724 69.1292
      vertex 0.127589 -13.9692 66.4927
      vertex 0.0593604 -14.0157 66.5326
    endloop
  endfacet
  facet normal -0.594491 0.204893 -0.77756
    outer loop
      vertex 0.127589 -13.9692 66.4927
      vertex -1.79676 -9.54724 69.1292
      vertex -1.73248 -9.49128 69.0948
    endloop
  endfacet
  facet normal 0.917252 0.397317 -0.0280562
    outer loop
      vertex -1.71659 -14.9936 65.0906
      vertex -3.86959 -9.81807 67.9948
      vertex -3.85107 -9.85685 68.0511
    endloop
  endfacet
  facet normal 0.917228 0.397366 -0.0281594
    outer loop
      vertex -1.71659 -14.9936 65.0906
      vertex -3.85107 -9.85685 68.0511
      vertex -3.84569 -9.868 68.069
    endloop
  endfacet
  facet normal 0.917236 0.39735 -0.0281279
    outer loop
      vertex -3.86959 -9.81807 67.9948
      vertex -1.71659 -14.9936 65.0906
      vertex -1.72038 -14.9921 64.9882
    endloop
  endfacet
  facet normal -0.27628 -0.56607 0.776682
    outer loop
      vertex -2.1147 -8.56577 66.8801
      vertex 0.062168 -14.0169 63.6815
      vertex 0.130664 -13.9713 63.7391
    endloop
  endfacet
  facet normal -0.2758 -0.566006 0.776899
    outer loop
      vertex -2.17426 -8.57271 66.8539
      vertex 0.062168 -14.0169 63.6815
      vertex -2.1147 -8.56577 66.8801
    endloop
  endfacet
  facet normal -0.275802 -0.566006 0.776898
    outer loop
      vertex 0.062168 -14.0169 63.6815
      vertex -2.17426 -8.57271 66.8539
      vertex -2.19869 -8.57412 66.8442
    endloop
  endfacet
  facet normal 0.881939 0.449253 -0.142671
    outer loop
      vertex -1.69228 -14.9902 65.2933
      vertex -3.8172 -9.91338 68.1441
      vertex -3.78314 -9.95668 68.2183
    endloop
  endfacet
  facet normal 0.881785 0.449423 -0.14309
    outer loop
      vertex -3.8172 -9.91338 68.1441
      vertex -1.69228 -14.9902 65.2933
      vertex -1.70721 -14.993 65.1925
    endloop
  endfacet
  facet normal 0.936314 0.239937 0.256409
    outer loop
      vertex -1.67957 -14.9652 64.582
      vertex -3.90123 -9.54724 67.6248
      vertex -3.90698 -9.60292 67.6979
    endloop
  endfacet
  facet normal 0.936322 0.239978 0.256343
    outer loop
      vertex -3.90123 -9.54724 67.6248
      vertex -1.67957 -14.9652 64.582
      vertex -1.6556 -14.9534 64.4834
    endloop
  endfacet
  facet normal -0.546076 0.239627 -0.802733
    outer loop
      vertex -1.86403 -9.60292 69.1583
      vertex 0.0593604 -14.0157 66.5326
      vertex -0.0110949 -14.0637 66.5662
    endloop
  endfacet
  facet normal -0.545806 0.239819 -0.802859
    outer loop
      vertex 0.0593604 -14.0157 66.5326
      vertex -1.86403 -9.60292 69.1583
      vertex -1.79676 -9.54724 69.1292
    endloop
  endfacet
  facet normal 0.0274649 -0.493668 0.869217
    outer loop
      vertex -2.55142 -8.62685 66.757
      vertex -0.307926 -14.2635 63.4848
      vertex -0.231273 -14.2124 63.5114
    endloop
  endfacet
  facet normal 0.0280863 -0.493473 0.869307
    outer loop
      vertex -0.307926 -14.2635 63.4848
      vertex -2.55142 -8.62685 66.757
      vertex -2.64195 -8.64451 66.7499
    endloop
  endfacet
  facet normal 0.216703 0.556202 -0.802297
    outer loop
      vertex -0.998895 -14.6964 66.412
      vertex -2.80801 -10.1236 69.0935
      vertex -0.925707 -14.6551 66.4604
    endloop
  endfacet
  facet normal 0.216126 0.556104 -0.80252
    outer loop
      vertex -2.80801 -10.1236 69.0935
      vertex -0.998895 -14.6964 66.412
      vertex -2.88899 -10.1461 69.0561
    endloop
  endfacet
  facet normal -0.599251 -0.573491 0.558576
    outer loop
      vertex -1.73579 -8.5595 67.134
      vertex 0.477967 -13.7376 64.1926
      vertex -1.67032 -8.56577 67.1978
    endloop
  endfacet
  facet normal -0.599953 -0.573409 0.557905
    outer loop
      vertex 0.477967 -13.7376 64.1926
      vertex -1.73579 -8.5595 67.134
      vertex 0.429085 -13.7712 64.1055
    endloop
  endfacet
  facet normal -0.390407 -0.57839 0.716273
    outer loop
      vertex -1.95368 -8.55671 66.9671
      vertex 0.196614 -13.9274 63.8023
      vertex 0.259735 -13.8853 63.8707
    endloop
  endfacet
  facet normal -0.39144 -0.578445 0.715665
    outer loop
      vertex 0.196614 -13.9274 63.8023
      vertex -1.95368 -8.55671 66.9671
      vertex -2.03311 -8.5595 66.9214
    endloop
  endfacet
  facet normal 0.291933 0.154486 -0.94388
    outer loop
      vertex -0.75347 -14.5577 66.5462
      vertex -0.696546 -14.5223 66.5696
      vertex -0.69915 -14.5241 66.5685
    endloop
  endfacet
  facet normal -0.000824452 0.552355 -0.833609
    outer loop
      vertex -0.773676 -14.5692 66.5386
      vertex -0.696546 -14.5223 66.5696
      vertex -0.75347 -14.5577 66.5462
    endloop
  endfacet
  facet normal 0.0332776 0.512444 -0.858075
    outer loop
      vertex -2.64284 -10.0694 69.1534
      vertex -0.696546 -14.5223 66.5696
      vertex -0.773676 -14.5692 66.5386
    endloop
  endfacet
  facet normal 0.0349531 0.512935 -0.857716
    outer loop
      vertex -0.696546 -14.5223 66.5696
      vertex -2.58807 -10.0486 69.1679
      vertex -2.55999 -10.0363 69.1764
    endloop
  endfacet
  facet normal 0.0326664 0.512256 -0.858211
    outer loop
      vertex -0.696546 -14.5223 66.5696
      vertex -2.64284 -10.0694 69.1534
      vertex -2.58807 -10.0486 69.1679
    endloop
  endfacet
  facet normal 0.550652 0.578444 -0.601818
    outer loop
      vertex -1.38969 -14.8846 66.0213
      vertex -3.27585 -10.1807 68.8167
      vertex -1.33244 -14.8593 66.098
    endloop
  endfacet
  facet normal 0.551163 0.578397 -0.601395
    outer loop
      vertex -3.27585 -10.1807 68.8167
      vertex -1.38969 -14.8846 66.0213
      vertex -3.34678 -10.173 68.7591
    endloop
  endfacet
  facet normal -0.494367 0.274006 -0.824937
    outer loop
      vertex -1.934 -9.65808 69.1819
      vertex -0.0110949 -14.0637 66.5662
      vertex -0.083474 -14.113 66.5932
    endloop
  endfacet
  facet normal -0.494296 0.274053 -0.824964
    outer loop
      vertex -0.0110949 -14.0637 66.5662
      vertex -1.934 -9.65808 69.1819
      vertex -1.86403 -9.60292 69.1583
    endloop
  endfacet
  facet normal 0.929062 0.368741 0.0295597
    outer loop
      vertex -1.72038 -14.9921 64.9882
      vertex -3.88794 -9.76588 67.9205
      vertex -3.86959 -9.81807 67.9948
    endloop
  endfacet
  facet normal 0.929073 0.368707 0.0296277
    outer loop
      vertex -3.88794 -9.76588 67.9205
      vertex -1.72038 -14.9921 64.9882
      vertex -1.71854 -14.9885 64.8857
    endloop
  endfacet
  facet normal -0.729403 -0.543998 0.414773
    outer loop
      vertex -1.55332 -8.58255 67.3383
      vertex 0.599673 -13.6533 64.4739
      vertex -1.50169 -8.59444 67.4135
    endloop
  endfacet
  facet normal -0.7303 -0.543704 0.41358
    outer loop
      vertex -1.55332 -8.58255 67.3383
      vertex 0.59486 -13.6568 64.4608
      vertex 0.599673 -13.6533 64.4739
    endloop
  endfacet
  facet normal -0.729191 -0.54407 0.415052
    outer loop
      vertex 0.59486 -13.6568 64.4608
      vertex -1.55332 -8.58255 67.3383
      vertex 0.563484 -13.6786 64.3771
    endloop
  endfacet
  facet normal -0.446351 -0.580927 0.680658
    outer loop
      vertex -1.87676 -8.55741 67.0169
      vertex 0.259735 -13.8853 63.8707
      vertex 0.319758 -13.8453 63.9442
    endloop
  endfacet
  facet normal -0.446079 -0.580924 0.680838
    outer loop
      vertex 0.259735 -13.8853 63.8707
      vertex -1.87676 -8.55741 67.0169
      vertex -1.95368 -8.55671 66.9671
    endloop
  endfacet
  facet normal -0.901484 -0.424247 0.0856767
    outer loop
      vertex -1.31911 -8.68979 67.8242
      vertex 0.712413 -13.5573 65.0972
      vertex -1.29808 -8.71721 67.9097
    endloop
  endfacet
  facet normal -0.90151 -0.42421 0.0855915
    outer loop
      vertex 0.712413 -13.5573 65.0972
      vertex -1.31911 -8.68979 67.8242
      vertex 0.706057 -13.5652 64.9911
    endloop
  endfacet
  facet normal -0.0890502 0.472507 -0.876817
    outer loop
      vertex -2.47815 -9.9977 69.1957
      vertex -0.542572 -14.4198 66.6161
      vertex -0.619893 -14.4713 66.5962
    endloop
  endfacet
  facet normal -0.0891368 0.472474 -0.876825
    outer loop
      vertex -0.542572 -14.4198 66.6161
      vertex -2.47815 -9.9977 69.1957
      vertex -2.39647 -9.95668 69.2095
    endloop
  endfacet
  facet normal -0.915799 -0.168573 -0.364548
    outer loop
      vertex 0.590439 -13.6338 65.8909
      vertex -1.30657 -8.96815 68.499
      vertex 0.62197 -13.6109 65.8011
    endloop
  endfacet
  facet normal -0.915688 -0.168301 -0.364953
    outer loop
      vertex -1.30657 -8.96815 68.499
      vertex 0.590439 -13.6338 65.8909
      vertex -1.31253 -8.98061 68.5197
    endloop
  endfacet
  facet normal -0.915818 -0.168622 -0.364478
    outer loop
      vertex -1.31253 -8.98061 68.5197
      vertex 0.590439 -13.6338 65.8909
      vertex -1.32898 -9.01296 68.576
    endloop
  endfacet
  facet normal 0.646036 0.565969 -0.512169
    outer loop
      vertex -1.44288 -14.9079 65.9403
      vertex -3.45975 -10.1516 68.6522
      vertex -3.41425 -10.162 68.6981
    endloop
  endfacet
  facet normal 0.645555 0.566056 -0.512678
    outer loop
      vertex -1.44288 -14.9079 65.9403
      vertex -3.47855 -10.1461 68.6346
      vertex -3.45975 -10.1516 68.6522
    endloop
  endfacet
  facet normal 0.645212 0.566116 -0.513044
    outer loop
      vertex -1.46484 -14.9174 65.9022
      vertex -3.47855 -10.1461 68.6346
      vertex -1.44288 -14.9079 65.9403
    endloop
  endfacet
  facet normal 0.645468 0.566069 -0.512773
    outer loop
      vertex -3.47855 -10.1461 68.6346
      vertex -1.46484 -14.9174 65.9022
      vertex -1.49195 -14.9287 65.8556
    endloop
  endfacet
  facet normal 0.828467 0.0188881 0.55972
    outer loop
      vertex -1.45858 -14.8663 64.0297
      vertex -3.74438 -9.21179 67.2222
      vertex -3.78497 -9.26575 67.2841
    endloop
  endfacet
  facet normal 0.828367 0.0187571 0.559872
    outer loop
      vertex -3.74438 -9.21179 67.2222
      vertex -1.43103 -14.8548 63.9885
      vertex -1.40492 -14.8438 63.9495
    endloop
  endfacet
  facet normal 0.828648 0.0191171 0.559444
    outer loop
      vertex -3.74438 -9.21179 67.2222
      vertex -1.45858 -14.8663 64.0297
      vertex -1.43103 -14.8548 63.9885
    endloop
  endfacet
  facet normal 0.594986 -0.204514 0.777281
    outer loop
      vertex -3.46354 -8.96815 66.9571
      vertex -1.01208 -14.6591 63.5832
      vertex -3.39417 -8.92444 66.9155
    endloop
  endfacet
  facet normal 0.594334 -0.205014 0.777648
    outer loop
      vertex -1.01208 -14.6591 63.5832
      vertex -3.46354 -8.96815 66.9571
      vertex -1.08503 -14.6942 63.6297
    endloop
  endfacet
  facet normal -0.334752 -0.573504 0.747686
    outer loop
      vertex -2.03311 -8.5595 66.9214
      vertex 0.130664 -13.9713 63.7391
      vertex 0.196614 -13.9274 63.8023
    endloop
  endfacet
  facet normal -0.334474 -0.573478 0.747831
    outer loop
      vertex 0.130664 -13.9713 63.7391
      vertex -2.03311 -8.5595 66.9214
      vertex -2.1147 -8.56577 66.8801
    endloop
  endfacet
  facet normal -0.689119 -0.556174 0.464528
    outer loop
      vertex -1.60913 -8.57412 67.2656
      vertex 0.563484 -13.6786 64.3771
      vertex -1.55332 -8.58255 67.3383
    endloop
  endfacet
  facet normal -0.689336 -0.55612 0.46427
    outer loop
      vertex 0.563484 -13.6786 64.3771
      vertex -1.60913 -8.57412 67.2656
      vertex 0.522831 -13.7066 64.2832
    endloop
  endfacet
  facet normal 0.725545 -0.0947049 0.681627
    outer loop
      vertex -3.64694 -9.10853 67.1065
      vertex -1.22237 -14.7607 63.7404
      vertex -3.59049 -9.05968 67.0532
    endloop
  endfacet
  facet normal 0.725177 -0.0950661 0.681968
    outer loop
      vertex -3.64694 -9.10853 67.1065
      vertex -1.2498 -14.7741 63.7677
      vertex -1.22237 -14.7607 63.7404
    endloop
  endfacet
  facet normal 0.725619 -0.0946377 0.681558
    outer loop
      vertex -1.2498 -14.7741 63.7677
      vertex -3.64694 -9.10853 67.1065
      vertex -1.28634 -14.7914 63.8042
    endloop
  endfacet
  facet normal 0.499766 0.580923 -0.642466
    outer loop
      vertex -1.33244 -14.8593 66.098
      vertex -3.20177 -10.1849 68.8705
      vertex -1.27137 -14.8321 66.1701
    endloop
  endfacet
  facet normal 0.499607 0.580929 -0.642584
    outer loop
      vertex -3.20177 -10.1849 68.8705
      vertex -1.33244 -14.8593 66.098
      vertex -3.27585 -10.1807 68.8167
    endloop
  endfacet
  facet normal -0.801057 -0.512479 0.309311
    outer loop
      vertex -1.42653 -8.62194 67.543
      vertex 0.657411 -13.61 64.6756
      vertex -1.4125 -8.62685 67.5712
    endloop
  endfacet
  facet normal -0.800706 -0.512671 0.309901
    outer loop
      vertex -1.45448 -8.60972 67.491
      vertex 0.657411 -13.61 64.6756
      vertex -1.42653 -8.62194 67.543
    endloop
  endfacet
  facet normal -0.800874 -0.512581 0.309615
    outer loop
      vertex 0.657411 -13.61 64.6756
      vertex -1.45448 -8.60972 67.491
      vertex 0.630856 -13.63 64.5738
    endloop
  endfacet
  facet normal 0.801142 0.51244 -0.309155
    outer loop
      vertex -1.61488 -14.9694 65.5858
      vertex -3.68179 -10.0486 68.3861
      vertex -3.65031 -10.0694 68.4332
    endloop
  endfacet
  facet normal 0.800288 0.512902 -0.310598
    outer loop
      vertex -1.61488 -14.9694 65.5858
      vertex -3.69891 -10.0363 68.3623
      vertex -3.68179 -10.0486 68.3861
    endloop
  endfacet
  facet normal 0.800664 0.512701 -0.309958
    outer loop
      vertex -3.69891 -10.0363 68.3623
      vertex -1.61488 -14.9694 65.5858
      vertex -1.64601 -14.9784 65.4905
    endloop
  endfacet
  facet normal -0.35344 0.145794 -0.924026
    outer loop
      vertex -0.157556 -14.1633 66.6136
      vertex -0.083474 -14.113 66.5932
      vertex -0.140222 -14.1517 66.6088
    endloop
  endfacet
  facet normal -0.440751 0.307052 -0.84348
    outer loop
      vertex -2.00635 -9.71247 69.1999
      vertex -0.083474 -14.113 66.5932
      vertex -0.157556 -14.1633 66.6136
    endloop
  endfacet
  facet normal -0.440704 0.30708 -0.843494
    outer loop
      vertex -0.083474 -14.113 66.5932
      vertex -2.00635 -9.71247 69.1999
      vertex -1.934 -9.65808 69.1819
    endloop
  endfacet
  facet normal -0.0338339 -0.512596 0.857963
    outer loop
      vertex -2.52024 -8.62194 66.7612
      vertex -0.155616 -14.162 63.5445
      vertex -2.46194 -8.60972 66.7708
    endloop
  endfacet
  facet normal -0.0338742 -0.512608 0.857954
    outer loop
      vertex -0.155616 -14.162 63.5445
      vertex -2.52024 -8.62194 66.7612
      vertex -0.231273 -14.2124 63.5114
    endloop
  endfacet
  facet normal -0.0347794 -0.512868 0.857763
    outer loop
      vertex -0.231273 -14.2124 63.5114
      vertex -2.52024 -8.62194 66.7612
      vertex -2.55142 -8.62685 66.757
    endloop
  endfacet
  facet normal -0.763424 0.0567489 -0.6434
    outer loop
      vertex 0.371082 -13.7991 66.2747
      vertex -1.56152 -9.32096 68.9628
      vertex -1.51199 -9.26575 68.9089
    endloop
  endfacet
  facet normal -0.769208 0.081627 -0.633764
    outer loop
      vertex 0.31526 -13.8391 66.3373
      vertex 0.371082 -13.7991 66.2747
      vertex 0.360851 -13.807 66.2861
    endloop
  endfacet
  facet normal -0.763012 0.0571965 -0.643849
    outer loop
      vertex 0.371082 -13.7991 66.2747
      vertex 0.31526 -13.8391 66.3373
      vertex -1.56152 -9.32096 68.9628
    endloop
  endfacet
  facet normal 0.856041 0.05705 0.51375
    outer loop
      vertex -1.50775 -14.8872 64.1139
      vertex -3.78497 -9.26575 67.2841
      vertex -3.81988 -9.32096 67.3484
    endloop
  endfacet
  facet normal 0.855929 0.056889 0.513955
    outer loop
      vertex -3.78497 -9.26575 67.2841
      vertex -1.50775 -14.8872 64.1139
      vertex -1.45858 -14.8663 64.0297
    endloop
  endfacet
  facet normal 0.87976 0.0947176 0.465886
    outer loop
      vertex -1.55222 -14.9064 64.2018
      vertex -3.81988 -9.32096 67.3484
      vertex -3.84899 -9.37718 67.4148
    endloop
  endfacet
  facet normal 0.879797 0.0947779 0.465805
    outer loop
      vertex -3.81988 -9.32096 67.3484
      vertex -1.55222 -14.9064 64.2018
      vertex -1.50775 -14.8872 64.1139
    endloop
  endfacet
  facet normal -0.936322 -0.239966 -0.256356
    outer loop
      vertex 0.64903 -13.5918 65.7078
      vertex -1.278 -8.88311 68.3385
      vertex 0.671504 -13.5764 65.6113
    endloop
  endfacet
  facet normal -0.936305 -0.239883 -0.256493
    outer loop
      vertex -1.278 -8.88311 68.3385
      vertex 0.64903 -13.5918 65.7078
      vertex -1.28971 -8.92444 68.4199
    endloop
  endfacet
  facet normal -0.385427 0.338675 -0.858339
    outer loop
      vertex -2.0808 -9.76588 69.2123
      vertex -0.157556 -14.1633 66.6136
      vertex -0.233243 -14.2137 66.6277
    endloop
  endfacet
  facet normal -0.38577 0.338479 -0.858262
    outer loop
      vertex -0.157556 -14.1633 66.6136
      vertex -2.0808 -9.76588 69.2123
      vertex -2.00635 -9.71247 69.1999
    endloop
  endfacet
  facet normal 0.766605 0.529507 -0.363235
    outer loop
      vertex -1.57859 -14.9584 65.6786
      vertex -3.65031 -10.0694 68.4332
      vertex -3.59753 -10.098 68.5029
    endloop
  endfacet
  facet normal 0.766977 0.52935 -0.362677
    outer loop
      vertex -3.65031 -10.0694 68.4332
      vertex -1.57859 -14.9584 65.6786
      vertex -1.61488 -14.9694 65.5858
    endloop
  endfacet
  facet normal -0.91722 -0.397381 0.0281952
    outer loop
      vertex -1.29436 -8.72439 67.9299
      vertex 0.71391 -13.5533 65.2028
      vertex -1.28337 -8.74501 67.9968
    endloop
  endfacet
  facet normal -0.917322 -0.397177 0.027758
    outer loop
      vertex -1.29808 -8.71721 67.9097
      vertex 0.71391 -13.5533 65.2028
      vertex -1.29436 -8.72439 67.9299
    endloop
  endfacet
  facet normal -0.917254 -0.397313 0.0280529
    outer loop
      vertex 0.71391 -13.5533 65.2028
      vertex -1.29808 -8.71721 67.9097
      vertex 0.712413 -13.5573 65.0972
    endloop
  endfacet
  facet normal 0.685055 -0.131774 0.716474
    outer loop
      vertex -3.59049 -9.05968 67.0532
      vertex -1.15523 -14.7281 63.6822
      vertex -3.52921 -9.01296 67.0032
    endloop
  endfacet
  facet normal 0.685055 -0.131773 0.716474
    outer loop
      vertex -1.15523 -14.7281 63.6822
      vertex -3.59049 -9.05968 67.0532
      vertex -1.22237 -14.7607 63.7404
    endloop
  endfacet
  facet normal 0.91588 0.168782 0.364249
    outer loop
      vertex -1.6263 -14.9396 64.3869
      vertex -3.87215 -9.43418 67.4829
      vertex -3.88463 -9.47609 67.5337
    endloop
  endfacet
  facet normal 0.916013 0.16912 0.363756
    outer loop
      vertex -1.6263 -14.9396 64.3869
      vertex -3.88463 -9.47609 67.5337
      vertex -3.88945 -9.49128 67.5529
    endloop
  endfacet
  facet normal 0.915838 0.168678 0.364402
    outer loop
      vertex -3.87215 -9.43418 67.4829
      vertex -1.6263 -14.9396 64.3869
      vertex -1.59179 -14.9239 64.2929
    endloop
  endfacet
  facet normal 0.158621 -0.461389 0.872903
    outer loop
      vertex -0.385565 -14.3142 63.4654
      vertex -0.464683 -14.3624 63.4543
      vertex -0.446861 -14.3523 63.4564
    endloop
  endfacet
  facet normal 0.150142 -0.449354 0.880647
    outer loop
      vertex -2.821 -8.68979 66.7505
      vertex -0.385565 -14.3142 63.4654
      vertex -2.73194 -8.66552 66.7477
    endloop
  endfacet
  facet normal 0.15019 -0.449334 0.880648
    outer loop
      vertex -0.385565 -14.3142 63.4654
      vertex -2.821 -8.68979 66.7505
      vertex -0.464683 -14.3624 63.4543
    endloop
  endfacet
  facet normal 0.763141 -0.0570573 0.643709
    outer loop
      vertex -3.69831 -9.15931 67.1629
      vertex -1.28634 -14.7914 63.8042
      vertex -3.64694 -9.10853 67.1065
    endloop
  endfacet
  facet normal 0.763231 -0.0569603 0.643611
    outer loop
      vertex -1.34699 -14.8199 63.8736
      vertex -1.28634 -14.7914 63.8042
      vertex -3.69831 -9.15931 67.1629
    endloop
  endfacet
  facet normal 0.765178 -0.0698486 0.640019
    outer loop
      vertex -1.28634 -14.7914 63.8042
      vertex -1.34699 -14.8199 63.8736
      vertex -1.33917 -14.8167 63.8646
    endloop
  endfacet
  facet normal 0.386078 -0.338312 0.858189
    outer loop
      vertex -3.16418 -8.8083 66.8163
      vertex -0.703776 -14.4989 63.4661
      vertex -3.08133 -8.77514 66.7921
    endloop
  endfacet
  facet normal 0.38609 -0.338305 0.858187
    outer loop
      vertex -0.703776 -14.4989 63.4661
      vertex -3.16418 -8.8083 66.8163
      vertex -0.781842 -14.5436 63.4836
    endloop
  endfacet
  facet normal -0.928067 -0.20474 -0.311083
    outer loop
      vertex 0.62197 -13.6109 65.8011
      vertex -1.28971 -8.92444 68.4199
      vertex 0.64903 -13.5918 65.7078
    endloop
  endfacet
  facet normal -0.928086 -0.204799 -0.31099
    outer loop
      vertex -1.28971 -8.92444 68.4199
      vertex 0.62197 -13.6109 65.8011
      vertex -1.30657 -8.96815 68.499
    endloop
  endfacet
  facet normal -0.710603 -0.275049 0.647604
    outer loop
      vertex 0.376394 -13.8075 64.0224
      vertex 0.319758 -13.8453 63.9442
      vertex 0.371996 -13.8105 64.0163
    endloop
  endfacet
  facet normal -0.499565 -0.580931 0.642615
    outer loop
      vertex -1.8047 -8.55671 67.0736
      vertex 0.319758 -13.8453 63.9442
      vertex 0.376394 -13.8075 64.0224
    endloop
  endfacet
  facet normal -0.499836 -0.58092 0.642414
    outer loop
      vertex 0.319758 -13.8453 63.9442
      vertex -1.8047 -8.55671 67.0736
      vertex -1.87676 -8.55741 67.0169
    endloop
  endfacet
  facet normal 0.936899 0.33859 0.0870507
    outer loop
      vertex -1.71854 -14.9885 64.8857
      vertex -3.90032 -9.71247 67.846
      vertex -3.88794 -9.76588 67.9205
    endloop
  endfacet
  facet normal 0.936894 0.338617 0.0869984
    outer loop
      vertex -3.90032 -9.71247 67.846
      vertex -1.71854 -14.9885 64.8857
      vertex -1.71111 -14.9828 64.7835
    endloop
  endfacet
  facet normal -0.216999 -0.556266 0.802172
    outer loop
      vertex -2.19869 -8.57412 66.8442
      vertex -0.00858064 -14.064 63.6297
      vertex 0.062168 -14.0169 63.6815
    endloop
  endfacet
  facet normal -0.216743 -0.556222 0.802272
    outer loop
      vertex -0.00858064 -14.064 63.6297
      vertex -2.19869 -8.57412 66.8442
      vertex -2.28551 -8.58255 66.8149
    endloop
  endfacet
  facet normal -0.831366 -0.493645 0.255237
    outer loop
      vertex -1.4125 -8.62685 67.5712
      vertex 0.678901 -13.5926 64.7793
      vertex -1.37644 -8.64451 67.6545
    endloop
  endfacet
  facet normal -0.831665 -0.493442 0.254652
    outer loop
      vertex -1.4125 -8.62685 67.5712
      vertex 0.673009 -13.5981 64.7494
      vertex 0.678901 -13.5926 64.7793
    endloop
  endfacet
  facet normal -0.831327 -0.493673 0.255308
    outer loop
      vertex 0.673009 -13.5981 64.7494
      vertex -1.4125 -8.62685 67.5712
      vertex 0.657411 -13.61 64.6756
    endloop
  endfacet
  facet normal 0.270269 -0.397332 0.876973
    outer loop
      vertex -2.92906 -8.72439 66.7613
      vertex -0.544856 -14.4081 63.4514
      vertex -2.90877 -8.71721 66.7583
    endloop
  endfacet
  facet normal 0.270584 -0.397182 0.876944
    outer loop
      vertex -2.99595 -8.74501 66.7726
      vertex -0.544856 -14.4081 63.4514
      vertex -2.92906 -8.72439 66.7613
    endloop
  endfacet
  facet normal 0.270813 -0.397071 0.876923
    outer loop
      vertex -0.544856 -14.4081 63.4514
      vertex -2.99595 -8.74501 66.7726
      vertex -0.624668 -14.4537 63.4554
    endloop
  endfacet
  facet normal 0.640275 -0.169417 0.74923
    outer loop
      vertex -3.48123 -8.98061 66.9694
      vertex -1.08503 -14.6942 63.6297
      vertex -3.46354 -8.96815 66.9571
    endloop
  endfacet
  facet normal 0.641143 -0.168711 0.748647
    outer loop
      vertex -3.52921 -9.01296 67.0032
      vertex -1.08503 -14.6942 63.6297
      vertex -3.48123 -8.98061 66.9694
    endloop
  endfacet
  facet normal 0.641256 -0.168618 0.748571
    outer loop
      vertex -1.08503 -14.6942 63.6297
      vertex -3.52921 -9.01296 67.0032
      vertex -1.15523 -14.7281 63.6822
    endloop
  endfacet
  facet normal 0.545548 -0.239994 0.802982
    outer loop
      vertex -3.39417 -8.92444 66.9155
      vertex -0.936686 -14.623 63.5427
      vertex -3.32094 -8.88311 66.8781
    endloop
  endfacet
  facet normal 0.545994 -0.239678 0.802773
    outer loop
      vertex -0.936686 -14.623 63.5427
      vertex -3.39417 -8.92444 66.9155
      vertex -1.01208 -14.6591 63.5832
    endloop
  endfacet
  facet normal -0.725511 0.0947444 -0.681658
    outer loop
      vertex 0.31526 -13.8391 66.3373
      vertex -1.6149 -9.37718 69.0118
      vertex -1.56152 -9.32096 68.9628
    endloop
  endfacet
  facet normal -0.725555 0.094701 -0.681617
    outer loop
      vertex -1.6149 -9.37718 69.0118
      vertex 0.31526 -13.8391 66.3373
      vertex 0.255948 -13.8811 66.3946
    endloop
  endfacet
  facet normal -0.858563 -0.47241 0.199244
    outer loop
      vertex -1.37644 -8.64451 67.6545
      vertex 0.69487 -13.577 64.885
      vertex -1.34527 -8.66552 67.739
    endloop
  endfacet
  facet normal -0.858481 -0.47248 0.19943
    outer loop
      vertex 0.69487 -13.577 64.885
      vertex -1.37644 -8.64451 67.6545
      vertex 0.678901 -13.5926 64.7793
    endloop
  endfacet
  facet normal 0.797621 -0.0189943 0.60286
    outer loop
      vertex -1.40492 -14.8438 63.9495
      vertex -3.69831 -9.15931 67.1629
      vertex -3.74438 -9.21179 67.2222
    endloop
  endfacet
  facet normal 0.797648 -0.0189645 0.602826
    outer loop
      vertex -3.69831 -9.15931 67.1629
      vertex -1.40492 -14.8438 63.9495
      vertex -1.34699 -14.8199 63.8736
    endloop
  endfacet
  facet normal 0.495243 -0.277932 0.823096
    outer loop
      vertex -0.859409 -14.5854 63.5089
      vertex -0.936686 -14.623 63.5427
      vertex -0.870143 -14.5912 63.5134
    endloop
  endfacet
  facet normal 0.494159 -0.274145 0.825016
    outer loop
      vertex -3.32094 -8.88311 66.8781
      vertex -0.859409 -14.5854 63.5089
      vertex -3.24417 -8.84434 66.845
    endloop
  endfacet
  facet normal 0.494214 -0.274109 0.824995
    outer loop
      vertex -0.859409 -14.5854 63.5089
      vertex -3.32094 -8.88311 66.8781
      vertex -0.936686 -14.623 63.5427
    endloop
  endfacet
  facet normal -0.0953731 -0.529443 0.842968
    outer loop
      vertex -2.37339 -8.59444 66.7904
      vertex -0.155616 -14.162 63.5445
      vertex -0.0812785 -14.1125 63.584
    endloop
  endfacet
  facet normal -0.0952396 -0.52941 0.843003
    outer loop
      vertex -0.155616 -14.162 63.5445
      vertex -2.37339 -8.59444 66.7904
      vertex -2.46194 -8.60972 66.7708
    endloop
  endfacet
  facet normal -0.550642 -0.578447 0.601824
    outer loop
      vertex -1.73579 -8.5595 67.134
      vertex 0.376394 -13.8075 64.0224
      vertex 0.429085 -13.7712 64.1055
    endloop
  endfacet
  facet normal -0.550804 -0.578433 0.60169
    outer loop
      vertex 0.376394 -13.8075 64.0224
      vertex -1.73579 -8.5595 67.134
      vertex -1.8047 -8.55671 67.0736
    endloop
  endfacet
  facet normal 0.383439 -0.161106 0.909406
    outer loop
      vertex -0.781842 -14.5436 63.4836
      vertex -0.859409 -14.5854 63.5089
      vertex -0.783406 -14.5445 63.4841
    endloop
  endfacet
  facet normal 0.440918 -0.306955 0.843428
    outer loop
      vertex -3.24417 -8.84434 66.845
      vertex -0.781842 -14.5436 63.4836
      vertex -3.16418 -8.8083 66.8163
    endloop
  endfacet
  facet normal 0.440635 -0.307127 0.843513
    outer loop
      vertex -0.781842 -14.5436 63.4836
      vertex -3.24417 -8.84434 66.845
      vertex -0.859409 -14.5854 63.5089
    endloop
  endfacet
  facet normal -0.694311 0.164382 -0.70065
    outer loop
      vertex 0.193299 -13.9245 66.4465
      vertex 0.255948 -13.8811 66.3946
      vertex 0.227451 -13.9013 66.4181
    endloop
  endfacet
  facet normal -0.684957 0.131862 -0.716552
    outer loop
      vertex -1.67192 -9.43418 69.0558
      vertex 0.255948 -13.8811 66.3946
      vertex 0.193299 -13.9245 66.4465
    endloop
  endfacet
  facet normal -0.684874 0.131937 -0.716617
    outer loop
      vertex 0.255948 -13.8811 66.3946
      vertex -1.67192 -9.43418 69.0558
      vertex -1.6149 -9.37718 69.0118
    endloop
  endfacet
  facet normal -0.641139 0.168716 -0.748649
    outer loop
      vertex -1.73248 -9.49128 69.0948
      vertex 0.193299 -13.9245 66.4465
      vertex 0.127589 -13.9692 66.4927
    endloop
  endfacet
  facet normal -0.640857 0.168943 -0.74884
    outer loop
      vertex 0.193299 -13.9245 66.4465
      vertex -1.71592 -9.47609 69.084
      vertex -1.67192 -9.43418 69.0558
    endloop
  endfacet
  facet normal -0.641988 0.168008 -0.748081
    outer loop
      vertex 0.193299 -13.9245 66.4465
      vertex -1.73248 -9.49128 69.0948
      vertex -1.71592 -9.47609 69.084
    endloop
  endfacet
  facet normal -0.881895 -0.449301 0.142792
    outer loop
      vertex -1.34527 -8.66552 67.739
      vertex 0.706057 -13.5652 64.9911
      vertex -1.31911 -8.68979 67.8242
    endloop
  endfacet
  facet normal -0.881834 -0.449368 0.142956
    outer loop
      vertex 0.706057 -13.5652 64.9911
      vertex -1.34527 -8.66552 67.739
      vertex 0.69487 -13.577 64.885
    endloop
  endfacet
  facet normal -0.766904 -0.529374 0.362797
    outer loop
      vertex -1.50169 -8.59444 67.4135
      vertex 0.630856 -13.63 64.5738
      vertex -1.45448 -8.60972 67.491
    endloop
  endfacet
  facet normal -0.766873 -0.529387 0.362844
    outer loop
      vertex 0.630856 -13.63 64.5738
      vertex -1.50169 -8.59444 67.4135
      vertex 0.599673 -13.6533 64.4739
    endloop
  endfacet
  facet normal 0.880438 -0.286633 0.377719
    outer loop
      vertex 2.54505 10.3788 52.6495
      vertex 3.02358 10.6976 51.776
      vertex 3.01354 10.9543 51.9942
    endloop
  endfacet
  facet normal 0.880441 -0.286607 0.37773
    outer loop
      vertex 3.02358 10.6976 51.776
      vertex 2.54505 10.3788 52.6495
      vertex 2.55509 10.1222 52.4314
    endloop
  endfacet
  facet normal 0.88044 -0.286568 0.377763
    outer loop
      vertex -11.4196 -6.77351 72.1848
      vertex 2.31375 9.82574 52.769
      vertex 2.30371 10.0824 52.9871
    endloop
  endfacet
  facet normal 0.880445 -0.286741 0.377619
    outer loop
      vertex 2.31375 9.82574 52.769
      vertex -11.4196 -6.77351 72.1848
      vertex -11.4096 -7.03016 71.9666
    endloop
  endfacet
  facet normal -0.142476 -0.691038 -0.708638
    outer loop
      vertex 7.96216 12.2596 58.1732
      vertex 8.13767 12.9798 57.4356
      vertex 8.43064 12.835 57.5179
    endloop
  endfacet
  facet normal -0.142693 -0.690989 -0.708642
    outer loop
      vertex 8.13767 12.9798 57.4356
      vertex 7.96216 12.2596 58.1732
      vertex 7.66919 12.4044 58.091
    endloop
  endfacet
  facet normal -0.142853 -0.690878 -0.708718
    outer loop
      vertex -6.00248 -4.89277 77.7085
      vertex 7.42785 12.108 58.4286
      vertex 7.72082 11.9631 58.5108
    endloop
  endfacet
  facet normal -0.142522 -0.691038 -0.708628
    outer loop
      vertex 7.42785 12.108 58.4286
      vertex -6.00248 -4.89277 77.7085
      vertex -6.29546 -4.74795 77.6262
    endloop
  endfacet
  facet normal -0.473301 -0.581176 0.661983
    outer loop
      vertex 10.0751 5.24033 52.0251
      vertex 12.0873 7.74682 55.6643
      vertex 12.0772 8.00347 55.8824
    endloop
  endfacet
  facet normal -0.473023 -0.581401 0.661984
    outer loop
      vertex 12.0873 7.74682 55.6643
      vertex 10.0751 5.24033 52.0251
      vertex 12.0779 7.49703 55.4382
    endloop
  endfacet
  facet normal -0.47322 -0.581234 0.661989
    outer loop
      vertex 9.82313 5.19566 51.8058
      vertex 12.0772 8.00347 55.8824
      vertex 12.0478 8.2659 56.0918
    endloop
  endfacet
  facet normal -0.473468 -0.581024 0.661996
    outer loop
      vertex 10.3162 5.30261 52.2522
      vertex 12.0779 7.49703 55.4382
      vertex 10.0751 5.24033 52.0251
    endloop
  endfacet
  facet normal -0.473171 -0.581278 0.661986
    outer loop
      vertex 9.56146 5.16878 51.5951
      vertex 12.0478 8.2659 56.0918
      vertex 11.9991 8.53297 56.2915
    endloop
  endfacet
  facet normal -0.473369 -0.581105 0.661997
    outer loop
      vertex 12.0779 7.49703 55.4382
      vertex 10.3162 5.30261 52.2522
      vertex 12.0491 7.25517 55.2053
    endloop
  endfacet
  facet normal -0.473157 -0.581292 0.661984
    outer loop
      vertex 9.29117 5.15981 51.394
      vertex 11.9991 8.53297 56.2915
      vertex 11.9314 8.80354 56.4807
    endloop
  endfacet
  facet normal -0.473141 -0.581297 0.66199
    outer loop
      vertex 12.0491 7.25517 55.2053
      vertex 10.3162 5.30261 52.2522
      vertex 12.0011 7.02229 54.9665
    endloop
  endfacet
  facet normal -0.47319 -0.581262 0.661986
    outer loop
      vertex 9.01343 5.16878 51.2034
      vertex 11.9314 8.80354 56.4807
      vertex 11.8449 9.07645 56.6585
    endloop
  endfacet
  facet normal -0.473125 -0.581311 0.661989
    outer loop
      vertex 12.0011 7.02229 54.9665
      vertex 10.3162 5.30261 52.2522
      vertex 11.934 6.79938 54.7228
    endloop
  endfacet
  facet normal -0.473359 -0.581124 0.661986
    outer loop
      vertex 8.72942 5.19566 51.024
      vertex 11.8449 9.07645 56.6585
      vertex 11.74 9.35054 56.8241
    endloop
  endfacet
  facet normal -0.473316 -0.581135 0.662008
    outer loop
      vertex 11.934 6.79938 54.7228
      vertex 10.3162 5.30261 52.2522
      vertex 11.8481 6.5874 54.4753
    endloop
  endfacet
  facet normal -0.473144 -0.581293 0.661992
    outer loop
      vertex 8.44037 5.24033 50.8566
      vertex 11.74 9.35054 56.8241
      vertex 11.6172 9.62462 56.977
    endloop
  endfacet
  facet normal -0.472912 -0.581535 0.661945
    outer loop
      vertex 11.7438 6.38725 54.225
      vertex 10.3162 5.30261 52.2522
      vertex 11.6216 6.19978 53.973
    endloop
  endfacet
  facet normal -0.473232 -0.581226 0.661988
    outer loop
      vertex 8.1475 5.30261 50.7019
      vertex 11.6172 9.62462 56.977
      vertex 11.477 9.89754 57.1164
    endloop
  endfacet
  facet normal -0.47389 -0.580505 0.66215
    outer loop
      vertex 11.6216 6.19978 53.973
      vertex 10.3162 5.30261 52.2522
      vertex 11.4819 6.02581 53.7205
    endloop
  endfacet
  facet normal -0.473138 -0.581302 0.661988
    outer loop
      vertex 7.85208 5.38221 50.5606
      vertex 11.477 9.89754 57.1164
      vertex 11.3199 10.1681 57.2417
    endloop
  endfacet
  facet normal -0.472606 -0.581919 0.661827
    outer loop
      vertex 11.4819 6.02581 53.7205
      vertex 10.3162 5.30261 52.2522
      vertex 11.3254 5.86608 53.4683
    endloop
  endfacet
  facet normal -0.473235 -0.581228 0.661985
    outer loop
      vertex 7.55536 5.47881 50.4333
      vertex 11.3199 10.1681 57.2417
      vertex 11.1467 10.4352 57.3524
    endloop
  endfacet
  facet normal -0.473449 -0.580949 0.662077
    outer loop
      vertex 11.3254 5.86608 53.4683
      vertex 10.3162 5.30261 52.2522
      vertex 11.1528 5.72126 53.2178
    endloop
  endfacet
  facet normal -0.473173 -0.581274 0.661987
    outer loop
      vertex 7.25863 5.59199 50.3206
      vertex 11.1467 10.4352 57.3524
      vertex 10.9581 10.6976 57.448
    endloop
  endfacet
  facet normal -0.472691 -0.581861 0.661816
    outer loop
      vertex 11.1528 5.72126 53.2178
      vertex 10.3162 5.30261 52.2522
      vertex 10.9647 5.59199 52.9698
    endloop
  endfacet
  facet normal -0.473388 -0.581106 0.661981
    outer loop
      vertex 6.96314 5.72126 50.2228
      vertex 10.9581 10.6976 57.448
      vertex 10.755 10.9543 57.5281
    endloop
  endfacet
  facet normal -0.471179 -0.583635 0.661333
    outer loop
      vertex 10.9647 5.59199 52.9698
      vertex 10.5455 5.38221 52.486
      vertex 10.762 5.47881 52.7255
    endloop
  endfacet
  facet normal -0.473089 -0.581338 0.661992
    outer loop
      vertex 6.67017 5.86608 50.1406
      vertex 10.755 10.9543 57.5281
      vertex 10.538 11.204 57.5923
    endloop
  endfacet
  facet normal -0.473467 -0.580881 0.662122
    outer loop
      vertex 10.9647 5.59199 52.9698
      vertex 10.3162 5.30261 52.2522
      vertex 10.5455 5.38221 52.486
    endloop
  endfacet
  facet normal -0.473208 -0.581247 0.661987
    outer loop
      vertex 6.38097 6.02581 50.0741
      vertex 10.538 11.204 57.5923
      vertex 10.3083 11.4459 57.6405
    endloop
  endfacet
  facet normal -0.473156 -0.581289 0.661987
    outer loop
      vertex 11.8481 6.5874 54.4753
      vertex 10.3162 5.30261 52.2522
      vertex 11.7438 6.38725 54.225
    endloop
  endfacet
  facet normal -0.473304 -0.581169 0.661986
    outer loop
      vertex 6.09677 6.19978 50.0237
      vertex 10.3083 11.4459 57.6405
      vertex 10.0668 11.6788 57.6723
    endloop
  endfacet
  facet normal -0.473097 -0.581334 0.66199
    outer loop
      vertex 12.0772 8.00347 55.8824
      vertex 9.82313 5.19566 51.8058
      vertex 10.0751 5.24033 52.0251
    endloop
  endfacet
  facet normal -0.473203 -0.581248 0.66199
    outer loop
      vertex 5.8188 6.38725 49.9896
      vertex 10.0668 11.6788 57.6723
      vertex 9.81455 11.9017 57.6877
    endloop
  endfacet
  facet normal -0.473341 -0.58114 0.661985
    outer loop
      vertex 12.0478 8.2659 56.0918
      vertex 9.56146 5.16878 51.5951
      vertex 9.82313 5.19566 51.8058
    endloop
  endfacet
  facet normal -0.473318 -0.581157 0.661987
    outer loop
      vertex 5.54825 6.5874 49.9719
      vertex 9.81455 11.9017 57.6877
      vertex 9.55257 12.1137 57.6865
    endloop
  endfacet
  facet normal -0.473237 -0.581227 0.661983
    outer loop
      vertex 11.9991 8.53297 56.2915
      vertex 9.29117 5.15981 51.394
      vertex 9.56146 5.16878 51.5951
    endloop
  endfacet
  facet normal -0.473039 -0.581381 0.661989
    outer loop
      vertex 5.28626 6.79938 49.9707
      vertex 9.55257 12.1137 57.6865
      vertex 9.28201 12.3138 57.6689
    endloop
  endfacet
  facet normal -0.473067 -0.581362 0.661987
    outer loop
      vertex 11.9314 8.80354 56.4807
      vertex 9.01343 5.16878 51.2034
      vertex 9.29117 5.15981 51.394
    endloop
  endfacet
  facet normal -0.473255 -0.581211 0.661984
    outer loop
      vertex 5.03398 7.02229 49.9861
      vertex 9.28201 12.3138 57.6689
      vertex 9.00404 12.5013 57.6348
    endloop
  endfacet
  facet normal -0.473171 -0.581277 0.661987
    outer loop
      vertex 11.8449 9.07645 56.6585
      vertex 8.72942 5.19566 51.024
      vertex 9.01343 5.16878 51.2034
    endloop
  endfacet
  facet normal -0.473256 -0.581211 0.661983
    outer loop
      vertex 4.79247 7.25517 50.0179
      vertex 9.00404 12.5013 57.6348
      vertex 8.71985 12.6753 57.5844
    endloop
  endfacet
  facet normal -0.47321 -0.58124 0.661992
    outer loop
      vertex 11.74 9.35054 56.8241
      vertex 8.44037 5.24033 50.8566
      vertex 8.72942 5.19566 51.024
    endloop
  endfacet
  facet normal -0.473186 -0.581265 0.661987
    outer loop
      vertex 4.56277 7.49703 50.0661
      vertex 8.71985 12.6753 57.5844
      vertex 8.43064 12.835 57.5179
    endloop
  endfacet
  facet normal -0.473269 -0.581196 0.661987
    outer loop
      vertex 11.6172 9.62462 56.977
      vertex 8.1475 5.30261 50.7019
      vertex 8.44037 5.24033 50.8566
    endloop
  endfacet
  facet normal -0.473233 -0.581226 0.661987
    outer loop
      vertex 4.34586 7.74682 50.1304
      vertex 8.43064 12.835 57.5179
      vertex 8.13767 12.9798 57.4356
    endloop
  endfacet
  facet normal -0.473238 -0.581221 0.661987
    outer loop
      vertex 11.477 9.89754 57.1164
      vertex 7.85208 5.38221 50.5606
      vertex 8.1475 5.30261 50.7019
    endloop
  endfacet
  facet normal -0.473227 -0.58123 0.661988
    outer loop
      vertex 4.14268 8.00347 50.2105
      vertex 8.13767 12.9798 57.4356
      vertex 7.84219 13.1091 57.3379
    endloop
  endfacet
  facet normal -0.473232 -0.58123 0.661985
    outer loop
      vertex 11.3199 10.1681 57.2417
      vertex 7.55536 5.47881 50.4333
      vertex 7.85208 5.38221 50.5606
    endloop
  endfacet
  facet normal -0.473335 -0.581142 0.661988
    outer loop
      vertex 3.95408 8.2659 50.3061
      vertex 7.84219 13.1091 57.3379
      vertex 7.54545 13.2223 57.2251
    endloop
  endfacet
  facet normal -0.473147 -0.581295 0.661988
    outer loop
      vertex 11.1467 10.4352 57.3524
      vertex 7.25863 5.59199 50.3206
      vertex 7.55536 5.47881 50.4333
    endloop
  endfacet
  facet normal -0.473232 -0.58122 0.661993
    outer loop
      vertex 3.78089 8.53297 50.4168
      vertex 7.54545 13.2223 57.2251
      vertex 7.24873 13.3189 57.0978
    endloop
  endfacet
  facet normal -0.473338 -0.581147 0.661982
    outer loop
      vertex 10.9581 10.6976 57.448
      vertex 6.96314 5.72126 50.2228
      vertex 7.25863 5.59199 50.3206
    endloop
  endfacet
  facet normal -0.473239 -0.581214 0.661993
    outer loop
      vertex 3.62384 8.80354 50.5421
      vertex 7.24873 13.3189 57.0978
      vertex 6.95331 13.3985 56.9565
    endloop
  endfacet
  facet normal -0.473099 -0.58133 0.661992
    outer loop
      vertex 10.755 10.9543 57.5281
      vertex 6.67017 5.86608 50.1406
      vertex 6.96314 5.72126 50.2228
    endloop
  endfacet
  facet normal -0.472956 -0.581447 0.661991
    outer loop
      vertex 3.48361 9.07645 50.6814
      vertex 6.95331 13.3985 56.9565
      vertex 6.66045 13.4607 56.8019
    endloop
  endfacet
  facet normal -0.473239 -0.581222 0.661986
    outer loop
      vertex 10.538 11.204 57.5923
      vertex 6.38097 6.02581 50.0741
      vertex 6.67017 5.86608 50.1406
    endloop
  endfacet
  facet normal -0.473246 -0.581218 0.661984
    outer loop
      vertex 3.36078 9.35054 50.8343
      vertex 6.66045 13.4607 56.8019
      vertex 6.37139 13.5054 56.6345
    endloop
  endfacet
  facet normal -0.473203 -0.581251 0.661987
    outer loop
      vertex 10.3083 11.4459 57.6405
      vertex 6.09677 6.19978 50.0237
      vertex 6.38097 6.02581 50.0741
    endloop
  endfacet
  facet normal -0.473424 -0.581071 0.661986
    outer loop
      vertex 3.2559 9.62462 51
      vertex 6.37139 13.5054 56.6345
      vertex 6.08738 13.5323 56.455
    endloop
  endfacet
  facet normal -0.473213 -0.58124 0.66199
    outer loop
      vertex 10.0668 11.6788 57.6723
      vertex 5.8188 6.38725 49.9896
      vertex 6.09677 6.19978 50.0237
    endloop
  endfacet
  facet normal -0.473132 -0.581301 0.661994
    outer loop
      vertex 3.16941 9.89754 51.1778
      vertex 6.08738 13.5323 56.455
      vertex 5.80964 13.5413 56.2644
    endloop
  endfacet
  facet normal -0.473271 -0.581195 0.661987
    outer loop
      vertex 9.81455 11.9017 57.6877
      vertex 5.54825 6.5874 49.9719
      vertex 5.8188 6.38725 49.9896
    endloop
  endfacet
  facet normal -0.473192 -0.581258 0.661988
    outer loop
      vertex 3.10168 10.1681 51.3669
      vertex 5.80964 13.5413 56.2644
      vertex 5.53936 13.5323 56.0633
    endloop
  endfacet
  facet normal -0.473279 -0.581187 0.661988
    outer loop
      vertex 9.55257 12.1137 57.6865
      vertex 5.28626 6.79938 49.9707
      vertex 5.54825 6.5874 49.9719
    endloop
  endfacet
  facet normal -0.473273 -0.581196 0.661985
    outer loop
      vertex 3.053 10.4352 51.5666
      vertex 5.53936 13.5323 56.0633
      vertex 5.27768 13.5054 55.8526
    endloop
  endfacet
  facet normal -0.473187 -0.581267 0.661984
    outer loop
      vertex 9.28201 12.3138 57.6689
      vertex 5.03398 7.02229 49.9861
      vertex 5.28626 6.79938 49.9707
    endloop
  endfacet
  facet normal -0.473083 -0.581343 0.661991
    outer loop
      vertex 3.02358 10.6976 51.776
      vertex 5.27768 13.5054 55.8526
      vertex 5.02574 13.4607 55.6333
    endloop
  endfacet
  facet normal -0.473269 -0.581201 0.661983
    outer loop
      vertex 9.00404 12.5013 57.6348
      vertex 4.79247 7.25517 50.0179
      vertex 5.03398 7.02229 49.9861
    endloop
  endfacet
  facet normal -0.473248 -0.581216 0.661985
    outer loop
      vertex 3.01354 10.9543 51.9942
      vertex 5.02574 13.4607 55.6333
      vertex 4.7846 13.3985 55.4063
    endloop
  endfacet
  facet normal -0.473153 -0.581291 0.661987
    outer loop
      vertex 8.71985 12.6753 57.5844
      vertex 4.56277 7.49703 50.0661
      vertex 4.79247 7.25517 50.0179
    endloop
  endfacet
  facet normal -0.473266 -0.581194 0.661991
    outer loop
      vertex 3.02293 11.204 52.2202
      vertex 4.7846 13.3985 55.4063
      vertex 4.55532 13.3189 55.1725
    endloop
  endfacet
  facet normal -0.47316 -0.581284 0.661988
    outer loop
      vertex 8.43064 12.835 57.5179
      vertex 4.34586 7.74682 50.1304
      vertex 4.56277 7.49703 50.0661
    endloop
  endfacet
  facet normal -0.473405 -0.58109 0.661984
    outer loop
      vertex 3.05171 11.4459 52.4531
      vertex 4.55532 13.3189 55.1725
      vertex 4.33885 13.2223 54.9329
    endloop
  endfacet
  facet normal -0.47322 -0.581235 0.661988
    outer loop
      vertex 8.13767 12.9798 57.4356
      vertex 4.14268 8.00347 50.2105
      vertex 4.34586 7.74682 50.1304
    endloop
  endfacet
  facet normal -0.473223 -0.581236 0.661985
    outer loop
      vertex 3.09975 11.6788 52.6919
      vertex 4.33885 13.2223 54.9329
      vertex 4.13614 13.1091 54.6886
    endloop
  endfacet
  facet normal -0.473215 -0.581239 0.661988
    outer loop
      vertex 7.84219 13.1091 57.3379
      vertex 3.95408 8.2659 50.3061
      vertex 4.14268 8.00347 50.2105
    endloop
  endfacet
  facet normal -0.472642 -0.581686 0.662006
    outer loop
      vertex 3.09975 11.6788 52.6919
      vertex 4.13614 13.1091 54.6886
      vertex 3.94805 12.9798 54.4407
    endloop
  endfacet
  facet normal -0.473193 -0.581252 0.661993
    outer loop
      vertex 7.54545 13.2223 57.2251
      vertex 3.78089 8.53297 50.4168
      vertex 3.95408 8.2659 50.3061
    endloop
  endfacet
  facet normal -0.473425 -0.581106 0.661955
    outer loop
      vertex 3.09975 11.6788 52.6919
      vertex 3.94805 12.9798 54.4407
      vertex 3.77539 12.835 54.1901
    endloop
  endfacet
  facet normal -0.47321 -0.581237 0.661993
    outer loop
      vertex 7.24873 13.3189 57.0978
      vertex 3.62384 8.80354 50.5421
      vertex 3.78089 8.53297 50.4168
    endloop
  endfacet
  facet normal -0.473203 -0.581264 0.661976
    outer loop
      vertex 3.09975 11.6788 52.6919
      vertex 3.77539 12.835 54.1901
      vertex 3.61889 12.6753 53.938
    endloop
  endfacet
  facet normal -0.473358 -0.581122 0.661989
    outer loop
      vertex 6.95331 13.3985 56.9565
      vertex 3.48361 9.07645 50.6814
      vertex 3.62384 8.80354 50.5421
    endloop
  endfacet
  facet normal -0.472882 -0.58148 0.662015
    outer loop
      vertex 3.09975 11.6788 52.6919
      vertex 3.61889 12.6753 53.938
      vertex 3.47922 12.5013 53.6854
    endloop
  endfacet
  facet normal -0.47313 -0.581313 0.661985
    outer loop
      vertex 6.66045 13.4607 56.8019
      vertex 3.36078 9.35054 50.8343
      vertex 3.48361 9.07645 50.6814
    endloop
  endfacet
  facet normal -0.472879 -0.581482 0.662015
    outer loop
      vertex 3.09975 11.6788 52.6919
      vertex 3.47922 12.5013 53.6854
      vertex 3.35699 12.3138 53.4334
    endloop
  endfacet
  facet normal -0.473167 -0.581279 0.661987
    outer loop
      vertex 6.37139 13.5054 56.6345
      vertex 3.2559 9.62462 51
      vertex 3.36078 9.35054 50.8343
    endloop
  endfacet
  facet normal -0.475612 -0.579732 0.661592
    outer loop
      vertex 3.16685 11.9017 52.9356
      vertex 3.35699 12.3138 53.4334
      vertex 3.25272 12.1137 53.1831
    endloop
  endfacet
  facet normal -0.473213 -0.581235 0.661993
    outer loop
      vertex 6.08738 13.5323 56.455
      vertex 3.16941 9.89754 51.1778
      vertex 3.2559 9.62462 51
    endloop
  endfacet
  facet normal -0.473237 -0.581263 0.661952
    outer loop
      vertex 3.09975 11.6788 52.6919
      vertex 3.35699 12.3138 53.4334
      vertex 3.16685 11.9017 52.9356
    endloop
  endfacet
  facet normal -0.473311 -0.581162 0.661987
    outer loop
      vertex 5.80964 13.5413 56.2644
      vertex 3.10168 10.1681 51.3669
      vertex 3.16941 9.89754 51.1778
    endloop
  endfacet
  facet normal -0.473377 -0.581111 0.661984
    outer loop
      vertex 4.33885 13.2223 54.9329
      vertex 3.09975 11.6788 52.6919
      vertex 3.05171 11.4459 52.4531
    endloop
  endfacet
  facet normal -0.473273 -0.581196 0.661985
    outer loop
      vertex 5.53936 13.5323 56.0633
      vertex 3.053 10.4352 51.5666
      vertex 3.10168 10.1681 51.3669
    endloop
  endfacet
  facet normal -0.473491 -0.58102 0.661983
    outer loop
      vertex 4.55532 13.3189 55.1725
      vertex 3.05171 11.4459 52.4531
      vertex 3.02293 11.204 52.2202
    endloop
  endfacet
  facet normal -0.473106 -0.581325 0.661991
    outer loop
      vertex 5.27768 13.5054 55.8526
      vertex 3.02358 10.6976 51.776
      vertex 3.053 10.4352 51.5666
    endloop
  endfacet
  facet normal -0.473048 -0.581371 0.661992
    outer loop
      vertex 4.7846 13.3985 55.4063
      vertex 3.02293 11.204 52.2202
      vertex 3.01354 10.9543 51.9942
    endloop
  endfacet
  facet normal -0.473256 -0.58121 0.661985
    outer loop
      vertex 5.02574 13.4607 55.6333
      vertex 3.01354 10.9543 51.9942
      vertex 3.02358 10.6976 51.776
    endloop
  endfacet
  facet normal 0.256566 -0.809831 -0.527587
    outer loop
      vertex 6.08738 13.5323 56.455
      vertex 5.9029 12.93 57.2898
      vertex 5.6189 12.9569 57.1104
    endloop
  endfacet
  facet normal 0.256715 -0.809813 -0.527541
    outer loop
      vertex 5.9029 12.93 57.2898
      vertex 6.08738 13.5323 56.455
      vertex 6.37139 13.5054 56.6345
    endloop
  endfacet
  facet normal 0.256623 -0.809814 -0.527585
    outer loop
      vertex 5.37756 12.6604 57.448
      vertex -8.06174 -4.22235 76.8251
      vertex -8.34574 -4.19547 76.6457
    endloop
  endfacet
  facet normal 0.256786 -0.809828 -0.527484
    outer loop
      vertex -8.06174 -4.22235 76.8251
      vertex 5.37756 12.6604 57.448
      vertex 5.66156 12.6336 57.6274
    endloop
  endfacet
  facet normal 0.41618 -0.809829 -0.413487
    outer loop
      vertex 4.80919 12.93 56.508
      vertex 5.53936 13.5323 56.0633
      vertex 5.07087 12.9569 56.7187
    endloop
  endfacet
  facet normal 0.41618 -0.809829 -0.413487
    outer loop
      vertex 5.53936 13.5323 56.0633
      vertex 4.80919 12.93 56.508
      vertex 5.27768 13.5054 55.8526
    endloop
  endfacet
  facet normal 0.416065 -0.809821 -0.413617
    outer loop
      vertex -9.15545 -4.22235 76.0433
      vertex 4.82953 12.6604 57.0563
      vertex -8.89377 -4.19547 76.2539
    endloop
  endfacet
  facet normal 0.416011 -0.809826 -0.413661
    outer loop
      vertex 4.82953 12.6604 57.0563
      vertex -9.15545 -4.22235 76.0433
      vertex 4.56785 12.6336 56.8456
    endloop
  endfacet
  facet normal -0.777338 0.629074 -0.00334972
    outer loop
      vertex 11.0134 5.45038 54.3758
      vertex 11.6216 6.19978 53.973
      vertex 11.4819 6.02581 53.7205
    endloop
  endfacet
  facet normal -0.777343 0.629068 -0.00336695
    outer loop
      vertex 11.6216 6.19978 53.973
      vertex 11.0134 5.45038 54.3758
      vertex 11.1531 5.62436 54.6284
    endloop
  endfacet
  facet normal -0.777343 0.629068 -0.00334221
    outer loop
      vertex -2.9512 -11.702 73.9111
      vertex 10.9118 5.32792 54.966
      vertex 10.7721 5.15395 54.7134
    endloop
  endfacet
  facet normal -0.777403 0.628993 -0.00345447
    outer loop
      vertex 10.9118 5.32792 54.966
      vertex -2.9512 -11.702 73.9111
      vertex -2.81154 -11.528 74.1637
    endloop
  endfacet
  facet normal 0.144436 -0.79246 -0.592575
    outer loop
      vertex 6.66045 13.4607 56.8019
      vertex 6.48483 12.823 57.6119
      vertex 6.19196 12.8853 57.4572
    endloop
  endfacet
  facet normal 0.144502 -0.792459 -0.59256
    outer loop
      vertex 6.48483 12.823 57.6119
      vertex 6.66045 13.4607 56.8019
      vertex 6.95331 13.3985 56.9565
    endloop
  endfacet
  facet normal 0.144472 -0.792481 -0.592538
    outer loop
      vertex 5.95062 12.5889 57.7948
      vertex -7.47982 -4.3293 77.1472
      vertex -7.77268 -4.26702 76.9925
    endloop
  endfacet
  facet normal 0.14443 -0.792473 -0.592559
    outer loop
      vertex -7.47982 -4.3293 77.1472
      vertex 5.95062 12.5889 57.7948
      vertex 6.24348 12.5266 57.9495
    endloop
  endfacet
  facet normal 0.824138 -0.0266746 0.565761
    outer loop
      vertex 2.78742 9.0492 51.6553
      vertex 3.36078 9.35054 50.8343
      vertex 3.2559 9.62462 51
    endloop
  endfacet
  facet normal 0.824113 -0.026504 0.565806
    outer loop
      vertex 3.36078 9.35054 50.8343
      vertex 2.78742 9.0492 51.6553
      vertex 2.8923 8.77511 51.4897
    endloop
  endfacet
  facet normal 0.824103 -0.0265163 0.56582
    outer loop
      vertex -11.1772 -8.10314 71.1906
      vertex 2.65096 8.47868 51.8273
      vertex 2.54608 8.75277 51.9929
    endloop
  endfacet
  facet normal 0.824139 -0.0266138 0.565762
    outer loop
      vertex 2.65096 8.47868 51.8273
      vertex -11.1772 -8.10314 71.1906
      vertex -11.0723 -8.37723 71.0249
    endloop
  endfacet
  facet normal -0.802075 -0.0265231 -0.596634
    outer loop
      vertex 11.74 9.35054 56.8241
      vertex 11.1487 9.0492 57.6324
      vertex 11.6172 9.62462 56.977
    endloop
  endfacet
  facet normal -0.802075 -0.0265223 -0.596634
    outer loop
      vertex 11.1487 9.0492 57.6324
      vertex 11.74 9.35054 56.8241
      vertex 11.2715 8.77511 57.4795
    endloop
  endfacet
  facet normal -0.802071 -0.0265173 -0.59664
    outer loop
      vertex 11.0302 8.47868 57.8171
      vertex -2.81592 -8.10314 77.1676
      vertex 10.9074 8.75277 57.97
    endloop
  endfacet
  facet normal -0.80199 -0.0267015 -0.59674
    outer loop
      vertex -2.81592 -8.10314 77.1676
      vertex 11.0302 8.47868 57.8171
      vertex -2.6931 -8.37723 77.0148
    endloop
  endfacet
  facet normal 0.559637 -0.778651 -0.28374
    outer loop
      vertex 4.08683 12.7434 55.8278
      vertex 4.7846 13.3985 55.4063
      vertex 4.31612 12.823 56.0616
    endloop
  endfacet
  facet normal 0.559646 -0.778651 -0.283725
    outer loop
      vertex 4.7846 13.3985 55.4063
      vertex 4.08683 12.7434 55.8278
      vertex 4.55532 13.3189 55.1725
    endloop
  endfacet
  facet normal 0.559598 -0.778699 -0.283687
    outer loop
      vertex -9.87781 -4.4089 75.3631
      vertex 4.07478 12.5266 56.3992
      vertex -9.64852 -4.3293 75.5969
    endloop
  endfacet
  facet normal 0.559598 -0.778699 -0.283687
    outer loop
      vertex 4.07478 12.5266 56.3992
      vertex -9.87781 -4.4089 75.3631
      vertex 3.84549 12.447 56.1654
    endloop
  endfacet
  facet normal 0.0279573 0.741178 0.670726
    outer loop
      vertex 7.25863 5.59199 50.3206
      vertex 7.08688 4.90338 51.0887
      vertex 7.55536 5.47881 50.4333
    endloop
  endfacet
  facet normal 0.0277491 0.741206 0.670704
    outer loop
      vertex 7.08688 4.90338 51.0887
      vertex 7.25863 5.59199 50.3206
      vertex 6.79014 5.01656 50.9759
    endloop
  endfacet
  facet normal 0.0277714 0.741233 0.670673
    outer loop
      vertex 6.5488 4.72013 51.3135
      vertex -6.87776 -12.249 70.6239
      vertex 6.84554 4.60695 51.4263
    endloop
  endfacet
  facet normal 0.0279867 0.741153 0.670752
    outer loop
      vertex -6.87776 -12.249 70.6239
      vertex 6.5488 4.72013 51.3135
      vertex -7.1745 -12.1358 70.5112
    endloop
  endfacet
  facet normal -0.513893 0.792469 0.328493
    outer loop
      vertex 10.3162 5.30261 52.2522
      vertex 9.60659 4.66491 52.6805
      vertex 9.84772 4.72718 52.9075
    endloop
  endfacet
  facet normal -0.513985 0.792471 0.328343
    outer loop
      vertex 9.60659 4.66491 52.6805
      vertex 10.3162 5.30261 52.2522
      vertex 10.0751 5.24033 52.0251
    endloop
  endfacet
  facet normal -0.512193 0.792918 0.330059
    outer loop
      vertex 9.60638 4.43075 53.2451
      vertex 7.21134 1.49414 56.5832
      vertex 7.20539 1.48168 56.6039
    endloop
  endfacet
  facet normal -0.514126 0.792424 0.328237
    outer loop
      vertex 9.60638 4.43075 53.2451
      vertex 7.22821 1.53785 56.5041
      vertex 7.21134 1.49414 56.5832
    endloop
  endfacet
  facet normal -0.513817 0.792502 0.328531
    outer loop
      vertex 9.60638 4.43075 53.2451
      vertex 7.23991 1.57918 56.4227
      vertex 7.22821 1.53785 56.5041
    endloop
  endfacet
  facet normal -0.514114 0.792428 0.328244
    outer loop
      vertex 9.60638 4.43075 53.2451
      vertex 7.24642 1.61795 56.3393
      vertex 7.23991 1.57918 56.4227
    endloop
  endfacet
  facet normal -0.513593 0.792554 0.328756
    outer loop
      vertex 9.60638 4.43075 53.2451
      vertex 7.24769 1.65399 56.2544
      vertex 7.24642 1.61795 56.3393
    endloop
  endfacet
  facet normal -0.513916 0.792478 0.328433
    outer loop
      vertex 9.60638 4.43075 53.2451
      vertex 7.24372 1.68714 56.1682
      vertex 7.24769 1.65399 56.2544
    endloop
  endfacet
  facet normal -0.513954 0.79247 0.328394
    outer loop
      vertex 9.60638 4.43075 53.2451
      vertex 7.23454 1.71728 56.0811
      vertex 7.24372 1.68714 56.1682
    endloop
  endfacet
  facet normal -0.514196 0.792417 0.328142
    outer loop
      vertex 9.60638 4.43075 53.2451
      vertex 7.22356 1.7379 56.0141
      vertex 7.23454 1.71728 56.0811
    endloop
  endfacet
  facet normal -0.513881 0.792483 0.328477
    outer loop
      vertex 7.22356 1.7379 56.0141
      vertex 9.60638 4.43075 53.2451
      vertex 9.36525 4.36848 53.0181
    endloop
  endfacet
  facet normal -0.51383 0.792498 0.328518
    outer loop
      vertex -4.11692 -12.4252 72.4428
      vertex -2.21636 -9.85685 69.2197
      vertex -4.35805 -12.4874 72.2157
    endloop
  endfacet
  facet normal -0.513934 0.792467 0.328433
    outer loop
      vertex -4.11692 -12.4252 72.4428
      vertex -2.15701 -9.81807 69.219
      vertex -2.21636 -9.85685 69.2197
    endloop
  endfacet
  facet normal -0.513835 0.792497 0.328517
    outer loop
      vertex -4.11692 -12.4252 72.4428
      vertex -2.0808 -9.76588 69.2123
      vertex -2.15701 -9.81807 69.219
    endloop
  endfacet
  facet normal -0.513818 0.792501 0.328531
    outer loop
      vertex -4.11692 -12.4252 72.4428
      vertex -2.00635 -9.71247 69.1999
      vertex -2.0808 -9.76588 69.2123
    endloop
  endfacet
  facet normal -0.514039 0.792439 0.328335
    outer loop
      vertex -4.11692 -12.4252 72.4428
      vertex -1.934 -9.65808 69.1819
      vertex -2.00635 -9.71247 69.1999
    endloop
  endfacet
  facet normal -0.513959 0.792461 0.328407
    outer loop
      vertex -4.11692 -12.4252 72.4428
      vertex -1.86403 -9.60292 69.1583
      vertex -1.934 -9.65808 69.1819
    endloop
  endfacet
  facet normal -0.513843 0.792492 0.328514
    outer loop
      vertex -4.11692 -12.4252 72.4428
      vertex -1.79676 -9.54724 69.1292
      vertex -1.86403 -9.60292 69.1583
    endloop
  endfacet
  facet normal -0.514208 0.792396 0.328175
    outer loop
      vertex -4.11692 -12.4252 72.4428
      vertex -1.73248 -9.49128 69.0948
      vertex -1.79676 -9.54724 69.1292
    endloop
  endfacet
  facet normal -0.511977 0.792971 0.330267
    outer loop
      vertex -1.73248 -9.49128 69.0948
      vertex -4.11692 -12.4252 72.4428
      vertex -1.71592 -9.47609 69.084
    endloop
  endfacet
  facet normal -0.513683 0.792535 0.328661
    outer loop
      vertex 6.43711 0.696405 57.2965
      vertex -1.29436 -8.72439 67.9299
      vertex -1.28337 -8.74501 67.9968
    endloop
  endfacet
  facet normal -0.514059 0.792439 0.328304
    outer loop
      vertex 6.51156 0.749813 57.2841
      vertex -1.28337 -8.74501 67.9968
      vertex -1.27419 -8.77514 68.0839
    endloop
  endfacet
  facet normal -0.513823 0.792499 0.328529
    outer loop
      vertex 6.58392 0.804211 57.2661
      vertex -1.27419 -8.77514 68.0839
      vertex -1.27022 -8.8083 68.1701
    endloop
  endfacet
  facet normal -0.514048 0.792442 0.328315
    outer loop
      vertex 6.65388 0.859367 57.2425
      vertex -1.27022 -8.8083 68.1701
      vertex -1.27149 -8.84434 68.2551
    endloop
  endfacet
  facet normal -0.514127 0.792421 0.32824
    outer loop
      vertex 6.65388 0.859367 57.2425
      vertex -1.27149 -8.84434 68.2551
      vertex -1.278 -8.88311 68.3385
    endloop
  endfacet
  facet normal -0.513913 0.792477 0.328442
    outer loop
      vertex 6.72115 0.915044 57.2134
      vertex -1.278 -8.88311 68.3385
      vertex -1.28971 -8.92444 68.4199
    endloop
  endfacet
  facet normal -0.514025 0.792448 0.328337
    outer loop
      vertex 6.78543 0.971003 57.179
      vertex -1.28971 -8.92444 68.4199
      vertex -1.30657 -8.96815 68.499
    endloop
  endfacet
  facet normal -0.512691 0.792791 0.329591
    outer loop
      vertex 6.80199 0.986197 57.1682
      vertex -1.30657 -8.96815 68.499
      vertex -1.31253 -8.98061 68.5197
    endloop
  endfacet
  facet normal -0.513971 0.792462 0.328388
    outer loop
      vertex -1.29436 -8.72439 67.9299
      vertex 6.3609 0.644216 57.3032
      vertex 6.30155 0.605433 57.3039
    endloop
  endfacet
  facet normal -0.513825 0.792499 0.328526
    outer loop
      vertex -1.29436 -8.72439 67.9299
      vertex 6.43711 0.696405 57.2965
      vertex 6.3609 0.644216 57.3032
    endloop
  endfacet
  facet normal -0.513796 0.792506 0.328554
    outer loop
      vertex -1.28337 -8.74501 67.9968
      vertex 6.51156 0.749813 57.2841
      vertex 6.43711 0.696405 57.2965
    endloop
  endfacet
  facet normal -0.514064 0.792438 0.328299
    outer loop
      vertex -1.27419 -8.77514 68.0839
      vertex 6.58392 0.804211 57.2661
      vertex 6.51156 0.749813 57.2841
    endloop
  endfacet
  facet normal -0.513997 0.792455 0.328363
    outer loop
      vertex -1.27022 -8.8083 68.1701
      vertex 6.65388 0.859367 57.2425
      vertex 6.58392 0.804211 57.2661
    endloop
  endfacet
  facet normal -0.513805 0.792505 0.328543
    outer loop
      vertex -1.278 -8.88311 68.3385
      vertex 6.72115 0.915044 57.2134
      vertex 6.65388 0.859367 57.2425
    endloop
  endfacet
  facet normal -0.514204 0.792402 0.328167
    outer loop
      vertex -1.28971 -8.92444 68.4199
      vertex 6.78543 0.971003 57.179
      vertex 6.72115 0.915044 57.2134
    endloop
  endfacet
  facet normal -0.512294 0.792892 0.329964
    outer loop
      vertex -1.30657 -8.96815 68.499
      vertex 6.80199 0.986197 57.1682
      vertex 6.78543 0.971003 57.179
    endloop
  endfacet
  facet normal 0.642285 0.286614 0.710861
    outer loop
      vertex 3.67419 7.42805 50.8658
      vertex 4.34586 7.74682 50.1304
      vertex 4.14268 8.00347 50.2105
    endloop
  endfacet
  facet normal 0.64228 0.286624 0.710861
    outer loop
      vertex 4.34586 7.74682 50.1304
      vertex 3.67419 7.42805 50.8658
      vertex 3.87738 7.17139 50.7857
    endloop
  endfacet
  facet normal 0.642302 0.286651 0.71083
    outer loop
      vertex -10.2905 -9.72429 70.4011
      vertex 3.63604 6.87496 51.1233
      vertex 3.43285 7.13162 51.2034
    endloop
  endfacet
  facet normal 0.642291 0.286666 0.710834
    outer loop
      vertex 3.63604 6.87496 51.1233
      vertex -10.2905 -9.72429 70.4011
      vertex -10.0873 -9.98095 70.321
    endloop
  endfacet
  facet normal -0.311137 0.813304 0.491661
    outer loop
      vertex 9.01343 5.16878 51.2034
      vertex 8.82268 4.58438 52.0494
      vertex 9.29117 5.15981 51.394
    endloop
  endfacet
  facet normal -0.311257 0.813283 0.49162
    outer loop
      vertex 8.82268 4.58438 52.0494
      vertex 9.01343 5.16878 51.2034
      vertex 8.54494 4.59336 51.8587
    endloop
  endfacet
  facet normal -0.3115 0.813311 0.491419
    outer loop
      vertex 8.58134 4.28795 52.387
      vertex 6.56423 1.90557 55.0513
      vertex 6.64115 1.90488 55.1012
    endloop
  endfacet
  facet normal -0.311125 0.813293 0.491686
    outer loop
      vertex 8.3036 4.29693 52.1964
      vertex 6.56423 1.90557 55.0513
      vertex 8.58134 4.28795 52.387
    endloop
  endfacet
  facet normal -0.310914 0.813295 0.491816
    outer loop
      vertex 6.56423 1.90557 55.0513
      vertex 8.3036 4.29693 52.1964
      vertex 6.4848 1.90278 55.0057
    endloop
  endfacet
  facet normal -0.311245 0.813297 0.491604
    outer loop
      vertex 6.4848 1.90278 55.0057
      vertex 8.3036 4.29693 52.1964
      vertex 6.40321 1.89652 54.9644
    endloop
  endfacet
  facet normal -0.311709 0.813307 0.491294
    outer loop
      vertex 6.40321 1.89652 54.9644
      vertex 8.3036 4.29693 52.1964
      vertex 6.34365 1.88958 54.9381
    endloop
  endfacet
  facet normal -0.311022 0.813292 0.491753
    outer loop
      vertex -3.27585 -10.1807 68.8167
      vertex -5.14196 -12.568 71.5847
      vertex -3.20177 -10.1849 68.8705
    endloop
  endfacet
  facet normal -0.311206 0.813295 0.491631
    outer loop
      vertex -5.14196 -12.568 71.5847
      vertex -3.27585 -10.1807 68.8167
      vertex -5.4197 -12.559 71.394
    endloop
  endfacet
  facet normal -0.311048 0.813283 0.491752
    outer loop
      vertex -3.34678 -10.173 68.7591
      vertex -5.4197 -12.559 71.394
      vertex -3.27585 -10.1807 68.8167
    endloop
  endfacet
  facet normal -0.311618 0.813317 0.491334
    outer loop
      vertex -3.41425 -10.162 68.6981
      vertex -5.4197 -12.559 71.394
      vertex -3.34678 -10.173 68.7591
    endloop
  endfacet
  facet normal -0.310534 0.81327 0.492098
    outer loop
      vertex -5.4197 -12.559 71.394
      vertex -3.41425 -10.162 68.6981
      vertex -3.45975 -10.1516 68.6522
    endloop
  endfacet
  facet normal -0.311162 0.813296 0.491659
    outer loop
      vertex 5.24206 0.28159 56.9009
      vertex -1.87676 -8.55741 67.0169
      vertex 5.31614 0.277409 56.9547
    endloop
  endfacet
  facet normal -0.310988 0.813291 0.491777
    outer loop
      vertex -1.87676 -8.55741 67.0169
      vertex 5.24206 0.28159 56.9009
      vertex -1.95368 -8.55671 66.9671
    endloop
  endfacet
  facet normal -0.310976 0.813291 0.491784
    outer loop
      vertex 5.17113 0.289238 56.8434
      vertex -1.95368 -8.55671 66.9671
      vertex 5.24206 0.28159 56.9009
    endloop
  endfacet
  facet normal -0.311364 0.813302 0.491521
    outer loop
      vertex -1.95368 -8.55671 66.9671
      vertex 5.17113 0.289238 56.8434
      vertex -2.03311 -8.5595 66.9214
    endloop
  endfacet
  facet normal -0.311466 0.813305 0.491451
    outer loop
      vertex 5.10366 0.30032 56.7823
      vertex -2.03311 -8.5595 66.9214
      vertex 5.17113 0.289238 56.8434
    endloop
  endfacet
  facet normal -0.311318 0.813301 0.491551
    outer loop
      vertex -2.03311 -8.5595 66.9214
      vertex 5.10366 0.30032 56.7823
      vertex -2.1147 -8.56577 66.8801
    endloop
  endfacet
  facet normal -0.311264 0.813299 0.491589
    outer loop
      vertex 5.05816 0.31065 56.7364
      vertex -2.1147 -8.56577 66.8801
      vertex 5.10366 0.30032 56.7823
    endloop
  endfacet
  facet normal -0.31107 0.813293 0.491721
    outer loop
      vertex -2.1147 -8.56577 66.8801
      vertex 5.05816 0.31065 56.7364
      vertex -2.17426 -8.57271 66.8539
    endloop
  endfacet
  facet normal -0.869018 0.184747 -0.458996
    outer loop
      vertex 12.0478 8.2659 56.0918
      vertex 11.5306 7.95754 56.9469
      vertex 11.9991 8.53297 56.2915
    endloop
  endfacet
  facet normal -0.869018 0.184747 -0.458996
    outer loop
      vertex 11.5306 7.95754 56.9469
      vertex 12.0478 8.2659 56.0918
      vertex 11.5793 7.69047 56.7472
    endloop
  endfacet
  facet normal -0.869016 0.184749 -0.458998
    outer loop
      vertex 11.338 7.39404 57.0848
      vertex -2.434 -9.1948 76.4821
      vertex 11.2893 7.66111 57.2845
    endloop
  endfacet
  facet normal -0.86902 0.184769 -0.458983
    outer loop
      vertex -2.434 -9.1948 76.4821
      vertex 11.338 7.39404 57.0848
      vertex -2.38531 -9.46187 76.2824
    endloop
  endfacet
  facet normal 0.466035 -0.802879 -0.371748
    outer loop
      vertex 4.55725 12.8853 56.2887
      vertex 5.27768 13.5054 55.8526
      vertex 4.80919 12.93 56.508
    endloop
  endfacet
  facet normal 0.466035 -0.802879 -0.371748
    outer loop
      vertex 5.27768 13.5054 55.8526
      vertex 4.55725 12.8853 56.2887
      vertex 5.02574 13.4607 55.6333
    endloop
  endfacet
  facet normal 0.466081 -0.802853 -0.371746
    outer loop
      vertex -9.40739 -4.26702 75.8239
      vertex 4.56785 12.6336 56.8456
      vertex -9.15545 -4.22235 76.0433
    endloop
  endfacet
  facet normal 0.466053 -0.802858 -0.371772
    outer loop
      vertex 4.56785 12.6336 56.8456
      vertex -9.40739 -4.26702 75.8239
      vertex 4.31591 12.5889 56.6263
    endloop
  endfacet
  facet normal 0.869029 -0.184767 0.458967
    outer loop
      vertex 2.58451 9.85975 52.222
      vertex 3.10168 10.1681 51.3669
      vertex 3.053 10.4352 51.5666
    endloop
  endfacet
  facet normal 0.869029 -0.184758 0.45897
    outer loop
      vertex 3.10168 10.1681 51.3669
      vertex 2.58451 9.85975 52.222
      vertex 2.6332 9.59268 52.0223
    endloop
  endfacet
  facet normal 0.869024 -0.184789 0.458967
    outer loop
      vertex -11.3801 -7.29259 71.7572
      vertex 2.39185 9.29625 52.3599
      vertex 2.34317 9.56332 52.5596
    endloop
  endfacet
  facet normal 0.869017 -0.184748 0.458997
    outer loop
      vertex 2.39185 9.29625 52.3599
      vertex -11.3801 -7.29259 71.7572
      vertex -11.3314 -7.55966 71.5575
    endloop
  endfacet
  facet normal -0.0277767 -0.741207 -0.670702
    outer loop
      vertex 7.54545 13.2223 57.2251
      vertex 7.3737 12.5337 57.9932
      vertex 7.07696 12.6468 57.8805
    endloop
  endfacet
  facet normal -0.0277985 -0.741204 -0.670704
    outer loop
      vertex 7.3737 12.5337 57.9932
      vertex 7.54545 13.2223 57.2251
      vertex 7.84219 13.1091 57.3379
    endloop
  endfacet
  facet normal -0.027772 -0.741234 -0.670672
    outer loop
      vertex 6.83562 12.3504 58.2181
      vertex -6.59094 -4.61868 77.5285
      vertex -6.88768 -4.5055 77.4157
    endloop
  endfacet
  facet normal -0.0279873 -0.741154 -0.670751
    outer loop
      vertex -6.59094 -4.61868 77.5285
      vertex 6.83562 12.3504 58.2181
      vertex 7.13236 12.2372 58.3308
    endloop
  endfacet
  facet normal 0.802057 0.0265898 0.596656
    outer loop
      vertex 2.8923 8.77511 51.4897
      vertex 3.48361 9.07645 50.6814
      vertex 3.36078 9.35054 50.8343
    endloop
  endfacet
  facet normal 0.802061 0.0265665 0.59665
    outer loop
      vertex 3.48361 9.07645 50.6814
      vertex 2.8923 8.77511 51.4897
      vertex 3.01512 8.50103 51.3368
    endloop
  endfacet
  facet normal 0.802054 0.0265569 0.59666
    outer loop
      vertex -11.0723 -8.37723 71.0249
      vertex 2.77378 8.20459 51.6744
      vertex 2.65096 8.47868 51.8273
    endloop
  endfacet
  facet normal 0.802008 0.0266637 0.596718
    outer loop
      vertex 2.77378 8.20459 51.6744
      vertex -11.0723 -8.37723 71.0249
      vertex -10.9495 -8.65131 70.8721
    endloop
  endfacet
  facet normal -0.559629 0.778685 0.283664
    outer loop
      vertex 10.5455 5.38221 52.486
      vertex 9.84772 4.72718 52.9075
      vertex 10.077 4.80679 53.1413
    endloop
  endfacet
  facet normal -0.5596 0.778687 0.283716
    outer loop
      vertex 9.84772 4.72718 52.9075
      vertex 10.5455 5.38221 52.486
      vertex 10.3162 5.30261 52.2522
    endloop
  endfacet
  facet normal -0.559601 0.778696 0.28369
    outer loop
      vertex -3.88763 -12.3456 72.6766
      vertex -1.71592 -9.47609 69.084
      vertex -4.11692 -12.4252 72.4428
    endloop
  endfacet
  facet normal -0.559968 0.778554 0.283355
    outer loop
      vertex -3.88763 -12.3456 72.6766
      vertex -1.67192 -9.43418 69.0558
      vertex -1.71592 -9.47609 69.084
    endloop
  endfacet
  facet normal -0.559462 0.778748 0.28382
    outer loop
      vertex -3.88763 -12.3456 72.6766
      vertex -1.6149 -9.37718 69.0118
      vertex -1.67192 -9.43418 69.0558
    endloop
  endfacet
  facet normal -0.559801 0.778619 0.283506
    outer loop
      vertex -3.88763 -12.3456 72.6766
      vertex -1.56152 -9.32096 68.9628
      vertex -1.6149 -9.37718 69.0118
    endloop
  endfacet
  facet normal -0.558786 0.779002 0.284454
    outer loop
      vertex -3.88763 -12.3456 72.6766
      vertex -1.51199 -9.26575 68.9089
      vertex -1.56152 -9.32096 68.9628
    endloop
  endfacet
  facet normal -0.560649 0.7783 0.282705
    outer loop
      vertex -3.88763 -12.3456 72.6766
      vertex -1.46653 -9.21179 68.8505
      vertex -1.51199 -9.26575 68.9089
    endloop
  endfacet
  facet normal -0.556641 0.779799 0.286469
    outer loop
      vertex -3.88763 -12.3456 72.6766
      vertex -1.42533 -9.15931 68.7877
      vertex -1.46653 -9.21179 68.8505
    endloop
  endfacet
  facet normal -0.559132 0.77886 0.284163
    outer loop
      vertex 6.846 1.02811 57.14
      vertex -1.31253 -8.98061 68.5197
      vertex -1.32898 -9.01296 68.576
    endloop
  endfacet
  facet normal -0.560178 0.778497 0.283096
    outer loop
      vertex 6.90301 1.08511 57.096
      vertex -1.32898 -9.01296 68.576
      vertex -1.35641 -9.05968 68.6502
    endloop
  endfacet
  facet normal -0.558972 0.778915 0.284327
    outer loop
      vertex 6.95639 1.14133 57.047
      vertex -1.35641 -9.05968 68.6502
      vertex -1.38857 -9.10853 68.7208
    endloop
  endfacet
  facet normal -0.560126 0.778515 0.28315
    outer loop
      vertex 6.95639 1.14133 57.047
      vertex -1.38857 -9.10853 68.7208
      vertex -1.42533 -9.15931 68.7877
    endloop
  endfacet
  facet normal -0.55952 0.778726 0.283766
    outer loop
      vertex 7.00592 1.19654 56.9931
      vertex -1.42533 -9.15931 68.7877
      vertex -3.88763 -12.3456 72.6766
    endloop
  endfacet
  facet normal -0.559924 0.778585 0.283354
    outer loop
      vertex -1.31253 -8.98061 68.5197
      vertex 6.846 1.02811 57.14
      vertex 6.80199 0.986197 57.1682
    endloop
  endfacet
  facet normal -0.559624 0.778689 0.283662
    outer loop
      vertex -1.32898 -9.01296 68.576
      vertex 6.90301 1.08511 57.096
      vertex 6.846 1.02811 57.14
    endloop
  endfacet
  facet normal -0.559878 0.778601 0.283402
    outer loop
      vertex -1.35641 -9.05968 68.6502
      vertex 6.95639 1.14133 57.047
      vertex 6.90301 1.08511 57.096
    endloop
  endfacet
  facet normal -0.558457 0.779094 0.28485
    outer loop
      vertex -1.42533 -9.15931 68.7877
      vertex 7.00592 1.19654 56.9931
      vertex 6.95639 1.14133 57.047
    endloop
  endfacet
  facet normal -0.561517 0.778015 0.281765
    outer loop
      vertex -3.88763 -12.3456 72.6766
      vertex 7.05138 1.2505 56.9347
      vertex 7.00592 1.19654 56.9931
    endloop
  endfacet
  facet normal -0.559561 0.778711 0.283726
    outer loop
      vertex 9.83567 4.51035 53.4789
      vertex 7.05138 1.2505 56.9347
      vertex -3.88763 -12.3456 72.6766
    endloop
  endfacet
  facet normal -0.560009 0.778569 0.283232
    outer loop
      vertex 9.83567 4.51035 53.4789
      vertex 7.09258 1.30298 56.8719
      vertex 7.05138 1.2505 56.9347
    endloop
  endfacet
  facet normal -0.558961 0.7789 0.284391
    outer loop
      vertex 9.83567 4.51035 53.4789
      vertex 7.12934 1.35375 56.8051
      vertex 7.09258 1.30298 56.8719
    endloop
  endfacet
  facet normal -0.559785 0.778641 0.283476
    outer loop
      vertex 9.83567 4.51035 53.4789
      vertex 7.1615 1.40261 56.7344
      vertex 7.12934 1.35375 56.8051
    endloop
  endfacet
  facet normal -0.559353 0.778776 0.283959
    outer loop
      vertex 9.83567 4.51035 53.4789
      vertex 7.18893 1.44933 56.6603
      vertex 7.1615 1.40261 56.7344
    endloop
  endfacet
  facet normal -0.560128 0.778537 0.283085
    outer loop
      vertex 9.83567 4.51035 53.4789
      vertex 7.20539 1.48168 56.6039
      vertex 7.18893 1.44933 56.6603
    endloop
  endfacet
  facet normal -0.559598 0.778699 0.283687
    outer loop
      vertex 7.20539 1.48168 56.6039
      vertex 9.83567 4.51035 53.4789
      vertex 9.60638 4.43075 53.2451
    endloop
  endfacet
  facet normal -0.512469 -0.429573 -0.743534
    outer loop
      vertex 9.59835 11.1034 58.3277
      vertex 10.3083 11.4459 57.6405
      vertex 9.83986 10.8705 58.2958
    endloop
  endfacet
  facet normal -0.512355 -0.429756 -0.743507
    outer loop
      vertex 10.3083 11.4459 57.6405
      vertex 9.59835 11.1034 58.3277
      vertex 10.0668 11.6788 57.6723
    endloop
  endfacet
  facet normal -0.512291 -0.429762 -0.743547
    outer loop
      vertex -4.36629 -6.04899 77.8629
      vertex 9.59852 10.574 58.6335
      vertex -4.12478 -6.28186 77.8311
    endloop
  endfacet
  facet normal -0.512318 -0.429735 -0.743544
    outer loop
      vertex 9.59852 10.574 58.6335
      vertex -4.36629 -6.04899 77.8629
      vertex 9.35701 10.8069 58.6653
    endloop
  endfacet
  facet normal -0.256632 0.809795 0.52761
    outer loop
      vertex 8.72942 5.19566 51.024
      vertex 8.54494 4.59336 51.8587
      vertex 9.01343 5.16878 51.2034
    endloop
  endfacet
  facet normal -0.256639 0.809794 0.527608
    outer loop
      vertex 8.54494 4.59336 51.8587
      vertex 8.72942 5.19566 51.024
      vertex 8.26094 4.62024 51.6793
    endloop
  endfacet
  facet normal -0.256782 0.80982 0.527498
    outer loop
      vertex 8.0196 4.3238 52.0169
      vertex 6.34365 1.88958 54.9381
      vertex 8.3036 4.29693 52.1964
    endloop
  endfacet
  facet normal -0.256376 0.809805 0.527719
    outer loop
      vertex 6.34365 1.88958 54.9381
      vertex 8.0196 4.3238 52.0169
      vertex 6.31923 1.88817 54.9284
    endloop
  endfacet
  facet normal -0.256646 0.809816 0.52757
    outer loop
      vertex 6.31923 1.88817 54.9284
      vertex 8.0196 4.3238 52.0169
      vertex 6.2324 1.87974 54.8991
    endloop
  endfacet
  facet normal -0.256673 0.809818 0.527555
    outer loop
      vertex 6.2324 1.87974 54.8991
      vertex 8.0196 4.3238 52.0169
      vertex 6.14453 1.86785 54.8746
    endloop
  endfacet
  facet normal -0.256584 0.809812 0.527607
    outer loop
      vertex 6.14453 1.86785 54.8746
      vertex 8.0196 4.3238 52.0169
      vertex 6.05597 1.85256 54.855
    endloop
  endfacet
  facet normal -0.256617 0.809814 0.527587
    outer loop
      vertex 6.05597 1.85256 54.855
      vertex 8.0196 4.3238 52.0169
      vertex 5.99767 1.84034 54.8454
    endloop
  endfacet
  facet normal -0.256861 0.80983 0.527445
    outer loop
      vertex -3.47855 -10.1461 68.6346
      vertex -5.4197 -12.559 71.394
      vertex -3.45975 -10.1516 68.6522
    endloop
  endfacet
  facet normal -0.25658 0.809804 0.527621
    outer loop
      vertex -5.4197 -12.559 71.394
      vertex -3.47855 -10.1461 68.6346
      vertex -5.70371 -12.5321 71.2146
    endloop
  endfacet
  facet normal -0.256515 0.809794 0.527667
    outer loop
      vertex -3.5402 -10.1236 68.5701
      vertex -5.70371 -12.5321 71.2146
      vertex -3.47855 -10.1461 68.6346
    endloop
  endfacet
  facet normal -0.256725 0.809823 0.527522
    outer loop
      vertex -3.59753 -10.098 68.5029
      vertex -5.70371 -12.5321 71.2146
      vertex -3.5402 -10.1236 68.5701
    endloop
  endfacet
  facet normal -0.257283 0.809889 0.527148
    outer loop
      vertex -3.65031 -10.0694 68.4332
      vertex -5.70371 -12.5321 71.2146
      vertex -3.59753 -10.098 68.5029
    endloop
  endfacet
  facet normal -0.255468 0.8097 0.52832
    outer loop
      vertex -5.70371 -12.5321 71.2146
      vertex -3.65031 -10.0694 68.4332
      vertex -3.68179 -10.0486 68.3861
    endloop
  endfacet
  facet normal -0.256832 0.809833 0.527454
    outer loop
      vertex 5.03937 0.316154 56.7188
      vertex -2.17426 -8.57271 66.8539
      vertex 5.05816 0.31065 56.7364
    endloop
  endfacet
  facet normal -0.256605 0.809812 0.527598
    outer loop
      vertex 4.97771 0.338638 56.6543
      vertex -2.17426 -8.57271 66.8539
      vertex 5.03937 0.316154 56.7188
    endloop
  endfacet
  facet normal -0.256298 0.809784 0.527789
    outer loop
      vertex -2.17426 -8.57271 66.8539
      vertex 4.97771 0.338638 56.6543
      vertex -2.19869 -8.57412 66.8442
    endloop
  endfacet
  facet normal -0.256494 0.809802 0.527666
    outer loop
      vertex 4.92038 0.364267 56.5871
      vertex -2.19869 -8.57412 66.8442
      vertex 4.97771 0.338638 56.6543
    endloop
  endfacet
  facet normal -0.256671 0.809817 0.527557
    outer loop
      vertex -2.19869 -8.57412 66.8442
      vertex 4.92038 0.364267 56.5871
      vertex -2.28551 -8.58255 66.8149
    endloop
  endfacet
  facet normal -0.256782 0.809827 0.527487
    outer loop
      vertex 4.8676 0.392931 56.5174
      vertex -2.28551 -8.58255 66.8149
      vertex 4.92038 0.364267 56.5871
    endloop
  endfacet
  facet normal -0.256648 0.809816 0.52757
    outer loop
      vertex -2.28551 -8.58255 66.8149
      vertex 4.8676 0.392931 56.5174
      vertex -2.37339 -8.59444 66.7904
    endloop
  endfacet
  facet normal -0.25658 0.80981 0.527613
    outer loop
      vertex 4.83613 0.413647 56.4703
      vertex -2.37339 -8.59444 66.7904
      vertex 4.8676 0.392931 56.5174
    endloop
  endfacet
  facet normal -0.256529 0.809805 0.527644
    outer loop
      vertex -2.37339 -8.59444 66.7904
      vertex 4.83613 0.413647 56.4703
      vertex -2.46194 -8.60972 66.7708
    endloop
  endfacet
  facet normal -0.256617 0.809813 0.527589
    outer loop
      vertex -2.46194 -8.60972 66.7708
      vertex 4.83613 0.413647 56.4703
      vertex -2.52024 -8.62194 66.7612
    endloop
  endfacet
  facet normal 0.880502 -0.335878 0.334517
    outer loop
      vertex 2.54505 10.3788 52.6495
      vertex 3.02293 11.204 52.2202
      vertex 2.55444 10.6286 52.8756
    endloop
  endfacet
  facet normal 0.880502 -0.335878 0.334517
    outer loop
      vertex 3.02293 11.204 52.2202
      vertex 2.54505 10.3788 52.6495
      vertex 3.01354 10.9543 51.9942
    endloop
  endfacet
  facet normal 0.880505 -0.33583 0.334558
    outer loop
      vertex -11.4196 -6.77351 72.1848
      vertex 2.3131 10.3322 53.2132
      vertex -11.4102 -6.52372 72.4108
    endloop
  endfacet
  facet normal 0.880504 -0.335876 0.334515
    outer loop
      vertex 2.3131 10.3322 53.2132
      vertex -11.4196 -6.77351 72.1848
      vertex 2.30371 10.0824 52.9871
    endloop
  endfacet
  facet normal 0.876614 -0.236249 0.419206
    outer loop
      vertex 2.55509 10.1222 52.4314
      vertex 3.053 10.4352 51.5666
      vertex 3.02358 10.6976 51.776
    endloop
  endfacet
  facet normal 0.876617 -0.236215 0.41922
    outer loop
      vertex 3.053 10.4352 51.5666
      vertex 2.55509 10.1222 52.4314
      vertex 2.58451 9.85975 52.222
    endloop
  endfacet
  facet normal 0.876611 -0.236241 0.419218
    outer loop
      vertex -11.4096 -7.03016 71.9666
      vertex 2.34317 9.56332 52.5596
      vertex 2.31375 9.82574 52.769
    endloop
  endfacet
  facet normal 0.876593 -0.236072 0.41935
    outer loop
      vertex 2.34317 9.56332 52.5596
      vertex -11.4096 -7.03016 71.9666
      vertex -11.3801 -7.29259 71.7572
    endloop
  endfacet
  facet normal 0.716606 -0.69105 -0.0944718
    outer loop
      vertex 3.3069 12.2596 54.8455
      vertex 3.94805 12.9798 54.4407
      vertex 3.47956 12.4044 55.096
    endloop
  endfacet
  facet normal 0.716616 -0.691044 -0.0944446
    outer loop
      vertex 3.94805 12.9798 54.4407
      vertex 3.3069 12.2596 54.8455
      vertex 3.77539 12.835 54.1901
    endloop
  endfacet
  facet normal 0.716714 -0.690957 -0.0943358
    outer loop
      vertex -10.6577 -4.89277 74.3807
      vertex 3.23822 12.108 55.4336
      vertex -10.4851 -4.74795 74.6313
    endloop
  endfacet
  facet normal 0.716719 -0.690953 -0.0943295
    outer loop
      vertex 3.23822 12.108 55.4336
      vertex -10.6577 -4.89277 74.3807
      vertex 3.06556 11.9631 55.1831
    endloop
  endfacet
  facet normal -0.254842 -0.628971 -0.734474
    outer loop
      vertex 8.53555 11.9259 58.2901
      vertex 8.71985 12.6753 57.5844
      vertex 9.00404 12.5013 57.6348
    endloop
  endfacet
  facet normal -0.254654 -0.62903 -0.734488
    outer loop
      vertex 8.71985 12.6753 57.5844
      vertex 8.53555 11.9259 58.2901
      vertex 8.25136 12.0998 58.2397
    endloop
  endfacet
  facet normal -0.254859 -0.628993 -0.734449
    outer loop
      vertex -5.42909 -5.22647 77.8254
      vertex 8.01002 11.8034 58.5773
      vertex 8.29421 11.6294 58.6277
    endloop
  endfacet
  facet normal -0.254812 -0.629021 -0.734441
    outer loop
      vertex 8.01002 11.8034 58.5773
      vertex -5.42909 -5.22647 77.8254
      vertex -5.71328 -5.0525 77.775
    endloop
  endfacet
  facet normal 0.364252 -0.813251 -0.453809
    outer loop
      vertex 5.07087 12.9569 56.7187
      vertex 5.80964 13.5413 56.2644
      vertex 5.34116 12.9658 56.9197
    endloop
  endfacet
  facet normal 0.3645 -0.813317 -0.453492
    outer loop
      vertex 5.80964 13.5413 56.2644
      vertex 5.07087 12.9569 56.7187
      vertex 5.53936 13.5323 56.0633
    endloop
  endfacet
  facet normal 0.36446 -0.813297 -0.45356
    outer loop
      vertex -8.89377 -4.19547 76.2539
      vertex 5.09982 12.6694 57.2574
      vertex -8.62349 -4.1865 76.455
    endloop
  endfacet
  facet normal 0.364509 -0.813296 -0.453523
    outer loop
      vertex 5.09982 12.6694 57.2574
      vertex -8.89377 -4.19547 76.2539
      vertex 4.82953 12.6604 57.0563
    endloop
  endfacet
  facet normal 0.84272 -0.0797857 0.532407
    outer loop
      vertex 2.70093 9.32211 51.8331
      vertex 3.2559 9.62462 51
      vertex 3.16941 9.89754 51.1778
    endloop
  endfacet
  facet normal 0.84272 -0.0797881 0.532406
    outer loop
      vertex 3.2559 9.62462 51
      vertex 2.70093 9.32211 51.8331
      vertex 2.78742 9.0492 51.6553
    endloop
  endfacet
  facet normal 0.842736 -0.0797684 0.532384
    outer loop
      vertex -11.2637 -7.83023 71.3684
      vertex 2.54608 8.75277 51.9929
      vertex 2.45959 9.02568 52.1707
    endloop
  endfacet
  facet normal 0.84273 -0.079748 0.532397
    outer loop
      vertex 2.54608 8.75277 51.9929
      vertex -11.2637 -7.83023 71.3684
      vertex -11.1772 -8.10314 71.1906
    endloop
  endfacet
  facet normal 0.55821 0.38352 0.735741
    outer loop
      vertex 4.09428 6.9216 50.7215
      vertex 4.79247 7.25517 50.0179
      vertex 4.56277 7.49703 50.0661
    endloop
  endfacet
  facet normal 0.558204 0.38353 0.73574
    outer loop
      vertex 4.79247 7.25517 50.0179
      vertex 4.09428 6.9216 50.7215
      vertex 4.32398 6.67975 50.6733
    endloop
  endfacet
  facet normal 0.558193 0.383516 0.735756
    outer loop
      vertex -9.87036 -10.2307 70.2567
      vertex 4.08264 6.38332 51.0109
      vertex 3.85294 6.62517 51.0591
    endloop
  endfacet
  facet normal 0.558083 0.383633 0.735777
    outer loop
      vertex 4.08264 6.38332 51.0109
      vertex -9.87036 -10.2307 70.2567
      vertex -9.64066 -10.4726 70.2086
    endloop
  endfacet
  facet normal 0.0298195 -0.761562 -0.647405
    outer loop
      vertex 7.24873 13.3189 57.0978
      vertex 7.07696 12.6468 57.8805
      vertex 6.78025 12.7434 57.7532
    endloop
  endfacet
  facet normal 0.0298186 -0.761562 -0.647405
    outer loop
      vertex 7.07696 12.6468 57.8805
      vertex 7.24873 13.3189 57.0978
      vertex 7.54545 13.2223 57.2251
    endloop
  endfacet
  facet normal 0.0296325 -0.761529 -0.647453
    outer loop
      vertex 6.53891 12.447 58.0908
      vertex -6.88768 -4.5055 77.4157
      vertex -7.18439 -4.4089 77.2885
    endloop
  endfacet
  facet normal 0.0298027 -0.761583 -0.647382
    outer loop
      vertex -6.88768 -4.5055 77.4157
      vertex 6.53891 12.447 58.0908
      vertex 6.83562 12.3504 58.2181
    endloop
  endfacet
  facet normal -0.680339 -0.236177 -0.6938
    outer loop
      vertex 10.4896 10.1222 58.1033
      vertex 11.1467 10.4352 57.3524
      vertex 10.6782 9.85975 58.0077
    endloop
  endfacet
  facet normal -0.680325 -0.236211 -0.693802
    outer loop
      vertex 11.1467 10.4352 57.3524
      vertex 10.4896 10.1222 58.1033
      vertex 10.9581 10.6976 57.448
    endloop
  endfacet
  facet normal -0.680374 -0.23621 -0.693755
    outer loop
      vertex -3.47499 -7.03016 77.6386
      vertex 10.4369 9.56332 58.3453
      vertex -3.2864 -7.29259 77.543
    endloop
  endfacet
  facet normal -0.680359 -0.236232 -0.693763
    outer loop
      vertex 10.4369 9.56332 58.3453
      vertex -3.47499 -7.03016 77.6386
      vertex 10.2483 9.82574 58.4409
    endloop
  endfacet
  facet normal 0.602925 -0.761545 -0.237761
    outer loop
      vertex 3.87037 12.6468 55.5883
      vertex 4.55532 13.3189 55.1725
      vertex 4.08683 12.7434 55.8278
    endloop
  endfacet
  facet normal 0.60295 -0.761541 -0.237712
    outer loop
      vertex 4.55532 13.3189 55.1725
      vertex 3.87037 12.6468 55.5883
      vertex 4.33885 13.2223 54.9329
    endloop
  endfacet
  facet normal 0.602902 -0.761582 -0.237702
    outer loop
      vertex -10.0943 -4.5055 75.1235
      vertex 3.84549 12.447 56.1654
      vertex -9.87781 -4.4089 75.3631
    endloop
  endfacet
  facet normal 0.602891 -0.761586 -0.237714
    outer loop
      vertex 3.84549 12.447 56.1654
      vertex -10.0943 -4.5055 75.1235
      vertex 3.62903 12.3504 55.9259
    endloop
  endfacet
  facet normal 0.824838 -0.556223 0.101278
    outer loop
      vertex 2.78423 11.5382 53.8385
      vertex 3.35699 12.3138 53.4334
      vertex 2.8885 11.7384 54.0888
    endloop
  endfacet
  facet normal 0.824814 -0.556288 0.101119
    outer loop
      vertex 3.35699 12.3138 53.4334
      vertex 2.78423 11.5382 53.8385
      vertex 3.25272 12.1137 53.1831
    endloop
  endfacet
  facet normal 0.824798 -0.556306 0.101151
    outer loop
      vertex -11.1804 -5.61409 73.3737
      vertex 2.64716 11.442 54.4264
      vertex -11.0761 -5.41394 73.624
    endloop
  endfacet
  facet normal 0.824846 -0.556214 0.101268
    outer loop
      vertex 2.64716 11.442 54.4264
      vertex -11.1804 -5.61409 73.3737
      vertex 2.54289 11.2418 54.1761
    endloop
  endfacet
  facet normal 0.414332 0.516323 0.749493
    outer loop
      vertex 5.28626 6.79938 49.9707
      vertex 5.07976 6.01197 50.6273
      vertex 5.54825 6.5874 49.9719
    endloop
  endfacet
  facet normal 0.414357 0.516311 0.749487
    outer loop
      vertex 5.07976 6.01197 50.6273
      vertex 5.28626 6.79938 49.9707
      vertex 4.81778 6.22396 50.6261
    endloop
  endfacet
  facet normal 0.414343 0.516293 0.749508
    outer loop
      vertex 4.57644 5.92753 50.9637
      vertex -8.88488 -11.1404 70.1625
      vertex 4.83842 5.71554 50.9649
    endloop
  endfacet
  facet normal 0.414529 0.516145 0.749507
    outer loop
      vertex -8.88488 -11.1404 70.1625
      vertex 4.57644 5.92753 50.9637
      vertex -9.14686 -10.9284 70.1614
    endloop
  endfacet
  facet normal -0.416153 0.809821 0.41353
    outer loop
      vertex 9.82313 5.19566 51.8058
      vertex 9.09297 4.59336 52.2505
      vertex 9.35465 4.62024 52.4612
    endloop
  endfacet
  facet normal -0.41616 0.809822 0.41352
    outer loop
      vertex 9.09297 4.59336 52.2505
      vertex 9.82313 5.19566 51.8058
      vertex 9.56146 5.16878 51.5951
    endloop
  endfacet
  facet normal -0.416419 0.809786 0.41333
    outer loop
      vertex 9.11331 4.3238 52.7988
      vertex 7.06344 1.85256 55.5752
      vertex 7.09139 1.84034 55.6273
    endloop
  endfacet
  facet normal -0.415933 0.809832 0.41373
    outer loop
      vertex 9.11331 4.3238 52.7988
      vertex 7.01622 1.86785 55.4978
      vertex 7.06344 1.85256 55.5752
    endloop
  endfacet
  facet normal -0.416372 0.809797 0.413357
    outer loop
      vertex 9.11331 4.3238 52.7988
      vertex 6.96459 1.87974 55.4225
      vertex 7.01622 1.86785 55.4978
    endloop
  endfacet
  facet normal -0.415914 0.809826 0.41376
    outer loop
      vertex 9.11331 4.3238 52.7988
      vertex 6.90878 1.88817 55.3499
      vertex 6.96459 1.87974 55.4225
    endloop
  endfacet
  facet normal -0.416516 0.809797 0.413212
    outer loop
      vertex 9.11331 4.3238 52.7988
      vertex 6.89168 1.88958 55.3299
      vertex 6.90878 1.88817 55.3499
    endloop
  endfacet
  facet normal -0.416142 0.809813 0.413556
    outer loop
      vertex 6.89168 1.88958 55.3299
      vertex 9.11331 4.3238 52.7988
      vertex 8.85163 4.29693 52.5881
    endloop
  endfacet
  facet normal -0.41685 0.809738 0.41299
    outer loop
      vertex -2.64284 -10.0694 69.1534
      vertex -4.61 -12.5321 71.9964
      vertex -2.58807 -10.0486 69.1679
    endloop
  endfacet
  facet normal -0.415699 0.809866 0.413898
    outer loop
      vertex -2.72584 -10.098 69.126
      vertex -4.61 -12.5321 71.9964
      vertex -2.64284 -10.0694 69.1534
    endloop
  endfacet
  facet normal -0.415937 0.809836 0.413716
    outer loop
      vertex -2.80801 -10.1236 69.0935
      vertex -4.61 -12.5321 71.9964
      vertex -2.72584 -10.098 69.126
    endloop
  endfacet
  facet normal -0.416042 0.809822 0.413639
    outer loop
      vertex -2.88899 -10.1461 69.0561
      vertex -4.61 -12.5321 71.9964
      vertex -2.80801 -10.1236 69.0935
    endloop
  endfacet
  facet normal -0.416116 0.809811 0.413586
    outer loop
      vertex -4.61 -12.5321 71.9964
      vertex -2.88899 -10.1461 69.0561
      vertex -4.87167 -12.559 71.7858
    endloop
  endfacet
  facet normal -0.416117 0.809811 0.413586
    outer loop
      vertex -4.87167 -12.559 71.7858
      vertex -2.88899 -10.1461 69.0561
      vertex -2.91172 -10.1516 69.044
    endloop
  endfacet
  facet normal -0.41582 0.809845 0.413817
    outer loop
      vertex 5.92984 0.413647 57.2522
      vertex -1.45448 -8.60972 67.491
      vertex -1.42653 -8.62194 67.543
    endloop
  endfacet
  facet normal -0.416424 0.809785 0.413328
    outer loop
      vertex 5.92984 0.413647 57.2522
      vertex -1.50169 -8.59444 67.4135
      vertex -1.45448 -8.60972 67.491
    endloop
  endfacet
  facet normal -0.416461 0.809781 0.413297
    outer loop
      vertex 5.87507 0.392931 57.2376
      vertex -1.50169 -8.59444 67.4135
      vertex 5.92984 0.413647 57.2522
    endloop
  endfacet
  facet normal -0.416011 0.809826 0.413663
    outer loop
      vertex -1.50169 -8.59444 67.4135
      vertex 5.87507 0.392931 57.2376
      vertex -1.55332 -8.58255 67.3383
    endloop
  endfacet
  facet normal -0.41618 0.80981 0.413524
    outer loop
      vertex 5.79207 0.364267 57.2102
      vertex -1.55332 -8.58255 67.3383
      vertex 5.87507 0.392931 57.2376
    endloop
  endfacet
  facet normal -0.416263 0.809802 0.413457
    outer loop
      vertex -1.55332 -8.58255 67.3383
      vertex 5.79207 0.364267 57.2102
      vertex -1.60913 -8.57412 67.2656
    endloop
  endfacet
  facet normal -0.41615 0.809812 0.41355
    outer loop
      vertex 5.7099 0.338638 57.1777
      vertex -1.60913 -8.57412 67.2656
      vertex 5.79207 0.364267 57.2102
    endloop
  endfacet
  facet normal -0.415294 0.809896 0.414245
    outer loop
      vertex -1.60913 -8.57412 67.2656
      vertex 5.7099 0.338638 57.1777
      vertex -1.62623 -8.57271 67.2457
    endloop
  endfacet
  facet normal -0.415927 0.809835 0.413729
    outer loop
      vertex 5.62892 0.316154 57.1403
      vertex -1.62623 -8.57271 67.2457
      vertex 5.7099 0.338638 57.1777
    endloop
  endfacet
  facet normal -0.416212 0.809806 0.413499
    outer loop
      vertex -1.62623 -8.57271 67.2457
      vertex 5.62892 0.316154 57.1403
      vertex 5.60619 0.31065 57.1282
    endloop
  endfacet
  facet normal 0.869338 -0.429684 0.244181
    outer loop
      vertex 2.58322 10.8705 53.1085
      vertex 3.09975 11.6788 52.6919
      vertex 2.63126 11.1034 53.3473
    endloop
  endfacet
  facet normal 0.869338 -0.429684 0.244181
    outer loop
      vertex 3.09975 11.6788 52.6919
      vertex 2.58322 10.8705 53.1085
      vertex 3.05171 11.4459 52.4531
    endloop
  endfacet
  facet normal 0.86934 -0.429685 0.244171
    outer loop
      vertex -11.3814 -6.28186 72.6437
      vertex 2.38992 10.8069 53.6849
      vertex -11.3334 -6.04899 72.8826
    endloop
  endfacet
  facet normal 0.869341 -0.429679 0.244176
    outer loop
      vertex 2.38992 10.8069 53.6849
      vertex -11.3814 -6.28186 72.6437
      vertex 2.34188 10.574 53.4461
    endloop
  endfacet
  facet normal 0.601527 0.335754 0.724869
    outer loop
      vertex 3.87738 7.17139 50.7857
      vertex 4.56277 7.49703 50.0661
      vertex 4.34586 7.74682 50.1304
    endloop
  endfacet
  facet normal 0.601432 0.33594 0.724862
    outer loop
      vertex 4.56277 7.49703 50.0661
      vertex 3.87738 7.17139 50.7857
      vertex 4.09428 6.9216 50.7215
    endloop
  endfacet
  facet normal 0.601423 0.335929 0.724874
    outer loop
      vertex -10.0873 -9.98095 70.321
      vertex 3.85294 6.62517 51.0591
      vertex 3.63604 6.87496 51.1233
    endloop
  endfacet
  facet normal 0.601489 0.335851 0.724855
    outer loop
      vertex 3.85294 6.62517 51.0591
      vertex -10.0873 -9.98095 70.321
      vertex -9.87036 -10.2307 70.2567
    endloop
  endfacet
  facet normal -0.876792 0.383618 -0.289954
    outer loop
      vertex 11.5806 6.67975 55.8607
      vertex 12.0779 7.49703 55.4382
      vertex 12.0491 7.25517 55.2053
    endloop
  endfacet
  facet normal -0.876793 0.383624 -0.289943
    outer loop
      vertex 12.0779 7.49703 55.4382
      vertex 11.5806 6.67975 55.8607
      vertex 11.6094 6.9216 56.0936
    endloop
  endfacet
  facet normal -0.876793 0.383623 -0.289942
    outer loop
      vertex -2.38402 -10.4726 75.3959
      vertex 11.3681 6.62517 56.4312
      vertex 11.3393 6.38332 56.1983
    endloop
  endfacet
  facet normal -0.876802 0.383546 -0.290019
    outer loop
      vertex 11.3681 6.62517 56.4312
      vertex -2.38402 -10.4726 75.3959
      vertex -2.35524 -10.2307 75.6288
    endloop
  endfacet
  facet normal 0.777347 -0.629064 0.00328555
    outer loop
      vertex 3.01074 11.9259 54.3407
      vertex 3.61889 12.6753 53.938
      vertex 3.1504 12.0998 54.5933
    endloop
  endfacet
  facet normal 0.777388 -0.629012 0.00344503
    outer loop
      vertex 3.61889 12.6753 53.938
      vertex 3.01074 11.9259 54.3407
      vertex 3.47922 12.5013 53.6854
    endloop
  endfacet
  facet normal 0.777343 -0.629068 0.00334222
    outer loop
      vertex -10.9539 -5.22647 73.876
      vertex 2.90906 11.8034 54.9309
      vertex -10.8142 -5.0525 74.1286
    endloop
  endfacet
  facet normal 0.777394 -0.629004 0.00343778
    outer loop
      vertex 2.90906 11.8034 54.9309
      vertex -10.9539 -5.22647 73.876
      vertex 2.76939 11.6294 54.6784
    endloop
  endfacet
  facet normal 0.876801 -0.383547 0.29002
    outer loop
      vertex 2.55444 10.6286 52.8756
      vertex 3.05171 11.4459 52.4531
      vertex 2.58322 10.8705 53.1085
    endloop
  endfacet
  facet normal 0.876801 -0.383547 0.29002
    outer loop
      vertex 3.05171 11.4459 52.4531
      vertex 2.55444 10.6286 52.8756
      vertex 3.02293 11.204 52.2202
    endloop
  endfacet
  facet normal 0.876795 -0.383615 0.28995
    outer loop
      vertex -11.4102 -6.52372 72.4108
      vertex 2.34188 10.574 53.4461
      vertex -11.3814 -6.28186 72.6437
    endloop
  endfacet
  facet normal 0.876793 -0.383626 0.289939
    outer loop
      vertex 2.34188 10.574 53.4461
      vertex -11.4102 -6.52372 72.4108
      vertex 2.3131 10.3322 53.2132
    endloop
  endfacet
  facet normal -0.0297895 0.761598 0.647365
    outer loop
      vertex 7.55536 5.47881 50.4333
      vertex 7.38359 4.80679 51.216
      vertex 7.85208 5.38221 50.5606
    endloop
  endfacet
  facet normal -0.0298139 0.7616 0.647361
    outer loop
      vertex 7.38359 4.80679 51.216
      vertex 7.55536 5.47881 50.4333
      vertex 7.08688 4.90338 51.0887
    endloop
  endfacet
  facet normal -0.0298034 0.761582 0.647383
    outer loop
      vertex 6.84554 4.60695 51.4263
      vertex -6.58105 -12.3456 70.7512
      vertex 7.14225 4.51035 51.5536
    endloop
  endfacet
  facet normal -0.0298034 0.761582 0.647383
    outer loop
      vertex -6.58105 -12.3456 70.7512
      vertex 6.84554 4.60695 51.4263
      vertex -6.87776 -12.249 70.6239
    endloop
  endfacet
  facet normal 0.309414 0.593873 0.742683
    outer loop
      vertex 5.8188 6.38725 49.9896
      vertex 5.62829 5.62436 50.679
      vertex 6.09677 6.19978 50.0237
    endloop
  endfacet
  facet normal 0.309397 0.593879 0.742685
    outer loop
      vertex 5.62829 5.62436 50.679
      vertex 5.8188 6.38725 49.9896
      vertex 5.35032 5.81182 50.6449
    endloop
  endfacet
  facet normal 0.309436 0.5939 0.742652
    outer loop
      vertex 5.10898 5.51539 50.9825
      vertex -8.33636 -11.528 70.2143
      vertex 5.38695 5.32792 51.0166
    endloop
  endfacet
  facet normal 0.30948 0.593871 0.742657
    outer loop
      vertex -8.33636 -11.528 70.2143
      vertex 5.10898 5.51539 50.9825
      vertex -8.61433 -11.3405 70.1802
    endloop
  endfacet
  facet normal 0.199043 0.66143 0.723113
    outer loop
      vertex 6.38097 6.02581 50.0741
      vertex 6.20168 5.29065 50.7959
      vertex 6.67017 5.86608 50.1406
    endloop
  endfacet
  facet normal 0.199043 0.66143 0.723113
    outer loop
      vertex 6.20168 5.29065 50.7959
      vertex 6.38097 6.02581 50.0741
      vertex 5.91248 5.45038 50.7294
    endloop
  endfacet
  facet normal 0.199068 0.661461 0.723077
    outer loop
      vertex 5.67114 5.15395 51.067
      vertex -7.76296 -11.8617 70.3312
      vertex 5.96034 4.99422 51.1335
    endloop
  endfacet
  facet normal 0.199018 0.661489 0.723066
    outer loop
      vertex -7.76296 -11.8617 70.3312
      vertex 5.67114 5.15395 51.067
      vertex -8.05216 -11.702 70.2647
    endloop
  endfacet
  facet normal -0.414337 -0.516261 -0.749533
    outer loop
      vertex 9.34606 11.3263 58.343
      vertex 9.55257 12.1137 57.6865
      vertex 9.81455 11.9017 57.6877
    endloop
  endfacet
  facet normal -0.414401 -0.516231 -0.749518
    outer loop
      vertex 9.55257 12.1137 57.6865
      vertex 9.34606 11.3263 58.343
      vertex 9.08408 11.5382 58.3419
    endloop
  endfacet
  facet normal -0.414355 -0.516284 -0.749507
    outer loop
      vertex -4.61858 -5.82607 77.8783
      vertex 8.84274 11.2418 58.6795
      vertex 9.10472 11.0298 58.6807
    endloop
  endfacet
  facet normal -0.414505 -0.516165 -0.749506
    outer loop
      vertex 8.84274 11.2418 58.6795
      vertex -4.61858 -5.82607 77.8783
      vertex -4.88056 -5.61409 77.8772
    endloop
  endfacet
  facet normal 0.715508 0.184731 0.673738
    outer loop
      vertex 3.31241 7.95754 51.0721
      vertex 3.95408 8.2659 50.3061
      vertex 3.78089 8.53297 50.4168
    endloop
  endfacet
  facet normal 0.715508 0.184731 0.673738
    outer loop
      vertex 3.95408 8.2659 50.3061
      vertex 3.31241 7.95754 51.0721
      vertex 3.4856 7.69047 50.9614
    endloop
  endfacet
  facet normal 0.715529 0.184757 0.673708
    outer loop
      vertex -10.6522 -9.1948 70.6074
      vertex 3.24426 7.39404 51.299
      vertex 3.07107 7.66111 51.4097
    endloop
  endfacet
  facet normal 0.715519 0.184774 0.673715
    outer loop
      vertex 3.24426 7.39404 51.299
      vertex -10.6522 -9.1948 70.6074
      vertex -10.479 -9.46187 70.4967
    endloop
  endfacet
  facet normal 0.747573 0.132529 0.650823
    outer loop
      vertex 3.15536 8.22811 51.1974
      vertex 3.78089 8.53297 50.4168
      vertex 3.62384 8.80354 50.5421
    endloop
  endfacet
  facet normal 0.747573 0.132529 0.650823
    outer loop
      vertex 3.78089 8.53297 50.4168
      vertex 3.15536 8.22811 51.1974
      vertex 3.31241 7.95754 51.0721
    endloop
  endfacet
  facet normal 0.747593 0.132553 0.650795
    outer loop
      vertex -10.8093 -8.92423 70.7327
      vertex 3.07107 7.66111 51.4097
      vertex 2.91402 7.93168 51.535
    endloop
  endfacet
  facet normal 0.747542 0.132643 0.650835
    outer loop
      vertex 3.07107 7.66111 51.4097
      vertex -10.8093 -8.92423 70.7327
      vertex -10.6522 -9.1948 70.6074
    endloop
  endfacet
  facet normal -0.558076 -0.383728 -0.735734
    outer loop
      vertex 9.83986 10.8705 58.2958
      vertex 10.538 11.204 57.5923
      vertex 10.0696 10.6286 58.2477
    endloop
  endfacet
  facet normal -0.558224 -0.383467 -0.735757
    outer loop
      vertex 10.538 11.204 57.5923
      vertex 9.83986 10.8705 58.2958
      vertex 10.3083 11.4459 57.6405
    endloop
  endfacet
  facet normal -0.5582 -0.383508 -0.735754
    outer loop
      vertex -4.12478 -6.28186 77.8311
      vertex 9.82822 10.3322 58.5853
      vertex -3.89508 -6.52372 77.7829
    endloop
  endfacet
  facet normal -0.558154 -0.383557 -0.735764
    outer loop
      vertex 9.82822 10.3322 58.5853
      vertex -4.12478 -6.28186 77.8311
      vertex 9.59852 10.574 58.6335
    endloop
  endfacet
  facet normal 0.776426 0.0798726 0.625127
    outer loop
      vertex 3.01512 8.50103 51.3368
      vertex 3.62384 8.80354 50.5421
      vertex 3.48361 9.07645 50.6814
    endloop
  endfacet
  facet normal 0.776468 0.0797066 0.625096
    outer loop
      vertex 3.62384 8.80354 50.5421
      vertex 3.01512 8.50103 51.3368
      vertex 3.15536 8.22811 51.1974
    endloop
  endfacet
  facet normal 0.776486 0.0797323 0.62507
    outer loop
      vertex -10.9495 -8.65131 70.8721
      vertex 2.91402 7.93168 51.535
      vertex 2.77378 8.20459 51.6744
    endloop
  endfacet
  facet normal 0.776525 0.0796551 0.625031
    outer loop
      vertex 2.91402 7.93168 51.535
      vertex -10.9495 -8.65131 70.8721
      vertex -10.8093 -8.92423 70.7327
    endloop
  endfacet
  facet normal -0.0852868 -0.717671 -0.69114
    outer loop
      vertex 7.84219 13.1091 57.3379
      vertex 7.66919 12.4044 58.091
      vertex 7.3737 12.5337 57.9932
    endloop
  endfacet
  facet normal -0.0855023 -0.717633 -0.691153
    outer loop
      vertex 7.66919 12.4044 58.091
      vertex 7.84219 13.1091 57.3379
      vertex 8.13767 12.9798 57.4356
    endloop
  endfacet
  facet normal -0.0854275 -0.717634 -0.691161
    outer loop
      vertex 7.13236 12.2372 58.3308
      vertex -6.29546 -4.74795 77.6262
      vertex -6.59094 -4.61868 77.5285
    endloop
  endfacet
  facet normal -0.0851128 -0.717768 -0.69106
    outer loop
      vertex -6.29546 -4.74795 77.6262
      vertex 7.13236 12.2372 58.3308
      vertex 7.42785 12.108 58.4286
    endloop
  endfacet
  facet normal -0.309463 -0.59385 -0.742681
    outer loop
      vertex 8.81353 11.7384 58.3242
      vertex 9.00404 12.5013 57.6348
      vertex 9.28201 12.3138 57.6689
    endloop
  endfacet
  facet normal -0.309454 -0.593853 -0.742682
    outer loop
      vertex 9.00404 12.5013 57.6348
      vertex 8.81353 11.7384 58.3242
      vertex 8.53555 11.9259 58.2901
    endloop
  endfacet
  facet normal -0.309334 -0.593968 -0.74264
    outer loop
      vertex -5.15112 -5.41394 77.8595
      vertex 8.29421 11.6294 58.6277
      vertex 8.57218 11.442 58.6618
    endloop
  endfacet
  facet normal -0.309437 -0.5939 -0.742651
    outer loop
      vertex 8.29421 11.6294 58.6277
      vertex -5.15112 -5.41394 77.8595
      vertex -5.42909 -5.22647 77.8254
    endloop
  endfacet
  facet normal 0.858141 -0.474003 0.197267
    outer loop
      vertex 2.63126 11.1034 53.3473
      vertex 3.16685 11.9017 52.9356
      vertex 2.69836 11.3263 53.591
    endloop
  endfacet
  facet normal 0.858141 -0.474003 0.197267
    outer loop
      vertex 3.16685 11.9017 52.9356
      vertex 2.63126 11.1034 53.3473
      vertex 3.09975 11.6788 52.6919
    endloop
  endfacet
  facet normal 0.858163 -0.473941 0.197324
    outer loop
      vertex -11.3334 -6.04899 72.8826
      vertex 2.45702 11.0298 53.9286
      vertex -11.2663 -5.82607 73.1262
    endloop
  endfacet
  facet normal 0.858146 -0.473998 0.197261
    outer loop
      vertex 2.45702 11.0298 53.9286
      vertex -11.3334 -6.04899 72.8826
      vertex 2.38992 10.8069 53.6849
    endloop
  endfacet
  facet normal 0.748662 -0.661389 -0.0455024
    outer loop
      vertex 3.1504 12.0998 54.5933
      vertex 3.77539 12.835 54.1901
      vertex 3.3069 12.2596 54.8455
    endloop
  endfacet
  facet normal 0.748598 -0.661446 -0.0457067
    outer loop
      vertex 3.77539 12.835 54.1901
      vertex 3.1504 12.0998 54.5933
      vertex 3.61889 12.6753 53.938
    endloop
  endfacet
  facet normal 0.748603 -0.661447 -0.0456303
    outer loop
      vertex -10.8142 -5.0525 74.1286
      vertex 3.06556 11.9631 55.1831
      vertex -10.6577 -4.89277 74.3807
    endloop
  endfacet
  facet normal 0.748582 -0.661468 -0.0456646
    outer loop
      vertex 3.06556 11.9631 55.1831
      vertex -10.8142 -5.0525 74.1286
      vertex 2.90906 11.8034 54.9309
    endloop
  endfacet
  facet normal -0.643644 0.741195 0.19066
    outer loop
      vertex 10.9647 5.59199 52.9698
      vertex 10.2935 4.90338 53.3809
      vertex 10.4962 5.01656 53.6252
    endloop
  endfacet
  facet normal -0.643644 0.741195 0.19066
    outer loop
      vertex 10.2935 4.90338 53.3809
      vertex 10.9647 5.59199 52.9698
      vertex 10.762 5.47881 52.7255
    endloop
  endfacet
  facet normal -0.643666 0.741179 0.190652
    outer loop
      vertex 10.2548 4.72013 53.9628
      vertex -3.67117 -12.249 72.9161
      vertex -3.46846 -12.1358 73.1604
    endloop
  endfacet
  facet normal -0.643651 0.741187 0.19067
    outer loop
      vertex -3.67117 -12.249 72.9161
      vertex 10.2548 4.72013 53.9628
      vertex 10.0521 4.60695 53.7185
    endloop
  endfacet
  facet normal 0.68034 0.236199 0.693792
    outer loop
      vertex 3.4856 7.69047 50.9614
      vertex 4.14268 8.00347 50.2105
      vertex 3.95408 8.2659 50.3061
    endloop
  endfacet
  facet normal 0.680346 0.236186 0.693791
    outer loop
      vertex 4.14268 8.00347 50.2105
      vertex 3.4856 7.69047 50.9614
      vertex 3.67419 7.42805 50.8658
    endloop
  endfacet
  facet normal 0.68037 0.236216 0.693757
    outer loop
      vertex -10.479 -9.46187 70.4967
      vertex 3.43285 7.13162 51.2034
      vertex 3.24426 7.39404 51.299
    endloop
  endfacet
  facet normal 0.680471 0.236073 0.693707
    outer loop
      vertex 3.43285 7.13162 51.2034
      vertex -10.479 -9.46187 70.4967
      vertex -10.2905 -9.72429 70.4011
    endloop
  endfacet
  facet normal 0.513984 -0.792474 -0.328339
    outer loop
      vertex 4.31612 12.823 56.0616
      vertex 5.02574 13.4607 55.6333
      vertex 4.55725 12.8853 56.2887
    endloop
  endfacet
  facet normal 0.513791 -0.792469 -0.328652
    outer loop
      vertex 5.02574 13.4607 55.6333
      vertex 4.31612 12.823 56.0616
      vertex 4.7846 13.3985 55.4063
    endloop
  endfacet
  facet normal 0.513897 -0.79248 -0.328459
    outer loop
      vertex -9.64852 -4.3293 75.5969
      vertex 4.31591 12.5889 56.6263
      vertex -9.40739 -4.26702 75.8239
    endloop
  endfacet
  facet normal 0.513999 -0.792455 -0.328361
    outer loop
      vertex 4.31591 12.5889 56.6263
      vertex -9.64852 -4.3293 75.5969
      vertex 4.07478 12.5266 56.3992
    endloop
  endfacet
  facet normal -0.362729 -0.556219 -0.747695
    outer loop
      vertex 9.08408 11.5382 58.3419
      vertex 9.28201 12.3138 57.6689
      vertex 9.55257 12.1137 57.6865
    endloop
  endfacet
  facet normal -0.362685 -0.556237 -0.747703
    outer loop
      vertex 9.28201 12.3138 57.6689
      vertex 9.08408 11.5382 58.3419
      vertex 8.81353 11.7384 58.3242
    endloop
  endfacet
  facet normal -0.362694 -0.556265 -0.747678
    outer loop
      vertex -4.88056 -5.61409 77.8772
      vertex 8.57218 11.442 58.6618
      vertex 8.84274 11.2418 58.6795
    endloop
  endfacet
  facet normal -0.362627 -0.556314 -0.747674
    outer loop
      vertex 8.57218 11.442 58.6618
      vertex -4.88056 -5.61409 77.8772
      vertex -5.15112 -5.41394 77.8595
    endloop
  endfacet
  facet normal -0.715497 -0.184724 -0.673752
    outer loop
      vertex 11.3199 10.1681 57.2417
      vertex 10.6782 9.85975 58.0077
      vertex 11.1467 10.4352 57.3524
    endloop
  endfacet
  facet normal -0.715491 -0.18474 -0.673753
    outer loop
      vertex 10.6782 9.85975 58.0077
      vertex 11.3199 10.1681 57.2417
      vertex 10.8514 9.59268 57.897
    endloop
  endfacet
  facet normal -0.715518 -0.184773 -0.673716
    outer loop
      vertex 10.6101 9.29625 58.2346
      vertex -3.2864 -7.29259 77.543
      vertex 10.4369 9.56332 58.3453
    endloop
  endfacet
  facet normal -0.715529 -0.184756 -0.673709
    outer loop
      vertex -3.2864 -7.29259 77.543
      vertex 10.6101 9.29625 58.2346
      vertex -3.11321 -7.55966 77.4323
    endloop
  endfacet
  facet normal -0.869349 0.42963 -0.244236
    outer loop
      vertex 11.5326 6.44687 55.6219
      vertex 12.0491 7.25517 55.2053
      vertex 12.0011 7.02229 54.9665
    endloop
  endfacet
  facet normal -0.869349 0.42963 -0.244236
    outer loop
      vertex 12.0491 7.25517 55.2053
      vertex 11.5326 6.44687 55.6219
      vertex 11.5806 6.67975 55.8607
    endloop
  endfacet
  facet normal -0.869316 0.429803 -0.244047
    outer loop
      vertex -2.43206 -10.7055 75.1571
      vertex 11.3393 6.38332 56.1983
      vertex 11.2912 6.15044 55.9595
    endloop
  endfacet
  facet normal -0.869341 0.42968 -0.244176
    outer loop
      vertex 11.3393 6.38332 56.1983
      vertex -2.43206 -10.7055 75.1571
      vertex -2.38402 -10.4726 75.3959
    endloop
  endfacet
  facet normal -0.880476 0.286405 -0.377802
    outer loop
      vertex 12.0873 7.74682 55.6643
      vertex 11.6088 7.42805 56.5378
      vertex 12.0772 8.00347 55.8824
    endloop
  endfacet
  facet normal -0.880428 0.286755 -0.377648
    outer loop
      vertex 11.6088 7.42805 56.5378
      vertex 12.0873 7.74682 55.6643
      vertex 11.6188 7.17139 56.3196
    endloop
  endfacet
  facet normal -0.880446 0.286732 -0.377622
    outer loop
      vertex 11.3774 6.87496 56.6572
      vertex -2.35589 -9.72429 76.0731
      vertex 11.3674 7.13162 56.8754
    endloop
  endfacet
  facet normal -0.880444 0.286652 -0.377689
    outer loop
      vertex -2.35589 -9.72429 76.0731
      vertex 11.3774 6.87496 56.6572
      vertex -2.34585 -9.98095 75.8549
    endloop
  endfacet
  facet normal -0.60287 0.761601 0.237723
    outer loop
      vertex 10.762 5.47881 52.7255
      vertex 10.077 4.80679 53.1413
      vertex 10.2935 4.90338 53.3809
    endloop
  endfacet
  facet normal -0.602847 0.761605 0.237767
    outer loop
      vertex 10.077 4.80679 53.1413
      vertex 10.762 5.47881 52.7255
      vertex 10.5455 5.38221 52.486
    endloop
  endfacet
  facet normal -0.602893 0.761585 0.237716
    outer loop
      vertex 10.0521 4.60695 53.7185
      vertex -3.88763 -12.3456 72.6766
      vertex -3.67117 -12.249 72.9161
    endloop
  endfacet
  facet normal -0.602972 0.76155 0.237627
    outer loop
      vertex -3.88763 -12.3456 72.6766
      vertex 10.0521 4.60695 53.7185
      vertex 9.83567 4.51035 53.4789
    endloop
  endfacet
  facet normal 0.843278 -0.516282 0.149446
    outer loop
      vertex 2.69836 11.3263 53.591
      vertex 3.25272 12.1137 53.1831
      vertex 2.78423 11.5382 53.8385
    endloop
  endfacet
  facet normal 0.843293 -0.516216 0.149593
    outer loop
      vertex 3.25272 12.1137 53.1831
      vertex 2.69836 11.3263 53.591
      vertex 3.16685 11.9017 52.9356
    endloop
  endfacet
  facet normal 0.843272 -0.516275 0.149507
    outer loop
      vertex -11.2663 -5.82607 73.1262
      vertex 2.54289 11.2418 54.1761
      vertex -11.1804 -5.61409 73.3737
    endloop
  endfacet
  facet normal 0.843298 -0.51621 0.149586
    outer loop
      vertex 2.54289 11.2418 54.1761
      vertex -11.2663 -5.82607 73.1262
      vertex 2.45702 11.0298 53.9286
    endloop
  endfacet
  facet normal 0.0873595 -0.778682 -0.621308
    outer loop
      vertex 6.95331 13.3985 56.9565
      vertex 6.78025 12.7434 57.7532
      vertex 6.48483 12.823 57.6119
    endloop
  endfacet
  facet normal 0.0873595 -0.778682 -0.621308
    outer loop
      vertex 6.78025 12.7434 57.7532
      vertex 6.95331 13.3985 56.9565
      vertex 7.24873 13.3189 57.0978
    endloop
  endfacet
  facet normal 0.0873382 -0.778704 -0.621282
    outer loop
      vertex 6.24348 12.5266 57.9495
      vertex -7.18439 -4.4089 77.2885
      vertex -7.47982 -4.3293 77.1472
    endloop
  endfacet
  facet normal 0.0873382 -0.778704 -0.621282
    outer loop
      vertex -7.18439 -4.4089 77.2885
      vertex 6.24348 12.5266 57.9495
      vertex 6.53891 12.447 58.0908
    endloop
  endfacet
  facet normal 0.0852205 0.717683 0.691136
    outer loop
      vertex 6.96314 5.72126 50.2228
      vertex 6.79014 5.01656 50.9759
      vertex 7.25863 5.59199 50.3206
    endloop
  endfacet
  facet normal 0.085436 0.717644 0.691149
    outer loop
      vertex 6.79014 5.01656 50.9759
      vertex 6.96314 5.72126 50.2228
      vertex 6.49466 5.14583 50.8782
    endloop
  endfacet
  facet normal 0.0854247 0.717634 0.691161
    outer loop
      vertex 6.25331 4.8494 51.2158
      vertex -7.1745 -12.1358 70.5112
      vertex 6.5488 4.72013 51.3135
    endloop
  endfacet
  facet normal 0.0854811 0.71761 0.691179
    outer loop
      vertex -7.1745 -12.1358 70.5112
      vertex 6.25331 4.8494 51.2158
      vertex -7.46999 -12.0065 70.4135
    endloop
  endfacet
  facet normal 0.681621 -0.717635 -0.142806
    outer loop
      vertex 3.47956 12.4044 55.096
      vertex 4.13614 13.1091 54.6886
      vertex 3.66765 12.5337 55.344
    endloop
  endfacet
  facet normal 0.681604 -0.717643 -0.142846
    outer loop
      vertex 4.13614 13.1091 54.6886
      vertex 3.47956 12.4044 55.096
      vertex 3.94805 12.9798 54.4407
    endloop
  endfacet
  facet normal 0.681562 -0.717668 -0.142916
    outer loop
      vertex -10.4851 -4.74795 74.6313
      vertex 3.42631 12.2372 55.6816
      vertex -10.297 -4.61868 74.8792
    endloop
  endfacet
  facet normal 0.681514 -0.717701 -0.14298
    outer loop
      vertex 3.42631 12.2372 55.6816
      vertex -10.4851 -4.74795 74.6313
      vertex 3.23822 12.108 55.4336
    endloop
  endfacet
  facet normal -0.842706 0.0797778 -0.532431
    outer loop
      vertex 11.9314 8.80354 56.4807
      vertex 11.3764 8.50103 57.3138
      vertex 11.8449 9.07645 56.6585
    endloop
  endfacet
  facet normal -0.842706 0.0797754 -0.532432
    outer loop
      vertex 11.3764 8.50103 57.3138
      vertex 11.9314 8.80354 56.4807
      vertex 11.4629 8.22811 57.136
    endloop
  endfacet
  facet normal -0.842729 0.0797487 -0.532398
    outer loop
      vertex 11.2216 7.93168 57.4736
      vertex -2.58822 -8.65131 76.8491
      vertex 11.1351 8.20459 57.6514
    endloop
  endfacet
  facet normal -0.842735 0.0797671 -0.532386
    outer loop
      vertex -2.58822 -8.65131 76.8491
      vertex 11.2216 7.93168 57.4736
      vertex -2.50173 -8.92423 76.6713
    endloop
  endfacet
  facet normal 0.85771 -0.13249 0.49677
    outer loop
      vertex 2.6332 9.59268 52.0223
      vertex 3.16941 9.89754 51.1778
      vertex 3.10168 10.1681 51.3669
    endloop
  endfacet
  facet normal 0.857716 -0.132633 0.496721
    outer loop
      vertex 3.16941 9.89754 51.1778
      vertex 2.6332 9.59268 52.0223
      vertex 2.70093 9.32211 51.8331
    endloop
  endfacet
  facet normal 0.857725 -0.132596 0.496716
    outer loop
      vertex -11.3314 -7.55966 71.5575
      vertex 2.45959 9.02568 52.1707
      vertex 2.39185 9.29625 52.3599
    endloop
  endfacet
  facet normal 0.857716 -0.132559 0.496741
    outer loop
      vertex 2.45959 9.02568 52.1707
      vertex -11.3314 -7.55966 71.5575
      vertex -11.2637 -7.83023 71.3684
    endloop
  endfacet
  facet normal 0.643547 -0.741229 -0.190859
    outer loop
      vertex 3.66765 12.5337 55.344
      vertex 4.33885 13.2223 54.9329
      vertex 3.87037 12.6468 55.5883
    endloop
  endfacet
  facet normal 0.643652 -0.741196 -0.190631
    outer loop
      vertex 4.33885 13.2223 54.9329
      vertex 3.66765 12.5337 55.344
      vertex 4.13614 13.1091 54.6886
    endloop
  endfacet
  facet normal 0.64365 -0.741188 -0.190668
    outer loop
      vertex -10.297 -4.61868 74.8792
      vertex 3.62903 12.3504 55.9259
      vertex -10.0943 -4.5055 75.1235
    endloop
  endfacet
  facet normal 0.643654 -0.741186 -0.190664
    outer loop
      vertex 3.62903 12.3504 55.9259
      vertex -10.297 -4.61868 74.8792
      vertex 3.42631 12.2372 55.6816
    endloop
  endfacet
  facet normal 0.802831 -0.593894 0.0524697
    outer loop
      vertex 2.8885 11.7384 54.0888
      vertex 3.47922 12.5013 53.6854
      vertex 3.01074 11.9259 54.3407
    endloop
  endfacet
  facet normal 0.802832 -0.593891 0.0524778
    outer loop
      vertex 3.47922 12.5013 53.6854
      vertex 2.8885 11.7384 54.0888
      vertex 3.35699 12.3138 53.4334
    endloop
  endfacet
  facet normal 0.802847 -0.593871 0.0524803
    outer loop
      vertex -11.0761 -5.41394 73.624
      vertex 2.76939 11.6294 54.6784
      vertex -10.9539 -5.22647 73.876
    endloop
  endfacet
  facet normal 0.802777 -0.593978 0.0523331
    outer loop
      vertex 2.76939 11.6294 54.6784
      vertex -11.0761 -5.41394 73.624
      vertex 2.64716 11.442 54.4264
    endloop
  endfacet
  facet normal 0.200916 -0.802844 -0.561314
    outer loop
      vertex 6.37139 13.5054 56.6345
      vertex 6.19196 12.8853 57.4572
      vertex 5.9029 12.93 57.2898
    endloop
  endfacet
  facet normal 0.200916 -0.802844 -0.561314
    outer loop
      vertex 6.19196 12.8853 57.4572
      vertex 6.37139 13.5054 56.6345
      vertex 6.66045 13.4607 56.8019
    endloop
  endfacet
  facet normal 0.20097 -0.802863 -0.561268
    outer loop
      vertex 5.66156 12.6336 57.6274
      vertex -7.77268 -4.26702 76.9925
      vertex -8.06174 -4.22235 76.8251
    endloop
  endfacet
  facet normal 0.200908 -0.802854 -0.561303
    outer loop
      vertex -7.77268 -4.26702 76.9925
      vertex 5.66156 12.6336 57.6274
      vertex 5.95062 12.5889 57.7948
    endloop
  endfacet
  facet normal -0.824089 0.0264739 -0.565841
    outer loop
      vertex 11.8449 9.07645 56.6585
      vertex 11.2715 8.77511 57.4795
      vertex 11.74 9.35054 56.8241
    endloop
  endfacet
  facet normal -0.824115 0.0266445 -0.565796
    outer loop
      vertex 11.2715 8.77511 57.4795
      vertex 11.8449 9.07645 56.6585
      vertex 11.3764 8.50103 57.3138
    endloop
  endfacet
  facet normal -0.824139 0.0266134 -0.565761
    outer loop
      vertex 11.1351 8.20459 57.6514
      vertex -2.6931 -8.37723 77.0148
      vertex 11.0302 8.47868 57.8171
    endloop
  endfacet
  facet normal -0.824155 0.0266541 -0.565737
    outer loop
      vertex -2.6931 -8.37723 77.0148
      vertex 11.1351 8.20459 57.6514
      vertex -2.58822 -8.65131 76.8491
    endloop
  endfacet
  facet normal -0.858144 0.473994 -0.197277
    outer loop
      vertex 11.4655 6.22396 55.3782
      vertex 12.0011 7.02229 54.9665
      vertex 11.934 6.79938 54.7228
    endloop
  endfacet
  facet normal -0.858144 0.473994 -0.197277
    outer loop
      vertex 12.0011 7.02229 54.9665
      vertex 11.4655 6.22396 55.3782
      vertex 11.5326 6.44687 55.6219
    endloop
  endfacet
  facet normal -0.858149 0.473987 -0.19727
    outer loop
      vertex -2.49916 -10.9284 74.9134
      vertex 11.2912 6.15044 55.9595
      vertex 11.2241 5.92753 55.7158
    endloop
  endfacet
  facet normal -0.858147 0.473997 -0.19726
    outer loop
      vertex 11.2912 6.15044 55.9595
      vertex -2.49916 -10.9284 74.9134
      vertex -2.43206 -10.7055 75.1571
    endloop
  endfacet
  facet normal 0.311449 -0.813248 -0.491556
    outer loop
      vertex 5.80964 13.5413 56.2644
      vertex 5.6189 12.9569 57.1104
      vertex 5.34116 12.9658 56.9197
    endloop
  endfacet
  facet normal 0.311067 -0.813314 -0.491688
    outer loop
      vertex 5.6189 12.9569 57.1104
      vertex 5.80964 13.5413 56.2644
      vertex 6.08738 13.5323 56.455
    endloop
  endfacet
  facet normal 0.311257 -0.813299 -0.491593
    outer loop
      vertex 5.09982 12.6694 57.2574
      vertex -8.34574 -4.19547 76.6457
      vertex -8.62349 -4.1865 76.455
    endloop
  endfacet
  facet normal 0.311083 -0.813295 -0.49171
    outer loop
      vertex -8.34574 -4.19547 76.6457
      vertex 5.09982 12.6694 57.2574
      vertex 5.37756 12.6604 57.448
    endloop
  endfacet
  facet normal 0.142719 0.690959 0.708666
    outer loop
      vertex 6.67017 5.86608 50.1406
      vertex 6.49466 5.14583 50.8782
      vertex 6.96314 5.72126 50.2228
    endloop
  endfacet
  facet normal 0.142498 0.691009 0.708662
    outer loop
      vertex 6.49466 5.14583 50.8782
      vertex 6.67017 5.86608 50.1406
      vertex 6.20168 5.29065 50.7959
    endloop
  endfacet
  facet normal 0.142527 0.691038 0.708627
    outer loop
      vertex 5.96034 4.99422 51.1335
      vertex -7.46999 -12.0065 70.4135
      vertex 6.25331 4.8494 51.2158
    endloop
  endfacet
  facet normal 0.142491 0.691055 0.708617
    outer loop
      vertex -7.46999 -12.0065 70.4135
      vertex 5.96034 4.99422 51.1335
      vertex -7.76296 -11.8617 70.3312
    endloop
  endfacet
  facet normal -0.36446 0.813309 0.453538
    outer loop
      vertex 9.56146 5.16878 51.5951
      vertex 8.82268 4.58438 52.0494
      vertex 9.09297 4.59336 52.2505
    endloop
  endfacet
  facet normal -0.364445 0.813305 0.453558
    outer loop
      vertex 8.82268 4.58438 52.0494
      vertex 9.56146 5.16878 51.5951
      vertex 9.29117 5.15981 51.394
    endloop
  endfacet
  facet normal -0.364613 0.813292 0.453445
    outer loop
      vertex 8.85163 4.29693 52.5881
      vertex 6.84759 1.89652 55.282
      vertex 6.89168 1.88958 55.3299
    endloop
  endfacet
  facet normal -0.364327 0.813299 0.453664
    outer loop
      vertex 8.85163 4.29693 52.5881
      vertex 6.78212 1.90278 55.2182
      vertex 6.84759 1.89652 55.282
    endloop
  endfacet
  facet normal -0.364553 0.813297 0.453484
    outer loop
      vertex 8.85163 4.29693 52.5881
      vertex 6.71321 1.90557 55.1578
      vertex 6.78212 1.90278 55.2182
    endloop
  endfacet
  facet normal -0.364205 0.813294 0.453771
    outer loop
      vertex 8.85163 4.29693 52.5881
      vertex 6.64115 1.90488 55.1012
      vertex 6.71321 1.90557 55.1578
    endloop
  endfacet
  facet normal -0.364467 0.813301 0.453547
    outer loop
      vertex 6.64115 1.90488 55.1012
      vertex 8.85163 4.29693 52.5881
      vertex 8.58134 4.28795 52.387
    endloop
  endfacet
  facet normal -0.365159 0.813269 0.453049
    outer loop
      vertex -2.96987 -10.162 69.0158
      vertex -4.87167 -12.559 71.7858
      vertex -2.91172 -10.1516 69.044
    endloop
  endfacet
  facet normal -0.363931 0.813323 0.453939
    outer loop
      vertex -3.04946 -10.173 68.9717
      vertex -4.87167 -12.559 71.7858
      vertex -2.96987 -10.162 69.0158
    endloop
  endfacet
  facet normal -0.364886 0.813266 0.453272
    outer loop
      vertex -3.12687 -10.1807 68.9232
      vertex -4.87167 -12.559 71.7858
      vertex -3.04946 -10.173 68.9717
    endloop
  endfacet
  facet normal -0.36451 0.813294 0.453525
    outer loop
      vertex -4.87167 -12.559 71.7858
      vertex -3.12687 -10.1807 68.9232
      vertex -5.14196 -12.568 71.5847
    endloop
  endfacet
  facet normal -0.364638 0.813292 0.453426
    outer loop
      vertex -5.14196 -12.568 71.5847
      vertex -3.12687 -10.1807 68.9232
      vertex -3.20177 -10.1849 68.8705
    endloop
  endfacet
  facet normal -0.364613 0.813292 0.453445
    outer loop
      vertex 5.60619 0.31065 57.1282
      vertex -1.67032 -8.56577 67.1978
      vertex -1.62623 -8.57271 67.2457
    endloop
  endfacet
  facet normal -0.36444 0.813298 0.453575
    outer loop
      vertex 5.54804 0.30032 57.1
      vertex -1.67032 -8.56577 67.1978
      vertex 5.60619 0.31065 57.1282
    endloop
  endfacet
  facet normal -0.364252 0.813304 0.453715
    outer loop
      vertex -1.67032 -8.56577 67.1978
      vertex 5.54804 0.30032 57.1
      vertex -1.73579 -8.5595 67.134
    endloop
  endfacet
  facet normal -0.364527 0.813296 0.453509
    outer loop
      vertex 5.46845 0.289238 57.0559
      vertex -1.73579 -8.5595 67.134
      vertex 5.54804 0.30032 57.1
    endloop
  endfacet
  facet normal -0.364556 0.813295 0.453487
    outer loop
      vertex -1.73579 -8.5595 67.134
      vertex 5.46845 0.289238 57.0559
      vertex -1.8047 -8.55671 67.0736
    endloop
  endfacet
  facet normal -0.364503 0.813297 0.453527
    outer loop
      vertex 5.39104 0.28159 57.0074
      vertex -1.8047 -8.55671 67.0736
      vertex 5.46845 0.289238 57.0559
    endloop
  endfacet
  facet normal -0.364662 0.813291 0.453408
    outer loop
      vertex -1.8047 -8.55671 67.0736
      vertex 5.39104 0.28159 57.0074
      vertex -1.87676 -8.55741 67.0169
    endloop
  endfacet
  facet normal -0.364503 0.813296 0.453528
    outer loop
      vertex -1.87676 -8.55741 67.0169
      vertex 5.39104 0.28159 57.0074
      vertex 5.31614 0.277409 56.9547
    endloop
  endfacet
  facet normal -0.747513 -0.132613 -0.650875
    outer loop
      vertex 11.477 9.89754 57.1164
      vertex 10.8514 9.59268 57.897
      vertex 11.3199 10.1681 57.2417
    endloop
  endfacet
  facet normal -0.747514 -0.132609 -0.650874
    outer loop
      vertex 10.8514 9.59268 57.897
      vertex 11.477 9.89754 57.1164
      vertex 11.0085 9.32211 57.7717
    endloop
  endfacet
  facet normal -0.747645 -0.132464 -0.650753
    outer loop
      vertex 10.7671 9.02568 58.1093
      vertex -3.11321 -7.55966 77.4323
      vertex 10.6101 9.29625 58.2346
    endloop
  endfacet
  facet normal -0.747594 -0.132554 -0.650794
    outer loop
      vertex -3.11321 -7.55966 77.4323
      vertex 10.7671 9.02568 58.1093
      vertex -2.95616 -7.83023 77.307
    endloop
  endfacet
  facet normal -0.0873631 0.778677 0.621313
    outer loop
      vertex 7.85208 5.38221 50.5606
      vertex 7.67902 4.72718 51.3572
      vertex 8.1475 5.30261 50.7019
    endloop
  endfacet
  facet normal -0.0871451 0.778669 0.621354
    outer loop
      vertex 7.67902 4.72718 51.3572
      vertex 7.85208 5.38221 50.5606
      vertex 7.38359 4.80679 51.216
    endloop
  endfacet
  facet normal -0.0873426 0.778702 0.621284
    outer loop
      vertex -3.88463 -9.47609 67.5337
      vertex -6.58105 -12.3456 70.7512
      vertex -6.28563 -12.4252 70.8925
    endloop
  endfacet
  facet normal -0.0878896 0.77888 0.620984
    outer loop
      vertex -3.87215 -9.43418 67.4829
      vertex -6.58105 -12.3456 70.7512
      vertex -3.88463 -9.47609 67.5337
    endloop
  endfacet
  facet normal -0.0856591 0.778163 0.622194
    outer loop
      vertex -3.84899 -9.37718 67.4148
      vertex -6.58105 -12.3456 70.7512
      vertex -3.87215 -9.43418 67.4829
    endloop
  endfacet
  facet normal -0.0880776 0.778929 0.620896
    outer loop
      vertex -3.81988 -9.32096 67.3484
      vertex -6.58105 -12.3456 70.7512
      vertex -3.84899 -9.37718 67.4148
    endloop
  endfacet
  facet normal -0.0876987 0.778811 0.621098
    outer loop
      vertex -3.78497 -9.26575 67.2841
      vertex -6.58105 -12.3456 70.7512
      vertex -3.81988 -9.32096 67.3484
    endloop
  endfacet
  facet normal -0.0855908 0.778154 0.622214
    outer loop
      vertex -3.74438 -9.21179 67.2222
      vertex -6.58105 -12.3456 70.7512
      vertex -3.78497 -9.26575 67.2841
    endloop
  endfacet
  facet normal -0.0875047 0.778748 0.621204
    outer loop
      vertex -3.69831 -9.15931 67.1629
      vertex -6.58105 -12.3456 70.7512
      vertex -3.74438 -9.21179 67.2222
    endloop
  endfacet
  facet normal -0.0852206 0.778131 0.622293
    outer loop
      vertex 4.64576 1.02811 55.5672
      vertex -3.48123 -8.98061 66.9694
      vertex 4.63328 0.986197 55.6179
    endloop
  endfacet
  facet normal -0.0873855 0.778715 0.621262
    outer loop
      vertex -3.48123 -8.98061 66.9694
      vertex 4.64576 1.02811 55.5672
      vertex -3.52921 -9.01296 67.0032
    endloop
  endfacet
  facet normal -0.0876754 0.778793 0.621124
    outer loop
      vertex 4.66892 1.08511 55.499
      vertex -3.52921 -9.01296 67.0032
      vertex 4.64576 1.02811 55.5672
    endloop
  endfacet
  facet normal -0.0859184 0.77832 0.621961
    outer loop
      vertex -3.52921 -9.01296 67.0032
      vertex 4.66892 1.08511 55.499
      vertex -3.59049 -9.05968 67.0532
    endloop
  endfacet
  facet normal -0.0882855 0.778959 0.620829
    outer loop
      vertex 4.69803 1.14133 55.4326
      vertex -3.59049 -9.05968 67.0532
      vertex 4.66892 1.08511 55.499
    endloop
  endfacet
  facet normal -0.087067 0.778632 0.621411
    outer loop
      vertex -3.59049 -9.05968 67.0532
      vertex 4.69803 1.14133 55.4326
      vertex -3.64694 -9.10853 67.1065
    endloop
  endfacet
  facet normal -0.0888108 0.7791 0.620576
    outer loop
      vertex -3.64694 -9.10853 67.1065
      vertex 4.69803 1.14133 55.4326
      vertex -3.69831 -9.15931 67.1629
    endloop
  endfacet
  facet normal -0.0878192 0.778834 0.621052
    outer loop
      vertex 4.73294 1.19654 55.3683
      vertex -3.69831 -9.15931 67.1629
      vertex 4.69803 1.14133 55.4326
    endloop
  endfacet
  facet normal -0.0875251 0.778755 0.621193
    outer loop
      vertex -3.69831 -9.15931 67.1629
      vertex 4.73294 1.19654 55.3683
      vertex -6.58105 -12.3456 70.7512
    endloop
  endfacet
  facet normal -0.0839483 0.777752 0.622941
    outer loop
      vertex 4.77353 1.2505 55.3064
      vertex -6.58105 -12.3456 70.7512
      vertex 4.73294 1.19654 55.3683
    endloop
  endfacet
  facet normal -0.0873432 0.778698 0.621289
    outer loop
      vertex 7.14225 4.51035 51.5536
      vertex 5.03668 1.48168 55.0536
      vertex 7.43768 4.43075 51.6949
    endloop
  endfacet
  facet normal -0.0873647 0.778703 0.62128
    outer loop
      vertex 5.03668 1.48168 55.0536
      vertex 7.14225 4.51035 51.5536
      vertex 4.9887 1.44933 55.0874
    endloop
  endfacet
  facet normal -0.0861424 0.778432 0.62179
    outer loop
      vertex 4.9887 1.44933 55.0874
      vertex 7.14225 4.51035 51.5536
      vertex 4.92742 1.40261 55.1374
    endloop
  endfacet
  facet normal -0.08749 0.778736 0.621221
    outer loop
      vertex 4.92742 1.40261 55.1374
      vertex 7.14225 4.51035 51.5536
      vertex 4.87098 1.35375 55.1907
    endloop
  endfacet
  facet normal -0.087763 0.778798 0.621105
    outer loop
      vertex 4.87098 1.35375 55.1907
      vertex 7.14225 4.51035 51.5536
      vertex 4.8196 1.30298 55.2471
    endloop
  endfacet
  facet normal -0.0873016 0.778692 0.621303
    outer loop
      vertex 4.77353 1.2505 55.3064
      vertex 7.14225 4.51035 51.5536
      vertex -6.58105 -12.3456 70.7512
    endloop
  endfacet
  facet normal -0.0873611 0.778706 0.621277
    outer loop
      vertex 4.8196 1.30298 55.2471
      vertex 7.14225 4.51035 51.5536
      vertex 4.77353 1.2505 55.3064
    endloop
  endfacet
  facet normal 0.254779 0.628993 0.734477
    outer loop
      vertex 6.09677 6.19978 50.0237
      vertex 5.91248 5.45038 50.7294
      vertex 6.38097 6.02581 50.0741
    endloop
  endfacet
  facet normal 0.254805 0.628984 0.734475
    outer loop
      vertex 5.91248 5.45038 50.7294
      vertex 6.09677 6.19978 50.0237
      vertex 5.62829 5.62436 50.679
    endloop
  endfacet
  facet normal 0.254811 0.62902 0.734442
    outer loop
      vertex 5.38695 5.32792 51.0166
      vertex -8.05216 -11.702 70.2647
      vertex 5.67114 5.15395 51.067
    endloop
  endfacet
  facet normal 0.254852 0.628996 0.734448
    outer loop
      vertex -8.05216 -11.702 70.2647
      vertex 5.38695 5.32792 51.0166
      vertex -8.33636 -11.528 70.2143
    endloop
  endfacet
  facet normal -0.857723 0.132705 -0.49669
    outer loop
      vertex 11.9991 8.53297 56.2915
      vertex 11.4629 8.22811 57.136
      vertex 11.9314 8.80354 56.4807
    endloop
  endfacet
  facet normal -0.857717 0.132557 -0.496739
    outer loop
      vertex 11.4629 8.22811 57.136
      vertex 11.9991 8.53297 56.2915
      vertex 11.5306 7.95754 56.9469
    endloop
  endfacet
  facet normal -0.857715 0.132559 -0.496742
    outer loop
      vertex 11.2893 7.66111 57.2845
      vertex -2.50173 -8.92423 76.6713
      vertex 11.2216 7.93168 57.4736
    endloop
  endfacet
  facet normal -0.857729 0.132617 -0.496703
    outer loop
      vertex -2.50173 -8.92423 76.6713
      vertex 11.2893 7.66111 57.2845
      vertex -2.434 -9.1948 76.4821
    endloop
  endfacet
  facet normal -0.843269 0.516279 -0.149511
    outer loop
      vertex 11.3796 6.01197 55.1307
      vertex 11.934 6.79938 54.7228
      vertex 11.8481 6.5874 54.4753
    endloop
  endfacet
  facet normal -0.843271 0.516272 -0.149526
    outer loop
      vertex 11.934 6.79938 54.7228
      vertex 11.3796 6.01197 55.1307
      vertex 11.4655 6.22396 55.3782
    endloop
  endfacet
  facet normal -0.843339 0.516109 -0.149702
    outer loop
      vertex -2.58503 -11.1404 74.6659
      vertex 11.2241 5.92753 55.7158
      vertex 11.1383 5.71554 55.4683
    endloop
  endfacet
  facet normal -0.843299 0.516208 -0.149584
    outer loop
      vertex 11.2241 5.92753 55.7158
      vertex -2.58503 -11.1404 74.6659
      vertex -2.49916 -10.9284 74.9134
    endloop
  endfacet
  facet normal 0.362611 0.556277 0.74771
    outer loop
      vertex 5.54825 6.5874 49.9719
      vertex 5.35032 5.81182 50.6449
      vertex 5.8188 6.38725 49.9896
    endloop
  endfacet
  facet normal 0.362814 0.556193 0.747673
    outer loop
      vertex 5.35032 5.81182 50.6449
      vertex 5.54825 6.5874 49.9719
      vertex 5.07976 6.01197 50.6273
    endloop
  endfacet
  facet normal 0.362805 0.556182 0.747685
    outer loop
      vertex 4.83842 5.71554 50.9649
      vertex -8.61433 -11.3405 70.1802
      vertex 5.10898 5.51539 50.9825
    endloop
  endfacet
  facet normal 0.362568 0.556355 0.747672
    outer loop
      vertex -8.61433 -11.3405 70.1802
      vertex 4.83842 5.71554 50.9649
      vertex -8.88488 -11.1404 70.1625
    endloop
  endfacet
  facet normal -0.465985 0.802884 0.371799
    outer loop
      vertex 10.0751 5.24033 52.0251
      vertex 9.35465 4.62024 52.4612
      vertex 9.60659 4.66491 52.6805
    endloop
  endfacet
  facet normal -0.465961 0.802882 0.371835
    outer loop
      vertex 9.35465 4.62024 52.4612
      vertex 10.0751 5.24033 52.0251
      vertex 9.82313 5.19566 51.8058
    endloop
  endfacet
  facet normal -0.464538 0.803123 0.373092
    outer loop
      vertex 9.36525 4.36848 53.0181
      vertex 7.21983 1.74508 55.994
      vertex 7.22356 1.7379 56.0141
    endloop
  endfacet
  facet normal -0.466138 0.802845 0.371693
    outer loop
      vertex 9.36525 4.36848 53.0181
      vertex 7.1988 1.7725 55.9084
      vertex 7.21983 1.74508 55.994
    endloop
  endfacet
  facet normal -0.466108 0.80285 0.37172
    outer loop
      vertex 9.36525 4.36848 53.0181
      vertex 7.17264 1.79676 55.8232
      vertex 7.1988 1.7725 55.9084
    endloop
  endfacet
  facet normal -0.465888 0.802883 0.371923
    outer loop
      vertex 9.36525 4.36848 53.0181
      vertex 7.14147 1.81777 55.7388
      vertex 7.17264 1.79676 55.8232
    endloop
  endfacet
  facet normal -0.466167 0.802844 0.371658
    outer loop
      vertex 9.36525 4.36848 53.0181
      vertex 7.10541 1.83544 55.6554
      vertex 7.14147 1.81777 55.7388
    endloop
  endfacet
  facet normal -0.465531 0.802925 0.37228
    outer loop
      vertex 9.36525 4.36848 53.0181
      vertex 7.09139 1.84034 55.6273
      vertex 7.10541 1.83544 55.6554
    endloop
  endfacet
  facet normal -0.466016 0.802866 0.371801
    outer loop
      vertex 7.09139 1.84034 55.6273
      vertex 9.36525 4.36848 53.0181
      vertex 9.11331 4.3238 52.7988
    endloop
  endfacet
  facet normal -0.465791 0.802906 0.371995
    outer loop
      vertex -2.31531 -9.91338 69.2178
      vertex -4.35805 -12.4874 72.2157
      vertex -2.23501 -9.868 69.2204
    endloop
  endfacet
  facet normal -0.466041 0.802861 0.37178
    outer loop
      vertex -2.23501 -9.868 69.2204
      vertex -4.35805 -12.4874 72.2157
      vertex -2.21636 -9.85685 69.2197
    endloop
  endfacet
  facet normal -0.466308 0.802808 0.37156
    outer loop
      vertex -2.39647 -9.95668 69.2095
      vertex -4.35805 -12.4874 72.2157
      vertex -2.31531 -9.91338 69.2178
    endloop
  endfacet
  facet normal -0.466018 0.802866 0.371797
    outer loop
      vertex -2.47815 -9.9977 69.1957
      vertex -4.35805 -12.4874 72.2157
      vertex -2.39647 -9.95668 69.2095
    endloop
  endfacet
  facet normal -0.466278 0.802811 0.37159
    outer loop
      vertex -2.55999 -10.0363 69.1764
      vertex -4.35805 -12.4874 72.2157
      vertex -2.47815 -9.9977 69.1957
    endloop
  endfacet
  facet normal -0.464672 0.803168 0.372828
    outer loop
      vertex -2.58807 -10.0486 69.1679
      vertex -4.35805 -12.4874 72.2157
      vertex -2.55999 -10.0363 69.1764
    endloop
  endfacet
  facet normal -0.466044 0.802858 0.371783
    outer loop
      vertex -4.35805 -12.4874 72.2157
      vertex -2.58807 -10.0486 69.1679
      vertex -4.61 -12.5321 71.9964
    endloop
  endfacet
  facet normal -0.465905 0.802883 0.371902
    outer loop
      vertex -1.37644 -8.64451 67.6545
      vertex 6.2026 0.548902 57.302
      vertex -1.4125 -8.62685 67.5712
    endloop
  endfacet
  facet normal -0.466247 0.802824 0.371601
    outer loop
      vertex -1.34527 -8.66552 67.739
      vertex 6.2026 0.548902 57.302
      vertex -1.37644 -8.64451 67.6545
    endloop
  endfacet
  facet normal -0.465775 0.802907 0.372015
    outer loop
      vertex 6.2026 0.548902 57.302
      vertex -1.34527 -8.66552 67.739
      vertex 6.28291 0.594286 57.3046
    endloop
  endfacet
  facet normal -0.466026 0.802864 0.371793
    outer loop
      vertex -1.31911 -8.68979 67.8242
      vertex 6.28291 0.594286 57.3046
      vertex -1.34527 -8.66552 67.739
    endloop
  endfacet
  facet normal -0.465733 0.802915 0.37205
    outer loop
      vertex 6.30155 0.605433 57.3039
      vertex -1.31911 -8.68979 67.8242
      vertex -1.29808 -8.71721 67.9097
    endloop
  endfacet
  facet normal -0.466628 0.802756 0.37127
    outer loop
      vertex 6.30155 0.605433 57.3039
      vertex -1.29808 -8.71721 67.9097
      vertex -1.29436 -8.72439 67.9299
    endloop
  endfacet
  facet normal -0.466153 0.802841 0.371681
    outer loop
      vertex -1.31911 -8.68979 67.8242
      vertex 6.30155 0.605433 57.3039
      vertex 6.28291 0.594286 57.3046
    endloop
  endfacet
  facet normal -0.466268 0.802822 0.371579
    outer loop
      vertex 6.12144 0.505607 57.2937
      vertex -1.4125 -8.62685 67.5712
      vertex 6.2026 0.548902 57.302
    endloop
  endfacet
  facet normal -0.466135 0.802845 0.371697
    outer loop
      vertex -1.4125 -8.62685 67.5712
      vertex 6.12144 0.505607 57.2937
      vertex -1.42653 -8.62194 67.543
    endloop
  endfacet
  facet normal -0.466026 0.802863 0.371793
    outer loop
      vertex 6.03976 0.464586 57.2799
      vertex -1.42653 -8.62194 67.543
      vertex 6.12144 0.505607 57.2937
    endloop
  endfacet
  facet normal -0.465704 0.802919 0.372076
    outer loop
      vertex 5.95792 0.426015 57.2607
      vertex -1.42653 -8.62194 67.543
      vertex 6.03976 0.464586 57.2799
    endloop
  endfacet
  facet normal -0.466134 0.802843 0.371702
    outer loop
      vertex -1.42653 -8.62194 67.543
      vertex 5.95792 0.426015 57.2607
      vertex 5.92984 0.413647 57.2522
    endloop
  endfacet
  facet normal 0.512312 0.429767 0.74353
    outer loop
      vertex 4.32398 6.67975 50.6733
      vertex 5.03398 7.02229 49.9861
      vertex 4.79247 7.25517 50.0179
    endloop
  endfacet
  facet normal 0.512312 0.429767 0.74353
    outer loop
      vertex 5.03398 7.02229 49.9861
      vertex 4.32398 6.67975 50.6733
      vertex 4.56549 6.44687 50.6415
    endloop
  endfacet
  facet normal 0.512301 0.429754 0.743545
    outer loop
      vertex -9.64066 -10.4726 70.2086
      vertex 4.32415 6.15044 50.9791
      vertex 4.08264 6.38332 51.0109
    endloop
  endfacet
  facet normal 0.512476 0.429582 0.743524
    outer loop
      vertex 4.32415 6.15044 50.9791
      vertex -9.64066 -10.4726 70.2086
      vertex -9.39915 -10.7055 70.1767
    endloop
  endfacet
  facet normal -0.876616 0.236274 -0.419188
    outer loop
      vertex 12.0772 8.00347 55.8824
      vertex 11.5793 7.69047 56.7472
      vertex 12.0478 8.2659 56.0918
    endloop
  endfacet
  facet normal -0.876635 0.236027 -0.419288
    outer loop
      vertex 11.5793 7.69047 56.7472
      vertex 12.0772 8.00347 55.8824
      vertex 11.6088 7.42805 56.5378
    endloop
  endfacet
  facet normal -0.876616 0.236281 -0.419185
    outer loop
      vertex 11.3674 7.13162 56.8754
      vertex -2.38531 -9.46187 76.2824
      vertex 11.338 7.39404 57.0848
    endloop
  endfacet
  facet normal -0.876601 0.236142 -0.419293
    outer loop
      vertex -2.38531 -9.46187 76.2824
      vertex 11.3674 7.13162 56.8754
      vertex -2.35589 -9.72429 76.0731
    endloop
  endfacet
  facet normal 0.464443 0.473952 0.748106
    outer loop
      vertex 4.56549 6.44687 50.6415
      vertex 5.28626 6.79938 49.9707
      vertex 5.03398 7.02229 49.9861
    endloop
  endfacet
  facet normal 0.464435 0.473964 0.748103
    outer loop
      vertex 5.28626 6.79938 49.9707
      vertex 4.56549 6.44687 50.6415
      vertex 4.81778 6.22396 50.6261
    endloop
  endfacet
  facet normal 0.46442 0.473946 0.748124
    outer loop
      vertex -9.39915 -10.7055 70.1767
      vertex 4.57644 5.92753 50.9637
      vertex 4.32415 6.15044 50.9791
    endloop
  endfacet
  facet normal 0.464244 0.474104 0.748133
    outer loop
      vertex 4.57644 5.92753 50.9637
      vertex -9.39915 -10.7055 70.1767
      vertex -9.14686 -10.9284 70.1614
    endloop
  endfacet
  facet normal -0.144485 0.792459 0.592564
    outer loop
      vertex 8.1475 5.30261 50.7019
      vertex 7.97188 4.66491 51.5119
      vertex 8.44037 5.24033 50.8566
    endloop
  endfacet
  facet normal -0.144514 0.792459 0.592558
    outer loop
      vertex 7.97188 4.66491 51.5119
      vertex 8.1475 5.30261 50.7019
      vertex 7.67902 4.72718 51.3572
    endloop
  endfacet
  facet normal -0.144336 0.792457 0.592603
    outer loop
      vertex 7.43768 4.43075 51.6949
      vertex 5.58885 1.7379 54.8456
      vertex 7.73054 4.36848 51.8495
    endloop
  endfacet
  facet normal -0.145167 0.792587 0.592227
    outer loop
      vertex 5.58885 1.7379 54.8456
      vertex 7.43768 4.43075 51.6949
      vertex 5.52196 1.71728 54.8568
    endloop
  endfacet
  facet normal -0.144407 0.792462 0.59258
    outer loop
      vertex 5.52196 1.71728 54.8568
      vertex 7.43768 4.43075 51.6949
      vertex 5.43658 1.68714 54.8763
    endloop
  endfacet
  facet normal -0.143881 0.79237 0.592831
    outer loop
      vertex 5.43658 1.68714 54.8763
      vertex 7.43768 4.43075 51.6949
      vertex 5.35373 1.65399 54.9005
    endloop
  endfacet
  facet normal -0.14445 0.792475 0.592552
    outer loop
      vertex 5.35373 1.65399 54.9005
      vertex 7.43768 4.43075 51.6949
      vertex 5.27374 1.61795 54.9292
    endloop
  endfacet
  facet normal -0.144855 0.792553 0.592349
    outer loop
      vertex 5.27374 1.61795 54.9292
      vertex 7.43768 4.43075 51.6949
      vertex 5.19697 1.57918 54.9623
    endloop
  endfacet
  facet normal -0.144738 0.792529 0.592409
    outer loop
      vertex 5.19697 1.57918 54.9623
      vertex 7.43768 4.43075 51.6949
      vertex 5.12374 1.53785 54.9997
    endloop
  endfacet
  facet normal -0.143622 0.792299 0.592989
    outer loop
      vertex 5.12374 1.53785 54.9997
      vertex 7.43768 4.43075 51.6949
      vertex 5.05437 1.49414 55.0413
    endloop
  endfacet
  facet normal -0.148006 0.79322 0.590675
    outer loop
      vertex 5.05437 1.49414 55.0413
      vertex 7.43768 4.43075 51.6949
      vertex 5.03668 1.48168 55.0536
    endloop
  endfacet
  facet normal -0.144625 0.792522 0.592446
    outer loop
      vertex -3.85107 -9.85685 68.0511
      vertex -6.28563 -12.4252 70.8925
      vertex -5.99276 -12.4874 71.0472
    endloop
  endfacet
  facet normal -0.143715 0.792273 0.593001
    outer loop
      vertex -3.86959 -9.81807 67.9948
      vertex -6.28563 -12.4252 70.8925
      vertex -3.85107 -9.85685 68.0511
    endloop
  endfacet
  facet normal -0.144684 0.792529 0.592423
    outer loop
      vertex -3.88794 -9.76588 67.9205
      vertex -6.28563 -12.4252 70.8925
      vertex -3.86959 -9.81807 67.9948
    endloop
  endfacet
  facet normal -0.144906 0.792585 0.592294
    outer loop
      vertex -3.90032 -9.71247 67.846
      vertex -6.28563 -12.4252 70.8925
      vertex -3.88794 -9.76588 67.9205
    endloop
  endfacet
  facet normal -0.144559 0.792501 0.592491
    outer loop
      vertex -3.90667 -9.65808 67.7717
      vertex -6.28563 -12.4252 70.8925
      vertex -3.90032 -9.71247 67.846
    endloop
  endfacet
  facet normal -0.143943 0.792357 0.592833
    outer loop
      vertex -3.90698 -9.60292 67.6979
      vertex -6.28563 -12.4252 70.8925
      vertex -3.90667 -9.65808 67.7717
    endloop
  endfacet
  facet normal -0.144914 0.792576 0.592303
    outer loop
      vertex -3.90123 -9.54724 67.6248
      vertex -6.28563 -12.4252 70.8925
      vertex -3.90698 -9.60292 67.6979
    endloop
  endfacet
  facet normal -0.143407 0.792246 0.593112
    outer loop
      vertex -3.88945 -9.49128 67.5529
      vertex -6.28563 -12.4252 70.8925
      vertex -3.90123 -9.54724 67.6248
    endloop
  endfacet
  facet normal -0.148611 0.79335 0.590348
    outer loop
      vertex -6.28563 -12.4252 70.8925
      vertex -3.88945 -9.49128 67.5529
      vertex -3.88463 -9.47609 67.5337
    endloop
  endfacet
  facet normal -0.144632 0.792512 0.592457
    outer loop
      vertex 4.64832 0.644216 56.079
      vertex -2.92906 -8.72439 66.7613
      vertex 4.66684 0.605433 56.1354
    endloop
  endfacet
  facet normal -0.144707 0.792528 0.592418
    outer loop
      vertex 4.62997 0.696405 56.0047
      vertex -2.92906 -8.72439 66.7613
      vertex 4.64832 0.644216 56.079
    endloop
  endfacet
  facet normal -0.144146 0.792412 0.59271
    outer loop
      vertex -2.92906 -8.72439 66.7613
      vertex 4.62997 0.696405 56.0047
      vertex -2.99595 -8.74501 66.7726
    endloop
  endfacet
  facet normal -0.144018 0.792385 0.592777
    outer loop
      vertex 4.61759 0.749813 55.9303
      vertex -2.99595 -8.74501 66.7726
      vertex 4.62997 0.696405 56.0047
    endloop
  endfacet
  facet normal -0.144296 0.792443 0.592633
    outer loop
      vertex -2.99595 -8.74501 66.7726
      vertex 4.61759 0.749813 55.9303
      vertex -3.08133 -8.77514 66.7921
    endloop
  endfacet
  facet normal -0.144455 0.792476 0.592549
    outer loop
      vertex 4.61124 0.804211 55.856
      vertex -3.08133 -8.77514 66.7921
      vertex 4.61759 0.749813 55.9303
    endloop
  endfacet
  facet normal -0.143993 0.79238 0.59279
    outer loop
      vertex -3.08133 -8.77514 66.7921
      vertex 4.61124 0.804211 55.856
      vertex -3.16418 -8.8083 66.8163
    endloop
  endfacet
  facet normal -0.145166 0.792627 0.592174
    outer loop
      vertex 4.61094 0.859367 55.7821
      vertex -3.16418 -8.8083 66.8163
      vertex 4.61124 0.804211 55.856
    endloop
  endfacet
  facet normal -0.144454 0.792478 0.592546
    outer loop
      vertex -3.16418 -8.8083 66.8163
      vertex 4.61094 0.859367 55.7821
      vertex -3.24417 -8.84434 66.845
    endloop
  endfacet
  facet normal -0.144872 0.792566 0.592327
    outer loop
      vertex -3.24417 -8.84434 66.845
      vertex 4.61094 0.859367 55.7821
      vertex -3.32094 -8.88311 66.8781
    endloop
  endfacet
  facet normal -0.143643 0.792305 0.592975
    outer loop
      vertex 4.61669 0.915044 55.7091
      vertex -3.32094 -8.88311 66.8781
      vertex 4.61094 0.859367 55.7821
    endloop
  endfacet
  facet normal -0.144751 0.792539 0.592393
    outer loop
      vertex -3.32094 -8.88311 66.8781
      vertex 4.61669 0.915044 55.7091
      vertex -3.39417 -8.92444 66.9155
    endloop
  endfacet
  facet normal -0.144917 0.792574 0.592305
    outer loop
      vertex 4.62846 0.971003 55.6371
      vertex -3.39417 -8.92444 66.9155
      vertex 4.61669 0.915044 55.7091
    endloop
  endfacet
  facet normal -0.143626 0.792301 0.592984
    outer loop
      vertex -3.39417 -8.92444 66.9155
      vertex 4.62846 0.971003 55.6371
      vertex -3.46354 -8.96815 66.9571
    endloop
  endfacet
  facet normal -0.148226 0.793273 0.590549
    outer loop
      vertex 4.63328 0.986197 55.6179
      vertex -3.46354 -8.96815 66.9571
      vertex 4.62846 0.971003 55.6371
    endloop
  endfacet
  facet normal -0.148028 0.793231 0.590654
    outer loop
      vertex -3.46354 -8.96815 66.9571
      vertex 4.63328 0.986197 55.6179
      vertex -3.48123 -8.98061 66.9694
    endloop
  endfacet
  facet normal -0.464269 -0.474134 -0.748098
    outer loop
      vertex 9.34606 11.3263 58.343
      vertex 10.0668 11.6788 57.6723
      vertex 9.59835 11.1034 58.3277
    endloop
  endfacet
  facet normal -0.464432 -0.473896 -0.748148
    outer loop
      vertex 10.0668 11.6788 57.6723
      vertex 9.34606 11.3263 58.343
      vertex 9.81455 11.9017 57.6877
    endloop
  endfacet
  facet normal -0.464431 -0.473937 -0.748123
    outer loop
      vertex -4.61858 -5.82607 77.8783
      vertex 9.35701 10.8069 58.6653
      vertex -4.36629 -6.04899 77.8629
    endloop
  endfacet
  facet normal -0.46441 -0.473956 -0.748124
    outer loop
      vertex 9.35701 10.8069 58.6653
      vertex -4.61858 -5.82607 77.8783
      vertex 9.10472 11.0298 58.6807
    endloop
  endfacet
  facet normal -0.824794 0.556311 -0.101157
    outer loop
      vertex 11.2753 5.81182 54.8804
      vertex 11.8481 6.5874 54.4753
      vertex 11.7438 6.38725 54.225
    endloop
  endfacet
  facet normal -0.824794 0.556311 -0.101157
    outer loop
      vertex 11.8481 6.5874 54.4753
      vertex 11.2753 5.81182 54.8804
      vertex 11.3796 6.01197 55.1307
    endloop
  endfacet
  facet normal -0.824797 0.556307 -0.101153
    outer loop
      vertex -2.68931 -11.3405 74.4156
      vertex 11.1383 5.71554 55.4683
      vertex 11.034 5.51539 55.218
    endloop
  endfacet
  facet normal -0.824787 0.556327 -0.101128
    outer loop
      vertex 11.1383 5.71554 55.4683
      vertex -2.68931 -11.3405 74.4156
      vertex -2.58503 -11.1404 74.6659
    endloop
  endfacet
  facet normal -0.200991 0.802844 0.561288
    outer loop
      vertex 8.44037 5.24033 50.8566
      vertex 8.26094 4.62024 51.6793
      vertex 8.72942 5.19566 51.024
    endloop
  endfacet
  facet normal -0.200985 0.802844 0.56129
    outer loop
      vertex 8.26094 4.62024 51.6793
      vertex 8.44037 5.24033 50.8566
      vertex 7.97188 4.66491 51.5119
    endloop
  endfacet
  facet normal -0.201338 0.802906 0.561075
    outer loop
      vertex 5.96649 1.83544 54.8413
      vertex 7.73054 4.36848 51.8495
      vertex 5.87596 1.81777 54.8341
    endloop
  endfacet
  facet normal -0.200023 0.802772 0.561737
    outer loop
      vertex 5.99767 1.84034 54.8454
      vertex 7.73054 4.36848 51.8495
      vertex 5.96649 1.83544 54.8413
    endloop
  endfacet
  facet normal -0.200948 0.802862 0.561278
    outer loop
      vertex 7.73054 4.36848 51.8495
      vertex 5.99767 1.84034 54.8454
      vertex 8.0196 4.3238 52.0169
    endloop
  endfacet
  facet normal -0.200536 0.802814 0.561494
    outer loop
      vertex 5.87596 1.81777 54.8341
      vertex 7.73054 4.36848 51.8495
      vertex 5.78597 1.79676 54.832
    endloop
  endfacet
  facet normal -0.201061 0.802881 0.56121
    outer loop
      vertex 5.78597 1.79676 54.832
      vertex 7.73054 4.36848 51.8495
      vertex 5.69691 1.7725 54.8348
    endloop
  endfacet
  facet normal -0.200941 0.802864 0.561277
    outer loop
      vertex 5.69691 1.7725 54.8348
      vertex 7.73054 4.36848 51.8495
      vertex 5.60914 1.74508 54.8426
    endloop
  endfacet
  facet normal -0.201149 0.802896 0.561157
    outer loop
      vertex 5.60914 1.74508 54.8426
      vertex 7.73054 4.36848 51.8495
      vertex 5.58885 1.7379 54.8456
    endloop
  endfacet
  facet normal -0.200916 0.802852 0.561304
    outer loop
      vertex -3.68179 -10.0486 68.3861
      vertex -5.99276 -12.4874 71.0472
      vertex -5.70371 -12.5321 71.2146
    endloop
  endfacet
  facet normal -0.202155 0.803121 0.560474
    outer loop
      vertex -3.69891 -10.0363 68.3623
      vertex -5.99276 -12.4874 71.0472
      vertex -3.68179 -10.0486 68.3861
    endloop
  endfacet
  facet normal -0.200763 0.802827 0.561394
    outer loop
      vertex -3.74365 -9.9977 68.2911
      vertex -5.99276 -12.4874 71.0472
      vertex -3.69891 -10.0363 68.3623
    endloop
  endfacet
  facet normal -0.200863 0.802846 0.56133
    outer loop
      vertex -3.78314 -9.95668 68.2183
      vertex -5.99276 -12.4874 71.0472
      vertex -3.74365 -9.9977 68.2911
    endloop
  endfacet
  facet normal -0.201388 0.802942 0.561006
    outer loop
      vertex -3.8172 -9.91338 68.1441
      vertex -5.99276 -12.4874 71.0472
      vertex -3.78314 -9.95668 68.2183
    endloop
  endfacet
  facet normal -0.200852 0.802851 0.561327
    outer loop
      vertex -3.84569 -9.868 68.069
      vertex -5.99276 -12.4874 71.0472
      vertex -3.8172 -9.91338 68.1441
    endloop
  endfacet
  facet normal -0.201728 0.802989 0.560817
    outer loop
      vertex -5.99276 -12.4874 71.0472
      vertex -3.84569 -9.868 68.069
      vertex -3.85107 -9.85685 68.0511
    endloop
  endfacet
  facet normal -0.200852 0.802846 0.561335
    outer loop
      vertex 4.73477 0.505607 56.3025
      vertex -2.52024 -8.62194 66.7612
      vertex 4.77426 0.464586 56.3753
    endloop
  endfacet
  facet normal -0.201009 0.80287 0.561245
    outer loop
      vertex 4.77426 0.464586 56.3753
      vertex -2.52024 -8.62194 66.7612
      vertex 4.819 0.426015 56.4465
    endloop
  endfacet
  facet normal -0.200535 0.802797 0.561519
    outer loop
      vertex 4.819 0.426015 56.4465
      vertex -2.52024 -8.62194 66.7612
      vertex 4.83613 0.413647 56.4703
    endloop
  endfacet
  facet normal -0.201979 0.80301 0.560696
    outer loop
      vertex -2.52024 -8.62194 66.7612
      vertex 4.73477 0.505607 56.3025
      vertex -2.55142 -8.62685 66.757
    endloop
  endfacet
  facet normal -0.200641 0.802813 0.561457
    outer loop
      vertex -2.55142 -8.62685 66.757
      vertex 4.73477 0.505607 56.3025
      vertex -2.64195 -8.64451 66.7499
    endloop
  endfacet
  facet normal -0.200789 0.802836 0.561372
    outer loop
      vertex 4.70071 0.548902 56.2284
      vertex -2.64195 -8.64451 66.7499
      vertex 4.73477 0.505607 56.3025
    endloop
  endfacet
  facet normal -0.20117 0.802892 0.561155
    outer loop
      vertex -2.64195 -8.64451 66.7499
      vertex 4.70071 0.548902 56.2284
      vertex -2.73194 -8.66552 66.7477
    endloop
  endfacet
  facet normal -0.20154 0.802948 0.560942
    outer loop
      vertex 4.67222 0.594286 56.1532
      vertex -2.73194 -8.66552 66.7477
      vertex 4.70071 0.548902 56.2284
    endloop
  endfacet
  facet normal -0.201156 0.802891 0.561162
    outer loop
      vertex -2.73194 -8.66552 66.7477
      vertex 4.67222 0.594286 56.1532
      vertex -2.821 -8.68979 66.7505
    endloop
  endfacet
  facet normal -0.198647 0.802509 0.5626
    outer loop
      vertex 4.66684 0.605433 56.1354
      vertex -2.821 -8.68979 66.7505
      vertex 4.67222 0.594286 56.1532
    endloop
  endfacet
  facet normal -0.200937 0.802856 0.561289
    outer loop
      vertex -2.821 -8.68979 66.7505
      vertex 4.66684 0.605433 56.1354
      vertex -2.90877 -8.71721 66.7583
    endloop
  endfacet
  facet normal -0.201145 0.802888 0.561169
    outer loop
      vertex -2.90877 -8.71721 66.7583
      vertex 4.66684 0.605433 56.1354
      vertex -2.92906 -8.72439 66.7613
    endloop
  endfacet
  facet normal -0.681564 0.717667 0.142918
    outer loop
      vertex 11.1528 5.72126 53.2178
      vertex 10.4962 5.01656 53.6252
      vertex 10.6843 5.14583 53.8731
    endloop
  endfacet
  facet normal -0.681581 0.717659 0.142877
    outer loop
      vertex 10.4962 5.01656 53.6252
      vertex 11.1528 5.72126 53.2178
      vertex 10.9647 5.59199 52.9698
    endloop
  endfacet
  facet normal -0.681633 0.717619 0.142823
    outer loop
      vertex 10.4429 4.8494 54.2107
      vertex -3.46846 -12.1358 73.1604
      vertex -3.28037 -12.0065 73.4084
    endloop
  endfacet
  facet normal -0.681563 0.717667 0.142918
    outer loop
      vertex -3.46846 -12.1358 73.1604
      vertex 10.4429 4.8494 54.2107
      vertex 10.2548 4.72013 53.9628
    endloop
  endfacet
  facet normal -0.64235 -0.28653 -0.710835
    outer loop
      vertex 10.2865 10.3788 58.1834
      vertex 10.9581 10.6976 57.448
      vertex 10.4896 10.1222 58.1033
    endloop
  endfacet
  facet normal -0.642388 -0.286448 -0.710834
    outer loop
      vertex 10.9581 10.6976 57.448
      vertex 10.2865 10.3788 58.1834
      vertex 10.755 10.9543 57.5281
    endloop
  endfacet
  facet normal -0.642298 -0.286658 -0.710831
    outer loop
      vertex -3.67818 -6.77351 77.7187
      vertex 10.2483 9.82574 58.4409
      vertex -3.47499 -7.03016 77.6386
    endloop
  endfacet
  facet normal -0.642291 -0.286667 -0.710833
    outer loop
      vertex 10.2483 9.82574 58.4409
      vertex -3.67818 -6.77351 77.7187
      vertex 10.0451 10.0824 58.521
    endloop
  endfacet
  facet normal -0.802841 0.593878 -0.0524891
    outer loop
      vertex 11.1531 5.62436 54.6284
      vertex 11.7438 6.38725 54.225
      vertex 11.6216 6.19978 53.973
    endloop
  endfacet
  facet normal -0.802837 0.593885 -0.052472
    outer loop
      vertex 11.7438 6.38725 54.225
      vertex 11.1531 5.62436 54.6284
      vertex 11.2753 5.81182 54.8804
    endloop
  endfacet
  facet normal -0.802847 0.593871 -0.0524804
    outer loop
      vertex -2.81154 -11.528 74.1637
      vertex 11.034 5.51539 55.218
      vertex 10.9118 5.32792 54.966
    endloop
  endfacet
  facet normal -0.802846 0.593872 -0.0524781
    outer loop
      vertex 11.034 5.51539 55.218
      vertex -2.81154 -11.528 74.1637
      vertex -2.68931 -11.3405 74.4156
    endloop
  endfacet
  facet normal -0.198965 -0.661433 -0.723131
    outer loop
      vertex 8.25136 12.0998 58.2397
      vertex 8.43064 12.835 57.5179
      vertex 8.71985 12.6753 57.5844
    endloop
  endfacet
  facet normal -0.199171 -0.661377 -0.723126
    outer loop
      vertex 8.43064 12.835 57.5179
      vertex 8.25136 12.0998 58.2397
      vertex 7.96216 12.2596 58.1732
    endloop
  endfacet
  facet normal -0.199018 -0.66149 -0.723065
    outer loop
      vertex -5.71328 -5.0525 77.775
      vertex 7.72082 11.9631 58.5108
      vertex 8.01002 11.8034 58.5773
    endloop
  endfacet
  facet normal -0.199069 -0.661462 -0.723076
    outer loop
      vertex 7.72082 11.9631 58.5108
      vertex -5.71328 -5.0525 77.775
      vertex -6.00248 -4.89277 77.7085
    endloop
  endfacet
  facet normal -0.716699 0.69097 0.0943555
    outer loop
      vertex 10.6843 5.14583 53.8731
      vertex 11.3254 5.86608 53.4683
      vertex 11.1528 5.72126 53.2178
    endloop
  endfacet
  facet normal -0.716709 0.690963 0.0943283
    outer loop
      vertex 11.3254 5.86608 53.4683
      vertex 10.6843 5.14583 53.8731
      vertex 10.8569 5.29065 54.1237
    endloop
  endfacet
  facet normal -0.716605 0.691048 0.094494
    outer loop
      vertex -3.28037 -12.0065 73.4084
      vertex 10.6156 4.99422 54.4613
      vertex 10.4429 4.8494 54.2107
    endloop
  endfacet
  facet normal -0.716617 0.691038 0.0944768
    outer loop
      vertex 10.6156 4.99422 54.4613
      vertex -3.28037 -12.0065 73.4084
      vertex -3.1077 -11.8617 73.659
    endloop
  endfacet
  facet normal -0.776499 -0.0796228 -0.625068
    outer loop
      vertex 11.6172 9.62462 56.977
      vertex 11.0085 9.32211 57.7717
      vertex 11.477 9.89754 57.1164
    endloop
  endfacet
  facet normal -0.776451 -0.0798121 -0.625103
    outer loop
      vertex 11.0085 9.32211 57.7717
      vertex 11.6172 9.62462 56.977
      vertex 11.1487 9.0492 57.6324
    endloop
  endfacet
  facet normal -0.776352 -0.0799947 -0.625203
    outer loop
      vertex 10.9074 8.75277 57.97
      vertex -2.95616 -7.83023 77.307
      vertex 10.7671 9.02568 58.1093
    endloop
  endfacet
  facet normal -0.776485 -0.0797304 -0.625072
    outer loop
      vertex -2.95616 -7.83023 77.307
      vertex 10.9074 8.75277 57.97
      vertex -2.81592 -8.10314 77.1676
    endloop
  endfacet
  facet normal -0.601528 -0.335713 -0.724887
    outer loop
      vertex 10.0696 10.6286 58.2477
      vertex 10.755 10.9543 57.5281
      vertex 10.2865 10.3788 58.1834
    endloop
  endfacet
  facet normal -0.60129 -0.336176 -0.72487
    outer loop
      vertex 10.755 10.9543 57.5281
      vertex 10.0696 10.6286 58.2477
      vertex 10.538 11.204 57.5923
    endloop
  endfacet
  facet normal -0.601423 -0.33593 -0.724873
    outer loop
      vertex -3.89508 -6.52372 77.7829
      vertex 10.0451 10.0824 58.521
      vertex -3.67818 -6.77351 77.7187
    endloop
  endfacet
  facet normal -0.60159 -0.335735 -0.724826
    outer loop
      vertex 10.0451 10.0824 58.521
      vertex -3.89508 -6.52372 77.7829
      vertex 9.82822 10.3322 58.5853
    endloop
  endfacet
  facet normal -0.748604 0.661446 0.0456135
    outer loop
      vertex 10.8569 5.29065 54.1237
      vertex 11.4819 6.02581 53.7205
      vertex 11.3254 5.86608 53.4683
    endloop
  endfacet
  facet normal -0.7486 0.66145 0.0456266
    outer loop
      vertex 11.4819 6.02581 53.7205
      vertex 10.8569 5.29065 54.1237
      vertex 11.0134 5.45038 54.3758
    endloop
  endfacet
  facet normal -0.748603 0.661447 0.0456303
    outer loop
      vertex -3.1077 -11.8617 73.659
      vertex 10.7721 5.15395 54.7134
      vertex 10.6156 4.99422 54.4613
    endloop
  endfacet
  facet normal -0.748576 0.661474 0.0456748
    outer loop
      vertex 10.7721 5.15395 54.7134
      vertex -3.1077 -11.8617 73.659
      vertex -2.9512 -11.702 73.9111
    endloop
  endfacet
  facet normal -0.880502 0.335904 -0.334492
    outer loop
      vertex 11.6094 6.9216 56.0936
      vertex 12.0873 7.74682 55.6643
      vertex 12.0779 7.49703 55.4382
    endloop
  endfacet
  facet normal -0.880489 0.33585 -0.334581
    outer loop
      vertex 12.0873 7.74682 55.6643
      vertex 11.6094 6.9216 56.0936
      vertex 11.6188 7.17139 56.3196
    endloop
  endfacet
  facet normal -0.880511 0.335637 -0.334735
    outer loop
      vertex -2.35524 -10.2307 75.6288
      vertex 11.3774 6.87496 56.6572
      vertex 11.3681 6.62517 56.4312
    endloop
  endfacet
  facet normal -0.880503 0.335912 -0.334481
    outer loop
      vertex 11.3774 6.87496 56.6572
      vertex -2.35524 -10.2307 75.6288
      vertex -2.34585 -9.98095 75.8549
    endloop
  endfacet
endsolid OpenSCAD_Model
