solid OpenSCAD_Model
  facet normal 0 0.97003 -0.242985
    outer loop
      vertex 0 9.09093 6.7423
      vertex -8 9.31746 7.64664
      vertex 0 9.31746 7.64664
    endloop
  endfacet
  facet normal 0 0.97003 -0.242985
    outer loop
      vertex -8 9.31746 7.64664
      vertex 0 9.09093 6.7423
      vertex -8 9.09093 6.7423
    endloop
  endfacet
  facet normal 0 1 -0
    outer loop
      vertex 0 9.5 9.5
      vertex -8 9.5 29.5
      vertex 0 9.5 29.5
    endloop
  endfacet
  facet normal 0 1 0
    outer loop
      vertex -8 9.5 29.5
      vertex 0 9.5 9.5
      vertex -8 9.5 9.5
    endloop
  endfacet
  facet normal 0 0.970028 0.242995
    outer loop
      vertex 0 9.31746 31.3534
      vertex -8 9.09093 32.2577
      vertex 0 9.09093 32.2577
    endloop
  endfacet
  facet normal 0 0.970028 0.242995
    outer loop
      vertex -8 9.09093 32.2577
      vertex 0 9.31746 31.3534
      vertex -8 9.31746 31.3534
    endloop
  endfacet
  facet normal -0 0.595725 0.803188
    outer loop
      vertex -8 6.02674 36.8436
      vertex 0 5.27792 37.399
      vertex 0 6.02674 36.8436
    endloop
  endfacet
  facet normal 0 0.595725 0.803188
    outer loop
      vertex 0 5.27792 37.399
      vertex -8 6.02674 36.8436
      vertex -8 5.27792 37.399
    endloop
  endfacet
  facet normal 0 0.514101 -0.857729
    outer loop
      vertex -8 4.47827 1.12175
      vertex 0 5.27792 1.60104
      vertex 0 4.47827 1.12175
    endloop
  endfacet
  facet normal 0 0.514101 -0.857729
    outer loop
      vertex 0 5.27792 1.60104
      vertex -8 4.47827 1.12175
      vertex -8 5.27792 1.60104
    endloop
  endfacet
  facet normal 0 0.671566 -0.740944
    outer loop
      vertex -8 6.02674 2.1564
      vertex 0 6.71751 2.78249
      vertex 0 6.02674 2.1564
    endloop
  endfacet
  facet normal 0 0.671566 -0.740944
    outer loop
      vertex 0 6.71751 2.78249
      vertex -8 6.02674 2.1564
      vertex -8 6.71751 2.78249
    endloop
  endfacet
  facet normal 0 0.998795 -0.0490731
    outer loop
      vertex 0 9.45425 8.56884
      vertex -8 9.5 9.5
      vertex 0 9.5 9.5
    endloop
  endfacet
  facet normal 0 0.998795 -0.0490731
    outer loop
      vertex -8 9.5 9.5
      vertex 0 9.45425 8.56884
      vertex -8 9.45425 8.56884
    endloop
  endfacet
  facet normal 0 0.803201 0.595708
    outer loop
      vertex 0 7.89896 34.7779
      vertex -8 7.3436 35.5267
      vertex 0 7.3436 35.5267
    endloop
  endfacet
  facet normal 0 0.803201 0.595708
    outer loop
      vertex -8 7.3436 35.5267
      vertex 0 7.89896 34.7779
      vertex -8 7.89896 34.7779
    endloop
  endfacet
  facet normal -0 0.514109 0.857725
    outer loop
      vertex -8 5.27792 37.399
      vertex 0 4.47827 37.8783
      vertex 0 5.27792 37.399
    endloop
  endfacet
  facet normal 0 0.514109 0.857725
    outer loop
      vertex 0 4.47827 37.8783
      vertex -8 5.27792 37.399
      vertex -8 4.47827 37.8783
    endloop
  endfacet
  facet normal 0 0.740959 0.67155
    outer loop
      vertex 0 7.3436 35.5267
      vertex -8 6.71751 36.2175
      vertex 0 6.71751 36.2175
    endloop
  endfacet
  facet normal 0 0.740959 0.67155
    outer loop
      vertex -8 6.71751 36.2175
      vertex 0 7.3436 35.5267
      vertex -8 7.3436 35.5267
    endloop
  endfacet
  facet normal -0 0.0490195 0.998798
    outer loop
      vertex -8 0.931162 38.9543
      vertex 0 0 39
      vertex 0 0.931162 38.9543
    endloop
  endfacet
  facet normal 0 0.0490195 0.998798
    outer loop
      vertex 0 0 39
      vertex -8 0.931162 38.9543
      vertex -8 0 39
    endloop
  endfacet
  facet normal 0 0.740944 -0.671566
    outer loop
      vertex 0 6.71751 2.78249
      vertex -8 7.3436 3.47326
      vertex 0 7.3436 3.47326
    endloop
  endfacet
  facet normal 0 0.740944 -0.671566
    outer loop
      vertex -8 7.3436 3.47326
      vertex 0 6.71751 2.78249
      vertex -8 6.71751 2.78249
    endloop
  endfacet
  facet normal 0 0.989177 -0.146725
    outer loop
      vertex 0 9.31746 7.64664
      vertex -8 9.45425 8.56884
      vertex 0 9.45425 8.56884
    endloop
  endfacet
  facet normal 0 0.989177 -0.146725
    outer loop
      vertex -8 9.45425 8.56884
      vertex 0 9.31746 7.64664
      vertex -8 9.31746 7.64664
    endloop
  endfacet
  facet normal 0 0.941547 -0.336882
    outer loop
      vertex 0 8.77686 5.86451
      vertex -8 9.09093 6.7423
      vertex 0 9.09093 6.7423
    endloop
  endfacet
  facet normal 0 0.941547 -0.336882
    outer loop
      vertex -8 9.09093 6.7423
      vertex 0 8.77686 5.86451
      vertex -8 8.77686 5.86451
    endloop
  endfacet
  facet normal 0 0.903987 -0.427559
    outer loop
      vertex 0 8.37825 5.02173
      vertex -8 8.77686 5.86451
      vertex 0 8.77686 5.86451
    endloop
  endfacet
  facet normal 0 0.903987 -0.427559
    outer loop
      vertex -8 8.77686 5.86451
      vertex 0 8.37825 5.02173
      vertex -8 8.37825 5.02173
    endloop
  endfacet
  facet normal 0 0.989177 0.146725
    outer loop
      vertex 0 9.45425 30.4312
      vertex -8 9.31746 31.3534
      vertex 0 9.31746 31.3534
    endloop
  endfacet
  facet normal 0 0.989177 0.146725
    outer loop
      vertex -8 9.31746 31.3534
      vertex 0 9.45425 30.4312
      vertex -8 9.45425 30.4312
    endloop
  endfacet
  facet normal -0 0.146736 0.989176
    outer loop
      vertex -8 1.85336 38.8175
      vertex 0 0.931162 38.9543
      vertex 0 1.85336 38.8175
    endloop
  endfacet
  facet normal 0 0.146736 0.989176
    outer loop
      vertex 0 0.931162 38.9543
      vertex -8 1.85336 38.8175
      vertex -8 0.931162 38.9543
    endloop
  endfacet
  facet normal 0 0.903991 0.427551
    outer loop
      vertex 0 8.77686 33.1355
      vertex -8 8.37825 33.9783
      vertex 0 8.37825 33.9783
    endloop
  endfacet
  facet normal 0 0.903991 0.427551
    outer loop
      vertex -8 8.37825 33.9783
      vertex 0 8.77686 33.1355
      vertex -8 8.77686 33.1355
    endloop
  endfacet
  facet normal -0 0.671572 0.740939
    outer loop
      vertex -8 6.71751 36.2175
      vertex 0 6.02674 36.8436
      vertex 0 6.71751 36.2175
    endloop
  endfacet
  facet normal 0 0.671572 0.740939
    outer loop
      vertex 0 6.02674 36.8436
      vertex -8 6.71751 36.2175
      vertex -8 6.02674 36.8436
    endloop
  endfacet
  facet normal 0 0.857715 0.514125
    outer loop
      vertex 0 8.37825 33.9783
      vertex -8 7.89896 34.7779
      vertex 0 7.89896 34.7779
    endloop
  endfacet
  facet normal 0 0.857715 0.514125
    outer loop
      vertex -8 7.89896 34.7779
      vertex 0 8.37825 33.9783
      vertex -8 8.37825 33.9783
    endloop
  endfacet
  facet normal 0 0.941548 0.336879
    outer loop
      vertex 0 9.09093 32.2577
      vertex -8 8.77686 33.1355
      vertex 0 8.77686 33.1355
    endloop
  endfacet
  facet normal 0 0.941548 0.336879
    outer loop
      vertex -8 8.77686 33.1355
      vertex 0 9.09093 32.2577
      vertex -8 9.09093 32.2577
    endloop
  endfacet
  facet normal 0 0.595697 -0.803209
    outer loop
      vertex -8 5.27792 1.60104
      vertex 0 6.02674 2.1564
      vertex 0 5.27792 1.60104
    endloop
  endfacet
  facet normal 0 0.595697 -0.803209
    outer loop
      vertex 0 6.02674 2.1564
      vertex -8 5.27792 1.60104
      vertex -8 6.02674 2.1564
    endloop
  endfacet
  facet normal 0 0.33689 -0.941544
    outer loop
      vertex -8 2.7577 0.409067
      vertex 0 3.63549 0.723145
      vertex 0 2.7577 0.409067
    endloop
  endfacet
  facet normal 0 0.33689 -0.941544
    outer loop
      vertex 0 3.63549 0.723145
      vertex -8 2.7577 0.409067
      vertex -8 3.63549 0.723145
    endloop
  endfacet
  facet normal 0 0.242982 -0.970031
    outer loop
      vertex -8 1.85336 0.18254
      vertex 0 2.7577 0.409067
      vertex 0 1.85336 0.18254
    endloop
  endfacet
  facet normal 0 0.242982 -0.970031
    outer loop
      vertex 0 2.7577 0.409067
      vertex -8 1.85336 0.18254
      vertex -8 2.7577 0.409067
    endloop
  endfacet
  facet normal -0 0.42755 0.903991
    outer loop
      vertex -8 4.47827 37.8783
      vertex 0 3.63549 38.2769
      vertex 0 4.47827 37.8783
    endloop
  endfacet
  facet normal 0 0.42755 0.903991
    outer loop
      vertex 0 3.63549 38.2769
      vertex -8 4.47827 37.8783
      vertex -8 3.63549 38.2769
    endloop
  endfacet
  facet normal 0 0.146729 -0.989177
    outer loop
      vertex -8 0.931162 0.0457458
      vertex 0 1.85336 0.18254
      vertex 0 0.931162 0.0457458
    endloop
  endfacet
  facet normal 0 0.146729 -0.989177
    outer loop
      vertex 0 1.85336 0.18254
      vertex -8 0.931162 0.0457458
      vertex -8 1.85336 0.18254
    endloop
  endfacet
  facet normal 0 0.0490685 -0.998795
    outer loop
      vertex -8 0 0
      vertex 0 0.931162 0.0457458
      vertex 0 0 0
    endloop
  endfacet
  facet normal 0 0.0490685 -0.998795
    outer loop
      vertex 0 0.931162 0.0457458
      vertex -8 0 0
      vertex -8 0.931162 0.0457458
    endloop
  endfacet
  facet normal 0 0.998795 0.049071
    outer loop
      vertex 0 9.5 29.5
      vertex -8 9.45425 30.4312
      vertex 0 9.45425 30.4312
    endloop
  endfacet
  facet normal 0 0.998795 0.049071
    outer loop
      vertex -8 9.45425 30.4312
      vertex 0 9.5 29.5
      vertex -8 9.5 29.5
    endloop
  endfacet
  facet normal 0 0.803209 -0.595697
    outer loop
      vertex 0 7.3436 3.47326
      vertex -8 7.89896 4.22208
      vertex 0 7.89896 4.22208
    endloop
  endfacet
  facet normal 0 0.803209 -0.595697
    outer loop
      vertex -8 7.89896 4.22208
      vertex 0 7.3436 3.47326
      vertex -8 7.3436 3.47326
    endloop
  endfacet
  facet normal -0 0.336815 0.941571
    outer loop
      vertex -8 3.63549 38.2769
      vertex 0 2.7577 38.5909
      vertex 0 3.63549 38.2769
    endloop
  endfacet
  facet normal 0 0.336815 0.941571
    outer loop
      vertex 0 2.7577 38.5909
      vertex -8 3.63549 38.2769
      vertex -8 2.7577 38.5909
    endloop
  endfacet
  facet normal 0 0.857729 -0.514101
    outer loop
      vertex 0 7.89896 4.22208
      vertex -8 8.37825 5.02173
      vertex 0 8.37825 5.02173
    endloop
  endfacet
  facet normal 0 0.857729 -0.514101
    outer loop
      vertex -8 8.37825 5.02173
      vertex 0 7.89896 4.22208
      vertex -8 7.89896 4.22208
    endloop
  endfacet
  facet normal 0 0.427555 -0.903989
    outer loop
      vertex -8 3.63549 0.723145
      vertex 0 4.47827 1.12175
      vertex 0 3.63549 0.723145
    endloop
  endfacet
  facet normal 0 0.427555 -0.903989
    outer loop
      vertex 0 4.47827 1.12175
      vertex -8 3.63549 0.723145
      vertex -8 4.47827 1.12175
    endloop
  endfacet
  facet normal -0 0.243055 0.970012
    outer loop
      vertex -8 2.7577 38.5909
      vertex 0 1.85336 38.8175
      vertex 0 2.7577 38.5909
    endloop
  endfacet
  facet normal 0 0.243055 0.970012
    outer loop
      vertex 0 1.85336 38.8175
      vertex -8 2.7577 38.5909
      vertex -8 1.85336 38.8175
    endloop
  endfacet
  facet normal -1 0 0
    outer loop
      vertex -8 0 0
      vertex -8 9.5 9.5
      vertex -8 9.45425 8.56884
    endloop
  endfacet
  facet normal -1 -0 0
    outer loop
      vertex -8 9.5 9.5
      vertex -8 0 0
      vertex -8 9.5 29.5
    endloop
  endfacet
  facet normal -1 0 0
    outer loop
      vertex -8 0 0
      vertex -8 9.45425 8.56884
      vertex -8 9.31746 7.64664
    endloop
  endfacet
  facet normal -1 0 0
    outer loop
      vertex -8 0 39
      vertex -8 9.5 29.5
      vertex -8 0 0
    endloop
  endfacet
  facet normal -1 0 0
    outer loop
      vertex -8 0 0
      vertex -8 9.31746 7.64664
      vertex -8 9.09093 6.7423
    endloop
  endfacet
  facet normal -1 0 0
    outer loop
      vertex -8 9.5 29.5
      vertex -8 0 39
      vertex -8 9.45425 30.4312
    endloop
  endfacet
  facet normal -1 0 0
    outer loop
      vertex -8 0 0
      vertex -8 9.09093 6.7423
      vertex -8 8.77686 5.86451
    endloop
  endfacet
  facet normal -1 0 0
    outer loop
      vertex -8 9.45425 30.4312
      vertex -8 0 39
      vertex -8 9.31746 31.3534
    endloop
  endfacet
  facet normal -1 0 0
    outer loop
      vertex -8 0 0
      vertex -8 8.77686 5.86451
      vertex -8 8.37825 5.02173
    endloop
  endfacet
  facet normal -1 0 0
    outer loop
      vertex -8 9.31746 31.3534
      vertex -8 0 39
      vertex -8 9.09093 32.2577
    endloop
  endfacet
  facet normal -1 0 0
    outer loop
      vertex -8 0 0
      vertex -8 8.37825 5.02173
      vertex -8 7.89896 4.22208
    endloop
  endfacet
  facet normal -1 0 0
    outer loop
      vertex -8 9.09093 32.2577
      vertex -8 0 39
      vertex -8 8.77686 33.1355
    endloop
  endfacet
  facet normal -1 0 0
    outer loop
      vertex -8 0 0
      vertex -8 7.89896 4.22208
      vertex -8 7.3436 3.47326
    endloop
  endfacet
  facet normal -1 0 0
    outer loop
      vertex -8 8.77686 33.1355
      vertex -8 0 39
      vertex -8 8.37825 33.9783
    endloop
  endfacet
  facet normal -1 0 0
    outer loop
      vertex -8 0 0
      vertex -8 7.3436 3.47326
      vertex -8 6.71751 2.78249
    endloop
  endfacet
  facet normal -1 0 0
    outer loop
      vertex -8 8.37825 33.9783
      vertex -8 0 39
      vertex -8 7.89896 34.7779
    endloop
  endfacet
  facet normal -1 0 0
    outer loop
      vertex -8 0 0
      vertex -8 6.71751 2.78249
      vertex -8 6.02674 2.1564
    endloop
  endfacet
  facet normal -1 0 0
    outer loop
      vertex -8 7.89896 34.7779
      vertex -8 0 39
      vertex -8 7.3436 35.5267
    endloop
  endfacet
  facet normal -1 0 0
    outer loop
      vertex -8 0 0
      vertex -8 6.02674 2.1564
      vertex -8 5.27792 1.60104
    endloop
  endfacet
  facet normal -1 0 0
    outer loop
      vertex -8 7.3436 35.5267
      vertex -8 0 39
      vertex -8 6.71751 36.2175
    endloop
  endfacet
  facet normal -1 0 0
    outer loop
      vertex -8 0 0
      vertex -8 5.27792 1.60104
      vertex -8 4.47827 1.12175
    endloop
  endfacet
  facet normal -1 0 0
    outer loop
      vertex -8 6.71751 36.2175
      vertex -8 0 39
      vertex -8 6.02674 36.8436
    endloop
  endfacet
  facet normal -1 0 0
    outer loop
      vertex -8 0 0
      vertex -8 4.47827 1.12175
      vertex -8 3.63549 0.723145
    endloop
  endfacet
  facet normal -1 0 0
    outer loop
      vertex -8 6.02674 36.8436
      vertex -8 0 39
      vertex -8 5.27792 37.399
    endloop
  endfacet
  facet normal -1 0 0
    outer loop
      vertex -8 0 0
      vertex -8 3.63549 0.723145
      vertex -8 2.7577 0.409067
    endloop
  endfacet
  facet normal -1 0 0
    outer loop
      vertex -8 5.27792 37.399
      vertex -8 0 39
      vertex -8 4.47827 37.8783
    endloop
  endfacet
  facet normal -1 0 0
    outer loop
      vertex -8 0 0
      vertex -8 2.7577 0.409067
      vertex -8 1.85336 0.18254
    endloop
  endfacet
  facet normal -1 0 0
    outer loop
      vertex -8 4.47827 37.8783
      vertex -8 0 39
      vertex -8 3.63549 38.2769
    endloop
  endfacet
  facet normal -1 0 0
    outer loop
      vertex -8 0 0
      vertex -8 1.85336 0.18254
      vertex -8 0.931162 0.0457458
    endloop
  endfacet
  facet normal -1 0 0
    outer loop
      vertex -8 3.63549 38.2769
      vertex -8 0 39
      vertex -8 2.7577 38.5909
    endloop
  endfacet
  facet normal -1 0 0
    outer loop
      vertex -8 2.7577 38.5909
      vertex -8 0 39
      vertex -8 1.85336 38.8175
    endloop
  endfacet
  facet normal -1 0 0
    outer loop
      vertex -8 1.85336 38.8175
      vertex -8 0 39
      vertex -8 0.931162 38.9543
    endloop
  endfacet
  facet normal -1 0 0
    outer loop
      vertex -8 -24.7 0
      vertex -8 0 39
      vertex -8 0 0
    endloop
  endfacet
  facet normal -1 -0 0
    outer loop
      vertex -8 0 39
      vertex -8 -24.7 0
      vertex -8 -24.7 39
    endloop
  endfacet
  facet normal 1 0 0
    outer loop
      vertex 0 4.85647 28.0268
      vertex 0 9.5 29.5
      vertex 0 4.97748 28.5099
    endloop
  endfacet
  facet normal 1 0 0
    outer loop
      vertex 0 9.5 9.5
      vertex 0 5.05056 9.99744
      vertex 0 5.075 9.5
    endloop
  endfacet
  facet normal 1 0 0
    outer loop
      vertex 0 4.68869 27.5579
      vertex 0 9.5 29.5
      vertex 0 4.85647 28.0268
    endloop
  endfacet
  facet normal 1 0 0
    outer loop
      vertex 0 9.5 9.5
      vertex 0 4.97748 10.4901
      vertex 0 5.05056 9.99744
    endloop
  endfacet
  facet normal 1 0 0
    outer loop
      vertex 0 4.47575 27.1077
      vertex 0 9.5 29.5
      vertex 0 4.68869 27.5579
    endloop
  endfacet
  facet normal 1 0 0
    outer loop
      vertex 0 9.5 9.5
      vertex 0 4.85647 10.9732
      vertex 0 4.97748 10.4901
    endloop
  endfacet
  facet normal 1 0 0
    outer loop
      vertex 0 4.21971 26.6805
      vertex 0 9.5 29.5
      vertex 0 4.47575 27.1077
    endloop
  endfacet
  facet normal 1 0 0
    outer loop
      vertex 0 9.5 9.5
      vertex 0 4.68869 11.4421
      vertex 0 4.85647 10.9732
    endloop
  endfacet
  facet normal 1 0 0
    outer loop
      vertex 0 3.92303 26.2805
      vertex 0 9.5 29.5
      vertex 0 4.21971 26.6805
    endloop
  endfacet
  facet normal 1 0 0
    outer loop
      vertex 0 9.5 9.5
      vertex 0 4.47575 11.8923
      vertex 0 4.68869 11.4421
    endloop
  endfacet
  facet normal 1 0 0
    outer loop
      vertex 0 9.5 29.5
      vertex 0 3.92303 26.2805
      vertex 0 9.5 9.5
    endloop
  endfacet
  facet normal 1 0 0
    outer loop
      vertex 0 9.5 9.5
      vertex 0 4.21971 12.3195
      vertex 0 4.47575 11.8923
    endloop
  endfacet
  facet normal 1 -0 0
    outer loop
      vertex 0 3.92303 12.7195
      vertex 0 9.5 9.5
      vertex 0 3.92303 26.2805
    endloop
  endfacet
  facet normal 1 0 0
    outer loop
      vertex 0 9.5 9.5
      vertex 0 3.92303 12.7195
      vertex 0 4.21971 12.3195
    endloop
  endfacet
  facet normal 1 -0 0
    outer loop
      vertex 0 3.58857 25.9114
      vertex 0 3.92303 12.7195
      vertex 0 3.92303 26.2805
    endloop
  endfacet
  facet normal 1 0 0
    outer loop
      vertex 0 3.58857 25.9114
      vertex 0 3.58857 13.0886
      vertex 0 3.92303 12.7195
    endloop
  endfacet
  facet normal 1 -0 0
    outer loop
      vertex 0 3.21955 25.577
      vertex 0 3.58857 13.0886
      vertex 0 3.58857 25.9114
    endloop
  endfacet
  facet normal 1 0 0
    outer loop
      vertex 0 3.21955 25.577
      vertex 0 3.21955 13.423
      vertex 0 3.58857 13.0886
    endloop
  endfacet
  facet normal 1 -0 0
    outer loop
      vertex 0 2.81952 25.2803
      vertex 0 3.21955 13.423
      vertex 0 3.21955 25.577
    endloop
  endfacet
  facet normal 1 0 0
    outer loop
      vertex 0 2.81952 25.2803
      vertex 0 2.81952 13.7197
      vertex 0 3.21955 13.423
    endloop
  endfacet
  facet normal 1 -0 0
    outer loop
      vertex 0 2.39234 25.0243
      vertex 0 2.81952 13.7197
      vertex 0 2.81952 25.2803
    endloop
  endfacet
  facet normal 1 0 0
    outer loop
      vertex 0 2.39234 25.0243
      vertex 0 2.39234 13.9757
      vertex 0 2.81952 13.7197
    endloop
  endfacet
  facet normal 1 -0 0
    outer loop
      vertex 0 1.94212 24.8113
      vertex 0 2.39234 13.9757
      vertex 0 2.39234 25.0243
    endloop
  endfacet
  facet normal 1 0 0
    outer loop
      vertex 0 1.94212 24.8113
      vertex 0 1.94212 14.1887
      vertex 0 2.39234 13.9757
    endloop
  endfacet
  facet normal 1 -0 0
    outer loop
      vertex 0 1.47319 24.6435
      vertex 0 1.94212 14.1887
      vertex 0 1.94212 24.8113
    endloop
  endfacet
  facet normal 1 0 0
    outer loop
      vertex 0 1.47319 24.6435
      vertex 0 1.47319 14.3565
      vertex 0 1.94212 14.1887
    endloop
  endfacet
  facet normal 1 -0 0
    outer loop
      vertex 0 0.990083 24.5225
      vertex 0 1.47319 14.3565
      vertex 0 1.47319 24.6435
    endloop
  endfacet
  facet normal 1 0 0
    outer loop
      vertex 0 0.990083 24.5225
      vertex 0 0.990083 14.4775
      vertex 0 1.47319 14.3565
    endloop
  endfacet
  facet normal 1 -0 0
    outer loop
      vertex 0 0.497437 24.4494
      vertex 0 0.990083 14.4775
      vertex 0 0.990083 24.5225
    endloop
  endfacet
  facet normal 1 0 0
    outer loop
      vertex 0 0.497437 24.4494
      vertex 0 0.497437 14.5506
      vertex 0 0.990083 14.4775
    endloop
  endfacet
  facet normal 1 -0 0
    outer loop
      vertex 0 0 24.425
      vertex 0 0.497437 14.5506
      vertex 0 0.497437 24.4494
    endloop
  endfacet
  facet normal 1 0 0
    outer loop
      vertex 0 0 24.425
      vertex 0 0 14.575
      vertex 0 0.497437 14.5506
    endloop
  endfacet
  facet normal 1 0 0
    outer loop
      vertex 0 -0.497437 24.4494
      vertex 0 0 14.575
      vertex 0 0 24.425
    endloop
  endfacet
  facet normal 1 0 0
    outer loop
      vertex 0 -0.497437 24.4494
      vertex 0 -0.497437 14.5506
      vertex 0 0 14.575
    endloop
  endfacet
  facet normal 1 0 0
    outer loop
      vertex 0 -0.990083 24.5225
      vertex 0 -0.497437 14.5506
      vertex 0 -0.497437 24.4494
    endloop
  endfacet
  facet normal 1 0 0
    outer loop
      vertex 0 -0.990083 24.5225
      vertex 0 -0.990083 14.4775
      vertex 0 -0.497437 14.5506
    endloop
  endfacet
  facet normal 1 0 0
    outer loop
      vertex 0 -1.47319 24.6435
      vertex 0 -0.990083 14.4775
      vertex 0 -0.990083 24.5225
    endloop
  endfacet
  facet normal 1 0 0
    outer loop
      vertex 0 -1.47319 24.6435
      vertex 0 -1.47319 14.3565
      vertex 0 -0.990083 14.4775
    endloop
  endfacet
  facet normal 1 0 0
    outer loop
      vertex 0 -1.94212 24.8113
      vertex 0 -1.47319 14.3565
      vertex 0 -1.47319 24.6435
    endloop
  endfacet
  facet normal 1 0 0
    outer loop
      vertex 0 -1.94212 24.8113
      vertex 0 -1.94212 14.1887
      vertex 0 -1.47319 14.3565
    endloop
  endfacet
  facet normal 1 0 0
    outer loop
      vertex 0 -2.39234 25.0243
      vertex 0 -1.94212 14.1887
      vertex 0 -1.94212 24.8113
    endloop
  endfacet
  facet normal 1 0 0
    outer loop
      vertex 0 -2.39234 25.0243
      vertex 0 -2.39234 13.9757
      vertex 0 -1.94212 14.1887
    endloop
  endfacet
  facet normal 1 0 0
    outer loop
      vertex 0 -2.81952 25.2803
      vertex 0 -2.39234 13.9757
      vertex 0 -2.39234 25.0243
    endloop
  endfacet
  facet normal 1 0 0
    outer loop
      vertex 0 -2.81952 25.2803
      vertex 0 -2.81952 13.7197
      vertex 0 -2.39234 13.9757
    endloop
  endfacet
  facet normal 1 0 0
    outer loop
      vertex 0 -3.21955 25.577
      vertex 0 -2.81952 13.7197
      vertex 0 -2.81952 25.2803
    endloop
  endfacet
  facet normal 1 0 0
    outer loop
      vertex 0 -3.21955 25.577
      vertex 0 -3.21955 13.423
      vertex 0 -2.81952 13.7197
    endloop
  endfacet
  facet normal 1 0 0
    outer loop
      vertex 0 -3.58857 25.9114
      vertex 0 -3.21955 13.423
      vertex 0 -3.21955 25.577
    endloop
  endfacet
  facet normal 1 0 0
    outer loop
      vertex 0 -3.58857 25.9114
      vertex 0 -3.58857 13.0886
      vertex 0 -3.21955 13.423
    endloop
  endfacet
  facet normal 1 0 0
    outer loop
      vertex 0 -3.92303 26.2805
      vertex 0 -3.58857 13.0886
      vertex 0 -3.58857 25.9114
    endloop
  endfacet
  facet normal 1 0 0
    outer loop
      vertex 0 -3.92303 26.2805
      vertex 0 -3.92303 12.7195
      vertex 0 -3.58857 13.0886
    endloop
  endfacet
  facet normal 1 0 0
    outer loop
      vertex 0 -4.21971 26.6805
      vertex 0 -3.92303 12.7195
      vertex 0 -3.92303 26.2805
    endloop
  endfacet
  facet normal 1 0 0
    outer loop
      vertex 0 -4.21971 26.6805
      vertex 0 -4.21971 12.3195
      vertex 0 -3.92303 12.7195
    endloop
  endfacet
  facet normal 1 0 0
    outer loop
      vertex 0 -4.47575 27.1077
      vertex 0 -4.21971 12.3195
      vertex 0 -4.21971 26.6805
    endloop
  endfacet
  facet normal 1 0 0
    outer loop
      vertex 0 -4.47575 27.1077
      vertex 0 -4.47575 11.8923
      vertex 0 -4.21971 12.3195
    endloop
  endfacet
  facet normal 1 0 0
    outer loop
      vertex 0 -4.68869 27.5579
      vertex 0 -4.47575 11.8923
      vertex 0 -4.47575 27.1077
    endloop
  endfacet
  facet normal 1 0 0
    outer loop
      vertex 0 -4.68869 27.5579
      vertex 0 -4.68869 11.4421
      vertex 0 -4.47575 11.8923
    endloop
  endfacet
  facet normal 1 0 0
    outer loop
      vertex 0 -4.85647 28.0268
      vertex 0 -4.68869 11.4421
      vertex 0 -4.68869 27.5579
    endloop
  endfacet
  facet normal 1 0 0
    outer loop
      vertex 0 -4.85647 28.0268
      vertex 0 -4.85647 10.9732
      vertex 0 -4.68869 11.4421
    endloop
  endfacet
  facet normal 1 0 0
    outer loop
      vertex 0 -10 39
      vertex 0 -4.85647 28.0268
      vertex 0 -4.97748 28.5099
    endloop
  endfacet
  facet normal 1 0 0
    outer loop
      vertex 0 -4.85647 28.0268
      vertex 0 -10 39
      vertex 0 -4.85647 10.9732
    endloop
  endfacet
  facet normal 1 0 0
    outer loop
      vertex 0 -10 39
      vertex 0 -4.97748 28.5099
      vertex 0 -5.05056 29.0026
    endloop
  endfacet
  facet normal 1 0 0
    outer loop
      vertex 0 -10 0
      vertex 0 -4.85647 10.9732
      vertex 0 -10 39
    endloop
  endfacet
  facet normal 1 0 0
    outer loop
      vertex 0 -10 39
      vertex 0 -5.05056 29.0026
      vertex 0 -5.075 29.5
    endloop
  endfacet
  facet normal 1 0 0
    outer loop
      vertex 0 -4.85647 10.9732
      vertex 0 -10 0
      vertex 0 -4.97748 10.4901
    endloop
  endfacet
  facet normal 1 0 0
    outer loop
      vertex 0 5.075 29.5
      vertex 0 9.5 29.5
      vertex 0 9.45425 30.4312
    endloop
  endfacet
  facet normal 1 0 0
    outer loop
      vertex 0 5.05056 29.0026
      vertex 0 9.5 29.5
      vertex 0 5.075 29.5
    endloop
  endfacet
  facet normal 1 0 0
    outer loop
      vertex 0 5.05056 29.9974
      vertex 0 9.45425 30.4312
      vertex 0 9.31746 31.3534
    endloop
  endfacet
  facet normal 1 0 0
    outer loop
      vertex 0 4.97748 28.5099
      vertex 0 9.5 29.5
      vertex 0 5.05056 29.0026
    endloop
  endfacet
  facet normal 1 0 0
    outer loop
      vertex 0 4.97748 30.4901
      vertex 0 9.31746 31.3534
      vertex 0 9.09093 32.2577
    endloop
  endfacet
  facet normal 1 0 0
    outer loop
      vertex 0 9.5 9.5
      vertex 0 5.075 9.5
      vertex 0 9.45425 8.56884
    endloop
  endfacet
  facet normal 1 0 0
    outer loop
      vertex 0 4.85647 30.9732
      vertex 0 9.09093 32.2577
      vertex 0 8.77686 33.1355
    endloop
  endfacet
  facet normal 1 -0 0
    outer loop
      vertex 0 5.05056 9.00256
      vertex 0 9.45425 8.56884
      vertex 0 5.075 9.5
    endloop
  endfacet
  facet normal 1 0 0
    outer loop
      vertex 0 4.68869 31.4421
      vertex 0 8.77686 33.1355
      vertex 0 8.37825 33.9783
    endloop
  endfacet
  facet normal 1 0 0
    outer loop
      vertex 0 9.45425 8.56884
      vertex 0 5.05056 9.00256
      vertex 0 9.31746 7.64664
    endloop
  endfacet
  facet normal 1 0 0
    outer loop
      vertex 0 4.47575 31.8923
      vertex 0 8.37825 33.9783
      vertex 0 7.89896 34.7779
    endloop
  endfacet
  facet normal 1 -0 0
    outer loop
      vertex 0 4.97748 8.50992
      vertex 0 9.31746 7.64664
      vertex 0 5.05056 9.00256
    endloop
  endfacet
  facet normal 1 0 0
    outer loop
      vertex 0 4.21971 32.3195
      vertex 0 7.89896 34.7779
      vertex 0 7.3436 35.5267
    endloop
  endfacet
  facet normal 1 0 0
    outer loop
      vertex 0 9.31746 7.64664
      vertex 0 4.97748 8.50992
      vertex 0 9.09093 6.7423
    endloop
  endfacet
  facet normal 1 0 0
    outer loop
      vertex 0 3.92303 32.7195
      vertex 0 7.3436 35.5267
      vertex 0 6.71751 36.2175
    endloop
  endfacet
  facet normal 1 -0 0
    outer loop
      vertex 0 4.85647 8.02681
      vertex 0 9.09093 6.7423
      vertex 0 4.97748 8.50992
    endloop
  endfacet
  facet normal 1 0 0
    outer loop
      vertex 0 3.58857 33.0886
      vertex 0 6.71751 36.2175
      vertex 0 6.02674 36.8436
    endloop
  endfacet
  facet normal 1 0 0
    outer loop
      vertex 0 9.09093 6.7423
      vertex 0 4.85647 8.02681
      vertex 0 8.77686 5.86451
    endloop
  endfacet
  facet normal 1 0 0
    outer loop
      vertex 0 3.21955 33.423
      vertex 0 6.02674 36.8436
      vertex 0 5.27792 37.399
    endloop
  endfacet
  facet normal 1 -0 0
    outer loop
      vertex 0 4.68869 7.55788
      vertex 0 8.77686 5.86451
      vertex 0 4.85647 8.02681
    endloop
  endfacet
  facet normal 1 0 0
    outer loop
      vertex 0 8.77686 5.86451
      vertex 0 4.68869 7.55788
      vertex 0 8.37825 5.02173
    endloop
  endfacet
  facet normal 1 0 0
    outer loop
      vertex 0 9.45425 30.4312
      vertex 0 5.05056 29.9974
      vertex 0 5.075 29.5
    endloop
  endfacet
  facet normal 1 0 0
    outer loop
      vertex 0 9.31746 31.3534
      vertex 0 4.97748 30.4901
      vertex 0 5.05056 29.9974
    endloop
  endfacet
  facet normal 1 0 0
    outer loop
      vertex 0 9.09093 32.2577
      vertex 0 4.85647 30.9732
      vertex 0 4.97748 30.4901
    endloop
  endfacet
  facet normal 1 0 0
    outer loop
      vertex 0 8.77686 33.1355
      vertex 0 4.68869 31.4421
      vertex 0 4.85647 30.9732
    endloop
  endfacet
  facet normal 1 0 0
    outer loop
      vertex 0 2.81952 33.7197
      vertex 0 5.27792 37.399
      vertex 0 4.47827 37.8783
    endloop
  endfacet
  facet normal 1 0 0
    outer loop
      vertex 0 8.37825 33.9783
      vertex 0 4.47575 31.8923
      vertex 0 4.68869 31.4421
    endloop
  endfacet
  facet normal 1 0 0
    outer loop
      vertex 0 7.89896 34.7779
      vertex 0 4.21971 32.3195
      vertex 0 4.47575 31.8923
    endloop
  endfacet
  facet normal 1 0 0
    outer loop
      vertex 0 7.3436 35.5267
      vertex 0 3.92303 32.7195
      vertex 0 4.21971 32.3195
    endloop
  endfacet
  facet normal 1 0 0
    outer loop
      vertex 0 2.39234 33.9757
      vertex 0 4.47827 37.8783
      vertex 0 3.63549 38.2769
    endloop
  endfacet
  facet normal 1 0 0
    outer loop
      vertex 0 6.71751 36.2175
      vertex 0 3.58857 33.0886
      vertex 0 3.92303 32.7195
    endloop
  endfacet
  facet normal 1 0 0
    outer loop
      vertex 0 6.02674 36.8436
      vertex 0 3.21955 33.423
      vertex 0 3.58857 33.0886
    endloop
  endfacet
  facet normal 1 0 0
    outer loop
      vertex 0 5.27792 37.399
      vertex 0 2.81952 33.7197
      vertex 0 3.21955 33.423
    endloop
  endfacet
  facet normal 1 0 0
    outer loop
      vertex 0 1.94212 34.1887
      vertex 0 3.63549 38.2769
      vertex 0 2.7577 38.5909
    endloop
  endfacet
  facet normal 1 0 0
    outer loop
      vertex 0 4.47827 37.8783
      vertex 0 2.39234 33.9757
      vertex 0 2.81952 33.7197
    endloop
  endfacet
  facet normal 1 0 0
    outer loop
      vertex 0 3.63549 38.2769
      vertex 0 1.94212 34.1887
      vertex 0 2.39234 33.9757
    endloop
  endfacet
  facet normal 1 0 0
    outer loop
      vertex 0 1.47319 34.3565
      vertex 0 2.7577 38.5909
      vertex 0 1.85336 38.8175
    endloop
  endfacet
  facet normal 1 0 0
    outer loop
      vertex 0 2.7577 38.5909
      vertex 0 1.47319 34.3565
      vertex 0 1.94212 34.1887
    endloop
  endfacet
  facet normal 1 0 0
    outer loop
      vertex 0 1.85336 38.8175
      vertex 0 0.990083 34.4775
      vertex 0 1.47319 34.3565
    endloop
  endfacet
  facet normal 1 0 0
    outer loop
      vertex 0 0.931162 38.9543
      vertex 0 0.990083 34.4775
      vertex 0 1.85336 38.8175
    endloop
  endfacet
  facet normal 1 0 0
    outer loop
      vertex 0 0.931162 38.9543
      vertex 0 0.497437 34.5506
      vertex 0 0.990083 34.4775
    endloop
  endfacet
  facet normal 1 0 0
    outer loop
      vertex 0 0 39
      vertex 0 0.497437 34.5506
      vertex 0 0.931162 38.9543
    endloop
  endfacet
  facet normal 1 0 0
    outer loop
      vertex 0 0 39
      vertex 0 0 34.575
      vertex 0 0.497437 34.5506
    endloop
  endfacet
  facet normal 1 0 0
    outer loop
      vertex 0 0 39
      vertex 0 -0.497437 34.5506
      vertex 0 0 34.575
    endloop
  endfacet
  facet normal 1 0 0
    outer loop
      vertex 0 0 39
      vertex 0 -0.990083 34.4775
      vertex 0 -0.497437 34.5506
    endloop
  endfacet
  facet normal 1 0 0
    outer loop
      vertex 0 0 39
      vertex 0 -1.47319 34.3565
      vertex 0 -0.990083 34.4775
    endloop
  endfacet
  facet normal 1 0 0
    outer loop
      vertex 0 0 39
      vertex 0 -1.94212 34.1887
      vertex 0 -1.47319 34.3565
    endloop
  endfacet
  facet normal 1 0 0
    outer loop
      vertex 0 0 39
      vertex 0 -2.39234 33.9757
      vertex 0 -1.94212 34.1887
    endloop
  endfacet
  facet normal 1 -0 0
    outer loop
      vertex 0 -10 39
      vertex 0 -2.39234 33.9757
      vertex 0 0 39
    endloop
  endfacet
  facet normal 1 0 0
    outer loop
      vertex 0 -2.39234 33.9757
      vertex 0 -10 39
      vertex 0 -2.81952 33.7197
    endloop
  endfacet
  facet normal 1 0 0
    outer loop
      vertex 0 -2.81952 33.7197
      vertex 0 -10 39
      vertex 0 -3.21955 33.423
    endloop
  endfacet
  facet normal 1 0 0
    outer loop
      vertex 0 -3.21955 33.423
      vertex 0 -10 39
      vertex 0 -3.58857 33.0886
    endloop
  endfacet
  facet normal 1 0 0
    outer loop
      vertex 0 -3.58857 33.0886
      vertex 0 -10 39
      vertex 0 -3.92303 32.7195
    endloop
  endfacet
  facet normal 1 0 0
    outer loop
      vertex 0 -4.97748 10.4901
      vertex 0 -10 0
      vertex 0 -5.05056 9.99744
    endloop
  endfacet
  facet normal 1 0 0
    outer loop
      vertex 0 -5.05056 29.9974
      vertex 0 -10 39
      vertex 0 -5.075 29.5
    endloop
  endfacet
  facet normal 1 0 0
    outer loop
      vertex 0 -4.97748 30.4901
      vertex 0 -10 39
      vertex 0 -5.05056 29.9974
    endloop
  endfacet
  facet normal 1 0 0
    outer loop
      vertex 0 -4.85647 30.9732
      vertex 0 -10 39
      vertex 0 -4.97748 30.4901
    endloop
  endfacet
  facet normal 1 0 0
    outer loop
      vertex 0 -4.68869 31.4421
      vertex 0 -10 39
      vertex 0 -4.85647 30.9732
    endloop
  endfacet
  facet normal 1 0 0
    outer loop
      vertex 0 -4.47575 31.8923
      vertex 0 -10 39
      vertex 0 -4.68869 31.4421
    endloop
  endfacet
  facet normal 1 0 0
    outer loop
      vertex 0 -4.21971 32.3195
      vertex 0 -10 39
      vertex 0 -4.47575 31.8923
    endloop
  endfacet
  facet normal 1 0 0
    outer loop
      vertex 0 -3.92303 32.7195
      vertex 0 -10 39
      vertex 0 -4.21971 32.3195
    endloop
  endfacet
  facet normal 1 -0 0
    outer loop
      vertex 0 4.47575 7.10766
      vertex 0 8.37825 5.02173
      vertex 0 4.68869 7.55788
    endloop
  endfacet
  facet normal 1 0 0
    outer loop
      vertex 0 8.37825 5.02173
      vertex 0 4.47575 7.10766
      vertex 0 7.89896 4.22208
    endloop
  endfacet
  facet normal 1 -0 0
    outer loop
      vertex 0 4.21971 6.68048
      vertex 0 7.89896 4.22208
      vertex 0 4.47575 7.10766
    endloop
  endfacet
  facet normal 1 0 0
    outer loop
      vertex 0 7.89896 4.22208
      vertex 0 4.21971 6.68048
      vertex 0 7.3436 3.47326
    endloop
  endfacet
  facet normal 1 -0 0
    outer loop
      vertex 0 3.92303 6.28045
      vertex 0 7.3436 3.47326
      vertex 0 4.21971 6.68048
    endloop
  endfacet
  facet normal 1 0 0
    outer loop
      vertex 0 7.3436 3.47326
      vertex 0 3.92303 6.28045
      vertex 0 6.71751 2.78249
    endloop
  endfacet
  facet normal 1 -0 0
    outer loop
      vertex 0 3.58857 5.91143
      vertex 0 6.71751 2.78249
      vertex 0 3.92303 6.28045
    endloop
  endfacet
  facet normal 1 0 0
    outer loop
      vertex 0 6.71751 2.78249
      vertex 0 3.58857 5.91143
      vertex 0 6.02674 2.1564
    endloop
  endfacet
  facet normal 1 -0 0
    outer loop
      vertex 0 3.21955 5.57697
      vertex 0 6.02674 2.1564
      vertex 0 3.58857 5.91143
    endloop
  endfacet
  facet normal 1 0 0
    outer loop
      vertex 0 6.02674 2.1564
      vertex 0 3.21955 5.57697
      vertex 0 5.27792 1.60104
    endloop
  endfacet
  facet normal 1 -0 0
    outer loop
      vertex 0 2.81952 5.28029
      vertex 0 5.27792 1.60104
      vertex 0 3.21955 5.57697
    endloop
  endfacet
  facet normal 1 0 0
    outer loop
      vertex 0 5.27792 1.60104
      vertex 0 2.81952 5.28029
      vertex 0 4.47827 1.12175
    endloop
  endfacet
  facet normal 1 -0 0
    outer loop
      vertex 0 2.39234 5.02425
      vertex 0 4.47827 1.12175
      vertex 0 2.81952 5.28029
    endloop
  endfacet
  facet normal 1 0 0
    outer loop
      vertex 0 4.47827 1.12175
      vertex 0 2.39234 5.02425
      vertex 0 3.63549 0.723145
    endloop
  endfacet
  facet normal 1 -0 0
    outer loop
      vertex 0 1.94212 4.81131
      vertex 0 3.63549 0.723145
      vertex 0 2.39234 5.02425
    endloop
  endfacet
  facet normal 1 0 0
    outer loop
      vertex 0 3.63549 0.723145
      vertex 0 1.94212 4.81131
      vertex 0 2.7577 0.409067
    endloop
  endfacet
  facet normal 1 -0 0
    outer loop
      vertex 0 1.47319 4.64353
      vertex 0 2.7577 0.409067
      vertex 0 1.94212 4.81131
    endloop
  endfacet
  facet normal 1 0 0
    outer loop
      vertex 0 2.7577 0.409067
      vertex 0 1.47319 4.64353
      vertex 0 1.85336 0.18254
    endloop
  endfacet
  facet normal 1 -0 0
    outer loop
      vertex 0 0.990083 4.52252
      vertex 0 1.85336 0.18254
      vertex 0 1.47319 4.64353
    endloop
  endfacet
  facet normal 1 0 0
    outer loop
      vertex 0 0.990083 4.52252
      vertex 0 0.931162 0.0457458
      vertex 0 1.85336 0.18254
    endloop
  endfacet
  facet normal 1 -0 0
    outer loop
      vertex 0 0.497437 4.44944
      vertex 0 0.931162 0.0457458
      vertex 0 0.990083 4.52252
    endloop
  endfacet
  facet normal 1 -0 0
    outer loop
      vertex 0 0 4.425
      vertex 0 0.931162 0.0457458
      vertex 0 0.497437 4.44944
    endloop
  endfacet
  facet normal 1 0 0
    outer loop
      vertex 0 0 4.425
      vertex 0 0 0
      vertex 0 0.931162 0.0457458
    endloop
  endfacet
  facet normal 1 0 0
    outer loop
      vertex 0 -0.497437 4.44944
      vertex 0 0 0
      vertex 0 0 4.425
    endloop
  endfacet
  facet normal 1 0 0
    outer loop
      vertex 0 -0.990083 4.52252
      vertex 0 0 0
      vertex 0 -0.497437 4.44944
    endloop
  endfacet
  facet normal 1 0 0
    outer loop
      vertex 0 -1.47319 4.64353
      vertex 0 0 0
      vertex 0 -0.990083 4.52252
    endloop
  endfacet
  facet normal 1 0 0
    outer loop
      vertex 0 -1.94212 4.81131
      vertex 0 0 0
      vertex 0 -1.47319 4.64353
    endloop
  endfacet
  facet normal 1 0 0
    outer loop
      vertex 0 -2.39234 5.02425
      vertex 0 0 0
      vertex 0 -1.94212 4.81131
    endloop
  endfacet
  facet normal 1 0 0
    outer loop
      vertex 0 -10 0
      vertex 0 -2.39234 5.02425
      vertex 0 -2.81952 5.28029
    endloop
  endfacet
  facet normal 1 0 0
    outer loop
      vertex 0 -10 0
      vertex 0 -2.81952 5.28029
      vertex 0 -3.21955 5.57697
    endloop
  endfacet
  facet normal 1 0 0
    outer loop
      vertex 0 -10 0
      vertex 0 -3.21955 5.57697
      vertex 0 -3.58857 5.91143
    endloop
  endfacet
  facet normal 1 0 0
    outer loop
      vertex 0 -10 0
      vertex 0 -3.58857 5.91143
      vertex 0 -3.92303 6.28045
    endloop
  endfacet
  facet normal 1 0 0
    outer loop
      vertex 0 -10 0
      vertex 0 -3.92303 6.28045
      vertex 0 -4.21971 6.68048
    endloop
  endfacet
  facet normal 1 0 0
    outer loop
      vertex 0 -5.05056 9.99744
      vertex 0 -10 0
      vertex 0 -5.075 9.5
    endloop
  endfacet
  facet normal 1 0 0
    outer loop
      vertex 0 -5.075 9.5
      vertex 0 -10 0
      vertex 0 -5.05056 9.00256
    endloop
  endfacet
  facet normal 1 0 0
    outer loop
      vertex 0 -2.39234 5.02425
      vertex 0 -10 0
      vertex 0 0 0
    endloop
  endfacet
  facet normal 1 0 0
    outer loop
      vertex 0 -4.47575 7.10766
      vertex 0 -10 0
      vertex 0 -4.21971 6.68048
    endloop
  endfacet
  facet normal 1 0 0
    outer loop
      vertex 0 -4.68869 7.55788
      vertex 0 -10 0
      vertex 0 -4.47575 7.10766
    endloop
  endfacet
  facet normal 1 0 0
    outer loop
      vertex 0 -4.85647 8.02681
      vertex 0 -10 0
      vertex 0 -4.68869 7.55788
    endloop
  endfacet
  facet normal 1 0 0
    outer loop
      vertex 0 -4.97748 8.50992
      vertex 0 -10 0
      vertex 0 -4.85647 8.02681
    endloop
  endfacet
  facet normal 1 0 0
    outer loop
      vertex 0 -5.05056 9.00256
      vertex 0 -10 0
      vertex 0 -4.97748 8.50992
    endloop
  endfacet
  facet normal 0 0.97003 -0.242985
    outer loop
      vertex 11.1 9.09093 6.7423
      vertex 6.1 9.31746 7.64664
      vertex 11.1 9.31746 7.64664
    endloop
  endfacet
  facet normal 0 0.97003 -0.242985
    outer loop
      vertex 6.1 9.31746 7.64664
      vertex 11.1 9.09093 6.7423
      vertex 6.1 9.09093 6.7423
    endloop
  endfacet
  facet normal 0 1 -0
    outer loop
      vertex 11.1 9.5 9.5
      vertex 6.1 9.5 29.5
      vertex 11.1 9.5 29.5
    endloop
  endfacet
  facet normal 0 1 0
    outer loop
      vertex 6.1 9.5 29.5
      vertex 11.1 9.5 9.5
      vertex 6.1 9.5 9.5
    endloop
  endfacet
  facet normal 0 0.970028 0.242995
    outer loop
      vertex 11.1 9.31746 31.3534
      vertex 6.1 9.09093 32.2577
      vertex 11.1 9.09093 32.2577
    endloop
  endfacet
  facet normal 0 0.970028 0.242995
    outer loop
      vertex 6.1 9.09093 32.2577
      vertex 11.1 9.31746 31.3534
      vertex 6.1 9.31746 31.3534
    endloop
  endfacet
  facet normal -0 0.595725 0.803188
    outer loop
      vertex 6.1 6.02674 36.8436
      vertex 11.1 5.27792 37.399
      vertex 11.1 6.02674 36.8436
    endloop
  endfacet
  facet normal 0 0.595725 0.803188
    outer loop
      vertex 11.1 5.27792 37.399
      vertex 6.1 6.02674 36.8436
      vertex 6.1 5.27792 37.399
    endloop
  endfacet
  facet normal 0 0.514101 -0.857729
    outer loop
      vertex 6.1 4.47827 1.12175
      vertex 11.1 5.27792 1.60104
      vertex 11.1 4.47827 1.12175
    endloop
  endfacet
  facet normal 0 0.514101 -0.857729
    outer loop
      vertex 11.1 5.27792 1.60104
      vertex 6.1 4.47827 1.12175
      vertex 6.1 5.27792 1.60104
    endloop
  endfacet
  facet normal 0 0.671566 -0.740944
    outer loop
      vertex 6.1 6.02674 2.1564
      vertex 11.1 6.71751 2.78249
      vertex 11.1 6.02674 2.1564
    endloop
  endfacet
  facet normal 0 0.671566 -0.740944
    outer loop
      vertex 11.1 6.71751 2.78249
      vertex 6.1 6.02674 2.1564
      vertex 6.1 6.71751 2.78249
    endloop
  endfacet
  facet normal 0 0.998795 -0.0490731
    outer loop
      vertex 11.1 9.45425 8.56884
      vertex 6.1 9.5 9.5
      vertex 11.1 9.5 9.5
    endloop
  endfacet
  facet normal 0 0.998795 -0.0490731
    outer loop
      vertex 6.1 9.5 9.5
      vertex 11.1 9.45425 8.56884
      vertex 6.1 9.45425 8.56884
    endloop
  endfacet
  facet normal 0 0.803201 0.595708
    outer loop
      vertex 11.1 7.89896 34.7779
      vertex 6.1 7.3436 35.5267
      vertex 11.1 7.3436 35.5267
    endloop
  endfacet
  facet normal 0 0.803201 0.595708
    outer loop
      vertex 6.1 7.3436 35.5267
      vertex 11.1 7.89896 34.7779
      vertex 6.1 7.89896 34.7779
    endloop
  endfacet
  facet normal -0 0.514109 0.857725
    outer loop
      vertex 6.1 5.27792 37.399
      vertex 11.1 4.47827 37.8783
      vertex 11.1 5.27792 37.399
    endloop
  endfacet
  facet normal 0 0.514109 0.857725
    outer loop
      vertex 11.1 4.47827 37.8783
      vertex 6.1 5.27792 37.399
      vertex 6.1 4.47827 37.8783
    endloop
  endfacet
  facet normal 0 0.740959 0.67155
    outer loop
      vertex 11.1 7.3436 35.5267
      vertex 6.1 6.71751 36.2175
      vertex 11.1 6.71751 36.2175
    endloop
  endfacet
  facet normal 0 0.740959 0.67155
    outer loop
      vertex 6.1 6.71751 36.2175
      vertex 11.1 7.3436 35.5267
      vertex 6.1 7.3436 35.5267
    endloop
  endfacet
  facet normal -0 0.0490195 0.998798
    outer loop
      vertex 6.1 0.931162 38.9543
      vertex 11.1 0 39
      vertex 11.1 0.931162 38.9543
    endloop
  endfacet
  facet normal 0 0.0490195 0.998798
    outer loop
      vertex 11.1 0 39
      vertex 6.1 0.931162 38.9543
      vertex 6.1 0 39
    endloop
  endfacet
  facet normal -0 0.42755 0.903991
    outer loop
      vertex 6.1 4.47827 37.8783
      vertex 11.1 3.63549 38.2769
      vertex 11.1 4.47827 37.8783
    endloop
  endfacet
  facet normal 0 0.42755 0.903991
    outer loop
      vertex 11.1 3.63549 38.2769
      vertex 6.1 4.47827 37.8783
      vertex 6.1 3.63549 38.2769
    endloop
  endfacet
  facet normal 0 0.740944 -0.671566
    outer loop
      vertex 11.1 6.71751 2.78249
      vertex 6.1 7.3436 3.47326
      vertex 11.1 7.3436 3.47326
    endloop
  endfacet
  facet normal 0 0.740944 -0.671566
    outer loop
      vertex 6.1 7.3436 3.47326
      vertex 11.1 6.71751 2.78249
      vertex 6.1 6.71751 2.78249
    endloop
  endfacet
  facet normal 0 0.989177 -0.146725
    outer loop
      vertex 11.1 9.31746 7.64664
      vertex 6.1 9.45425 8.56884
      vertex 11.1 9.45425 8.56884
    endloop
  endfacet
  facet normal 0 0.989177 -0.146725
    outer loop
      vertex 6.1 9.45425 8.56884
      vertex 11.1 9.31746 7.64664
      vertex 6.1 9.31746 7.64664
    endloop
  endfacet
  facet normal 0 0.941547 -0.336882
    outer loop
      vertex 11.1 8.77686 5.86451
      vertex 6.1 9.09093 6.7423
      vertex 11.1 9.09093 6.7423
    endloop
  endfacet
  facet normal 0 0.941547 -0.336882
    outer loop
      vertex 6.1 9.09093 6.7423
      vertex 11.1 8.77686 5.86451
      vertex 6.1 8.77686 5.86451
    endloop
  endfacet
  facet normal 0 0.903987 -0.427559
    outer loop
      vertex 11.1 8.37825 5.02173
      vertex 6.1 8.77686 5.86451
      vertex 11.1 8.77686 5.86451
    endloop
  endfacet
  facet normal 0 0.903987 -0.427559
    outer loop
      vertex 6.1 8.77686 5.86451
      vertex 11.1 8.37825 5.02173
      vertex 6.1 8.37825 5.02173
    endloop
  endfacet
  facet normal 0 0.989177 0.146725
    outer loop
      vertex 11.1 9.45425 30.4312
      vertex 6.1 9.31746 31.3534
      vertex 11.1 9.31746 31.3534
    endloop
  endfacet
  facet normal 0 0.989177 0.146725
    outer loop
      vertex 6.1 9.31746 31.3534
      vertex 11.1 9.45425 30.4312
      vertex 6.1 9.45425 30.4312
    endloop
  endfacet
  facet normal -0 0.146736 0.989176
    outer loop
      vertex 6.1 1.85336 38.8175
      vertex 11.1 0.931162 38.9543
      vertex 11.1 1.85336 38.8175
    endloop
  endfacet
  facet normal 0 0.146736 0.989176
    outer loop
      vertex 11.1 0.931162 38.9543
      vertex 6.1 1.85336 38.8175
      vertex 6.1 0.931162 38.9543
    endloop
  endfacet
  facet normal 0 0.903991 0.427551
    outer loop
      vertex 11.1 8.77686 33.1355
      vertex 6.1 8.37825 33.9783
      vertex 11.1 8.37825 33.9783
    endloop
  endfacet
  facet normal 0 0.903991 0.427551
    outer loop
      vertex 6.1 8.37825 33.9783
      vertex 11.1 8.77686 33.1355
      vertex 6.1 8.77686 33.1355
    endloop
  endfacet
  facet normal -0 0.671572 0.740939
    outer loop
      vertex 6.1 6.71751 36.2175
      vertex 11.1 6.02674 36.8436
      vertex 11.1 6.71751 36.2175
    endloop
  endfacet
  facet normal 0 0.671572 0.740939
    outer loop
      vertex 11.1 6.02674 36.8436
      vertex 6.1 6.71751 36.2175
      vertex 6.1 6.02674 36.8436
    endloop
  endfacet
  facet normal 0 0.857715 0.514125
    outer loop
      vertex 11.1 8.37825 33.9783
      vertex 6.1 7.89896 34.7779
      vertex 11.1 7.89896 34.7779
    endloop
  endfacet
  facet normal 0 0.857715 0.514125
    outer loop
      vertex 6.1 7.89896 34.7779
      vertex 11.1 8.37825 33.9783
      vertex 6.1 8.37825 33.9783
    endloop
  endfacet
  facet normal 0 0.941548 0.336879
    outer loop
      vertex 11.1 9.09093 32.2577
      vertex 6.1 8.77686 33.1355
      vertex 11.1 8.77686 33.1355
    endloop
  endfacet
  facet normal 0 0.941548 0.336879
    outer loop
      vertex 6.1 8.77686 33.1355
      vertex 11.1 9.09093 32.2577
      vertex 6.1 9.09093 32.2577
    endloop
  endfacet
  facet normal 0 0.595697 -0.803209
    outer loop
      vertex 6.1 5.27792 1.60104
      vertex 11.1 6.02674 2.1564
      vertex 11.1 5.27792 1.60104
    endloop
  endfacet
  facet normal 0 0.595697 -0.803209
    outer loop
      vertex 11.1 6.02674 2.1564
      vertex 6.1 5.27792 1.60104
      vertex 6.1 6.02674 2.1564
    endloop
  endfacet
  facet normal 0 0.33689 -0.941544
    outer loop
      vertex 6.1 2.7577 0.409067
      vertex 11.1 3.63549 0.723145
      vertex 11.1 2.7577 0.409067
    endloop
  endfacet
  facet normal 0 0.33689 -0.941544
    outer loop
      vertex 11.1 3.63549 0.723145
      vertex 6.1 2.7577 0.409067
      vertex 6.1 3.63549 0.723145
    endloop
  endfacet
  facet normal 0 0.242982 -0.970031
    outer loop
      vertex 6.1 1.85336 0.18254
      vertex 11.1 2.7577 0.409067
      vertex 11.1 1.85336 0.18254
    endloop
  endfacet
  facet normal 0 0.242982 -0.970031
    outer loop
      vertex 11.1 2.7577 0.409067
      vertex 6.1 1.85336 0.18254
      vertex 6.1 2.7577 0.409067
    endloop
  endfacet
  facet normal 0 0.146729 -0.989177
    outer loop
      vertex 6.1 0.931162 0.0457458
      vertex 11.1 1.85336 0.18254
      vertex 11.1 0.931162 0.0457458
    endloop
  endfacet
  facet normal 0 0.146729 -0.989177
    outer loop
      vertex 11.1 1.85336 0.18254
      vertex 6.1 0.931162 0.0457458
      vertex 6.1 1.85336 0.18254
    endloop
  endfacet
  facet normal 0 0.0490685 -0.998795
    outer loop
      vertex 6.1 0 0
      vertex 11.1 0.931162 0.0457458
      vertex 11.1 0 0
    endloop
  endfacet
  facet normal 0 0.0490685 -0.998795
    outer loop
      vertex 11.1 0.931162 0.0457458
      vertex 6.1 0 0
      vertex 6.1 0.931162 0.0457458
    endloop
  endfacet
  facet normal 0 0.998795 0.049071
    outer loop
      vertex 11.1 9.5 29.5
      vertex 6.1 9.45425 30.4312
      vertex 11.1 9.45425 30.4312
    endloop
  endfacet
  facet normal 0 0.998795 0.049071
    outer loop
      vertex 6.1 9.45425 30.4312
      vertex 11.1 9.5 29.5
      vertex 6.1 9.5 29.5
    endloop
  endfacet
  facet normal 0 0.803209 -0.595697
    outer loop
      vertex 11.1 7.3436 3.47326
      vertex 6.1 7.89896 4.22208
      vertex 11.1 7.89896 4.22208
    endloop
  endfacet
  facet normal 0 0.803209 -0.595697
    outer loop
      vertex 6.1 7.89896 4.22208
      vertex 11.1 7.3436 3.47326
      vertex 6.1 7.3436 3.47326
    endloop
  endfacet
  facet normal -0 0.336815 0.941571
    outer loop
      vertex 6.1 3.63549 38.2769
      vertex 11.1 2.7577 38.5909
      vertex 11.1 3.63549 38.2769
    endloop
  endfacet
  facet normal 0 0.336815 0.941571
    outer loop
      vertex 11.1 2.7577 38.5909
      vertex 6.1 3.63549 38.2769
      vertex 6.1 2.7577 38.5909
    endloop
  endfacet
  facet normal 0 0.857729 -0.514101
    outer loop
      vertex 11.1 7.89896 4.22208
      vertex 6.1 8.37825 5.02173
      vertex 11.1 8.37825 5.02173
    endloop
  endfacet
  facet normal 0 0.857729 -0.514101
    outer loop
      vertex 6.1 8.37825 5.02173
      vertex 11.1 7.89896 4.22208
      vertex 6.1 7.89896 4.22208
    endloop
  endfacet
  facet normal 0 0.427555 -0.903989
    outer loop
      vertex 6.1 3.63549 0.723145
      vertex 11.1 4.47827 1.12175
      vertex 11.1 3.63549 0.723145
    endloop
  endfacet
  facet normal 0 0.427555 -0.903989
    outer loop
      vertex 11.1 4.47827 1.12175
      vertex 6.1 3.63549 0.723145
      vertex 6.1 4.47827 1.12175
    endloop
  endfacet
  facet normal -0 0.243055 0.970012
    outer loop
      vertex 6.1 2.7577 38.5909
      vertex 11.1 1.85336 38.8175
      vertex 11.1 2.7577 38.5909
    endloop
  endfacet
  facet normal 0 0.243055 0.970012
    outer loop
      vertex 11.1 1.85336 38.8175
      vertex 6.1 2.7577 38.5909
      vertex 6.1 1.85336 38.8175
    endloop
  endfacet
  facet normal -1 0 0
    outer loop
      vertex 6.1 4.85647 10.9732
      vertex 6.1 9.5 9.5
      vertex 6.1 4.97748 10.4901
    endloop
  endfacet
  facet normal -1 -0 0
    outer loop
      vertex 6.1 9.5 29.5
      vertex 6.1 5.05056 29.0026
      vertex 6.1 5.075 29.5
    endloop
  endfacet
  facet normal -1 0 0
    outer loop
      vertex 6.1 4.68869 11.4421
      vertex 6.1 9.5 9.5
      vertex 6.1 4.85647 10.9732
    endloop
  endfacet
  facet normal -1 0 0
    outer loop
      vertex 6.1 9.5 29.5
      vertex 6.1 4.97748 28.5099
      vertex 6.1 5.05056 29.0026
    endloop
  endfacet
  facet normal -1 0 0
    outer loop
      vertex 6.1 4.47575 11.8923
      vertex 6.1 9.5 9.5
      vertex 6.1 4.68869 11.4421
    endloop
  endfacet
  facet normal -1 0 0
    outer loop
      vertex 6.1 9.5 29.5
      vertex 6.1 4.85647 28.0268
      vertex 6.1 4.97748 28.5099
    endloop
  endfacet
  facet normal -1 0 0
    outer loop
      vertex 6.1 4.21971 12.3195
      vertex 6.1 9.5 9.5
      vertex 6.1 4.47575 11.8923
    endloop
  endfacet
  facet normal -1 0 0
    outer loop
      vertex 6.1 9.5 29.5
      vertex 6.1 4.68869 27.5579
      vertex 6.1 4.85647 28.0268
    endloop
  endfacet
  facet normal -1 0 0
    outer loop
      vertex 6.1 3.92303 12.7195
      vertex 6.1 9.5 9.5
      vertex 6.1 4.21971 12.3195
    endloop
  endfacet
  facet normal -1 0 0
    outer loop
      vertex 6.1 9.5 29.5
      vertex 6.1 4.47575 27.1077
      vertex 6.1 4.68869 27.5579
    endloop
  endfacet
  facet normal -1 0 0
    outer loop
      vertex 6.1 9.5 9.5
      vertex 6.1 3.92303 12.7195
      vertex 6.1 9.5 29.5
    endloop
  endfacet
  facet normal -1 0 0
    outer loop
      vertex 6.1 9.5 29.5
      vertex 6.1 4.21971 26.6805
      vertex 6.1 4.47575 27.1077
    endloop
  endfacet
  facet normal -1 0 0
    outer loop
      vertex 6.1 3.92303 26.2805
      vertex 6.1 9.5 29.5
      vertex 6.1 3.92303 12.7195
    endloop
  endfacet
  facet normal -1 0 0
    outer loop
      vertex 6.1 9.5 29.5
      vertex 6.1 3.92303 26.2805
      vertex 6.1 4.21971 26.6805
    endloop
  endfacet
  facet normal -1 0 0
    outer loop
      vertex 6.1 3.58857 13.0886
      vertex 6.1 3.92303 26.2805
      vertex 6.1 3.92303 12.7195
    endloop
  endfacet
  facet normal -1 0 0
    outer loop
      vertex 6.1 3.58857 13.0886
      vertex 6.1 3.58857 25.9114
      vertex 6.1 3.92303 26.2805
    endloop
  endfacet
  facet normal -1 0 0
    outer loop
      vertex 6.1 3.21955 13.423
      vertex 6.1 3.58857 25.9114
      vertex 6.1 3.58857 13.0886
    endloop
  endfacet
  facet normal -1 0 0
    outer loop
      vertex 6.1 3.21955 13.423
      vertex 6.1 3.21955 25.577
      vertex 6.1 3.58857 25.9114
    endloop
  endfacet
  facet normal -1 0 0
    outer loop
      vertex 6.1 2.81952 13.7197
      vertex 6.1 3.21955 25.577
      vertex 6.1 3.21955 13.423
    endloop
  endfacet
  facet normal -1 0 0
    outer loop
      vertex 6.1 2.81952 13.7197
      vertex 6.1 2.81952 25.2803
      vertex 6.1 3.21955 25.577
    endloop
  endfacet
  facet normal -1 0 0
    outer loop
      vertex 6.1 2.39234 13.9757
      vertex 6.1 2.81952 25.2803
      vertex 6.1 2.81952 13.7197
    endloop
  endfacet
  facet normal -1 0 0
    outer loop
      vertex 6.1 2.39234 13.9757
      vertex 6.1 2.39234 25.0243
      vertex 6.1 2.81952 25.2803
    endloop
  endfacet
  facet normal -1 0 0
    outer loop
      vertex 6.1 1.94212 14.1887
      vertex 6.1 2.39234 25.0243
      vertex 6.1 2.39234 13.9757
    endloop
  endfacet
  facet normal -1 0 0
    outer loop
      vertex 6.1 1.94212 14.1887
      vertex 6.1 1.94212 24.8113
      vertex 6.1 2.39234 25.0243
    endloop
  endfacet
  facet normal -1 0 0
    outer loop
      vertex 6.1 1.47319 14.3565
      vertex 6.1 1.94212 24.8113
      vertex 6.1 1.94212 14.1887
    endloop
  endfacet
  facet normal -1 0 0
    outer loop
      vertex 6.1 1.47319 14.3565
      vertex 6.1 1.47319 24.6435
      vertex 6.1 1.94212 24.8113
    endloop
  endfacet
  facet normal -1 0 0
    outer loop
      vertex 6.1 0.990083 14.4775
      vertex 6.1 1.47319 24.6435
      vertex 6.1 1.47319 14.3565
    endloop
  endfacet
  facet normal -1 0 0
    outer loop
      vertex 6.1 0.990083 14.4775
      vertex 6.1 0.990083 24.5225
      vertex 6.1 1.47319 24.6435
    endloop
  endfacet
  facet normal -1 0 0
    outer loop
      vertex 6.1 0.497437 14.5506
      vertex 6.1 0.990083 24.5225
      vertex 6.1 0.990083 14.4775
    endloop
  endfacet
  facet normal -1 0 0
    outer loop
      vertex 6.1 0.497437 14.5506
      vertex 6.1 0.497437 24.4494
      vertex 6.1 0.990083 24.5225
    endloop
  endfacet
  facet normal -1 0 0
    outer loop
      vertex 6.1 0 14.575
      vertex 6.1 0.497437 24.4494
      vertex 6.1 0.497437 14.5506
    endloop
  endfacet
  facet normal -1 0 0
    outer loop
      vertex 6.1 0 14.575
      vertex 6.1 0 24.425
      vertex 6.1 0.497437 24.4494
    endloop
  endfacet
  facet normal -1 0 0
    outer loop
      vertex 6.1 -0.497437 14.5506
      vertex 6.1 0 24.425
      vertex 6.1 0 14.575
    endloop
  endfacet
  facet normal -1 0 0
    outer loop
      vertex 6.1 -0.497437 14.5506
      vertex 6.1 -0.497437 24.4494
      vertex 6.1 0 24.425
    endloop
  endfacet
  facet normal -1 0 0
    outer loop
      vertex 6.1 -0.990083 14.4775
      vertex 6.1 -0.497437 24.4494
      vertex 6.1 -0.497437 14.5506
    endloop
  endfacet
  facet normal -1 0 0
    outer loop
      vertex 6.1 -0.990083 14.4775
      vertex 6.1 -0.990083 24.5225
      vertex 6.1 -0.497437 24.4494
    endloop
  endfacet
  facet normal -1 0 0
    outer loop
      vertex 6.1 -1.47319 14.3565
      vertex 6.1 -0.990083 24.5225
      vertex 6.1 -0.990083 14.4775
    endloop
  endfacet
  facet normal -1 0 0
    outer loop
      vertex 6.1 -1.47319 14.3565
      vertex 6.1 -1.47319 24.6435
      vertex 6.1 -0.990083 24.5225
    endloop
  endfacet
  facet normal -1 0 0
    outer loop
      vertex 6.1 -1.94212 14.1887
      vertex 6.1 -1.47319 24.6435
      vertex 6.1 -1.47319 14.3565
    endloop
  endfacet
  facet normal -1 0 0
    outer loop
      vertex 6.1 -1.94212 14.1887
      vertex 6.1 -1.94212 24.8113
      vertex 6.1 -1.47319 24.6435
    endloop
  endfacet
  facet normal -1 0 0
    outer loop
      vertex 6.1 -2.39234 13.9757
      vertex 6.1 -1.94212 24.8113
      vertex 6.1 -1.94212 14.1887
    endloop
  endfacet
  facet normal -1 0 0
    outer loop
      vertex 6.1 -2.39234 13.9757
      vertex 6.1 -2.39234 25.0243
      vertex 6.1 -1.94212 24.8113
    endloop
  endfacet
  facet normal -1 0 0
    outer loop
      vertex 6.1 -2.81952 13.7197
      vertex 6.1 -2.39234 25.0243
      vertex 6.1 -2.39234 13.9757
    endloop
  endfacet
  facet normal -1 0 0
    outer loop
      vertex 6.1 -2.81952 13.7197
      vertex 6.1 -2.81952 25.2803
      vertex 6.1 -2.39234 25.0243
    endloop
  endfacet
  facet normal -1 0 0
    outer loop
      vertex 6.1 -3.21955 13.423
      vertex 6.1 -2.81952 25.2803
      vertex 6.1 -2.81952 13.7197
    endloop
  endfacet
  facet normal -1 0 0
    outer loop
      vertex 6.1 -3.21955 13.423
      vertex 6.1 -3.21955 25.577
      vertex 6.1 -2.81952 25.2803
    endloop
  endfacet
  facet normal -1 0 0
    outer loop
      vertex 6.1 -3.58857 13.0886
      vertex 6.1 -3.21955 25.577
      vertex 6.1 -3.21955 13.423
    endloop
  endfacet
  facet normal -1 0 0
    outer loop
      vertex 6.1 -3.58857 13.0886
      vertex 6.1 -3.58857 25.9114
      vertex 6.1 -3.21955 25.577
    endloop
  endfacet
  facet normal -1 0 0
    outer loop
      vertex 6.1 -3.92303 12.7195
      vertex 6.1 -3.58857 25.9114
      vertex 6.1 -3.58857 13.0886
    endloop
  endfacet
  facet normal -1 0 0
    outer loop
      vertex 6.1 -3.92303 12.7195
      vertex 6.1 -3.92303 26.2805
      vertex 6.1 -3.58857 25.9114
    endloop
  endfacet
  facet normal -1 0 0
    outer loop
      vertex 6.1 -4.21971 12.3195
      vertex 6.1 -3.92303 26.2805
      vertex 6.1 -3.92303 12.7195
    endloop
  endfacet
  facet normal -1 0 0
    outer loop
      vertex 6.1 -4.21971 12.3195
      vertex 6.1 -4.21971 26.6805
      vertex 6.1 -3.92303 26.2805
    endloop
  endfacet
  facet normal -1 0 0
    outer loop
      vertex 6.1 -4.47575 11.8923
      vertex 6.1 -4.21971 26.6805
      vertex 6.1 -4.21971 12.3195
    endloop
  endfacet
  facet normal -1 0 0
    outer loop
      vertex 6.1 -4.47575 11.8923
      vertex 6.1 -4.47575 27.1077
      vertex 6.1 -4.21971 26.6805
    endloop
  endfacet
  facet normal -1 0 0
    outer loop
      vertex 6.1 -4.68869 11.4421
      vertex 6.1 -4.47575 27.1077
      vertex 6.1 -4.47575 11.8923
    endloop
  endfacet
  facet normal -1 0 0
    outer loop
      vertex 6.1 -4.68869 11.4421
      vertex 6.1 -4.68869 27.5579
      vertex 6.1 -4.47575 27.1077
    endloop
  endfacet
  facet normal -1 0 0
    outer loop
      vertex 6.1 -4.85647 10.9732
      vertex 6.1 -4.68869 27.5579
      vertex 6.1 -4.68869 11.4421
    endloop
  endfacet
  facet normal -1 0 0
    outer loop
      vertex 6.1 -4.85647 10.9732
      vertex 6.1 -4.85647 28.0268
      vertex 6.1 -4.68869 27.5579
    endloop
  endfacet
  facet normal -1 0 0
    outer loop
      vertex 6.1 -10 0
      vertex 6.1 -4.85647 10.9732
      vertex 6.1 -4.97748 10.4901
    endloop
  endfacet
  facet normal -1 -0 0
    outer loop
      vertex 6.1 -4.85647 10.9732
      vertex 6.1 -10 0
      vertex 6.1 -4.85647 28.0268
    endloop
  endfacet
  facet normal -1 0 0
    outer loop
      vertex 6.1 -10 0
      vertex 6.1 -4.97748 10.4901
      vertex 6.1 -5.05056 9.99744
    endloop
  endfacet
  facet normal -1 0 0
    outer loop
      vertex 6.1 -10 39
      vertex 6.1 -4.85647 28.0268
      vertex 6.1 -10 0
    endloop
  endfacet
  facet normal -1 0 0
    outer loop
      vertex 6.1 -10 0
      vertex 6.1 -5.05056 9.99744
      vertex 6.1 -5.075 9.5
    endloop
  endfacet
  facet normal -1 0 0
    outer loop
      vertex 6.1 -4.85647 28.0268
      vertex 6.1 -10 39
      vertex 6.1 -4.97748 28.5099
    endloop
  endfacet
  facet normal -1 0 0
    outer loop
      vertex 6.1 5.075 9.5
      vertex 6.1 9.5 9.5
      vertex 6.1 9.45425 8.56884
    endloop
  endfacet
  facet normal -1 0 0
    outer loop
      vertex 6.1 5.05056 9.99744
      vertex 6.1 9.5 9.5
      vertex 6.1 5.075 9.5
    endloop
  endfacet
  facet normal -1 0 0
    outer loop
      vertex 6.1 5.05056 9.00256
      vertex 6.1 9.45425 8.56884
      vertex 6.1 9.31746 7.64664
    endloop
  endfacet
  facet normal -1 0 0
    outer loop
      vertex 6.1 4.97748 10.4901
      vertex 6.1 9.5 9.5
      vertex 6.1 5.05056 9.99744
    endloop
  endfacet
  facet normal -1 0 0
    outer loop
      vertex 6.1 4.97748 8.50992
      vertex 6.1 9.31746 7.64664
      vertex 6.1 9.09093 6.7423
    endloop
  endfacet
  facet normal -1 0 0
    outer loop
      vertex 6.1 9.5 29.5
      vertex 6.1 5.075 29.5
      vertex 6.1 9.45425 30.4312
    endloop
  endfacet
  facet normal -1 0 0
    outer loop
      vertex 6.1 4.85647 8.02681
      vertex 6.1 9.09093 6.7423
      vertex 6.1 8.77686 5.86451
    endloop
  endfacet
  facet normal -1 0 0
    outer loop
      vertex 6.1 5.05056 29.9974
      vertex 6.1 9.45425 30.4312
      vertex 6.1 5.075 29.5
    endloop
  endfacet
  facet normal -1 0 0
    outer loop
      vertex 6.1 4.68869 7.55788
      vertex 6.1 8.77686 5.86451
      vertex 6.1 8.37825 5.02173
    endloop
  endfacet
  facet normal -1 -0 0
    outer loop
      vertex 6.1 9.45425 30.4312
      vertex 6.1 5.05056 29.9974
      vertex 6.1 9.31746 31.3534
    endloop
  endfacet
  facet normal -1 0 0
    outer loop
      vertex 6.1 4.47575 7.10766
      vertex 6.1 8.37825 5.02173
      vertex 6.1 7.89896 4.22208
    endloop
  endfacet
  facet normal -1 0 0
    outer loop
      vertex 6.1 4.97748 30.4901
      vertex 6.1 9.31746 31.3534
      vertex 6.1 5.05056 29.9974
    endloop
  endfacet
  facet normal -1 0 0
    outer loop
      vertex 6.1 4.21971 6.68048
      vertex 6.1 7.89896 4.22208
      vertex 6.1 7.3436 3.47326
    endloop
  endfacet
  facet normal -1 -0 0
    outer loop
      vertex 6.1 9.31746 31.3534
      vertex 6.1 4.97748 30.4901
      vertex 6.1 9.09093 32.2577
    endloop
  endfacet
  facet normal -1 0 0
    outer loop
      vertex 6.1 3.92303 6.28045
      vertex 6.1 7.3436 3.47326
      vertex 6.1 6.71751 2.78249
    endloop
  endfacet
  facet normal -1 0 0
    outer loop
      vertex 6.1 4.85647 30.9732
      vertex 6.1 9.09093 32.2577
      vertex 6.1 4.97748 30.4901
    endloop
  endfacet
  facet normal -1 0 0
    outer loop
      vertex 6.1 3.58857 5.91143
      vertex 6.1 6.71751 2.78249
      vertex 6.1 6.02674 2.1564
    endloop
  endfacet
  facet normal -1 -0 0
    outer loop
      vertex 6.1 9.09093 32.2577
      vertex 6.1 4.85647 30.9732
      vertex 6.1 8.77686 33.1355
    endloop
  endfacet
  facet normal -1 0 0
    outer loop
      vertex 6.1 3.21955 5.57697
      vertex 6.1 6.02674 2.1564
      vertex 6.1 5.27792 1.60104
    endloop
  endfacet
  facet normal -1 0 0
    outer loop
      vertex 6.1 4.68869 31.4421
      vertex 6.1 8.77686 33.1355
      vertex 6.1 4.85647 30.9732
    endloop
  endfacet
  facet normal -1 -0 0
    outer loop
      vertex 6.1 8.77686 33.1355
      vertex 6.1 4.68869 31.4421
      vertex 6.1 8.37825 33.9783
    endloop
  endfacet
  facet normal -1 0 0
    outer loop
      vertex 6.1 9.45425 8.56884
      vertex 6.1 5.05056 9.00256
      vertex 6.1 5.075 9.5
    endloop
  endfacet
  facet normal -1 0 0
    outer loop
      vertex 6.1 9.31746 7.64664
      vertex 6.1 4.97748 8.50992
      vertex 6.1 5.05056 9.00256
    endloop
  endfacet
  facet normal -1 0 0
    outer loop
      vertex 6.1 9.09093 6.7423
      vertex 6.1 4.85647 8.02681
      vertex 6.1 4.97748 8.50992
    endloop
  endfacet
  facet normal -1 0 0
    outer loop
      vertex 6.1 8.77686 5.86451
      vertex 6.1 4.68869 7.55788
      vertex 6.1 4.85647 8.02681
    endloop
  endfacet
  facet normal -1 0 0
    outer loop
      vertex 6.1 2.81952 5.28029
      vertex 6.1 5.27792 1.60104
      vertex 6.1 4.47827 1.12175
    endloop
  endfacet
  facet normal -1 0 0
    outer loop
      vertex 6.1 8.37825 5.02173
      vertex 6.1 4.47575 7.10766
      vertex 6.1 4.68869 7.55788
    endloop
  endfacet
  facet normal -1 0 0
    outer loop
      vertex 6.1 7.89896 4.22208
      vertex 6.1 4.21971 6.68048
      vertex 6.1 4.47575 7.10766
    endloop
  endfacet
  facet normal -1 0 0
    outer loop
      vertex 6.1 7.3436 3.47326
      vertex 6.1 3.92303 6.28045
      vertex 6.1 4.21971 6.68048
    endloop
  endfacet
  facet normal -1 0 0
    outer loop
      vertex 6.1 2.39234 5.02425
      vertex 6.1 4.47827 1.12175
      vertex 6.1 3.63549 0.723145
    endloop
  endfacet
  facet normal -1 0 0
    outer loop
      vertex 6.1 6.71751 2.78249
      vertex 6.1 3.58857 5.91143
      vertex 6.1 3.92303 6.28045
    endloop
  endfacet
  facet normal -1 0 0
    outer loop
      vertex 6.1 6.02674 2.1564
      vertex 6.1 3.21955 5.57697
      vertex 6.1 3.58857 5.91143
    endloop
  endfacet
  facet normal -1 0 0
    outer loop
      vertex 6.1 5.27792 1.60104
      vertex 6.1 2.81952 5.28029
      vertex 6.1 3.21955 5.57697
    endloop
  endfacet
  facet normal -1 0 0
    outer loop
      vertex 6.1 1.94212 4.81131
      vertex 6.1 3.63549 0.723145
      vertex 6.1 2.7577 0.409067
    endloop
  endfacet
  facet normal -1 0 0
    outer loop
      vertex 6.1 4.47827 1.12175
      vertex 6.1 2.39234 5.02425
      vertex 6.1 2.81952 5.28029
    endloop
  endfacet
  facet normal -1 0 0
    outer loop
      vertex 6.1 3.63549 0.723145
      vertex 6.1 1.94212 4.81131
      vertex 6.1 2.39234 5.02425
    endloop
  endfacet
  facet normal -1 0 0
    outer loop
      vertex 6.1 1.47319 4.64353
      vertex 6.1 2.7577 0.409067
      vertex 6.1 1.85336 0.18254
    endloop
  endfacet
  facet normal -1 0 0
    outer loop
      vertex 6.1 2.7577 0.409067
      vertex 6.1 1.47319 4.64353
      vertex 6.1 1.94212 4.81131
    endloop
  endfacet
  facet normal -1 0 0
    outer loop
      vertex 6.1 1.85336 0.18254
      vertex 6.1 0.990083 4.52252
      vertex 6.1 1.47319 4.64353
    endloop
  endfacet
  facet normal -1 0 0
    outer loop
      vertex 6.1 0.931162 0.0457458
      vertex 6.1 0.990083 4.52252
      vertex 6.1 1.85336 0.18254
    endloop
  endfacet
  facet normal -1 0 0
    outer loop
      vertex 6.1 0.931162 0.0457458
      vertex 6.1 0.497437 4.44944
      vertex 6.1 0.990083 4.52252
    endloop
  endfacet
  facet normal -1 0 0
    outer loop
      vertex 6.1 0 0
      vertex 6.1 0.497437 4.44944
      vertex 6.1 0.931162 0.0457458
    endloop
  endfacet
  facet normal -1 0 0
    outer loop
      vertex 6.1 0 0
      vertex 6.1 0 4.425
      vertex 6.1 0.497437 4.44944
    endloop
  endfacet
  facet normal -1 0 0
    outer loop
      vertex 6.1 0 0
      vertex 6.1 -0.497437 4.44944
      vertex 6.1 0 4.425
    endloop
  endfacet
  facet normal -1 0 0
    outer loop
      vertex 6.1 0 0
      vertex 6.1 -0.990083 4.52252
      vertex 6.1 -0.497437 4.44944
    endloop
  endfacet
  facet normal -1 0 0
    outer loop
      vertex 6.1 0 0
      vertex 6.1 -1.47319 4.64353
      vertex 6.1 -0.990083 4.52252
    endloop
  endfacet
  facet normal -1 0 0
    outer loop
      vertex 6.1 0 0
      vertex 6.1 -1.94212 4.81131
      vertex 6.1 -1.47319 4.64353
    endloop
  endfacet
  facet normal -1 0 0
    outer loop
      vertex 6.1 0 0
      vertex 6.1 -2.39234 5.02425
      vertex 6.1 -1.94212 4.81131
    endloop
  endfacet
  facet normal -1 0 0
    outer loop
      vertex 6.1 -10 0
      vertex 6.1 -2.39234 5.02425
      vertex 6.1 0 0
    endloop
  endfacet
  facet normal -1 -0 0
    outer loop
      vertex 6.1 -2.39234 5.02425
      vertex 6.1 -10 0
      vertex 6.1 -2.81952 5.28029
    endloop
  endfacet
  facet normal -1 -0 0
    outer loop
      vertex 6.1 -2.81952 5.28029
      vertex 6.1 -10 0
      vertex 6.1 -3.21955 5.57697
    endloop
  endfacet
  facet normal -1 -0 0
    outer loop
      vertex 6.1 -3.21955 5.57697
      vertex 6.1 -10 0
      vertex 6.1 -3.58857 5.91143
    endloop
  endfacet
  facet normal -1 -0 0
    outer loop
      vertex 6.1 -3.58857 5.91143
      vertex 6.1 -10 0
      vertex 6.1 -3.92303 6.28045
    endloop
  endfacet
  facet normal -1 0 0
    outer loop
      vertex 6.1 -4.97748 28.5099
      vertex 6.1 -10 39
      vertex 6.1 -5.05056 29.0026
    endloop
  endfacet
  facet normal -1 -0 0
    outer loop
      vertex 6.1 -5.05056 9.00256
      vertex 6.1 -10 0
      vertex 6.1 -5.075 9.5
    endloop
  endfacet
  facet normal -1 -0 0
    outer loop
      vertex 6.1 -4.97748 8.50992
      vertex 6.1 -10 0
      vertex 6.1 -5.05056 9.00256
    endloop
  endfacet
  facet normal -1 -0 0
    outer loop
      vertex 6.1 -4.85647 8.02681
      vertex 6.1 -10 0
      vertex 6.1 -4.97748 8.50992
    endloop
  endfacet
  facet normal -1 -0 0
    outer loop
      vertex 6.1 -4.68869 7.55788
      vertex 6.1 -10 0
      vertex 6.1 -4.85647 8.02681
    endloop
  endfacet
  facet normal -1 -0 0
    outer loop
      vertex 6.1 -4.47575 7.10766
      vertex 6.1 -10 0
      vertex 6.1 -4.68869 7.55788
    endloop
  endfacet
  facet normal -1 -0 0
    outer loop
      vertex 6.1 -4.21971 6.68048
      vertex 6.1 -10 0
      vertex 6.1 -4.47575 7.10766
    endloop
  endfacet
  facet normal -1 -0 0
    outer loop
      vertex 6.1 -3.92303 6.28045
      vertex 6.1 -10 0
      vertex 6.1 -4.21971 6.68048
    endloop
  endfacet
  facet normal -1 0 0
    outer loop
      vertex 6.1 4.47575 31.8923
      vertex 6.1 8.37825 33.9783
      vertex 6.1 4.68869 31.4421
    endloop
  endfacet
  facet normal -1 -0 0
    outer loop
      vertex 6.1 8.37825 33.9783
      vertex 6.1 4.47575 31.8923
      vertex 6.1 7.89896 34.7779
    endloop
  endfacet
  facet normal -1 0 0
    outer loop
      vertex 6.1 4.21971 32.3195
      vertex 6.1 7.89896 34.7779
      vertex 6.1 4.47575 31.8923
    endloop
  endfacet
  facet normal -1 -0 0
    outer loop
      vertex 6.1 7.89896 34.7779
      vertex 6.1 4.21971 32.3195
      vertex 6.1 7.3436 35.5267
    endloop
  endfacet
  facet normal -1 0 0
    outer loop
      vertex 6.1 3.92303 32.7195
      vertex 6.1 7.3436 35.5267
      vertex 6.1 4.21971 32.3195
    endloop
  endfacet
  facet normal -1 -0 0
    outer loop
      vertex 6.1 7.3436 35.5267
      vertex 6.1 3.92303 32.7195
      vertex 6.1 6.71751 36.2175
    endloop
  endfacet
  facet normal -1 0 0
    outer loop
      vertex 6.1 3.58857 33.0886
      vertex 6.1 6.71751 36.2175
      vertex 6.1 3.92303 32.7195
    endloop
  endfacet
  facet normal -1 -0 0
    outer loop
      vertex 6.1 6.71751 36.2175
      vertex 6.1 3.58857 33.0886
      vertex 6.1 6.02674 36.8436
    endloop
  endfacet
  facet normal -1 0 0
    outer loop
      vertex 6.1 3.21955 33.423
      vertex 6.1 6.02674 36.8436
      vertex 6.1 3.58857 33.0886
    endloop
  endfacet
  facet normal -1 -0 0
    outer loop
      vertex 6.1 6.02674 36.8436
      vertex 6.1 3.21955 33.423
      vertex 6.1 5.27792 37.399
    endloop
  endfacet
  facet normal -1 0 0
    outer loop
      vertex 6.1 2.81952 33.7197
      vertex 6.1 5.27792 37.399
      vertex 6.1 3.21955 33.423
    endloop
  endfacet
  facet normal -1 -0 0
    outer loop
      vertex 6.1 5.27792 37.399
      vertex 6.1 2.81952 33.7197
      vertex 6.1 4.47827 37.8783
    endloop
  endfacet
  facet normal -1 0 0
    outer loop
      vertex 6.1 2.39234 33.9757
      vertex 6.1 4.47827 37.8783
      vertex 6.1 2.81952 33.7197
    endloop
  endfacet
  facet normal -1 -0 0
    outer loop
      vertex 6.1 4.47827 37.8783
      vertex 6.1 2.39234 33.9757
      vertex 6.1 3.63549 38.2769
    endloop
  endfacet
  facet normal -1 0 0
    outer loop
      vertex 6.1 1.94212 34.1887
      vertex 6.1 3.63549 38.2769
      vertex 6.1 2.39234 33.9757
    endloop
  endfacet
  facet normal -1 -0 0
    outer loop
      vertex 6.1 3.63549 38.2769
      vertex 6.1 1.94212 34.1887
      vertex 6.1 2.7577 38.5909
    endloop
  endfacet
  facet normal -1 0 0
    outer loop
      vertex 6.1 1.47319 34.3565
      vertex 6.1 2.7577 38.5909
      vertex 6.1 1.94212 34.1887
    endloop
  endfacet
  facet normal -1 -0 0
    outer loop
      vertex 6.1 2.7577 38.5909
      vertex 6.1 1.47319 34.3565
      vertex 6.1 1.85336 38.8175
    endloop
  endfacet
  facet normal -1 0 0
    outer loop
      vertex 6.1 0.990083 34.4775
      vertex 6.1 1.85336 38.8175
      vertex 6.1 1.47319 34.3565
    endloop
  endfacet
  facet normal -1 0 0
    outer loop
      vertex 6.1 0.990083 34.4775
      vertex 6.1 0.931162 38.9543
      vertex 6.1 1.85336 38.8175
    endloop
  endfacet
  facet normal -1 0 0
    outer loop
      vertex 6.1 0.497437 34.5506
      vertex 6.1 0.931162 38.9543
      vertex 6.1 0.990083 34.4775
    endloop
  endfacet
  facet normal -1 0 0
    outer loop
      vertex 6.1 0 34.575
      vertex 6.1 0.931162 38.9543
      vertex 6.1 0.497437 34.5506
    endloop
  endfacet
  facet normal -1 0 0
    outer loop
      vertex 6.1 0 34.575
      vertex 6.1 0 39
      vertex 6.1 0.931162 38.9543
    endloop
  endfacet
  facet normal -1 0 0
    outer loop
      vertex 6.1 -0.497437 34.5506
      vertex 6.1 0 39
      vertex 6.1 0 34.575
    endloop
  endfacet
  facet normal -1 0 0
    outer loop
      vertex 6.1 -0.990083 34.4775
      vertex 6.1 0 39
      vertex 6.1 -0.497437 34.5506
    endloop
  endfacet
  facet normal -1 0 0
    outer loop
      vertex 6.1 -1.47319 34.3565
      vertex 6.1 0 39
      vertex 6.1 -0.990083 34.4775
    endloop
  endfacet
  facet normal -1 0 0
    outer loop
      vertex 6.1 -1.94212 34.1887
      vertex 6.1 0 39
      vertex 6.1 -1.47319 34.3565
    endloop
  endfacet
  facet normal -1 0 0
    outer loop
      vertex 6.1 -2.39234 33.9757
      vertex 6.1 0 39
      vertex 6.1 -1.94212 34.1887
    endloop
  endfacet
  facet normal -1 0 0
    outer loop
      vertex 6.1 -10 39
      vertex 6.1 -2.39234 33.9757
      vertex 6.1 -2.81952 33.7197
    endloop
  endfacet
  facet normal -1 0 0
    outer loop
      vertex 6.1 -10 39
      vertex 6.1 -2.81952 33.7197
      vertex 6.1 -3.21955 33.423
    endloop
  endfacet
  facet normal -1 0 0
    outer loop
      vertex 6.1 -10 39
      vertex 6.1 -3.21955 33.423
      vertex 6.1 -3.58857 33.0886
    endloop
  endfacet
  facet normal -1 0 0
    outer loop
      vertex 6.1 -10 39
      vertex 6.1 -3.58857 33.0886
      vertex 6.1 -3.92303 32.7195
    endloop
  endfacet
  facet normal -1 0 0
    outer loop
      vertex 6.1 -10 39
      vertex 6.1 -3.92303 32.7195
      vertex 6.1 -4.21971 32.3195
    endloop
  endfacet
  facet normal -1 0 0
    outer loop
      vertex 6.1 -5.05056 29.0026
      vertex 6.1 -10 39
      vertex 6.1 -5.075 29.5
    endloop
  endfacet
  facet normal -1 0 0
    outer loop
      vertex 6.1 -5.075 29.5
      vertex 6.1 -10 39
      vertex 6.1 -5.05056 29.9974
    endloop
  endfacet
  facet normal -1 0 0
    outer loop
      vertex 6.1 -2.39234 33.9757
      vertex 6.1 -10 39
      vertex 6.1 0 39
    endloop
  endfacet
  facet normal -1 0 0
    outer loop
      vertex 6.1 -4.47575 31.8923
      vertex 6.1 -10 39
      vertex 6.1 -4.21971 32.3195
    endloop
  endfacet
  facet normal -1 0 0
    outer loop
      vertex 6.1 -4.68869 31.4421
      vertex 6.1 -10 39
      vertex 6.1 -4.47575 31.8923
    endloop
  endfacet
  facet normal -1 0 0
    outer loop
      vertex 6.1 -4.85647 30.9732
      vertex 6.1 -10 39
      vertex 6.1 -4.68869 31.4421
    endloop
  endfacet
  facet normal -1 0 0
    outer loop
      vertex 6.1 -4.97748 30.4901
      vertex 6.1 -10 39
      vertex 6.1 -4.85647 30.9732
    endloop
  endfacet
  facet normal -1 0 0
    outer loop
      vertex 6.1 -5.05056 29.9974
      vertex 6.1 -10 39
      vertex 6.1 -4.97748 30.4901
    endloop
  endfacet
  facet normal 1 0 0
    outer loop
      vertex 11.1 4.85647 28.0268
      vertex 11.1 9.5 29.5
      vertex 11.1 4.97748 28.5099
    endloop
  endfacet
  facet normal 1 0 0
    outer loop
      vertex 11.1 9.5 9.5
      vertex 11.1 5.05056 9.99744
      vertex 11.1 5.075 9.5
    endloop
  endfacet
  facet normal 1 0 0
    outer loop
      vertex 11.1 4.68869 27.5579
      vertex 11.1 9.5 29.5
      vertex 11.1 4.85647 28.0268
    endloop
  endfacet
  facet normal 1 0 0
    outer loop
      vertex 11.1 9.5 9.5
      vertex 11.1 4.97748 10.4901
      vertex 11.1 5.05056 9.99744
    endloop
  endfacet
  facet normal 1 0 0
    outer loop
      vertex 11.1 4.47575 27.1077
      vertex 11.1 9.5 29.5
      vertex 11.1 4.68869 27.5579
    endloop
  endfacet
  facet normal 1 0 0
    outer loop
      vertex 11.1 9.5 9.5
      vertex 11.1 4.85647 10.9732
      vertex 11.1 4.97748 10.4901
    endloop
  endfacet
  facet normal 1 0 0
    outer loop
      vertex 11.1 4.21971 26.6805
      vertex 11.1 9.5 29.5
      vertex 11.1 4.47575 27.1077
    endloop
  endfacet
  facet normal 1 0 0
    outer loop
      vertex 11.1 9.5 9.5
      vertex 11.1 4.68869 11.4421
      vertex 11.1 4.85647 10.9732
    endloop
  endfacet
  facet normal 1 0 0
    outer loop
      vertex 11.1 3.92303 26.2805
      vertex 11.1 9.5 29.5
      vertex 11.1 4.21971 26.6805
    endloop
  endfacet
  facet normal 1 0 0
    outer loop
      vertex 11.1 9.5 9.5
      vertex 11.1 4.47575 11.8923
      vertex 11.1 4.68869 11.4421
    endloop
  endfacet
  facet normal 1 0 0
    outer loop
      vertex 11.1 9.5 29.5
      vertex 11.1 3.92303 26.2805
      vertex 11.1 9.5 9.5
    endloop
  endfacet
  facet normal 1 0 0
    outer loop
      vertex 11.1 9.5 9.5
      vertex 11.1 4.21971 12.3195
      vertex 11.1 4.47575 11.8923
    endloop
  endfacet
  facet normal 1 -0 0
    outer loop
      vertex 11.1 3.92303 12.7195
      vertex 11.1 9.5 9.5
      vertex 11.1 3.92303 26.2805
    endloop
  endfacet
  facet normal 1 0 0
    outer loop
      vertex 11.1 9.5 9.5
      vertex 11.1 3.92303 12.7195
      vertex 11.1 4.21971 12.3195
    endloop
  endfacet
  facet normal 1 -0 0
    outer loop
      vertex 11.1 3.58857 25.9114
      vertex 11.1 3.92303 12.7195
      vertex 11.1 3.92303 26.2805
    endloop
  endfacet
  facet normal 1 0 0
    outer loop
      vertex 11.1 3.58857 25.9114
      vertex 11.1 3.58857 13.0886
      vertex 11.1 3.92303 12.7195
    endloop
  endfacet
  facet normal 1 -0 0
    outer loop
      vertex 11.1 3.21955 25.577
      vertex 11.1 3.58857 13.0886
      vertex 11.1 3.58857 25.9114
    endloop
  endfacet
  facet normal 1 0 0
    outer loop
      vertex 11.1 3.21955 25.577
      vertex 11.1 3.21955 13.423
      vertex 11.1 3.58857 13.0886
    endloop
  endfacet
  facet normal 1 -0 0
    outer loop
      vertex 11.1 2.81952 25.2803
      vertex 11.1 3.21955 13.423
      vertex 11.1 3.21955 25.577
    endloop
  endfacet
  facet normal 1 0 0
    outer loop
      vertex 11.1 2.81952 25.2803
      vertex 11.1 2.81952 13.7197
      vertex 11.1 3.21955 13.423
    endloop
  endfacet
  facet normal 1 -0 0
    outer loop
      vertex 11.1 2.39234 25.0243
      vertex 11.1 2.81952 13.7197
      vertex 11.1 2.81952 25.2803
    endloop
  endfacet
  facet normal 1 0 0
    outer loop
      vertex 11.1 2.39234 25.0243
      vertex 11.1 2.39234 13.9757
      vertex 11.1 2.81952 13.7197
    endloop
  endfacet
  facet normal 1 -0 0
    outer loop
      vertex 11.1 1.94212 24.8113
      vertex 11.1 2.39234 13.9757
      vertex 11.1 2.39234 25.0243
    endloop
  endfacet
  facet normal 1 0 0
    outer loop
      vertex 11.1 1.94212 24.8113
      vertex 11.1 1.94212 14.1887
      vertex 11.1 2.39234 13.9757
    endloop
  endfacet
  facet normal 1 -0 0
    outer loop
      vertex 11.1 1.47319 24.6435
      vertex 11.1 1.94212 14.1887
      vertex 11.1 1.94212 24.8113
    endloop
  endfacet
  facet normal 1 0 0
    outer loop
      vertex 11.1 1.47319 24.6435
      vertex 11.1 1.47319 14.3565
      vertex 11.1 1.94212 14.1887
    endloop
  endfacet
  facet normal 1 -0 0
    outer loop
      vertex 11.1 0.990083 24.5225
      vertex 11.1 1.47319 14.3565
      vertex 11.1 1.47319 24.6435
    endloop
  endfacet
  facet normal 1 0 0
    outer loop
      vertex 11.1 0.990083 24.5225
      vertex 11.1 0.990083 14.4775
      vertex 11.1 1.47319 14.3565
    endloop
  endfacet
  facet normal 1 -0 0
    outer loop
      vertex 11.1 0.497437 24.4494
      vertex 11.1 0.990083 14.4775
      vertex 11.1 0.990083 24.5225
    endloop
  endfacet
  facet normal 1 0 0
    outer loop
      vertex 11.1 0.497437 24.4494
      vertex 11.1 0.497437 14.5506
      vertex 11.1 0.990083 14.4775
    endloop
  endfacet
  facet normal 1 -0 0
    outer loop
      vertex 11.1 0 24.425
      vertex 11.1 0.497437 14.5506
      vertex 11.1 0.497437 24.4494
    endloop
  endfacet
  facet normal 1 0 0
    outer loop
      vertex 11.1 0 24.425
      vertex 11.1 0 14.575
      vertex 11.1 0.497437 14.5506
    endloop
  endfacet
  facet normal 1 0 0
    outer loop
      vertex 11.1 -0.497437 24.4494
      vertex 11.1 0 14.575
      vertex 11.1 0 24.425
    endloop
  endfacet
  facet normal 1 0 0
    outer loop
      vertex 11.1 -0.497437 24.4494
      vertex 11.1 -0.497437 14.5506
      vertex 11.1 0 14.575
    endloop
  endfacet
  facet normal 1 0 0
    outer loop
      vertex 11.1 -0.990083 24.5225
      vertex 11.1 -0.497437 14.5506
      vertex 11.1 -0.497437 24.4494
    endloop
  endfacet
  facet normal 1 0 0
    outer loop
      vertex 11.1 -0.990083 24.5225
      vertex 11.1 -0.990083 14.4775
      vertex 11.1 -0.497437 14.5506
    endloop
  endfacet
  facet normal 1 0 0
    outer loop
      vertex 11.1 -1.47319 24.6435
      vertex 11.1 -0.990083 14.4775
      vertex 11.1 -0.990083 24.5225
    endloop
  endfacet
  facet normal 1 0 0
    outer loop
      vertex 11.1 -1.47319 24.6435
      vertex 11.1 -1.47319 14.3565
      vertex 11.1 -0.990083 14.4775
    endloop
  endfacet
  facet normal 1 0 0
    outer loop
      vertex 11.1 -1.94212 24.8113
      vertex 11.1 -1.47319 14.3565
      vertex 11.1 -1.47319 24.6435
    endloop
  endfacet
  facet normal 1 0 0
    outer loop
      vertex 11.1 -1.94212 24.8113
      vertex 11.1 -1.94212 14.1887
      vertex 11.1 -1.47319 14.3565
    endloop
  endfacet
  facet normal 1 0 0
    outer loop
      vertex 11.1 -2.39234 25.0243
      vertex 11.1 -1.94212 14.1887
      vertex 11.1 -1.94212 24.8113
    endloop
  endfacet
  facet normal 1 0 0
    outer loop
      vertex 11.1 -2.39234 25.0243
      vertex 11.1 -2.39234 13.9757
      vertex 11.1 -1.94212 14.1887
    endloop
  endfacet
  facet normal 1 0 0
    outer loop
      vertex 11.1 -2.81952 25.2803
      vertex 11.1 -2.39234 13.9757
      vertex 11.1 -2.39234 25.0243
    endloop
  endfacet
  facet normal 1 0 0
    outer loop
      vertex 11.1 -2.81952 25.2803
      vertex 11.1 -2.81952 13.7197
      vertex 11.1 -2.39234 13.9757
    endloop
  endfacet
  facet normal 1 0 0
    outer loop
      vertex 11.1 -3.21955 25.577
      vertex 11.1 -2.81952 13.7197
      vertex 11.1 -2.81952 25.2803
    endloop
  endfacet
  facet normal 1 0 0
    outer loop
      vertex 11.1 -3.21955 25.577
      vertex 11.1 -3.21955 13.423
      vertex 11.1 -2.81952 13.7197
    endloop
  endfacet
  facet normal 1 0 0
    outer loop
      vertex 11.1 -3.58857 25.9114
      vertex 11.1 -3.21955 13.423
      vertex 11.1 -3.21955 25.577
    endloop
  endfacet
  facet normal 1 0 0
    outer loop
      vertex 11.1 -3.58857 25.9114
      vertex 11.1 -3.58857 13.0886
      vertex 11.1 -3.21955 13.423
    endloop
  endfacet
  facet normal 1 0 0
    outer loop
      vertex 11.1 -3.92303 26.2805
      vertex 11.1 -3.58857 13.0886
      vertex 11.1 -3.58857 25.9114
    endloop
  endfacet
  facet normal 1 0 0
    outer loop
      vertex 11.1 -3.92303 26.2805
      vertex 11.1 -3.92303 12.7195
      vertex 11.1 -3.58857 13.0886
    endloop
  endfacet
  facet normal 1 0 0
    outer loop
      vertex 11.1 -4.21971 26.6805
      vertex 11.1 -3.92303 12.7195
      vertex 11.1 -3.92303 26.2805
    endloop
  endfacet
  facet normal 1 0 0
    outer loop
      vertex 11.1 -4.21971 26.6805
      vertex 11.1 -4.21971 12.3195
      vertex 11.1 -3.92303 12.7195
    endloop
  endfacet
  facet normal 1 0 0
    outer loop
      vertex 11.1 -4.47575 27.1077
      vertex 11.1 -4.21971 12.3195
      vertex 11.1 -4.21971 26.6805
    endloop
  endfacet
  facet normal 1 0 0
    outer loop
      vertex 11.1 -4.47575 27.1077
      vertex 11.1 -4.47575 11.8923
      vertex 11.1 -4.21971 12.3195
    endloop
  endfacet
  facet normal 1 0 0
    outer loop
      vertex 11.1 -4.68869 27.5579
      vertex 11.1 -4.47575 11.8923
      vertex 11.1 -4.47575 27.1077
    endloop
  endfacet
  facet normal 1 0 0
    outer loop
      vertex 11.1 -4.68869 27.5579
      vertex 11.1 -4.68869 11.4421
      vertex 11.1 -4.47575 11.8923
    endloop
  endfacet
  facet normal 1 0 0
    outer loop
      vertex 11.1 -4.85647 28.0268
      vertex 11.1 -4.68869 11.4421
      vertex 11.1 -4.68869 27.5579
    endloop
  endfacet
  facet normal 1 0 0
    outer loop
      vertex 11.1 -4.85647 28.0268
      vertex 11.1 -4.85647 10.9732
      vertex 11.1 -4.68869 11.4421
    endloop
  endfacet
  facet normal 1 0 0
    outer loop
      vertex 11.1 -12.2599 39
      vertex 11.1 -4.85647 28.0268
      vertex 11.1 -4.97748 28.5099
    endloop
  endfacet
  facet normal 1 0 0
    outer loop
      vertex 11.1 -4.85647 28.0268
      vertex 11.1 -12.2599 39
      vertex 11.1 -4.85647 10.9732
    endloop
  endfacet
  facet normal 1 0 0
    outer loop
      vertex 11.1 -12.2599 39
      vertex 11.1 -4.97748 28.5099
      vertex 11.1 -5.05056 29.0026
    endloop
  endfacet
  facet normal 1 0 0
    outer loop
      vertex 11.1 -12.2599 0
      vertex 11.1 -4.85647 10.9732
      vertex 11.1 -12.2599 39
    endloop
  endfacet
  facet normal 1 0 0
    outer loop
      vertex 11.1 -12.2599 39
      vertex 11.1 -5.05056 29.0026
      vertex 11.1 -5.075 29.5
    endloop
  endfacet
  facet normal 1 0 0
    outer loop
      vertex 11.1 -4.85647 10.9732
      vertex 11.1 -12.2599 0
      vertex 11.1 -4.97748 10.4901
    endloop
  endfacet
  facet normal 1 0 0
    outer loop
      vertex 11.1 5.075 29.5
      vertex 11.1 9.5 29.5
      vertex 11.1 9.45425 30.4312
    endloop
  endfacet
  facet normal 1 0 0
    outer loop
      vertex 11.1 5.05056 29.0026
      vertex 11.1 9.5 29.5
      vertex 11.1 5.075 29.5
    endloop
  endfacet
  facet normal 1 0 0
    outer loop
      vertex 11.1 5.05056 29.9974
      vertex 11.1 9.45425 30.4312
      vertex 11.1 9.31746 31.3534
    endloop
  endfacet
  facet normal 1 0 0
    outer loop
      vertex 11.1 4.97748 28.5099
      vertex 11.1 9.5 29.5
      vertex 11.1 5.05056 29.0026
    endloop
  endfacet
  facet normal 1 0 0
    outer loop
      vertex 11.1 4.97748 30.4901
      vertex 11.1 9.31746 31.3534
      vertex 11.1 9.09093 32.2577
    endloop
  endfacet
  facet normal 1 0 0
    outer loop
      vertex 11.1 9.5 9.5
      vertex 11.1 5.075 9.5
      vertex 11.1 9.45425 8.56884
    endloop
  endfacet
  facet normal 1 0 0
    outer loop
      vertex 11.1 4.85647 30.9732
      vertex 11.1 9.09093 32.2577
      vertex 11.1 8.77686 33.1355
    endloop
  endfacet
  facet normal 1 -0 0
    outer loop
      vertex 11.1 5.05056 9.00256
      vertex 11.1 9.45425 8.56884
      vertex 11.1 5.075 9.5
    endloop
  endfacet
  facet normal 1 0 0
    outer loop
      vertex 11.1 4.68869 31.4421
      vertex 11.1 8.77686 33.1355
      vertex 11.1 8.37825 33.9783
    endloop
  endfacet
  facet normal 1 0 0
    outer loop
      vertex 11.1 9.45425 8.56884
      vertex 11.1 5.05056 9.00256
      vertex 11.1 9.31746 7.64664
    endloop
  endfacet
  facet normal 1 0 0
    outer loop
      vertex 11.1 4.47575 31.8923
      vertex 11.1 8.37825 33.9783
      vertex 11.1 7.89896 34.7779
    endloop
  endfacet
  facet normal 1 -0 0
    outer loop
      vertex 11.1 4.97748 8.50992
      vertex 11.1 9.31746 7.64664
      vertex 11.1 5.05056 9.00256
    endloop
  endfacet
  facet normal 1 0 0
    outer loop
      vertex 11.1 4.21971 32.3195
      vertex 11.1 7.89896 34.7779
      vertex 11.1 7.3436 35.5267
    endloop
  endfacet
  facet normal 1 0 0
    outer loop
      vertex 11.1 9.31746 7.64664
      vertex 11.1 4.97748 8.50992
      vertex 11.1 9.09093 6.7423
    endloop
  endfacet
  facet normal 1 0 0
    outer loop
      vertex 11.1 3.92303 32.7195
      vertex 11.1 7.3436 35.5267
      vertex 11.1 6.71751 36.2175
    endloop
  endfacet
  facet normal 1 -0 0
    outer loop
      vertex 11.1 4.85647 8.02681
      vertex 11.1 9.09093 6.7423
      vertex 11.1 4.97748 8.50992
    endloop
  endfacet
  facet normal 1 0 0
    outer loop
      vertex 11.1 3.58857 33.0886
      vertex 11.1 6.71751 36.2175
      vertex 11.1 6.02674 36.8436
    endloop
  endfacet
  facet normal 1 0 0
    outer loop
      vertex 11.1 9.09093 6.7423
      vertex 11.1 4.85647 8.02681
      vertex 11.1 8.77686 5.86451
    endloop
  endfacet
  facet normal 1 0 0
    outer loop
      vertex 11.1 3.21955 33.423
      vertex 11.1 6.02674 36.8436
      vertex 11.1 5.27792 37.399
    endloop
  endfacet
  facet normal 1 -0 0
    outer loop
      vertex 11.1 4.68869 7.55788
      vertex 11.1 8.77686 5.86451
      vertex 11.1 4.85647 8.02681
    endloop
  endfacet
  facet normal 1 0 0
    outer loop
      vertex 11.1 8.77686 5.86451
      vertex 11.1 4.68869 7.55788
      vertex 11.1 8.37825 5.02173
    endloop
  endfacet
  facet normal 1 0 0
    outer loop
      vertex 11.1 9.45425 30.4312
      vertex 11.1 5.05056 29.9974
      vertex 11.1 5.075 29.5
    endloop
  endfacet
  facet normal 1 0 0
    outer loop
      vertex 11.1 9.31746 31.3534
      vertex 11.1 4.97748 30.4901
      vertex 11.1 5.05056 29.9974
    endloop
  endfacet
  facet normal 1 0 0
    outer loop
      vertex 11.1 9.09093 32.2577
      vertex 11.1 4.85647 30.9732
      vertex 11.1 4.97748 30.4901
    endloop
  endfacet
  facet normal 1 0 0
    outer loop
      vertex 11.1 8.77686 33.1355
      vertex 11.1 4.68869 31.4421
      vertex 11.1 4.85647 30.9732
    endloop
  endfacet
  facet normal 1 0 0
    outer loop
      vertex 11.1 2.81952 33.7197
      vertex 11.1 5.27792 37.399
      vertex 11.1 4.47827 37.8783
    endloop
  endfacet
  facet normal 1 0 0
    outer loop
      vertex 11.1 8.37825 33.9783
      vertex 11.1 4.47575 31.8923
      vertex 11.1 4.68869 31.4421
    endloop
  endfacet
  facet normal 1 0 0
    outer loop
      vertex 11.1 7.89896 34.7779
      vertex 11.1 4.21971 32.3195
      vertex 11.1 4.47575 31.8923
    endloop
  endfacet
  facet normal 1 0 0
    outer loop
      vertex 11.1 7.3436 35.5267
      vertex 11.1 3.92303 32.7195
      vertex 11.1 4.21971 32.3195
    endloop
  endfacet
  facet normal 1 0 0
    outer loop
      vertex 11.1 2.39234 33.9757
      vertex 11.1 4.47827 37.8783
      vertex 11.1 3.63549 38.2769
    endloop
  endfacet
  facet normal 1 0 0
    outer loop
      vertex 11.1 6.71751 36.2175
      vertex 11.1 3.58857 33.0886
      vertex 11.1 3.92303 32.7195
    endloop
  endfacet
  facet normal 1 0 0
    outer loop
      vertex 11.1 6.02674 36.8436
      vertex 11.1 3.21955 33.423
      vertex 11.1 3.58857 33.0886
    endloop
  endfacet
  facet normal 1 0 0
    outer loop
      vertex 11.1 5.27792 37.399
      vertex 11.1 2.81952 33.7197
      vertex 11.1 3.21955 33.423
    endloop
  endfacet
  facet normal 1 0 0
    outer loop
      vertex 11.1 1.94212 34.1887
      vertex 11.1 3.63549 38.2769
      vertex 11.1 2.7577 38.5909
    endloop
  endfacet
  facet normal 1 0 0
    outer loop
      vertex 11.1 4.47827 37.8783
      vertex 11.1 2.39234 33.9757
      vertex 11.1 2.81952 33.7197
    endloop
  endfacet
  facet normal 1 0 0
    outer loop
      vertex 11.1 3.63549 38.2769
      vertex 11.1 1.94212 34.1887
      vertex 11.1 2.39234 33.9757
    endloop
  endfacet
  facet normal 1 0 0
    outer loop
      vertex 11.1 1.47319 34.3565
      vertex 11.1 2.7577 38.5909
      vertex 11.1 1.85336 38.8175
    endloop
  endfacet
  facet normal 1 0 0
    outer loop
      vertex 11.1 2.7577 38.5909
      vertex 11.1 1.47319 34.3565
      vertex 11.1 1.94212 34.1887
    endloop
  endfacet
  facet normal 1 0 0
    outer loop
      vertex 11.1 1.85336 38.8175
      vertex 11.1 0.990083 34.4775
      vertex 11.1 1.47319 34.3565
    endloop
  endfacet
  facet normal 1 0 0
    outer loop
      vertex 11.1 0.931162 38.9543
      vertex 11.1 0.990083 34.4775
      vertex 11.1 1.85336 38.8175
    endloop
  endfacet
  facet normal 1 0 0
    outer loop
      vertex 11.1 0.931162 38.9543
      vertex 11.1 0.497437 34.5506
      vertex 11.1 0.990083 34.4775
    endloop
  endfacet
  facet normal 1 0 0
    outer loop
      vertex 11.1 0 39
      vertex 11.1 0.497437 34.5506
      vertex 11.1 0.931162 38.9543
    endloop
  endfacet
  facet normal 1 0 0
    outer loop
      vertex 11.1 0 39
      vertex 11.1 0 34.575
      vertex 11.1 0.497437 34.5506
    endloop
  endfacet
  facet normal 1 0 0
    outer loop
      vertex 11.1 0 39
      vertex 11.1 -0.497437 34.5506
      vertex 11.1 0 34.575
    endloop
  endfacet
  facet normal 1 0 0
    outer loop
      vertex 11.1 0 39
      vertex 11.1 -0.990083 34.4775
      vertex 11.1 -0.497437 34.5506
    endloop
  endfacet
  facet normal 1 0 0
    outer loop
      vertex 11.1 0 39
      vertex 11.1 -1.47319 34.3565
      vertex 11.1 -0.990083 34.4775
    endloop
  endfacet
  facet normal 1 0 0
    outer loop
      vertex 11.1 0 39
      vertex 11.1 -1.94212 34.1887
      vertex 11.1 -1.47319 34.3565
    endloop
  endfacet
  facet normal 1 0 0
    outer loop
      vertex 11.1 0 39
      vertex 11.1 -2.39234 33.9757
      vertex 11.1 -1.94212 34.1887
    endloop
  endfacet
  facet normal 1 0 0
    outer loop
      vertex 11.1 0 39
      vertex 11.1 -2.81952 33.7197
      vertex 11.1 -2.39234 33.9757
    endloop
  endfacet
  facet normal 1 -0 0
    outer loop
      vertex 11.1 -12.2599 39
      vertex 11.1 -2.81952 33.7197
      vertex 11.1 0 39
    endloop
  endfacet
  facet normal 1 0 0
    outer loop
      vertex 11.1 -2.81952 33.7197
      vertex 11.1 -12.2599 39
      vertex 11.1 -3.21955 33.423
    endloop
  endfacet
  facet normal 1 0 0
    outer loop
      vertex 11.1 -3.21955 33.423
      vertex 11.1 -12.2599 39
      vertex 11.1 -3.58857 33.0886
    endloop
  endfacet
  facet normal 1 0 0
    outer loop
      vertex 11.1 -3.58857 33.0886
      vertex 11.1 -12.2599 39
      vertex 11.1 -3.92303 32.7195
    endloop
  endfacet
  facet normal 1 0 0
    outer loop
      vertex 11.1 -4.97748 10.4901
      vertex 11.1 -12.2599 0
      vertex 11.1 -5.05056 9.99744
    endloop
  endfacet
  facet normal 1 0 0
    outer loop
      vertex 11.1 -5.05056 29.9974
      vertex 11.1 -12.2599 39
      vertex 11.1 -5.075 29.5
    endloop
  endfacet
  facet normal 1 0 0
    outer loop
      vertex 11.1 -4.97748 30.4901
      vertex 11.1 -12.2599 39
      vertex 11.1 -5.05056 29.9974
    endloop
  endfacet
  facet normal 1 0 0
    outer loop
      vertex 11.1 -4.85647 30.9732
      vertex 11.1 -12.2599 39
      vertex 11.1 -4.97748 30.4901
    endloop
  endfacet
  facet normal 1 0 0
    outer loop
      vertex 11.1 -4.68869 31.4421
      vertex 11.1 -12.2599 39
      vertex 11.1 -4.85647 30.9732
    endloop
  endfacet
  facet normal 1 0 0
    outer loop
      vertex 11.1 -4.47575 31.8923
      vertex 11.1 -12.2599 39
      vertex 11.1 -4.68869 31.4421
    endloop
  endfacet
  facet normal 1 0 0
    outer loop
      vertex 11.1 -4.21971 32.3195
      vertex 11.1 -12.2599 39
      vertex 11.1 -4.47575 31.8923
    endloop
  endfacet
  facet normal 1 0 0
    outer loop
      vertex 11.1 -3.92303 32.7195
      vertex 11.1 -12.2599 39
      vertex 11.1 -4.21971 32.3195
    endloop
  endfacet
  facet normal 1 -0 0
    outer loop
      vertex 11.1 4.47575 7.10766
      vertex 11.1 8.37825 5.02173
      vertex 11.1 4.68869 7.55788
    endloop
  endfacet
  facet normal 1 0 0
    outer loop
      vertex 11.1 8.37825 5.02173
      vertex 11.1 4.47575 7.10766
      vertex 11.1 7.89896 4.22208
    endloop
  endfacet
  facet normal 1 -0 0
    outer loop
      vertex 11.1 4.21971 6.68048
      vertex 11.1 7.89896 4.22208
      vertex 11.1 4.47575 7.10766
    endloop
  endfacet
  facet normal 1 0 0
    outer loop
      vertex 11.1 7.89896 4.22208
      vertex 11.1 4.21971 6.68048
      vertex 11.1 7.3436 3.47326
    endloop
  endfacet
  facet normal 1 -0 0
    outer loop
      vertex 11.1 3.92303 6.28045
      vertex 11.1 7.3436 3.47326
      vertex 11.1 4.21971 6.68048
    endloop
  endfacet
  facet normal 1 0 0
    outer loop
      vertex 11.1 7.3436 3.47326
      vertex 11.1 3.92303 6.28045
      vertex 11.1 6.71751 2.78249
    endloop
  endfacet
  facet normal 1 -0 0
    outer loop
      vertex 11.1 3.58857 5.91143
      vertex 11.1 6.71751 2.78249
      vertex 11.1 3.92303 6.28045
    endloop
  endfacet
  facet normal 1 0 0
    outer loop
      vertex 11.1 6.71751 2.78249
      vertex 11.1 3.58857 5.91143
      vertex 11.1 6.02674 2.1564
    endloop
  endfacet
  facet normal 1 -0 0
    outer loop
      vertex 11.1 3.21955 5.57697
      vertex 11.1 6.02674 2.1564
      vertex 11.1 3.58857 5.91143
    endloop
  endfacet
  facet normal 1 0 0
    outer loop
      vertex 11.1 6.02674 2.1564
      vertex 11.1 3.21955 5.57697
      vertex 11.1 5.27792 1.60104
    endloop
  endfacet
  facet normal 1 -0 0
    outer loop
      vertex 11.1 2.81952 5.28029
      vertex 11.1 5.27792 1.60104
      vertex 11.1 3.21955 5.57697
    endloop
  endfacet
  facet normal 1 0 0
    outer loop
      vertex 11.1 5.27792 1.60104
      vertex 11.1 2.81952 5.28029
      vertex 11.1 4.47827 1.12175
    endloop
  endfacet
  facet normal 1 -0 0
    outer loop
      vertex 11.1 2.39234 5.02425
      vertex 11.1 4.47827 1.12175
      vertex 11.1 2.81952 5.28029
    endloop
  endfacet
  facet normal 1 0 0
    outer loop
      vertex 11.1 4.47827 1.12175
      vertex 11.1 2.39234 5.02425
      vertex 11.1 3.63549 0.723145
    endloop
  endfacet
  facet normal 1 -0 0
    outer loop
      vertex 11.1 1.94212 4.81131
      vertex 11.1 3.63549 0.723145
      vertex 11.1 2.39234 5.02425
    endloop
  endfacet
  facet normal 1 0 0
    outer loop
      vertex 11.1 3.63549 0.723145
      vertex 11.1 1.94212 4.81131
      vertex 11.1 2.7577 0.409067
    endloop
  endfacet
  facet normal 1 -0 0
    outer loop
      vertex 11.1 1.47319 4.64353
      vertex 11.1 2.7577 0.409067
      vertex 11.1 1.94212 4.81131
    endloop
  endfacet
  facet normal 1 0 0
    outer loop
      vertex 11.1 2.7577 0.409067
      vertex 11.1 1.47319 4.64353
      vertex 11.1 1.85336 0.18254
    endloop
  endfacet
  facet normal 1 -0 0
    outer loop
      vertex 11.1 0.990083 4.52252
      vertex 11.1 1.85336 0.18254
      vertex 11.1 1.47319 4.64353
    endloop
  endfacet
  facet normal 1 0 0
    outer loop
      vertex 11.1 0.990083 4.52252
      vertex 11.1 0.931162 0.0457458
      vertex 11.1 1.85336 0.18254
    endloop
  endfacet
  facet normal 1 -0 0
    outer loop
      vertex 11.1 0.497437 4.44944
      vertex 11.1 0.931162 0.0457458
      vertex 11.1 0.990083 4.52252
    endloop
  endfacet
  facet normal 1 -0 0
    outer loop
      vertex 11.1 0 4.425
      vertex 11.1 0.931162 0.0457458
      vertex 11.1 0.497437 4.44944
    endloop
  endfacet
  facet normal 1 0 0
    outer loop
      vertex 11.1 0 4.425
      vertex 11.1 0 0
      vertex 11.1 0.931162 0.0457458
    endloop
  endfacet
  facet normal 1 0 0
    outer loop
      vertex 11.1 -0.497437 4.44944
      vertex 11.1 0 0
      vertex 11.1 0 4.425
    endloop
  endfacet
  facet normal 1 0 0
    outer loop
      vertex 11.1 -0.990083 4.52252
      vertex 11.1 0 0
      vertex 11.1 -0.497437 4.44944
    endloop
  endfacet
  facet normal 1 0 0
    outer loop
      vertex 11.1 -1.47319 4.64353
      vertex 11.1 0 0
      vertex 11.1 -0.990083 4.52252
    endloop
  endfacet
  facet normal 1 0 0
    outer loop
      vertex 11.1 -1.94212 4.81131
      vertex 11.1 0 0
      vertex 11.1 -1.47319 4.64353
    endloop
  endfacet
  facet normal 1 0 0
    outer loop
      vertex 11.1 -2.39234 5.02425
      vertex 11.1 0 0
      vertex 11.1 -1.94212 4.81131
    endloop
  endfacet
  facet normal 1 0 0
    outer loop
      vertex 11.1 -2.81952 5.28029
      vertex 11.1 0 0
      vertex 11.1 -2.39234 5.02425
    endloop
  endfacet
  facet normal 1 0 0
    outer loop
      vertex 11.1 -12.2599 0
      vertex 11.1 -2.81952 5.28029
      vertex 11.1 -3.21955 5.57697
    endloop
  endfacet
  facet normal 1 0 0
    outer loop
      vertex 11.1 -12.2599 0
      vertex 11.1 -3.21955 5.57697
      vertex 11.1 -3.58857 5.91143
    endloop
  endfacet
  facet normal 1 0 0
    outer loop
      vertex 11.1 -12.2599 0
      vertex 11.1 -3.58857 5.91143
      vertex 11.1 -3.92303 6.28045
    endloop
  endfacet
  facet normal 1 0 0
    outer loop
      vertex 11.1 -12.2599 0
      vertex 11.1 -3.92303 6.28045
      vertex 11.1 -4.21971 6.68048
    endloop
  endfacet
  facet normal 1 0 0
    outer loop
      vertex 11.1 -5.05056 9.99744
      vertex 11.1 -12.2599 0
      vertex 11.1 -5.075 9.5
    endloop
  endfacet
  facet normal 1 0 0
    outer loop
      vertex 11.1 -5.075 9.5
      vertex 11.1 -12.2599 0
      vertex 11.1 -5.05056 9.00256
    endloop
  endfacet
  facet normal 1 0 0
    outer loop
      vertex 11.1 -2.81952 5.28029
      vertex 11.1 -12.2599 0
      vertex 11.1 0 0
    endloop
  endfacet
  facet normal 1 0 0
    outer loop
      vertex 11.1 -4.47575 7.10766
      vertex 11.1 -12.2599 0
      vertex 11.1 -4.21971 6.68048
    endloop
  endfacet
  facet normal 1 0 0
    outer loop
      vertex 11.1 -4.68869 7.55788
      vertex 11.1 -12.2599 0
      vertex 11.1 -4.47575 7.10766
    endloop
  endfacet
  facet normal 1 0 0
    outer loop
      vertex 11.1 -4.85647 8.02681
      vertex 11.1 -12.2599 0
      vertex 11.1 -4.68869 7.55788
    endloop
  endfacet
  facet normal 1 0 0
    outer loop
      vertex 11.1 -4.97748 8.50992
      vertex 11.1 -12.2599 0
      vertex 11.1 -4.85647 8.02681
    endloop
  endfacet
  facet normal 1 0 0
    outer loop
      vertex 11.1 -5.05056 9.00256
      vertex 11.1 -12.2599 0
      vertex 11.1 -4.97748 8.50992
    endloop
  endfacet
  facet normal 1 -0 0
    outer loop
      vertex 11.1 -24.7 39
      vertex 11.1 -22.8401 0
      vertex 11.1 -22.8401 39
    endloop
  endfacet
  facet normal 1 0 0
    outer loop
      vertex 11.1 -22.8401 0
      vertex 11.1 -24.7 39
      vertex 11.1 -24.7 0
    endloop
  endfacet
  facet normal 0 0 1
    outer loop
      vertex 0 0 39
      vertex -8 0 39
      vertex 0 -10 39
    endloop
  endfacet
  facet normal -0 0 1
    outer loop
      vertex 6.1 -10 39
      vertex 11.1 -12.2599 39
      vertex 11.1 0 39
    endloop
  endfacet
  facet normal 0 0 1
    outer loop
      vertex 11.1 -12.2599 39
      vertex 10.2367 -12.792 39
      vertex 10.4572 -12.8963 39
    endloop
  endfacet
  facet normal 0 0 1
    outer loop
      vertex 11.1 -12.2599 39
      vertex 9.7608 -12.6218 39
      vertex 10.2367 -12.792 39
    endloop
  endfacet
  facet normal 0 -0 1
    outer loop
      vertex 9.27055 -12.499 39
      vertex 11.1 -12.2599 39
      vertex 6.1 -10 39
    endloop
  endfacet
  facet normal 0 0 1
    outer loop
      vertex 11.1 -12.2599 39
      vertex 9.27055 -12.499 39
      vertex 9.7608 -12.6218 39
    endloop
  endfacet
  facet normal 0 0 1
    outer loop
      vertex 9.27055 -12.499 39
      vertex 6.1 -10 39
      vertex 8.77062 -12.4248 39
    endloop
  endfacet
  facet normal 0 0 1
    outer loop
      vertex 8.77062 -12.4248 39
      vertex 6.1 -10 39
      vertex 8.26583 -12.4 39
    endloop
  endfacet
  facet normal 0 0 1
    outer loop
      vertex 8.26583 -12.4 39
      vertex 6.1 -10 39
      vertex 7.76104 -12.4248 39
    endloop
  endfacet
  facet normal 0 0 1
    outer loop
      vertex 7.76104 -12.4248 39
      vertex 6.1 -10 39
      vertex 7.26112 -12.499 39
    endloop
  endfacet
  facet normal 0 0 1
    outer loop
      vertex 7.26112 -12.499 39
      vertex 6.1 -10 39
      vertex 6.77087 -12.6218 39
    endloop
  endfacet
  facet normal 0 0 1
    outer loop
      vertex 6.1 -10 39
      vertex 11.1 0 39
      vertex 6.1 0 39
    endloop
  endfacet
  facet normal 0 0 1
    outer loop
      vertex 6.77087 -12.6218 39
      vertex 6.1 -10 39
      vertex 6.29501 -12.792 39
    endloop
  endfacet
  facet normal 0 0 1
    outer loop
      vertex 6.1 -10 39
      vertex 5.83814 -13.0081 39
      vertex 6.29501 -12.792 39
    endloop
  endfacet
  facet normal 0 0 1
    outer loop
      vertex 6.1 -10 39
      vertex 5.40465 -13.2679 39
      vertex 5.83814 -13.0081 39
    endloop
  endfacet
  facet normal 0 0 1
    outer loop
      vertex 6.1 -10 39
      vertex 4.99871 -13.569 39
      vertex 5.40465 -13.2679 39
    endloop
  endfacet
  facet normal -0 0 1
    outer loop
      vertex 0 -10 39
      vertex 4.99871 -13.569 39
      vertex 6.1 -10 39
    endloop
  endfacet
  facet normal 0 0 1
    outer loop
      vertex 4.99871 -13.569 39
      vertex 0 -10 39
      vertex 4.62423 -13.9084 39
    endloop
  endfacet
  facet normal 0 0 1
    outer loop
      vertex 4.62423 -13.9084 39
      vertex 0 -10 39
      vertex 4.28483 -14.2829 39
    endloop
  endfacet
  facet normal 0 0 1
    outer loop
      vertex 4.28483 -14.2829 39
      vertex 0 -10 39
      vertex 3.98376 -14.6888 39
    endloop
  endfacet
  facet normal 0 0 1
    outer loop
      vertex 3.98376 -14.6888 39
      vertex 0 -10 39
      vertex 3.72394 -15.1223 39
    endloop
  endfacet
  facet normal 0 0 1
    outer loop
      vertex -8 -24.7 39
      vertex 3.14063 -17.0452 39
      vertex 0 -10 39
    endloop
  endfacet
  facet normal 0 0 1
    outer loop
      vertex 3.21479 -16.5453 39
      vertex 0 -10 39
      vertex 3.14063 -17.0452 39
    endloop
  endfacet
  facet normal 0 0 1
    outer loop
      vertex 3.33759 -16.055 39
      vertex 0 -10 39
      vertex 3.21479 -16.5453 39
    endloop
  endfacet
  facet normal 0 0 1
    outer loop
      vertex 3.50785 -15.5792 39
      vertex 0 -10 39
      vertex 3.33759 -16.055 39
    endloop
  endfacet
  facet normal 0 0 1
    outer loop
      vertex 3.72394 -15.1223 39
      vertex 0 -10 39
      vertex 3.50785 -15.5792 39
    endloop
  endfacet
  facet normal -0 0 1
    outer loop
      vertex 10.2367 -22.308 39
      vertex 11.1 -22.8401 39
      vertex 10.4572 -22.2037 39
    endloop
  endfacet
  facet normal -0 0 1
    outer loop
      vertex 9.7608 -22.4782 39
      vertex 11.1 -22.8401 39
      vertex 10.2367 -22.308 39
    endloop
  endfacet
  facet normal 0 0 1
    outer loop
      vertex 11.1 -22.8401 39
      vertex 9.7608 -22.4782 39
      vertex 11.1 -24.7 39
    endloop
  endfacet
  facet normal -0 0 1
    outer loop
      vertex 9.27055 -22.601 39
      vertex 11.1 -24.7 39
      vertex 9.7608 -22.4782 39
    endloop
  endfacet
  facet normal -0 0 1
    outer loop
      vertex 8.77062 -22.6752 39
      vertex 11.1 -24.7 39
      vertex 9.27055 -22.601 39
    endloop
  endfacet
  facet normal -0 0 1
    outer loop
      vertex 8.26583 -22.7 39
      vertex 11.1 -24.7 39
      vertex 8.77062 -22.6752 39
    endloop
  endfacet
  facet normal 0 0 1
    outer loop
      vertex 7.76104 -22.6752 39
      vertex 11.1 -24.7 39
      vertex 8.26583 -22.7 39
    endloop
  endfacet
  facet normal 0 0 1
    outer loop
      vertex 7.26112 -22.601 39
      vertex 11.1 -24.7 39
      vertex 7.76104 -22.6752 39
    endloop
  endfacet
  facet normal 0 0 1
    outer loop
      vertex 6.77087 -22.4782 39
      vertex 11.1 -24.7 39
      vertex 7.26112 -22.601 39
    endloop
  endfacet
  facet normal 0 0 1
    outer loop
      vertex -8 -24.7 39
      vertex 6.77087 -22.4782 39
      vertex 6.29501 -22.308 39
    endloop
  endfacet
  facet normal 0 0 1
    outer loop
      vertex -8 -24.7 39
      vertex 6.29501 -22.308 39
      vertex 5.83814 -22.0919 39
    endloop
  endfacet
  facet normal 0 0 1
    outer loop
      vertex 3.14063 -17.0452 39
      vertex -8 -24.7 39
      vertex 3.11583 -17.55 39
    endloop
  endfacet
  facet normal 0 0 1
    outer loop
      vertex 3.11583 -17.55 39
      vertex -8 -24.7 39
      vertex 3.14063 -18.0548 39
    endloop
  endfacet
  facet normal 0 0 1
    outer loop
      vertex 3.14063 -18.0548 39
      vertex -8 -24.7 39
      vertex 3.21479 -18.5547 39
    endloop
  endfacet
  facet normal 0 0 1
    outer loop
      vertex 3.21479 -18.5547 39
      vertex -8 -24.7 39
      vertex 3.33759 -19.045 39
    endloop
  endfacet
  facet normal 0 0 1
    outer loop
      vertex -8 -24.7 39
      vertex 0 -10 39
      vertex -8 0 39
    endloop
  endfacet
  facet normal 0 0 1
    outer loop
      vertex 3.33759 -19.045 39
      vertex -8 -24.7 39
      vertex 3.50785 -19.5208 39
    endloop
  endfacet
  facet normal 0 0 1
    outer loop
      vertex 6.77087 -22.4782 39
      vertex -8 -24.7 39
      vertex 11.1 -24.7 39
    endloop
  endfacet
  facet normal 0 0 1
    outer loop
      vertex 5.40465 -21.8321 39
      vertex -8 -24.7 39
      vertex 5.83814 -22.0919 39
    endloop
  endfacet
  facet normal 0 0 1
    outer loop
      vertex 4.99871 -21.531 39
      vertex -8 -24.7 39
      vertex 5.40465 -21.8321 39
    endloop
  endfacet
  facet normal 0 0 1
    outer loop
      vertex 4.62423 -21.1916 39
      vertex -8 -24.7 39
      vertex 4.99871 -21.531 39
    endloop
  endfacet
  facet normal 0 0 1
    outer loop
      vertex 4.28483 -20.8171 39
      vertex -8 -24.7 39
      vertex 4.62423 -21.1916 39
    endloop
  endfacet
  facet normal 0 0 1
    outer loop
      vertex 3.98376 -20.4112 39
      vertex -8 -24.7 39
      vertex 4.28483 -20.8171 39
    endloop
  endfacet
  facet normal 0 0 1
    outer loop
      vertex 3.72394 -19.9777 39
      vertex -8 -24.7 39
      vertex 3.98376 -20.4112 39
    endloop
  endfacet
  facet normal 0 0 1
    outer loop
      vertex 3.50785 -19.5208 39
      vertex -8 -24.7 39
      vertex 3.72394 -19.9777 39
    endloop
  endfacet
  facet normal 0 0 -1
    outer loop
      vertex 9.7608 -22.4782 0
      vertex 11.1 -22.8401 0
      vertex 11.1 -24.7 0
    endloop
  endfacet
  facet normal 0 0 -1
    outer loop
      vertex 11.1 -22.8401 0
      vertex 10.2367 -22.308 0
      vertex 10.4572 -22.2037 0
    endloop
  endfacet
  facet normal 0 0 -1
    outer loop
      vertex 11.1 -22.8401 0
      vertex 9.7608 -22.4782 0
      vertex 10.2367 -22.308 0
    endloop
  endfacet
  facet normal 0 0 -1
    outer loop
      vertex 11.1 -24.7 0
      vertex 9.27055 -22.601 0
      vertex 9.7608 -22.4782 0
    endloop
  endfacet
  facet normal 0 0 -1
    outer loop
      vertex 11.1 -24.7 0
      vertex 8.77062 -22.6752 0
      vertex 9.27055 -22.601 0
    endloop
  endfacet
  facet normal 0 0 -1
    outer loop
      vertex 11.1 -24.7 0
      vertex 8.26583 -22.7 0
      vertex 8.77062 -22.6752 0
    endloop
  endfacet
  facet normal 0 0 -1
    outer loop
      vertex 11.1 -24.7 0
      vertex 7.76104 -22.6752 0
      vertex 8.26583 -22.7 0
    endloop
  endfacet
  facet normal 0 0 -1
    outer loop
      vertex 11.1 -24.7 0
      vertex 7.26112 -22.601 0
      vertex 7.76104 -22.6752 0
    endloop
  endfacet
  facet normal 0 0 -1
    outer loop
      vertex 11.1 -24.7 0
      vertex 6.77087 -22.4782 0
      vertex 7.26112 -22.601 0
    endloop
  endfacet
  facet normal 0 0 -1
    outer loop
      vertex -8 -24.7 0
      vertex 6.77087 -22.4782 0
      vertex 11.1 -24.7 0
    endloop
  endfacet
  facet normal -0 0 -1
    outer loop
      vertex 6.77087 -22.4782 0
      vertex -8 -24.7 0
      vertex 6.29501 -22.308 0
    endloop
  endfacet
  facet normal 0 0 -1
    outer loop
      vertex -8 -24.7 0
      vertex 3.11583 -17.55 0
      vertex 3.14063 -18.0548 0
    endloop
  endfacet
  facet normal 0 0 -1
    outer loop
      vertex -8 -24.7 0
      vertex 3.14063 -18.0548 0
      vertex 3.21479 -18.5547 0
    endloop
  endfacet
  facet normal 0 0 -1
    outer loop
      vertex -8 -24.7 0
      vertex 3.21479 -18.5547 0
      vertex 3.33759 -19.045 0
    endloop
  endfacet
  facet normal 0 0 -1
    outer loop
      vertex -8 -24.7 0
      vertex 3.33759 -19.045 0
      vertex 3.50785 -19.5208 0
    endloop
  endfacet
  facet normal -0 0 -1
    outer loop
      vertex 6.29501 -22.308 0
      vertex -8 -24.7 0
      vertex 5.83814 -22.0919 0
    endloop
  endfacet
  facet normal 0 0 -1
    outer loop
      vertex -8 -24.7 0
      vertex 5.40465 -21.8321 0
      vertex 5.83814 -22.0919 0
    endloop
  endfacet
  facet normal 0 0 -1
    outer loop
      vertex -8 -24.7 0
      vertex 4.99871 -21.531 0
      vertex 5.40465 -21.8321 0
    endloop
  endfacet
  facet normal 0 0 -1
    outer loop
      vertex -8 -24.7 0
      vertex 4.62423 -21.1916 0
      vertex 4.99871 -21.531 0
    endloop
  endfacet
  facet normal 0 0 -1
    outer loop
      vertex -8 -24.7 0
      vertex 4.28483 -20.8171 0
      vertex 4.62423 -21.1916 0
    endloop
  endfacet
  facet normal 0 0 -1
    outer loop
      vertex -8 -24.7 0
      vertex 3.98376 -20.4112 0
      vertex 4.28483 -20.8171 0
    endloop
  endfacet
  facet normal 0 0 -1
    outer loop
      vertex -8 -24.7 0
      vertex 3.72394 -19.9777 0
      vertex 3.98376 -20.4112 0
    endloop
  endfacet
  facet normal 0 0 -1
    outer loop
      vertex -8 -24.7 0
      vertex 3.50785 -19.5208 0
      vertex 3.72394 -19.9777 0
    endloop
  endfacet
  facet normal -0 0 -1
    outer loop
      vertex 3.11583 -17.55 0
      vertex -8 -24.7 0
      vertex 0 -10 0
    endloop
  endfacet
  facet normal 0 0 -1
    outer loop
      vertex -8 0 0
      vertex 0 -10 0
      vertex -8 -24.7 0
    endloop
  endfacet
  facet normal 0 0 -1
    outer loop
      vertex 0 -10 0
      vertex -8 0 0
      vertex 0 0 0
    endloop
  endfacet
  facet normal 0 0 -1
    outer loop
      vertex 5.83814 -13.0081 0
      vertex 6.1 -10 0
      vertex 6.29501 -12.792 0
    endloop
  endfacet
  facet normal 0 0 -1
    outer loop
      vertex 5.40465 -13.2679 0
      vertex 6.1 -10 0
      vertex 5.83814 -13.0081 0
    endloop
  endfacet
  facet normal 0 0 -1
    outer loop
      vertex 4.99871 -13.569 0
      vertex 6.1 -10 0
      vertex 5.40465 -13.2679 0
    endloop
  endfacet
  facet normal 0 0 -1
    outer loop
      vertex 0 -10 0
      vertex 4.99871 -13.569 0
      vertex 4.62423 -13.9084 0
    endloop
  endfacet
  facet normal 0 0 -1
    outer loop
      vertex 0 -10 0
      vertex 4.62423 -13.9084 0
      vertex 4.28483 -14.2829 0
    endloop
  endfacet
  facet normal 0 0 -1
    outer loop
      vertex 0 -10 0
      vertex 4.28483 -14.2829 0
      vertex 3.98376 -14.6888 0
    endloop
  endfacet
  facet normal 0 0 -1
    outer loop
      vertex 0 -10 0
      vertex 3.98376 -14.6888 0
      vertex 3.72394 -15.1223 0
    endloop
  endfacet
  facet normal 0 0 -1
    outer loop
      vertex 0 -10 0
      vertex 3.72394 -15.1223 0
      vertex 3.50785 -15.5792 0
    endloop
  endfacet
  facet normal 0 0 -1
    outer loop
      vertex 4.99871 -13.569 0
      vertex 0 -10 0
      vertex 6.1 -10 0
    endloop
  endfacet
  facet normal 0 0 -1
    outer loop
      vertex 3.33759 -16.055 0
      vertex 0 -10 0
      vertex 3.50785 -15.5792 0
    endloop
  endfacet
  facet normal 0 0 -1
    outer loop
      vertex 3.21479 -16.5453 0
      vertex 0 -10 0
      vertex 3.33759 -16.055 0
    endloop
  endfacet
  facet normal 0 0 -1
    outer loop
      vertex 3.14063 -17.0452 0
      vertex 0 -10 0
      vertex 3.21479 -16.5453 0
    endloop
  endfacet
  facet normal 0 0 -1
    outer loop
      vertex 0 -10 0
      vertex 3.14063 -17.0452 0
      vertex 3.11583 -17.55 0
    endloop
  endfacet
  facet normal 0 0 -1
    outer loop
      vertex 10.2367 -12.792 0
      vertex 11.1 -12.2599 0
      vertex 10.4572 -12.8963 0
    endloop
  endfacet
  facet normal 0 0 -1
    outer loop
      vertex 9.7608 -12.6218 0
      vertex 11.1 -12.2599 0
      vertex 10.2367 -12.792 0
    endloop
  endfacet
  facet normal 0 0 -1
    outer loop
      vertex 9.27055 -12.499 0
      vertex 11.1 -12.2599 0
      vertex 9.7608 -12.6218 0
    endloop
  endfacet
  facet normal -0 0 -1
    outer loop
      vertex 11.1 -12.2599 0
      vertex 9.27055 -12.499 0
      vertex 6.1 -10 0
    endloop
  endfacet
  facet normal 0 0 -1
    outer loop
      vertex 6.1 -10 0
      vertex 9.27055 -12.499 0
      vertex 8.77062 -12.4248 0
    endloop
  endfacet
  facet normal 0 0 -1
    outer loop
      vertex 6.1 -10 0
      vertex 8.77062 -12.4248 0
      vertex 8.26583 -12.4 0
    endloop
  endfacet
  facet normal 0 0 -1
    outer loop
      vertex 6.1 -10 0
      vertex 8.26583 -12.4 0
      vertex 7.76104 -12.4248 0
    endloop
  endfacet
  facet normal 0 0 -1
    outer loop
      vertex 6.1 -10 0
      vertex 7.76104 -12.4248 0
      vertex 7.26112 -12.499 0
    endloop
  endfacet
  facet normal 0 0 -1
    outer loop
      vertex 6.1 -10 0
      vertex 7.26112 -12.499 0
      vertex 6.77087 -12.6218 0
    endloop
  endfacet
  facet normal 0 0 -1
    outer loop
      vertex 6.1 -10 0
      vertex 6.77087 -12.6218 0
      vertex 6.29501 -12.792 0
    endloop
  endfacet
  facet normal 0 0 -1
    outer loop
      vertex 11.1 -12.2599 0
      vertex 6.1 -10 0
      vertex 11.1 0 0
    endloop
  endfacet
  facet normal -0 0 -1
    outer loop
      vertex 11.1 0 0
      vertex 6.1 -10 0
      vertex 6.1 0 0
    endloop
  endfacet
  facet normal 0 1 -0
    outer loop
      vertex 6.1 -10 0
      vertex 0 -10 39
      vertex 6.1 -10 39
    endloop
  endfacet
  facet normal 0 1 0
    outer loop
      vertex 0 -10 39
      vertex 6.1 -10 0
      vertex 0 -10 0
    endloop
  endfacet
  facet normal 0 -1 0
    outer loop
      vertex -8 -24.7 0
      vertex 11.1 -24.7 39
      vertex -8 -24.7 39
    endloop
  endfacet
  facet normal 0 -1 -0
    outer loop
      vertex 11.1 -24.7 39
      vertex -8 -24.7 0
      vertex 11.1 -24.7 0
    endloop
  endfacet
  facet normal 0 -0.146775 -0.98917
    outer loop
      vertex -6 0.497437 14.5506
      vertex 0 0.990083 14.4775
      vertex 0 0.497437 14.5506
    endloop
  endfacet
  facet normal -0 -0.146775 -0.98917
    outer loop
      vertex 0 0.990083 14.4775
      vertex -6 0.497437 14.5506
      vertex -6 0.990083 14.4775
    endloop
  endfacet
  facet normal 0 -0.0489925 -0.998799
    outer loop
      vertex -6 0 14.575
      vertex 0 0.497437 14.5506
      vertex 0 0 14.575
    endloop
  endfacet
  facet normal -0 -0.0489925 -0.998799
    outer loop
      vertex 0 0.497437 14.5506
      vertex -6 0 14.575
      vertex -6 0.497437 14.5506
    endloop
  endfacet
  facet normal 0 -0.242958 -0.970037
    outer loop
      vertex -6 0.990083 14.4775
      vertex 0 1.47319 14.3565
      vertex 0 0.990083 14.4775
    endloop
  endfacet
  facet normal -0 -0.242958 -0.970037
    outer loop
      vertex 0 1.47319 14.3565
      vertex -6 0.990083 14.4775
      vertex -6 1.47319 14.3565
    endloop
  endfacet
  facet normal 0 0.941541 -0.336899
    outer loop
      vertex 0 -4.85647 10.9732
      vertex -6 -4.68869 11.4421
      vertex 0 -4.68869 11.4421
    endloop
  endfacet
  facet normal 0 0.941541 -0.336899
    outer loop
      vertex -6 -4.68869 11.4421
      vertex 0 -4.85647 10.9732
      vertex -6 -4.85647 10.9732
    endloop
  endfacet
  facet normal 0 -0.427558 0.903988
    outer loop
      vertex -6 2.39234 5.02425
      vertex 0 1.94212 4.81131
      vertex 0 2.39234 5.02425
    endloop
  endfacet
  facet normal 0 -0.427558 0.903988
    outer loop
      vertex 0 1.94212 4.81131
      vertex -6 2.39234 5.02425
      vertex -6 1.94212 4.81131
    endloop
  endfacet
  facet normal 0 -0.741024 -0.671479
    outer loop
      vertex -6 3.92303 12.7195
      vertex 0 3.58857 13.0886
      vertex -6 3.58857 13.0886
    endloop
  endfacet
  facet normal 0 -0.741024 -0.671479
    outer loop
      vertex 0 3.58857 13.0886
      vertex -6 3.92303 12.7195
      vertex 0 3.92303 12.7195
    endloop
  endfacet
  facet normal 0 0.989175 0.146738
    outer loop
      vertex 0 -4.97748 8.50992
      vertex -6 -5.05056 9.00256
      vertex 0 -5.05056 9.00256
    endloop
  endfacet
  facet normal 0 0.989175 0.146738
    outer loop
      vertex -6 -5.05056 9.00256
      vertex 0 -4.97748 8.50992
      vertex -6 -4.97748 8.50992
    endloop
  endfacet
  facet normal 0 -0.336915 -0.941535
    outer loop
      vertex -6 1.47319 14.3565
      vertex 0 1.94212 14.1887
      vertex 0 1.47319 14.3565
    endloop
  endfacet
  facet normal -0 -0.336915 -0.941535
    outer loop
      vertex 0 1.94212 14.1887
      vertex -6 1.47319 14.3565
      vertex -6 1.94212 14.1887
    endloop
  endfacet
  facet normal 0 -0.998795 0.0490724
    outer loop
      vertex -6 5.05056 9.00256
      vertex 0 5.075 9.5
      vertex -6 5.075 9.5
    endloop
  endfacet
  facet normal 0 -0.998795 0.0490724
    outer loop
      vertex 0 5.075 9.5
      vertex -6 5.05056 9.00256
      vertex 0 5.05056 9.00256
    endloop
  endfacet
  facet normal 0 0.998795 -0.0490724
    outer loop
      vertex 0 -5.075 9.5
      vertex -6 -5.05056 9.99744
      vertex 0 -5.05056 9.99744
    endloop
  endfacet
  facet normal 0 0.998795 -0.0490724
    outer loop
      vertex -6 -5.05056 9.99744
      vertex 0 -5.075 9.5
      vertex -6 -5.075 9.5
    endloop
  endfacet
  facet normal 0 0.595722 -0.803191
    outer loop
      vertex -6 -3.21955 13.423
      vertex 0 -2.81952 13.7197
      vertex 0 -3.21955 13.423
    endloop
  endfacet
  facet normal 0 0.595722 -0.803191
    outer loop
      vertex 0 -2.81952 13.7197
      vertex -6 -3.21955 13.423
      vertex -6 -2.81952 13.7197
    endloop
  endfacet
  facet normal 0 0.80321 0.595696
    outer loop
      vertex 0 -3.92303 6.28045
      vertex -6 -4.21971 6.68048
      vertex 0 -4.21971 6.68048
    endloop
  endfacet
  facet normal 0 0.80321 0.595696
    outer loop
      vertex -6 -4.21971 6.68048
      vertex 0 -3.92303 6.28045
      vertex -6 -3.92303 6.28045
    endloop
  endfacet
  facet normal 0 -0.336879 0.941548
    outer loop
      vertex -6 1.94212 4.81131
      vertex 0 1.47319 4.64353
      vertex 0 1.94212 4.81131
    endloop
  endfacet
  facet normal 0 -0.336879 0.941548
    outer loop
      vertex 0 1.47319 4.64353
      vertex -6 1.94212 4.81131
      vertex -6 1.47319 4.64353
    endloop
  endfacet
  facet normal 0 -0.514041 -0.857766
    outer loop
      vertex -6 2.39234 13.9757
      vertex 0 2.81952 13.7197
      vertex 0 2.39234 13.9757
    endloop
  endfacet
  facet normal -0 -0.514041 -0.857766
    outer loop
      vertex 0 2.81952 13.7197
      vertex -6 2.39234 13.9757
      vertex -6 2.81952 13.7197
    endloop
  endfacet
  facet normal -0 0.0490727 0.998795
    outer loop
      vertex -6 0 4.425
      vertex 0 -0.497437 4.44944
      vertex 0 0 4.425
    endloop
  endfacet
  facet normal 0 0.0490727 0.998795
    outer loop
      vertex 0 -0.497437 4.44944
      vertex -6 0 4.425
      vertex -6 -0.497437 4.44944
    endloop
  endfacet
  facet normal 0 -0.595722 -0.803191
    outer loop
      vertex -6 2.81952 13.7197
      vertex 0 3.21955 13.423
      vertex 0 2.81952 13.7197
    endloop
  endfacet
  facet normal -0 -0.595722 -0.803191
    outer loop
      vertex 0 3.21955 13.423
      vertex -6 2.81952 13.7197
      vertex -6 3.21955 13.423
    endloop
  endfacet
  facet normal 0 -0.427656 -0.903941
    outer loop
      vertex -6 1.94212 14.1887
      vertex 0 2.39234 13.9757
      vertex 0 1.94212 14.1887
    endloop
  endfacet
  facet normal -0 -0.427656 -0.903941
    outer loop
      vertex 0 2.39234 13.9757
      vertex -6 1.94212 14.1887
      vertex -6 2.39234 13.9757
    endloop
  endfacet
  facet normal 0 0.242958 -0.970037
    outer loop
      vertex -6 -1.47319 14.3565
      vertex 0 -0.990083 14.4775
      vertex 0 -1.47319 14.3565
    endloop
  endfacet
  facet normal 0 0.242958 -0.970037
    outer loop
      vertex 0 -0.990083 14.4775
      vertex -6 -1.47319 14.3565
      vertex -6 -0.990083 14.4775
    endloop
  endfacet
  facet normal 0 -0.242976 0.970032
    outer loop
      vertex -6 1.47319 4.64353
      vertex 0 0.990083 4.52252
      vertex 0 1.47319 4.64353
    endloop
  endfacet
  facet normal 0 -0.242976 0.970032
    outer loop
      vertex 0 0.990083 4.52252
      vertex -6 1.47319 4.64353
      vertex -6 0.990083 4.52252
    endloop
  endfacet
  facet normal 0 0.903988 0.427558
    outer loop
      vertex 0 -4.47575 7.10766
      vertex -6 -4.68869 7.55788
      vertex 0 -4.68869 7.55788
    endloop
  endfacet
  facet normal 0 0.903988 0.427558
    outer loop
      vertex -6 -4.68869 7.55788
      vertex 0 -4.47575 7.10766
      vertex -6 -4.47575 7.10766
    endloop
  endfacet
  facet normal -0 0.242976 0.970032
    outer loop
      vertex -6 -0.990083 4.52252
      vertex 0 -1.47319 4.64353
      vertex 0 -0.990083 4.52252
    endloop
  endfacet
  facet normal 0 0.242976 0.970032
    outer loop
      vertex 0 -1.47319 4.64353
      vertex -6 -0.990083 4.52252
      vertex -6 -1.47319 4.64353
    endloop
  endfacet
  facet normal 0 0.146775 -0.98917
    outer loop
      vertex -6 -0.990083 14.4775
      vertex 0 -0.497437 14.5506
      vertex 0 -0.990083 14.4775
    endloop
  endfacet
  facet normal 0 0.146775 -0.98917
    outer loop
      vertex 0 -0.497437 14.5506
      vertex -6 -0.990083 14.4775
      vertex -6 -0.497437 14.5506
    endloop
  endfacet
  facet normal 0 -0.989175 0.146738
    outer loop
      vertex -6 4.97748 8.50992
      vertex 0 5.05056 9.00256
      vertex -6 5.05056 9.00256
    endloop
  endfacet
  facet normal 0 -0.989175 0.146738
    outer loop
      vertex 0 5.05056 9.00256
      vertex -6 4.97748 8.50992
      vertex 0 4.97748 8.50992
    endloop
  endfacet
  facet normal 0 0.903981 -0.427574
    outer loop
      vertex 0 -4.68869 11.4421
      vertex -6 -4.47575 11.8923
      vertex 0 -4.47575 11.8923
    endloop
  endfacet
  facet normal 0 0.903981 -0.427574
    outer loop
      vertex -6 -4.47575 11.8923
      vertex 0 -4.68869 11.4421
      vertex -6 -4.68869 11.4421
    endloop
  endfacet
  facet normal 0 -0.740951 0.671559
    outer loop
      vertex -6 3.58857 5.91143
      vertex 0 3.92303 6.28045
      vertex -6 3.92303 6.28045
    endloop
  endfacet
  facet normal 0 -0.740951 0.671559
    outer loop
      vertex 0 3.92303 6.28045
      vertex -6 3.58857 5.91143
      vertex 0 3.58857 5.91143
    endloop
  endfacet
  facet normal 0 0.427656 -0.903941
    outer loop
      vertex -6 -2.39234 13.9757
      vertex 0 -1.94212 14.1887
      vertex 0 -2.39234 13.9757
    endloop
  endfacet
  facet normal 0 0.427656 -0.903941
    outer loop
      vertex 0 -1.94212 14.1887
      vertex -6 -2.39234 13.9757
      vertex -6 -1.94212 14.1887
    endloop
  endfacet
  facet normal 0 -0.80321 0.595696
    outer loop
      vertex -6 3.92303 6.28045
      vertex 0 4.21971 6.68048
      vertex -6 4.21971 6.68048
    endloop
  endfacet
  facet normal 0 -0.80321 0.595696
    outer loop
      vertex 0 4.21971 6.68048
      vertex -6 3.92303 6.28045
      vertex 0 3.92303 6.28045
    endloop
  endfacet
  facet normal 0 -0.671493 -0.741011
    outer loop
      vertex -6 3.21955 13.423
      vertex 0 3.58857 13.0886
      vertex 0 3.21955 13.423
    endloop
  endfacet
  facet normal -0 -0.671493 -0.741011
    outer loop
      vertex 0 3.58857 13.0886
      vertex -6 3.21955 13.423
      vertex -6 3.58857 13.0886
    endloop
  endfacet
  facet normal -0 0.427558 0.903988
    outer loop
      vertex -6 -1.94212 4.81131
      vertex 0 -2.39234 5.02425
      vertex 0 -1.94212 4.81131
    endloop
  endfacet
  facet normal 0 0.427558 0.903988
    outer loop
      vertex 0 -2.39234 5.02425
      vertex -6 -1.94212 4.81131
      vertex -6 -2.39234 5.02425
    endloop
  endfacet
  facet normal 0 0.0489925 -0.998799
    outer loop
      vertex -6 -0.497437 14.5506
      vertex 0 0 14.575
      vertex 0 -0.497437 14.5506
    endloop
  endfacet
  facet normal 0 0.0489925 -0.998799
    outer loop
      vertex 0 0 14.575
      vertex -6 -0.497437 14.5506
      vertex -6 0 14.575
    endloop
  endfacet
  facet normal 0 -0.970031 -0.24298
    outer loop
      vertex -6 4.97748 10.4901
      vertex 0 4.85647 10.9732
      vertex -6 4.85647 10.9732
    endloop
  endfacet
  facet normal 0 -0.970031 -0.24298
    outer loop
      vertex 0 4.85647 10.9732
      vertex -6 4.97748 10.4901
      vertex 0 4.97748 10.4901
    endloop
  endfacet
  facet normal -0 0.336879 0.941548
    outer loop
      vertex -6 -1.47319 4.64353
      vertex 0 -1.94212 4.81131
      vertex 0 -1.47319 4.64353
    endloop
  endfacet
  facet normal 0 0.336879 0.941548
    outer loop
      vertex 0 -1.94212 4.81131
      vertex -6 -1.47319 4.64353
      vertex -6 -1.94212 4.81131
    endloop
  endfacet
  facet normal 0 -0.857741 -0.514082
    outer loop
      vertex -6 4.47575 11.8923
      vertex 0 4.21971 12.3195
      vertex -6 4.21971 12.3195
    endloop
  endfacet
  facet normal 0 -0.857741 -0.514082
    outer loop
      vertex 0 4.21971 12.3195
      vertex -6 4.47575 11.8923
      vertex 0 4.47575 11.8923
    endloop
  endfacet
  facet normal 0 -0.803189 -0.595725
    outer loop
      vertex -6 4.21971 12.3195
      vertex 0 3.92303 12.7195
      vertex -6 3.92303 12.7195
    endloop
  endfacet
  facet normal 0 -0.803189 -0.595725
    outer loop
      vertex 0 3.92303 12.7195
      vertex -6 4.21971 12.3195
      vertex 0 4.21971 12.3195
    endloop
  endfacet
  facet normal 0 0.989176 -0.146732
    outer loop
      vertex 0 -5.05056 9.99744
      vertex -6 -4.97748 10.4901
      vertex 0 -4.97748 10.4901
    endloop
  endfacet
  facet normal 0 0.989176 -0.146732
    outer loop
      vertex -6 -4.97748 10.4901
      vertex 0 -5.05056 9.99744
      vertex -6 -5.05056 9.99744
    endloop
  endfacet
  facet normal 0 0.671493 -0.741011
    outer loop
      vertex -6 -3.58857 13.0886
      vertex 0 -3.21955 13.423
      vertex 0 -3.58857 13.0886
    endloop
  endfacet
  facet normal 0 0.671493 -0.741011
    outer loop
      vertex 0 -3.21955 13.423
      vertex -6 -3.58857 13.0886
      vertex -6 -3.21955 13.423
    endloop
  endfacet
  facet normal 0 0.970033 0.242975
    outer loop
      vertex 0 -4.85647 8.02681
      vertex -6 -4.97748 8.50992
      vertex 0 -4.97748 8.50992
    endloop
  endfacet
  facet normal 0 0.970033 0.242975
    outer loop
      vertex -6 -4.97748 8.50992
      vertex 0 -4.85647 8.02681
      vertex -6 -4.85647 8.02681
    endloop
  endfacet
  facet normal 0 0.970031 -0.24298
    outer loop
      vertex 0 -4.97748 10.4901
      vertex -6 -4.85647 10.9732
      vertex 0 -4.85647 10.9732
    endloop
  endfacet
  facet normal 0 0.970031 -0.24298
    outer loop
      vertex -6 -4.85647 10.9732
      vertex 0 -4.97748 10.4901
      vertex -6 -4.97748 10.4901
    endloop
  endfacet
  facet normal 0 0.336915 -0.941535
    outer loop
      vertex -6 -1.94212 14.1887
      vertex 0 -1.47319 14.3565
      vertex 0 -1.94212 14.1887
    endloop
  endfacet
  facet normal 0 0.336915 -0.941535
    outer loop
      vertex 0 -1.47319 14.3565
      vertex -6 -1.94212 14.1887
      vertex -6 -1.47319 14.3565
    endloop
  endfacet
  facet normal 0 -0.5141 0.85773
    outer loop
      vertex -6 2.81952 5.28029
      vertex 0 2.39234 5.02425
      vertex 0 2.81952 5.28029
    endloop
  endfacet
  facet normal 0 -0.5141 0.85773
    outer loop
      vertex 0 2.39234 5.02425
      vertex -6 2.81952 5.28029
      vertex -6 2.39234 5.02425
    endloop
  endfacet
  facet normal 0 -0.970033 0.242975
    outer loop
      vertex -6 4.85647 8.02681
      vertex 0 4.97748 8.50992
      vertex -6 4.97748 8.50992
    endloop
  endfacet
  facet normal 0 -0.970033 0.242975
    outer loop
      vertex 0 4.97748 8.50992
      vertex -6 4.85647 8.02681
      vertex 0 4.85647 8.02681
    endloop
  endfacet
  facet normal 0 -0.989176 -0.146732
    outer loop
      vertex -6 5.05056 9.99744
      vertex 0 4.97748 10.4901
      vertex -6 4.97748 10.4901
    endloop
  endfacet
  facet normal 0 -0.989176 -0.146732
    outer loop
      vertex 0 4.97748 10.4901
      vertex -6 5.05056 9.99744
      vertex 0 5.05056 9.99744
    endloop
  endfacet
  facet normal 0 -0.998795 -0.0490724
    outer loop
      vertex -6 5.075 9.5
      vertex 0 5.05056 9.99744
      vertex -6 5.05056 9.99744
    endloop
  endfacet
  facet normal 0 -0.998795 -0.0490724
    outer loop
      vertex 0 5.05056 9.99744
      vertex -6 5.075 9.5
      vertex 0 5.075 9.5
    endloop
  endfacet
  facet normal 0 -0.146736 0.989176
    outer loop
      vertex -6 0.990083 4.52252
      vertex 0 0.497437 4.44944
      vertex 0 0.990083 4.52252
    endloop
  endfacet
  facet normal 0 -0.146736 0.989176
    outer loop
      vertex 0 0.497437 4.44944
      vertex -6 0.990083 4.52252
      vertex -6 0.497437 4.44944
    endloop
  endfacet
  facet normal 0 -0.85773 0.5141
    outer loop
      vertex -6 4.21971 6.68048
      vertex 0 4.47575 7.10766
      vertex -6 4.47575 7.10766
    endloop
  endfacet
  facet normal 0 -0.85773 0.5141
    outer loop
      vertex 0 4.47575 7.10766
      vertex -6 4.21971 6.68048
      vertex 0 4.21971 6.68048
    endloop
  endfacet
  facet normal 0 -0.903981 -0.427574
    outer loop
      vertex -6 4.68869 11.4421
      vertex 0 4.47575 11.8923
      vertex -6 4.47575 11.8923
    endloop
  endfacet
  facet normal 0 -0.903981 -0.427574
    outer loop
      vertex 0 4.47575 11.8923
      vertex -6 4.68869 11.4421
      vertex 0 4.68869 11.4421
    endloop
  endfacet
  facet normal 0 0.514041 -0.857766
    outer loop
      vertex -6 -2.81952 13.7197
      vertex 0 -2.39234 13.9757
      vertex 0 -2.81952 13.7197
    endloop
  endfacet
  facet normal 0 0.514041 -0.857766
    outer loop
      vertex 0 -2.39234 13.9757
      vertex -6 -2.81952 13.7197
      vertex -6 -2.39234 13.9757
    endloop
  endfacet
  facet normal -0 0.671559 0.740951
    outer loop
      vertex -6 -3.21955 5.57697
      vertex 0 -3.58857 5.91143
      vertex 0 -3.21955 5.57697
    endloop
  endfacet
  facet normal 0 0.671559 0.740951
    outer loop
      vertex 0 -3.58857 5.91143
      vertex -6 -3.21955 5.57697
      vertex -6 -3.58857 5.91143
    endloop
  endfacet
  facet normal -0 0.5141 0.85773
    outer loop
      vertex -6 -2.39234 5.02425
      vertex 0 -2.81952 5.28029
      vertex 0 -2.39234 5.02425
    endloop
  endfacet
  facet normal 0 0.5141 0.85773
    outer loop
      vertex 0 -2.81952 5.28029
      vertex -6 -2.39234 5.02425
      vertex -6 -2.81952 5.28029
    endloop
  endfacet
  facet normal 0 -0.941548 0.336879
    outer loop
      vertex -6 4.68869 7.55788
      vertex 0 4.85647 8.02681
      vertex -6 4.85647 8.02681
    endloop
  endfacet
  facet normal 0 -0.941548 0.336879
    outer loop
      vertex 0 4.85647 8.02681
      vertex -6 4.68869 7.55788
      vertex 0 4.68869 7.55788
    endloop
  endfacet
  facet normal 0 -0.941541 -0.336899
    outer loop
      vertex -6 4.85647 10.9732
      vertex 0 4.68869 11.4421
      vertex -6 4.68869 11.4421
    endloop
  endfacet
  facet normal 0 -0.941541 -0.336899
    outer loop
      vertex 0 4.68869 11.4421
      vertex -6 4.85647 10.9732
      vertex 0 4.85647 10.9732
    endloop
  endfacet
  facet normal 0 0.85773 0.5141
    outer loop
      vertex 0 -4.21971 6.68048
      vertex -6 -4.47575 7.10766
      vertex 0 -4.47575 7.10766
    endloop
  endfacet
  facet normal 0 0.85773 0.5141
    outer loop
      vertex -6 -4.47575 7.10766
      vertex 0 -4.21971 6.68048
      vertex -6 -4.21971 6.68048
    endloop
  endfacet
  facet normal 0 0.803189 -0.595725
    outer loop
      vertex 0 -4.21971 12.3195
      vertex -6 -3.92303 12.7195
      vertex 0 -3.92303 12.7195
    endloop
  endfacet
  facet normal 0 0.803189 -0.595725
    outer loop
      vertex -6 -3.92303 12.7195
      vertex 0 -4.21971 12.3195
      vertex -6 -4.21971 12.3195
    endloop
  endfacet
  facet normal 0 -0.671559 0.740951
    outer loop
      vertex -6 3.58857 5.91143
      vertex 0 3.21955 5.57697
      vertex 0 3.58857 5.91143
    endloop
  endfacet
  facet normal 0 -0.671559 0.740951
    outer loop
      vertex 0 3.21955 5.57697
      vertex -6 3.58857 5.91143
      vertex -6 3.21955 5.57697
    endloop
  endfacet
  facet normal -0 0.595696 0.80321
    outer loop
      vertex -6 -2.81952 5.28029
      vertex 0 -3.21955 5.57697
      vertex 0 -2.81952 5.28029
    endloop
  endfacet
  facet normal 0 0.595696 0.80321
    outer loop
      vertex 0 -3.21955 5.57697
      vertex -6 -2.81952 5.28029
      vertex -6 -3.21955 5.57697
    endloop
  endfacet
  facet normal 0 -0.903988 0.427558
    outer loop
      vertex -6 4.47575 7.10766
      vertex 0 4.68869 7.55788
      vertex -6 4.68869 7.55788
    endloop
  endfacet
  facet normal 0 -0.903988 0.427558
    outer loop
      vertex 0 4.68869 7.55788
      vertex -6 4.47575 7.10766
      vertex 0 4.47575 7.10766
    endloop
  endfacet
  facet normal -0 0.146736 0.989176
    outer loop
      vertex -6 -0.497437 4.44944
      vertex 0 -0.990083 4.52252
      vertex 0 -0.497437 4.44944
    endloop
  endfacet
  facet normal 0 0.146736 0.989176
    outer loop
      vertex 0 -0.990083 4.52252
      vertex -6 -0.497437 4.44944
      vertex -6 -0.990083 4.52252
    endloop
  endfacet
  facet normal 0 0.857741 -0.514082
    outer loop
      vertex 0 -4.47575 11.8923
      vertex -6 -4.21971 12.3195
      vertex 0 -4.21971 12.3195
    endloop
  endfacet
  facet normal 0 0.857741 -0.514082
    outer loop
      vertex -6 -4.21971 12.3195
      vertex 0 -4.47575 11.8923
      vertex -6 -4.47575 11.8923
    endloop
  endfacet
  facet normal 0 0.740951 0.671559
    outer loop
      vertex 0 -3.58857 5.91143
      vertex -6 -3.92303 6.28045
      vertex 0 -3.92303 6.28045
    endloop
  endfacet
  facet normal 0 0.740951 0.671559
    outer loop
      vertex -6 -3.92303 6.28045
      vertex 0 -3.58857 5.91143
      vertex -6 -3.58857 5.91143
    endloop
  endfacet
  facet normal 0 -0.595696 0.80321
    outer loop
      vertex -6 3.21955 5.57697
      vertex 0 2.81952 5.28029
      vertex 0 3.21955 5.57697
    endloop
  endfacet
  facet normal 0 -0.595696 0.80321
    outer loop
      vertex 0 2.81952 5.28029
      vertex -6 3.21955 5.57697
      vertex -6 2.81952 5.28029
    endloop
  endfacet
  facet normal 0 0.998795 0.0490724
    outer loop
      vertex 0 -5.05056 9.00256
      vertex -6 -5.075 9.5
      vertex 0 -5.075 9.5
    endloop
  endfacet
  facet normal 0 0.998795 0.0490724
    outer loop
      vertex -6 -5.075 9.5
      vertex 0 -5.05056 9.00256
      vertex -6 -5.05056 9.00256
    endloop
  endfacet
  facet normal 1 0 0
    outer loop
      vertex -6 5.05056 9.99744
      vertex -6 5.05056 9.00256
      vertex -6 5.075 9.5
    endloop
  endfacet
  facet normal 1 0 0
    outer loop
      vertex -6 4.97748 10.4901
      vertex -6 5.05056 9.00256
      vertex -6 5.05056 9.99744
    endloop
  endfacet
  facet normal 1 0 0
    outer loop
      vertex -6 4.97748 10.4901
      vertex -6 4.97748 8.50992
      vertex -6 5.05056 9.00256
    endloop
  endfacet
  facet normal 1 0 0
    outer loop
      vertex -6 4.85647 10.9732
      vertex -6 4.97748 8.50992
      vertex -6 4.97748 10.4901
    endloop
  endfacet
  facet normal 1 0 0
    outer loop
      vertex -6 4.85647 10.9732
      vertex -6 4.85647 8.02681
      vertex -6 4.97748 8.50992
    endloop
  endfacet
  facet normal 1 0 0
    outer loop
      vertex -6 4.68869 11.4421
      vertex -6 4.85647 8.02681
      vertex -6 4.85647 10.9732
    endloop
  endfacet
  facet normal 1 0 0
    outer loop
      vertex -6 4.68869 11.4421
      vertex -6 4.68869 7.55788
      vertex -6 4.85647 8.02681
    endloop
  endfacet
  facet normal 1 0 0
    outer loop
      vertex -6 4.47575 11.8923
      vertex -6 4.68869 7.55788
      vertex -6 4.68869 11.4421
    endloop
  endfacet
  facet normal 1 0 0
    outer loop
      vertex -6 4.47575 11.8923
      vertex -6 4.47575 7.10766
      vertex -6 4.68869 7.55788
    endloop
  endfacet
  facet normal 1 0 0
    outer loop
      vertex -6 4.21971 12.3195
      vertex -6 4.47575 7.10766
      vertex -6 4.47575 11.8923
    endloop
  endfacet
  facet normal 1 0 0
    outer loop
      vertex -6 4.21971 12.3195
      vertex -6 4.21971 6.68048
      vertex -6 4.47575 7.10766
    endloop
  endfacet
  facet normal 1 0 0
    outer loop
      vertex -6 3.92303 12.7195
      vertex -6 4.21971 6.68048
      vertex -6 4.21971 12.3195
    endloop
  endfacet
  facet normal 1 0 0
    outer loop
      vertex -6 3.92303 12.7195
      vertex -6 3.92303 6.28045
      vertex -6 4.21971 6.68048
    endloop
  endfacet
  facet normal 1 0 0
    outer loop
      vertex -6 3.58857 13.0886
      vertex -6 3.92303 6.28045
      vertex -6 3.92303 12.7195
    endloop
  endfacet
  facet normal 1 0 0
    outer loop
      vertex -6 3.58857 13.0886
      vertex -6 3.58857 5.91143
      vertex -6 3.92303 6.28045
    endloop
  endfacet
  facet normal 1 0 0
    outer loop
      vertex -6 3.21955 13.423
      vertex -6 3.58857 5.91143
      vertex -6 3.58857 13.0886
    endloop
  endfacet
  facet normal 1 0 0
    outer loop
      vertex -6 3.21955 13.423
      vertex -6 3.21955 5.57697
      vertex -6 3.58857 5.91143
    endloop
  endfacet
  facet normal 1 0 0
    outer loop
      vertex -6 2.81952 13.7197
      vertex -6 3.21955 5.57697
      vertex -6 3.21955 13.423
    endloop
  endfacet
  facet normal 1 0 0
    outer loop
      vertex -6 2.81952 13.7197
      vertex -6 2.81952 5.28029
      vertex -6 3.21955 5.57697
    endloop
  endfacet
  facet normal 1 0 0
    outer loop
      vertex -6 2.39234 13.9757
      vertex -6 2.81952 5.28029
      vertex -6 2.81952 13.7197
    endloop
  endfacet
  facet normal 1 0 0
    outer loop
      vertex -6 2.39234 13.9757
      vertex -6 2.39234 5.02425
      vertex -6 2.81952 5.28029
    endloop
  endfacet
  facet normal 1 0 0
    outer loop
      vertex -6 1.94212 14.1887
      vertex -6 2.39234 5.02425
      vertex -6 2.39234 13.9757
    endloop
  endfacet
  facet normal 1 0 0
    outer loop
      vertex -6 1.94212 14.1887
      vertex -6 1.94212 4.81131
      vertex -6 2.39234 5.02425
    endloop
  endfacet
  facet normal 1 0 0
    outer loop
      vertex -6 1.47319 14.3565
      vertex -6 1.94212 4.81131
      vertex -6 1.94212 14.1887
    endloop
  endfacet
  facet normal 1 0 0
    outer loop
      vertex -6 1.47319 14.3565
      vertex -6 1.47319 4.64353
      vertex -6 1.94212 4.81131
    endloop
  endfacet
  facet normal 1 0 0
    outer loop
      vertex -6 0.990083 14.4775
      vertex -6 1.47319 4.64353
      vertex -6 1.47319 14.3565
    endloop
  endfacet
  facet normal 1 0 0
    outer loop
      vertex -6 0.990083 14.4775
      vertex -6 0.990083 4.52252
      vertex -6 1.47319 4.64353
    endloop
  endfacet
  facet normal 1 0 0
    outer loop
      vertex -6 0.497437 14.5506
      vertex -6 0.990083 4.52252
      vertex -6 0.990083 14.4775
    endloop
  endfacet
  facet normal 1 0 0
    outer loop
      vertex -6 0.497437 14.5506
      vertex -6 0.497437 4.44944
      vertex -6 0.990083 4.52252
    endloop
  endfacet
  facet normal 1 0 0
    outer loop
      vertex -6 0 14.575
      vertex -6 0.497437 4.44944
      vertex -6 0.497437 14.5506
    endloop
  endfacet
  facet normal 1 0 0
    outer loop
      vertex -6 0 14.575
      vertex -6 0 4.425
      vertex -6 0.497437 4.44944
    endloop
  endfacet
  facet normal 1 -0 0
    outer loop
      vertex -6 -0.497437 14.5506
      vertex -6 0 4.425
      vertex -6 0 14.575
    endloop
  endfacet
  facet normal 1 0 0
    outer loop
      vertex -6 -0.497437 14.5506
      vertex -6 -0.497437 4.44944
      vertex -6 0 4.425
    endloop
  endfacet
  facet normal 1 -0 0
    outer loop
      vertex -6 -0.990083 14.4775
      vertex -6 -0.497437 4.44944
      vertex -6 -0.497437 14.5506
    endloop
  endfacet
  facet normal 1 0 0
    outer loop
      vertex -6 -0.990083 14.4775
      vertex -6 -0.990083 4.52252
      vertex -6 -0.497437 4.44944
    endloop
  endfacet
  facet normal 1 -0 0
    outer loop
      vertex -6 -1.47319 14.3565
      vertex -6 -0.990083 4.52252
      vertex -6 -0.990083 14.4775
    endloop
  endfacet
  facet normal 1 0 0
    outer loop
      vertex -6 -1.47319 14.3565
      vertex -6 -1.47319 4.64353
      vertex -6 -0.990083 4.52252
    endloop
  endfacet
  facet normal 1 -0 0
    outer loop
      vertex -6 -1.94212 14.1887
      vertex -6 -1.47319 4.64353
      vertex -6 -1.47319 14.3565
    endloop
  endfacet
  facet normal 1 0 0
    outer loop
      vertex -6 -1.94212 14.1887
      vertex -6 -1.94212 4.81131
      vertex -6 -1.47319 4.64353
    endloop
  endfacet
  facet normal 1 -0 0
    outer loop
      vertex -6 -2.39234 13.9757
      vertex -6 -1.94212 4.81131
      vertex -6 -1.94212 14.1887
    endloop
  endfacet
  facet normal 1 0 0
    outer loop
      vertex -6 -2.39234 13.9757
      vertex -6 -2.39234 5.02425
      vertex -6 -1.94212 4.81131
    endloop
  endfacet
  facet normal 1 -0 0
    outer loop
      vertex -6 -2.81952 13.7197
      vertex -6 -2.39234 5.02425
      vertex -6 -2.39234 13.9757
    endloop
  endfacet
  facet normal 1 0 0
    outer loop
      vertex -6 -2.81952 13.7197
      vertex -6 -2.81952 5.28029
      vertex -6 -2.39234 5.02425
    endloop
  endfacet
  facet normal 1 -0 0
    outer loop
      vertex -6 -3.21955 13.423
      vertex -6 -2.81952 5.28029
      vertex -6 -2.81952 13.7197
    endloop
  endfacet
  facet normal 1 0 0
    outer loop
      vertex -6 -3.21955 13.423
      vertex -6 -3.21955 5.57697
      vertex -6 -2.81952 5.28029
    endloop
  endfacet
  facet normal 1 -0 0
    outer loop
      vertex -6 -3.58857 13.0886
      vertex -6 -3.21955 5.57697
      vertex -6 -3.21955 13.423
    endloop
  endfacet
  facet normal 1 0 0
    outer loop
      vertex -6 -3.58857 13.0886
      vertex -6 -3.58857 5.91143
      vertex -6 -3.21955 5.57697
    endloop
  endfacet
  facet normal 1 -0 0
    outer loop
      vertex -6 -3.92303 12.7195
      vertex -6 -3.58857 5.91143
      vertex -6 -3.58857 13.0886
    endloop
  endfacet
  facet normal 1 0 0
    outer loop
      vertex -6 -3.92303 12.7195
      vertex -6 -3.92303 6.28045
      vertex -6 -3.58857 5.91143
    endloop
  endfacet
  facet normal 1 -0 0
    outer loop
      vertex -6 -4.21971 12.3195
      vertex -6 -3.92303 6.28045
      vertex -6 -3.92303 12.7195
    endloop
  endfacet
  facet normal 1 0 0
    outer loop
      vertex -6 -4.21971 12.3195
      vertex -6 -4.21971 6.68048
      vertex -6 -3.92303 6.28045
    endloop
  endfacet
  facet normal 1 -0 0
    outer loop
      vertex -6 -4.47575 11.8923
      vertex -6 -4.21971 6.68048
      vertex -6 -4.21971 12.3195
    endloop
  endfacet
  facet normal 1 0 0
    outer loop
      vertex -6 -4.47575 11.8923
      vertex -6 -4.47575 7.10766
      vertex -6 -4.21971 6.68048
    endloop
  endfacet
  facet normal 1 -0 0
    outer loop
      vertex -6 -4.68869 11.4421
      vertex -6 -4.47575 7.10766
      vertex -6 -4.47575 11.8923
    endloop
  endfacet
  facet normal 1 0 0
    outer loop
      vertex -6 -4.68869 11.4421
      vertex -6 -4.68869 7.55788
      vertex -6 -4.47575 7.10766
    endloop
  endfacet
  facet normal 1 -0 0
    outer loop
      vertex -6 -4.85647 10.9732
      vertex -6 -4.68869 7.55788
      vertex -6 -4.68869 11.4421
    endloop
  endfacet
  facet normal 1 0 0
    outer loop
      vertex -6 -4.85647 10.9732
      vertex -6 -4.85647 8.02681
      vertex -6 -4.68869 7.55788
    endloop
  endfacet
  facet normal 1 -0 0
    outer loop
      vertex -6 -4.97748 10.4901
      vertex -6 -4.85647 8.02681
      vertex -6 -4.85647 10.9732
    endloop
  endfacet
  facet normal 1 0 0
    outer loop
      vertex -6 -4.97748 10.4901
      vertex -6 -4.97748 8.50992
      vertex -6 -4.85647 8.02681
    endloop
  endfacet
  facet normal 1 -0 0
    outer loop
      vertex -6 -5.05056 9.99744
      vertex -6 -4.97748 8.50992
      vertex -6 -4.97748 10.4901
    endloop
  endfacet
  facet normal 1 0 0
    outer loop
      vertex -6 -5.05056 9.99744
      vertex -6 -5.05056 9.00256
      vertex -6 -4.97748 8.50992
    endloop
  endfacet
  facet normal 1 0 -0
    outer loop
      vertex -6 -5.05056 9.00256
      vertex -6 -5.05056 9.99744
      vertex -6 -5.075 9.5
    endloop
  endfacet
  facet normal 0 -0.0490727 0.998795
    outer loop
      vertex -6 0.497437 4.44944
      vertex 0 0 4.425
      vertex 0 0.497437 4.44944
    endloop
  endfacet
  facet normal 0 -0.0490727 0.998795
    outer loop
      vertex 0 0 4.425
      vertex -6 0.497437 4.44944
      vertex -6 0 4.425
    endloop
  endfacet
  facet normal 0 0.941548 0.336879
    outer loop
      vertex 0 -4.68869 7.55788
      vertex -6 -4.85647 8.02681
      vertex 0 -4.85647 8.02681
    endloop
  endfacet
  facet normal 0 0.941548 0.336879
    outer loop
      vertex -6 -4.85647 8.02681
      vertex 0 -4.68869 7.55788
      vertex -6 -4.68869 7.55788
    endloop
  endfacet
  facet normal 0 0.741024 -0.671479
    outer loop
      vertex 0 -3.92303 12.7195
      vertex -6 -3.58857 13.0886
      vertex 0 -3.58857 13.0886
    endloop
  endfacet
  facet normal 0 0.741024 -0.671479
    outer loop
      vertex -6 -3.58857 13.0886
      vertex 0 -3.92303 12.7195
      vertex -6 -3.92303 12.7195
    endloop
  endfacet
  facet normal 0 -0.146775 -0.98917
    outer loop
      vertex -6 0.497437 34.5506
      vertex 0 0.990083 34.4775
      vertex 0 0.497437 34.5506
    endloop
  endfacet
  facet normal -0 -0.146775 -0.98917
    outer loop
      vertex 0 0.990083 34.4775
      vertex -6 0.497437 34.5506
      vertex -6 0.990083 34.4775
    endloop
  endfacet
  facet normal 0 -0.0489925 -0.998799
    outer loop
      vertex -6 0 34.575
      vertex 0 0.497437 34.5506
      vertex 0 0 34.575
    endloop
  endfacet
  facet normal -0 -0.0489925 -0.998799
    outer loop
      vertex 0 0.497437 34.5506
      vertex -6 0 34.575
      vertex -6 0.497437 34.5506
    endloop
  endfacet
  facet normal 0 -0.242958 -0.970037
    outer loop
      vertex -6 0.990083 34.4775
      vertex 0 1.47319 34.3565
      vertex 0 0.990083 34.4775
    endloop
  endfacet
  facet normal -0 -0.242958 -0.970037
    outer loop
      vertex 0 1.47319 34.3565
      vertex -6 0.990083 34.4775
      vertex -6 1.47319 34.3565
    endloop
  endfacet
  facet normal 0 0.903981 0.427574
    outer loop
      vertex 0 -4.47575 27.1077
      vertex -6 -4.68869 27.5579
      vertex 0 -4.68869 27.5579
    endloop
  endfacet
  facet normal 0 0.903981 0.427574
    outer loop
      vertex -6 -4.68869 27.5579
      vertex 0 -4.47575 27.1077
      vertex -6 -4.47575 27.1077
    endloop
  endfacet
  facet normal 0 -0.998795 0.0490763
    outer loop
      vertex -6 5.05056 29.0026
      vertex 0 5.075 29.5
      vertex -6 5.075 29.5
    endloop
  endfacet
  facet normal 0 -0.998795 0.0490763
    outer loop
      vertex 0 5.075 29.5
      vertex -6 5.05056 29.0026
      vertex 0 5.05056 29.0026
    endloop
  endfacet
  facet normal 0 -0.514041 0.857766
    outer loop
      vertex -6 2.81952 25.2803
      vertex 0 2.39234 25.0243
      vertex 0 2.81952 25.2803
    endloop
  endfacet
  facet normal 0 -0.514041 0.857766
    outer loop
      vertex 0 2.39234 25.0243
      vertex -6 2.81952 25.2803
      vertex -6 2.39234 25.0243
    endloop
  endfacet
  facet normal 0 -0.741024 -0.671479
    outer loop
      vertex -6 3.92303 32.7195
      vertex 0 3.58857 33.0886
      vertex -6 3.58857 33.0886
    endloop
  endfacet
  facet normal 0 -0.741024 -0.671479
    outer loop
      vertex 0 3.58857 33.0886
      vertex -6 3.92303 32.7195
      vertex 0 3.92303 32.7195
    endloop
  endfacet
  facet normal -0 0.595722 0.803191
    outer loop
      vertex -6 -2.81952 25.2803
      vertex 0 -3.21955 25.577
      vertex 0 -2.81952 25.2803
    endloop
  endfacet
  facet normal 0 0.595722 0.803191
    outer loop
      vertex 0 -3.21955 25.577
      vertex -6 -2.81952 25.2803
      vertex -6 -3.21955 25.577
    endloop
  endfacet
  facet normal 0 -0.941541 0.336899
    outer loop
      vertex -6 4.68869 27.5579
      vertex 0 4.85647 28.0268
      vertex -6 4.85647 28.0268
    endloop
  endfacet
  facet normal 0 -0.941541 0.336899
    outer loop
      vertex 0 4.85647 28.0268
      vertex -6 4.68869 27.5579
      vertex 0 4.68869 27.5579
    endloop
  endfacet
  facet normal 0 -0.970031 0.24298
    outer loop
      vertex -6 4.85647 28.0268
      vertex 0 4.97748 28.5099
      vertex -6 4.97748 28.5099
    endloop
  endfacet
  facet normal 0 -0.970031 0.24298
    outer loop
      vertex 0 4.97748 28.5099
      vertex -6 4.85647 28.0268
      vertex 0 4.85647 28.0268
    endloop
  endfacet
  facet normal 0 -0.336915 -0.941535
    outer loop
      vertex -6 1.47319 34.3565
      vertex 0 1.94212 34.1887
      vertex 0 1.47319 34.3565
    endloop
  endfacet
  facet normal -0 -0.336915 -0.941535
    outer loop
      vertex 0 1.94212 34.1887
      vertex -6 1.47319 34.3565
      vertex -6 1.94212 34.1887
    endloop
  endfacet
  facet normal 0 0.998795 -0.0490763
    outer loop
      vertex 0 -5.075 29.5
      vertex -6 -5.05056 29.9974
      vertex 0 -5.05056 29.9974
    endloop
  endfacet
  facet normal 0 0.998795 -0.0490763
    outer loop
      vertex -6 -5.05056 29.9974
      vertex 0 -5.075 29.5
      vertex -6 -5.075 29.5
    endloop
  endfacet
  facet normal 0 0.970031 -0.24298
    outer loop
      vertex 0 -4.97748 30.4901
      vertex -6 -4.85647 30.9732
      vertex 0 -4.85647 30.9732
    endloop
  endfacet
  facet normal 0 0.970031 -0.24298
    outer loop
      vertex -6 -4.85647 30.9732
      vertex 0 -4.97748 30.4901
      vertex -6 -4.97748 30.4901
    endloop
  endfacet
  facet normal -0 0.671493 0.741011
    outer loop
      vertex -6 -3.21955 25.577
      vertex 0 -3.58857 25.9114
      vertex 0 -3.21955 25.577
    endloop
  endfacet
  facet normal 0 0.671493 0.741011
    outer loop
      vertex 0 -3.58857 25.9114
      vertex -6 -3.21955 25.577
      vertex -6 -3.58857 25.9114
    endloop
  endfacet
  facet normal 0 -0.146775 0.98917
    outer loop
      vertex -6 0.990083 24.5225
      vertex 0 0.497437 24.4494
      vertex 0 0.990083 24.5225
    endloop
  endfacet
  facet normal 0 -0.146775 0.98917
    outer loop
      vertex 0 0.497437 24.4494
      vertex -6 0.990083 24.5225
      vertex -6 0.497437 24.4494
    endloop
  endfacet
  facet normal -0 0.242958 0.970037
    outer loop
      vertex -6 -0.990083 24.5225
      vertex 0 -1.47319 24.6435
      vertex 0 -0.990083 24.5225
    endloop
  endfacet
  facet normal 0 0.242958 0.970037
    outer loop
      vertex 0 -1.47319 24.6435
      vertex -6 -0.990083 24.5225
      vertex -6 -1.47319 24.6435
    endloop
  endfacet
  facet normal -0 0.0489925 0.998799
    outer loop
      vertex -6 0 24.425
      vertex 0 -0.497437 24.4494
      vertex 0 0 24.425
    endloop
  endfacet
  facet normal 0 0.0489925 0.998799
    outer loop
      vertex 0 -0.497437 24.4494
      vertex -6 0 24.425
      vertex -6 -0.497437 24.4494
    endloop
  endfacet
  facet normal 0 -0.514041 -0.857766
    outer loop
      vertex -6 2.39234 33.9757
      vertex 0 2.81952 33.7197
      vertex 0 2.39234 33.9757
    endloop
  endfacet
  facet normal -0 -0.514041 -0.857766
    outer loop
      vertex 0 2.81952 33.7197
      vertex -6 2.39234 33.9757
      vertex -6 2.81952 33.7197
    endloop
  endfacet
  facet normal 0 -0.998795 -0.0490763
    outer loop
      vertex -6 5.075 29.5
      vertex 0 5.05056 29.9974
      vertex -6 5.05056 29.9974
    endloop
  endfacet
  facet normal 0 -0.998795 -0.0490763
    outer loop
      vertex 0 5.05056 29.9974
      vertex -6 5.075 29.5
      vertex 0 5.075 29.5
    endloop
  endfacet
  facet normal 0 -0.0489925 0.998799
    outer loop
      vertex -6 0.497437 24.4494
      vertex 0 0 24.425
      vertex 0 0.497437 24.4494
    endloop
  endfacet
  facet normal 0 -0.0489925 0.998799
    outer loop
      vertex 0 0 24.425
      vertex -6 0.497437 24.4494
      vertex -6 0 24.425
    endloop
  endfacet
  facet normal 0 -0.595722 -0.803191
    outer loop
      vertex -6 2.81952 33.7197
      vertex 0 3.21955 33.423
      vertex 0 2.81952 33.7197
    endloop
  endfacet
  facet normal -0 -0.595722 -0.803191
    outer loop
      vertex 0 3.21955 33.423
      vertex -6 2.81952 33.7197
      vertex -6 3.21955 33.423
    endloop
  endfacet
  facet normal 0 0.857741 -0.514082
    outer loop
      vertex 0 -4.47575 31.8923
      vertex -6 -4.21971 32.3195
      vertex 0 -4.21971 32.3195
    endloop
  endfacet
  facet normal 0 0.857741 -0.514082
    outer loop
      vertex -6 -4.21971 32.3195
      vertex 0 -4.47575 31.8923
      vertex -6 -4.47575 31.8923
    endloop
  endfacet
  facet normal 0 -0.427656 -0.903941
    outer loop
      vertex -6 1.94212 34.1887
      vertex 0 2.39234 33.9757
      vertex 0 1.94212 34.1887
    endloop
  endfacet
  facet normal -0 -0.427656 -0.903941
    outer loop
      vertex 0 2.39234 33.9757
      vertex -6 1.94212 34.1887
      vertex -6 2.39234 33.9757
    endloop
  endfacet
  facet normal 0 0.242958 -0.970037
    outer loop
      vertex -6 -1.47319 34.3565
      vertex 0 -0.990083 34.4775
      vertex 0 -1.47319 34.3565
    endloop
  endfacet
  facet normal 0 0.242958 -0.970037
    outer loop
      vertex 0 -0.990083 34.4775
      vertex -6 -1.47319 34.3565
      vertex -6 -0.990083 34.4775
    endloop
  endfacet
  facet normal 0 -0.671493 -0.741011
    outer loop
      vertex -6 3.21955 33.423
      vertex 0 3.58857 33.0886
      vertex 0 3.21955 33.423
    endloop
  endfacet
  facet normal -0 -0.671493 -0.741011
    outer loop
      vertex 0 3.58857 33.0886
      vertex -6 3.21955 33.423
      vertex -6 3.58857 33.0886
    endloop
  endfacet
  facet normal 0 0.970031 0.24298
    outer loop
      vertex 0 -4.85647 28.0268
      vertex -6 -4.97748 28.5099
      vertex 0 -4.97748 28.5099
    endloop
  endfacet
  facet normal 0 0.970031 0.24298
    outer loop
      vertex -6 -4.97748 28.5099
      vertex 0 -4.85647 28.0268
      vertex -6 -4.85647 28.0268
    endloop
  endfacet
  facet normal -0 0.514041 0.857766
    outer loop
      vertex -6 -2.39234 25.0243
      vertex 0 -2.81952 25.2803
      vertex 0 -2.39234 25.0243
    endloop
  endfacet
  facet normal 0 0.514041 0.857766
    outer loop
      vertex 0 -2.81952 25.2803
      vertex -6 -2.39234 25.0243
      vertex -6 -2.81952 25.2803
    endloop
  endfacet
  facet normal 0 0.336915 -0.941535
    outer loop
      vertex -6 -1.94212 34.1887
      vertex 0 -1.47319 34.3565
      vertex 0 -1.94212 34.1887
    endloop
  endfacet
  facet normal 0 0.336915 -0.941535
    outer loop
      vertex 0 -1.47319 34.3565
      vertex -6 -1.94212 34.1887
      vertex -6 -1.47319 34.3565
    endloop
  endfacet
  facet normal 0 0.803189 -0.595725
    outer loop
      vertex 0 -4.21971 32.3195
      vertex -6 -3.92303 32.7195
      vertex 0 -3.92303 32.7195
    endloop
  endfacet
  facet normal 0 0.803189 -0.595725
    outer loop
      vertex -6 -3.92303 32.7195
      vertex 0 -4.21971 32.3195
      vertex -6 -4.21971 32.3195
    endloop
  endfacet
  facet normal 0 0.146775 -0.98917
    outer loop
      vertex -6 -0.990083 34.4775
      vertex 0 -0.497437 34.5506
      vertex 0 -0.990083 34.4775
    endloop
  endfacet
  facet normal 0 0.146775 -0.98917
    outer loop
      vertex 0 -0.497437 34.5506
      vertex -6 -0.990083 34.4775
      vertex -6 -0.497437 34.5506
    endloop
  endfacet
  facet normal 0 0.941541 -0.336899
    outer loop
      vertex 0 -4.85647 30.9732
      vertex -6 -4.68869 31.4421
      vertex 0 -4.68869 31.4421
    endloop
  endfacet
  facet normal 0 0.941541 -0.336899
    outer loop
      vertex -6 -4.68869 31.4421
      vertex 0 -4.85647 30.9732
      vertex -6 -4.85647 30.9732
    endloop
  endfacet
  facet normal 0 0.998795 0.0490763
    outer loop
      vertex 0 -5.05056 29.0026
      vertex -6 -5.075 29.5
      vertex 0 -5.075 29.5
    endloop
  endfacet
  facet normal 0 0.998795 0.0490763
    outer loop
      vertex -6 -5.075 29.5
      vertex 0 -5.05056 29.0026
      vertex -6 -5.05056 29.0026
    endloop
  endfacet
  facet normal 0 -0.989178 0.14672
    outer loop
      vertex -6 4.97748 28.5099
      vertex 0 5.05056 29.0026
      vertex -6 5.05056 29.0026
    endloop
  endfacet
  facet normal 0 -0.989178 0.14672
    outer loop
      vertex 0 5.05056 29.0026
      vertex -6 4.97748 28.5099
      vertex 0 4.97748 28.5099
    endloop
  endfacet
  facet normal 0 -0.741024 0.671479
    outer loop
      vertex -6 3.58857 25.9114
      vertex 0 3.92303 26.2805
      vertex -6 3.92303 26.2805
    endloop
  endfacet
  facet normal 0 -0.741024 0.671479
    outer loop
      vertex 0 3.92303 26.2805
      vertex -6 3.58857 25.9114
      vertex 0 3.58857 25.9114
    endloop
  endfacet
  facet normal 0 -0.803189 0.595725
    outer loop
      vertex -6 3.92303 26.2805
      vertex 0 4.21971 26.6805
      vertex -6 4.21971 26.6805
    endloop
  endfacet
  facet normal 0 -0.803189 0.595725
    outer loop
      vertex 0 4.21971 26.6805
      vertex -6 3.92303 26.2805
      vertex 0 3.92303 26.2805
    endloop
  endfacet
  facet normal 0 -0.427656 0.903941
    outer loop
      vertex -6 2.39234 25.0243
      vertex 0 1.94212 24.8113
      vertex 0 2.39234 25.0243
    endloop
  endfacet
  facet normal 0 -0.427656 0.903941
    outer loop
      vertex 0 1.94212 24.8113
      vertex -6 2.39234 25.0243
      vertex -6 1.94212 24.8113
    endloop
  endfacet
  facet normal 0 -0.671493 0.741011
    outer loop
      vertex -6 3.58857 25.9114
      vertex 0 3.21955 25.577
      vertex 0 3.58857 25.9114
    endloop
  endfacet
  facet normal 0 -0.671493 0.741011
    outer loop
      vertex 0 3.21955 25.577
      vertex -6 3.58857 25.9114
      vertex -6 3.21955 25.577
    endloop
  endfacet
  facet normal 0 0.0489925 -0.998799
    outer loop
      vertex -6 -0.497437 34.5506
      vertex 0 0 34.575
      vertex 0 -0.497437 34.5506
    endloop
  endfacet
  facet normal 0 0.0489925 -0.998799
    outer loop
      vertex 0 0 34.575
      vertex -6 -0.497437 34.5506
      vertex -6 0 34.575
    endloop
  endfacet
  facet normal 0 0.741024 0.671479
    outer loop
      vertex 0 -3.58857 25.9114
      vertex -6 -3.92303 26.2805
      vertex 0 -3.92303 26.2805
    endloop
  endfacet
  facet normal 0 0.741024 0.671479
    outer loop
      vertex -6 -3.92303 26.2805
      vertex 0 -3.58857 25.9114
      vertex -6 -3.58857 25.9114
    endloop
  endfacet
  facet normal 0 -0.970031 -0.24298
    outer loop
      vertex -6 4.97748 30.4901
      vertex 0 4.85647 30.9732
      vertex -6 4.85647 30.9732
    endloop
  endfacet
  facet normal 0 -0.970031 -0.24298
    outer loop
      vertex 0 4.85647 30.9732
      vertex -6 4.97748 30.4901
      vertex 0 4.97748 30.4901
    endloop
  endfacet
  facet normal 0 0.903981 -0.427574
    outer loop
      vertex 0 -4.68869 31.4421
      vertex -6 -4.47575 31.8923
      vertex 0 -4.47575 31.8923
    endloop
  endfacet
  facet normal 0 0.903981 -0.427574
    outer loop
      vertex -6 -4.47575 31.8923
      vertex 0 -4.68869 31.4421
      vertex -6 -4.68869 31.4421
    endloop
  endfacet
  facet normal 0 -0.857741 -0.514082
    outer loop
      vertex -6 4.47575 31.8923
      vertex 0 4.21971 32.3195
      vertex -6 4.21971 32.3195
    endloop
  endfacet
  facet normal 0 -0.857741 -0.514082
    outer loop
      vertex 0 4.21971 32.3195
      vertex -6 4.47575 31.8923
      vertex 0 4.47575 31.8923
    endloop
  endfacet
  facet normal 0 -0.803189 -0.595725
    outer loop
      vertex -6 4.21971 32.3195
      vertex 0 3.92303 32.7195
      vertex -6 3.92303 32.7195
    endloop
  endfacet
  facet normal 0 -0.803189 -0.595725
    outer loop
      vertex 0 3.92303 32.7195
      vertex -6 4.21971 32.3195
      vertex 0 4.21971 32.3195
    endloop
  endfacet
  facet normal 0 0.989178 -0.14672
    outer loop
      vertex 0 -5.05056 29.9974
      vertex -6 -4.97748 30.4901
      vertex 0 -4.97748 30.4901
    endloop
  endfacet
  facet normal 0 0.989178 -0.14672
    outer loop
      vertex -6 -4.97748 30.4901
      vertex 0 -5.05056 29.9974
      vertex -6 -5.05056 29.9974
    endloop
  endfacet
  facet normal 0 -0.857741 0.514082
    outer loop
      vertex -6 4.21971 26.6805
      vertex 0 4.47575 27.1077
      vertex -6 4.47575 27.1077
    endloop
  endfacet
  facet normal 0 -0.857741 0.514082
    outer loop
      vertex 0 4.47575 27.1077
      vertex -6 4.21971 26.6805
      vertex 0 4.21971 26.6805
    endloop
  endfacet
  facet normal 0 0.671493 -0.741011
    outer loop
      vertex -6 -3.58857 33.0886
      vertex 0 -3.21955 33.423
      vertex 0 -3.58857 33.0886
    endloop
  endfacet
  facet normal 0 0.671493 -0.741011
    outer loop
      vertex 0 -3.21955 33.423
      vertex -6 -3.58857 33.0886
      vertex -6 -3.21955 33.423
    endloop
  endfacet
  facet normal 0 -0.989178 -0.14672
    outer loop
      vertex -6 5.05056 29.9974
      vertex 0 4.97748 30.4901
      vertex -6 4.97748 30.4901
    endloop
  endfacet
  facet normal 0 -0.989178 -0.14672
    outer loop
      vertex 0 4.97748 30.4901
      vertex -6 5.05056 29.9974
      vertex 0 5.05056 29.9974
    endloop
  endfacet
  facet normal 0 -0.903981 -0.427574
    outer loop
      vertex -6 4.68869 31.4421
      vertex 0 4.47575 31.8923
      vertex -6 4.47575 31.8923
    endloop
  endfacet
  facet normal 0 -0.903981 -0.427574
    outer loop
      vertex 0 4.47575 31.8923
      vertex -6 4.68869 31.4421
      vertex 0 4.68869 31.4421
    endloop
  endfacet
  facet normal 0 -0.336915 0.941535
    outer loop
      vertex -6 1.94212 24.8113
      vertex 0 1.47319 24.6435
      vertex 0 1.94212 24.8113
    endloop
  endfacet
  facet normal 0 -0.336915 0.941535
    outer loop
      vertex 0 1.47319 24.6435
      vertex -6 1.94212 24.8113
      vertex -6 1.47319 24.6435
    endloop
  endfacet
  facet normal 0 -0.242958 0.970037
    outer loop
      vertex -6 1.47319 24.6435
      vertex 0 0.990083 24.5225
      vertex 0 1.47319 24.6435
    endloop
  endfacet
  facet normal 0 -0.242958 0.970037
    outer loop
      vertex 0 0.990083 24.5225
      vertex -6 1.47319 24.6435
      vertex -6 0.990083 24.5225
    endloop
  endfacet
  facet normal 0 0.595722 -0.803191
    outer loop
      vertex -6 -3.21955 33.423
      vertex 0 -2.81952 33.7197
      vertex 0 -3.21955 33.423
    endloop
  endfacet
  facet normal 0 0.595722 -0.803191
    outer loop
      vertex 0 -2.81952 33.7197
      vertex -6 -3.21955 33.423
      vertex -6 -2.81952 33.7197
    endloop
  endfacet
  facet normal 0 0.803189 0.595725
    outer loop
      vertex 0 -3.92303 26.2805
      vertex -6 -4.21971 26.6805
      vertex 0 -4.21971 26.6805
    endloop
  endfacet
  facet normal 0 0.803189 0.595725
    outer loop
      vertex -6 -4.21971 26.6805
      vertex 0 -3.92303 26.2805
      vertex -6 -3.92303 26.2805
    endloop
  endfacet
  facet normal -0 0.146775 0.98917
    outer loop
      vertex -6 -0.497437 24.4494
      vertex 0 -0.990083 24.5225
      vertex 0 -0.497437 24.4494
    endloop
  endfacet
  facet normal 0 0.146775 0.98917
    outer loop
      vertex 0 -0.990083 24.5225
      vertex -6 -0.497437 24.4494
      vertex -6 -0.990083 24.5225
    endloop
  endfacet
  facet normal -0 0.336915 0.941535
    outer loop
      vertex -6 -1.47319 24.6435
      vertex 0 -1.94212 24.8113
      vertex 0 -1.47319 24.6435
    endloop
  endfacet
  facet normal 0 0.336915 0.941535
    outer loop
      vertex 0 -1.94212 24.8113
      vertex -6 -1.47319 24.6435
      vertex -6 -1.94212 24.8113
    endloop
  endfacet
  facet normal 0 0.941541 0.336899
    outer loop
      vertex 0 -4.68869 27.5579
      vertex -6 -4.85647 28.0268
      vertex 0 -4.85647 28.0268
    endloop
  endfacet
  facet normal 0 0.941541 0.336899
    outer loop
      vertex -6 -4.85647 28.0268
      vertex 0 -4.68869 27.5579
      vertex -6 -4.68869 27.5579
    endloop
  endfacet
  facet normal 0 0.741024 -0.671479
    outer loop
      vertex 0 -3.92303 32.7195
      vertex -6 -3.58857 33.0886
      vertex 0 -3.58857 33.0886
    endloop
  endfacet
  facet normal 0 0.741024 -0.671479
    outer loop
      vertex -6 -3.58857 33.0886
      vertex 0 -3.92303 32.7195
      vertex -6 -3.92303 32.7195
    endloop
  endfacet
  facet normal 0 0.514041 -0.857766
    outer loop
      vertex -6 -2.81952 33.7197
      vertex 0 -2.39234 33.9757
      vertex 0 -2.81952 33.7197
    endloop
  endfacet
  facet normal 0 0.514041 -0.857766
    outer loop
      vertex 0 -2.39234 33.9757
      vertex -6 -2.81952 33.7197
      vertex -6 -2.39234 33.9757
    endloop
  endfacet
  facet normal 0 -0.595722 0.803191
    outer loop
      vertex -6 3.21955 25.577
      vertex 0 2.81952 25.2803
      vertex 0 3.21955 25.577
    endloop
  endfacet
  facet normal 0 -0.595722 0.803191
    outer loop
      vertex 0 2.81952 25.2803
      vertex -6 3.21955 25.577
      vertex -6 2.81952 25.2803
    endloop
  endfacet
  facet normal 0 0.427656 -0.903941
    outer loop
      vertex -6 -2.39234 33.9757
      vertex 0 -1.94212 34.1887
      vertex 0 -2.39234 33.9757
    endloop
  endfacet
  facet normal 0 0.427656 -0.903941
    outer loop
      vertex 0 -1.94212 34.1887
      vertex -6 -2.39234 33.9757
      vertex -6 -1.94212 34.1887
    endloop
  endfacet
  facet normal 0 -0.941541 -0.336899
    outer loop
      vertex -6 4.85647 30.9732
      vertex 0 4.68869 31.4421
      vertex -6 4.68869 31.4421
    endloop
  endfacet
  facet normal 0 -0.941541 -0.336899
    outer loop
      vertex 0 4.68869 31.4421
      vertex -6 4.85647 30.9732
      vertex 0 4.85647 30.9732
    endloop
  endfacet
  facet normal 1 0 0
    outer loop
      vertex -6 5.05056 29.9974
      vertex -6 5.05056 29.0026
      vertex -6 5.075 29.5
    endloop
  endfacet
  facet normal 1 0 0
    outer loop
      vertex -6 4.97748 30.4901
      vertex -6 5.05056 29.0026
      vertex -6 5.05056 29.9974
    endloop
  endfacet
  facet normal 1 0 0
    outer loop
      vertex -6 4.97748 30.4901
      vertex -6 4.97748 28.5099
      vertex -6 5.05056 29.0026
    endloop
  endfacet
  facet normal 1 0 0
    outer loop
      vertex -6 4.85647 30.9732
      vertex -6 4.97748 28.5099
      vertex -6 4.97748 30.4901
    endloop
  endfacet
  facet normal 1 0 0
    outer loop
      vertex -6 4.85647 30.9732
      vertex -6 4.85647 28.0268
      vertex -6 4.97748 28.5099
    endloop
  endfacet
  facet normal 1 0 0
    outer loop
      vertex -6 4.68869 31.4421
      vertex -6 4.85647 28.0268
      vertex -6 4.85647 30.9732
    endloop
  endfacet
  facet normal 1 0 0
    outer loop
      vertex -6 4.68869 31.4421
      vertex -6 4.68869 27.5579
      vertex -6 4.85647 28.0268
    endloop
  endfacet
  facet normal 1 0 0
    outer loop
      vertex -6 4.47575 31.8923
      vertex -6 4.68869 27.5579
      vertex -6 4.68869 31.4421
    endloop
  endfacet
  facet normal 1 0 0
    outer loop
      vertex -6 4.47575 31.8923
      vertex -6 4.47575 27.1077
      vertex -6 4.68869 27.5579
    endloop
  endfacet
  facet normal 1 0 0
    outer loop
      vertex -6 4.21971 32.3195
      vertex -6 4.47575 27.1077
      vertex -6 4.47575 31.8923
    endloop
  endfacet
  facet normal 1 0 0
    outer loop
      vertex -6 4.21971 32.3195
      vertex -6 4.21971 26.6805
      vertex -6 4.47575 27.1077
    endloop
  endfacet
  facet normal 1 0 0
    outer loop
      vertex -6 3.92303 32.7195
      vertex -6 4.21971 26.6805
      vertex -6 4.21971 32.3195
    endloop
  endfacet
  facet normal 1 0 0
    outer loop
      vertex -6 3.92303 32.7195
      vertex -6 3.92303 26.2805
      vertex -6 4.21971 26.6805
    endloop
  endfacet
  facet normal 1 0 0
    outer loop
      vertex -6 3.58857 33.0886
      vertex -6 3.92303 26.2805
      vertex -6 3.92303 32.7195
    endloop
  endfacet
  facet normal 1 0 0
    outer loop
      vertex -6 3.58857 33.0886
      vertex -6 3.58857 25.9114
      vertex -6 3.92303 26.2805
    endloop
  endfacet
  facet normal 1 0 0
    outer loop
      vertex -6 3.21955 33.423
      vertex -6 3.58857 25.9114
      vertex -6 3.58857 33.0886
    endloop
  endfacet
  facet normal 1 0 0
    outer loop
      vertex -6 3.21955 33.423
      vertex -6 3.21955 25.577
      vertex -6 3.58857 25.9114
    endloop
  endfacet
  facet normal 1 0 0
    outer loop
      vertex -6 2.81952 33.7197
      vertex -6 3.21955 25.577
      vertex -6 3.21955 33.423
    endloop
  endfacet
  facet normal 1 0 0
    outer loop
      vertex -6 2.81952 33.7197
      vertex -6 2.81952 25.2803
      vertex -6 3.21955 25.577
    endloop
  endfacet
  facet normal 1 0 0
    outer loop
      vertex -6 2.39234 33.9757
      vertex -6 2.81952 25.2803
      vertex -6 2.81952 33.7197
    endloop
  endfacet
  facet normal 1 0 0
    outer loop
      vertex -6 2.39234 33.9757
      vertex -6 2.39234 25.0243
      vertex -6 2.81952 25.2803
    endloop
  endfacet
  facet normal 1 0 0
    outer loop
      vertex -6 1.94212 34.1887
      vertex -6 2.39234 25.0243
      vertex -6 2.39234 33.9757
    endloop
  endfacet
  facet normal 1 0 0
    outer loop
      vertex -6 1.94212 34.1887
      vertex -6 1.94212 24.8113
      vertex -6 2.39234 25.0243
    endloop
  endfacet
  facet normal 1 0 0
    outer loop
      vertex -6 1.47319 34.3565
      vertex -6 1.94212 24.8113
      vertex -6 1.94212 34.1887
    endloop
  endfacet
  facet normal 1 0 0
    outer loop
      vertex -6 1.47319 34.3565
      vertex -6 1.47319 24.6435
      vertex -6 1.94212 24.8113
    endloop
  endfacet
  facet normal 1 0 0
    outer loop
      vertex -6 0.990083 34.4775
      vertex -6 1.47319 24.6435
      vertex -6 1.47319 34.3565
    endloop
  endfacet
  facet normal 1 0 0
    outer loop
      vertex -6 0.990083 34.4775
      vertex -6 0.990083 24.5225
      vertex -6 1.47319 24.6435
    endloop
  endfacet
  facet normal 1 0 0
    outer loop
      vertex -6 0.497437 34.5506
      vertex -6 0.990083 24.5225
      vertex -6 0.990083 34.4775
    endloop
  endfacet
  facet normal 1 0 0
    outer loop
      vertex -6 0.497437 34.5506
      vertex -6 0.497437 24.4494
      vertex -6 0.990083 24.5225
    endloop
  endfacet
  facet normal 1 0 0
    outer loop
      vertex -6 0 34.575
      vertex -6 0.497437 24.4494
      vertex -6 0.497437 34.5506
    endloop
  endfacet
  facet normal 1 0 0
    outer loop
      vertex -6 0 34.575
      vertex -6 0 24.425
      vertex -6 0.497437 24.4494
    endloop
  endfacet
  facet normal 1 -0 0
    outer loop
      vertex -6 -0.497437 34.5506
      vertex -6 0 24.425
      vertex -6 0 34.575
    endloop
  endfacet
  facet normal 1 0 0
    outer loop
      vertex -6 -0.497437 34.5506
      vertex -6 -0.497437 24.4494
      vertex -6 0 24.425
    endloop
  endfacet
  facet normal 1 -0 0
    outer loop
      vertex -6 -0.990083 34.4775
      vertex -6 -0.497437 24.4494
      vertex -6 -0.497437 34.5506
    endloop
  endfacet
  facet normal 1 0 0
    outer loop
      vertex -6 -0.990083 34.4775
      vertex -6 -0.990083 24.5225
      vertex -6 -0.497437 24.4494
    endloop
  endfacet
  facet normal 1 -0 0
    outer loop
      vertex -6 -1.47319 34.3565
      vertex -6 -0.990083 24.5225
      vertex -6 -0.990083 34.4775
    endloop
  endfacet
  facet normal 1 0 0
    outer loop
      vertex -6 -1.47319 34.3565
      vertex -6 -1.47319 24.6435
      vertex -6 -0.990083 24.5225
    endloop
  endfacet
  facet normal 1 -0 0
    outer loop
      vertex -6 -1.94212 34.1887
      vertex -6 -1.47319 24.6435
      vertex -6 -1.47319 34.3565
    endloop
  endfacet
  facet normal 1 0 0
    outer loop
      vertex -6 -1.94212 34.1887
      vertex -6 -1.94212 24.8113
      vertex -6 -1.47319 24.6435
    endloop
  endfacet
  facet normal 1 -0 0
    outer loop
      vertex -6 -2.39234 33.9757
      vertex -6 -1.94212 24.8113
      vertex -6 -1.94212 34.1887
    endloop
  endfacet
  facet normal 1 0 0
    outer loop
      vertex -6 -2.39234 33.9757
      vertex -6 -2.39234 25.0243
      vertex -6 -1.94212 24.8113
    endloop
  endfacet
  facet normal 1 -0 0
    outer loop
      vertex -6 -2.81952 33.7197
      vertex -6 -2.39234 25.0243
      vertex -6 -2.39234 33.9757
    endloop
  endfacet
  facet normal 1 0 0
    outer loop
      vertex -6 -2.81952 33.7197
      vertex -6 -2.81952 25.2803
      vertex -6 -2.39234 25.0243
    endloop
  endfacet
  facet normal 1 -0 0
    outer loop
      vertex -6 -3.21955 33.423
      vertex -6 -2.81952 25.2803
      vertex -6 -2.81952 33.7197
    endloop
  endfacet
  facet normal 1 0 0
    outer loop
      vertex -6 -3.21955 33.423
      vertex -6 -3.21955 25.577
      vertex -6 -2.81952 25.2803
    endloop
  endfacet
  facet normal 1 -0 0
    outer loop
      vertex -6 -3.58857 33.0886
      vertex -6 -3.21955 25.577
      vertex -6 -3.21955 33.423
    endloop
  endfacet
  facet normal 1 0 0
    outer loop
      vertex -6 -3.58857 33.0886
      vertex -6 -3.58857 25.9114
      vertex -6 -3.21955 25.577
    endloop
  endfacet
  facet normal 1 -0 0
    outer loop
      vertex -6 -3.92303 32.7195
      vertex -6 -3.58857 25.9114
      vertex -6 -3.58857 33.0886
    endloop
  endfacet
  facet normal 1 0 0
    outer loop
      vertex -6 -3.92303 32.7195
      vertex -6 -3.92303 26.2805
      vertex -6 -3.58857 25.9114
    endloop
  endfacet
  facet normal 1 -0 0
    outer loop
      vertex -6 -4.21971 32.3195
      vertex -6 -3.92303 26.2805
      vertex -6 -3.92303 32.7195
    endloop
  endfacet
  facet normal 1 0 0
    outer loop
      vertex -6 -4.21971 32.3195
      vertex -6 -4.21971 26.6805
      vertex -6 -3.92303 26.2805
    endloop
  endfacet
  facet normal 1 -0 0
    outer loop
      vertex -6 -4.47575 31.8923
      vertex -6 -4.21971 26.6805
      vertex -6 -4.21971 32.3195
    endloop
  endfacet
  facet normal 1 0 0
    outer loop
      vertex -6 -4.47575 31.8923
      vertex -6 -4.47575 27.1077
      vertex -6 -4.21971 26.6805
    endloop
  endfacet
  facet normal 1 -0 0
    outer loop
      vertex -6 -4.68869 31.4421
      vertex -6 -4.47575 27.1077
      vertex -6 -4.47575 31.8923
    endloop
  endfacet
  facet normal 1 0 0
    outer loop
      vertex -6 -4.68869 31.4421
      vertex -6 -4.68869 27.5579
      vertex -6 -4.47575 27.1077
    endloop
  endfacet
  facet normal 1 -0 0
    outer loop
      vertex -6 -4.85647 30.9732
      vertex -6 -4.68869 27.5579
      vertex -6 -4.68869 31.4421
    endloop
  endfacet
  facet normal 1 0 0
    outer loop
      vertex -6 -4.85647 30.9732
      vertex -6 -4.85647 28.0268
      vertex -6 -4.68869 27.5579
    endloop
  endfacet
  facet normal 1 -0 0
    outer loop
      vertex -6 -4.97748 30.4901
      vertex -6 -4.85647 28.0268
      vertex -6 -4.85647 30.9732
    endloop
  endfacet
  facet normal 1 0 0
    outer loop
      vertex -6 -4.97748 30.4901
      vertex -6 -4.97748 28.5099
      vertex -6 -4.85647 28.0268
    endloop
  endfacet
  facet normal 1 -0 0
    outer loop
      vertex -6 -5.05056 29.9974
      vertex -6 -4.97748 28.5099
      vertex -6 -4.97748 30.4901
    endloop
  endfacet
  facet normal 1 0 0
    outer loop
      vertex -6 -5.05056 29.9974
      vertex -6 -5.05056 29.0026
      vertex -6 -4.97748 28.5099
    endloop
  endfacet
  facet normal 1 0 -0
    outer loop
      vertex -6 -5.05056 29.0026
      vertex -6 -5.05056 29.9974
      vertex -6 -5.075 29.5
    endloop
  endfacet
  facet normal -0 0.427656 0.903941
    outer loop
      vertex -6 -1.94212 24.8113
      vertex 0 -2.39234 25.0243
      vertex 0 -1.94212 24.8113
    endloop
  endfacet
  facet normal 0 0.427656 0.903941
    outer loop
      vertex 0 -2.39234 25.0243
      vertex -6 -1.94212 24.8113
      vertex -6 -2.39234 25.0243
    endloop
  endfacet
  facet normal 0 -0.903981 0.427574
    outer loop
      vertex -6 4.47575 27.1077
      vertex 0 4.68869 27.5579
      vertex -6 4.68869 27.5579
    endloop
  endfacet
  facet normal 0 -0.903981 0.427574
    outer loop
      vertex 0 4.68869 27.5579
      vertex -6 4.47575 27.1077
      vertex 0 4.47575 27.1077
    endloop
  endfacet
  facet normal 0 0.989178 0.14672
    outer loop
      vertex 0 -4.97748 28.5099
      vertex -6 -5.05056 29.0026
      vertex 0 -5.05056 29.0026
    endloop
  endfacet
  facet normal 0 0.989178 0.14672
    outer loop
      vertex -6 -5.05056 29.0026
      vertex 0 -4.97748 28.5099
      vertex -6 -4.97748 28.5099
    endloop
  endfacet
  facet normal 0 0.857741 0.514082
    outer loop
      vertex 0 -4.21971 26.6805
      vertex -6 -4.47575 27.1077
      vertex 0 -4.47575 27.1077
    endloop
  endfacet
  facet normal 0 0.857741 0.514082
    outer loop
      vertex -6 -4.47575 27.1077
      vertex 0 -4.21971 26.6805
      vertex -6 -4.21971 26.6805
    endloop
  endfacet
  facet normal 0 -0.146775 -0.98917
    outer loop
      vertex 6.1 0.497437 14.5506
      vertex 11.1 0.990083 14.4775
      vertex 11.1 0.497437 14.5506
    endloop
  endfacet
  facet normal -0 -0.146775 -0.98917
    outer loop
      vertex 11.1 0.990083 14.4775
      vertex 6.1 0.497437 14.5506
      vertex 6.1 0.990083 14.4775
    endloop
  endfacet
  facet normal 0 -0.0489925 -0.998799
    outer loop
      vertex 6.1 0 14.575
      vertex 11.1 0.497437 14.5506
      vertex 11.1 0 14.575
    endloop
  endfacet
  facet normal -0 -0.0489925 -0.998799
    outer loop
      vertex 11.1 0.497437 14.5506
      vertex 6.1 0 14.575
      vertex 6.1 0.497437 14.5506
    endloop
  endfacet
  facet normal 0 -0.242958 -0.970037
    outer loop
      vertex 6.1 0.990083 14.4775
      vertex 11.1 1.47319 14.3565
      vertex 11.1 0.990083 14.4775
    endloop
  endfacet
  facet normal -0 -0.242958 -0.970037
    outer loop
      vertex 11.1 1.47319 14.3565
      vertex 6.1 0.990083 14.4775
      vertex 6.1 1.47319 14.3565
    endloop
  endfacet
  facet normal 0 0.941541 -0.336899
    outer loop
      vertex 11.1 -4.85647 10.9732
      vertex 6.1 -4.68869 11.4421
      vertex 11.1 -4.68869 11.4421
    endloop
  endfacet
  facet normal 0 0.941541 -0.336899
    outer loop
      vertex 6.1 -4.68869 11.4421
      vertex 11.1 -4.85647 10.9732
      vertex 6.1 -4.85647 10.9732
    endloop
  endfacet
  facet normal 0 -0.741024 -0.671479
    outer loop
      vertex 6.1 3.92303 12.7195
      vertex 11.1 3.58857 13.0886
      vertex 6.1 3.58857 13.0886
    endloop
  endfacet
  facet normal 0 -0.741024 -0.671479
    outer loop
      vertex 11.1 3.58857 13.0886
      vertex 6.1 3.92303 12.7195
      vertex 11.1 3.92303 12.7195
    endloop
  endfacet
  facet normal 0 0.989175 0.146738
    outer loop
      vertex 11.1 -4.97748 8.50992
      vertex 6.1 -5.05056 9.00256
      vertex 11.1 -5.05056 9.00256
    endloop
  endfacet
  facet normal 0 0.989175 0.146738
    outer loop
      vertex 6.1 -5.05056 9.00256
      vertex 11.1 -4.97748 8.50992
      vertex 6.1 -4.97748 8.50992
    endloop
  endfacet
  facet normal 0 -0.336915 -0.941535
    outer loop
      vertex 6.1 1.47319 14.3565
      vertex 11.1 1.94212 14.1887
      vertex 11.1 1.47319 14.3565
    endloop
  endfacet
  facet normal -0 -0.336915 -0.941535
    outer loop
      vertex 11.1 1.94212 14.1887
      vertex 6.1 1.47319 14.3565
      vertex 6.1 1.94212 14.1887
    endloop
  endfacet
  facet normal 0 -0.998795 0.0490724
    outer loop
      vertex 6.1 5.05056 9.00256
      vertex 11.1 5.075 9.5
      vertex 6.1 5.075 9.5
    endloop
  endfacet
  facet normal 0 -0.998795 0.0490724
    outer loop
      vertex 11.1 5.075 9.5
      vertex 6.1 5.05056 9.00256
      vertex 11.1 5.05056 9.00256
    endloop
  endfacet
  facet normal 0 0.998795 -0.0490724
    outer loop
      vertex 11.1 -5.075 9.5
      vertex 6.1 -5.05056 9.99744
      vertex 11.1 -5.05056 9.99744
    endloop
  endfacet
  facet normal 0 0.998795 -0.0490724
    outer loop
      vertex 6.1 -5.05056 9.99744
      vertex 11.1 -5.075 9.5
      vertex 6.1 -5.075 9.5
    endloop
  endfacet
  facet normal 0 0.595722 -0.803191
    outer loop
      vertex 6.1 -3.21955 13.423
      vertex 11.1 -2.81952 13.7197
      vertex 11.1 -3.21955 13.423
    endloop
  endfacet
  facet normal 0 0.595722 -0.803191
    outer loop
      vertex 11.1 -2.81952 13.7197
      vertex 6.1 -3.21955 13.423
      vertex 6.1 -2.81952 13.7197
    endloop
  endfacet
  facet normal 0 0.80321 0.595696
    outer loop
      vertex 11.1 -3.92303 6.28045
      vertex 6.1 -4.21971 6.68048
      vertex 11.1 -4.21971 6.68048
    endloop
  endfacet
  facet normal 0 0.80321 0.595696
    outer loop
      vertex 6.1 -4.21971 6.68048
      vertex 11.1 -3.92303 6.28045
      vertex 6.1 -3.92303 6.28045
    endloop
  endfacet
  facet normal 0 0.857741 -0.514082
    outer loop
      vertex 11.1 -4.47575 11.8923
      vertex 6.1 -4.21971 12.3195
      vertex 11.1 -4.21971 12.3195
    endloop
  endfacet
  facet normal 0 0.857741 -0.514082
    outer loop
      vertex 6.1 -4.21971 12.3195
      vertex 11.1 -4.47575 11.8923
      vertex 6.1 -4.47575 11.8923
    endloop
  endfacet
  facet normal 0 -0.336879 0.941548
    outer loop
      vertex 6.1 1.94212 4.81131
      vertex 11.1 1.47319 4.64353
      vertex 11.1 1.94212 4.81131
    endloop
  endfacet
  facet normal 0 -0.336879 0.941548
    outer loop
      vertex 11.1 1.47319 4.64353
      vertex 6.1 1.94212 4.81131
      vertex 6.1 1.47319 4.64353
    endloop
  endfacet
  facet normal 0 -0.514041 -0.857766
    outer loop
      vertex 6.1 2.39234 13.9757
      vertex 11.1 2.81952 13.7197
      vertex 11.1 2.39234 13.9757
    endloop
  endfacet
  facet normal -0 -0.514041 -0.857766
    outer loop
      vertex 11.1 2.81952 13.7197
      vertex 6.1 2.39234 13.9757
      vertex 6.1 2.81952 13.7197
    endloop
  endfacet
  facet normal -0 0.0490727 0.998795
    outer loop
      vertex 6.1 0 4.425
      vertex 11.1 -0.497437 4.44944
      vertex 11.1 0 4.425
    endloop
  endfacet
  facet normal 0 0.0490727 0.998795
    outer loop
      vertex 11.1 -0.497437 4.44944
      vertex 6.1 0 4.425
      vertex 6.1 -0.497437 4.44944
    endloop
  endfacet
  facet normal 0 -0.595722 -0.803191
    outer loop
      vertex 6.1 2.81952 13.7197
      vertex 11.1 3.21955 13.423
      vertex 11.1 2.81952 13.7197
    endloop
  endfacet
  facet normal -0 -0.595722 -0.803191
    outer loop
      vertex 11.1 3.21955 13.423
      vertex 6.1 2.81952 13.7197
      vertex 6.1 3.21955 13.423
    endloop
  endfacet
  facet normal 0 -0.427656 -0.903941
    outer loop
      vertex 6.1 1.94212 14.1887
      vertex 11.1 2.39234 13.9757
      vertex 11.1 1.94212 14.1887
    endloop
  endfacet
  facet normal -0 -0.427656 -0.903941
    outer loop
      vertex 11.1 2.39234 13.9757
      vertex 6.1 1.94212 14.1887
      vertex 6.1 2.39234 13.9757
    endloop
  endfacet
  facet normal 0 0.242958 -0.970037
    outer loop
      vertex 6.1 -1.47319 14.3565
      vertex 11.1 -0.990083 14.4775
      vertex 11.1 -1.47319 14.3565
    endloop
  endfacet
  facet normal 0 0.242958 -0.970037
    outer loop
      vertex 11.1 -0.990083 14.4775
      vertex 6.1 -1.47319 14.3565
      vertex 6.1 -0.990083 14.4775
    endloop
  endfacet
  facet normal 0 -0.242976 0.970032
    outer loop
      vertex 6.1 1.47319 4.64353
      vertex 11.1 0.990083 4.52252
      vertex 11.1 1.47319 4.64353
    endloop
  endfacet
  facet normal 0 -0.242976 0.970032
    outer loop
      vertex 11.1 0.990083 4.52252
      vertex 6.1 1.47319 4.64353
      vertex 6.1 0.990083 4.52252
    endloop
  endfacet
  facet normal 0 0.903988 0.427558
    outer loop
      vertex 11.1 -4.47575 7.10766
      vertex 6.1 -4.68869 7.55788
      vertex 11.1 -4.68869 7.55788
    endloop
  endfacet
  facet normal 0 0.903988 0.427558
    outer loop
      vertex 6.1 -4.68869 7.55788
      vertex 11.1 -4.47575 7.10766
      vertex 6.1 -4.47575 7.10766
    endloop
  endfacet
  facet normal -0 0.242976 0.970032
    outer loop
      vertex 6.1 -0.990083 4.52252
      vertex 11.1 -1.47319 4.64353
      vertex 11.1 -0.990083 4.52252
    endloop
  endfacet
  facet normal 0 0.242976 0.970032
    outer loop
      vertex 11.1 -1.47319 4.64353
      vertex 6.1 -0.990083 4.52252
      vertex 6.1 -1.47319 4.64353
    endloop
  endfacet
  facet normal 0 0.146775 -0.98917
    outer loop
      vertex 6.1 -0.990083 14.4775
      vertex 11.1 -0.497437 14.5506
      vertex 11.1 -0.990083 14.4775
    endloop
  endfacet
  facet normal 0 0.146775 -0.98917
    outer loop
      vertex 11.1 -0.497437 14.5506
      vertex 6.1 -0.990083 14.4775
      vertex 6.1 -0.497437 14.5506
    endloop
  endfacet
  facet normal 0 -0.989175 0.146738
    outer loop
      vertex 6.1 4.97748 8.50992
      vertex 11.1 5.05056 9.00256
      vertex 6.1 5.05056 9.00256
    endloop
  endfacet
  facet normal 0 -0.989175 0.146738
    outer loop
      vertex 11.1 5.05056 9.00256
      vertex 6.1 4.97748 8.50992
      vertex 11.1 4.97748 8.50992
    endloop
  endfacet
  facet normal 0 0.903981 -0.427574
    outer loop
      vertex 11.1 -4.68869 11.4421
      vertex 6.1 -4.47575 11.8923
      vertex 11.1 -4.47575 11.8923
    endloop
  endfacet
  facet normal 0 0.903981 -0.427574
    outer loop
      vertex 6.1 -4.47575 11.8923
      vertex 11.1 -4.68869 11.4421
      vertex 6.1 -4.68869 11.4421
    endloop
  endfacet
  facet normal 0 -0.740951 0.671559
    outer loop
      vertex 6.1 3.58857 5.91143
      vertex 11.1 3.92303 6.28045
      vertex 6.1 3.92303 6.28045
    endloop
  endfacet
  facet normal 0 -0.740951 0.671559
    outer loop
      vertex 11.1 3.92303 6.28045
      vertex 6.1 3.58857 5.91143
      vertex 11.1 3.58857 5.91143
    endloop
  endfacet
  facet normal 0 0.427656 -0.903941
    outer loop
      vertex 6.1 -2.39234 13.9757
      vertex 11.1 -1.94212 14.1887
      vertex 11.1 -2.39234 13.9757
    endloop
  endfacet
  facet normal 0 0.427656 -0.903941
    outer loop
      vertex 11.1 -1.94212 14.1887
      vertex 6.1 -2.39234 13.9757
      vertex 6.1 -1.94212 14.1887
    endloop
  endfacet
  facet normal 0 -0.80321 0.595696
    outer loop
      vertex 6.1 3.92303 6.28045
      vertex 11.1 4.21971 6.68048
      vertex 6.1 4.21971 6.68048
    endloop
  endfacet
  facet normal 0 -0.80321 0.595696
    outer loop
      vertex 11.1 4.21971 6.68048
      vertex 6.1 3.92303 6.28045
      vertex 11.1 3.92303 6.28045
    endloop
  endfacet
  facet normal 0 -0.671493 -0.741011
    outer loop
      vertex 6.1 3.21955 13.423
      vertex 11.1 3.58857 13.0886
      vertex 11.1 3.21955 13.423
    endloop
  endfacet
  facet normal -0 -0.671493 -0.741011
    outer loop
      vertex 11.1 3.58857 13.0886
      vertex 6.1 3.21955 13.423
      vertex 6.1 3.58857 13.0886
    endloop
  endfacet
  facet normal -0 0.427558 0.903988
    outer loop
      vertex 6.1 -1.94212 4.81131
      vertex 11.1 -2.39234 5.02425
      vertex 11.1 -1.94212 4.81131
    endloop
  endfacet
  facet normal 0 0.427558 0.903988
    outer loop
      vertex 11.1 -2.39234 5.02425
      vertex 6.1 -1.94212 4.81131
      vertex 6.1 -2.39234 5.02425
    endloop
  endfacet
  facet normal 0 0.0489925 -0.998799
    outer loop
      vertex 6.1 -0.497437 14.5506
      vertex 11.1 0 14.575
      vertex 11.1 -0.497437 14.5506
    endloop
  endfacet
  facet normal 0 0.0489925 -0.998799
    outer loop
      vertex 11.1 0 14.575
      vertex 6.1 -0.497437 14.5506
      vertex 6.1 0 14.575
    endloop
  endfacet
  facet normal 0 -0.970031 -0.24298
    outer loop
      vertex 6.1 4.97748 10.4901
      vertex 11.1 4.85647 10.9732
      vertex 6.1 4.85647 10.9732
    endloop
  endfacet
  facet normal 0 -0.970031 -0.24298
    outer loop
      vertex 11.1 4.85647 10.9732
      vertex 6.1 4.97748 10.4901
      vertex 11.1 4.97748 10.4901
    endloop
  endfacet
  facet normal -0 0.336879 0.941548
    outer loop
      vertex 6.1 -1.47319 4.64353
      vertex 11.1 -1.94212 4.81131
      vertex 11.1 -1.47319 4.64353
    endloop
  endfacet
  facet normal 0 0.336879 0.941548
    outer loop
      vertex 11.1 -1.94212 4.81131
      vertex 6.1 -1.47319 4.64353
      vertex 6.1 -1.94212 4.81131
    endloop
  endfacet
  facet normal 0 -0.857741 -0.514082
    outer loop
      vertex 6.1 4.47575 11.8923
      vertex 11.1 4.21971 12.3195
      vertex 6.1 4.21971 12.3195
    endloop
  endfacet
  facet normal 0 -0.857741 -0.514082
    outer loop
      vertex 11.1 4.21971 12.3195
      vertex 6.1 4.47575 11.8923
      vertex 11.1 4.47575 11.8923
    endloop
  endfacet
  facet normal 0 -0.803189 -0.595725
    outer loop
      vertex 6.1 4.21971 12.3195
      vertex 11.1 3.92303 12.7195
      vertex 6.1 3.92303 12.7195
    endloop
  endfacet
  facet normal 0 -0.803189 -0.595725
    outer loop
      vertex 11.1 3.92303 12.7195
      vertex 6.1 4.21971 12.3195
      vertex 11.1 4.21971 12.3195
    endloop
  endfacet
  facet normal 0 0.989176 -0.146732
    outer loop
      vertex 11.1 -5.05056 9.99744
      vertex 6.1 -4.97748 10.4901
      vertex 11.1 -4.97748 10.4901
    endloop
  endfacet
  facet normal 0 0.989176 -0.146732
    outer loop
      vertex 6.1 -4.97748 10.4901
      vertex 11.1 -5.05056 9.99744
      vertex 6.1 -5.05056 9.99744
    endloop
  endfacet
  facet normal 0 0.671493 -0.741011
    outer loop
      vertex 6.1 -3.58857 13.0886
      vertex 11.1 -3.21955 13.423
      vertex 11.1 -3.58857 13.0886
    endloop
  endfacet
  facet normal 0 0.671493 -0.741011
    outer loop
      vertex 11.1 -3.21955 13.423
      vertex 6.1 -3.58857 13.0886
      vertex 6.1 -3.21955 13.423
    endloop
  endfacet
  facet normal 0 0.970033 0.242975
    outer loop
      vertex 11.1 -4.85647 8.02681
      vertex 6.1 -4.97748 8.50992
      vertex 11.1 -4.97748 8.50992
    endloop
  endfacet
  facet normal 0 0.970033 0.242975
    outer loop
      vertex 6.1 -4.97748 8.50992
      vertex 11.1 -4.85647 8.02681
      vertex 6.1 -4.85647 8.02681
    endloop
  endfacet
  facet normal 0 0.970031 -0.24298
    outer loop
      vertex 11.1 -4.97748 10.4901
      vertex 6.1 -4.85647 10.9732
      vertex 11.1 -4.85647 10.9732
    endloop
  endfacet
  facet normal 0 0.970031 -0.24298
    outer loop
      vertex 6.1 -4.85647 10.9732
      vertex 11.1 -4.97748 10.4901
      vertex 6.1 -4.97748 10.4901
    endloop
  endfacet
  facet normal 0 0.336915 -0.941535
    outer loop
      vertex 6.1 -1.94212 14.1887
      vertex 11.1 -1.47319 14.3565
      vertex 11.1 -1.94212 14.1887
    endloop
  endfacet
  facet normal 0 0.336915 -0.941535
    outer loop
      vertex 11.1 -1.47319 14.3565
      vertex 6.1 -1.94212 14.1887
      vertex 6.1 -1.47319 14.3565
    endloop
  endfacet
  facet normal 0 -0.5141 0.85773
    outer loop
      vertex 6.1 2.81952 5.28029
      vertex 11.1 2.39234 5.02425
      vertex 11.1 2.81952 5.28029
    endloop
  endfacet
  facet normal 0 -0.5141 0.85773
    outer loop
      vertex 11.1 2.39234 5.02425
      vertex 6.1 2.81952 5.28029
      vertex 6.1 2.39234 5.02425
    endloop
  endfacet
  facet normal 0 -0.970033 0.242975
    outer loop
      vertex 6.1 4.85647 8.02681
      vertex 11.1 4.97748 8.50992
      vertex 6.1 4.97748 8.50992
    endloop
  endfacet
  facet normal 0 -0.970033 0.242975
    outer loop
      vertex 11.1 4.97748 8.50992
      vertex 6.1 4.85647 8.02681
      vertex 11.1 4.85647 8.02681
    endloop
  endfacet
  facet normal 0 -0.989176 -0.146732
    outer loop
      vertex 6.1 5.05056 9.99744
      vertex 11.1 4.97748 10.4901
      vertex 6.1 4.97748 10.4901
    endloop
  endfacet
  facet normal 0 -0.989176 -0.146732
    outer loop
      vertex 11.1 4.97748 10.4901
      vertex 6.1 5.05056 9.99744
      vertex 11.1 5.05056 9.99744
    endloop
  endfacet
  facet normal 0 -0.998795 -0.0490724
    outer loop
      vertex 6.1 5.075 9.5
      vertex 11.1 5.05056 9.99744
      vertex 6.1 5.05056 9.99744
    endloop
  endfacet
  facet normal 0 -0.998795 -0.0490724
    outer loop
      vertex 11.1 5.05056 9.99744
      vertex 6.1 5.075 9.5
      vertex 11.1 5.075 9.5
    endloop
  endfacet
  facet normal 0 -0.146736 0.989176
    outer loop
      vertex 6.1 0.990083 4.52252
      vertex 11.1 0.497437 4.44944
      vertex 11.1 0.990083 4.52252
    endloop
  endfacet
  facet normal 0 -0.146736 0.989176
    outer loop
      vertex 11.1 0.497437 4.44944
      vertex 6.1 0.990083 4.52252
      vertex 6.1 0.497437 4.44944
    endloop
  endfacet
  facet normal 0 -0.85773 0.5141
    outer loop
      vertex 6.1 4.21971 6.68048
      vertex 11.1 4.47575 7.10766
      vertex 6.1 4.47575 7.10766
    endloop
  endfacet
  facet normal 0 -0.85773 0.5141
    outer loop
      vertex 11.1 4.47575 7.10766
      vertex 6.1 4.21971 6.68048
      vertex 11.1 4.21971 6.68048
    endloop
  endfacet
  facet normal 0 -0.671559 0.740951
    outer loop
      vertex 6.1 3.58857 5.91143
      vertex 11.1 3.21955 5.57697
      vertex 11.1 3.58857 5.91143
    endloop
  endfacet
  facet normal 0 -0.671559 0.740951
    outer loop
      vertex 11.1 3.21955 5.57697
      vertex 6.1 3.58857 5.91143
      vertex 6.1 3.21955 5.57697
    endloop
  endfacet
  facet normal 0 -0.903981 -0.427574
    outer loop
      vertex 6.1 4.68869 11.4421
      vertex 11.1 4.47575 11.8923
      vertex 6.1 4.47575 11.8923
    endloop
  endfacet
  facet normal 0 -0.903981 -0.427574
    outer loop
      vertex 11.1 4.47575 11.8923
      vertex 6.1 4.68869 11.4421
      vertex 11.1 4.68869 11.4421
    endloop
  endfacet
  facet normal 0 -0.427558 0.903988
    outer loop
      vertex 6.1 2.39234 5.02425
      vertex 11.1 1.94212 4.81131
      vertex 11.1 2.39234 5.02425
    endloop
  endfacet
  facet normal 0 -0.427558 0.903988
    outer loop
      vertex 11.1 1.94212 4.81131
      vertex 6.1 2.39234 5.02425
      vertex 6.1 1.94212 4.81131
    endloop
  endfacet
  facet normal 0 0.514041 -0.857766
    outer loop
      vertex 6.1 -2.81952 13.7197
      vertex 11.1 -2.39234 13.9757
      vertex 11.1 -2.81952 13.7197
    endloop
  endfacet
  facet normal 0 0.514041 -0.857766
    outer loop
      vertex 11.1 -2.39234 13.9757
      vertex 6.1 -2.81952 13.7197
      vertex 6.1 -2.39234 13.9757
    endloop
  endfacet
  facet normal -0 0.671559 0.740951
    outer loop
      vertex 6.1 -3.21955 5.57697
      vertex 11.1 -3.58857 5.91143
      vertex 11.1 -3.21955 5.57697
    endloop
  endfacet
  facet normal 0 0.671559 0.740951
    outer loop
      vertex 11.1 -3.58857 5.91143
      vertex 6.1 -3.21955 5.57697
      vertex 6.1 -3.58857 5.91143
    endloop
  endfacet
  facet normal -0 0.5141 0.85773
    outer loop
      vertex 6.1 -2.39234 5.02425
      vertex 11.1 -2.81952 5.28029
      vertex 11.1 -2.39234 5.02425
    endloop
  endfacet
  facet normal 0 0.5141 0.85773
    outer loop
      vertex 11.1 -2.81952 5.28029
      vertex 6.1 -2.39234 5.02425
      vertex 6.1 -2.81952 5.28029
    endloop
  endfacet
  facet normal 0 -0.941548 0.336879
    outer loop
      vertex 6.1 4.68869 7.55788
      vertex 11.1 4.85647 8.02681
      vertex 6.1 4.85647 8.02681
    endloop
  endfacet
  facet normal 0 -0.941548 0.336879
    outer loop
      vertex 11.1 4.85647 8.02681
      vertex 6.1 4.68869 7.55788
      vertex 11.1 4.68869 7.55788
    endloop
  endfacet
  facet normal 0 -0.941541 -0.336899
    outer loop
      vertex 6.1 4.85647 10.9732
      vertex 11.1 4.68869 11.4421
      vertex 6.1 4.68869 11.4421
    endloop
  endfacet
  facet normal 0 -0.941541 -0.336899
    outer loop
      vertex 11.1 4.68869 11.4421
      vertex 6.1 4.85647 10.9732
      vertex 11.1 4.85647 10.9732
    endloop
  endfacet
  facet normal 0 0.85773 0.5141
    outer loop
      vertex 11.1 -4.21971 6.68048
      vertex 6.1 -4.47575 7.10766
      vertex 11.1 -4.47575 7.10766
    endloop
  endfacet
  facet normal 0 0.85773 0.5141
    outer loop
      vertex 6.1 -4.47575 7.10766
      vertex 11.1 -4.21971 6.68048
      vertex 6.1 -4.21971 6.68048
    endloop
  endfacet
  facet normal 0 0.803189 -0.595725
    outer loop
      vertex 11.1 -4.21971 12.3195
      vertex 6.1 -3.92303 12.7195
      vertex 11.1 -3.92303 12.7195
    endloop
  endfacet
  facet normal 0 0.803189 -0.595725
    outer loop
      vertex 6.1 -3.92303 12.7195
      vertex 11.1 -4.21971 12.3195
      vertex 6.1 -4.21971 12.3195
    endloop
  endfacet
  facet normal -0 0.595696 0.80321
    outer loop
      vertex 6.1 -2.81952 5.28029
      vertex 11.1 -3.21955 5.57697
      vertex 11.1 -2.81952 5.28029
    endloop
  endfacet
  facet normal 0 0.595696 0.80321
    outer loop
      vertex 11.1 -3.21955 5.57697
      vertex 6.1 -2.81952 5.28029
      vertex 6.1 -3.21955 5.57697
    endloop
  endfacet
  facet normal 0 -0.903988 0.427558
    outer loop
      vertex 6.1 4.47575 7.10766
      vertex 11.1 4.68869 7.55788
      vertex 6.1 4.68869 7.55788
    endloop
  endfacet
  facet normal 0 -0.903988 0.427558
    outer loop
      vertex 11.1 4.68869 7.55788
      vertex 6.1 4.47575 7.10766
      vertex 11.1 4.47575 7.10766
    endloop
  endfacet
  facet normal -0 0.146736 0.989176
    outer loop
      vertex 6.1 -0.497437 4.44944
      vertex 11.1 -0.990083 4.52252
      vertex 11.1 -0.497437 4.44944
    endloop
  endfacet
  facet normal 0 0.146736 0.989176
    outer loop
      vertex 11.1 -0.990083 4.52252
      vertex 6.1 -0.497437 4.44944
      vertex 6.1 -0.990083 4.52252
    endloop
  endfacet
  facet normal 0 0.740951 0.671559
    outer loop
      vertex 11.1 -3.58857 5.91143
      vertex 6.1 -3.92303 6.28045
      vertex 11.1 -3.92303 6.28045
    endloop
  endfacet
  facet normal 0 0.740951 0.671559
    outer loop
      vertex 6.1 -3.92303 6.28045
      vertex 11.1 -3.58857 5.91143
      vertex 6.1 -3.58857 5.91143
    endloop
  endfacet
  facet normal 0 -0.595696 0.80321
    outer loop
      vertex 6.1 3.21955 5.57697
      vertex 11.1 2.81952 5.28029
      vertex 11.1 3.21955 5.57697
    endloop
  endfacet
  facet normal 0 -0.595696 0.80321
    outer loop
      vertex 11.1 2.81952 5.28029
      vertex 6.1 3.21955 5.57697
      vertex 6.1 2.81952 5.28029
    endloop
  endfacet
  facet normal 0 0.998795 0.0490724
    outer loop
      vertex 11.1 -5.05056 9.00256
      vertex 6.1 -5.075 9.5
      vertex 11.1 -5.075 9.5
    endloop
  endfacet
  facet normal 0 0.998795 0.0490724
    outer loop
      vertex 6.1 -5.075 9.5
      vertex 11.1 -5.05056 9.00256
      vertex 6.1 -5.05056 9.00256
    endloop
  endfacet
  facet normal 0 -0.0490727 0.998795
    outer loop
      vertex 6.1 0.497437 4.44944
      vertex 11.1 0 4.425
      vertex 11.1 0.497437 4.44944
    endloop
  endfacet
  facet normal 0 -0.0490727 0.998795
    outer loop
      vertex 11.1 0 4.425
      vertex 6.1 0.497437 4.44944
      vertex 6.1 0 4.425
    endloop
  endfacet
  facet normal 0 0.941548 0.336879
    outer loop
      vertex 11.1 -4.68869 7.55788
      vertex 6.1 -4.85647 8.02681
      vertex 11.1 -4.85647 8.02681
    endloop
  endfacet
  facet normal 0 0.941548 0.336879
    outer loop
      vertex 6.1 -4.85647 8.02681
      vertex 11.1 -4.68869 7.55788
      vertex 6.1 -4.68869 7.55788
    endloop
  endfacet
  facet normal 0 0.741024 -0.671479
    outer loop
      vertex 11.1 -3.92303 12.7195
      vertex 6.1 -3.58857 13.0886
      vertex 11.1 -3.58857 13.0886
    endloop
  endfacet
  facet normal 0 0.741024 -0.671479
    outer loop
      vertex 6.1 -3.58857 13.0886
      vertex 11.1 -3.92303 12.7195
      vertex 6.1 -3.92303 12.7195
    endloop
  endfacet
  facet normal 0 -0.146775 -0.98917
    outer loop
      vertex 6.1 0.497437 34.5506
      vertex 11.1 0.990083 34.4775
      vertex 11.1 0.497437 34.5506
    endloop
  endfacet
  facet normal -0 -0.146775 -0.98917
    outer loop
      vertex 11.1 0.990083 34.4775
      vertex 6.1 0.497437 34.5506
      vertex 6.1 0.990083 34.4775
    endloop
  endfacet
  facet normal 0 -0.0489925 -0.998799
    outer loop
      vertex 6.1 0 34.575
      vertex 11.1 0.497437 34.5506
      vertex 11.1 0 34.575
    endloop
  endfacet
  facet normal -0 -0.0489925 -0.998799
    outer loop
      vertex 11.1 0.497437 34.5506
      vertex 6.1 0 34.575
      vertex 6.1 0.497437 34.5506
    endloop
  endfacet
  facet normal 0 -0.242958 -0.970037
    outer loop
      vertex 6.1 0.990083 34.4775
      vertex 11.1 1.47319 34.3565
      vertex 11.1 0.990083 34.4775
    endloop
  endfacet
  facet normal -0 -0.242958 -0.970037
    outer loop
      vertex 11.1 1.47319 34.3565
      vertex 6.1 0.990083 34.4775
      vertex 6.1 1.47319 34.3565
    endloop
  endfacet
  facet normal 0 0.941541 -0.336899
    outer loop
      vertex 11.1 -4.85647 30.9732
      vertex 6.1 -4.68869 31.4421
      vertex 11.1 -4.68869 31.4421
    endloop
  endfacet
  facet normal 0 0.941541 -0.336899
    outer loop
      vertex 6.1 -4.68869 31.4421
      vertex 11.1 -4.85647 30.9732
      vertex 6.1 -4.85647 30.9732
    endloop
  endfacet
  facet normal 0 -0.427656 0.903941
    outer loop
      vertex 6.1 2.39234 25.0243
      vertex 11.1 1.94212 24.8113
      vertex 11.1 2.39234 25.0243
    endloop
  endfacet
  facet normal 0 -0.427656 0.903941
    outer loop
      vertex 11.1 1.94212 24.8113
      vertex 6.1 2.39234 25.0243
      vertex 6.1 1.94212 24.8113
    endloop
  endfacet
  facet normal 0 -0.741024 -0.671479
    outer loop
      vertex 6.1 3.92303 32.7195
      vertex 11.1 3.58857 33.0886
      vertex 6.1 3.58857 33.0886
    endloop
  endfacet
  facet normal 0 -0.741024 -0.671479
    outer loop
      vertex 11.1 3.58857 33.0886
      vertex 6.1 3.92303 32.7195
      vertex 11.1 3.92303 32.7195
    endloop
  endfacet
  facet normal 0 0.989178 0.14672
    outer loop
      vertex 11.1 -4.97748 28.5099
      vertex 6.1 -5.05056 29.0026
      vertex 11.1 -5.05056 29.0026
    endloop
  endfacet
  facet normal 0 0.989178 0.14672
    outer loop
      vertex 6.1 -5.05056 29.0026
      vertex 11.1 -4.97748 28.5099
      vertex 6.1 -4.97748 28.5099
    endloop
  endfacet
  facet normal 0 -0.336915 -0.941535
    outer loop
      vertex 6.1 1.47319 34.3565
      vertex 11.1 1.94212 34.1887
      vertex 11.1 1.47319 34.3565
    endloop
  endfacet
  facet normal -0 -0.336915 -0.941535
    outer loop
      vertex 11.1 1.94212 34.1887
      vertex 6.1 1.47319 34.3565
      vertex 6.1 1.94212 34.1887
    endloop
  endfacet
  facet normal 0 -0.998795 0.0490763
    outer loop
      vertex 6.1 5.05056 29.0026
      vertex 11.1 5.075 29.5
      vertex 6.1 5.075 29.5
    endloop
  endfacet
  facet normal 0 -0.998795 0.0490763
    outer loop
      vertex 11.1 5.075 29.5
      vertex 6.1 5.05056 29.0026
      vertex 11.1 5.05056 29.0026
    endloop
  endfacet
  facet normal 0 0.998795 -0.0490763
    outer loop
      vertex 11.1 -5.075 29.5
      vertex 6.1 -5.05056 29.9974
      vertex 11.1 -5.05056 29.9974
    endloop
  endfacet
  facet normal 0 0.998795 -0.0490763
    outer loop
      vertex 6.1 -5.05056 29.9974
      vertex 11.1 -5.075 29.5
      vertex 6.1 -5.075 29.5
    endloop
  endfacet
  facet normal 0 0.595722 -0.803191
    outer loop
      vertex 6.1 -3.21955 33.423
      vertex 11.1 -2.81952 33.7197
      vertex 11.1 -3.21955 33.423
    endloop
  endfacet
  facet normal 0 0.595722 -0.803191
    outer loop
      vertex 11.1 -2.81952 33.7197
      vertex 6.1 -3.21955 33.423
      vertex 6.1 -2.81952 33.7197
    endloop
  endfacet
  facet normal 0 0.803189 0.595725
    outer loop
      vertex 11.1 -3.92303 26.2805
      vertex 6.1 -4.21971 26.6805
      vertex 11.1 -4.21971 26.6805
    endloop
  endfacet
  facet normal 0 0.803189 0.595725
    outer loop
      vertex 6.1 -4.21971 26.6805
      vertex 11.1 -3.92303 26.2805
      vertex 6.1 -3.92303 26.2805
    endloop
  endfacet
  facet normal 0 -0.336915 0.941535
    outer loop
      vertex 6.1 1.94212 24.8113
      vertex 11.1 1.47319 24.6435
      vertex 11.1 1.94212 24.8113
    endloop
  endfacet
  facet normal 0 -0.336915 0.941535
    outer loop
      vertex 11.1 1.47319 24.6435
      vertex 6.1 1.94212 24.8113
      vertex 6.1 1.47319 24.6435
    endloop
  endfacet
  facet normal 0 -0.514041 -0.857766
    outer loop
      vertex 6.1 2.39234 33.9757
      vertex 11.1 2.81952 33.7197
      vertex 11.1 2.39234 33.9757
    endloop
  endfacet
  facet normal -0 -0.514041 -0.857766
    outer loop
      vertex 11.1 2.81952 33.7197
      vertex 6.1 2.39234 33.9757
      vertex 6.1 2.81952 33.7197
    endloop
  endfacet
  facet normal -0 0.0489925 0.998799
    outer loop
      vertex 6.1 0 24.425
      vertex 11.1 -0.497437 24.4494
      vertex 11.1 0 24.425
    endloop
  endfacet
  facet normal 0 0.0489925 0.998799
    outer loop
      vertex 11.1 -0.497437 24.4494
      vertex 6.1 0 24.425
      vertex 6.1 -0.497437 24.4494
    endloop
  endfacet
  facet normal 0 -0.595722 -0.803191
    outer loop
      vertex 6.1 2.81952 33.7197
      vertex 11.1 3.21955 33.423
      vertex 11.1 2.81952 33.7197
    endloop
  endfacet
  facet normal -0 -0.595722 -0.803191
    outer loop
      vertex 11.1 3.21955 33.423
      vertex 6.1 2.81952 33.7197
      vertex 6.1 3.21955 33.423
    endloop
  endfacet
  facet normal 0 -0.427656 -0.903941
    outer loop
      vertex 6.1 1.94212 34.1887
      vertex 11.1 2.39234 33.9757
      vertex 11.1 1.94212 34.1887
    endloop
  endfacet
  facet normal -0 -0.427656 -0.903941
    outer loop
      vertex 11.1 2.39234 33.9757
      vertex 6.1 1.94212 34.1887
      vertex 6.1 2.39234 33.9757
    endloop
  endfacet
  facet normal 0 0.242958 -0.970037
    outer loop
      vertex 6.1 -1.47319 34.3565
      vertex 11.1 -0.990083 34.4775
      vertex 11.1 -1.47319 34.3565
    endloop
  endfacet
  facet normal 0 0.242958 -0.970037
    outer loop
      vertex 11.1 -0.990083 34.4775
      vertex 6.1 -1.47319 34.3565
      vertex 6.1 -0.990083 34.4775
    endloop
  endfacet
  facet normal 0 -0.242958 0.970037
    outer loop
      vertex 6.1 1.47319 24.6435
      vertex 11.1 0.990083 24.5225
      vertex 11.1 1.47319 24.6435
    endloop
  endfacet
  facet normal 0 -0.242958 0.970037
    outer loop
      vertex 11.1 0.990083 24.5225
      vertex 6.1 1.47319 24.6435
      vertex 6.1 0.990083 24.5225
    endloop
  endfacet
  facet normal 0 0.903981 0.427574
    outer loop
      vertex 11.1 -4.47575 27.1077
      vertex 6.1 -4.68869 27.5579
      vertex 11.1 -4.68869 27.5579
    endloop
  endfacet
  facet normal 0 0.903981 0.427574
    outer loop
      vertex 6.1 -4.68869 27.5579
      vertex 11.1 -4.47575 27.1077
      vertex 6.1 -4.47575 27.1077
    endloop
  endfacet
  facet normal -0 0.242958 0.970037
    outer loop
      vertex 6.1 -0.990083 24.5225
      vertex 11.1 -1.47319 24.6435
      vertex 11.1 -0.990083 24.5225
    endloop
  endfacet
  facet normal 0 0.242958 0.970037
    outer loop
      vertex 11.1 -1.47319 24.6435
      vertex 6.1 -0.990083 24.5225
      vertex 6.1 -1.47319 24.6435
    endloop
  endfacet
  facet normal 0 0.146775 -0.98917
    outer loop
      vertex 6.1 -0.990083 34.4775
      vertex 11.1 -0.497437 34.5506
      vertex 11.1 -0.990083 34.4775
    endloop
  endfacet
  facet normal 0 0.146775 -0.98917
    outer loop
      vertex 11.1 -0.497437 34.5506
      vertex 6.1 -0.990083 34.4775
      vertex 6.1 -0.497437 34.5506
    endloop
  endfacet
  facet normal 0 -0.989178 0.14672
    outer loop
      vertex 6.1 4.97748 28.5099
      vertex 11.1 5.05056 29.0026
      vertex 6.1 5.05056 29.0026
    endloop
  endfacet
  facet normal 0 -0.989178 0.14672
    outer loop
      vertex 11.1 5.05056 29.0026
      vertex 6.1 4.97748 28.5099
      vertex 11.1 4.97748 28.5099
    endloop
  endfacet
  facet normal 0 0.903981 -0.427574
    outer loop
      vertex 11.1 -4.68869 31.4421
      vertex 6.1 -4.47575 31.8923
      vertex 11.1 -4.47575 31.8923
    endloop
  endfacet
  facet normal 0 0.903981 -0.427574
    outer loop
      vertex 6.1 -4.47575 31.8923
      vertex 11.1 -4.68869 31.4421
      vertex 6.1 -4.68869 31.4421
    endloop
  endfacet
  facet normal 0 -0.741024 0.671479
    outer loop
      vertex 6.1 3.58857 25.9114
      vertex 11.1 3.92303 26.2805
      vertex 6.1 3.92303 26.2805
    endloop
  endfacet
  facet normal 0 -0.741024 0.671479
    outer loop
      vertex 11.1 3.92303 26.2805
      vertex 6.1 3.58857 25.9114
      vertex 11.1 3.58857 25.9114
    endloop
  endfacet
  facet normal 0 0.427656 -0.903941
    outer loop
      vertex 6.1 -2.39234 33.9757
      vertex 11.1 -1.94212 34.1887
      vertex 11.1 -2.39234 33.9757
    endloop
  endfacet
  facet normal 0 0.427656 -0.903941
    outer loop
      vertex 11.1 -1.94212 34.1887
      vertex 6.1 -2.39234 33.9757
      vertex 6.1 -1.94212 34.1887
    endloop
  endfacet
  facet normal 0 -0.803189 0.595725
    outer loop
      vertex 6.1 3.92303 26.2805
      vertex 11.1 4.21971 26.6805
      vertex 6.1 4.21971 26.6805
    endloop
  endfacet
  facet normal 0 -0.803189 0.595725
    outer loop
      vertex 11.1 4.21971 26.6805
      vertex 6.1 3.92303 26.2805
      vertex 11.1 3.92303 26.2805
    endloop
  endfacet
  facet normal 0 -0.671493 -0.741011
    outer loop
      vertex 6.1 3.21955 33.423
      vertex 11.1 3.58857 33.0886
      vertex 11.1 3.21955 33.423
    endloop
  endfacet
  facet normal -0 -0.671493 -0.741011
    outer loop
      vertex 11.1 3.58857 33.0886
      vertex 6.1 3.21955 33.423
      vertex 6.1 3.58857 33.0886
    endloop
  endfacet
  facet normal -0 0.427656 0.903941
    outer loop
      vertex 6.1 -1.94212 24.8113
      vertex 11.1 -2.39234 25.0243
      vertex 11.1 -1.94212 24.8113
    endloop
  endfacet
  facet normal 0 0.427656 0.903941
    outer loop
      vertex 11.1 -2.39234 25.0243
      vertex 6.1 -1.94212 24.8113
      vertex 6.1 -2.39234 25.0243
    endloop
  endfacet
  facet normal 0 0.0489925 -0.998799
    outer loop
      vertex 6.1 -0.497437 34.5506
      vertex 11.1 0 34.575
      vertex 11.1 -0.497437 34.5506
    endloop
  endfacet
  facet normal 0 0.0489925 -0.998799
    outer loop
      vertex 11.1 0 34.575
      vertex 6.1 -0.497437 34.5506
      vertex 6.1 0 34.575
    endloop
  endfacet
  facet normal 0 -0.970031 -0.24298
    outer loop
      vertex 6.1 4.97748 30.4901
      vertex 11.1 4.85647 30.9732
      vertex 6.1 4.85647 30.9732
    endloop
  endfacet
  facet normal 0 -0.970031 -0.24298
    outer loop
      vertex 11.1 4.85647 30.9732
      vertex 6.1 4.97748 30.4901
      vertex 11.1 4.97748 30.4901
    endloop
  endfacet
  facet normal -0 0.336915 0.941535
    outer loop
      vertex 6.1 -1.47319 24.6435
      vertex 11.1 -1.94212 24.8113
      vertex 11.1 -1.47319 24.6435
    endloop
  endfacet
  facet normal 0 0.336915 0.941535
    outer loop
      vertex 11.1 -1.94212 24.8113
      vertex 6.1 -1.47319 24.6435
      vertex 6.1 -1.94212 24.8113
    endloop
  endfacet
  facet normal 0 -0.857741 -0.514082
    outer loop
      vertex 6.1 4.47575 31.8923
      vertex 11.1 4.21971 32.3195
      vertex 6.1 4.21971 32.3195
    endloop
  endfacet
  facet normal 0 -0.857741 -0.514082
    outer loop
      vertex 11.1 4.21971 32.3195
      vertex 6.1 4.47575 31.8923
      vertex 11.1 4.47575 31.8923
    endloop
  endfacet
  facet normal 0 -0.803189 -0.595725
    outer loop
      vertex 6.1 4.21971 32.3195
      vertex 11.1 3.92303 32.7195
      vertex 6.1 3.92303 32.7195
    endloop
  endfacet
  facet normal 0 -0.803189 -0.595725
    outer loop
      vertex 11.1 3.92303 32.7195
      vertex 6.1 4.21971 32.3195
      vertex 11.1 4.21971 32.3195
    endloop
  endfacet
  facet normal 0 0.989178 -0.14672
    outer loop
      vertex 11.1 -5.05056 29.9974
      vertex 6.1 -4.97748 30.4901
      vertex 11.1 -4.97748 30.4901
    endloop
  endfacet
  facet normal 0 0.989178 -0.14672
    outer loop
      vertex 6.1 -4.97748 30.4901
      vertex 11.1 -5.05056 29.9974
      vertex 6.1 -5.05056 29.9974
    endloop
  endfacet
  facet normal 0 0.671493 -0.741011
    outer loop
      vertex 6.1 -3.58857 33.0886
      vertex 11.1 -3.21955 33.423
      vertex 11.1 -3.58857 33.0886
    endloop
  endfacet
  facet normal 0 0.671493 -0.741011
    outer loop
      vertex 11.1 -3.21955 33.423
      vertex 6.1 -3.58857 33.0886
      vertex 6.1 -3.21955 33.423
    endloop
  endfacet
  facet normal 0 0.970031 0.24298
    outer loop
      vertex 11.1 -4.85647 28.0268
      vertex 6.1 -4.97748 28.5099
      vertex 11.1 -4.97748 28.5099
    endloop
  endfacet
  facet normal 0 0.970031 0.24298
    outer loop
      vertex 6.1 -4.97748 28.5099
      vertex 11.1 -4.85647 28.0268
      vertex 6.1 -4.85647 28.0268
    endloop
  endfacet
  facet normal 0 0.970031 -0.24298
    outer loop
      vertex 11.1 -4.97748 30.4901
      vertex 6.1 -4.85647 30.9732
      vertex 11.1 -4.85647 30.9732
    endloop
  endfacet
  facet normal 0 0.970031 -0.24298
    outer loop
      vertex 6.1 -4.85647 30.9732
      vertex 11.1 -4.97748 30.4901
      vertex 6.1 -4.97748 30.4901
    endloop
  endfacet
  facet normal 0 0.336915 -0.941535
    outer loop
      vertex 6.1 -1.94212 34.1887
      vertex 11.1 -1.47319 34.3565
      vertex 11.1 -1.94212 34.1887
    endloop
  endfacet
  facet normal 0 0.336915 -0.941535
    outer loop
      vertex 11.1 -1.47319 34.3565
      vertex 6.1 -1.94212 34.1887
      vertex 6.1 -1.47319 34.3565
    endloop
  endfacet
  facet normal 0 -0.514041 0.857766
    outer loop
      vertex 6.1 2.81952 25.2803
      vertex 11.1 2.39234 25.0243
      vertex 11.1 2.81952 25.2803
    endloop
  endfacet
  facet normal 0 -0.514041 0.857766
    outer loop
      vertex 11.1 2.39234 25.0243
      vertex 6.1 2.81952 25.2803
      vertex 6.1 2.39234 25.0243
    endloop
  endfacet
  facet normal 0 -0.970031 0.24298
    outer loop
      vertex 6.1 4.85647 28.0268
      vertex 11.1 4.97748 28.5099
      vertex 6.1 4.97748 28.5099
    endloop
  endfacet
  facet normal 0 -0.970031 0.24298
    outer loop
      vertex 11.1 4.97748 28.5099
      vertex 6.1 4.85647 28.0268
      vertex 11.1 4.85647 28.0268
    endloop
  endfacet
  facet normal 0 -0.989178 -0.14672
    outer loop
      vertex 6.1 5.05056 29.9974
      vertex 11.1 4.97748 30.4901
      vertex 6.1 4.97748 30.4901
    endloop
  endfacet
  facet normal 0 -0.989178 -0.14672
    outer loop
      vertex 11.1 4.97748 30.4901
      vertex 6.1 5.05056 29.9974
      vertex 11.1 5.05056 29.9974
    endloop
  endfacet
  facet normal 0 -0.998795 -0.0490763
    outer loop
      vertex 6.1 5.075 29.5
      vertex 11.1 5.05056 29.9974
      vertex 6.1 5.05056 29.9974
    endloop
  endfacet
  facet normal 0 -0.998795 -0.0490763
    outer loop
      vertex 11.1 5.05056 29.9974
      vertex 6.1 5.075 29.5
      vertex 11.1 5.075 29.5
    endloop
  endfacet
  facet normal 0 -0.146775 0.98917
    outer loop
      vertex 6.1 0.990083 24.5225
      vertex 11.1 0.497437 24.4494
      vertex 11.1 0.990083 24.5225
    endloop
  endfacet
  facet normal 0 -0.146775 0.98917
    outer loop
      vertex 11.1 0.497437 24.4494
      vertex 6.1 0.990083 24.5225
      vertex 6.1 0.497437 24.4494
    endloop
  endfacet
  facet normal 0 -0.857741 0.514082
    outer loop
      vertex 6.1 4.21971 26.6805
      vertex 11.1 4.47575 27.1077
      vertex 6.1 4.47575 27.1077
    endloop
  endfacet
  facet normal 0 -0.857741 0.514082
    outer loop
      vertex 11.1 4.47575 27.1077
      vertex 6.1 4.21971 26.6805
      vertex 11.1 4.21971 26.6805
    endloop
  endfacet
  facet normal 0 -0.671493 0.741011
    outer loop
      vertex 6.1 3.58857 25.9114
      vertex 11.1 3.21955 25.577
      vertex 11.1 3.58857 25.9114
    endloop
  endfacet
  facet normal 0 -0.671493 0.741011
    outer loop
      vertex 11.1 3.21955 25.577
      vertex 6.1 3.58857 25.9114
      vertex 6.1 3.21955 25.577
    endloop
  endfacet
  facet normal 0 -0.903981 -0.427574
    outer loop
      vertex 6.1 4.68869 31.4421
      vertex 11.1 4.47575 31.8923
      vertex 6.1 4.47575 31.8923
    endloop
  endfacet
  facet normal 0 -0.903981 -0.427574
    outer loop
      vertex 11.1 4.47575 31.8923
      vertex 6.1 4.68869 31.4421
      vertex 11.1 4.68869 31.4421
    endloop
  endfacet
  facet normal 0 0.514041 -0.857766
    outer loop
      vertex 6.1 -2.81952 33.7197
      vertex 11.1 -2.39234 33.9757
      vertex 11.1 -2.81952 33.7197
    endloop
  endfacet
  facet normal 0 0.514041 -0.857766
    outer loop
      vertex 11.1 -2.39234 33.9757
      vertex 6.1 -2.81952 33.7197
      vertex 6.1 -2.39234 33.9757
    endloop
  endfacet
  facet normal -0 0.671493 0.741011
    outer loop
      vertex 6.1 -3.21955 25.577
      vertex 11.1 -3.58857 25.9114
      vertex 11.1 -3.21955 25.577
    endloop
  endfacet
  facet normal 0 0.671493 0.741011
    outer loop
      vertex 11.1 -3.58857 25.9114
      vertex 6.1 -3.21955 25.577
      vertex 6.1 -3.58857 25.9114
    endloop
  endfacet
  facet normal -0 0.514041 0.857766
    outer loop
      vertex 6.1 -2.39234 25.0243
      vertex 11.1 -2.81952 25.2803
      vertex 11.1 -2.39234 25.0243
    endloop
  endfacet
  facet normal 0 0.514041 0.857766
    outer loop
      vertex 11.1 -2.81952 25.2803
      vertex 6.1 -2.39234 25.0243
      vertex 6.1 -2.81952 25.2803
    endloop
  endfacet
  facet normal 0 -0.941541 0.336899
    outer loop
      vertex 6.1 4.68869 27.5579
      vertex 11.1 4.85647 28.0268
      vertex 6.1 4.85647 28.0268
    endloop
  endfacet
  facet normal 0 -0.941541 0.336899
    outer loop
      vertex 11.1 4.85647 28.0268
      vertex 6.1 4.68869 27.5579
      vertex 11.1 4.68869 27.5579
    endloop
  endfacet
  facet normal 0 -0.941541 -0.336899
    outer loop
      vertex 6.1 4.85647 30.9732
      vertex 11.1 4.68869 31.4421
      vertex 6.1 4.68869 31.4421
    endloop
  endfacet
  facet normal 0 -0.941541 -0.336899
    outer loop
      vertex 11.1 4.68869 31.4421
      vertex 6.1 4.85647 30.9732
      vertex 11.1 4.85647 30.9732
    endloop
  endfacet
  facet normal 0 0.857741 0.514082
    outer loop
      vertex 11.1 -4.21971 26.6805
      vertex 6.1 -4.47575 27.1077
      vertex 11.1 -4.47575 27.1077
    endloop
  endfacet
  facet normal 0 0.857741 0.514082
    outer loop
      vertex 6.1 -4.47575 27.1077
      vertex 11.1 -4.21971 26.6805
      vertex 6.1 -4.21971 26.6805
    endloop
  endfacet
  facet normal 0 0.803189 -0.595725
    outer loop
      vertex 11.1 -4.21971 32.3195
      vertex 6.1 -3.92303 32.7195
      vertex 11.1 -3.92303 32.7195
    endloop
  endfacet
  facet normal 0 0.803189 -0.595725
    outer loop
      vertex 6.1 -3.92303 32.7195
      vertex 11.1 -4.21971 32.3195
      vertex 6.1 -4.21971 32.3195
    endloop
  endfacet
  facet normal -0 0.595722 0.803191
    outer loop
      vertex 6.1 -2.81952 25.2803
      vertex 11.1 -3.21955 25.577
      vertex 11.1 -2.81952 25.2803
    endloop
  endfacet
  facet normal 0 0.595722 0.803191
    outer loop
      vertex 11.1 -3.21955 25.577
      vertex 6.1 -2.81952 25.2803
      vertex 6.1 -3.21955 25.577
    endloop
  endfacet
  facet normal 0 -0.903981 0.427574
    outer loop
      vertex 6.1 4.47575 27.1077
      vertex 11.1 4.68869 27.5579
      vertex 6.1 4.68869 27.5579
    endloop
  endfacet
  facet normal 0 -0.903981 0.427574
    outer loop
      vertex 11.1 4.68869 27.5579
      vertex 6.1 4.47575 27.1077
      vertex 11.1 4.47575 27.1077
    endloop
  endfacet
  facet normal -0 0.146775 0.98917
    outer loop
      vertex 6.1 -0.497437 24.4494
      vertex 11.1 -0.990083 24.5225
      vertex 11.1 -0.497437 24.4494
    endloop
  endfacet
  facet normal 0 0.146775 0.98917
    outer loop
      vertex 11.1 -0.990083 24.5225
      vertex 6.1 -0.497437 24.4494
      vertex 6.1 -0.990083 24.5225
    endloop
  endfacet
  facet normal 0 0.941541 0.336899
    outer loop
      vertex 11.1 -4.68869 27.5579
      vertex 6.1 -4.85647 28.0268
      vertex 11.1 -4.85647 28.0268
    endloop
  endfacet
  facet normal 0 0.941541 0.336899
    outer loop
      vertex 6.1 -4.85647 28.0268
      vertex 11.1 -4.68869 27.5579
      vertex 6.1 -4.68869 27.5579
    endloop
  endfacet
  facet normal 0 0.857741 -0.514082
    outer loop
      vertex 11.1 -4.47575 31.8923
      vertex 6.1 -4.21971 32.3195
      vertex 11.1 -4.21971 32.3195
    endloop
  endfacet
  facet normal 0 0.857741 -0.514082
    outer loop
      vertex 6.1 -4.21971 32.3195
      vertex 11.1 -4.47575 31.8923
      vertex 6.1 -4.47575 31.8923
    endloop
  endfacet
  facet normal 0 0.741024 0.671479
    outer loop
      vertex 11.1 -3.58857 25.9114
      vertex 6.1 -3.92303 26.2805
      vertex 11.1 -3.92303 26.2805
    endloop
  endfacet
  facet normal 0 0.741024 0.671479
    outer loop
      vertex 6.1 -3.92303 26.2805
      vertex 11.1 -3.58857 25.9114
      vertex 6.1 -3.58857 25.9114
    endloop
  endfacet
  facet normal 0 -0.595722 0.803191
    outer loop
      vertex 6.1 3.21955 25.577
      vertex 11.1 2.81952 25.2803
      vertex 11.1 3.21955 25.577
    endloop
  endfacet
  facet normal 0 -0.595722 0.803191
    outer loop
      vertex 11.1 2.81952 25.2803
      vertex 6.1 3.21955 25.577
      vertex 6.1 2.81952 25.2803
    endloop
  endfacet
  facet normal 0 0.998795 0.0490763
    outer loop
      vertex 11.1 -5.05056 29.0026
      vertex 6.1 -5.075 29.5
      vertex 11.1 -5.075 29.5
    endloop
  endfacet
  facet normal 0 0.998795 0.0490763
    outer loop
      vertex 6.1 -5.075 29.5
      vertex 11.1 -5.05056 29.0026
      vertex 6.1 -5.05056 29.0026
    endloop
  endfacet
  facet normal 0 -0.0489925 0.998799
    outer loop
      vertex 6.1 0.497437 24.4494
      vertex 11.1 0 24.425
      vertex 11.1 0.497437 24.4494
    endloop
  endfacet
  facet normal 0 -0.0489925 0.998799
    outer loop
      vertex 11.1 0 24.425
      vertex 6.1 0.497437 24.4494
      vertex 6.1 0 24.425
    endloop
  endfacet
  facet normal 0 0.741024 -0.671479
    outer loop
      vertex 11.1 -3.92303 32.7195
      vertex 6.1 -3.58857 33.0886
      vertex 11.1 -3.58857 33.0886
    endloop
  endfacet
  facet normal 0 0.741024 -0.671479
    outer loop
      vertex 6.1 -3.58857 33.0886
      vertex 11.1 -3.92303 32.7195
      vertex 6.1 -3.92303 32.7195
    endloop
  endfacet
  facet normal 0.857737 0.514088 0
    outer loop
      vertex 3.98376 -20.4112 39
      vertex 3.72394 -19.9777 0
      vertex 3.72394 -19.9777 39
    endloop
  endfacet
  facet normal 0.857737 0.514088 0
    outer loop
      vertex 3.72394 -19.9777 0
      vertex 3.98376 -20.4112 39
      vertex 3.98376 -20.4112 0
    endloop
  endfacet
  facet normal 0.671549 0.74096 -0
    outer loop
      vertex 4.99871 -21.531 0
      vertex 4.62423 -21.1916 39
      vertex 4.99871 -21.531 39
    endloop
  endfacet
  facet normal 0.671549 0.74096 0
    outer loop
      vertex 4.62423 -21.1916 39
      vertex 4.99871 -21.531 0
      vertex 4.62423 -21.1916 0
    endloop
  endfacet
  facet normal -0.242978 0.970032 0
    outer loop
      vertex 9.7608 -22.4782 0
      vertex 9.27055 -22.601 39
      vertex 9.7608 -22.4782 39
    endloop
  endfacet
  facet normal -0.242978 0.970032 0
    outer loop
      vertex 9.27055 -22.601 39
      vertex 9.7608 -22.4782 0
      vertex 9.27055 -22.601 0
    endloop
  endfacet
  facet normal -0.0490702 0.998795 0
    outer loop
      vertex 8.77062 -22.6752 0
      vertex 8.26583 -22.7 39
      vertex 8.77062 -22.6752 39
    endloop
  endfacet
  facet normal -0.0490702 0.998795 0
    outer loop
      vertex 8.26583 -22.7 39
      vertex 8.77062 -22.6752 0
      vertex 8.26583 -22.7 0
    endloop
  endfacet
  facet normal 0.903995 -0.427543 0
    outer loop
      vertex 3.50785 -15.5792 39
      vertex 3.72394 -15.1223 0
      vertex 3.72394 -15.1223 39
    endloop
  endfacet
  facet normal 0.903995 -0.427543 0
    outer loop
      vertex 3.72394 -15.1223 0
      vertex 3.50785 -15.5792 39
      vertex 3.50785 -15.5792 0
    endloop
  endfacet
  facet normal -0.427593 0.903971 0
    outer loop
      vertex 10.4572 -22.2037 0
      vertex 10.2367 -22.308 39
      vertex 10.4572 -22.2037 39
    endloop
  endfacet
  facet normal -0.427593 0.903971 0
    outer loop
      vertex 10.2367 -22.308 39
      vertex 10.4572 -22.2037 0
      vertex 10.2367 -22.308 0
    endloop
  endfacet
  facet normal -0.0490702 -0.998795 0
    outer loop
      vertex 8.26583 -12.4 0
      vertex 8.77062 -12.4248 39
      vertex 8.26583 -12.4 39
    endloop
  endfacet
  facet normal -0.0490702 -0.998795 -0
    outer loop
      vertex 8.77062 -12.4248 39
      vertex 8.26583 -12.4 0
      vertex 8.77062 -12.4248 0
    endloop
  endfacet
  facet normal -0.33675 -0.941594 0
    outer loop
      vertex 9.7608 -12.6218 0
      vertex 10.2367 -12.792 39
      vertex 9.7608 -12.6218 39
    endloop
  endfacet
  facet normal -0.33675 -0.941594 -0
    outer loop
      vertex 10.2367 -12.792 39
      vertex 9.7608 -12.6218 0
      vertex 10.2367 -12.792 0
    endloop
  endfacet
  facet normal 0.514068 0.857749 -0
    outer loop
      vertex 5.83814 -22.0919 0
      vertex 5.40465 -21.8321 39
      vertex 5.83814 -22.0919 39
    endloop
  endfacet
  facet normal 0.514068 0.857749 0
    outer loop
      vertex 5.40465 -21.8321 39
      vertex 5.83814 -22.0919 0
      vertex 5.40465 -21.8321 0
    endloop
  endfacet
  facet normal 0.989175 0.146744 0
    outer loop
      vertex 3.21479 -18.5547 39
      vertex 3.14063 -18.0548 0
      vertex 3.14063 -18.0548 39
    endloop
  endfacet
  facet normal 0.989175 0.146744 0
    outer loop
      vertex 3.14063 -18.0548 0
      vertex 3.21479 -18.5547 39
      vertex 3.21479 -18.5547 0
    endloop
  endfacet
  facet normal 0.146815 0.989164 -0
    outer loop
      vertex 7.76104 -22.6752 0
      vertex 7.26112 -22.601 39
      vertex 7.76104 -22.6752 39
    endloop
  endfacet
  facet normal 0.146815 0.989164 0
    outer loop
      vertex 7.26112 -22.601 39
      vertex 7.76104 -22.6752 0
      vertex 7.26112 -22.601 0
    endloop
  endfacet
  facet normal -0.33675 0.941594 0
    outer loop
      vertex 10.2367 -22.308 0
      vertex 9.7608 -22.4782 39
      vertex 10.2367 -22.308 39
    endloop
  endfacet
  facet normal -0.33675 0.941594 0
    outer loop
      vertex 9.7608 -22.4782 39
      vertex 10.2367 -22.308 0
      vertex 9.7608 -22.4782 0
    endloop
  endfacet
  facet normal 0.989175 -0.146744 0
    outer loop
      vertex 3.14063 -17.0452 39
      vertex 3.21479 -16.5453 0
      vertex 3.21479 -16.5453 39
    endloop
  endfacet
  facet normal 0.989175 -0.146744 0
    outer loop
      vertex 3.21479 -16.5453 0
      vertex 3.14063 -17.0452 39
      vertex 3.14063 -17.0452 0
    endloop
  endfacet
  facet normal -0.242978 -0.970032 0
    outer loop
      vertex 9.27055 -12.499 0
      vertex 9.7608 -12.6218 39
      vertex 9.27055 -12.499 39
    endloop
  endfacet
  facet normal -0.242978 -0.970032 -0
    outer loop
      vertex 9.7608 -12.6218 39
      vertex 9.27055 -12.499 0
      vertex 9.7608 -12.6218 0
    endloop
  endfacet
  facet normal 0.970038 0.242955 0
    outer loop
      vertex 3.33759 -19.045 39
      vertex 3.21479 -18.5547 0
      vertex 3.21479 -18.5547 39
    endloop
  endfacet
  facet normal 0.970038 0.242955 0
    outer loop
      vertex 3.21479 -18.5547 0
      vertex 3.33759 -19.045 39
      vertex 3.33759 -19.045 0
    endloop
  endfacet
  facet normal 0.0490702 0.998795 -0
    outer loop
      vertex 8.26583 -22.7 0
      vertex 7.76104 -22.6752 39
      vertex 8.26583 -22.7 39
    endloop
  endfacet
  facet normal 0.0490702 0.998795 0
    outer loop
      vertex 7.76104 -22.6752 39
      vertex 8.26583 -22.7 0
      vertex 7.76104 -22.6752 0
    endloop
  endfacet
  facet normal 0.998795 -0.0490692 0
    outer loop
      vertex 3.11583 -17.55 39
      vertex 3.14063 -17.0452 0
      vertex 3.14063 -17.0452 39
    endloop
  endfacet
  facet normal 0.998795 -0.0490692 0
    outer loop
      vertex 3.14063 -17.0452 0
      vertex 3.11583 -17.55 39
      vertex 3.11583 -17.55 0
    endloop
  endfacet
  facet normal 0.427582 -0.903977 0
    outer loop
      vertex 5.83814 -13.0081 0
      vertex 6.29501 -12.792 39
      vertex 5.83814 -13.0081 39
    endloop
  endfacet
  facet normal 0.427582 -0.903977 0
    outer loop
      vertex 6.29501 -12.792 39
      vertex 5.83814 -13.0081 0
      vertex 6.29501 -12.792 0
    endloop
  endfacet
  facet normal 0.740978 0.67153 0
    outer loop
      vertex 4.62423 -21.1916 39
      vertex 4.28483 -20.8171 0
      vertex 4.28483 -20.8171 39
    endloop
  endfacet
  facet normal 0.740978 0.67153 0
    outer loop
      vertex 4.28483 -20.8171 0
      vertex 4.62423 -21.1916 39
      vertex 4.62423 -21.1916 0
    endloop
  endfacet
  facet normal 0.146815 -0.989164 0
    outer loop
      vertex 7.26112 -12.499 0
      vertex 7.76104 -12.4248 39
      vertex 7.26112 -12.499 39
    endloop
  endfacet
  facet normal 0.146815 -0.989164 0
    outer loop
      vertex 7.76104 -12.4248 39
      vertex 7.26112 -12.499 0
      vertex 7.76104 -12.4248 0
    endloop
  endfacet
  facet normal 0.595743 0.803175 -0
    outer loop
      vertex 5.40465 -21.8321 0
      vertex 4.99871 -21.531 39
      vertex 5.40465 -21.8321 39
    endloop
  endfacet
  facet normal 0.595743 0.803175 0
    outer loop
      vertex 4.99871 -21.531 39
      vertex 5.40465 -21.8321 0
      vertex 4.99871 -21.531 0
    endloop
  endfacet
  facet normal 0.336775 -0.941585 0
    outer loop
      vertex 6.29501 -12.792 0
      vertex 6.77087 -12.6218 39
      vertex 6.29501 -12.792 39
    endloop
  endfacet
  facet normal 0.336775 -0.941585 0
    outer loop
      vertex 6.77087 -12.6218 39
      vertex 6.29501 -12.792 0
      vertex 6.77087 -12.6218 0
    endloop
  endfacet
  facet normal -0.146813 0.989164 0
    outer loop
      vertex 9.27055 -22.601 0
      vertex 8.77062 -22.6752 39
      vertex 9.27055 -22.601 39
    endloop
  endfacet
  facet normal -0.146813 0.989164 0
    outer loop
      vertex 8.77062 -22.6752 39
      vertex 9.27055 -22.601 0
      vertex 8.77062 -22.6752 0
    endloop
  endfacet
  facet normal 0.857737 -0.514088 0
    outer loop
      vertex 3.72394 -15.1223 39
      vertex 3.98376 -14.6888 0
      vertex 3.98376 -14.6888 39
    endloop
  endfacet
  facet normal 0.857737 -0.514088 0
    outer loop
      vertex 3.98376 -14.6888 0
      vertex 3.72394 -15.1223 39
      vertex 3.72394 -15.1223 0
    endloop
  endfacet
  facet normal 0.998795 0.0490692 0
    outer loop
      vertex 3.14063 -18.0548 39
      vertex 3.11583 -17.55 0
      vertex 3.11583 -17.55 39
    endloop
  endfacet
  facet normal 0.998795 0.0490692 0
    outer loop
      vertex 3.11583 -17.55 0
      vertex 3.14063 -18.0548 39
      vertex 3.14063 -18.0548 0
    endloop
  endfacet
  facet normal 0.514068 -0.857749 0
    outer loop
      vertex 5.40465 -13.2679 0
      vertex 5.83814 -13.0081 39
      vertex 5.40465 -13.2679 39
    endloop
  endfacet
  facet normal 0.514068 -0.857749 0
    outer loop
      vertex 5.83814 -13.0081 39
      vertex 5.40465 -13.2679 0
      vertex 5.83814 -13.0081 0
    endloop
  endfacet
  facet normal 0.803175 -0.595743 0
    outer loop
      vertex 3.98376 -14.6888 39
      vertex 4.28483 -14.2829 0
      vertex 4.28483 -14.2829 39
    endloop
  endfacet
  facet normal 0.803175 -0.595743 0
    outer loop
      vertex 4.28483 -14.2829 0
      vertex 3.98376 -14.6888 39
      vertex 3.98376 -14.6888 0
    endloop
  endfacet
  facet normal 0.336775 0.941585 -0
    outer loop
      vertex 6.77087 -22.4782 0
      vertex 6.29501 -22.308 39
      vertex 6.77087 -22.4782 39
    endloop
  endfacet
  facet normal 0.336775 0.941585 0
    outer loop
      vertex 6.29501 -22.308 39
      vertex 6.77087 -22.4782 0
      vertex 6.29501 -22.308 0
    endloop
  endfacet
  facet normal -0.146813 -0.989164 0
    outer loop
      vertex 8.77062 -12.4248 0
      vertex 9.27055 -12.499 39
      vertex 8.77062 -12.4248 39
    endloop
  endfacet
  facet normal -0.146813 -0.989164 -0
    outer loop
      vertex 9.27055 -12.499 39
      vertex 8.77062 -12.4248 0
      vertex 9.27055 -12.499 0
    endloop
  endfacet
  facet normal -0.427593 -0.903971 0
    outer loop
      vertex 10.2367 -12.792 0
      vertex 10.4572 -12.8963 39
      vertex 10.2367 -12.792 39
    endloop
  endfacet
  facet normal -0.427593 -0.903971 -0
    outer loop
      vertex 10.4572 -12.8963 39
      vertex 10.2367 -12.792 0
      vertex 10.4572 -12.8963 0
    endloop
  endfacet
  facet normal 0.595743 -0.803175 0
    outer loop
      vertex 4.99871 -13.569 0
      vertex 5.40465 -13.2679 39
      vertex 4.99871 -13.569 39
    endloop
  endfacet
  facet normal 0.595743 -0.803175 0
    outer loop
      vertex 5.40465 -13.2679 39
      vertex 4.99871 -13.569 0
      vertex 5.40465 -13.2679 0
    endloop
  endfacet
  facet normal 0.970038 -0.242955 0
    outer loop
      vertex 3.21479 -16.5453 39
      vertex 3.33759 -16.055 0
      vertex 3.33759 -16.055 39
    endloop
  endfacet
  facet normal 0.970038 -0.242955 0
    outer loop
      vertex 3.33759 -16.055 0
      vertex 3.21479 -16.5453 39
      vertex 3.21479 -16.5453 0
    endloop
  endfacet
  facet normal 0.941534 0.336918 0
    outer loop
      vertex 3.50785 -19.5208 39
      vertex 3.33759 -19.045 0
      vertex 3.33759 -19.045 39
    endloop
  endfacet
  facet normal 0.941534 0.336918 0
    outer loop
      vertex 3.33759 -19.045 0
      vertex 3.50785 -19.5208 39
      vertex 3.50785 -19.5208 0
    endloop
  endfacet
  facet normal 0.671549 -0.74096 0
    outer loop
      vertex 4.62423 -13.9084 0
      vertex 4.99871 -13.569 39
      vertex 4.62423 -13.9084 39
    endloop
  endfacet
  facet normal 0.671549 -0.74096 0
    outer loop
      vertex 4.99871 -13.569 39
      vertex 4.62423 -13.9084 0
      vertex 4.99871 -13.569 0
    endloop
  endfacet
  facet normal 0.242978 -0.970032 0
    outer loop
      vertex 6.77087 -12.6218 0
      vertex 7.26112 -12.499 39
      vertex 6.77087 -12.6218 39
    endloop
  endfacet
  facet normal 0.242978 -0.970032 0
    outer loop
      vertex 7.26112 -12.499 39
      vertex 6.77087 -12.6218 0
      vertex 7.26112 -12.499 0
    endloop
  endfacet
  facet normal 0.740978 -0.67153 0
    outer loop
      vertex 4.28483 -14.2829 39
      vertex 4.62423 -13.9084 0
      vertex 4.62423 -13.9084 39
    endloop
  endfacet
  facet normal 0.740978 -0.67153 0
    outer loop
      vertex 4.62423 -13.9084 0
      vertex 4.28483 -14.2829 39
      vertex 4.28483 -14.2829 0
    endloop
  endfacet
  facet normal 0.242978 0.970032 -0
    outer loop
      vertex 7.26112 -22.601 0
      vertex 6.77087 -22.4782 39
      vertex 7.26112 -22.601 39
    endloop
  endfacet
  facet normal 0.242978 0.970032 0
    outer loop
      vertex 6.77087 -22.4782 39
      vertex 7.26112 -22.601 0
      vertex 6.77087 -22.4782 0
    endloop
  endfacet
  facet normal 0.427582 0.903977 -0
    outer loop
      vertex 6.29501 -22.308 0
      vertex 5.83814 -22.0919 39
      vertex 6.29501 -22.308 39
    endloop
  endfacet
  facet normal 0.427582 0.903977 0
    outer loop
      vertex 5.83814 -22.0919 39
      vertex 6.29501 -22.308 0
      vertex 5.83814 -22.0919 0
    endloop
  endfacet
  facet normal 0.803175 0.595743 0
    outer loop
      vertex 4.28483 -20.8171 39
      vertex 3.98376 -20.4112 0
      vertex 3.98376 -20.4112 39
    endloop
  endfacet
  facet normal 0.803175 0.595743 0
    outer loop
      vertex 3.98376 -20.4112 0
      vertex 4.28483 -20.8171 39
      vertex 4.28483 -20.8171 0
    endloop
  endfacet
  facet normal 0.0490702 -0.998795 0
    outer loop
      vertex 7.76104 -12.4248 0
      vertex 8.26583 -12.4 39
      vertex 7.76104 -12.4248 39
    endloop
  endfacet
  facet normal 0.0490702 -0.998795 0
    outer loop
      vertex 8.26583 -12.4 39
      vertex 7.76104 -12.4248 0
      vertex 8.26583 -12.4 0
    endloop
  endfacet
  facet normal 0.903995 0.427543 0
    outer loop
      vertex 3.72394 -19.9777 39
      vertex 3.50785 -19.5208 0
      vertex 3.50785 -19.5208 39
    endloop
  endfacet
  facet normal 0.903995 0.427543 0
    outer loop
      vertex 3.50785 -19.5208 0
      vertex 3.72394 -19.9777 39
      vertex 3.72394 -19.9777 0
    endloop
  endfacet
  facet normal 0.941534 -0.336918 0
    outer loop
      vertex 3.33759 -16.055 39
      vertex 3.50785 -15.5792 0
      vertex 3.50785 -15.5792 39
    endloop
  endfacet
  facet normal 0.941534 -0.336918 0
    outer loop
      vertex 3.50785 -15.5792 0
      vertex 3.33759 -16.055 39
      vertex 3.33759 -16.055 0
    endloop
  endfacet
  facet normal 0.70356 0.710636 -0
    outer loop
      vertex 11.1 -22.8401 0
      vertex 10.4572 -22.2037 39
      vertex 11.1 -22.8401 39
    endloop
  endfacet
  facet normal 0.70356 0.710636 0
    outer loop
      vertex 10.4572 -22.2037 39
      vertex 11.1 -22.8401 0
      vertex 10.4572 -22.2037 0
    endloop
  endfacet
  facet normal 0.70356 -0.710636 0
    outer loop
      vertex 10.4572 -12.8963 0
      vertex 11.1 -12.2599 39
      vertex 10.4572 -12.8963 39
    endloop
  endfacet
  facet normal 0.70356 -0.710636 0
    outer loop
      vertex 11.1 -12.2599 39
      vertex 10.4572 -12.8963 0
      vertex 11.1 -12.2599 0
    endloop
  endfacet
endsolid OpenSCAD_Model
