solid OpenSCAD_Model
  facet normal 0 0 -1
    outer loop
      vertex 14.4264 -0.536465 0
      vertex 5.57365 -0.536465 0
      vertex 5.6 0 0
    endloop
  endfacet
  facet normal 0 0 -1
    outer loop
      vertex 6.39035 -6.47421 0
      vertex 5.57303 -0.548895 0
      vertex 5.57365 -0.536465 0
    endloop
  endfacet
  facet normal 0 0 -1
    outer loop
      vertex 6.39035 -6.47421 0
      vertex 5.57121 -0.561206 0
      vertex 5.57303 -0.548895 0
    endloop
  endfacet
  facet normal 0 0 -1
    outer loop
      vertex 6.39035 -6.47421 0
      vertex 5.4924 -1.09251 0
      vertex 5.57121 -0.561206 0
    endloop
  endfacet
  facet normal 0 0 -1
    outer loop
      vertex 6.39035 -6.47421 0
      vertex 5.36189 -1.61352 0
      vertex 5.4924 -1.09251 0
    endloop
  endfacet
  facet normal 0 0 -1
    outer loop
      vertex 6.39035 -6.47421 0
      vertex 5.35887 -1.62559 0
      vertex 5.36189 -1.61352 0
    endloop
  endfacet
  facet normal 0 0 -1
    outer loop
      vertex 6.39035 -6.47421 0
      vertex 5.35467 -1.63731 0
      vertex 5.35887 -1.62559 0
    endloop
  endfacet
  facet normal 0 0 -1
    outer loop
      vertex 6.39035 -6.47421 0
      vertex 5.17373 -2.14303 0
      vertex 5.35467 -1.63731 0
    endloop
  endfacet
  facet normal 0 0 -1
    outer loop
      vertex 3.5526 -4.32886 0
      vertex 5.77272 -7.034 0
      vertex 5.05537 -7.56599 0
    endloop
  endfacet
  facet normal 0 0 -1
    outer loop
      vertex 6.39035 -6.47421 0
      vertex 4.94408 -2.62857 0
      vertex 5.17373 -2.14303 0
    endloop
  endfacet
  facet normal 0 0 -1
    outer loop
      vertex 6.39035 -6.47421 0
      vertex 4.93876 -2.63982 0
      vertex 4.94408 -2.62857 0
    endloop
  endfacet
  facet normal 0 0 -1
    outer loop
      vertex 6.39035 -6.47421 0
      vertex 4.66263 -3.10052 0
      vertex 4.93876 -2.63982 0
    endloop
  endfacet
  facet normal 0 0 -1
    outer loop
      vertex 6.39035 -6.47421 0
      vertex 4.65623 -3.11119 0
      vertex 4.66263 -3.10052 0
    endloop
  endfacet
  facet normal 0 0 -1
    outer loop
      vertex 6.39035 -6.47421 0
      vertex 4.64882 -3.12119 0
      vertex 4.65623 -3.11119 0
    endloop
  endfacet
  facet normal 0 0 -1
    outer loop
      vertex 6.39035 -6.47421 0
      vertex 4.32886 -3.5526 0
      vertex 4.64882 -3.12119 0
    endloop
  endfacet
  facet normal 0 0 -1
    outer loop
      vertex 6.39035 -6.47421 0
      vertex 4.3205 -3.56182 0
      vertex 4.32886 -3.5526 0
    endloop
  endfacet
  facet normal 0 0 -1
    outer loop
      vertex 3.10052 -4.66263 0
      vertex 5.05537 -7.56599 0
      vertex 4.28952 -8.02502 0
    endloop
  endfacet
  facet normal 0 0 -1
    outer loop
      vertex 6.39035 -6.47421 0
      vertex 3.9598 -3.9598 0
      vertex 4.3205 -3.56182 0
    endloop
  endfacet
  facet normal 0 0 -1
    outer loop
      vertex 6.39035 -6.47421 0
      vertex 3.56182 -4.3205 0
      vertex 3.9598 -3.9598 0
    endloop
  endfacet
  facet normal 0 0 -1
    outer loop
      vertex 5.77272 -7.034 0
      vertex 3.5526 -4.32886 0
      vertex 3.56182 -4.3205 0
    endloop
  endfacet
  facet normal 0 0 -1
    outer loop
      vertex 2.62857 -4.94408 0
      vertex 4.28952 -8.02502 0
      vertex 3.48212 -8.40691 0
    endloop
  endfacet
  facet normal 0 0 -1
    outer loop
      vertex 5.05537 -7.56599 0
      vertex 3.12119 -4.64882 0
      vertex 3.5526 -4.32886 0
    endloop
  endfacet
  facet normal 0 0 -1
    outer loop
      vertex 5.05537 -7.56599 0
      vertex 3.11119 -4.65623 0
      vertex 3.12119 -4.64882 0
    endloop
  endfacet
  facet normal 0 0 -1
    outer loop
      vertex 5.05537 -7.56599 0
      vertex 3.10052 -4.66263 0
      vertex 3.11119 -4.65623 0
    endloop
  endfacet
  facet normal 0 0 -1
    outer loop
      vertex 2.14303 -5.17373 0
      vertex 3.48212 -8.40691 0
      vertex 2.64146 -8.70767 0
    endloop
  endfacet
  facet normal 0 0 -1
    outer loop
      vertex 4.28952 -8.02502 0
      vertex 2.63982 -4.93876 0
      vertex 3.10052 -4.66263 0
    endloop
  endfacet
  facet normal 0 0 -1
    outer loop
      vertex 4.28952 -8.02502 0
      vertex 2.62857 -4.94408 0
      vertex 2.63982 -4.93876 0
    endloop
  endfacet
  facet normal 0 0 -1
    outer loop
      vertex 3.48212 -8.40691 0
      vertex 2.14303 -5.17373 0
      vertex 2.62857 -4.94408 0
    endloop
  endfacet
  facet normal 0 0 -1
    outer loop
      vertex 1.61352 -5.36189 0
      vertex 2.64146 -8.70767 0
      vertex 1.77525 -8.92465 0
    endloop
  endfacet
  facet normal 0 0 -1
    outer loop
      vertex 2.64146 -8.70767 0
      vertex 1.63731 -5.35467 0
      vertex 2.14303 -5.17373 0
    endloop
  endfacet
  facet normal 0 0 -1
    outer loop
      vertex 2.64146 -8.70767 0
      vertex 1.62559 -5.35887 0
      vertex 1.63731 -5.35467 0
    endloop
  endfacet
  facet normal 0 0 -1
    outer loop
      vertex 2.64146 -8.70767 0
      vertex 1.61352 -5.36189 0
      vertex 1.62559 -5.35887 0
    endloop
  endfacet
  facet normal 0 0 -1
    outer loop
      vertex 1.77525 -8.92465 0
      vertex 1.09251 -5.4924 0
      vertex 1.61352 -5.36189 0
    endloop
  endfacet
  facet normal 0 0 -1
    outer loop
      vertex 0.891876 -9.05569 0
      vertex 1.09251 -5.4924 0
      vertex 1.77525 -8.92465 0
    endloop
  endfacet
  facet normal 0 0 -1
    outer loop
      vertex 0.891876 -9.05569 0
      vertex 0.561206 -5.57121 0
      vertex 1.09251 -5.4924 0
    endloop
  endfacet
  facet normal 0 0 -1
    outer loop
      vertex 0.891876 -9.05569 0
      vertex 0.548895 -5.57303 0
      vertex 0.561206 -5.57121 0
    endloop
  endfacet
  facet normal 0 0 -1
    outer loop
      vertex 0.891876 -9.05569 0
      vertex 0.536465 -5.57365 0
      vertex 0.548895 -5.57303 0
    endloop
  endfacet
  facet normal 0 0 -1
    outer loop
      vertex 0 -9.0995 0
      vertex 0.536465 -5.57365 0
      vertex 0.891876 -9.05569 0
    endloop
  endfacet
  facet normal 0 0 -1
    outer loop
      vertex 0 -9.0995 0
      vertex 0 -5.6 0
      vertex 0.536465 -5.57365 0
    endloop
  endfacet
  facet normal 0 0 -1
    outer loop
      vertex 0 -9.0995 0
      vertex -0.536465 -5.57365 0
      vertex 0 -5.6 0
    endloop
  endfacet
  facet normal 0 0 -1
    outer loop
      vertex -0.891876 -9.05569 0
      vertex -0.536465 -5.57365 0
      vertex 0 -9.0995 0
    endloop
  endfacet
  facet normal -0 0 -1
    outer loop
      vertex -0.536465 -5.57365 0
      vertex -0.891876 -9.05569 0
      vertex -0.548895 -5.57303 0
    endloop
  endfacet
  facet normal -0 0 -1
    outer loop
      vertex -0.548895 -5.57303 0
      vertex -0.891876 -9.05569 0
      vertex -0.561206 -5.57121 0
    endloop
  endfacet
  facet normal 0 0 -1
    outer loop
      vertex -0.891876 -9.05569 0
      vertex -1.09251 -5.4924 0
      vertex -0.561206 -5.57121 0
    endloop
  endfacet
  facet normal 0 0 -1
    outer loop
      vertex -1.77525 -8.92465 0
      vertex -1.09251 -5.4924 0
      vertex -0.891876 -9.05569 0
    endloop
  endfacet
  facet normal -0 0 -1
    outer loop
      vertex -1.09251 -5.4924 0
      vertex -1.77525 -8.92465 0
      vertex -1.61352 -5.36189 0
    endloop
  endfacet
  facet normal 0 0 -1
    outer loop
      vertex -2.64146 -8.70767 0
      vertex -1.61352 -5.36189 0
      vertex -1.77525 -8.92465 0
    endloop
  endfacet
  facet normal -0 0 -1
    outer loop
      vertex -1.61352 -5.36189 0
      vertex -2.64146 -8.70767 0
      vertex -1.62559 -5.35887 0
    endloop
  endfacet
  facet normal -0 0 -1
    outer loop
      vertex -1.62559 -5.35887 0
      vertex -2.64146 -8.70767 0
      vertex -1.63731 -5.35467 0
    endloop
  endfacet
  facet normal -0 0 -1
    outer loop
      vertex -1.63731 -5.35467 0
      vertex -2.64146 -8.70767 0
      vertex -2.14303 -5.17373 0
    endloop
  endfacet
  facet normal 0 0 -1
    outer loop
      vertex -3.48212 -8.40691 0
      vertex -2.14303 -5.17373 0
      vertex -2.64146 -8.70767 0
    endloop
  endfacet
  facet normal -0 0 -1
    outer loop
      vertex -2.14303 -5.17373 0
      vertex -3.48212 -8.40691 0
      vertex -2.62857 -4.94408 0
    endloop
  endfacet
  facet normal 0 0 -1
    outer loop
      vertex -4.28952 -8.02502 0
      vertex -2.62857 -4.94408 0
      vertex -3.48212 -8.40691 0
    endloop
  endfacet
  facet normal -0 0 -1
    outer loop
      vertex -2.62857 -4.94408 0
      vertex -4.28952 -8.02502 0
      vertex -2.63982 -4.93876 0
    endloop
  endfacet
  facet normal -0 0 -1
    outer loop
      vertex -2.63982 -4.93876 0
      vertex -4.28952 -8.02502 0
      vertex -3.10052 -4.66263 0
    endloop
  endfacet
  facet normal 0 0 -1
    outer loop
      vertex -5.05537 -7.56599 0
      vertex -3.10052 -4.66263 0
      vertex -4.28952 -8.02502 0
    endloop
  endfacet
  facet normal -0 0 -1
    outer loop
      vertex -3.10052 -4.66263 0
      vertex -5.05537 -7.56599 0
      vertex -3.11119 -4.65623 0
    endloop
  endfacet
  facet normal -0 0 -1
    outer loop
      vertex -3.11119 -4.65623 0
      vertex -5.05537 -7.56599 0
      vertex -3.12119 -4.64882 0
    endloop
  endfacet
  facet normal -0 0 -1
    outer loop
      vertex -3.12119 -4.64882 0
      vertex -5.05537 -7.56599 0
      vertex -3.5526 -4.32886 0
    endloop
  endfacet
  facet normal 0 0 -1
    outer loop
      vertex -5.77271 -7.034 0
      vertex -3.5526 -4.32886 0
      vertex -5.05537 -7.56599 0
    endloop
  endfacet
  facet normal -0 0 -1
    outer loop
      vertex -3.5526 -4.32886 0
      vertex -5.77271 -7.034 0
      vertex -3.56182 -4.3205 0
    endloop
  endfacet
  facet normal -0 0 -1
    outer loop
      vertex -3.56182 -4.3205 0
      vertex -5.77271 -7.034 0
      vertex -3.9598 -3.9598 0
    endloop
  endfacet
  facet normal 0 0 -1
    outer loop
      vertex -6.43433 -6.43433 0
      vertex -3.9598 -3.9598 0
      vertex -5.77271 -7.034 0
    endloop
  endfacet
  facet normal -0 0 -1
    outer loop
      vertex -3.9598 -3.9598 0
      vertex -6.43433 -6.43433 0
      vertex -4.3205 -3.56182 0
    endloop
  endfacet
  facet normal 0 0 -1
    outer loop
      vertex -7.034 -5.77271 0
      vertex -4.3205 -3.56182 0
      vertex -6.43433 -6.43433 0
    endloop
  endfacet
  facet normal -0 0 -1
    outer loop
      vertex -4.3205 -3.56182 0
      vertex -7.034 -5.77271 0
      vertex -4.32886 -3.5526 0
    endloop
  endfacet
  facet normal -0 0 -1
    outer loop
      vertex -4.32886 -3.5526 0
      vertex -7.034 -5.77271 0
      vertex -4.64882 -3.12119 0
    endloop
  endfacet
  facet normal 0 0 -1
    outer loop
      vertex -7.56599 -5.05537 0
      vertex -4.64882 -3.12119 0
      vertex -7.034 -5.77271 0
    endloop
  endfacet
  facet normal -0 0 -1
    outer loop
      vertex -4.64882 -3.12119 0
      vertex -7.56599 -5.05537 0
      vertex -4.65623 -3.11119 0
    endloop
  endfacet
  facet normal -0 0 -1
    outer loop
      vertex -4.65623 -3.11119 0
      vertex -7.56599 -5.05537 0
      vertex -4.66263 -3.10052 0
    endloop
  endfacet
  facet normal -0 0 -1
    outer loop
      vertex -4.66263 -3.10052 0
      vertex -7.56599 -5.05537 0
      vertex -4.93876 -2.63982 0
    endloop
  endfacet
  facet normal 0 0 -1
    outer loop
      vertex -8.02502 -4.28952 0
      vertex -4.93876 -2.63982 0
      vertex -7.56599 -5.05537 0
    endloop
  endfacet
  facet normal -0 0 -1
    outer loop
      vertex -4.93876 -2.63982 0
      vertex -8.02502 -4.28952 0
      vertex -4.94408 -2.62857 0
    endloop
  endfacet
  facet normal -0 0 -1
    outer loop
      vertex -4.94408 -2.62857 0
      vertex -8.02502 -4.28952 0
      vertex -5.17373 -2.14303 0
    endloop
  endfacet
  facet normal 0 0 -1
    outer loop
      vertex -8.40691 -3.48212 0
      vertex -5.17373 -2.14303 0
      vertex -8.02502 -4.28952 0
    endloop
  endfacet
  facet normal -0 0 -1
    outer loop
      vertex -5.35467 -1.63731 0
      vertex -8.70767 -2.64146 0
      vertex -5.35887 -1.62559 0
    endloop
  endfacet
  facet normal 0 0 -1
    outer loop
      vertex -8.70767 -2.64146 0
      vertex -5.35467 -1.63731 0
      vertex -8.40691 -3.48212 0
    endloop
  endfacet
  facet normal -0 0 -1
    outer loop
      vertex -5.17373 -2.14303 0
      vertex -8.40691 -3.48212 0
      vertex -5.35467 -1.63731 0
    endloop
  endfacet
  facet normal 0 0 -1
    outer loop
      vertex 25.6 0 0
      vertex 29.0995 0 0
      vertex 29.0557 -0.891876 0
    endloop
  endfacet
  facet normal 0 0 -1
    outer loop
      vertex 25.5712 -0.561206 0
      vertex 29.0557 -0.891876 0
      vertex 28.9247 -1.77525 0
    endloop
  endfacet
  facet normal 0 0 -1
    outer loop
      vertex 29.0995 0 0
      vertex 25.6 0 0
      vertex 29.0557 0.891876 0
    endloop
  endfacet
  facet normal 0 0 -1
    outer loop
      vertex 25.4924 -1.09251 0
      vertex 28.9247 -1.77525 0
      vertex 28.7077 -2.64146 0
    endloop
  endfacet
  facet normal 0 0 -1
    outer loop
      vertex 25.5736 0.536465 0
      vertex 29.0557 0.891876 0
      vertex 25.6 0 0
    endloop
  endfacet
  facet normal 0 0 -1
    outer loop
      vertex 25.3547 -1.63731 0
      vertex 28.7077 -2.64146 0
      vertex 28.4069 -3.48212 0
    endloop
  endfacet
  facet normal 0 0 -1
    outer loop
      vertex 25.573 0.548895 0
      vertex 29.0557 0.891876 0
      vertex 25.5736 0.536465 0
    endloop
  endfacet
  facet normal 0 0 -1
    outer loop
      vertex 25.1737 -2.14303 0
      vertex 28.4069 -3.48212 0
      vertex 28.025 -4.28952 0
    endloop
  endfacet
  facet normal 0 0 -1
    outer loop
      vertex 25.5712 0.561206 0
      vertex 29.0557 0.891876 0
      vertex 25.573 0.548895 0
    endloop
  endfacet
  facet normal 0 0 -1
    outer loop
      vertex 24.9388 -2.63982 0
      vertex 28.025 -4.28952 0
      vertex 27.566 -5.05537 0
    endloop
  endfacet
  facet normal -0 0 -1
    outer loop
      vertex 29.0557 0.891876 0
      vertex 25.5712 0.561206 0
      vertex 28.9247 1.77525 0
    endloop
  endfacet
  facet normal 0 0 -1
    outer loop
      vertex 24.6488 -3.12119 0
      vertex 27.566 -5.05537 0
      vertex 27.034 -5.77271 0
    endloop
  endfacet
  facet normal 0 0 -1
    outer loop
      vertex 25.4924 1.09251 0
      vertex 28.9247 1.77525 0
      vertex 25.5712 0.561206 0
    endloop
  endfacet
  facet normal -0 0 -1
    outer loop
      vertex 28.9247 1.77525 0
      vertex 25.4924 1.09251 0
      vertex 28.7077 2.64146 0
    endloop
  endfacet
  facet normal 0 0 -1
    outer loop
      vertex 24.3205 -3.56182 0
      vertex 27.034 -5.77271 0
      vertex 26.4343 -6.43433 0
    endloop
  endfacet
  facet normal 0 0 -1
    outer loop
      vertex 23.9598 -3.9598 0
      vertex 26.4343 -6.43433 0
      vertex 25.7727 -7.034 0
    endloop
  endfacet
  facet normal 0 0 -1
    outer loop
      vertex 25.3619 1.61352 0
      vertex 28.7077 2.64146 0
      vertex 25.4924 1.09251 0
    endloop
  endfacet
  facet normal 0 0 -1
    outer loop
      vertex 25.3589 1.62559 0
      vertex 28.7077 2.64146 0
      vertex 25.3619 1.61352 0
    endloop
  endfacet
  facet normal 0 0 -1
    outer loop
      vertex 29.0557 -0.891876 0
      vertex 25.5736 -0.536465 0
      vertex 25.6 0 0
    endloop
  endfacet
  facet normal 0 0 -1
    outer loop
      vertex 29.0557 -0.891876 0
      vertex 25.573 -0.548895 0
      vertex 25.5736 -0.536465 0
    endloop
  endfacet
  facet normal 0 0 -1
    outer loop
      vertex 29.0557 -0.891876 0
      vertex 25.5712 -0.561206 0
      vertex 25.573 -0.548895 0
    endloop
  endfacet
  facet normal 0 0 -1
    outer loop
      vertex 28.9247 -1.77525 0
      vertex 25.4924 -1.09251 0
      vertex 25.5712 -0.561206 0
    endloop
  endfacet
  facet normal 0 0 -1
    outer loop
      vertex 28.7077 -2.64146 0
      vertex 25.3619 -1.61352 0
      vertex 25.4924 -1.09251 0
    endloop
  endfacet
  facet normal 0 0 -1
    outer loop
      vertex 28.7077 -2.64146 0
      vertex 25.3589 -1.62559 0
      vertex 25.3619 -1.61352 0
    endloop
  endfacet
  facet normal 0 0 -1
    outer loop
      vertex 28.7077 -2.64146 0
      vertex 25.3547 -1.63731 0
      vertex 25.3589 -1.62559 0
    endloop
  endfacet
  facet normal 0 0 -1
    outer loop
      vertex 28.4069 -3.48212 0
      vertex 25.1737 -2.14303 0
      vertex 25.3547 -1.63731 0
    endloop
  endfacet
  facet normal 0 0 -1
    outer loop
      vertex 23.5526 -4.32886 0
      vertex 25.7727 -7.034 0
      vertex 25.0554 -7.56599 0
    endloop
  endfacet
  facet normal 0 0 -1
    outer loop
      vertex 28.025 -4.28952 0
      vertex 24.9441 -2.62857 0
      vertex 25.1737 -2.14303 0
    endloop
  endfacet
  facet normal 0 0 -1
    outer loop
      vertex 28.025 -4.28952 0
      vertex 24.9388 -2.63982 0
      vertex 24.9441 -2.62857 0
    endloop
  endfacet
  facet normal 0 0 -1
    outer loop
      vertex 27.566 -5.05537 0
      vertex 24.6626 -3.10052 0
      vertex 24.9388 -2.63982 0
    endloop
  endfacet
  facet normal 0 0 -1
    outer loop
      vertex 27.566 -5.05537 0
      vertex 24.6562 -3.11119 0
      vertex 24.6626 -3.10052 0
    endloop
  endfacet
  facet normal 0 0 -1
    outer loop
      vertex 27.566 -5.05537 0
      vertex 24.6488 -3.12119 0
      vertex 24.6562 -3.11119 0
    endloop
  endfacet
  facet normal 0 0 -1
    outer loop
      vertex 27.034 -5.77271 0
      vertex 24.3289 -3.5526 0
      vertex 24.6488 -3.12119 0
    endloop
  endfacet
  facet normal 0 0 -1
    outer loop
      vertex 27.034 -5.77271 0
      vertex 24.3205 -3.56182 0
      vertex 24.3289 -3.5526 0
    endloop
  endfacet
  facet normal 0 0 -1
    outer loop
      vertex 23.1005 -4.66263 0
      vertex 25.0554 -7.56599 0
      vertex 24.2895 -8.02502 0
    endloop
  endfacet
  facet normal 0 0 -1
    outer loop
      vertex 26.4343 -6.43433 0
      vertex 23.9598 -3.9598 0
      vertex 24.3205 -3.56182 0
    endloop
  endfacet
  facet normal 0 0 -1
    outer loop
      vertex 25.7727 -7.034 0
      vertex 23.5618 -4.3205 0
      vertex 23.9598 -3.9598 0
    endloop
  endfacet
  facet normal 0 0 -1
    outer loop
      vertex 25.7727 -7.034 0
      vertex 23.5526 -4.32886 0
      vertex 23.5618 -4.3205 0
    endloop
  endfacet
  facet normal 0 0 -1
    outer loop
      vertex 22.6286 -4.94408 0
      vertex 24.2895 -8.02502 0
      vertex 23.4821 -8.40691 0
    endloop
  endfacet
  facet normal 0 0 -1
    outer loop
      vertex 25.0554 -7.56599 0
      vertex 23.1212 -4.64882 0
      vertex 23.5526 -4.32886 0
    endloop
  endfacet
  facet normal 0 0 -1
    outer loop
      vertex 25.0554 -7.56599 0
      vertex 23.1112 -4.65623 0
      vertex 23.1212 -4.64882 0
    endloop
  endfacet
  facet normal 0 0 -1
    outer loop
      vertex 25.0554 -7.56599 0
      vertex 23.1005 -4.66263 0
      vertex 23.1112 -4.65623 0
    endloop
  endfacet
  facet normal 0 0 -1
    outer loop
      vertex 22.143 -5.17373 0
      vertex 23.4821 -8.40691 0
      vertex 22.6415 -8.70767 0
    endloop
  endfacet
  facet normal 0 0 -1
    outer loop
      vertex 24.2895 -8.02502 0
      vertex 22.6398 -4.93876 0
      vertex 23.1005 -4.66263 0
    endloop
  endfacet
  facet normal 0 0 -1
    outer loop
      vertex 24.2895 -8.02502 0
      vertex 22.6286 -4.94408 0
      vertex 22.6398 -4.93876 0
    endloop
  endfacet
  facet normal 0 0 -1
    outer loop
      vertex 23.4821 -8.40691 0
      vertex 22.143 -5.17373 0
      vertex 22.6286 -4.94408 0
    endloop
  endfacet
  facet normal 0 0 -1
    outer loop
      vertex 21.6135 -5.36189 0
      vertex 22.6415 -8.70767 0
      vertex 21.7753 -8.92465 0
    endloop
  endfacet
  facet normal 0 0 -1
    outer loop
      vertex 22.6415 -8.70767 0
      vertex 21.6373 -5.35467 0
      vertex 22.143 -5.17373 0
    endloop
  endfacet
  facet normal 0 0 -1
    outer loop
      vertex 22.6415 -8.70767 0
      vertex 21.6256 -5.35887 0
      vertex 21.6373 -5.35467 0
    endloop
  endfacet
  facet normal 0 0 -1
    outer loop
      vertex 22.6415 -8.70767 0
      vertex 21.6135 -5.36189 0
      vertex 21.6256 -5.35887 0
    endloop
  endfacet
  facet normal 0 0 -1
    outer loop
      vertex 21.7753 -8.92465 0
      vertex 21.0925 -5.4924 0
      vertex 21.6135 -5.36189 0
    endloop
  endfacet
  facet normal 0 0 -1
    outer loop
      vertex 20.8919 -9.05569 0
      vertex 21.0925 -5.4924 0
      vertex 21.7753 -8.92465 0
    endloop
  endfacet
  facet normal 0 0 -1
    outer loop
      vertex 20.8919 -9.05569 0
      vertex 20.5612 -5.57121 0
      vertex 21.0925 -5.4924 0
    endloop
  endfacet
  facet normal 0 0 -1
    outer loop
      vertex 20.8919 -9.05569 0
      vertex 20.5489 -5.57303 0
      vertex 20.5612 -5.57121 0
    endloop
  endfacet
  facet normal 0 0 -1
    outer loop
      vertex 20.8919 -9.05569 0
      vertex 20.5365 -5.57365 0
      vertex 20.5489 -5.57303 0
    endloop
  endfacet
  facet normal 0 0 -1
    outer loop
      vertex 20 -9.0995 0
      vertex 20.5365 -5.57365 0
      vertex 20.8919 -9.05569 0
    endloop
  endfacet
  facet normal 0 0 -1
    outer loop
      vertex 20 -9.0995 0
      vertex 20 -5.6 0
      vertex 20.5365 -5.57365 0
    endloop
  endfacet
  facet normal 0 0 -1
    outer loop
      vertex 20 -9.0995 0
      vertex 19.4635 -5.57365 0
      vertex 20 -5.6 0
    endloop
  endfacet
  facet normal 0 0 -1
    outer loop
      vertex 19.1081 -9.05569 0
      vertex 19.4635 -5.57365 0
      vertex 20 -9.0995 0
    endloop
  endfacet
  facet normal -0 0 -1
    outer loop
      vertex 19.4635 -5.57365 0
      vertex 19.1081 -9.05569 0
      vertex 19.4511 -5.57303 0
    endloop
  endfacet
  facet normal -0 0 -1
    outer loop
      vertex 19.4511 -5.57303 0
      vertex 19.1081 -9.05569 0
      vertex 19.4388 -5.57121 0
    endloop
  endfacet
  facet normal 0 0 -1
    outer loop
      vertex 19.1081 -9.05569 0
      vertex 18.9075 -5.4924 0
      vertex 19.4388 -5.57121 0
    endloop
  endfacet
  facet normal 0 0 -1
    outer loop
      vertex 18.2247 -8.92465 0
      vertex 18.9075 -5.4924 0
      vertex 19.1081 -9.05569 0
    endloop
  endfacet
  facet normal -0 0 -1
    outer loop
      vertex 18.9075 -5.4924 0
      vertex 18.2247 -8.92465 0
      vertex 18.3865 -5.36189 0
    endloop
  endfacet
  facet normal 0 0 -1
    outer loop
      vertex 17.3585 -8.70767 0
      vertex 18.3865 -5.36189 0
      vertex 18.2247 -8.92465 0
    endloop
  endfacet
  facet normal -0 0 -1
    outer loop
      vertex 18.3865 -5.36189 0
      vertex 17.3585 -8.70767 0
      vertex 18.3744 -5.35887 0
    endloop
  endfacet
  facet normal -0 0 -1
    outer loop
      vertex 18.3744 -5.35887 0
      vertex 17.3585 -8.70767 0
      vertex 18.3627 -5.35467 0
    endloop
  endfacet
  facet normal -0 0 -1
    outer loop
      vertex 18.3627 -5.35467 0
      vertex 17.3585 -8.70767 0
      vertex 17.857 -5.17373 0
    endloop
  endfacet
  facet normal 0 0 -1
    outer loop
      vertex 16.5179 -8.40691 0
      vertex 17.857 -5.17373 0
      vertex 17.3585 -8.70767 0
    endloop
  endfacet
  facet normal -0 0 -1
    outer loop
      vertex 17.857 -5.17373 0
      vertex 16.5179 -8.40691 0
      vertex 17.3714 -4.94408 0
    endloop
  endfacet
  facet normal 0 0 -1
    outer loop
      vertex 15.7105 -8.02502 0
      vertex 17.3714 -4.94408 0
      vertex 16.5179 -8.40691 0
    endloop
  endfacet
  facet normal -0 0 -1
    outer loop
      vertex 17.3714 -4.94408 0
      vertex 15.7105 -8.02502 0
      vertex 17.3602 -4.93876 0
    endloop
  endfacet
  facet normal -0 0 -1
    outer loop
      vertex 17.3602 -4.93876 0
      vertex 15.7105 -8.02502 0
      vertex 16.8995 -4.66263 0
    endloop
  endfacet
  facet normal 0 0 -1
    outer loop
      vertex 14.9446 -7.56599 0
      vertex 16.8995 -4.66263 0
      vertex 15.7105 -8.02502 0
    endloop
  endfacet
  facet normal -0 0 -1
    outer loop
      vertex 16.8995 -4.66263 0
      vertex 14.9446 -7.56599 0
      vertex 16.8888 -4.65623 0
    endloop
  endfacet
  facet normal -0 0 -1
    outer loop
      vertex 16.8888 -4.65623 0
      vertex 14.9446 -7.56599 0
      vertex 16.8788 -4.64882 0
    endloop
  endfacet
  facet normal -0 0 -1
    outer loop
      vertex 16.8788 -4.64882 0
      vertex 14.9446 -7.56599 0
      vertex 16.4474 -4.32886 0
    endloop
  endfacet
  facet normal 0 0 -1
    outer loop
      vertex 14.2272 -7.03398 0
      vertex 16.4474 -4.32886 0
      vertex 14.9446 -7.56599 0
    endloop
  endfacet
  facet normal -0 0 -1
    outer loop
      vertex 16.4474 -4.32886 0
      vertex 14.2272 -7.03398 0
      vertex 16.4382 -4.3205 0
    endloop
  endfacet
  facet normal 0 0 -1
    outer loop
      vertex 13.6059 -6.47084 0
      vertex 16.4382 -4.3205 0
      vertex 14.2272 -7.03398 0
    endloop
  endfacet
  facet normal -0 0 -1
    outer loop
      vertex 16.4382 -4.3205 0
      vertex 13.6059 -6.47084 0
      vertex 16.0402 -3.9598 0
    endloop
  endfacet
  facet normal -0 0 -1
    outer loop
      vertex 16.0402 -3.9598 0
      vertex 13.6059 -6.47084 0
      vertex 15.6795 -3.56182 0
    endloop
  endfacet
  facet normal 0 0 -1
    outer loop
      vertex 13.227 -6.17511 0
      vertex 15.6795 -3.56182 0
      vertex 13.6059 -6.47084 0
    endloop
  endfacet
  facet normal -0 0 -1
    outer loop
      vertex 15.6795 -3.56182 0
      vertex 13.227 -6.17511 0
      vertex 15.6711 -3.5526 0
    endloop
  endfacet
  facet normal 0 0 -1
    outer loop
      vertex 12.9365 -6.00099 0
      vertex 15.6711 -3.5526 0
      vertex 13.227 -6.17511 0
    endloop
  endfacet
  facet normal -0 0 -1
    outer loop
      vertex 15.6711 -3.5526 0
      vertex 12.9365 -6.00099 0
      vertex 15.3512 -3.12119 0
    endloop
  endfacet
  facet normal -0 0 -1
    outer loop
      vertex 15.3512 -3.12119 0
      vertex 12.9365 -6.00099 0
      vertex 15.3438 -3.11119 0
    endloop
  endfacet
  facet normal -0 0 -1
    outer loop
      vertex 15.3438 -3.11119 0
      vertex 12.9365 -6.00099 0
      vertex 15.3374 -3.10052 0
    endloop
  endfacet
  facet normal 0 0 -1
    outer loop
      vertex 12.6349 -5.8584 0
      vertex 15.3374 -3.10052 0
      vertex 12.9365 -6.00099 0
    endloop
  endfacet
  facet normal -0 0 -1
    outer loop
      vertex 15.3374 -3.10052 0
      vertex 12.6349 -5.8584 0
      vertex 15.0612 -2.63982 0
    endloop
  endfacet
  facet normal 0 0 -1
    outer loop
      vertex 12.3207 -5.74596 0
      vertex 15.0612 -2.63982 0
      vertex 12.6349 -5.8584 0
    endloop
  endfacet
  facet normal -0 0 -1
    outer loop
      vertex 15.0612 -2.63982 0
      vertex 12.3207 -5.74596 0
      vertex 15.0559 -2.62857 0
    endloop
  endfacet
  facet normal -0 0 -1
    outer loop
      vertex 15.0559 -2.62857 0
      vertex 12.3207 -5.74596 0
      vertex 14.8263 -2.14303 0
    endloop
  endfacet
  facet normal 0 0 -1
    outer loop
      vertex 11.9969 -5.66484 0
      vertex 14.8263 -2.14303 0
      vertex 12.3207 -5.74596 0
    endloop
  endfacet
  facet normal 0 0 -1
    outer loop
      vertex 11.667 -5.61591 0
      vertex 14.8263 -2.14303 0
      vertex 11.9969 -5.66484 0
    endloop
  endfacet
  facet normal -0 0 -1
    outer loop
      vertex 14.8263 -2.14303 0
      vertex 11.667 -5.61591 0
      vertex 14.6453 -1.63731 0
    endloop
  endfacet
  facet normal -0 0 -1
    outer loop
      vertex 14.6453 -1.63731 0
      vertex 11.667 -5.61591 0
      vertex 14.6411 -1.62559 0
    endloop
  endfacet
  facet normal 0 0 -1
    outer loop
      vertex 14.4 0 0
      vertex 13.6096 6.47421 0
      vertex 14.2273 7.034 0
    endloop
  endfacet
  facet normal 0 0 -1
    outer loop
      vertex 11.3432 -5.60001 0
      vertex 14.6411 -1.62559 0
      vertex 11.667 -5.61591 0
    endloop
  endfacet
  facet normal 0 0 -1
    outer loop
      vertex 14.4 0 0
      vertex 13.3592 6.26866 0
      vertex 13.6096 6.47421 0
    endloop
  endfacet
  facet normal -0 0 -1
    outer loop
      vertex 14.6411 -1.62559 0
      vertex 11.3432 -5.60001 0
      vertex 14.6381 -1.61352 0
    endloop
  endfacet
  facet normal 0 0 -1
    outer loop
      vertex 14.4 0 0
      vertex 13.0817 6.0833 0
      vertex 13.3592 6.26866 0
    endloop
  endfacet
  facet normal -0 0 -1
    outer loop
      vertex 14.6381 -1.61352 0
      vertex 11.3432 -5.60001 0
      vertex 14.5076 -1.09251 0
    endloop
  endfacet
  facet normal 0 0 -1
    outer loop
      vertex 14.4 0 0
      vertex 12.7874 5.92596 0
      vertex 13.0817 6.0833 0
    endloop
  endfacet
  facet normal -0 0 -1
    outer loop
      vertex 14.5076 -1.09251 0
      vertex 11.3432 -5.60001 0
      vertex 14.4288 -0.561206 0
    endloop
  endfacet
  facet normal 0 0 -1
    outer loop
      vertex 14.4 0 0
      vertex 12.4792 5.79828 0
      vertex 12.7874 5.92596 0
    endloop
  endfacet
  facet normal 0 0 -1
    outer loop
      vertex 8.65184 -5.60001 0
      vertex 14.4288 -0.561206 0
      vertex 11.3432 -5.60001 0
    endloop
  endfacet
  facet normal 0 0 -1
    outer loop
      vertex 14.4 0 0
      vertex 12.1599 5.70146 0
      vertex 12.4792 5.79828 0
    endloop
  endfacet
  facet normal 0 0 -1
    outer loop
      vertex 5.57365 -0.536465 0
      vertex 14.4288 -0.561206 0
      vertex 8.65184 -5.60001 0
    endloop
  endfacet
  facet normal 0 0 -1
    outer loop
      vertex 14.4 0 0
      vertex 11.8277 5.63536 0
      vertex 12.1599 5.70146 0
    endloop
  endfacet
  facet normal 0 0 -1
    outer loop
      vertex 14.4288 -0.561206 0
      vertex 5.57365 -0.536465 0
      vertex 14.427 -0.548895 0
    endloop
  endfacet
  facet normal 0 0 -1
    outer loop
      vertex 14.4 0 0
      vertex 11.3481 5.60001 0
      vertex 11.8277 5.63536 0
    endloop
  endfacet
  facet normal 0 0 -1
    outer loop
      vertex 14.4264 -0.536465 0
      vertex 5.6 0 0
      vertex 14.4 0 0
    endloop
  endfacet
  facet normal 0 0 -1
    outer loop
      vertex 5.57365 0.536465 0
      vertex 14.4 0 0
      vertex 5.6 0 0
    endloop
  endfacet
  facet normal 0 0 -1
    outer loop
      vertex 5.57365 -0.536465 0
      vertex 14.4264 -0.536465 0
      vertex 14.427 -0.548895 0
    endloop
  endfacet
  facet normal 0 0 -1
    outer loop
      vertex 5.57303 0.548895 0
      vertex 14.4 0 0
      vertex 5.57365 0.536465 0
    endloop
  endfacet
  facet normal 0 0 -1
    outer loop
      vertex 5.57365 -0.536465 0
      vertex 8.65184 -5.60001 0
      vertex 8.17229 -5.63536 0
    endloop
  endfacet
  facet normal 0 0 -1
    outer loop
      vertex 14.4 0 0
      vertex 5.57303 0.548895 0
      vertex 11.3481 5.60001 0
    endloop
  endfacet
  facet normal 0 0 -1
    outer loop
      vertex 5.57365 -0.536465 0
      vertex 8.17229 -5.63536 0
      vertex 7.84013 -5.70146 0
    endloop
  endfacet
  facet normal 0 0 -1
    outer loop
      vertex 5.57121 0.561206 0
      vertex 11.3481 5.60001 0
      vertex 5.57303 0.548895 0
    endloop
  endfacet
  facet normal 0 0 -1
    outer loop
      vertex 5.57365 -0.536465 0
      vertex 7.84013 -5.70146 0
      vertex 7.52083 -5.79828 0
    endloop
  endfacet
  facet normal -0 0 -1
    outer loop
      vertex 11.3481 5.60001 0
      vertex 5.57121 0.561206 0
      vertex 8.65683 5.60001 0
    endloop
  endfacet
  facet normal 0 0 -1
    outer loop
      vertex 5.57365 -0.536465 0
      vertex 7.52083 -5.79828 0
      vertex 7.21259 -5.92596 0
    endloop
  endfacet
  facet normal 0 0 -1
    outer loop
      vertex 5.4924 1.09251 0
      vertex 8.65683 5.60001 0
      vertex 5.57121 0.561206 0
    endloop
  endfacet
  facet normal 0 0 -1
    outer loop
      vertex 5.57365 -0.536465 0
      vertex 7.21259 -5.92596 0
      vertex 6.91824 -6.0833 0
    endloop
  endfacet
  facet normal 0 0 -1
    outer loop
      vertex 5.36189 1.61352 0
      vertex 8.65683 5.60001 0
      vertex 5.4924 1.09251 0
    endloop
  endfacet
  facet normal 0 0 -1
    outer loop
      vertex 5.57365 -0.536465 0
      vertex 6.91824 -6.0833 0
      vertex 6.64082 -6.26866 0
    endloop
  endfacet
  facet normal 0 0 -1
    outer loop
      vertex 5.35887 1.62559 0
      vertex 8.65683 5.60001 0
      vertex 5.36189 1.61352 0
    endloop
  endfacet
  facet normal 0 0 -1
    outer loop
      vertex 5.57365 -0.536465 0
      vertex 6.64082 -6.26866 0
      vertex 6.39035 -6.47421 0
    endloop
  endfacet
  facet normal -0 0 -1
    outer loop
      vertex 8.65683 5.60001 0
      vertex 5.35887 1.62559 0
      vertex 8.33299 5.61591 0
    endloop
  endfacet
  facet normal 0 0 -1
    outer loop
      vertex 3.56182 -4.3205 0
      vertex 6.39035 -6.47421 0
      vertex 5.77272 -7.034 0
    endloop
  endfacet
  facet normal 0 0 -1
    outer loop
      vertex 5.35467 1.63731 0
      vertex 8.33299 5.61591 0
      vertex 5.35887 1.62559 0
    endloop
  endfacet
  facet normal 0 0 -1
    outer loop
      vertex 5.17373 2.14303 0
      vertex 8.33299 5.61591 0
      vertex 5.35467 1.63731 0
    endloop
  endfacet
  facet normal -0 0 -1
    outer loop
      vertex 8.33299 5.61591 0
      vertex 5.17373 2.14303 0
      vertex 8.0031 5.66484 0
    endloop
  endfacet
  facet normal -0 0 -1
    outer loop
      vertex 8.0031 5.66484 0
      vertex 5.17373 2.14303 0
      vertex 7.67929 5.74596 0
    endloop
  endfacet
  facet normal 0 0 -1
    outer loop
      vertex 4.94408 2.62857 0
      vertex 7.67929 5.74596 0
      vertex 5.17373 2.14303 0
    endloop
  endfacet
  facet normal 0 0 -1
    outer loop
      vertex 4.93876 2.63982 0
      vertex 7.67929 5.74596 0
      vertex 4.94408 2.62857 0
    endloop
  endfacet
  facet normal -0 0 -1
    outer loop
      vertex 7.67929 5.74596 0
      vertex 4.93876 2.63982 0
      vertex 7.36504 5.8584 0
    endloop
  endfacet
  facet normal 0 0 -1
    outer loop
      vertex 4.66263 3.10052 0
      vertex 7.36504 5.8584 0
      vertex 4.93876 2.63982 0
    endloop
  endfacet
  facet normal -0 0 -1
    outer loop
      vertex 7.36504 5.8584 0
      vertex 4.66263 3.10052 0
      vertex 7.06351 6.00099 0
    endloop
  endfacet
  facet normal 0 0 -1
    outer loop
      vertex 4.65623 3.11119 0
      vertex 7.06351 6.00099 0
      vertex 4.66263 3.10052 0
    endloop
  endfacet
  facet normal 0 0 -1
    outer loop
      vertex 4.64882 3.12119 0
      vertex 7.06351 6.00099 0
      vertex 4.65623 3.11119 0
    endloop
  endfacet
  facet normal 0 0 -1
    outer loop
      vertex 4.32886 3.5526 0
      vertex 7.06351 6.00099 0
      vertex 4.64882 3.12119 0
    endloop
  endfacet
  facet normal -0 0 -1
    outer loop
      vertex 7.06351 6.00099 0
      vertex 4.32886 3.5526 0
      vertex 6.77301 6.17511 0
    endloop
  endfacet
  facet normal 0 0 -1
    outer loop
      vertex 4.3205 3.56182 0
      vertex 6.77301 6.17511 0
      vertex 4.32886 3.5526 0
    endloop
  endfacet
  facet normal -0 0 -1
    outer loop
      vertex 6.77301 6.17511 0
      vertex 4.3205 3.56182 0
      vertex 6.39406 6.47084 0
    endloop
  endfacet
  facet normal 0 0 -1
    outer loop
      vertex 3.9598 3.9598 0
      vertex 6.39406 6.47084 0
      vertex 4.3205 3.56182 0
    endloop
  endfacet
  facet normal 0 0 -1
    outer loop
      vertex 3.56182 4.3205 0
      vertex 6.39406 6.47084 0
      vertex 3.9598 3.9598 0
    endloop
  endfacet
  facet normal -0 0 -1
    outer loop
      vertex 6.39406 6.47084 0
      vertex 3.56182 4.3205 0
      vertex 5.77274 7.03398 0
    endloop
  endfacet
  facet normal 0 0 -1
    outer loop
      vertex 3.5526 4.32886 0
      vertex 5.77274 7.03398 0
      vertex 3.56182 4.3205 0
    endloop
  endfacet
  facet normal -0 0 -1
    outer loop
      vertex 5.77274 7.03398 0
      vertex 3.5526 4.32886 0
      vertex 5.05537 7.56599 0
    endloop
  endfacet
  facet normal 0 0 -1
    outer loop
      vertex 3.12119 4.64882 0
      vertex 5.05537 7.56599 0
      vertex 3.5526 4.32886 0
    endloop
  endfacet
  facet normal 0 0 -1
    outer loop
      vertex 3.11119 4.65623 0
      vertex 5.05537 7.56599 0
      vertex 3.12119 4.64882 0
    endloop
  endfacet
  facet normal 0 0 -1
    outer loop
      vertex 3.10052 4.66263 0
      vertex 5.05537 7.56599 0
      vertex 3.11119 4.65623 0
    endloop
  endfacet
  facet normal -0 0 -1
    outer loop
      vertex 5.05537 7.56599 0
      vertex 3.10052 4.66263 0
      vertex 4.28952 8.02502 0
    endloop
  endfacet
  facet normal 0 0 -1
    outer loop
      vertex 2.63982 4.93876 0
      vertex 4.28952 8.02502 0
      vertex 3.10052 4.66263 0
    endloop
  endfacet
  facet normal 0 0 -1
    outer loop
      vertex 2.62857 4.94408 0
      vertex 4.28952 8.02502 0
      vertex 2.63982 4.93876 0
    endloop
  endfacet
  facet normal -0 0 -1
    outer loop
      vertex 4.28952 8.02502 0
      vertex 2.62857 4.94408 0
      vertex 3.48212 8.40691 0
    endloop
  endfacet
  facet normal 0 0 -1
    outer loop
      vertex 2.14303 5.17373 0
      vertex 3.48212 8.40691 0
      vertex 2.62857 4.94408 0
    endloop
  endfacet
  facet normal -0 0 -1
    outer loop
      vertex 3.48212 8.40691 0
      vertex 2.14303 5.17373 0
      vertex 2.64146 8.70767 0
    endloop
  endfacet
  facet normal 0 0 -1
    outer loop
      vertex 1.63731 5.35467 0
      vertex 2.64146 8.70767 0
      vertex 2.14303 5.17373 0
    endloop
  endfacet
  facet normal 0 0 -1
    outer loop
      vertex 1.62559 5.35887 0
      vertex 2.64146 8.70767 0
      vertex 1.63731 5.35467 0
    endloop
  endfacet
  facet normal 0 0 -1
    outer loop
      vertex 1.61352 5.36189 0
      vertex 2.64146 8.70767 0
      vertex 1.62559 5.35887 0
    endloop
  endfacet
  facet normal -0 0 -1
    outer loop
      vertex 2.64146 8.70767 0
      vertex 1.61352 5.36189 0
      vertex 1.77525 8.92465 0
    endloop
  endfacet
  facet normal 0 0 -1
    outer loop
      vertex 1.09251 5.4924 0
      vertex 1.77525 8.92465 0
      vertex 1.61352 5.36189 0
    endloop
  endfacet
  facet normal 0 0 -1
    outer loop
      vertex 1.09251 5.4924 0
      vertex 0.891876 9.05569 0
      vertex 1.77525 8.92465 0
    endloop
  endfacet
  facet normal 0 0 -1
    outer loop
      vertex 0.561206 5.57121 0
      vertex 0.891876 9.05569 0
      vertex 1.09251 5.4924 0
    endloop
  endfacet
  facet normal 0 0 -1
    outer loop
      vertex 0.548895 5.57303 0
      vertex 0.891876 9.05569 0
      vertex 0.561206 5.57121 0
    endloop
  endfacet
  facet normal 0 0 -1
    outer loop
      vertex 0.536465 5.57365 0
      vertex 0.891876 9.05569 0
      vertex 0.548895 5.57303 0
    endloop
  endfacet
  facet normal 0 0 -1
    outer loop
      vertex 0 5.6 0
      vertex 0.891876 9.05569 0
      vertex 0.536465 5.57365 0
    endloop
  endfacet
  facet normal 0 0 -1
    outer loop
      vertex 0 5.6 0
      vertex 0 9.0995 0
      vertex 0.891876 9.05569 0
    endloop
  endfacet
  facet normal 0 0 -1
    outer loop
      vertex -0.536465 5.57365 0
      vertex 0 9.0995 0
      vertex 0 5.6 0
    endloop
  endfacet
  facet normal 0 0 -1
    outer loop
      vertex -0.891876 9.05569 0
      vertex -0.536465 5.57365 0
      vertex -0.548895 5.57303 0
    endloop
  endfacet
  facet normal 0 0 -1
    outer loop
      vertex -0.891876 9.05569 0
      vertex -0.548895 5.57303 0
      vertex -0.561206 5.57121 0
    endloop
  endfacet
  facet normal 0 0 -1
    outer loop
      vertex -0.536465 5.57365 0
      vertex -0.891876 9.05569 0
      vertex 0 9.0995 0
    endloop
  endfacet
  facet normal 0 0 -1
    outer loop
      vertex -1.09251 5.4924 0
      vertex -0.891876 9.05569 0
      vertex -0.561206 5.57121 0
    endloop
  endfacet
  facet normal 0 0 -1
    outer loop
      vertex -1.77525 8.92465 0
      vertex -1.09251 5.4924 0
      vertex -1.61352 5.36189 0
    endloop
  endfacet
  facet normal 0 0 -1
    outer loop
      vertex -2.64146 8.70767 0
      vertex -1.61352 5.36189 0
      vertex -1.62559 5.35887 0
    endloop
  endfacet
  facet normal 0 0 -1
    outer loop
      vertex -2.64146 8.70767 0
      vertex -1.62559 5.35887 0
      vertex -1.63731 5.35467 0
    endloop
  endfacet
  facet normal 0 0 -1
    outer loop
      vertex -1.09251 5.4924 0
      vertex -1.77525 8.92465 0
      vertex -0.891876 9.05569 0
    endloop
  endfacet
  facet normal 0 0 -1
    outer loop
      vertex -2.64146 8.70767 0
      vertex -1.63731 5.35467 0
      vertex -2.14303 5.17373 0
    endloop
  endfacet
  facet normal 0 0 -1
    outer loop
      vertex -3.48212 8.40691 0
      vertex -2.14303 5.17373 0
      vertex -2.62857 4.94408 0
    endloop
  endfacet
  facet normal 0 0 -1
    outer loop
      vertex -4.28952 8.02502 0
      vertex -2.62857 4.94408 0
      vertex -2.63982 4.93876 0
    endloop
  endfacet
  facet normal 0 0 -1
    outer loop
      vertex -1.61352 5.36189 0
      vertex -2.64146 8.70767 0
      vertex -1.77525 8.92465 0
    endloop
  endfacet
  facet normal 0 0 -1
    outer loop
      vertex -4.28952 8.02502 0
      vertex -2.63982 4.93876 0
      vertex -3.10052 4.66263 0
    endloop
  endfacet
  facet normal 0 0 -1
    outer loop
      vertex -5.05537 7.56599 0
      vertex -3.10052 4.66263 0
      vertex -3.11119 4.65623 0
    endloop
  endfacet
  facet normal 0 0 -1
    outer loop
      vertex -5.05537 7.56599 0
      vertex -3.11119 4.65623 0
      vertex -3.12119 4.64882 0
    endloop
  endfacet
  facet normal 0 0 -1
    outer loop
      vertex -2.14303 5.17373 0
      vertex -3.48212 8.40691 0
      vertex -2.64146 8.70767 0
    endloop
  endfacet
  facet normal 0 0 -1
    outer loop
      vertex -5.05537 7.56599 0
      vertex -3.12119 4.64882 0
      vertex -3.5526 4.32886 0
    endloop
  endfacet
  facet normal 0 0 -1
    outer loop
      vertex -5.77271 7.034 0
      vertex -3.5526 4.32886 0
      vertex -3.56182 4.3205 0
    endloop
  endfacet
  facet normal 0 0 -1
    outer loop
      vertex -5.77271 7.034 0
      vertex -3.56182 4.3205 0
      vertex -3.9598 3.9598 0
    endloop
  endfacet
  facet normal 0 0 -1
    outer loop
      vertex -2.62857 4.94408 0
      vertex -4.28952 8.02502 0
      vertex -3.48212 8.40691 0
    endloop
  endfacet
  facet normal 0 0 -1
    outer loop
      vertex -6.43436 6.43431 0
      vertex -3.9598 3.9598 0
      vertex -4.3205 3.56182 0
    endloop
  endfacet
  facet normal 0 0 -1
    outer loop
      vertex -7.034 5.77271 0
      vertex -4.3205 3.56182 0
      vertex -4.32886 3.5526 0
    endloop
  endfacet
  facet normal 0 0 -1
    outer loop
      vertex -7.034 5.77271 0
      vertex -4.32886 3.5526 0
      vertex -4.64882 3.12119 0
    endloop
  endfacet
  facet normal 0 0 -1
    outer loop
      vertex -7.56599 5.05537 0
      vertex -4.64882 3.12119 0
      vertex -4.65623 3.11119 0
    endloop
  endfacet
  facet normal 0 0 -1
    outer loop
      vertex -7.56599 5.05537 0
      vertex -4.65623 3.11119 0
      vertex -4.66263 3.10052 0
    endloop
  endfacet
  facet normal 0 0 -1
    outer loop
      vertex -7.56599 5.05537 0
      vertex -4.66263 3.10052 0
      vertex -4.93876 2.63982 0
    endloop
  endfacet
  facet normal 0 0 -1
    outer loop
      vertex -8.02502 4.28952 0
      vertex -4.93876 2.63982 0
      vertex -4.94408 2.62857 0
    endloop
  endfacet
  facet normal 0 0 -1
    outer loop
      vertex -3.10052 4.66263 0
      vertex -5.05537 7.56599 0
      vertex -4.28952 8.02502 0
    endloop
  endfacet
  facet normal 0 0 -1
    outer loop
      vertex -8.02502 4.28952 0
      vertex -4.94408 2.62857 0
      vertex -5.17373 2.14303 0
    endloop
  endfacet
  facet normal 0 0 -1
    outer loop
      vertex -8.40691 3.48212 0
      vertex -5.17373 2.14303 0
      vertex -5.35467 1.63731 0
    endloop
  endfacet
  facet normal 0 0 -1
    outer loop
      vertex -8.70767 2.64146 0
      vertex -5.35467 1.63731 0
      vertex -5.35887 1.62559 0
    endloop
  endfacet
  facet normal 0 0 -1
    outer loop
      vertex -8.70767 2.64146 0
      vertex -5.35887 1.62559 0
      vertex -5.36189 1.61352 0
    endloop
  endfacet
  facet normal 0 0 -1
    outer loop
      vertex -8.70767 2.64146 0
      vertex -5.36189 1.61352 0
      vertex -5.4924 1.09251 0
    endloop
  endfacet
  facet normal 0 0 -1
    outer loop
      vertex -8.92465 1.77525 0
      vertex -5.4924 1.09251 0
      vertex -5.57121 0.561206 0
    endloop
  endfacet
  facet normal 0 0 -1
    outer loop
      vertex -9.05569 0.891876 0
      vertex -5.57121 0.561206 0
      vertex -5.57303 0.548895 0
    endloop
  endfacet
  facet normal 0 0 -1
    outer loop
      vertex -3.5526 4.32886 0
      vertex -5.77271 7.034 0
      vertex -5.05537 7.56599 0
    endloop
  endfacet
  facet normal 0 0 -1
    outer loop
      vertex -9.05569 0.891876 0
      vertex -5.57303 0.548895 0
      vertex -5.57365 0.536465 0
    endloop
  endfacet
  facet normal 0 0 -1
    outer loop
      vertex -9.05569 0.891876 0
      vertex -5.57365 0.536465 0
      vertex -5.6 0 0
    endloop
  endfacet
  facet normal -0 0 -1
    outer loop
      vertex -5.35887 -1.62559 0
      vertex -8.70767 -2.64146 0
      vertex -5.36189 -1.61352 0
    endloop
  endfacet
  facet normal -0 0 -1
    outer loop
      vertex -5.36189 -1.61352 0
      vertex -8.70767 -2.64146 0
      vertex -5.4924 -1.09251 0
    endloop
  endfacet
  facet normal 0 0 -1
    outer loop
      vertex -3.9598 3.9598 0
      vertex -6.43436 6.43431 0
      vertex -5.77271 7.034 0
    endloop
  endfacet
  facet normal 0 0 -1
    outer loop
      vertex -8.92465 -1.77525 0
      vertex -5.4924 -1.09251 0
      vertex -8.70767 -2.64146 0
    endloop
  endfacet
  facet normal 0 0 -1
    outer loop
      vertex -4.3205 3.56182 0
      vertex -7.034 5.77271 0
      vertex -6.43436 6.43431 0
    endloop
  endfacet
  facet normal -0 0 -1
    outer loop
      vertex -5.4924 -1.09251 0
      vertex -8.92465 -1.77525 0
      vertex -5.57121 -0.561206 0
    endloop
  endfacet
  facet normal 0 0 -1
    outer loop
      vertex -4.64882 3.12119 0
      vertex -7.56599 5.05537 0
      vertex -7.034 5.77271 0
    endloop
  endfacet
  facet normal 0 0 -1
    outer loop
      vertex -9.05569 -0.891876 0
      vertex -5.57121 -0.561206 0
      vertex -8.92465 -1.77525 0
    endloop
  endfacet
  facet normal 0 0 -1
    outer loop
      vertex -4.93876 2.63982 0
      vertex -8.02502 4.28952 0
      vertex -7.56599 5.05537 0
    endloop
  endfacet
  facet normal -0 0 -1
    outer loop
      vertex -5.57121 -0.561206 0
      vertex -9.05569 -0.891876 0
      vertex -5.57303 -0.548895 0
    endloop
  endfacet
  facet normal 0 0 -1
    outer loop
      vertex -5.17373 2.14303 0
      vertex -8.40691 3.48212 0
      vertex -8.02502 4.28952 0
    endloop
  endfacet
  facet normal -0 0 -1
    outer loop
      vertex -5.57303 -0.548895 0
      vertex -9.05569 -0.891876 0
      vertex -5.57365 -0.536465 0
    endloop
  endfacet
  facet normal 0 0 -1
    outer loop
      vertex -5.35467 1.63731 0
      vertex -8.70767 2.64146 0
      vertex -8.40691 3.48212 0
    endloop
  endfacet
  facet normal -0 0 -1
    outer loop
      vertex -5.57365 -0.536465 0
      vertex -9.05569 -0.891876 0
      vertex -5.6 0 0
    endloop
  endfacet
  facet normal 0 0 -1
    outer loop
      vertex -5.4924 1.09251 0
      vertex -8.92465 1.77525 0
      vertex -8.70767 2.64146 0
    endloop
  endfacet
  facet normal 0 0 -1
    outer loop
      vertex -9.0995 0 0
      vertex -5.6 0 0
      vertex -9.05569 -0.891876 0
    endloop
  endfacet
  facet normal 0 0 -1
    outer loop
      vertex -5.57121 0.561206 0
      vertex -9.05569 0.891876 0
      vertex -8.92465 1.77525 0
    endloop
  endfacet
  facet normal 0 0 -1
    outer loop
      vertex -5.6 0 0
      vertex -9.0995 0 0
      vertex -9.05569 0.891876 0
    endloop
  endfacet
  facet normal 0 0 -1
    outer loop
      vertex 25.3547 1.63731 0
      vertex 28.7077 2.64146 0
      vertex 25.3589 1.62559 0
    endloop
  endfacet
  facet normal -0 0 -1
    outer loop
      vertex 28.7077 2.64146 0
      vertex 25.3547 1.63731 0
      vertex 28.4069 3.48212 0
    endloop
  endfacet
  facet normal 0 0 -1
    outer loop
      vertex 25.1737 2.14303 0
      vertex 28.4069 3.48212 0
      vertex 25.3547 1.63731 0
    endloop
  endfacet
  facet normal -0 0 -1
    outer loop
      vertex 28.4069 3.48212 0
      vertex 25.1737 2.14303 0
      vertex 28.025 4.28952 0
    endloop
  endfacet
  facet normal 0 0 -1
    outer loop
      vertex 24.9441 2.62857 0
      vertex 28.025 4.28952 0
      vertex 25.1737 2.14303 0
    endloop
  endfacet
  facet normal 0 0 -1
    outer loop
      vertex 24.9388 2.63982 0
      vertex 28.025 4.28952 0
      vertex 24.9441 2.62857 0
    endloop
  endfacet
  facet normal -0 0 -1
    outer loop
      vertex 28.025 4.28952 0
      vertex 24.9388 2.63982 0
      vertex 27.566 5.05537 0
    endloop
  endfacet
  facet normal 0 0 -1
    outer loop
      vertex 24.6626 3.10052 0
      vertex 27.566 5.05537 0
      vertex 24.9388 2.63982 0
    endloop
  endfacet
  facet normal 0 0 -1
    outer loop
      vertex 24.6562 3.11119 0
      vertex 27.566 5.05537 0
      vertex 24.6626 3.10052 0
    endloop
  endfacet
  facet normal 0 0 -1
    outer loop
      vertex 24.6488 3.12119 0
      vertex 27.566 5.05537 0
      vertex 24.6562 3.11119 0
    endloop
  endfacet
  facet normal -0 0 -1
    outer loop
      vertex 27.566 5.05537 0
      vertex 24.6488 3.12119 0
      vertex 27.034 5.77271 0
    endloop
  endfacet
  facet normal 0 0 -1
    outer loop
      vertex 24.3289 3.5526 0
      vertex 27.034 5.77271 0
      vertex 24.6488 3.12119 0
    endloop
  endfacet
  facet normal 0 0 -1
    outer loop
      vertex 24.3205 3.56182 0
      vertex 27.034 5.77271 0
      vertex 24.3289 3.5526 0
    endloop
  endfacet
  facet normal -0 0 -1
    outer loop
      vertex 27.034 5.77271 0
      vertex 24.3205 3.56182 0
      vertex 26.4344 6.43431 0
    endloop
  endfacet
  facet normal 0 0 -1
    outer loop
      vertex 23.9598 3.9598 0
      vertex 26.4344 6.43431 0
      vertex 24.3205 3.56182 0
    endloop
  endfacet
  facet normal -0 0 -1
    outer loop
      vertex 26.4344 6.43431 0
      vertex 23.9598 3.9598 0
      vertex 25.7727 7.034 0
    endloop
  endfacet
  facet normal 0 0 -1
    outer loop
      vertex 23.5618 4.3205 0
      vertex 25.7727 7.034 0
      vertex 23.9598 3.9598 0
    endloop
  endfacet
  facet normal 0 0 -1
    outer loop
      vertex 23.5526 4.32886 0
      vertex 25.7727 7.034 0
      vertex 23.5618 4.3205 0
    endloop
  endfacet
  facet normal -0 0 -1
    outer loop
      vertex 25.7727 7.034 0
      vertex 23.5526 4.32886 0
      vertex 25.0554 7.56599 0
    endloop
  endfacet
  facet normal 0 0 -1
    outer loop
      vertex 23.1212 4.64882 0
      vertex 25.0554 7.56599 0
      vertex 23.5526 4.32886 0
    endloop
  endfacet
  facet normal 0 0 -1
    outer loop
      vertex 23.1112 4.65623 0
      vertex 25.0554 7.56599 0
      vertex 23.1212 4.64882 0
    endloop
  endfacet
  facet normal 0 0 -1
    outer loop
      vertex 23.1005 4.66263 0
      vertex 25.0554 7.56599 0
      vertex 23.1112 4.65623 0
    endloop
  endfacet
  facet normal -0 0 -1
    outer loop
      vertex 25.0554 7.56599 0
      vertex 23.1005 4.66263 0
      vertex 24.2895 8.02502 0
    endloop
  endfacet
  facet normal 0 0 -1
    outer loop
      vertex 22.6398 4.93876 0
      vertex 24.2895 8.02502 0
      vertex 23.1005 4.66263 0
    endloop
  endfacet
  facet normal 0 0 -1
    outer loop
      vertex 22.6286 4.94408 0
      vertex 24.2895 8.02502 0
      vertex 22.6398 4.93876 0
    endloop
  endfacet
  facet normal -0 0 -1
    outer loop
      vertex 24.2895 8.02502 0
      vertex 22.6286 4.94408 0
      vertex 23.4821 8.40691 0
    endloop
  endfacet
  facet normal 0 0 -1
    outer loop
      vertex 22.143 5.17373 0
      vertex 23.4821 8.40691 0
      vertex 22.6286 4.94408 0
    endloop
  endfacet
  facet normal -0 0 -1
    outer loop
      vertex 23.4821 8.40691 0
      vertex 22.143 5.17373 0
      vertex 22.6415 8.70767 0
    endloop
  endfacet
  facet normal 0 0 -1
    outer loop
      vertex 21.6373 5.35467 0
      vertex 22.6415 8.70767 0
      vertex 22.143 5.17373 0
    endloop
  endfacet
  facet normal 0 0 -1
    outer loop
      vertex 21.6256 5.35887 0
      vertex 22.6415 8.70767 0
      vertex 21.6373 5.35467 0
    endloop
  endfacet
  facet normal 0 0 -1
    outer loop
      vertex 21.6135 5.36189 0
      vertex 22.6415 8.70767 0
      vertex 21.6256 5.35887 0
    endloop
  endfacet
  facet normal -0 0 -1
    outer loop
      vertex 22.6415 8.70767 0
      vertex 21.6135 5.36189 0
      vertex 21.7753 8.92465 0
    endloop
  endfacet
  facet normal 0 0 -1
    outer loop
      vertex 21.0925 5.4924 0
      vertex 21.7753 8.92465 0
      vertex 21.6135 5.36189 0
    endloop
  endfacet
  facet normal 0 0 -1
    outer loop
      vertex 21.0925 5.4924 0
      vertex 20.8919 9.05569 0
      vertex 21.7753 8.92465 0
    endloop
  endfacet
  facet normal 0 0 -1
    outer loop
      vertex 20.5612 5.57121 0
      vertex 20.8919 9.05569 0
      vertex 21.0925 5.4924 0
    endloop
  endfacet
  facet normal 0 0 -1
    outer loop
      vertex 20.5489 5.57303 0
      vertex 20.8919 9.05569 0
      vertex 20.5612 5.57121 0
    endloop
  endfacet
  facet normal 0 0 -1
    outer loop
      vertex 20.5365 5.57365 0
      vertex 20.8919 9.05569 0
      vertex 20.5489 5.57303 0
    endloop
  endfacet
  facet normal 0 0 -1
    outer loop
      vertex 20 5.6 0
      vertex 20.8919 9.05569 0
      vertex 20.5365 5.57365 0
    endloop
  endfacet
  facet normal 0 0 -1
    outer loop
      vertex 20 5.6 0
      vertex 20 9.0995 0
      vertex 20.8919 9.05569 0
    endloop
  endfacet
  facet normal 0 0 -1
    outer loop
      vertex 19.4635 5.57365 0
      vertex 20 9.0995 0
      vertex 20 5.6 0
    endloop
  endfacet
  facet normal 0 0 -1
    outer loop
      vertex 19.1081 9.05569 0
      vertex 19.4635 5.57365 0
      vertex 19.4511 5.57303 0
    endloop
  endfacet
  facet normal 0 0 -1
    outer loop
      vertex 19.1081 9.05569 0
      vertex 19.4511 5.57303 0
      vertex 19.4388 5.57121 0
    endloop
  endfacet
  facet normal 0 0 -1
    outer loop
      vertex 19.4635 5.57365 0
      vertex 19.1081 9.05569 0
      vertex 20 9.0995 0
    endloop
  endfacet
  facet normal 0 0 -1
    outer loop
      vertex 18.9075 5.4924 0
      vertex 19.1081 9.05569 0
      vertex 19.4388 5.57121 0
    endloop
  endfacet
  facet normal 0 0 -1
    outer loop
      vertex 18.2247 8.92465 0
      vertex 18.9075 5.4924 0
      vertex 18.3865 5.36189 0
    endloop
  endfacet
  facet normal 0 0 -1
    outer loop
      vertex 17.3585 8.70767 0
      vertex 18.3865 5.36189 0
      vertex 18.3744 5.35887 0
    endloop
  endfacet
  facet normal 0 0 -1
    outer loop
      vertex 17.3585 8.70767 0
      vertex 18.3744 5.35887 0
      vertex 18.3627 5.35467 0
    endloop
  endfacet
  facet normal 0 0 -1
    outer loop
      vertex 18.9075 5.4924 0
      vertex 18.2247 8.92465 0
      vertex 19.1081 9.05569 0
    endloop
  endfacet
  facet normal 0 0 -1
    outer loop
      vertex 17.3585 8.70767 0
      vertex 18.3627 5.35467 0
      vertex 17.857 5.17373 0
    endloop
  endfacet
  facet normal 0 0 -1
    outer loop
      vertex 16.5179 8.40691 0
      vertex 17.857 5.17373 0
      vertex 17.3714 4.94408 0
    endloop
  endfacet
  facet normal 0 0 -1
    outer loop
      vertex 15.7105 8.02502 0
      vertex 17.3714 4.94408 0
      vertex 17.3602 4.93876 0
    endloop
  endfacet
  facet normal 0 0 -1
    outer loop
      vertex 18.3865 5.36189 0
      vertex 17.3585 8.70767 0
      vertex 18.2247 8.92465 0
    endloop
  endfacet
  facet normal 0 0 -1
    outer loop
      vertex 15.7105 8.02502 0
      vertex 17.3602 4.93876 0
      vertex 16.8995 4.66263 0
    endloop
  endfacet
  facet normal 0 0 -1
    outer loop
      vertex 14.9446 7.56599 0
      vertex 16.8995 4.66263 0
      vertex 16.8888 4.65623 0
    endloop
  endfacet
  facet normal 0 0 -1
    outer loop
      vertex 14.9446 7.56599 0
      vertex 16.8888 4.65623 0
      vertex 16.8788 4.64882 0
    endloop
  endfacet
  facet normal 0 0 -1
    outer loop
      vertex 17.857 5.17373 0
      vertex 16.5179 8.40691 0
      vertex 17.3585 8.70767 0
    endloop
  endfacet
  facet normal 0 0 -1
    outer loop
      vertex 14.9446 7.56599 0
      vertex 16.8788 4.64882 0
      vertex 16.4474 4.32886 0
    endloop
  endfacet
  facet normal 0 0 -1
    outer loop
      vertex 14.2273 7.034 0
      vertex 16.4474 4.32886 0
      vertex 16.4382 4.3205 0
    endloop
  endfacet
  facet normal 0 0 -1
    outer loop
      vertex 14.2273 7.034 0
      vertex 16.4382 4.3205 0
      vertex 16.0402 3.9598 0
    endloop
  endfacet
  facet normal 0 0 -1
    outer loop
      vertex 17.3714 4.94408 0
      vertex 15.7105 8.02502 0
      vertex 16.5179 8.40691 0
    endloop
  endfacet
  facet normal 0 0 -1
    outer loop
      vertex 14.2273 7.034 0
      vertex 16.0402 3.9598 0
      vertex 15.6795 3.56182 0
    endloop
  endfacet
  facet normal 0 0 -1
    outer loop
      vertex 14.2273 7.034 0
      vertex 15.6795 3.56182 0
      vertex 15.6711 3.5526 0
    endloop
  endfacet
  facet normal 0 0 -1
    outer loop
      vertex 14.2273 7.034 0
      vertex 15.6711 3.5526 0
      vertex 15.3512 3.12119 0
    endloop
  endfacet
  facet normal 0 0 -1
    outer loop
      vertex 14.2273 7.034 0
      vertex 15.3512 3.12119 0
      vertex 15.3438 3.11119 0
    endloop
  endfacet
  facet normal 0 0 -1
    outer loop
      vertex 14.2273 7.034 0
      vertex 15.3438 3.11119 0
      vertex 15.3374 3.10052 0
    endloop
  endfacet
  facet normal 0 0 -1
    outer loop
      vertex 14.2273 7.034 0
      vertex 15.3374 3.10052 0
      vertex 15.0612 2.63982 0
    endloop
  endfacet
  facet normal 0 0 -1
    outer loop
      vertex 14.2273 7.034 0
      vertex 15.0612 2.63982 0
      vertex 15.0559 2.62857 0
    endloop
  endfacet
  facet normal 0 0 -1
    outer loop
      vertex 16.8995 4.66263 0
      vertex 14.9446 7.56599 0
      vertex 15.7105 8.02502 0
    endloop
  endfacet
  facet normal 0 0 -1
    outer loop
      vertex 14.2273 7.034 0
      vertex 15.0559 2.62857 0
      vertex 14.8263 2.14303 0
    endloop
  endfacet
  facet normal 0 0 -1
    outer loop
      vertex 14.2273 7.034 0
      vertex 14.8263 2.14303 0
      vertex 14.6453 1.63731 0
    endloop
  endfacet
  facet normal 0 0 -1
    outer loop
      vertex 14.2273 7.034 0
      vertex 14.6453 1.63731 0
      vertex 14.6411 1.62559 0
    endloop
  endfacet
  facet normal 0 0 -1
    outer loop
      vertex 14.2273 7.034 0
      vertex 14.6411 1.62559 0
      vertex 14.6381 1.61352 0
    endloop
  endfacet
  facet normal 0 0 -1
    outer loop
      vertex 14.2273 7.034 0
      vertex 14.6381 1.61352 0
      vertex 14.5076 1.09251 0
    endloop
  endfacet
  facet normal 0 0 -1
    outer loop
      vertex 14.2273 7.034 0
      vertex 14.5076 1.09251 0
      vertex 14.4288 0.561206 0
    endloop
  endfacet
  facet normal 0 0 -1
    outer loop
      vertex 14.2273 7.034 0
      vertex 14.4288 0.561206 0
      vertex 14.427 0.548895 0
    endloop
  endfacet
  facet normal 0 0 -1
    outer loop
      vertex 16.4474 4.32886 0
      vertex 14.2273 7.034 0
      vertex 14.9446 7.56599 0
    endloop
  endfacet
  facet normal 0 0 -1
    outer loop
      vertex 14.4264 0.536465 0
      vertex 14.2273 7.034 0
      vertex 14.427 0.548895 0
    endloop
  endfacet
  facet normal 0 0 -1
    outer loop
      vertex 14.2273 7.034 0
      vertex 14.4264 0.536465 0
      vertex 14.4 0 0
    endloop
  endfacet
  facet normal 0.14673 -0.989177 0
    outer loop
      vertex 20.8919 -9.05569 0
      vertex 21.7753 -8.92465 0.2
      vertex 20.8919 -9.05569 0.2
    endloop
  endfacet
  facet normal 0.14673 -0.989177 0
    outer loop
      vertex 21.7753 -8.92465 0.2
      vertex 20.8919 -9.05569 0
      vertex 21.7753 -8.92465 0
    endloop
  endfacet
  facet normal 0.242989 -0.970029 0
    outer loop
      vertex 21.7753 -8.92465 0
      vertex 22.6415 -8.70767 0.2
      vertex 21.7753 -8.92465 0.2
    endloop
  endfacet
  facet normal 0.242989 -0.970029 0
    outer loop
      vertex 22.6415 -8.70767 0.2
      vertex 21.7753 -8.92465 0
      vertex 22.6415 -8.70767 0
    endloop
  endfacet
  facet normal 0.336878 -0.941548 0
    outer loop
      vertex 22.6415 -8.70767 0
      vertex 23.4821 -8.40691 0.2
      vertex 22.6415 -8.70767 0.2
    endloop
  endfacet
  facet normal 0.336878 -0.941548 0
    outer loop
      vertex 23.4821 -8.40691 0.2
      vertex 22.6415 -8.70767 0
      vertex 23.4821 -8.40691 0
    endloop
  endfacet
  facet normal 0.427572 -0.903981 0
    outer loop
      vertex 23.4821 -8.40691 0
      vertex 24.2895 -8.02502 0.2
      vertex 23.4821 -8.40691 0.2
    endloop
  endfacet
  facet normal 0.427572 -0.903981 0
    outer loop
      vertex 24.2895 -8.02502 0.2
      vertex 23.4821 -8.40691 0
      vertex 24.2895 -8.02502 0
    endloop
  endfacet
  facet normal 0.514076 -0.857745 0
    outer loop
      vertex 24.2895 -8.02502 0
      vertex 25.0554 -7.56599 0.2
      vertex 24.2895 -8.02502 0.2
    endloop
  endfacet
  facet normal 0.514076 -0.857745 0
    outer loop
      vertex 25.0554 -7.56599 0.2
      vertex 24.2895 -8.02502 0
      vertex 25.0554 -7.56599 0
    endloop
  endfacet
  facet normal 0.595702 -0.803205 0
    outer loop
      vertex 25.0554 -7.56599 0
      vertex 25.7727 -7.034 0.2
      vertex 25.0554 -7.56599 0.2
    endloop
  endfacet
  facet normal 0.595702 -0.803205 0
    outer loop
      vertex 25.7727 -7.034 0.2
      vertex 25.0554 -7.56599 0
      vertex 25.7727 -7.034 0
    endloop
  endfacet
  facet normal 0.671578 -0.740934 0
    outer loop
      vertex 25.7727 -7.034 0
      vertex 26.4343 -6.43433 0.2
      vertex 25.7727 -7.034 0.2
    endloop
  endfacet
  facet normal 0.671578 -0.740934 0
    outer loop
      vertex 26.4343 -6.43433 0.2
      vertex 25.7727 -7.034 0
      vertex 26.4343 -6.43433 0
    endloop
  endfacet
  facet normal 0.740927 -0.671585 0
    outer loop
      vertex 26.4343 -6.43433 0.2
      vertex 27.034 -5.77271 0
      vertex 27.034 -5.77271 0.2
    endloop
  endfacet
  facet normal 0.740927 -0.671585 0
    outer loop
      vertex 27.034 -5.77271 0
      vertex 26.4343 -6.43433 0.2
      vertex 26.4343 -6.43433 0
    endloop
  endfacet
  facet normal 0.803216 -0.595688 0
    outer loop
      vertex 27.034 -5.77271 0.2
      vertex 27.566 -5.05537 0
      vertex 27.566 -5.05537 0.2
    endloop
  endfacet
  facet normal 0.803216 -0.595688 0
    outer loop
      vertex 27.566 -5.05537 0
      vertex 27.034 -5.77271 0.2
      vertex 27.034 -5.77271 0
    endloop
  endfacet
  facet normal 0.857745 -0.514076 0
    outer loop
      vertex 27.566 -5.05537 0.2
      vertex 28.025 -4.28952 0
      vertex 28.025 -4.28952 0.2
    endloop
  endfacet
  facet normal 0.857745 -0.514076 0
    outer loop
      vertex 28.025 -4.28952 0
      vertex 27.566 -5.05537 0.2
      vertex 27.566 -5.05537 0
    endloop
  endfacet
  facet normal 0.903977 -0.427581 0
    outer loop
      vertex 28.025 -4.28952 0.2
      vertex 28.4069 -3.48212 0
      vertex 28.4069 -3.48212 0.2
    endloop
  endfacet
  facet normal 0.903977 -0.427581 0
    outer loop
      vertex 28.4069 -3.48212 0
      vertex 28.025 -4.28952 0.2
      vertex 28.025 -4.28952 0
    endloop
  endfacet
  facet normal 0.941542 -0.336897 0
    outer loop
      vertex 28.4069 -3.48212 0.2
      vertex 28.7077 -2.64146 0
      vertex 28.7077 -2.64146 0.2
    endloop
  endfacet
  facet normal 0.941542 -0.336897 0
    outer loop
      vertex 28.7077 -2.64146 0
      vertex 28.4069 -3.48212 0.2
      vertex 28.4069 -3.48212 0
    endloop
  endfacet
  facet normal 0.970024 -0.243007 0
    outer loop
      vertex 28.7077 -2.64146 0.2
      vertex 28.9247 -1.77525 0
      vertex 28.9247 -1.77525 0.2
    endloop
  endfacet
  facet normal 0.970024 -0.243007 0
    outer loop
      vertex 28.9247 -1.77525 0
      vertex 28.7077 -2.64146 0.2
      vertex 28.7077 -2.64146 0
    endloop
  endfacet
  facet normal 0.989182 -0.146691 0
    outer loop
      vertex 28.9247 -1.77525 0.2
      vertex 29.0557 -0.891876 0
      vertex 29.0557 -0.891876 0.2
    endloop
  endfacet
  facet normal 0.989182 -0.146691 0
    outer loop
      vertex 29.0557 -0.891876 0
      vertex 28.9247 -1.77525 0.2
      vertex 28.9247 -1.77525 0
    endloop
  endfacet
  facet normal 0.998796 -0.0490509 0
    outer loop
      vertex 29.0557 -0.891876 0.2
      vertex 29.0995 0 0
      vertex 29.0995 0 0.2
    endloop
  endfacet
  facet normal 0.998796 -0.0490509 0
    outer loop
      vertex 29.0995 0 0
      vertex 29.0557 -0.891876 0.2
      vertex 29.0557 -0.891876 0
    endloop
  endfacet
  facet normal 0.998796 0.0490509 0
    outer loop
      vertex 29.0995 0 0.2
      vertex 29.0557 0.891876 0
      vertex 29.0557 0.891876 0.2
    endloop
  endfacet
  facet normal 0.998796 0.0490509 0
    outer loop
      vertex 29.0557 0.891876 0
      vertex 29.0995 0 0.2
      vertex 29.0995 0 0
    endloop
  endfacet
  facet normal 0.989182 0.146691 0
    outer loop
      vertex 29.0557 0.891876 0.2
      vertex 28.9247 1.77525 0
      vertex 28.9247 1.77525 0.2
    endloop
  endfacet
  facet normal 0.989182 0.146691 0
    outer loop
      vertex 28.9247 1.77525 0
      vertex 29.0557 0.891876 0.2
      vertex 29.0557 0.891876 0
    endloop
  endfacet
  facet normal 0.970024 0.243007 0
    outer loop
      vertex 28.9247 1.77525 0.2
      vertex 28.7077 2.64146 0
      vertex 28.7077 2.64146 0.2
    endloop
  endfacet
  facet normal 0.970024 0.243007 0
    outer loop
      vertex 28.7077 2.64146 0
      vertex 28.9247 1.77525 0.2
      vertex 28.9247 1.77525 0
    endloop
  endfacet
  facet normal 0.941542 0.336897 0
    outer loop
      vertex 28.7077 2.64146 0.2
      vertex 28.4069 3.48212 0
      vertex 28.4069 3.48212 0.2
    endloop
  endfacet
  facet normal 0.941542 0.336897 0
    outer loop
      vertex 28.4069 3.48212 0
      vertex 28.7077 2.64146 0.2
      vertex 28.7077 2.64146 0
    endloop
  endfacet
  facet normal 0.903977 0.427581 0
    outer loop
      vertex 28.4069 3.48212 0.2
      vertex 28.025 4.28952 0
      vertex 28.025 4.28952 0.2
    endloop
  endfacet
  facet normal 0.903977 0.427581 0
    outer loop
      vertex 28.025 4.28952 0
      vertex 28.4069 3.48212 0.2
      vertex 28.4069 3.48212 0
    endloop
  endfacet
  facet normal 0.857745 0.514076 0
    outer loop
      vertex 28.025 4.28952 0.2
      vertex 27.566 5.05537 0
      vertex 27.566 5.05537 0.2
    endloop
  endfacet
  facet normal 0.857745 0.514076 0
    outer loop
      vertex 27.566 5.05537 0
      vertex 28.025 4.28952 0.2
      vertex 28.025 4.28952 0
    endloop
  endfacet
  facet normal 0.803216 0.595688 0
    outer loop
      vertex 27.566 5.05537 0.2
      vertex 27.034 5.77271 0
      vertex 27.034 5.77271 0.2
    endloop
  endfacet
  facet normal 0.803216 0.595688 0
    outer loop
      vertex 27.034 5.77271 0
      vertex 27.566 5.05537 0.2
      vertex 27.566 5.05537 0
    endloop
  endfacet
  facet normal 0.740973 0.671535 0
    outer loop
      vertex 27.034 5.77271 0.2
      vertex 26.4344 6.43431 0
      vertex 26.4344 6.43431 0.2
    endloop
  endfacet
  facet normal 0.740973 0.671535 0
    outer loop
      vertex 26.4344 6.43431 0
      vertex 27.034 5.77271 0.2
      vertex 27.034 5.77271 0
    endloop
  endfacet
  facet normal 0.671534 0.740973 -0
    outer loop
      vertex 26.4344 6.43431 0
      vertex 25.7727 7.034 0.2
      vertex 26.4344 6.43431 0.2
    endloop
  endfacet
  facet normal 0.671534 0.740973 0
    outer loop
      vertex 25.7727 7.034 0.2
      vertex 26.4344 6.43431 0
      vertex 25.7727 7.034 0
    endloop
  endfacet
  facet normal 0.595702 0.803205 -0
    outer loop
      vertex 25.7727 7.034 0
      vertex 25.0554 7.56599 0.2
      vertex 25.7727 7.034 0.2
    endloop
  endfacet
  facet normal 0.595702 0.803205 0
    outer loop
      vertex 25.0554 7.56599 0.2
      vertex 25.7727 7.034 0
      vertex 25.0554 7.56599 0
    endloop
  endfacet
  facet normal 0.514076 0.857745 -0
    outer loop
      vertex 25.0554 7.56599 0
      vertex 24.2895 8.02502 0.2
      vertex 25.0554 7.56599 0.2
    endloop
  endfacet
  facet normal 0.514076 0.857745 0
    outer loop
      vertex 24.2895 8.02502 0.2
      vertex 25.0554 7.56599 0
      vertex 24.2895 8.02502 0
    endloop
  endfacet
  facet normal 0.427572 0.903981 -0
    outer loop
      vertex 24.2895 8.02502 0
      vertex 23.4821 8.40691 0.2
      vertex 24.2895 8.02502 0.2
    endloop
  endfacet
  facet normal 0.427572 0.903981 0
    outer loop
      vertex 23.4821 8.40691 0.2
      vertex 24.2895 8.02502 0
      vertex 23.4821 8.40691 0
    endloop
  endfacet
  facet normal 0.336878 0.941548 -0
    outer loop
      vertex 23.4821 8.40691 0
      vertex 22.6415 8.70767 0.2
      vertex 23.4821 8.40691 0.2
    endloop
  endfacet
  facet normal 0.336878 0.941548 0
    outer loop
      vertex 22.6415 8.70767 0.2
      vertex 23.4821 8.40691 0
      vertex 22.6415 8.70767 0
    endloop
  endfacet
  facet normal 0.242989 0.970029 -0
    outer loop
      vertex 22.6415 8.70767 0
      vertex 21.7753 8.92465 0.2
      vertex 22.6415 8.70767 0.2
    endloop
  endfacet
  facet normal 0.242989 0.970029 0
    outer loop
      vertex 21.7753 8.92465 0.2
      vertex 22.6415 8.70767 0
      vertex 21.7753 8.92465 0
    endloop
  endfacet
  facet normal 0.14673 0.989177 -0
    outer loop
      vertex 21.7753 8.92465 0
      vertex 20.8919 9.05569 0.2
      vertex 21.7753 8.92465 0.2
    endloop
  endfacet
  facet normal 0.14673 0.989177 0
    outer loop
      vertex 20.8919 9.05569 0.2
      vertex 21.7753 8.92465 0
      vertex 20.8919 9.05569 0
    endloop
  endfacet
  facet normal 0.0490607 0.998796 -0
    outer loop
      vertex 20.8919 9.05569 0
      vertex 20 9.0995 0.2
      vertex 20.8919 9.05569 0.2
    endloop
  endfacet
  facet normal 0.0490607 0.998796 0
    outer loop
      vertex 20 9.0995 0.2
      vertex 20.8919 9.05569 0
      vertex 20 9.0995 0
    endloop
  endfacet
  facet normal -0.0490607 0.998796 0
    outer loop
      vertex 20 9.0995 0
      vertex 19.1081 9.05569 0.2
      vertex 20 9.0995 0.2
    endloop
  endfacet
  facet normal -0.0490607 0.998796 0
    outer loop
      vertex 19.1081 9.05569 0.2
      vertex 20 9.0995 0
      vertex 19.1081 9.05569 0
    endloop
  endfacet
  facet normal -0.14673 0.989177 0
    outer loop
      vertex 19.1081 9.05569 0
      vertex 18.2247 8.92465 0.2
      vertex 19.1081 9.05569 0.2
    endloop
  endfacet
  facet normal -0.14673 0.989177 0
    outer loop
      vertex 18.2247 8.92465 0.2
      vertex 19.1081 9.05569 0
      vertex 18.2247 8.92465 0
    endloop
  endfacet
  facet normal -0.242989 0.970029 0
    outer loop
      vertex 18.2247 8.92465 0
      vertex 17.3585 8.70767 0.2
      vertex 18.2247 8.92465 0.2
    endloop
  endfacet
  facet normal -0.242989 0.970029 0
    outer loop
      vertex 17.3585 8.70767 0.2
      vertex 18.2247 8.92465 0
      vertex 17.3585 8.70767 0
    endloop
  endfacet
  facet normal -0.336878 0.941548 0
    outer loop
      vertex 17.3585 8.70767 0
      vertex 16.5179 8.40691 0.2
      vertex 17.3585 8.70767 0.2
    endloop
  endfacet
  facet normal -0.336878 0.941548 0
    outer loop
      vertex 16.5179 8.40691 0.2
      vertex 17.3585 8.70767 0
      vertex 16.5179 8.40691 0
    endloop
  endfacet
  facet normal -0.427572 0.903981 0
    outer loop
      vertex 16.5179 8.40691 0
      vertex 15.7105 8.02502 0.2
      vertex 16.5179 8.40691 0.2
    endloop
  endfacet
  facet normal -0.427572 0.903981 0
    outer loop
      vertex 15.7105 8.02502 0.2
      vertex 16.5179 8.40691 0
      vertex 15.7105 8.02502 0
    endloop
  endfacet
  facet normal -0.514076 0.857745 0
    outer loop
      vertex 15.7105 8.02502 0
      vertex 14.9446 7.56599 0.2
      vertex 15.7105 8.02502 0.2
    endloop
  endfacet
  facet normal -0.514076 0.857745 0
    outer loop
      vertex 14.9446 7.56599 0.2
      vertex 15.7105 8.02502 0
      vertex 14.9446 7.56599 0
    endloop
  endfacet
  facet normal -0.595702 0.803205 0
    outer loop
      vertex 14.9446 7.56599 0
      vertex 14.2273 7.034 0.2
      vertex 14.9446 7.56599 0.2
    endloop
  endfacet
  facet normal -0.595702 0.803205 0
    outer loop
      vertex 14.2273 7.034 0.2
      vertex 14.9446 7.56599 0
      vertex 14.2273 7.034 0
    endloop
  endfacet
  facet normal -0.671519 0.740987 0
    outer loop
      vertex 14.2273 7.034 0
      vertex 13.6096 6.47421 0.2
      vertex 14.2273 7.034 0.2
    endloop
  endfacet
  facet normal -0.671519 0.740987 0
    outer loop
      vertex 13.6096 6.47421 0.2
      vertex 14.2273 7.034 0
      vertex 13.6096 6.47421 0
    endloop
  endfacet
  facet normal -0.634489 0.772932 0
    outer loop
      vertex 13.6096 6.47421 0
      vertex 13.3592 6.26866 0.2
      vertex 13.6096 6.47421 0.2
    endloop
  endfacet
  facet normal -0.634489 0.772932 0
    outer loop
      vertex 13.3592 6.26866 0.2
      vertex 13.6096 6.47421 0
      vertex 13.3592 6.26866 0
    endloop
  endfacet
  facet normal -0.555447 0.831552 0
    outer loop
      vertex 13.3592 6.26866 0
      vertex 13.0817 6.0833 0.2
      vertex 13.3592 6.26866 0.2
    endloop
  endfacet
  facet normal -0.555447 0.831552 0
    outer loop
      vertex 13.0817 6.0833 0.2
      vertex 13.3592 6.26866 0
      vertex 13.0817 6.0833 0
    endloop
  endfacet
  facet normal -0.471475 0.88188 0
    outer loop
      vertex 13.0817 6.0833 0
      vertex 12.7874 5.92596 0.2
      vertex 13.0817 6.0833 0.2
    endloop
  endfacet
  facet normal -0.471475 0.88188 0
    outer loop
      vertex 12.7874 5.92596 0.2
      vertex 13.0817 6.0833 0
      vertex 12.7874 5.92596 0
    endloop
  endfacet
  facet normal -0.382733 0.923859 0
    outer loop
      vertex 12.7874 5.92596 0
      vertex 12.4792 5.79828 0.2
      vertex 12.7874 5.92596 0.2
    endloop
  endfacet
  facet normal -0.382733 0.923859 0
    outer loop
      vertex 12.4792 5.79828 0.2
      vertex 12.7874 5.92596 0
      vertex 12.4792 5.79828 0
    endloop
  endfacet
  facet normal -0.290179 0.956972 0
    outer loop
      vertex 12.4792 5.79828 0
      vertex 12.1599 5.70146 0.2
      vertex 12.4792 5.79828 0.2
    endloop
  endfacet
  facet normal -0.290179 0.956972 0
    outer loop
      vertex 12.1599 5.70146 0.2
      vertex 12.4792 5.79828 0
      vertex 12.1599 5.70146 0
    endloop
  endfacet
  facet normal -0.195151 0.980773 0
    outer loop
      vertex 12.1599 5.70146 0
      vertex 11.8277 5.63536 0.2
      vertex 12.1599 5.70146 0.2
    endloop
  endfacet
  facet normal -0.195151 0.980773 0
    outer loop
      vertex 11.8277 5.63536 0.2
      vertex 12.1599 5.70146 0
      vertex 11.8277 5.63536 0
    endloop
  endfacet
  facet normal -0.0735079 0.997295 0
    outer loop
      vertex 11.8277 5.63536 0
      vertex 11.3481 5.60001 0.2
      vertex 11.8277 5.63536 0.2
    endloop
  endfacet
  facet normal -0.0735079 0.997295 0
    outer loop
      vertex 11.3481 5.60001 0.2
      vertex 11.8277 5.63536 0
      vertex 11.3481 5.60001 0
    endloop
  endfacet
  facet normal 0 1 -0
    outer loop
      vertex 11.3481 5.60001 0
      vertex 8.65683 5.60001 0.2
      vertex 11.3481 5.60001 0.2
    endloop
  endfacet
  facet normal 0 1 0
    outer loop
      vertex 8.65683 5.60001 0.2
      vertex 11.3481 5.60001 0
      vertex 8.65683 5.60001 0
    endloop
  endfacet
  facet normal 0.0490392 0.998797 -0
    outer loop
      vertex 8.65683 5.60001 0
      vertex 8.33299 5.61591 0.2
      vertex 8.65683 5.60001 0.2
    endloop
  endfacet
  facet normal 0.0490392 0.998797 0
    outer loop
      vertex 8.33299 5.61591 0.2
      vertex 8.65683 5.60001 0
      vertex 8.33299 5.61591 0
    endloop
  endfacet
  facet normal 0.146717 0.989178 -0
    outer loop
      vertex 8.33299 5.61591 0
      vertex 8.0031 5.66484 0.2
      vertex 8.33299 5.61591 0.2
    endloop
  endfacet
  facet normal 0.146717 0.989178 0
    outer loop
      vertex 8.0031 5.66484 0.2
      vertex 8.33299 5.61591 0
      vertex 8.0031 5.66484 0
    endloop
  endfacet
  facet normal 0.243008 0.970024 -0
    outer loop
      vertex 8.0031 5.66484 0
      vertex 7.67929 5.74596 0.2
      vertex 8.0031 5.66484 0.2
    endloop
  endfacet
  facet normal 0.243008 0.970024 0
    outer loop
      vertex 7.67929 5.74596 0.2
      vertex 8.0031 5.66484 0
      vertex 7.67929 5.74596 0
    endloop
  endfacet
  facet normal 0.336889 0.941544 -0
    outer loop
      vertex 7.67929 5.74596 0
      vertex 7.36504 5.8584 0.2
      vertex 7.67929 5.74596 0.2
    endloop
  endfacet
  facet normal 0.336889 0.941544 0
    outer loop
      vertex 7.36504 5.8584 0.2
      vertex 7.67929 5.74596 0
      vertex 7.36504 5.8584 0
    endloop
  endfacet
  facet normal 0.427499 0.904016 -0
    outer loop
      vertex 7.36504 5.8584 0
      vertex 7.06351 6.00099 0.2
      vertex 7.36504 5.8584 0.2
    endloop
  endfacet
  facet normal 0.427499 0.904016 0
    outer loop
      vertex 7.06351 6.00099 0.2
      vertex 7.36504 5.8584 0
      vertex 7.06351 6.00099 0
    endloop
  endfacet
  facet normal 0.514105 0.857727 -0
    outer loop
      vertex 7.06351 6.00099 0
      vertex 6.77301 6.17511 0.2
      vertex 7.06351 6.00099 0.2
    endloop
  endfacet
  facet normal 0.514105 0.857727 0
    outer loop
      vertex 6.77301 6.17511 0.2
      vertex 7.06351 6.00099 0
      vertex 6.77301 6.17511 0
    endloop
  endfacet
  facet normal 0.615225 0.788352 -0
    outer loop
      vertex 6.77301 6.17511 0
      vertex 6.39406 6.47084 0.2
      vertex 6.77301 6.17511 0.2
    endloop
  endfacet
  facet normal 0.615225 0.788352 0
    outer loop
      vertex 6.39406 6.47084 0.2
      vertex 6.77301 6.17511 0
      vertex 6.39406 6.47084 0
    endloop
  endfacet
  facet normal 0.671564 0.740946 -0
    outer loop
      vertex 6.39406 6.47084 0
      vertex 5.77274 7.03398 0.2
      vertex 6.39406 6.47084 0.2
    endloop
  endfacet
  facet normal 0.671564 0.740946 0
    outer loop
      vertex 5.77274 7.03398 0.2
      vertex 6.39406 6.47084 0
      vertex 5.77274 7.03398 0
    endloop
  endfacet
  facet normal 0.595679 0.803222 -0
    outer loop
      vertex 5.77274 7.03398 0
      vertex 5.05537 7.56599 0.2
      vertex 5.77274 7.03398 0.2
    endloop
  endfacet
  facet normal 0.595679 0.803222 0
    outer loop
      vertex 5.05537 7.56599 0.2
      vertex 5.77274 7.03398 0
      vertex 5.05537 7.56599 0
    endloop
  endfacet
  facet normal 0.5141 0.85773 -0
    outer loop
      vertex 5.05537 7.56599 0
      vertex 4.28952 8.02502 0.2
      vertex 5.05537 7.56599 0.2
    endloop
  endfacet
  facet normal 0.5141 0.85773 0
    outer loop
      vertex 4.28952 8.02502 0.2
      vertex 5.05537 7.56599 0
      vertex 4.28952 8.02502 0
    endloop
  endfacet
  facet normal 0.427572 0.903981 -0
    outer loop
      vertex 4.28952 8.02502 0
      vertex 3.48212 8.40691 0.2
      vertex 4.28952 8.02502 0.2
    endloop
  endfacet
  facet normal 0.427572 0.903981 0
    outer loop
      vertex 3.48212 8.40691 0.2
      vertex 4.28952 8.02502 0
      vertex 3.48212 8.40691 0
    endloop
  endfacet
  facet normal 0.336857 0.941556 -0
    outer loop
      vertex 3.48212 8.40691 0
      vertex 2.64146 8.70767 0.2
      vertex 3.48212 8.40691 0.2
    endloop
  endfacet
  facet normal 0.336857 0.941556 0
    outer loop
      vertex 2.64146 8.70767 0.2
      vertex 3.48212 8.40691 0
      vertex 2.64146 8.70767 0
    endloop
  endfacet
  facet normal 0.242986 0.97003 -0
    outer loop
      vertex 2.64146 8.70767 0
      vertex 1.77525 8.92465 0.2
      vertex 2.64146 8.70767 0.2
    endloop
  endfacet
  facet normal 0.242986 0.97003 0
    outer loop
      vertex 1.77525 8.92465 0.2
      vertex 2.64146 8.70767 0
      vertex 1.77525 8.92465 0
    endloop
  endfacet
  facet normal 0.146735 0.989176 -0
    outer loop
      vertex 1.77525 8.92465 0
      vertex 0.891876 9.05569 0.2
      vertex 1.77525 8.92465 0.2
    endloop
  endfacet
  facet normal 0.146735 0.989176 0
    outer loop
      vertex 0.891876 9.05569 0.2
      vertex 1.77525 8.92465 0
      vertex 0.891876 9.05569 0
    endloop
  endfacet
  facet normal 0.049062 0.998796 -0
    outer loop
      vertex 0.891876 9.05569 0
      vertex 0 9.0995 0.2
      vertex 0.891876 9.05569 0.2
    endloop
  endfacet
  facet normal 0.049062 0.998796 0
    outer loop
      vertex 0 9.0995 0.2
      vertex 0.891876 9.05569 0
      vertex 0 9.0995 0
    endloop
  endfacet
  facet normal -0.049062 0.998796 0
    outer loop
      vertex 0 9.0995 0
      vertex -0.891876 9.05569 0.2
      vertex 0 9.0995 0.2
    endloop
  endfacet
  facet normal -0.049062 0.998796 0
    outer loop
      vertex -0.891876 9.05569 0.2
      vertex 0 9.0995 0
      vertex -0.891876 9.05569 0
    endloop
  endfacet
  facet normal -0.146735 0.989176 0
    outer loop
      vertex -0.891876 9.05569 0
      vertex -1.77525 8.92465 0.2
      vertex -0.891876 9.05569 0.2
    endloop
  endfacet
  facet normal -0.146735 0.989176 0
    outer loop
      vertex -1.77525 8.92465 0.2
      vertex -0.891876 9.05569 0
      vertex -1.77525 8.92465 0
    endloop
  endfacet
  facet normal -0.242986 0.97003 0
    outer loop
      vertex -1.77525 8.92465 0
      vertex -2.64146 8.70767 0.2
      vertex -1.77525 8.92465 0.2
    endloop
  endfacet
  facet normal -0.242986 0.97003 0
    outer loop
      vertex -2.64146 8.70767 0.2
      vertex -1.77525 8.92465 0
      vertex -2.64146 8.70767 0
    endloop
  endfacet
  facet normal -0.336857 0.941556 0
    outer loop
      vertex -2.64146 8.70767 0
      vertex -3.48212 8.40691 0.2
      vertex -2.64146 8.70767 0.2
    endloop
  endfacet
  facet normal -0.336857 0.941556 0
    outer loop
      vertex -3.48212 8.40691 0.2
      vertex -2.64146 8.70767 0
      vertex -3.48212 8.40691 0
    endloop
  endfacet
  facet normal -0.427572 0.903981 0
    outer loop
      vertex -3.48212 8.40691 0
      vertex -4.28952 8.02502 0.2
      vertex -3.48212 8.40691 0.2
    endloop
  endfacet
  facet normal -0.427572 0.903981 0
    outer loop
      vertex -4.28952 8.02502 0.2
      vertex -3.48212 8.40691 0
      vertex -4.28952 8.02502 0
    endloop
  endfacet
  facet normal -0.5141 0.85773 0
    outer loop
      vertex -4.28952 8.02502 0
      vertex -5.05537 7.56599 0.2
      vertex -4.28952 8.02502 0.2
    endloop
  endfacet
  facet normal -0.5141 0.85773 0
    outer loop
      vertex -5.05537 7.56599 0.2
      vertex -4.28952 8.02502 0
      vertex -5.05537 7.56599 0
    endloop
  endfacet
  facet normal -0.595681 0.803221 0
    outer loop
      vertex -5.05537 7.56599 0
      vertex -5.77271 7.034 0.2
      vertex -5.05537 7.56599 0.2
    endloop
  endfacet
  facet normal -0.595681 0.803221 0
    outer loop
      vertex -5.77271 7.034 0.2
      vertex -5.05537 7.56599 0
      vertex -5.77271 7.034 0
    endloop
  endfacet
  facet normal -0.671562 0.740948 0
    outer loop
      vertex -5.77271 7.034 0
      vertex -6.43436 6.43431 0.2
      vertex -5.77271 7.034 0.2
    endloop
  endfacet
  facet normal -0.671562 0.740948 0
    outer loop
      vertex -6.43436 6.43431 0.2
      vertex -5.77271 7.034 0
      vertex -6.43436 6.43431 0
    endloop
  endfacet
  facet normal -0.740951 0.671559 0
    outer loop
      vertex -7.034 5.77271 0
      vertex -6.43436 6.43431 0.2
      vertex -6.43436 6.43431 0
    endloop
  endfacet
  facet normal -0.740951 0.671559 0
    outer loop
      vertex -6.43436 6.43431 0.2
      vertex -7.034 5.77271 0
      vertex -7.034 5.77271 0.2
    endloop
  endfacet
  facet normal -0.803221 0.595681 0
    outer loop
      vertex -7.56599 5.05537 0
      vertex -7.034 5.77271 0.2
      vertex -7.034 5.77271 0
    endloop
  endfacet
  facet normal -0.803221 0.595681 0
    outer loop
      vertex -7.034 5.77271 0.2
      vertex -7.56599 5.05537 0
      vertex -7.56599 5.05537 0.2
    endloop
  endfacet
  facet normal -0.85773 0.5141 0
    outer loop
      vertex -8.02502 4.28952 0
      vertex -7.56599 5.05537 0.2
      vertex -7.56599 5.05537 0
    endloop
  endfacet
  facet normal -0.85773 0.5141 0
    outer loop
      vertex -7.56599 5.05537 0.2
      vertex -8.02502 4.28952 0
      vertex -8.02502 4.28952 0.2
    endloop
  endfacet
  facet normal -0.903981 0.427572 0
    outer loop
      vertex -8.40691 3.48212 0
      vertex -8.02502 4.28952 0.2
      vertex -8.02502 4.28952 0
    endloop
  endfacet
  facet normal -0.903981 0.427572 0
    outer loop
      vertex -8.02502 4.28952 0.2
      vertex -8.40691 3.48212 0
      vertex -8.40691 3.48212 0.2
    endloop
  endfacet
  facet normal -0.941556 0.336857 0
    outer loop
      vertex -8.70767 2.64146 0
      vertex -8.40691 3.48212 0.2
      vertex -8.40691 3.48212 0
    endloop
  endfacet
  facet normal -0.941556 0.336857 0
    outer loop
      vertex -8.40691 3.48212 0.2
      vertex -8.70767 2.64146 0
      vertex -8.70767 2.64146 0.2
    endloop
  endfacet
  facet normal -0.97003 0.242986 0
    outer loop
      vertex -8.92465 1.77525 0
      vertex -8.70767 2.64146 0.2
      vertex -8.70767 2.64146 0
    endloop
  endfacet
  facet normal -0.97003 0.242986 0
    outer loop
      vertex -8.70767 2.64146 0.2
      vertex -8.92465 1.77525 0
      vertex -8.92465 1.77525 0.2
    endloop
  endfacet
  facet normal -0.989176 0.146735 0
    outer loop
      vertex -9.05569 0.891876 0
      vertex -8.92465 1.77525 0.2
      vertex -8.92465 1.77525 0
    endloop
  endfacet
  facet normal -0.989176 0.146735 0
    outer loop
      vertex -8.92465 1.77525 0.2
      vertex -9.05569 0.891876 0
      vertex -9.05569 0.891876 0.2
    endloop
  endfacet
  facet normal -0.998796 0.049062 0
    outer loop
      vertex -9.0995 0 0
      vertex -9.05569 0.891876 0.2
      vertex -9.05569 0.891876 0
    endloop
  endfacet
  facet normal -0.998796 0.049062 0
    outer loop
      vertex -9.05569 0.891876 0.2
      vertex -9.0995 0 0
      vertex -9.0995 0 0.2
    endloop
  endfacet
  facet normal -0.998796 -0.049062 0
    outer loop
      vertex -9.05569 -0.891876 0
      vertex -9.0995 0 0.2
      vertex -9.0995 0 0
    endloop
  endfacet
  facet normal -0.998796 -0.049062 0
    outer loop
      vertex -9.0995 0 0.2
      vertex -9.05569 -0.891876 0
      vertex -9.05569 -0.891876 0.2
    endloop
  endfacet
  facet normal -0.989176 -0.146735 0
    outer loop
      vertex -8.92465 -1.77525 0
      vertex -9.05569 -0.891876 0.2
      vertex -9.05569 -0.891876 0
    endloop
  endfacet
  facet normal -0.989176 -0.146735 0
    outer loop
      vertex -9.05569 -0.891876 0.2
      vertex -8.92465 -1.77525 0
      vertex -8.92465 -1.77525 0.2
    endloop
  endfacet
  facet normal -0.97003 -0.242986 0
    outer loop
      vertex -8.70767 -2.64146 0
      vertex -8.92465 -1.77525 0.2
      vertex -8.92465 -1.77525 0
    endloop
  endfacet
  facet normal -0.97003 -0.242986 0
    outer loop
      vertex -8.92465 -1.77525 0.2
      vertex -8.70767 -2.64146 0
      vertex -8.70767 -2.64146 0.2
    endloop
  endfacet
  facet normal -0.941556 -0.336857 0
    outer loop
      vertex -8.40691 -3.48212 0
      vertex -8.70767 -2.64146 0.2
      vertex -8.70767 -2.64146 0
    endloop
  endfacet
  facet normal -0.941556 -0.336857 0
    outer loop
      vertex -8.70767 -2.64146 0.2
      vertex -8.40691 -3.48212 0
      vertex -8.40691 -3.48212 0.2
    endloop
  endfacet
  facet normal -0.903981 -0.427572 0
    outer loop
      vertex -8.02502 -4.28952 0
      vertex -8.40691 -3.48212 0.2
      vertex -8.40691 -3.48212 0
    endloop
  endfacet
  facet normal -0.903981 -0.427572 0
    outer loop
      vertex -8.40691 -3.48212 0.2
      vertex -8.02502 -4.28952 0
      vertex -8.02502 -4.28952 0.2
    endloop
  endfacet
  facet normal -0.85773 -0.5141 0
    outer loop
      vertex -7.56599 -5.05537 0
      vertex -8.02502 -4.28952 0.2
      vertex -8.02502 -4.28952 0
    endloop
  endfacet
  facet normal -0.85773 -0.5141 0
    outer loop
      vertex -8.02502 -4.28952 0.2
      vertex -7.56599 -5.05537 0
      vertex -7.56599 -5.05537 0.2
    endloop
  endfacet
  facet normal -0.803221 -0.595681 0
    outer loop
      vertex -7.034 -5.77271 0
      vertex -7.56599 -5.05537 0.2
      vertex -7.56599 -5.05537 0
    endloop
  endfacet
  facet normal -0.803221 -0.595681 0
    outer loop
      vertex -7.56599 -5.05537 0.2
      vertex -7.034 -5.77271 0
      vertex -7.034 -5.77271 0.2
    endloop
  endfacet
  facet normal -0.740944 -0.671567 0
    outer loop
      vertex -6.43433 -6.43433 0
      vertex -7.034 -5.77271 0.2
      vertex -7.034 -5.77271 0
    endloop
  endfacet
  facet normal -0.740944 -0.671567 0
    outer loop
      vertex -7.034 -5.77271 0.2
      vertex -6.43433 -6.43433 0
      vertex -6.43433 -6.43433 0.2
    endloop
  endfacet
  facet normal -0.671567 -0.740944 0
    outer loop
      vertex -6.43433 -6.43433 0
      vertex -5.77271 -7.034 0.2
      vertex -6.43433 -6.43433 0.2
    endloop
  endfacet
  facet normal -0.671567 -0.740944 -0
    outer loop
      vertex -5.77271 -7.034 0.2
      vertex -6.43433 -6.43433 0
      vertex -5.77271 -7.034 0
    endloop
  endfacet
  facet normal -0.595681 -0.803221 0
    outer loop
      vertex -5.77271 -7.034 0
      vertex -5.05537 -7.56599 0.2
      vertex -5.77271 -7.034 0.2
    endloop
  endfacet
  facet normal -0.595681 -0.803221 -0
    outer loop
      vertex -5.05537 -7.56599 0.2
      vertex -5.77271 -7.034 0
      vertex -5.05537 -7.56599 0
    endloop
  endfacet
  facet normal -0.5141 -0.85773 0
    outer loop
      vertex -5.05537 -7.56599 0
      vertex -4.28952 -8.02502 0.2
      vertex -5.05537 -7.56599 0.2
    endloop
  endfacet
  facet normal -0.5141 -0.85773 -0
    outer loop
      vertex -4.28952 -8.02502 0.2
      vertex -5.05537 -7.56599 0
      vertex -4.28952 -8.02502 0
    endloop
  endfacet
  facet normal -0.427572 -0.903981 0
    outer loop
      vertex -4.28952 -8.02502 0
      vertex -3.48212 -8.40691 0.2
      vertex -4.28952 -8.02502 0.2
    endloop
  endfacet
  facet normal -0.427572 -0.903981 -0
    outer loop
      vertex -3.48212 -8.40691 0.2
      vertex -4.28952 -8.02502 0
      vertex -3.48212 -8.40691 0
    endloop
  endfacet
  facet normal -0.336857 -0.941556 0
    outer loop
      vertex -3.48212 -8.40691 0
      vertex -2.64146 -8.70767 0.2
      vertex -3.48212 -8.40691 0.2
    endloop
  endfacet
  facet normal -0.336857 -0.941556 -0
    outer loop
      vertex -2.64146 -8.70767 0.2
      vertex -3.48212 -8.40691 0
      vertex -2.64146 -8.70767 0
    endloop
  endfacet
  facet normal -0.242986 -0.97003 0
    outer loop
      vertex -2.64146 -8.70767 0
      vertex -1.77525 -8.92465 0.2
      vertex -2.64146 -8.70767 0.2
    endloop
  endfacet
  facet normal -0.242986 -0.97003 -0
    outer loop
      vertex -1.77525 -8.92465 0.2
      vertex -2.64146 -8.70767 0
      vertex -1.77525 -8.92465 0
    endloop
  endfacet
  facet normal -0.146735 -0.989176 0
    outer loop
      vertex -1.77525 -8.92465 0
      vertex -0.891876 -9.05569 0.2
      vertex -1.77525 -8.92465 0.2
    endloop
  endfacet
  facet normal -0.146735 -0.989176 -0
    outer loop
      vertex -0.891876 -9.05569 0.2
      vertex -1.77525 -8.92465 0
      vertex -0.891876 -9.05569 0
    endloop
  endfacet
  facet normal -0.049062 -0.998796 0
    outer loop
      vertex -0.891876 -9.05569 0
      vertex 0 -9.0995 0.2
      vertex -0.891876 -9.05569 0.2
    endloop
  endfacet
  facet normal -0.049062 -0.998796 -0
    outer loop
      vertex 0 -9.0995 0.2
      vertex -0.891876 -9.05569 0
      vertex 0 -9.0995 0
    endloop
  endfacet
  facet normal 0.049062 -0.998796 0
    outer loop
      vertex 0 -9.0995 0
      vertex 0.891876 -9.05569 0.2
      vertex 0 -9.0995 0.2
    endloop
  endfacet
  facet normal 0.049062 -0.998796 0
    outer loop
      vertex 0.891876 -9.05569 0.2
      vertex 0 -9.0995 0
      vertex 0.891876 -9.05569 0
    endloop
  endfacet
  facet normal 0.146735 -0.989176 0
    outer loop
      vertex 0.891876 -9.05569 0
      vertex 1.77525 -8.92465 0.2
      vertex 0.891876 -9.05569 0.2
    endloop
  endfacet
  facet normal 0.146735 -0.989176 0
    outer loop
      vertex 1.77525 -8.92465 0.2
      vertex 0.891876 -9.05569 0
      vertex 1.77525 -8.92465 0
    endloop
  endfacet
  facet normal 0.242986 -0.97003 0
    outer loop
      vertex 1.77525 -8.92465 0
      vertex 2.64146 -8.70767 0.2
      vertex 1.77525 -8.92465 0.2
    endloop
  endfacet
  facet normal 0.242986 -0.97003 0
    outer loop
      vertex 2.64146 -8.70767 0.2
      vertex 1.77525 -8.92465 0
      vertex 2.64146 -8.70767 0
    endloop
  endfacet
  facet normal 0.336857 -0.941556 0
    outer loop
      vertex 2.64146 -8.70767 0
      vertex 3.48212 -8.40691 0.2
      vertex 2.64146 -8.70767 0.2
    endloop
  endfacet
  facet normal 0.336857 -0.941556 0
    outer loop
      vertex 3.48212 -8.40691 0.2
      vertex 2.64146 -8.70767 0
      vertex 3.48212 -8.40691 0
    endloop
  endfacet
  facet normal 0.427572 -0.903981 0
    outer loop
      vertex 3.48212 -8.40691 0
      vertex 4.28952 -8.02502 0.2
      vertex 3.48212 -8.40691 0.2
    endloop
  endfacet
  facet normal 0.427572 -0.903981 0
    outer loop
      vertex 4.28952 -8.02502 0.2
      vertex 3.48212 -8.40691 0
      vertex 4.28952 -8.02502 0
    endloop
  endfacet
  facet normal 0.5141 -0.85773 0
    outer loop
      vertex 4.28952 -8.02502 0
      vertex 5.05537 -7.56599 0.2
      vertex 4.28952 -8.02502 0.2
    endloop
  endfacet
  facet normal 0.5141 -0.85773 0
    outer loop
      vertex 5.05537 -7.56599 0.2
      vertex 4.28952 -8.02502 0
      vertex 5.05537 -7.56599 0
    endloop
  endfacet
  facet normal 0.595675 -0.803225 0
    outer loop
      vertex 5.05537 -7.56599 0
      vertex 5.77272 -7.034 0.2
      vertex 5.05537 -7.56599 0.2
    endloop
  endfacet
  facet normal 0.595675 -0.803225 0
    outer loop
      vertex 5.77272 -7.034 0.2
      vertex 5.05537 -7.56599 0
      vertex 5.77272 -7.034 0
    endloop
  endfacet
  facet normal 0.671561 -0.740949 0
    outer loop
      vertex 5.77272 -7.034 0
      vertex 6.39035 -6.47421 0.2
      vertex 5.77272 -7.034 0.2
    endloop
  endfacet
  facet normal 0.671561 -0.740949 0
    outer loop
      vertex 6.39035 -6.47421 0.2
      vertex 5.77272 -7.034 0
      vertex 6.39035 -6.47421 0
    endloop
  endfacet
  facet normal 0.634383 -0.773019 0
    outer loop
      vertex 6.39035 -6.47421 0
      vertex 6.64082 -6.26866 0.2
      vertex 6.39035 -6.47421 0.2
    endloop
  endfacet
  facet normal 0.634383 -0.773019 0
    outer loop
      vertex 6.64082 -6.26866 0.2
      vertex 6.39035 -6.47421 0
      vertex 6.64082 -6.26866 0
    endloop
  endfacet
  facet normal 0.555558 -0.831478 0
    outer loop
      vertex 6.64082 -6.26866 0
      vertex 6.91824 -6.0833 0.2
      vertex 6.64082 -6.26866 0.2
    endloop
  endfacet
  facet normal 0.555558 -0.831478 0
    outer loop
      vertex 6.91824 -6.0833 0.2
      vertex 6.64082 -6.26866 0
      vertex 6.91824 -6.0833 0
    endloop
  endfacet
  facet normal 0.471412 -0.881913 0
    outer loop
      vertex 6.91824 -6.0833 0
      vertex 7.21259 -5.92596 0.2
      vertex 6.91824 -6.0833 0.2
    endloop
  endfacet
  facet normal 0.471412 -0.881913 0
    outer loop
      vertex 7.21259 -5.92596 0.2
      vertex 6.91824 -6.0833 0
      vertex 7.21259 -5.92596 0
    endloop
  endfacet
  facet normal 0.382691 -0.923877 0
    outer loop
      vertex 7.21259 -5.92596 0
      vertex 7.52083 -5.79828 0.2
      vertex 7.21259 -5.92596 0.2
    endloop
  endfacet
  facet normal 0.382691 -0.923877 0
    outer loop
      vertex 7.52083 -5.79828 0.2
      vertex 7.21259 -5.92596 0
      vertex 7.52083 -5.79828 0
    endloop
  endfacet
  facet normal 0.290179 -0.956972 0
    outer loop
      vertex 7.52083 -5.79828 0
      vertex 7.84013 -5.70146 0.2
      vertex 7.52083 -5.79828 0.2
    endloop
  endfacet
  facet normal 0.290179 -0.956972 0
    outer loop
      vertex 7.84013 -5.70146 0.2
      vertex 7.52083 -5.79828 0
      vertex 7.84013 -5.70146 0
    endloop
  endfacet
  facet normal 0.195173 -0.980769 0
    outer loop
      vertex 7.84013 -5.70146 0
      vertex 8.17229 -5.63536 0.2
      vertex 7.84013 -5.70146 0.2
    endloop
  endfacet
  facet normal 0.195173 -0.980769 0
    outer loop
      vertex 8.17229 -5.63536 0.2
      vertex 7.84013 -5.70146 0
      vertex 8.17229 -5.63536 0
    endloop
  endfacet
  facet normal 0.0735155 -0.997294 0
    outer loop
      vertex 8.17229 -5.63536 0
      vertex 8.65184 -5.60001 0.2
      vertex 8.17229 -5.63536 0.2
    endloop
  endfacet
  facet normal 0.0735155 -0.997294 0
    outer loop
      vertex 8.65184 -5.60001 0.2
      vertex 8.17229 -5.63536 0
      vertex 8.65184 -5.60001 0
    endloop
  endfacet
  facet normal 0 -1 0
    outer loop
      vertex 8.65184 -5.60001 0
      vertex 11.3432 -5.60001 0.2
      vertex 8.65184 -5.60001 0.2
    endloop
  endfacet
  facet normal 0 -1 -0
    outer loop
      vertex 11.3432 -5.60001 0.2
      vertex 8.65184 -5.60001 0
      vertex 11.3432 -5.60001 0
    endloop
  endfacet
  facet normal -0.0490453 -0.998797 0
    outer loop
      vertex 11.3432 -5.60001 0
      vertex 11.667 -5.61591 0.2
      vertex 11.3432 -5.60001 0.2
    endloop
  endfacet
  facet normal -0.0490453 -0.998797 -0
    outer loop
      vertex 11.667 -5.61591 0.2
      vertex 11.3432 -5.60001 0
      vertex 11.667 -5.61591 0
    endloop
  endfacet
  facet normal -0.146713 -0.989179 0
    outer loop
      vertex 11.667 -5.61591 0
      vertex 11.9969 -5.66484 0.2
      vertex 11.667 -5.61591 0.2
    endloop
  endfacet
  facet normal -0.146713 -0.989179 -0
    outer loop
      vertex 11.9969 -5.66484 0.2
      vertex 11.667 -5.61591 0
      vertex 11.9969 -5.66484 0
    endloop
  endfacet
  facet normal -0.243015 -0.970023 0
    outer loop
      vertex 11.9969 -5.66484 0
      vertex 12.3207 -5.74596 0.2
      vertex 11.9969 -5.66484 0.2
    endloop
  endfacet
  facet normal -0.243015 -0.970023 -0
    outer loop
      vertex 12.3207 -5.74596 0.2
      vertex 11.9969 -5.66484 0
      vertex 12.3207 -5.74596 0
    endloop
  endfacet
  facet normal -0.336936 -0.941527 0
    outer loop
      vertex 12.3207 -5.74596 0
      vertex 12.6349 -5.8584 0.2
      vertex 12.3207 -5.74596 0.2
    endloop
  endfacet
  facet normal -0.336936 -0.941527 -0
    outer loop
      vertex 12.6349 -5.8584 0.2
      vertex 12.3207 -5.74596 0
      vertex 12.6349 -5.8584 0
    endloop
  endfacet
  facet normal -0.427417 -0.904054 0
    outer loop
      vertex 12.6349 -5.8584 0
      vertex 12.9365 -6.00099 0.2
      vertex 12.6349 -5.8584 0.2
    endloop
  endfacet
  facet normal -0.427417 -0.904054 -0
    outer loop
      vertex 12.9365 -6.00099 0.2
      vertex 12.6349 -5.8584 0
      vertex 12.9365 -6.00099 0
    endloop
  endfacet
  facet normal -0.514105 -0.857727 0
    outer loop
      vertex 12.9365 -6.00099 0
      vertex 13.227 -6.17511 0.2
      vertex 12.9365 -6.00099 0.2
    endloop
  endfacet
  facet normal -0.514105 -0.857727 -0
    outer loop
      vertex 13.227 -6.17511 0.2
      vertex 12.9365 -6.00099 0
      vertex 13.227 -6.17511 0
    endloop
  endfacet
  facet normal -0.615275 -0.788313 0
    outer loop
      vertex 13.227 -6.17511 0
      vertex 13.6059 -6.47084 0.2
      vertex 13.227 -6.17511 0.2
    endloop
  endfacet
  facet normal -0.615275 -0.788313 -0
    outer loop
      vertex 13.6059 -6.47084 0.2
      vertex 13.227 -6.17511 0
      vertex 13.6059 -6.47084 0
    endloop
  endfacet
  facet normal -0.671576 -0.740935 0
    outer loop
      vertex 13.6059 -6.47084 0
      vertex 14.2272 -7.03398 0.2
      vertex 13.6059 -6.47084 0.2
    endloop
  endfacet
  facet normal -0.671576 -0.740935 -0
    outer loop
      vertex 14.2272 -7.03398 0.2
      vertex 13.6059 -6.47084 0
      vertex 14.2272 -7.03398 0
    endloop
  endfacet
  facet normal -0.595663 -0.803234 0
    outer loop
      vertex 14.2272 -7.03398 0
      vertex 14.9446 -7.56599 0.2
      vertex 14.2272 -7.03398 0.2
    endloop
  endfacet
  facet normal -0.595663 -0.803234 -0
    outer loop
      vertex 14.9446 -7.56599 0.2
      vertex 14.2272 -7.03398 0
      vertex 14.9446 -7.56599 0
    endloop
  endfacet
  facet normal -0.514076 -0.857745 0
    outer loop
      vertex 14.9446 -7.56599 0
      vertex 15.7105 -8.02502 0.2
      vertex 14.9446 -7.56599 0.2
    endloop
  endfacet
  facet normal -0.514076 -0.857745 -0
    outer loop
      vertex 15.7105 -8.02502 0.2
      vertex 14.9446 -7.56599 0
      vertex 15.7105 -8.02502 0
    endloop
  endfacet
  facet normal -0.427572 -0.903981 0
    outer loop
      vertex 15.7105 -8.02502 0
      vertex 16.5179 -8.40691 0.2
      vertex 15.7105 -8.02502 0.2
    endloop
  endfacet
  facet normal -0.427572 -0.903981 -0
    outer loop
      vertex 16.5179 -8.40691 0.2
      vertex 15.7105 -8.02502 0
      vertex 16.5179 -8.40691 0
    endloop
  endfacet
  facet normal -0.336878 -0.941548 0
    outer loop
      vertex 16.5179 -8.40691 0
      vertex 17.3585 -8.70767 0.2
      vertex 16.5179 -8.40691 0.2
    endloop
  endfacet
  facet normal -0.336878 -0.941548 -0
    outer loop
      vertex 17.3585 -8.70767 0.2
      vertex 16.5179 -8.40691 0
      vertex 17.3585 -8.70767 0
    endloop
  endfacet
  facet normal -0.242989 -0.970029 0
    outer loop
      vertex 17.3585 -8.70767 0
      vertex 18.2247 -8.92465 0.2
      vertex 17.3585 -8.70767 0.2
    endloop
  endfacet
  facet normal -0.242989 -0.970029 -0
    outer loop
      vertex 18.2247 -8.92465 0.2
      vertex 17.3585 -8.70767 0
      vertex 18.2247 -8.92465 0
    endloop
  endfacet
  facet normal -0.14673 -0.989177 0
    outer loop
      vertex 18.2247 -8.92465 0
      vertex 19.1081 -9.05569 0.2
      vertex 18.2247 -8.92465 0.2
    endloop
  endfacet
  facet normal -0.14673 -0.989177 -0
    outer loop
      vertex 19.1081 -9.05569 0.2
      vertex 18.2247 -8.92465 0
      vertex 19.1081 -9.05569 0
    endloop
  endfacet
  facet normal -0.0490607 -0.998796 0
    outer loop
      vertex 19.1081 -9.05569 0
      vertex 20 -9.0995 0.2
      vertex 19.1081 -9.05569 0.2
    endloop
  endfacet
  facet normal -0.0490607 -0.998796 -0
    outer loop
      vertex 20 -9.0995 0.2
      vertex 19.1081 -9.05569 0
      vertex 20 -9.0995 0
    endloop
  endfacet
  facet normal 0.0490607 -0.998796 0
    outer loop
      vertex 20 -9.0995 0
      vertex 20.8919 -9.05569 0.2
      vertex 20 -9.0995 0.2
    endloop
  endfacet
  facet normal 0.0490607 -0.998796 0
    outer loop
      vertex 20.8919 -9.05569 0.2
      vertex 20 -9.0995 0
      vertex 20.8919 -9.05569 0
    endloop
  endfacet
  facet normal 0 0 -1
    outer loop
      vertex 29.0995 0 0.2
      vertex 29.2998 0 0.2
      vertex 29.255 -0.91153 0.2
    endloop
  endfacet
  facet normal 0 0 -1
    outer loop
      vertex 29.0557 -0.891876 0.2
      vertex 29.255 -0.91153 0.2
      vertex 29.1211 -1.81432 0.2
    endloop
  endfacet
  facet normal 0 0 -1
    outer loop
      vertex 29.2998 0 0.2
      vertex 29.0995 0 0.2
      vertex 29.255 0.91153 0.2
    endloop
  endfacet
  facet normal 0 0 -1
    outer loop
      vertex 29.0557 0.891876 0.2
      vertex 29.255 0.91153 0.2
      vertex 29.0995 0 0.2
    endloop
  endfacet
  facet normal 0 0 -1
    outer loop
      vertex 29.255 -0.91153 0.2
      vertex 29.0557 -0.891876 0.2
      vertex 29.0995 0 0.2
    endloop
  endfacet
  facet normal 0 0 -1
    outer loop
      vertex 29.1211 -1.81432 0.2
      vertex 28.9247 -1.77525 0.2
      vertex 29.0557 -0.891876 0.2
    endloop
  endfacet
  facet normal 0 0 -1
    outer loop
      vertex 28.8993 -2.69946 0.2
      vertex 28.9247 -1.77525 0.2
      vertex 29.1211 -1.81432 0.2
    endloop
  endfacet
  facet normal 0 0 -1
    outer loop
      vertex 28.8993 -2.69946 0.2
      vertex 28.7077 -2.64146 0.2
      vertex 28.9247 -1.77525 0.2
    endloop
  endfacet
  facet normal 0 0 -1
    outer loop
      vertex 28.5919 -3.55879 0.2
      vertex 28.7077 -2.64146 0.2
      vertex 28.8993 -2.69946 0.2
    endloop
  endfacet
  facet normal 0 0 -1
    outer loop
      vertex 28.5919 -3.55879 0.2
      vertex 28.4069 -3.48212 0.2
      vertex 28.7077 -2.64146 0.2
    endloop
  endfacet
  facet normal 0 0 -1
    outer loop
      vertex 28.2016 -4.384 0.2
      vertex 28.4069 -3.48212 0.2
      vertex 28.5919 -3.55879 0.2
    endloop
  endfacet
  facet normal 0 0 -1
    outer loop
      vertex 28.2016 -4.384 0.2
      vertex 28.025 -4.28952 0.2
      vertex 28.4069 -3.48212 0.2
    endloop
  endfacet
  facet normal 0 0 -1
    outer loop
      vertex 27.7325 -5.16655 0.2
      vertex 28.025 -4.28952 0.2
      vertex 28.2016 -4.384 0.2
    endloop
  endfacet
  facet normal 0 0 -1
    outer loop
      vertex 27.7325 -5.16655 0.2
      vertex 27.566 -5.05537 0.2
      vertex 28.025 -4.28952 0.2
    endloop
  endfacet
  facet normal 0 0 -1
    outer loop
      vertex 27.1888 -5.89972 0.2
      vertex 27.566 -5.05537 0.2
      vertex 27.7325 -5.16655 0.2
    endloop
  endfacet
  facet normal 0 0 -1
    outer loop
      vertex 27.1888 -5.89972 0.2
      vertex 27.034 -5.77271 0.2
      vertex 27.566 -5.05537 0.2
    endloop
  endfacet
  facet normal 0 0 -1
    outer loop
      vertex 26.5759 -6.57593 0.2
      vertex 27.034 -5.77271 0.2
      vertex 27.1888 -5.89972 0.2
    endloop
  endfacet
  facet normal 0 0 -1
    outer loop
      vertex 26.5759 -6.57593 0.2
      vertex 26.4343 -6.43433 0.2
      vertex 27.034 -5.77271 0.2
    endloop
  endfacet
  facet normal 0 0 -1
    outer loop
      vertex 25.8997 -7.1888 0.2
      vertex 26.4343 -6.43433 0.2
      vertex 26.5759 -6.57593 0.2
    endloop
  endfacet
  facet normal 0 0 -1
    outer loop
      vertex 25.8997 -7.1888 0.2
      vertex 25.7727 -7.034 0.2
      vertex 26.4343 -6.43433 0.2
    endloop
  endfacet
  facet normal 0 0 -1
    outer loop
      vertex 25.1665 -7.73254 0.2
      vertex 25.7727 -7.034 0.2
      vertex 25.8997 -7.1888 0.2
    endloop
  endfacet
  facet normal 0 0 -1
    outer loop
      vertex 25.1665 -7.73254 0.2
      vertex 25.0554 -7.56599 0.2
      vertex 25.7727 -7.034 0.2
    endloop
  endfacet
  facet normal 0 0 -1
    outer loop
      vertex 24.384 -8.20158 0.2
      vertex 25.0554 -7.56599 0.2
      vertex 25.1665 -7.73254 0.2
    endloop
  endfacet
  facet normal 0 0 -1
    outer loop
      vertex 24.384 -8.20158 0.2
      vertex 24.2895 -8.02502 0.2
      vertex 25.0554 -7.56599 0.2
    endloop
  endfacet
  facet normal 0 0 -1
    outer loop
      vertex 23.5588 -8.59187 0.2
      vertex 24.2895 -8.02502 0.2
      vertex 24.384 -8.20158 0.2
    endloop
  endfacet
  facet normal 0 0 -1
    outer loop
      vertex 23.5588 -8.59187 0.2
      vertex 23.4821 -8.40691 0.2
      vertex 24.2895 -8.02502 0.2
    endloop
  endfacet
  facet normal 0 0 -1
    outer loop
      vertex 22.6995 -8.89934 0.2
      vertex 23.4821 -8.40691 0.2
      vertex 23.5588 -8.59187 0.2
    endloop
  endfacet
  facet normal 0 0 -1
    outer loop
      vertex 22.6995 -8.89934 0.2
      vertex 22.6415 -8.70767 0.2
      vertex 23.4821 -8.40691 0.2
    endloop
  endfacet
  facet normal 0 0 -1
    outer loop
      vertex 21.8143 -9.12106 0.2
      vertex 22.6415 -8.70767 0.2
      vertex 22.6995 -8.89934 0.2
    endloop
  endfacet
  facet normal 0 0 -1
    outer loop
      vertex 21.8143 -9.12106 0.2
      vertex 21.7753 -8.92465 0.2
      vertex 22.6415 -8.70767 0.2
    endloop
  endfacet
  facet normal 0 0 -1
    outer loop
      vertex 20.9115 -9.25497 0.2
      vertex 21.7753 -8.92465 0.2
      vertex 21.8143 -9.12106 0.2
    endloop
  endfacet
  facet normal 0 0 -1
    outer loop
      vertex 20.9115 -9.25497 0.2
      vertex 20.8919 -9.05569 0.2
      vertex 21.7753 -8.92465 0.2
    endloop
  endfacet
  facet normal 0 0 -1
    outer loop
      vertex 20 -9.29976 0.2
      vertex 20.8919 -9.05569 0.2
      vertex 20.9115 -9.25497 0.2
    endloop
  endfacet
  facet normal 0 0 -1
    outer loop
      vertex 20 -9.29976 0.2
      vertex 20 -9.0995 0.2
      vertex 20.8919 -9.05569 0.2
    endloop
  endfacet
  facet normal 0 0 -1
    outer loop
      vertex 20 -9.29976 0.2
      vertex 19.1081 -9.05569 0.2
      vertex 20 -9.0995 0.2
    endloop
  endfacet
  facet normal 0 0 -1
    outer loop
      vertex 19.0885 -9.25497 0.2
      vertex 19.1081 -9.05569 0.2
      vertex 20 -9.29976 0.2
    endloop
  endfacet
  facet normal 0 0 -1
    outer loop
      vertex 19.0885 -9.25497 0.2
      vertex 18.2247 -8.92465 0.2
      vertex 19.1081 -9.05569 0.2
    endloop
  endfacet
  facet normal 0 0 -1
    outer loop
      vertex 18.1857 -9.12106 0.2
      vertex 18.2247 -8.92465 0.2
      vertex 19.0885 -9.25497 0.2
    endloop
  endfacet
  facet normal 0 0 -1
    outer loop
      vertex 18.1857 -9.12106 0.2
      vertex 17.3585 -8.70767 0.2
      vertex 18.2247 -8.92465 0.2
    endloop
  endfacet
  facet normal 0 0 -1
    outer loop
      vertex 17.3005 -8.89934 0.2
      vertex 17.3585 -8.70767 0.2
      vertex 18.1857 -9.12106 0.2
    endloop
  endfacet
  facet normal 0 0 -1
    outer loop
      vertex 17.3005 -8.89934 0.2
      vertex 16.5179 -8.40691 0.2
      vertex 17.3585 -8.70767 0.2
    endloop
  endfacet
  facet normal 0 0 -1
    outer loop
      vertex 16.4412 -8.59187 0.2
      vertex 16.5179 -8.40691 0.2
      vertex 17.3005 -8.89934 0.2
    endloop
  endfacet
  facet normal 0 0 -1
    outer loop
      vertex 16.4412 -8.59187 0.2
      vertex 15.7105 -8.02502 0.2
      vertex 16.5179 -8.40691 0.2
    endloop
  endfacet
  facet normal 0 0 -1
    outer loop
      vertex 15.616 -8.20158 0.2
      vertex 15.7105 -8.02502 0.2
      vertex 16.4412 -8.59187 0.2
    endloop
  endfacet
  facet normal 0 0 -1
    outer loop
      vertex 15.616 -8.20158 0.2
      vertex 14.9446 -7.56599 0.2
      vertex 15.7105 -8.02502 0.2
    endloop
  endfacet
  facet normal 0 0 -1
    outer loop
      vertex 14.8334 -7.73254 0.2
      vertex 14.9446 -7.56599 0.2
      vertex 15.616 -8.20158 0.2
    endloop
  endfacet
  facet normal 0 0 -1
    outer loop
      vertex 14.8334 -7.73254 0.2
      vertex 14.2272 -7.03398 0.2
      vertex 14.9446 -7.56599 0.2
    endloop
  endfacet
  facet normal 0 0 -1
    outer loop
      vertex 14.1003 -7.1888 0.2
      vertex 14.2272 -7.03398 0.2
      vertex 14.8334 -7.73254 0.2
    endloop
  endfacet
  facet normal 0 0 -1
    outer loop
      vertex 13.4771 -6.62398 0.2
      vertex 14.2272 -7.03398 0.2
      vertex 14.1003 -7.1888 0.2
    endloop
  endfacet
  facet normal 0 0 -1
    outer loop
      vertex 14.2272 -7.03398 0.2
      vertex 13.4771 -6.62398 0.2
      vertex 13.6059 -6.47084 0.2
    endloop
  endfacet
  facet normal 0 0 -1
    outer loop
      vertex 13.1136 -6.34035 0.2
      vertex 13.6059 -6.47084 0.2
      vertex 13.4771 -6.62398 0.2
    endloop
  endfacet
  facet normal 0 0 -1
    outer loop
      vertex 13.6059 -6.47084 0.2
      vertex 13.1136 -6.34035 0.2
      vertex 13.227 -6.17511 0.2
    endloop
  endfacet
  facet normal 0 0 -1
    outer loop
      vertex 13.1136 -6.34035 0.2
      vertex 12.9365 -6.00099 0.2
      vertex 13.227 -6.17511 0.2
    endloop
  endfacet
  facet normal 0 0 -1
    outer loop
      vertex 12.8421 -6.17758 0.2
      vertex 12.9365 -6.00099 0.2
      vertex 13.1136 -6.34035 0.2
    endloop
  endfacet
  facet normal 0 0 -1
    outer loop
      vertex 12.8421 -6.17758 0.2
      vertex 12.6349 -5.8584 0.2
      vertex 12.9365 -6.00099 0.2
    endloop
  endfacet
  facet normal 0 0 -1
    outer loop
      vertex 12.5583 -6.0434 0.2
      vertex 12.6349 -5.8584 0.2
      vertex 12.8421 -6.17758 0.2
    endloop
  endfacet
  facet normal 0 0 -1
    outer loop
      vertex 12.5583 -6.0434 0.2
      vertex 12.3207 -5.74596 0.2
      vertex 12.6349 -5.8584 0.2
    endloop
  endfacet
  facet normal 0 0 -1
    outer loop
      vertex 12.2626 -5.93758 0.2
      vertex 12.3207 -5.74596 0.2
      vertex 12.5583 -6.0434 0.2
    endloop
  endfacet
  facet normal 0 0 -1
    outer loop
      vertex 12.2626 -5.93758 0.2
      vertex 11.9969 -5.66484 0.2
      vertex 12.3207 -5.74596 0.2
    endloop
  endfacet
  facet normal 0 0 -1
    outer loop
      vertex 11.9578 -5.86124 0.2
      vertex 11.9969 -5.66484 0.2
      vertex 12.2626 -5.93758 0.2
    endloop
  endfacet
  facet normal 0 0 -1
    outer loop
      vertex 11.9578 -5.86124 0.2
      vertex 11.667 -5.61591 0.2
      vertex 11.9969 -5.66484 0.2
    endloop
  endfacet
  facet normal 0 0 -1
    outer loop
      vertex 11.6474 -5.81519 0.2
      vertex 11.667 -5.61591 0.2
      vertex 11.9578 -5.86124 0.2
    endloop
  endfacet
  facet normal 0 0 -1
    outer loop
      vertex 11.6474 -5.81519 0.2
      vertex 11.3432 -5.60001 0.2
      vertex 11.667 -5.61591 0.2
    endloop
  endfacet
  facet normal 0 0 -1
    outer loop
      vertex 11.3382 -5.8 0.2
      vertex 11.3432 -5.60001 0.2
      vertex 11.6474 -5.81519 0.2
    endloop
  endfacet
  facet normal 0 0 -1
    outer loop
      vertex 8.65919 -5.8 0.2
      vertex 11.3432 -5.60001 0.2
      vertex 11.3382 -5.8 0.2
    endloop
  endfacet
  facet normal 0 0 -1
    outer loop
      vertex 8.65919 -5.8 0.2
      vertex 8.65184 -5.60001 0.2
      vertex 11.3432 -5.60001 0.2
    endloop
  endfacet
  facet normal 0 0 -1
    outer loop
      vertex 8.19925 -5.83392 0.2
      vertex 8.65184 -5.60001 0.2
      vertex 8.65919 -5.8 0.2
    endloop
  endfacet
  facet normal 0 0 -1
    outer loop
      vertex 8.19925 -5.83392 0.2
      vertex 8.17229 -5.63536 0.2
      vertex 8.65184 -5.60001 0.2
    endloop
  endfacet
  facet normal 0 0 -1
    outer loop
      vertex 7.84013 -5.70146 0.2
      vertex 8.19925 -5.83392 0.2
      vertex 7.88879 -5.89569 0.2
    endloop
  endfacet
  facet normal 0 0 -1
    outer loop
      vertex 8.19925 -5.83392 0.2
      vertex 7.84013 -5.70146 0.2
      vertex 8.17229 -5.63536 0.2
    endloop
  endfacet
  facet normal 0 0 -1
    outer loop
      vertex 7.58827 -5.98682 0.2
      vertex 7.84013 -5.70146 0.2
      vertex 7.88879 -5.89569 0.2
    endloop
  endfacet
  facet normal 0 0 -1
    outer loop
      vertex 7.58827 -5.98682 0.2
      vertex 7.52083 -5.79828 0.2
      vertex 7.84013 -5.70146 0.2
    endloop
  endfacet
  facet normal 0 0 -1
    outer loop
      vertex 7.2982 -6.10698 0.2
      vertex 7.52083 -5.79828 0.2
      vertex 7.58827 -5.98682 0.2
    endloop
  endfacet
  facet normal 0 0 -1
    outer loop
      vertex 7.2982 -6.10698 0.2
      vertex 7.21259 -5.92596 0.2
      vertex 7.52083 -5.79828 0.2
    endloop
  endfacet
  facet normal 0 0 -1
    outer loop
      vertex 7.02118 -6.25505 0.2
      vertex 7.21259 -5.92596 0.2
      vertex 7.2982 -6.10698 0.2
    endloop
  endfacet
  facet normal 0 0 -1
    outer loop
      vertex 7.02118 -6.25505 0.2
      vertex 6.91824 -6.0833 0.2
      vertex 7.21259 -5.92596 0.2
    endloop
  endfacet
  facet normal 0 0 -1
    outer loop
      vertex 6.76012 -6.42949 0.2
      vertex 6.91824 -6.0833 0.2
      vertex 7.02118 -6.25505 0.2
    endloop
  endfacet
  facet normal 0 0 -1
    outer loop
      vertex 6.76012 -6.42949 0.2
      vertex 6.64082 -6.26866 0.2
      vertex 6.91824 -6.0833 0.2
    endloop
  endfacet
  facet normal 0 0 -1
    outer loop
      vertex 6.39035 -6.47421 0.2
      vertex 6.76012 -6.42949 0.2
      vertex 6.52103 -6.6257 0.2
    endloop
  endfacet
  facet normal -0 0 -1
    outer loop
      vertex 6.76012 -6.42949 0.2
      vertex 6.39035 -6.47421 0.2
      vertex 6.64082 -6.26866 0.2
    endloop
  endfacet
  facet normal 0 0 -1
    outer loop
      vertex 5.77272 -7.034 0.2
      vertex 6.52103 -6.6257 0.2
      vertex 5.89973 -7.1888 0.2
    endloop
  endfacet
  facet normal -0 0 -1
    outer loop
      vertex 6.52103 -6.6257 0.2
      vertex 5.77272 -7.034 0.2
      vertex 6.39035 -6.47421 0.2
    endloop
  endfacet
  facet normal 0 0 -1
    outer loop
      vertex 5.16655 -7.73254 0.2
      vertex 5.77272 -7.034 0.2
      vertex 5.89973 -7.1888 0.2
    endloop
  endfacet
  facet normal 0 0 -1
    outer loop
      vertex 5.16655 -7.73254 0.2
      vertex 5.05537 -7.56599 0.2
      vertex 5.77272 -7.034 0.2
    endloop
  endfacet
  facet normal 0 0 -1
    outer loop
      vertex 4.384 -8.20158 0.2
      vertex 5.05537 -7.56599 0.2
      vertex 5.16655 -7.73254 0.2
    endloop
  endfacet
  facet normal 0 0 -1
    outer loop
      vertex 4.384 -8.20158 0.2
      vertex 4.28952 -8.02502 0.2
      vertex 5.05537 -7.56599 0.2
    endloop
  endfacet
  facet normal 0 0 -1
    outer loop
      vertex 3.55879 -8.59187 0.2
      vertex 4.28952 -8.02502 0.2
      vertex 4.384 -8.20158 0.2
    endloop
  endfacet
  facet normal 0 0 -1
    outer loop
      vertex 3.55879 -8.59187 0.2
      vertex 3.48212 -8.40691 0.2
      vertex 4.28952 -8.02502 0.2
    endloop
  endfacet
  facet normal 0 0 -1
    outer loop
      vertex 2.69946 -8.89934 0.2
      vertex 3.48212 -8.40691 0.2
      vertex 3.55879 -8.59187 0.2
    endloop
  endfacet
  facet normal 0 0 -1
    outer loop
      vertex 2.69946 -8.89934 0.2
      vertex 2.64146 -8.70767 0.2
      vertex 3.48212 -8.40691 0.2
    endloop
  endfacet
  facet normal 0 0 -1
    outer loop
      vertex 1.81432 -9.12106 0.2
      vertex 2.64146 -8.70767 0.2
      vertex 2.69946 -8.89934 0.2
    endloop
  endfacet
  facet normal 0 0 -1
    outer loop
      vertex 1.81432 -9.12106 0.2
      vertex 1.77525 -8.92465 0.2
      vertex 2.64146 -8.70767 0.2
    endloop
  endfacet
  facet normal 0 0 -1
    outer loop
      vertex 0.91153 -9.25497 0.2
      vertex 1.77525 -8.92465 0.2
      vertex 1.81432 -9.12106 0.2
    endloop
  endfacet
  facet normal 0 0 -1
    outer loop
      vertex 0.91153 -9.25497 0.2
      vertex 0.891876 -9.05569 0.2
      vertex 1.77525 -8.92465 0.2
    endloop
  endfacet
  facet normal 0 0 -1
    outer loop
      vertex 0 -9.29976 0.2
      vertex 0.891876 -9.05569 0.2
      vertex 0.91153 -9.25497 0.2
    endloop
  endfacet
  facet normal 0 0 -1
    outer loop
      vertex 0 -9.29976 0.2
      vertex 0 -9.0995 0.2
      vertex 0.891876 -9.05569 0.2
    endloop
  endfacet
  facet normal 0 0 -1
    outer loop
      vertex 0 -9.29976 0.2
      vertex -0.891876 -9.05569 0.2
      vertex 0 -9.0995 0.2
    endloop
  endfacet
  facet normal 0 0 -1
    outer loop
      vertex -0.91153 -9.25497 0.2
      vertex -0.891876 -9.05569 0.2
      vertex 0 -9.29976 0.2
    endloop
  endfacet
  facet normal 0 0 -1
    outer loop
      vertex -0.91153 -9.25497 0.2
      vertex -1.77525 -8.92465 0.2
      vertex -0.891876 -9.05569 0.2
    endloop
  endfacet
  facet normal 0 0 -1
    outer loop
      vertex -1.81432 -9.12106 0.2
      vertex -1.77525 -8.92465 0.2
      vertex -0.91153 -9.25497 0.2
    endloop
  endfacet
  facet normal 0 0 -1
    outer loop
      vertex -1.81432 -9.12106 0.2
      vertex -2.64146 -8.70767 0.2
      vertex -1.77525 -8.92465 0.2
    endloop
  endfacet
  facet normal 0 0 -1
    outer loop
      vertex -2.69946 -8.89934 0.2
      vertex -2.64146 -8.70767 0.2
      vertex -1.81432 -9.12106 0.2
    endloop
  endfacet
  facet normal 0 0 -1
    outer loop
      vertex -2.69946 -8.89934 0.2
      vertex -3.48212 -8.40691 0.2
      vertex -2.64146 -8.70767 0.2
    endloop
  endfacet
  facet normal 0 0 -1
    outer loop
      vertex -3.55879 -8.59187 0.2
      vertex -3.48212 -8.40691 0.2
      vertex -2.69946 -8.89934 0.2
    endloop
  endfacet
  facet normal 0 0 -1
    outer loop
      vertex -3.55879 -8.59187 0.2
      vertex -4.28952 -8.02502 0.2
      vertex -3.48212 -8.40691 0.2
    endloop
  endfacet
  facet normal 0 0 -1
    outer loop
      vertex -4.384 -8.20158 0.2
      vertex -4.28952 -8.02502 0.2
      vertex -3.55879 -8.59187 0.2
    endloop
  endfacet
  facet normal 0 0 -1
    outer loop
      vertex -4.384 -8.20158 0.2
      vertex -5.05537 -7.56599 0.2
      vertex -4.28952 -8.02502 0.2
    endloop
  endfacet
  facet normal 0 0 -1
    outer loop
      vertex -5.16655 -7.73254 0.2
      vertex -5.05537 -7.56599 0.2
      vertex -4.384 -8.20158 0.2
    endloop
  endfacet
  facet normal 0 0 -1
    outer loop
      vertex -5.16655 -7.73254 0.2
      vertex -5.77271 -7.034 0.2
      vertex -5.05537 -7.56599 0.2
    endloop
  endfacet
  facet normal 0 0 -1
    outer loop
      vertex -5.89972 -7.1888 0.2
      vertex -5.77271 -7.034 0.2
      vertex -5.16655 -7.73254 0.2
    endloop
  endfacet
  facet normal 0 0 -1
    outer loop
      vertex -5.89972 -7.1888 0.2
      vertex -6.43433 -6.43433 0.2
      vertex -5.77271 -7.034 0.2
    endloop
  endfacet
  facet normal 0 0 -1
    outer loop
      vertex -6.57593 -6.57593 0.2
      vertex -6.43433 -6.43433 0.2
      vertex -5.89972 -7.1888 0.2
    endloop
  endfacet
  facet normal 0 0 -1
    outer loop
      vertex -6.57593 -6.57593 0.2
      vertex -7.034 -5.77271 0.2
      vertex -6.43433 -6.43433 0.2
    endloop
  endfacet
  facet normal 0 0 -1
    outer loop
      vertex -7.1888 -5.89972 0.2
      vertex -7.034 -5.77271 0.2
      vertex -6.57593 -6.57593 0.2
    endloop
  endfacet
  facet normal 0 0 -1
    outer loop
      vertex -7.1888 -5.89972 0.2
      vertex -7.56599 -5.05537 0.2
      vertex -7.034 -5.77271 0.2
    endloop
  endfacet
  facet normal 0 0 -1
    outer loop
      vertex -7.73254 -5.16655 0.2
      vertex -7.56599 -5.05537 0.2
      vertex -7.1888 -5.89972 0.2
    endloop
  endfacet
  facet normal 0 0 -1
    outer loop
      vertex -7.73254 -5.16655 0.2
      vertex -8.02502 -4.28952 0.2
      vertex -7.56599 -5.05537 0.2
    endloop
  endfacet
  facet normal 0 0 -1
    outer loop
      vertex -8.20158 -4.384 0.2
      vertex -8.02502 -4.28952 0.2
      vertex -7.73254 -5.16655 0.2
    endloop
  endfacet
  facet normal 0 0 -1
    outer loop
      vertex -8.20158 -4.384 0.2
      vertex -8.40691 -3.48212 0.2
      vertex -8.02502 -4.28952 0.2
    endloop
  endfacet
  facet normal 0 0 -1
    outer loop
      vertex -8.59187 -3.55879 0.2
      vertex -8.40691 -3.48212 0.2
      vertex -8.20158 -4.384 0.2
    endloop
  endfacet
  facet normal 0 0 -1
    outer loop
      vertex -8.59187 -3.55879 0.2
      vertex -8.70767 -2.64146 0.2
      vertex -8.40691 -3.48212 0.2
    endloop
  endfacet
  facet normal 0 0 -1
    outer loop
      vertex -8.89934 -2.69946 0.2
      vertex -8.70767 -2.64146 0.2
      vertex -8.59187 -3.55879 0.2
    endloop
  endfacet
  facet normal 0 0 -1
    outer loop
      vertex -8.89934 -2.69946 0.2
      vertex -8.92465 -1.77525 0.2
      vertex -8.70767 -2.64146 0.2
    endloop
  endfacet
  facet normal 0 0 -1
    outer loop
      vertex -9.12106 -1.81432 0.2
      vertex -8.92465 -1.77525 0.2
      vertex -8.89934 -2.69946 0.2
    endloop
  endfacet
  facet normal 0 0 -1
    outer loop
      vertex -9.25497 -0.91153 0.2
      vertex -9.05569 -0.891876 0.2
      vertex -9.12106 -1.81432 0.2
    endloop
  endfacet
  facet normal -0 0 -1
    outer loop
      vertex -8.92465 -1.77525 0.2
      vertex -9.12106 -1.81432 0.2
      vertex -9.05569 -0.891876 0.2
    endloop
  endfacet
  facet normal -0 0 -1
    outer loop
      vertex 29.255 0.91153 0.2
      vertex 29.0557 0.891876 0.2
      vertex 29.1211 1.81432 0.2
    endloop
  endfacet
  facet normal 0 0 -1
    outer loop
      vertex 28.9247 1.77525 0.2
      vertex 29.1211 1.81432 0.2
      vertex 29.0557 0.891876 0.2
    endloop
  endfacet
  facet normal 0 0 -1
    outer loop
      vertex 28.9247 1.77525 0.2
      vertex 28.8993 2.69946 0.2
      vertex 29.1211 1.81432 0.2
    endloop
  endfacet
  facet normal 0 0 -1
    outer loop
      vertex 28.7077 2.64146 0.2
      vertex 28.8993 2.69946 0.2
      vertex 28.9247 1.77525 0.2
    endloop
  endfacet
  facet normal 0 0 -1
    outer loop
      vertex 28.7077 2.64146 0.2
      vertex 28.5919 3.55879 0.2
      vertex 28.8993 2.69946 0.2
    endloop
  endfacet
  facet normal 0 0 -1
    outer loop
      vertex 28.4069 3.48212 0.2
      vertex 28.5919 3.55879 0.2
      vertex 28.7077 2.64146 0.2
    endloop
  endfacet
  facet normal 0 0 -1
    outer loop
      vertex 28.4069 3.48212 0.2
      vertex 28.2016 4.384 0.2
      vertex 28.5919 3.55879 0.2
    endloop
  endfacet
  facet normal 0 0 -1
    outer loop
      vertex 28.025 4.28952 0.2
      vertex 28.2016 4.384 0.2
      vertex 28.4069 3.48212 0.2
    endloop
  endfacet
  facet normal 0 0 -1
    outer loop
      vertex 28.025 4.28952 0.2
      vertex 27.7325 5.16655 0.2
      vertex 28.2016 4.384 0.2
    endloop
  endfacet
  facet normal 0 0 -1
    outer loop
      vertex 27.566 5.05537 0.2
      vertex 27.7325 5.16655 0.2
      vertex 28.025 4.28952 0.2
    endloop
  endfacet
  facet normal 0 0 -1
    outer loop
      vertex 27.566 5.05537 0.2
      vertex 27.1888 5.89972 0.2
      vertex 27.7325 5.16655 0.2
    endloop
  endfacet
  facet normal 0 0 -1
    outer loop
      vertex 27.034 5.77271 0.2
      vertex 27.1888 5.89972 0.2
      vertex 27.566 5.05537 0.2
    endloop
  endfacet
  facet normal 0 0 -1
    outer loop
      vertex 27.034 5.77271 0.2
      vertex 26.5759 6.57593 0.2
      vertex 27.1888 5.89972 0.2
    endloop
  endfacet
  facet normal 0 0 -1
    outer loop
      vertex 26.4344 6.43431 0.2
      vertex 26.5759 6.57593 0.2
      vertex 27.034 5.77271 0.2
    endloop
  endfacet
  facet normal 0 0 -1
    outer loop
      vertex 26.4344 6.43431 0.2
      vertex 25.8997 7.1888 0.2
      vertex 26.5759 6.57593 0.2
    endloop
  endfacet
  facet normal 0 0 -1
    outer loop
      vertex 25.7727 7.034 0.2
      vertex 25.8997 7.1888 0.2
      vertex 26.4344 6.43431 0.2
    endloop
  endfacet
  facet normal 0 0 -1
    outer loop
      vertex 25.7727 7.034 0.2
      vertex 25.1665 7.73254 0.2
      vertex 25.8997 7.1888 0.2
    endloop
  endfacet
  facet normal 0 0 -1
    outer loop
      vertex 25.0554 7.56599 0.2
      vertex 25.1665 7.73254 0.2
      vertex 25.7727 7.034 0.2
    endloop
  endfacet
  facet normal 0 0 -1
    outer loop
      vertex 25.0554 7.56599 0.2
      vertex 24.384 8.20158 0.2
      vertex 25.1665 7.73254 0.2
    endloop
  endfacet
  facet normal 0 0 -1
    outer loop
      vertex 24.2895 8.02502 0.2
      vertex 24.384 8.20158 0.2
      vertex 25.0554 7.56599 0.2
    endloop
  endfacet
  facet normal 0 0 -1
    outer loop
      vertex 24.2895 8.02502 0.2
      vertex 23.5588 8.59187 0.2
      vertex 24.384 8.20158 0.2
    endloop
  endfacet
  facet normal 0 0 -1
    outer loop
      vertex 23.4821 8.40691 0.2
      vertex 23.5588 8.59187 0.2
      vertex 24.2895 8.02502 0.2
    endloop
  endfacet
  facet normal 0 0 -1
    outer loop
      vertex 23.4821 8.40691 0.2
      vertex 22.6995 8.89934 0.2
      vertex 23.5588 8.59187 0.2
    endloop
  endfacet
  facet normal 0 0 -1
    outer loop
      vertex 22.6415 8.70767 0.2
      vertex 22.6995 8.89934 0.2
      vertex 23.4821 8.40691 0.2
    endloop
  endfacet
  facet normal 0 0 -1
    outer loop
      vertex 22.6415 8.70767 0.2
      vertex 21.8143 9.12106 0.2
      vertex 22.6995 8.89934 0.2
    endloop
  endfacet
  facet normal 0 0 -1
    outer loop
      vertex 21.7753 8.92465 0.2
      vertex 21.8143 9.12106 0.2
      vertex 22.6415 8.70767 0.2
    endloop
  endfacet
  facet normal 0 0 -1
    outer loop
      vertex 21.7753 8.92465 0.2
      vertex 20.9115 9.25497 0.2
      vertex 21.8143 9.12106 0.2
    endloop
  endfacet
  facet normal 0 0 -1
    outer loop
      vertex 20.8919 9.05569 0.2
      vertex 20.9115 9.25497 0.2
      vertex 21.7753 8.92465 0.2
    endloop
  endfacet
  facet normal 0 0 -1
    outer loop
      vertex 20 9.0995 0.2
      vertex 20.9115 9.25497 0.2
      vertex 20.8919 9.05569 0.2
    endloop
  endfacet
  facet normal 0 0 -1
    outer loop
      vertex 20 9.0995 0.2
      vertex 20 9.29976 0.2
      vertex 20.9115 9.25497 0.2
    endloop
  endfacet
  facet normal 0 0 -1
    outer loop
      vertex 19.1081 9.05569 0.2
      vertex 20 9.29976 0.2
      vertex 20 9.0995 0.2
    endloop
  endfacet
  facet normal 0 0 -1
    outer loop
      vertex 19.1081 9.05569 0.2
      vertex 19.0885 9.25497 0.2
      vertex 20 9.29976 0.2
    endloop
  endfacet
  facet normal 0 0 -1
    outer loop
      vertex 18.2247 8.92465 0.2
      vertex 19.0885 9.25497 0.2
      vertex 19.1081 9.05569 0.2
    endloop
  endfacet
  facet normal 0 0 -1
    outer loop
      vertex 18.2247 8.92465 0.2
      vertex 18.1857 9.12106 0.2
      vertex 19.0885 9.25497 0.2
    endloop
  endfacet
  facet normal 0 0 -1
    outer loop
      vertex 17.3585 8.70767 0.2
      vertex 18.1857 9.12106 0.2
      vertex 18.2247 8.92465 0.2
    endloop
  endfacet
  facet normal 0 0 -1
    outer loop
      vertex 17.3585 8.70767 0.2
      vertex 17.3005 8.89934 0.2
      vertex 18.1857 9.12106 0.2
    endloop
  endfacet
  facet normal 0 0 -1
    outer loop
      vertex 16.5179 8.40691 0.2
      vertex 17.3005 8.89934 0.2
      vertex 17.3585 8.70767 0.2
    endloop
  endfacet
  facet normal 0 0 -1
    outer loop
      vertex 16.5179 8.40691 0.2
      vertex 16.4412 8.59187 0.2
      vertex 17.3005 8.89934 0.2
    endloop
  endfacet
  facet normal 0 0 -1
    outer loop
      vertex 15.7105 8.02502 0.2
      vertex 16.4412 8.59187 0.2
      vertex 16.5179 8.40691 0.2
    endloop
  endfacet
  facet normal 0 0 -1
    outer loop
      vertex 15.7105 8.02502 0.2
      vertex 15.616 8.20158 0.2
      vertex 16.4412 8.59187 0.2
    endloop
  endfacet
  facet normal 0 0 -1
    outer loop
      vertex 14.9446 7.56599 0.2
      vertex 15.616 8.20158 0.2
      vertex 15.7105 8.02502 0.2
    endloop
  endfacet
  facet normal 0 0 -1
    outer loop
      vertex 14.9446 7.56599 0.2
      vertex 14.8334 7.73254 0.2
      vertex 15.616 8.20158 0.2
    endloop
  endfacet
  facet normal 0 0 -1
    outer loop
      vertex 14.2273 7.034 0.2
      vertex 14.8334 7.73254 0.2
      vertex 14.9446 7.56599 0.2
    endloop
  endfacet
  facet normal 0 0 -1
    outer loop
      vertex 14.2273 7.034 0.2
      vertex 14.1003 7.1888 0.2
      vertex 14.8334 7.73254 0.2
    endloop
  endfacet
  facet normal 0 0 -1
    outer loop
      vertex 13.479 6.6257 0.2
      vertex 14.2273 7.034 0.2
      vertex 13.6096 6.47421 0.2
    endloop
  endfacet
  facet normal -0 0 -1
    outer loop
      vertex 14.2273 7.034 0.2
      vertex 13.479 6.6257 0.2
      vertex 14.1003 7.1888 0.2
    endloop
  endfacet
  facet normal 0 0 -1
    outer loop
      vertex 13.2399 6.42949 0.2
      vertex 13.6096 6.47421 0.2
      vertex 13.3592 6.26866 0.2
    endloop
  endfacet
  facet normal -0 0 -1
    outer loop
      vertex 13.6096 6.47421 0.2
      vertex 13.2399 6.42949 0.2
      vertex 13.479 6.6257 0.2
    endloop
  endfacet
  facet normal 0 0 -1
    outer loop
      vertex 13.0817 6.0833 0.2
      vertex 13.2399 6.42949 0.2
      vertex 13.3592 6.26866 0.2
    endloop
  endfacet
  facet normal 0 0 -1
    outer loop
      vertex 13.0817 6.0833 0.2
      vertex 12.9788 6.25505 0.2
      vertex 13.2399 6.42949 0.2
    endloop
  endfacet
  facet normal 0 0 -1
    outer loop
      vertex 12.7874 5.92596 0.2
      vertex 12.9788 6.25505 0.2
      vertex 13.0817 6.0833 0.2
    endloop
  endfacet
  facet normal 0 0 -1
    outer loop
      vertex 12.7874 5.92596 0.2
      vertex 12.7018 6.10698 0.2
      vertex 12.9788 6.25505 0.2
    endloop
  endfacet
  facet normal 0 0 -1
    outer loop
      vertex 12.4792 5.79828 0.2
      vertex 12.7018 6.10698 0.2
      vertex 12.7874 5.92596 0.2
    endloop
  endfacet
  facet normal 0 0 -1
    outer loop
      vertex 12.4792 5.79828 0.2
      vertex 12.4117 5.98682 0.2
      vertex 12.7018 6.10698 0.2
    endloop
  endfacet
  facet normal 0 0 -1
    outer loop
      vertex 12.1599 5.70146 0.2
      vertex 12.4117 5.98682 0.2
      vertex 12.4792 5.79828 0.2
    endloop
  endfacet
  facet normal 0 0 -1
    outer loop
      vertex 12.1599 5.70146 0.2
      vertex 12.1112 5.89569 0.2
      vertex 12.4117 5.98682 0.2
    endloop
  endfacet
  facet normal 0 0 -1
    outer loop
      vertex 11.8007 5.83392 0.2
      vertex 12.1599 5.70146 0.2
      vertex 11.8277 5.63536 0.2
    endloop
  endfacet
  facet normal 0 0 -1
    outer loop
      vertex 12.1599 5.70146 0.2
      vertex 11.8007 5.83392 0.2
      vertex 12.1112 5.89569 0.2
    endloop
  endfacet
  facet normal 0 0 -1
    outer loop
      vertex 11.3481 5.60001 0.2
      vertex 11.8007 5.83392 0.2
      vertex 11.8277 5.63536 0.2
    endloop
  endfacet
  facet normal 0 0 -1
    outer loop
      vertex 11.3481 5.60001 0.2
      vertex 11.3408 5.8 0.2
      vertex 11.8007 5.83392 0.2
    endloop
  endfacet
  facet normal 0 0 -1
    outer loop
      vertex 8.65683 5.60001 0.2
      vertex 11.3408 5.8 0.2
      vertex 11.3481 5.60001 0.2
    endloop
  endfacet
  facet normal -0 0 -1
    outer loop
      vertex 11.3408 5.8 0.2
      vertex 8.65683 5.60001 0.2
      vertex 8.66174 5.8 0.2
    endloop
  endfacet
  facet normal 0 0 -1
    outer loop
      vertex 8.65683 5.60001 0.2
      vertex 8.35263 5.81519 0.2
      vertex 8.66174 5.8 0.2
    endloop
  endfacet
  facet normal 0 0 -1
    outer loop
      vertex 8.33299 5.61591 0.2
      vertex 8.35263 5.81519 0.2
      vertex 8.65683 5.60001 0.2
    endloop
  endfacet
  facet normal 0 0 -1
    outer loop
      vertex 8.33299 5.61591 0.2
      vertex 8.04216 5.86124 0.2
      vertex 8.35263 5.81519 0.2
    endloop
  endfacet
  facet normal 0 0 -1
    outer loop
      vertex 8.0031 5.66484 0.2
      vertex 8.04216 5.86124 0.2
      vertex 8.33299 5.61591 0.2
    endloop
  endfacet
  facet normal 0 0 -1
    outer loop
      vertex 8.0031 5.66484 0.2
      vertex 7.73743 5.93758 0.2
      vertex 8.04216 5.86124 0.2
    endloop
  endfacet
  facet normal 0 0 -1
    outer loop
      vertex 7.67929 5.74596 0.2
      vertex 7.73743 5.93758 0.2
      vertex 8.0031 5.66484 0.2
    endloop
  endfacet
  facet normal 0 0 -1
    outer loop
      vertex 7.67929 5.74596 0.2
      vertex 7.44165 6.0434 0.2
      vertex 7.73743 5.93758 0.2
    endloop
  endfacet
  facet normal 0 0 -1
    outer loop
      vertex 7.36504 5.8584 0.2
      vertex 7.44165 6.0434 0.2
      vertex 7.67929 5.74596 0.2
    endloop
  endfacet
  facet normal 0 0 -1
    outer loop
      vertex 7.36504 5.8584 0.2
      vertex 7.1579 6.17758 0.2
      vertex 7.44165 6.0434 0.2
    endloop
  endfacet
  facet normal 0 0 -1
    outer loop
      vertex 7.06351 6.00099 0.2
      vertex 7.1579 6.17758 0.2
      vertex 7.36504 5.8584 0.2
    endloop
  endfacet
  facet normal 0 0 -1
    outer loop
      vertex 7.06351 6.00099 0.2
      vertex 6.88637 6.34035 0.2
      vertex 7.1579 6.17758 0.2
    endloop
  endfacet
  facet normal 0 0 -1
    outer loop
      vertex 6.77301 6.17511 0.2
      vertex 6.88637 6.34035 0.2
      vertex 7.06351 6.00099 0.2
    endloop
  endfacet
  facet normal 0 0 -1
    outer loop
      vertex 6.39406 6.47084 0.2
      vertex 6.88637 6.34035 0.2
      vertex 6.77301 6.17511 0.2
    endloop
  endfacet
  facet normal 0 0 -1
    outer loop
      vertex 6.88637 6.34035 0.2
      vertex 6.39406 6.47084 0.2
      vertex 6.5229 6.62398 0.2
    endloop
  endfacet
  facet normal 0 0 -1
    outer loop
      vertex 5.77274 7.03398 0.2
      vertex 6.5229 6.62398 0.2
      vertex 6.39406 6.47084 0.2
    endloop
  endfacet
  facet normal 0 0 -1
    outer loop
      vertex 6.5229 6.62398 0.2
      vertex 5.77274 7.03398 0.2
      vertex 5.89973 7.1888 0.2
    endloop
  endfacet
  facet normal 0 0 -1
    outer loop
      vertex 5.77274 7.03398 0.2
      vertex 5.16655 7.73254 0.2
      vertex 5.89973 7.1888 0.2
    endloop
  endfacet
  facet normal 0 0 -1
    outer loop
      vertex 5.05537 7.56599 0.2
      vertex 5.16655 7.73254 0.2
      vertex 5.77274 7.03398 0.2
    endloop
  endfacet
  facet normal 0 0 -1
    outer loop
      vertex 5.05537 7.56599 0.2
      vertex 4.384 8.20158 0.2
      vertex 5.16655 7.73254 0.2
    endloop
  endfacet
  facet normal 0 0 -1
    outer loop
      vertex 4.28952 8.02502 0.2
      vertex 4.384 8.20158 0.2
      vertex 5.05537 7.56599 0.2
    endloop
  endfacet
  facet normal 0 0 -1
    outer loop
      vertex 4.28952 8.02502 0.2
      vertex 3.55879 8.59187 0.2
      vertex 4.384 8.20158 0.2
    endloop
  endfacet
  facet normal 0 0 -1
    outer loop
      vertex 3.48212 8.40691 0.2
      vertex 3.55879 8.59187 0.2
      vertex 4.28952 8.02502 0.2
    endloop
  endfacet
  facet normal 0 0 -1
    outer loop
      vertex 3.48212 8.40691 0.2
      vertex 2.69946 8.89934 0.2
      vertex 3.55879 8.59187 0.2
    endloop
  endfacet
  facet normal 0 0 -1
    outer loop
      vertex 2.64146 8.70767 0.2
      vertex 2.69946 8.89934 0.2
      vertex 3.48212 8.40691 0.2
    endloop
  endfacet
  facet normal 0 0 -1
    outer loop
      vertex 2.64146 8.70767 0.2
      vertex 1.81432 9.12106 0.2
      vertex 2.69946 8.89934 0.2
    endloop
  endfacet
  facet normal 0 0 -1
    outer loop
      vertex 1.77525 8.92465 0.2
      vertex 1.81432 9.12106 0.2
      vertex 2.64146 8.70767 0.2
    endloop
  endfacet
  facet normal 0 0 -1
    outer loop
      vertex 1.77525 8.92465 0.2
      vertex 0.91153 9.25497 0.2
      vertex 1.81432 9.12106 0.2
    endloop
  endfacet
  facet normal 0 0 -1
    outer loop
      vertex 0.891876 9.05569 0.2
      vertex 0.91153 9.25497 0.2
      vertex 1.77525 8.92465 0.2
    endloop
  endfacet
  facet normal 0 0 -1
    outer loop
      vertex 0 9.0995 0.2
      vertex 0.91153 9.25497 0.2
      vertex 0.891876 9.05569 0.2
    endloop
  endfacet
  facet normal 0 0 -1
    outer loop
      vertex 0 9.0995 0.2
      vertex 0 9.29976 0.2
      vertex 0.91153 9.25497 0.2
    endloop
  endfacet
  facet normal 0 0 -1
    outer loop
      vertex -0.891876 9.05569 0.2
      vertex 0 9.29976 0.2
      vertex 0 9.0995 0.2
    endloop
  endfacet
  facet normal 0 0 -1
    outer loop
      vertex -0.891876 9.05569 0.2
      vertex -0.91153 9.25497 0.2
      vertex 0 9.29976 0.2
    endloop
  endfacet
  facet normal 0 0 -1
    outer loop
      vertex -1.77525 8.92465 0.2
      vertex -0.91153 9.25497 0.2
      vertex -0.891876 9.05569 0.2
    endloop
  endfacet
  facet normal 0 0 -1
    outer loop
      vertex -1.77525 8.92465 0.2
      vertex -1.81432 9.12106 0.2
      vertex -0.91153 9.25497 0.2
    endloop
  endfacet
  facet normal 0 0 -1
    outer loop
      vertex -2.64146 8.70767 0.2
      vertex -1.81432 9.12106 0.2
      vertex -1.77525 8.92465 0.2
    endloop
  endfacet
  facet normal 0 0 -1
    outer loop
      vertex -2.64146 8.70767 0.2
      vertex -2.69946 8.89934 0.2
      vertex -1.81432 9.12106 0.2
    endloop
  endfacet
  facet normal 0 0 -1
    outer loop
      vertex -3.48212 8.40691 0.2
      vertex -2.69946 8.89934 0.2
      vertex -2.64146 8.70767 0.2
    endloop
  endfacet
  facet normal 0 0 -1
    outer loop
      vertex -3.48212 8.40691 0.2
      vertex -3.55879 8.59187 0.2
      vertex -2.69946 8.89934 0.2
    endloop
  endfacet
  facet normal 0 0 -1
    outer loop
      vertex -4.28952 8.02502 0.2
      vertex -3.55879 8.59187 0.2
      vertex -3.48212 8.40691 0.2
    endloop
  endfacet
  facet normal 0 0 -1
    outer loop
      vertex -4.28952 8.02502 0.2
      vertex -4.384 8.20158 0.2
      vertex -3.55879 8.59187 0.2
    endloop
  endfacet
  facet normal 0 0 -1
    outer loop
      vertex -5.05537 7.56599 0.2
      vertex -4.384 8.20158 0.2
      vertex -4.28952 8.02502 0.2
    endloop
  endfacet
  facet normal 0 0 -1
    outer loop
      vertex -5.05537 7.56599 0.2
      vertex -5.16655 7.73254 0.2
      vertex -4.384 8.20158 0.2
    endloop
  endfacet
  facet normal 0 0 -1
    outer loop
      vertex -5.77271 7.034 0.2
      vertex -5.16655 7.73254 0.2
      vertex -5.05537 7.56599 0.2
    endloop
  endfacet
  facet normal 0 0 -1
    outer loop
      vertex -5.77271 7.034 0.2
      vertex -5.89972 7.1888 0.2
      vertex -5.16655 7.73254 0.2
    endloop
  endfacet
  facet normal 0 0 -1
    outer loop
      vertex -6.43436 6.43431 0.2
      vertex -5.89972 7.1888 0.2
      vertex -5.77271 7.034 0.2
    endloop
  endfacet
  facet normal 0 0 -1
    outer loop
      vertex -6.43436 6.43431 0.2
      vertex -6.57593 6.57593 0.2
      vertex -5.89972 7.1888 0.2
    endloop
  endfacet
  facet normal 0 0 -1
    outer loop
      vertex -7.034 5.77271 0.2
      vertex -6.57593 6.57593 0.2
      vertex -6.43436 6.43431 0.2
    endloop
  endfacet
  facet normal 0 0 -1
    outer loop
      vertex -7.034 5.77271 0.2
      vertex -7.1888 5.89972 0.2
      vertex -6.57593 6.57593 0.2
    endloop
  endfacet
  facet normal 0 0 -1
    outer loop
      vertex -7.56599 5.05537 0.2
      vertex -7.1888 5.89972 0.2
      vertex -7.034 5.77271 0.2
    endloop
  endfacet
  facet normal 0 0 -1
    outer loop
      vertex -7.56599 5.05537 0.2
      vertex -7.73254 5.16655 0.2
      vertex -7.1888 5.89972 0.2
    endloop
  endfacet
  facet normal 0 0 -1
    outer loop
      vertex -8.02502 4.28952 0.2
      vertex -7.73254 5.16655 0.2
      vertex -7.56599 5.05537 0.2
    endloop
  endfacet
  facet normal 0 0 -1
    outer loop
      vertex -8.02502 4.28952 0.2
      vertex -8.20158 4.384 0.2
      vertex -7.73254 5.16655 0.2
    endloop
  endfacet
  facet normal 0 0 -1
    outer loop
      vertex -8.40691 3.48212 0.2
      vertex -8.20158 4.384 0.2
      vertex -8.02502 4.28952 0.2
    endloop
  endfacet
  facet normal 0 0 -1
    outer loop
      vertex -8.40691 3.48212 0.2
      vertex -8.59187 3.55879 0.2
      vertex -8.20158 4.384 0.2
    endloop
  endfacet
  facet normal 0 0 -1
    outer loop
      vertex -8.70767 2.64146 0.2
      vertex -8.59187 3.55879 0.2
      vertex -8.40691 3.48212 0.2
    endloop
  endfacet
  facet normal 0 0 -1
    outer loop
      vertex -8.70767 2.64146 0.2
      vertex -8.89934 2.69946 0.2
      vertex -8.59187 3.55879 0.2
    endloop
  endfacet
  facet normal 0 0 -1
    outer loop
      vertex -8.92465 1.77525 0.2
      vertex -8.89934 2.69946 0.2
      vertex -8.70767 2.64146 0.2
    endloop
  endfacet
  facet normal 0 0 -1
    outer loop
      vertex -9.12106 1.81432 0.2
      vertex -8.92465 1.77525 0.2
      vertex -9.05569 0.891876 0.2
    endloop
  endfacet
  facet normal 0 0 -1
    outer loop
      vertex -8.92465 1.77525 0.2
      vertex -9.12106 1.81432 0.2
      vertex -8.89934 2.69946 0.2
    endloop
  endfacet
  facet normal 0 0 -1
    outer loop
      vertex -9.25497 0.91153 0.2
      vertex -9.05569 0.891876 0.2
      vertex -9.0995 0 0.2
    endloop
  endfacet
  facet normal -0 0 -1
    outer loop
      vertex -9.05569 -0.891876 0.2
      vertex -9.25497 -0.91153 0.2
      vertex -9.0995 0 0.2
    endloop
  endfacet
  facet normal 0 0 -1
    outer loop
      vertex -9.29976 0 0.2
      vertex -9.0995 0 0.2
      vertex -9.25497 -0.91153 0.2
    endloop
  endfacet
  facet normal 0 0 -1
    outer loop
      vertex -9.05569 0.891876 0.2
      vertex -9.25497 0.91153 0.2
      vertex -9.12106 1.81432 0.2
    endloop
  endfacet
  facet normal 0 0 -1
    outer loop
      vertex -9.0995 0 0.2
      vertex -9.29976 0 0.2
      vertex -9.25497 0.91153 0.2
    endloop
  endfacet
  facet normal 0.146722 -0.989178 0
    outer loop
      vertex 20.9115 -9.25497 0.2
      vertex 21.8143 -9.12106 0.4
      vertex 20.9115 -9.25497 0.4
    endloop
  endfacet
  facet normal 0.146722 -0.989178 0
    outer loop
      vertex 21.8143 -9.12106 0.4
      vertex 20.9115 -9.25497 0.2
      vertex 21.8143 -9.12106 0.2
    endloop
  endfacet
  facet normal 0.242969 -0.970034 0
    outer loop
      vertex 21.8143 -9.12106 0.2
      vertex 22.6995 -8.89934 0.4
      vertex 21.8143 -9.12106 0.4
    endloop
  endfacet
  facet normal 0.242969 -0.970034 0
    outer loop
      vertex 22.6995 -8.89934 0.4
      vertex 21.8143 -9.12106 0.2
      vertex 22.6995 -8.89934 0.2
    endloop
  endfacet
  facet normal 0.336897 -0.941541 0
    outer loop
      vertex 22.6995 -8.89934 0.2
      vertex 23.5588 -8.59187 0.4
      vertex 22.6995 -8.89934 0.4
    endloop
  endfacet
  facet normal 0.336897 -0.941541 0
    outer loop
      vertex 23.5588 -8.59187 0.4
      vertex 22.6995 -8.89934 0.2
      vertex 23.5588 -8.59187 0.2
    endloop
  endfacet
  facet normal 0.427555 -0.90399 0
    outer loop
      vertex 23.5588 -8.59187 0.2
      vertex 24.384 -8.20158 0.4
      vertex 23.5588 -8.59187 0.4
    endloop
  endfacet
  facet normal 0.427555 -0.90399 0
    outer loop
      vertex 24.384 -8.20158 0.4
      vertex 23.5588 -8.59187 0.2
      vertex 24.384 -8.20158 0.2
    endloop
  endfacet
  facet normal 0.514125 -0.857715 0
    outer loop
      vertex 24.384 -8.20158 0.2
      vertex 25.1665 -7.73254 0.4
      vertex 24.384 -8.20158 0.4
    endloop
  endfacet
  facet normal 0.514125 -0.857715 0
    outer loop
      vertex 25.1665 -7.73254 0.4
      vertex 24.384 -8.20158 0.2
      vertex 25.1665 -7.73254 0.2
    endloop
  endfacet
  facet normal 0.595672 -0.803228 0
    outer loop
      vertex 25.1665 -7.73254 0.2
      vertex 25.8997 -7.1888 0.4
      vertex 25.1665 -7.73254 0.4
    endloop
  endfacet
  facet normal 0.595672 -0.803228 0
    outer loop
      vertex 25.8997 -7.1888 0.4
      vertex 25.1665 -7.73254 0.2
      vertex 25.8997 -7.1888 0.2
    endloop
  endfacet
  facet normal 0.671558 -0.740952 0
    outer loop
      vertex 25.8997 -7.1888 0.2
      vertex 26.5759 -6.57593 0.4
      vertex 25.8997 -7.1888 0.4
    endloop
  endfacet
  facet normal 0.671558 -0.740952 0
    outer loop
      vertex 26.5759 -6.57593 0.4
      vertex 25.8997 -7.1888 0.2
      vertex 26.5759 -6.57593 0.2
    endloop
  endfacet
  facet normal 0.740941 -0.67157 0
    outer loop
      vertex 26.5759 -6.57593 0.4
      vertex 27.1888 -5.89972 0.2
      vertex 27.1888 -5.89972 0.4
    endloop
  endfacet
  facet normal 0.740941 -0.67157 0
    outer loop
      vertex 27.1888 -5.89972 0.2
      vertex 26.5759 -6.57593 0.4
      vertex 26.5759 -6.57593 0.2
    endloop
  endfacet
  facet normal 0.803237 -0.59566 0
    outer loop
      vertex 27.1888 -5.89972 0.4
      vertex 27.7325 -5.16655 0.2
      vertex 27.7325 -5.16655 0.4
    endloop
  endfacet
  facet normal 0.803237 -0.59566 0
    outer loop
      vertex 27.7325 -5.16655 0.2
      vertex 27.1888 -5.89972 0.4
      vertex 27.1888 -5.89972 0.2
    endloop
  endfacet
  facet normal 0.857701 -0.514149 0
    outer loop
      vertex 27.7325 -5.16655 0.4
      vertex 28.2016 -4.384 0.2
      vertex 28.2016 -4.384 0.4
    endloop
  endfacet
  facet normal 0.857701 -0.514149 0
    outer loop
      vertex 28.2016 -4.384 0.2
      vertex 27.7325 -5.16655 0.4
      vertex 27.7325 -5.16655 0.2
    endloop
  endfacet
  facet normal 0.903987 -0.427559 0
    outer loop
      vertex 28.2016 -4.384 0.4
      vertex 28.5919 -3.55879 0.2
      vertex 28.5919 -3.55879 0.4
    endloop
  endfacet
  facet normal 0.903987 -0.427559 0
    outer loop
      vertex 28.5919 -3.55879 0.2
      vertex 28.2016 -4.384 0.4
      vertex 28.2016 -4.384 0.2
    endloop
  endfacet
  facet normal 0.94157 -0.336819 0
    outer loop
      vertex 28.5919 -3.55879 0.4
      vertex 28.8993 -2.69946 0.2
      vertex 28.8993 -2.69946 0.4
    endloop
  endfacet
  facet normal 0.94157 -0.336819 0
    outer loop
      vertex 28.8993 -2.69946 0.2
      vertex 28.5919 -3.55879 0.4
      vertex 28.5919 -3.55879 0.2
    endloop
  endfacet
  facet normal 0.97001 -0.243067 0
    outer loop
      vertex 28.8993 -2.69946 0.4
      vertex 29.1211 -1.81432 0.2
      vertex 29.1211 -1.81432 0.4
    endloop
  endfacet
  facet normal 0.97001 -0.243067 0
    outer loop
      vertex 29.1211 -1.81432 0.2
      vertex 28.8993 -2.69946 0.4
      vertex 28.8993 -2.69946 0.2
    endloop
  endfacet
  facet normal 0.989179 -0.146713 0
    outer loop
      vertex 29.1211 -1.81432 0.4
      vertex 29.255 -0.91153 0.2
      vertex 29.255 -0.91153 0.4
    endloop
  endfacet
  facet normal 0.989179 -0.146713 0
    outer loop
      vertex 29.255 -0.91153 0.2
      vertex 29.1211 -1.81432 0.4
      vertex 29.1211 -1.81432 0.2
    endloop
  endfacet
  facet normal 0.998794 -0.0490889 0
    outer loop
      vertex 29.255 -0.91153 0.4
      vertex 29.2998 0 0.2
      vertex 29.2998 0 0.4
    endloop
  endfacet
  facet normal 0.998794 -0.0490889 0
    outer loop
      vertex 29.2998 0 0.2
      vertex 29.255 -0.91153 0.4
      vertex 29.255 -0.91153 0.2
    endloop
  endfacet
  facet normal 0.998794 0.0490889 0
    outer loop
      vertex 29.2998 0 0.4
      vertex 29.255 0.91153 0.2
      vertex 29.255 0.91153 0.4
    endloop
  endfacet
  facet normal 0.998794 0.0490889 0
    outer loop
      vertex 29.255 0.91153 0.2
      vertex 29.2998 0 0.4
      vertex 29.2998 0 0.2
    endloop
  endfacet
  facet normal 0.989179 0.146713 0
    outer loop
      vertex 29.255 0.91153 0.4
      vertex 29.1211 1.81432 0.2
      vertex 29.1211 1.81432 0.4
    endloop
  endfacet
  facet normal 0.989179 0.146713 0
    outer loop
      vertex 29.1211 1.81432 0.2
      vertex 29.255 0.91153 0.4
      vertex 29.255 0.91153 0.2
    endloop
  endfacet
  facet normal 0.97001 0.243067 0
    outer loop
      vertex 29.1211 1.81432 0.4
      vertex 28.8993 2.69946 0.2
      vertex 28.8993 2.69946 0.4
    endloop
  endfacet
  facet normal 0.97001 0.243067 0
    outer loop
      vertex 28.8993 2.69946 0.2
      vertex 29.1211 1.81432 0.4
      vertex 29.1211 1.81432 0.2
    endloop
  endfacet
  facet normal 0.94157 0.336819 0
    outer loop
      vertex 28.8993 2.69946 0.4
      vertex 28.5919 3.55879 0.2
      vertex 28.5919 3.55879 0.4
    endloop
  endfacet
  facet normal 0.94157 0.336819 0
    outer loop
      vertex 28.5919 3.55879 0.2
      vertex 28.8993 2.69946 0.4
      vertex 28.8993 2.69946 0.2
    endloop
  endfacet
  facet normal 0.903987 0.427559 0
    outer loop
      vertex 28.5919 3.55879 0.4
      vertex 28.2016 4.384 0.2
      vertex 28.2016 4.384 0.4
    endloop
  endfacet
  facet normal 0.903987 0.427559 0
    outer loop
      vertex 28.2016 4.384 0.2
      vertex 28.5919 3.55879 0.4
      vertex 28.5919 3.55879 0.2
    endloop
  endfacet
  facet normal 0.857701 0.514149 0
    outer loop
      vertex 28.2016 4.384 0.4
      vertex 27.7325 5.16655 0.2
      vertex 27.7325 5.16655 0.4
    endloop
  endfacet
  facet normal 0.857701 0.514149 0
    outer loop
      vertex 27.7325 5.16655 0.2
      vertex 28.2016 4.384 0.4
      vertex 28.2016 4.384 0.2
    endloop
  endfacet
  facet normal 0.803237 0.59566 0
    outer loop
      vertex 27.7325 5.16655 0.4
      vertex 27.1888 5.89972 0.2
      vertex 27.1888 5.89972 0.4
    endloop
  endfacet
  facet normal 0.803237 0.59566 0
    outer loop
      vertex 27.1888 5.89972 0.2
      vertex 27.7325 5.16655 0.4
      vertex 27.7325 5.16655 0.2
    endloop
  endfacet
  facet normal 0.740941 0.67157 0
    outer loop
      vertex 27.1888 5.89972 0.4
      vertex 26.5759 6.57593 0.2
      vertex 26.5759 6.57593 0.4
    endloop
  endfacet
  facet normal 0.740941 0.67157 0
    outer loop
      vertex 26.5759 6.57593 0.2
      vertex 27.1888 5.89972 0.4
      vertex 27.1888 5.89972 0.2
    endloop
  endfacet
  facet normal 0.671558 0.740952 -0
    outer loop
      vertex 26.5759 6.57593 0.2
      vertex 25.8997 7.1888 0.4
      vertex 26.5759 6.57593 0.4
    endloop
  endfacet
  facet normal 0.671558 0.740952 0
    outer loop
      vertex 25.8997 7.1888 0.4
      vertex 26.5759 6.57593 0.2
      vertex 25.8997 7.1888 0.2
    endloop
  endfacet
  facet normal 0.595672 0.803228 -0
    outer loop
      vertex 25.8997 7.1888 0.2
      vertex 25.1665 7.73254 0.4
      vertex 25.8997 7.1888 0.4
    endloop
  endfacet
  facet normal 0.595672 0.803228 0
    outer loop
      vertex 25.1665 7.73254 0.4
      vertex 25.8997 7.1888 0.2
      vertex 25.1665 7.73254 0.2
    endloop
  endfacet
  facet normal 0.514125 0.857715 -0
    outer loop
      vertex 25.1665 7.73254 0.2
      vertex 24.384 8.20158 0.4
      vertex 25.1665 7.73254 0.4
    endloop
  endfacet
  facet normal 0.514125 0.857715 0
    outer loop
      vertex 24.384 8.20158 0.4
      vertex 25.1665 7.73254 0.2
      vertex 24.384 8.20158 0.2
    endloop
  endfacet
  facet normal 0.427555 0.90399 -0
    outer loop
      vertex 24.384 8.20158 0.2
      vertex 23.5588 8.59187 0.4
      vertex 24.384 8.20158 0.4
    endloop
  endfacet
  facet normal 0.427555 0.90399 0
    outer loop
      vertex 23.5588 8.59187 0.4
      vertex 24.384 8.20158 0.2
      vertex 23.5588 8.59187 0.2
    endloop
  endfacet
  facet normal 0.336897 0.941541 -0
    outer loop
      vertex 23.5588 8.59187 0.2
      vertex 22.6995 8.89934 0.4
      vertex 23.5588 8.59187 0.4
    endloop
  endfacet
  facet normal 0.336897 0.941541 0
    outer loop
      vertex 22.6995 8.89934 0.4
      vertex 23.5588 8.59187 0.2
      vertex 22.6995 8.89934 0.2
    endloop
  endfacet
  facet normal 0.242969 0.970034 -0
    outer loop
      vertex 22.6995 8.89934 0.2
      vertex 21.8143 9.12106 0.4
      vertex 22.6995 8.89934 0.4
    endloop
  endfacet
  facet normal 0.242969 0.970034 0
    outer loop
      vertex 21.8143 9.12106 0.4
      vertex 22.6995 8.89934 0.2
      vertex 21.8143 9.12106 0.2
    endloop
  endfacet
  facet normal 0.146722 0.989178 -0
    outer loop
      vertex 21.8143 9.12106 0.2
      vertex 20.9115 9.25497 0.4
      vertex 21.8143 9.12106 0.4
    endloop
  endfacet
  facet normal 0.146722 0.989178 0
    outer loop
      vertex 20.9115 9.25497 0.4
      vertex 21.8143 9.12106 0.2
      vertex 20.9115 9.25497 0.2
    endloop
  endfacet
  facet normal 0.0490796 0.998795 -0
    outer loop
      vertex 20.9115 9.25497 0.2
      vertex 20 9.29976 0.4
      vertex 20.9115 9.25497 0.4
    endloop
  endfacet
  facet normal 0.0490796 0.998795 0
    outer loop
      vertex 20 9.29976 0.4
      vertex 20.9115 9.25497 0.2
      vertex 20 9.29976 0.2
    endloop
  endfacet
  facet normal -0.0490796 0.998795 0
    outer loop
      vertex 20 9.29976 0.2
      vertex 19.0885 9.25497 0.4
      vertex 20 9.29976 0.4
    endloop
  endfacet
  facet normal -0.0490796 0.998795 0
    outer loop
      vertex 19.0885 9.25497 0.4
      vertex 20 9.29976 0.2
      vertex 19.0885 9.25497 0.2
    endloop
  endfacet
  facet normal -0.146722 0.989178 0
    outer loop
      vertex 19.0885 9.25497 0.2
      vertex 18.1857 9.12106 0.4
      vertex 19.0885 9.25497 0.4
    endloop
  endfacet
  facet normal -0.146722 0.989178 0
    outer loop
      vertex 18.1857 9.12106 0.4
      vertex 19.0885 9.25497 0.2
      vertex 18.1857 9.12106 0.2
    endloop
  endfacet
  facet normal -0.242969 0.970034 0
    outer loop
      vertex 18.1857 9.12106 0.2
      vertex 17.3005 8.89934 0.4
      vertex 18.1857 9.12106 0.4
    endloop
  endfacet
  facet normal -0.242969 0.970034 0
    outer loop
      vertex 17.3005 8.89934 0.4
      vertex 18.1857 9.12106 0.2
      vertex 17.3005 8.89934 0.2
    endloop
  endfacet
  facet normal -0.336897 0.941541 0
    outer loop
      vertex 17.3005 8.89934 0.2
      vertex 16.4412 8.59187 0.4
      vertex 17.3005 8.89934 0.4
    endloop
  endfacet
  facet normal -0.336897 0.941541 0
    outer loop
      vertex 16.4412 8.59187 0.4
      vertex 17.3005 8.89934 0.2
      vertex 16.4412 8.59187 0.2
    endloop
  endfacet
  facet normal -0.427555 0.90399 0
    outer loop
      vertex 16.4412 8.59187 0.2
      vertex 15.616 8.20158 0.4
      vertex 16.4412 8.59187 0.4
    endloop
  endfacet
  facet normal -0.427555 0.90399 0
    outer loop
      vertex 15.616 8.20158 0.4
      vertex 16.4412 8.59187 0.2
      vertex 15.616 8.20158 0.2
    endloop
  endfacet
  facet normal -0.514077 0.857744 0
    outer loop
      vertex 15.616 8.20158 0.2
      vertex 14.8334 7.73254 0.4
      vertex 15.616 8.20158 0.4
    endloop
  endfacet
  facet normal -0.514077 0.857744 0
    outer loop
      vertex 14.8334 7.73254 0.4
      vertex 15.616 8.20158 0.2
      vertex 14.8334 7.73254 0.2
    endloop
  endfacet
  facet normal -0.595725 0.803189 0
    outer loop
      vertex 14.8334 7.73254 0.2
      vertex 14.1003 7.1888 0.4
      vertex 14.8334 7.73254 0.4
    endloop
  endfacet
  facet normal -0.595725 0.803189 0
    outer loop
      vertex 14.1003 7.1888 0.4
      vertex 14.8334 7.73254 0.2
      vertex 14.1003 7.1888 0.2
    endloop
  endfacet
  facet normal -0.67155 0.740959 0
    outer loop
      vertex 14.1003 7.1888 0.2
      vertex 13.479 6.6257 0.4
      vertex 14.1003 7.1888 0.4
    endloop
  endfacet
  facet normal -0.67155 0.740959 0
    outer loop
      vertex 13.479 6.6257 0.4
      vertex 14.1003 7.1888 0.2
      vertex 13.479 6.6257 0.2
    endloop
  endfacet
  facet normal -0.634366 0.773033 0
    outer loop
      vertex 13.479 6.6257 0.2
      vertex 13.2399 6.42949 0.4
      vertex 13.479 6.6257 0.4
    endloop
  endfacet
  facet normal -0.634366 0.773033 0
    outer loop
      vertex 13.2399 6.42949 0.4
      vertex 13.479 6.6257 0.2
      vertex 13.2399 6.42949 0.2
    endloop
  endfacet
  facet normal -0.555523 0.831501 0
    outer loop
      vertex 13.2399 6.42949 0.2
      vertex 12.9788 6.25505 0.4
      vertex 13.2399 6.42949 0.4
    endloop
  endfacet
  facet normal -0.555523 0.831501 0
    outer loop
      vertex 12.9788 6.25505 0.4
      vertex 13.2399 6.42949 0.2
      vertex 12.9788 6.25505 0.2
    endloop
  endfacet
  facet normal -0.471423 0.881907 0
    outer loop
      vertex 12.9788 6.25505 0.2
      vertex 12.7018 6.10698 0.4
      vertex 12.9788 6.25505 0.4
    endloop
  endfacet
  facet normal -0.471423 0.881907 0
    outer loop
      vertex 12.7018 6.10698 0.4
      vertex 12.9788 6.25505 0.2
      vertex 12.7018 6.10698 0.2
    endloop
  endfacet
  facet normal -0.382674 0.923883 0
    outer loop
      vertex 12.7018 6.10698 0.2
      vertex 12.4117 5.98682 0.4
      vertex 12.7018 6.10698 0.4
    endloop
  endfacet
  facet normal -0.382674 0.923883 0
    outer loop
      vertex 12.4117 5.98682 0.4
      vertex 12.7018 6.10698 0.2
      vertex 12.4117 5.98682 0.2
    endloop
  endfacet
  facet normal -0.29021 0.956963 0
    outer loop
      vertex 12.4117 5.98682 0.2
      vertex 12.1112 5.89569 0.4
      vertex 12.4117 5.98682 0.4
    endloop
  endfacet
  facet normal -0.29021 0.956963 0
    outer loop
      vertex 12.1112 5.89569 0.4
      vertex 12.4117 5.98682 0.2
      vertex 12.1112 5.89569 0.2
    endloop
  endfacet
  facet normal -0.195114 0.980781 0
    outer loop
      vertex 12.1112 5.89569 0.2
      vertex 11.8007 5.83392 0.4
      vertex 12.1112 5.89569 0.4
    endloop
  endfacet
  facet normal -0.195114 0.980781 0
    outer loop
      vertex 11.8007 5.83392 0.4
      vertex 12.1112 5.89569 0.2
      vertex 11.8007 5.83392 0.2
    endloop
  endfacet
  facet normal -0.0735554 0.997291 0
    outer loop
      vertex 11.8007 5.83392 0.2
      vertex 11.3408 5.8 0.4
      vertex 11.8007 5.83392 0.4
    endloop
  endfacet
  facet normal -0.0735554 0.997291 0
    outer loop
      vertex 11.3408 5.8 0.4
      vertex 11.8007 5.83392 0.2
      vertex 11.3408 5.8 0.2
    endloop
  endfacet
  facet normal 0 1 -0
    outer loop
      vertex 11.3408 5.8 0.2
      vertex 8.66174 5.8 0.4
      vertex 11.3408 5.8 0.4
    endloop
  endfacet
  facet normal 0 1 0
    outer loop
      vertex 8.66174 5.8 0.4
      vertex 11.3408 5.8 0.2
      vertex 8.66174 5.8 0.2
    endloop
  endfacet
  facet normal 0.0490819 0.998795 -0
    outer loop
      vertex 8.66174 5.8 0.2
      vertex 8.35263 5.81519 0.4
      vertex 8.66174 5.8 0.4
    endloop
  endfacet
  facet normal 0.0490819 0.998795 0
    outer loop
      vertex 8.35263 5.81519 0.4
      vertex 8.66174 5.8 0.2
      vertex 8.35263 5.81519 0.2
    endloop
  endfacet
  facet normal 0.146718 0.989178 -0
    outer loop
      vertex 8.35263 5.81519 0.2
      vertex 8.04216 5.86124 0.4
      vertex 8.35263 5.81519 0.4
    endloop
  endfacet
  facet normal 0.146718 0.989178 0
    outer loop
      vertex 8.04216 5.86124 0.4
      vertex 8.35263 5.81519 0.2
      vertex 8.04216 5.86124 0.2
    endloop
  endfacet
  facet normal 0.243007 0.970024 -0
    outer loop
      vertex 8.04216 5.86124 0.2
      vertex 7.73743 5.93758 0.4
      vertex 8.04216 5.86124 0.4
    endloop
  endfacet
  facet normal 0.243007 0.970024 0
    outer loop
      vertex 7.73743 5.93758 0.4
      vertex 8.04216 5.86124 0.2
      vertex 7.73743 5.93758 0.2
    endloop
  endfacet
  facet normal 0.336857 0.941556 -0
    outer loop
      vertex 7.73743 5.93758 0.2
      vertex 7.44165 6.0434 0.4
      vertex 7.73743 5.93758 0.4
    endloop
  endfacet
  facet normal 0.336857 0.941556 0
    outer loop
      vertex 7.44165 6.0434 0.4
      vertex 7.73743 5.93758 0.2
      vertex 7.44165 6.0434 0.2
    endloop
  endfacet
  facet normal 0.427493 0.904019 -0
    outer loop
      vertex 7.44165 6.0434 0.2
      vertex 7.1579 6.17758 0.4
      vertex 7.44165 6.0434 0.4
    endloop
  endfacet
  facet normal 0.427493 0.904019 0
    outer loop
      vertex 7.1579 6.17758 0.4
      vertex 7.44165 6.0434 0.2
      vertex 7.1579 6.17758 0.2
    endloop
  endfacet
  facet normal 0.514152 0.857699 -0
    outer loop
      vertex 7.1579 6.17758 0.2
      vertex 6.88637 6.34035 0.4
      vertex 7.1579 6.17758 0.4
    endloop
  endfacet
  facet normal 0.514152 0.857699 0
    outer loop
      vertex 6.88637 6.34035 0.4
      vertex 7.1579 6.17758 0.2
      vertex 6.88637 6.34035 0.2
    endloop
  endfacet
  facet normal 0.615198 0.788372 -0
    outer loop
      vertex 6.88637 6.34035 0.2
      vertex 6.5229 6.62398 0.4
      vertex 6.88637 6.34035 0.4
    endloop
  endfacet
  facet normal 0.615198 0.788372 0
    outer loop
      vertex 6.5229 6.62398 0.4
      vertex 6.88637 6.34035 0.2
      vertex 6.5229 6.62398 0.2
    endloop
  endfacet
  facet normal 0.671567 0.740944 -0
    outer loop
      vertex 6.5229 6.62398 0.2
      vertex 5.89973 7.1888 0.4
      vertex 6.5229 6.62398 0.4
    endloop
  endfacet
  facet normal 0.671567 0.740944 0
    outer loop
      vertex 5.89973 7.1888 0.4
      vertex 6.5229 6.62398 0.2
      vertex 5.89973 7.1888 0.2
    endloop
  endfacet
  facet normal 0.595683 0.80322 -0
    outer loop
      vertex 5.89973 7.1888 0.2
      vertex 5.16655 7.73254 0.4
      vertex 5.89973 7.1888 0.4
    endloop
  endfacet
  facet normal 0.595683 0.80322 0
    outer loop
      vertex 5.16655 7.73254 0.4
      vertex 5.89973 7.1888 0.2
      vertex 5.16655 7.73254 0.2
    endloop
  endfacet
  facet normal 0.514101 0.85773 -0
    outer loop
      vertex 5.16655 7.73254 0.2
      vertex 4.384 8.20158 0.4
      vertex 5.16655 7.73254 0.4
    endloop
  endfacet
  facet normal 0.514101 0.85773 0
    outer loop
      vertex 4.384 8.20158 0.4
      vertex 5.16655 7.73254 0.2
      vertex 4.384 8.20158 0.2
    endloop
  endfacet
  facet normal 0.42755 0.903992 -0
    outer loop
      vertex 4.384 8.20158 0.2
      vertex 3.55879 8.59187 0.4
      vertex 4.384 8.20158 0.4
    endloop
  endfacet
  facet normal 0.42755 0.903992 0
    outer loop
      vertex 3.55879 8.59187 0.4
      vertex 4.384 8.20158 0.2
      vertex 3.55879 8.59187 0.2
    endloop
  endfacet
  facet normal 0.336887 0.941545 -0
    outer loop
      vertex 3.55879 8.59187 0.2
      vertex 2.69946 8.89934 0.4
      vertex 3.55879 8.59187 0.4
    endloop
  endfacet
  facet normal 0.336887 0.941545 0
    outer loop
      vertex 2.69946 8.89934 0.4
      vertex 3.55879 8.59187 0.2
      vertex 2.69946 8.89934 0.2
    endloop
  endfacet
  facet normal 0.242984 0.97003 -0
    outer loop
      vertex 2.69946 8.89934 0.2
      vertex 1.81432 9.12106 0.4
      vertex 2.69946 8.89934 0.4
    endloop
  endfacet
  facet normal 0.242984 0.97003 0
    outer loop
      vertex 1.81432 9.12106 0.4
      vertex 2.69946 8.89934 0.2
      vertex 1.81432 9.12106 0.2
    endloop
  endfacet
  facet normal 0.146724 0.989178 -0
    outer loop
      vertex 1.81432 9.12106 0.2
      vertex 0.91153 9.25497 0.4
      vertex 1.81432 9.12106 0.4
    endloop
  endfacet
  facet normal 0.146724 0.989178 0
    outer loop
      vertex 0.91153 9.25497 0.4
      vertex 1.81432 9.12106 0.2
      vertex 0.91153 9.25497 0.2
    endloop
  endfacet
  facet normal 0.049078 0.998795 -0
    outer loop
      vertex 0.91153 9.25497 0.2
      vertex 0 9.29976 0.4
      vertex 0.91153 9.25497 0.4
    endloop
  endfacet
  facet normal 0.049078 0.998795 0
    outer loop
      vertex 0 9.29976 0.4
      vertex 0.91153 9.25497 0.2
      vertex 0 9.29976 0.2
    endloop
  endfacet
  facet normal -0.049078 0.998795 0
    outer loop
      vertex 0 9.29976 0.2
      vertex -0.91153 9.25497 0.4
      vertex 0 9.29976 0.4
    endloop
  endfacet
  facet normal -0.049078 0.998795 0
    outer loop
      vertex -0.91153 9.25497 0.4
      vertex 0 9.29976 0.2
      vertex -0.91153 9.25497 0.2
    endloop
  endfacet
  facet normal -0.146724 0.989178 0
    outer loop
      vertex -0.91153 9.25497 0.2
      vertex -1.81432 9.12106 0.4
      vertex -0.91153 9.25497 0.4
    endloop
  endfacet
  facet normal -0.146724 0.989178 0
    outer loop
      vertex -1.81432 9.12106 0.4
      vertex -0.91153 9.25497 0.2
      vertex -1.81432 9.12106 0.2
    endloop
  endfacet
  facet normal -0.242984 0.97003 0
    outer loop
      vertex -1.81432 9.12106 0.2
      vertex -2.69946 8.89934 0.4
      vertex -1.81432 9.12106 0.4
    endloop
  endfacet
  facet normal -0.242984 0.97003 0
    outer loop
      vertex -2.69946 8.89934 0.4
      vertex -1.81432 9.12106 0.2
      vertex -2.69946 8.89934 0.2
    endloop
  endfacet
  facet normal -0.336887 0.941545 0
    outer loop
      vertex -2.69946 8.89934 0.2
      vertex -3.55879 8.59187 0.4
      vertex -2.69946 8.89934 0.4
    endloop
  endfacet
  facet normal -0.336887 0.941545 0
    outer loop
      vertex -3.55879 8.59187 0.4
      vertex -2.69946 8.89934 0.2
      vertex -3.55879 8.59187 0.2
    endloop
  endfacet
  facet normal -0.42755 0.903992 0
    outer loop
      vertex -3.55879 8.59187 0.2
      vertex -4.384 8.20158 0.4
      vertex -3.55879 8.59187 0.4
    endloop
  endfacet
  facet normal -0.42755 0.903992 0
    outer loop
      vertex -4.384 8.20158 0.4
      vertex -3.55879 8.59187 0.2
      vertex -4.384 8.20158 0.2
    endloop
  endfacet
  facet normal -0.514101 0.85773 0
    outer loop
      vertex -4.384 8.20158 0.2
      vertex -5.16655 7.73254 0.4
      vertex -4.384 8.20158 0.4
    endloop
  endfacet
  facet normal -0.514101 0.85773 0
    outer loop
      vertex -5.16655 7.73254 0.4
      vertex -4.384 8.20158 0.2
      vertex -5.16655 7.73254 0.2
    endloop
  endfacet
  facet normal -0.595688 0.803216 0
    outer loop
      vertex -5.16655 7.73254 0.2
      vertex -5.89972 7.1888 0.4
      vertex -5.16655 7.73254 0.4
    endloop
  endfacet
  facet normal -0.595688 0.803216 0
    outer loop
      vertex -5.89972 7.1888 0.4
      vertex -5.16655 7.73254 0.2
      vertex -5.89972 7.1888 0.2
    endloop
  endfacet
  facet normal -0.671552 0.740957 0
    outer loop
      vertex -5.89972 7.1888 0.2
      vertex -6.57593 6.57593 0.4
      vertex -5.89972 7.1888 0.4
    endloop
  endfacet
  facet normal -0.671552 0.740957 0
    outer loop
      vertex -6.57593 6.57593 0.4
      vertex -5.89972 7.1888 0.2
      vertex -6.57593 6.57593 0.2
    endloop
  endfacet
  facet normal -0.740957 0.671552 0
    outer loop
      vertex -7.1888 5.89972 0.2
      vertex -6.57593 6.57593 0.4
      vertex -6.57593 6.57593 0.2
    endloop
  endfacet
  facet normal -0.740957 0.671552 0
    outer loop
      vertex -6.57593 6.57593 0.4
      vertex -7.1888 5.89972 0.2
      vertex -7.1888 5.89972 0.4
    endloop
  endfacet
  facet normal -0.803216 0.595688 0
    outer loop
      vertex -7.73254 5.16655 0.2
      vertex -7.1888 5.89972 0.4
      vertex -7.1888 5.89972 0.2
    endloop
  endfacet
  facet normal -0.803216 0.595688 0
    outer loop
      vertex -7.1888 5.89972 0.4
      vertex -7.73254 5.16655 0.2
      vertex -7.73254 5.16655 0.4
    endloop
  endfacet
  facet normal -0.85773 0.514101 0
    outer loop
      vertex -8.20158 4.384 0.2
      vertex -7.73254 5.16655 0.4
      vertex -7.73254 5.16655 0.2
    endloop
  endfacet
  facet normal -0.85773 0.514101 0
    outer loop
      vertex -7.73254 5.16655 0.4
      vertex -8.20158 4.384 0.2
      vertex -8.20158 4.384 0.4
    endloop
  endfacet
  facet normal -0.903992 0.42755 0
    outer loop
      vertex -8.59187 3.55879 0.2
      vertex -8.20158 4.384 0.4
      vertex -8.20158 4.384 0.2
    endloop
  endfacet
  facet normal -0.903992 0.42755 0
    outer loop
      vertex -8.20158 4.384 0.4
      vertex -8.59187 3.55879 0.2
      vertex -8.59187 3.55879 0.4
    endloop
  endfacet
  facet normal -0.941545 0.336887 0
    outer loop
      vertex -8.89934 2.69946 0.2
      vertex -8.59187 3.55879 0.4
      vertex -8.59187 3.55879 0.2
    endloop
  endfacet
  facet normal -0.941545 0.336887 0
    outer loop
      vertex -8.59187 3.55879 0.4
      vertex -8.89934 2.69946 0.2
      vertex -8.89934 2.69946 0.4
    endloop
  endfacet
  facet normal -0.97003 0.242984 0
    outer loop
      vertex -9.12106 1.81432 0.2
      vertex -8.89934 2.69946 0.4
      vertex -8.89934 2.69946 0.2
    endloop
  endfacet
  facet normal -0.97003 0.242984 0
    outer loop
      vertex -8.89934 2.69946 0.4
      vertex -9.12106 1.81432 0.2
      vertex -9.12106 1.81432 0.4
    endloop
  endfacet
  facet normal -0.989178 0.146724 0
    outer loop
      vertex -9.25497 0.91153 0.2
      vertex -9.12106 1.81432 0.4
      vertex -9.12106 1.81432 0.2
    endloop
  endfacet
  facet normal -0.989178 0.146724 0
    outer loop
      vertex -9.12106 1.81432 0.4
      vertex -9.25497 0.91153 0.2
      vertex -9.25497 0.91153 0.4
    endloop
  endfacet
  facet normal -0.998795 0.049078 0
    outer loop
      vertex -9.29976 0 0.2
      vertex -9.25497 0.91153 0.4
      vertex -9.25497 0.91153 0.2
    endloop
  endfacet
  facet normal -0.998795 0.049078 0
    outer loop
      vertex -9.25497 0.91153 0.4
      vertex -9.29976 0 0.2
      vertex -9.29976 0 0.4
    endloop
  endfacet
  facet normal -0.998795 -0.049078 0
    outer loop
      vertex -9.25497 -0.91153 0.2
      vertex -9.29976 0 0.4
      vertex -9.29976 0 0.2
    endloop
  endfacet
  facet normal -0.998795 -0.049078 0
    outer loop
      vertex -9.29976 0 0.4
      vertex -9.25497 -0.91153 0.2
      vertex -9.25497 -0.91153 0.4
    endloop
  endfacet
  facet normal -0.989178 -0.146724 0
    outer loop
      vertex -9.12106 -1.81432 0.2
      vertex -9.25497 -0.91153 0.4
      vertex -9.25497 -0.91153 0.2
    endloop
  endfacet
  facet normal -0.989178 -0.146724 0
    outer loop
      vertex -9.25497 -0.91153 0.4
      vertex -9.12106 -1.81432 0.2
      vertex -9.12106 -1.81432 0.4
    endloop
  endfacet
  facet normal -0.97003 -0.242984 0
    outer loop
      vertex -8.89934 -2.69946 0.2
      vertex -9.12106 -1.81432 0.4
      vertex -9.12106 -1.81432 0.2
    endloop
  endfacet
  facet normal -0.97003 -0.242984 0
    outer loop
      vertex -9.12106 -1.81432 0.4
      vertex -8.89934 -2.69946 0.2
      vertex -8.89934 -2.69946 0.4
    endloop
  endfacet
  facet normal -0.941545 -0.336887 0
    outer loop
      vertex -8.59187 -3.55879 0.2
      vertex -8.89934 -2.69946 0.4
      vertex -8.89934 -2.69946 0.2
    endloop
  endfacet
  facet normal -0.941545 -0.336887 0
    outer loop
      vertex -8.89934 -2.69946 0.4
      vertex -8.59187 -3.55879 0.2
      vertex -8.59187 -3.55879 0.4
    endloop
  endfacet
  facet normal -0.903992 -0.42755 0
    outer loop
      vertex -8.20158 -4.384 0.2
      vertex -8.59187 -3.55879 0.4
      vertex -8.59187 -3.55879 0.2
    endloop
  endfacet
  facet normal -0.903992 -0.42755 0
    outer loop
      vertex -8.59187 -3.55879 0.4
      vertex -8.20158 -4.384 0.2
      vertex -8.20158 -4.384 0.4
    endloop
  endfacet
  facet normal -0.85773 -0.514101 0
    outer loop
      vertex -7.73254 -5.16655 0.2
      vertex -8.20158 -4.384 0.4
      vertex -8.20158 -4.384 0.2
    endloop
  endfacet
  facet normal -0.85773 -0.514101 0
    outer loop
      vertex -8.20158 -4.384 0.4
      vertex -7.73254 -5.16655 0.2
      vertex -7.73254 -5.16655 0.4
    endloop
  endfacet
  facet normal -0.803216 -0.595688 0
    outer loop
      vertex -7.1888 -5.89972 0.2
      vertex -7.73254 -5.16655 0.4
      vertex -7.73254 -5.16655 0.2
    endloop
  endfacet
  facet normal -0.803216 -0.595688 0
    outer loop
      vertex -7.73254 -5.16655 0.4
      vertex -7.1888 -5.89972 0.2
      vertex -7.1888 -5.89972 0.4
    endloop
  endfacet
  facet normal -0.740957 -0.671552 0
    outer loop
      vertex -6.57593 -6.57593 0.2
      vertex -7.1888 -5.89972 0.4
      vertex -7.1888 -5.89972 0.2
    endloop
  endfacet
  facet normal -0.740957 -0.671552 0
    outer loop
      vertex -7.1888 -5.89972 0.4
      vertex -6.57593 -6.57593 0.2
      vertex -6.57593 -6.57593 0.4
    endloop
  endfacet
  facet normal -0.671552 -0.740957 0
    outer loop
      vertex -6.57593 -6.57593 0.2
      vertex -5.89972 -7.1888 0.4
      vertex -6.57593 -6.57593 0.4
    endloop
  endfacet
  facet normal -0.671552 -0.740957 -0
    outer loop
      vertex -5.89972 -7.1888 0.4
      vertex -6.57593 -6.57593 0.2
      vertex -5.89972 -7.1888 0.2
    endloop
  endfacet
  facet normal -0.595688 -0.803216 0
    outer loop
      vertex -5.89972 -7.1888 0.2
      vertex -5.16655 -7.73254 0.4
      vertex -5.89972 -7.1888 0.4
    endloop
  endfacet
  facet normal -0.595688 -0.803216 -0
    outer loop
      vertex -5.16655 -7.73254 0.4
      vertex -5.89972 -7.1888 0.2
      vertex -5.16655 -7.73254 0.2
    endloop
  endfacet
  facet normal -0.514101 -0.85773 0
    outer loop
      vertex -5.16655 -7.73254 0.2
      vertex -4.384 -8.20158 0.4
      vertex -5.16655 -7.73254 0.4
    endloop
  endfacet
  facet normal -0.514101 -0.85773 -0
    outer loop
      vertex -4.384 -8.20158 0.4
      vertex -5.16655 -7.73254 0.2
      vertex -4.384 -8.20158 0.2
    endloop
  endfacet
  facet normal -0.42755 -0.903992 0
    outer loop
      vertex -4.384 -8.20158 0.2
      vertex -3.55879 -8.59187 0.4
      vertex -4.384 -8.20158 0.4
    endloop
  endfacet
  facet normal -0.42755 -0.903992 -0
    outer loop
      vertex -3.55879 -8.59187 0.4
      vertex -4.384 -8.20158 0.2
      vertex -3.55879 -8.59187 0.2
    endloop
  endfacet
  facet normal -0.336887 -0.941545 0
    outer loop
      vertex -3.55879 -8.59187 0.2
      vertex -2.69946 -8.89934 0.4
      vertex -3.55879 -8.59187 0.4
    endloop
  endfacet
  facet normal -0.336887 -0.941545 -0
    outer loop
      vertex -2.69946 -8.89934 0.4
      vertex -3.55879 -8.59187 0.2
      vertex -2.69946 -8.89934 0.2
    endloop
  endfacet
  facet normal -0.242984 -0.97003 0
    outer loop
      vertex -2.69946 -8.89934 0.2
      vertex -1.81432 -9.12106 0.4
      vertex -2.69946 -8.89934 0.4
    endloop
  endfacet
  facet normal -0.242984 -0.97003 -0
    outer loop
      vertex -1.81432 -9.12106 0.4
      vertex -2.69946 -8.89934 0.2
      vertex -1.81432 -9.12106 0.2
    endloop
  endfacet
  facet normal -0.146724 -0.989178 0
    outer loop
      vertex -1.81432 -9.12106 0.2
      vertex -0.91153 -9.25497 0.4
      vertex -1.81432 -9.12106 0.4
    endloop
  endfacet
  facet normal -0.146724 -0.989178 -0
    outer loop
      vertex -0.91153 -9.25497 0.4
      vertex -1.81432 -9.12106 0.2
      vertex -0.91153 -9.25497 0.2
    endloop
  endfacet
  facet normal -0.049078 -0.998795 0
    outer loop
      vertex -0.91153 -9.25497 0.2
      vertex 0 -9.29976 0.4
      vertex -0.91153 -9.25497 0.4
    endloop
  endfacet
  facet normal -0.049078 -0.998795 -0
    outer loop
      vertex 0 -9.29976 0.4
      vertex -0.91153 -9.25497 0.2
      vertex 0 -9.29976 0.2
    endloop
  endfacet
  facet normal 0.049078 -0.998795 0
    outer loop
      vertex 0 -9.29976 0.2
      vertex 0.91153 -9.25497 0.4
      vertex 0 -9.29976 0.4
    endloop
  endfacet
  facet normal 0.049078 -0.998795 0
    outer loop
      vertex 0.91153 -9.25497 0.4
      vertex 0 -9.29976 0.2
      vertex 0.91153 -9.25497 0.2
    endloop
  endfacet
  facet normal 0.146724 -0.989178 0
    outer loop
      vertex 0.91153 -9.25497 0.2
      vertex 1.81432 -9.12106 0.4
      vertex 0.91153 -9.25497 0.4
    endloop
  endfacet
  facet normal 0.146724 -0.989178 0
    outer loop
      vertex 1.81432 -9.12106 0.4
      vertex 0.91153 -9.25497 0.2
      vertex 1.81432 -9.12106 0.2
    endloop
  endfacet
  facet normal 0.242984 -0.97003 0
    outer loop
      vertex 1.81432 -9.12106 0.2
      vertex 2.69946 -8.89934 0.4
      vertex 1.81432 -9.12106 0.4
    endloop
  endfacet
  facet normal 0.242984 -0.97003 0
    outer loop
      vertex 2.69946 -8.89934 0.4
      vertex 1.81432 -9.12106 0.2
      vertex 2.69946 -8.89934 0.2
    endloop
  endfacet
  facet normal 0.336887 -0.941545 0
    outer loop
      vertex 2.69946 -8.89934 0.2
      vertex 3.55879 -8.59187 0.4
      vertex 2.69946 -8.89934 0.4
    endloop
  endfacet
  facet normal 0.336887 -0.941545 0
    outer loop
      vertex 3.55879 -8.59187 0.4
      vertex 2.69946 -8.89934 0.2
      vertex 3.55879 -8.59187 0.2
    endloop
  endfacet
  facet normal 0.42755 -0.903992 0
    outer loop
      vertex 3.55879 -8.59187 0.2
      vertex 4.384 -8.20158 0.4
      vertex 3.55879 -8.59187 0.4
    endloop
  endfacet
  facet normal 0.42755 -0.903992 0
    outer loop
      vertex 4.384 -8.20158 0.4
      vertex 3.55879 -8.59187 0.2
      vertex 4.384 -8.20158 0.2
    endloop
  endfacet
  facet normal 0.514101 -0.85773 0
    outer loop
      vertex 4.384 -8.20158 0.2
      vertex 5.16655 -7.73254 0.4
      vertex 4.384 -8.20158 0.4
    endloop
  endfacet
  facet normal 0.514101 -0.85773 0
    outer loop
      vertex 5.16655 -7.73254 0.4
      vertex 4.384 -8.20158 0.2
      vertex 5.16655 -7.73254 0.2
    endloop
  endfacet
  facet normal 0.595683 -0.80322 0
    outer loop
      vertex 5.16655 -7.73254 0.2
      vertex 5.89973 -7.1888 0.4
      vertex 5.16655 -7.73254 0.4
    endloop
  endfacet
  facet normal 0.595683 -0.80322 0
    outer loop
      vertex 5.89973 -7.1888 0.4
      vertex 5.16655 -7.73254 0.2
      vertex 5.89973 -7.1888 0.2
    endloop
  endfacet
  facet normal 0.67155 -0.740959 0
    outer loop
      vertex 5.89973 -7.1888 0.2
      vertex 6.52103 -6.6257 0.4
      vertex 5.89973 -7.1888 0.4
    endloop
  endfacet
  facet normal 0.67155 -0.740959 0
    outer loop
      vertex 6.52103 -6.6257 0.4
      vertex 5.89973 -7.1888 0.2
      vertex 6.52103 -6.6257 0.2
    endloop
  endfacet
  facet normal 0.634382 -0.77302 0
    outer loop
      vertex 6.52103 -6.6257 0.2
      vertex 6.76012 -6.42949 0.4
      vertex 6.52103 -6.6257 0.4
    endloop
  endfacet
  facet normal 0.634382 -0.77302 0
    outer loop
      vertex 6.76012 -6.42949 0.4
      vertex 6.52103 -6.6257 0.2
      vertex 6.76012 -6.42949 0.2
    endloop
  endfacet
  facet normal 0.555582 -0.831462 0
    outer loop
      vertex 6.76012 -6.42949 0.2
      vertex 7.02118 -6.25505 0.4
      vertex 6.76012 -6.42949 0.4
    endloop
  endfacet
  facet normal 0.555582 -0.831462 0
    outer loop
      vertex 7.02118 -6.25505 0.4
      vertex 6.76012 -6.42949 0.2
      vertex 7.02118 -6.25505 0.2
    endloop
  endfacet
  facet normal 0.471396 -0.881922 0
    outer loop
      vertex 7.02118 -6.25505 0.2
      vertex 7.2982 -6.10698 0.4
      vertex 7.02118 -6.25505 0.4
    endloop
  endfacet
  facet normal 0.471396 -0.881922 0
    outer loop
      vertex 7.2982 -6.10698 0.4
      vertex 7.02118 -6.25505 0.2
      vertex 7.2982 -6.10698 0.2
    endloop
  endfacet
  facet normal 0.382708 -0.923869 0
    outer loop
      vertex 7.2982 -6.10698 0.2
      vertex 7.58827 -5.98682 0.4
      vertex 7.2982 -6.10698 0.4
    endloop
  endfacet
  facet normal 0.382708 -0.923869 0
    outer loop
      vertex 7.58827 -5.98682 0.4
      vertex 7.2982 -6.10698 0.2
      vertex 7.58827 -5.98682 0.2
    endloop
  endfacet
  facet normal 0.290192 -0.956968 0
    outer loop
      vertex 7.58827 -5.98682 0.2
      vertex 7.88879 -5.89569 0.4
      vertex 7.58827 -5.98682 0.4
    endloop
  endfacet
  facet normal 0.290192 -0.956968 0
    outer loop
      vertex 7.88879 -5.89569 0.4
      vertex 7.58827 -5.98682 0.2
      vertex 7.88879 -5.89569 0.2
    endloop
  endfacet
  facet normal 0.195138 -0.980776 0
    outer loop
      vertex 7.88879 -5.89569 0.2
      vertex 8.19925 -5.83392 0.4
      vertex 7.88879 -5.89569 0.4
    endloop
  endfacet
  facet normal 0.195138 -0.980776 0
    outer loop
      vertex 8.19925 -5.83392 0.4
      vertex 7.88879 -5.89569 0.2
      vertex 8.19925 -5.83392 0.2
    endloop
  endfacet
  facet normal 0.073549 -0.997292 0
    outer loop
      vertex 8.19925 -5.83392 0.2
      vertex 8.65919 -5.8 0.4
      vertex 8.19925 -5.83392 0.4
    endloop
  endfacet
  facet normal 0.073549 -0.997292 0
    outer loop
      vertex 8.65919 -5.8 0.4
      vertex 8.19925 -5.83392 0.2
      vertex 8.65919 -5.8 0.2
    endloop
  endfacet
  facet normal 0 -1 0
    outer loop
      vertex 8.65919 -5.8 0.2
      vertex 11.3382 -5.8 0.4
      vertex 8.65919 -5.8 0.4
    endloop
  endfacet
  facet normal 0 -1 -0
    outer loop
      vertex 11.3382 -5.8 0.4
      vertex 8.65919 -5.8 0.2
      vertex 11.3382 -5.8 0.2
    endloop
  endfacet
  facet normal -0.0490676 -0.998795 0
    outer loop
      vertex 11.3382 -5.8 0.2
      vertex 11.6474 -5.81519 0.4
      vertex 11.3382 -5.8 0.4
    endloop
  endfacet
  facet normal -0.0490676 -0.998795 -0
    outer loop
      vertex 11.6474 -5.81519 0.4
      vertex 11.3382 -5.8 0.2
      vertex 11.6474 -5.81519 0.2
    endloop
  endfacet
  facet normal -0.146751 -0.989173 0
    outer loop
      vertex 11.6474 -5.81519 0.2
      vertex 11.9578 -5.86124 0.4
      vertex 11.6474 -5.81519 0.4
    endloop
  endfacet
  facet normal -0.146751 -0.989173 -0
    outer loop
      vertex 11.9578 -5.86124 0.4
      vertex 11.6474 -5.81519 0.2
      vertex 11.9578 -5.86124 0.2
    endloop
  endfacet
  facet normal -0.242955 -0.970038 0
    outer loop
      vertex 11.9578 -5.86124 0.2
      vertex 12.2626 -5.93758 0.4
      vertex 11.9578 -5.86124 0.4
    endloop
  endfacet
  facet normal -0.242955 -0.970038 -0
    outer loop
      vertex 12.2626 -5.93758 0.4
      vertex 11.9578 -5.86124 0.2
      vertex 12.2626 -5.93758 0.2
    endloop
  endfacet
  facet normal -0.336937 -0.941527 0
    outer loop
      vertex 12.2626 -5.93758 0.2
      vertex 12.5583 -6.0434 0.4
      vertex 12.2626 -5.93758 0.4
    endloop
  endfacet
  facet normal -0.336937 -0.941527 -0
    outer loop
      vertex 12.5583 -6.0434 0.4
      vertex 12.2626 -5.93758 0.2
      vertex 12.5583 -6.0434 0.2
    endloop
  endfacet
  facet normal -0.427432 -0.904048 0
    outer loop
      vertex 12.5583 -6.0434 0.2
      vertex 12.8421 -6.17758 0.4
      vertex 12.5583 -6.0434 0.4
    endloop
  endfacet
  facet normal -0.427432 -0.904048 -0
    outer loop
      vertex 12.8421 -6.17758 0.4
      vertex 12.5583 -6.0434 0.2
      vertex 12.8421 -6.17758 0.2
    endloop
  endfacet
  facet normal -0.514194 -0.857674 0
    outer loop
      vertex 12.8421 -6.17758 0.2
      vertex 13.1136 -6.34035 0.4
      vertex 12.8421 -6.17758 0.4
    endloop
  endfacet
  facet normal -0.514194 -0.857674 -0
    outer loop
      vertex 13.1136 -6.34035 0.4
      vertex 12.8421 -6.17758 0.2
      vertex 13.1136 -6.34035 0.2
    endloop
  endfacet
  facet normal -0.615167 -0.788397 0
    outer loop
      vertex 13.1136 -6.34035 0.2
      vertex 13.4771 -6.62398 0.4
      vertex 13.1136 -6.34035 0.4
    endloop
  endfacet
  facet normal -0.615167 -0.788397 -0
    outer loop
      vertex 13.4771 -6.62398 0.4
      vertex 13.1136 -6.34035 0.2
      vertex 13.4771 -6.62398 0.2
    endloop
  endfacet
  facet normal -0.671549 -0.74096 0
    outer loop
      vertex 13.4771 -6.62398 0.2
      vertex 14.1003 -7.1888 0.4
      vertex 13.4771 -6.62398 0.4
    endloop
  endfacet
  facet normal -0.671549 -0.74096 -0
    outer loop
      vertex 14.1003 -7.1888 0.4
      vertex 13.4771 -6.62398 0.2
      vertex 14.1003 -7.1888 0.2
    endloop
  endfacet
  facet normal -0.595725 -0.803189 0
    outer loop
      vertex 14.1003 -7.1888 0.2
      vertex 14.8334 -7.73254 0.4
      vertex 14.1003 -7.1888 0.4
    endloop
  endfacet
  facet normal -0.595725 -0.803189 -0
    outer loop
      vertex 14.8334 -7.73254 0.4
      vertex 14.1003 -7.1888 0.2
      vertex 14.8334 -7.73254 0.2
    endloop
  endfacet
  facet normal -0.514077 -0.857744 0
    outer loop
      vertex 14.8334 -7.73254 0.2
      vertex 15.616 -8.20158 0.4
      vertex 14.8334 -7.73254 0.4
    endloop
  endfacet
  facet normal -0.514077 -0.857744 -0
    outer loop
      vertex 15.616 -8.20158 0.4
      vertex 14.8334 -7.73254 0.2
      vertex 15.616 -8.20158 0.2
    endloop
  endfacet
  facet normal -0.427555 -0.90399 0
    outer loop
      vertex 15.616 -8.20158 0.2
      vertex 16.4412 -8.59187 0.4
      vertex 15.616 -8.20158 0.4
    endloop
  endfacet
  facet normal -0.427555 -0.90399 -0
    outer loop
      vertex 16.4412 -8.59187 0.4
      vertex 15.616 -8.20158 0.2
      vertex 16.4412 -8.59187 0.2
    endloop
  endfacet
  facet normal -0.336897 -0.941541 0
    outer loop
      vertex 16.4412 -8.59187 0.2
      vertex 17.3005 -8.89934 0.4
      vertex 16.4412 -8.59187 0.4
    endloop
  endfacet
  facet normal -0.336897 -0.941541 -0
    outer loop
      vertex 17.3005 -8.89934 0.4
      vertex 16.4412 -8.59187 0.2
      vertex 17.3005 -8.89934 0.2
    endloop
  endfacet
  facet normal -0.242969 -0.970034 0
    outer loop
      vertex 17.3005 -8.89934 0.2
      vertex 18.1857 -9.12106 0.4
      vertex 17.3005 -8.89934 0.4
    endloop
  endfacet
  facet normal -0.242969 -0.970034 -0
    outer loop
      vertex 18.1857 -9.12106 0.4
      vertex 17.3005 -8.89934 0.2
      vertex 18.1857 -9.12106 0.2
    endloop
  endfacet
  facet normal -0.146722 -0.989178 0
    outer loop
      vertex 18.1857 -9.12106 0.2
      vertex 19.0885 -9.25497 0.4
      vertex 18.1857 -9.12106 0.4
    endloop
  endfacet
  facet normal -0.146722 -0.989178 -0
    outer loop
      vertex 19.0885 -9.25497 0.4
      vertex 18.1857 -9.12106 0.2
      vertex 19.0885 -9.25497 0.2
    endloop
  endfacet
  facet normal -0.0490796 -0.998795 0
    outer loop
      vertex 19.0885 -9.25497 0.2
      vertex 20 -9.29976 0.4
      vertex 19.0885 -9.25497 0.4
    endloop
  endfacet
  facet normal -0.0490796 -0.998795 -0
    outer loop
      vertex 20 -9.29976 0.4
      vertex 19.0885 -9.25497 0.2
      vertex 20 -9.29976 0.2
    endloop
  endfacet
  facet normal 0.0490796 -0.998795 0
    outer loop
      vertex 20 -9.29976 0.2
      vertex 20.9115 -9.25497 0.4
      vertex 20 -9.29976 0.4
    endloop
  endfacet
  facet normal 0.0490796 -0.998795 0
    outer loop
      vertex 20.9115 -9.25497 0.4
      vertex 20 -9.29976 0.2
      vertex 20.9115 -9.25497 0.2
    endloop
  endfacet
  facet normal 0 0 1
    outer loop
      vertex 29.0995 0 4.8
      vertex 29.2998 0 4.8
      vertex 29.255 0.91153 4.8
    endloop
  endfacet
  facet normal 0 0 1
    outer loop
      vertex 29.0557 0.891876 4.8
      vertex 29.255 0.91153 4.8
      vertex 29.1211 1.81432 4.8
    endloop
  endfacet
  facet normal 0 0 1
    outer loop
      vertex 29.2998 0 4.8
      vertex 29.0995 0 4.8
      vertex 29.255 -0.91153 4.8
    endloop
  endfacet
  facet normal -0 0 1
    outer loop
      vertex 29.0557 -0.891876 4.8
      vertex 29.255 -0.91153 4.8
      vertex 29.0995 0 4.8
    endloop
  endfacet
  facet normal 0 0 1
    outer loop
      vertex 29.255 0.91153 4.8
      vertex 29.0557 0.891876 4.8
      vertex 29.0995 0 4.8
    endloop
  endfacet
  facet normal 0 0 1
    outer loop
      vertex 29.1211 1.81432 4.8
      vertex 28.9247 1.77525 4.8
      vertex 29.0557 0.891876 4.8
    endloop
  endfacet
  facet normal 0 0 1
    outer loop
      vertex 28.8993 2.69946 4.8
      vertex 28.9247 1.77525 4.8
      vertex 29.1211 1.81432 4.8
    endloop
  endfacet
  facet normal 0 0 1
    outer loop
      vertex 28.8993 2.69946 4.8
      vertex 28.7077 2.64146 4.8
      vertex 28.9247 1.77525 4.8
    endloop
  endfacet
  facet normal 0 0 1
    outer loop
      vertex 28.5919 3.55879 4.8
      vertex 28.7077 2.64146 4.8
      vertex 28.8993 2.69946 4.8
    endloop
  endfacet
  facet normal 0 0 1
    outer loop
      vertex 28.5919 3.55879 4.8
      vertex 28.4069 3.48212 4.8
      vertex 28.7077 2.64146 4.8
    endloop
  endfacet
  facet normal 0 0 1
    outer loop
      vertex 28.2016 4.384 4.8
      vertex 28.4069 3.48212 4.8
      vertex 28.5919 3.55879 4.8
    endloop
  endfacet
  facet normal 0 0 1
    outer loop
      vertex 28.2016 4.384 4.8
      vertex 28.025 4.28952 4.8
      vertex 28.4069 3.48212 4.8
    endloop
  endfacet
  facet normal 0 0 1
    outer loop
      vertex 27.7325 5.16655 4.8
      vertex 28.025 4.28952 4.8
      vertex 28.2016 4.384 4.8
    endloop
  endfacet
  facet normal 0 0 1
    outer loop
      vertex 27.7325 5.16655 4.8
      vertex 27.566 5.05537 4.8
      vertex 28.025 4.28952 4.8
    endloop
  endfacet
  facet normal 0 0 1
    outer loop
      vertex 27.1888 5.89972 4.8
      vertex 27.566 5.05537 4.8
      vertex 27.7325 5.16655 4.8
    endloop
  endfacet
  facet normal 0 0 1
    outer loop
      vertex 27.1888 5.89972 4.8
      vertex 27.034 5.77271 4.8
      vertex 27.566 5.05537 4.8
    endloop
  endfacet
  facet normal 0 0 1
    outer loop
      vertex 26.5759 6.57593 4.8
      vertex 27.034 5.77271 4.8
      vertex 27.1888 5.89972 4.8
    endloop
  endfacet
  facet normal 0 0 1
    outer loop
      vertex 26.5759 6.57593 4.8
      vertex 26.4344 6.43431 4.8
      vertex 27.034 5.77271 4.8
    endloop
  endfacet
  facet normal 0 0 1
    outer loop
      vertex 25.8997 7.1888 4.8
      vertex 26.4344 6.43431 4.8
      vertex 26.5759 6.57593 4.8
    endloop
  endfacet
  facet normal 0 0 1
    outer loop
      vertex 25.8997 7.1888 4.8
      vertex 25.7727 7.034 4.8
      vertex 26.4344 6.43431 4.8
    endloop
  endfacet
  facet normal 0 0 1
    outer loop
      vertex 25.1665 7.73254 4.8
      vertex 25.7727 7.034 4.8
      vertex 25.8997 7.1888 4.8
    endloop
  endfacet
  facet normal 0 0 1
    outer loop
      vertex 25.1665 7.73254 4.8
      vertex 25.0554 7.56599 4.8
      vertex 25.7727 7.034 4.8
    endloop
  endfacet
  facet normal 0 0 1
    outer loop
      vertex 24.384 8.20158 4.8
      vertex 25.0554 7.56599 4.8
      vertex 25.1665 7.73254 4.8
    endloop
  endfacet
  facet normal 0 0 1
    outer loop
      vertex 24.384 8.20158 4.8
      vertex 24.2895 8.02502 4.8
      vertex 25.0554 7.56599 4.8
    endloop
  endfacet
  facet normal 0 0 1
    outer loop
      vertex 23.5588 8.59187 4.8
      vertex 24.2895 8.02502 4.8
      vertex 24.384 8.20158 4.8
    endloop
  endfacet
  facet normal 0 0 1
    outer loop
      vertex 23.5588 8.59187 4.8
      vertex 23.4821 8.40691 4.8
      vertex 24.2895 8.02502 4.8
    endloop
  endfacet
  facet normal 0 0 1
    outer loop
      vertex 22.6995 8.89934 4.8
      vertex 23.4821 8.40691 4.8
      vertex 23.5588 8.59187 4.8
    endloop
  endfacet
  facet normal 0 0 1
    outer loop
      vertex 22.6995 8.89934 4.8
      vertex 22.6415 8.70767 4.8
      vertex 23.4821 8.40691 4.8
    endloop
  endfacet
  facet normal 0 0 1
    outer loop
      vertex 21.8143 9.12106 4.8
      vertex 22.6415 8.70767 4.8
      vertex 22.6995 8.89934 4.8
    endloop
  endfacet
  facet normal 0 0 1
    outer loop
      vertex 21.8143 9.12106 4.8
      vertex 21.7753 8.92465 4.8
      vertex 22.6415 8.70767 4.8
    endloop
  endfacet
  facet normal 0 0 1
    outer loop
      vertex 20.9115 9.25497 4.8
      vertex 21.7753 8.92465 4.8
      vertex 21.8143 9.12106 4.8
    endloop
  endfacet
  facet normal 0 0 1
    outer loop
      vertex 20.9115 9.25497 4.8
      vertex 20.8919 9.05569 4.8
      vertex 21.7753 8.92465 4.8
    endloop
  endfacet
  facet normal 0 0 1
    outer loop
      vertex 20 9.29976 4.8
      vertex 20.8919 9.05569 4.8
      vertex 20.9115 9.25497 4.8
    endloop
  endfacet
  facet normal 0 0 1
    outer loop
      vertex 20 9.29976 4.8
      vertex 20 9.0995 4.8
      vertex 20.8919 9.05569 4.8
    endloop
  endfacet
  facet normal 0 0 1
    outer loop
      vertex 20 9.29976 4.8
      vertex 19.1081 9.05569 4.8
      vertex 20 9.0995 4.8
    endloop
  endfacet
  facet normal -0 0 1
    outer loop
      vertex 19.0885 9.25497 4.8
      vertex 19.1081 9.05569 4.8
      vertex 20 9.29976 4.8
    endloop
  endfacet
  facet normal 0 0 1
    outer loop
      vertex 19.0885 9.25497 4.8
      vertex 18.2247 8.92465 4.8
      vertex 19.1081 9.05569 4.8
    endloop
  endfacet
  facet normal -0 0 1
    outer loop
      vertex 18.1857 9.12106 4.8
      vertex 18.2247 8.92465 4.8
      vertex 19.0885 9.25497 4.8
    endloop
  endfacet
  facet normal 0 0 1
    outer loop
      vertex 18.1857 9.12106 4.8
      vertex 17.3585 8.70767 4.8
      vertex 18.2247 8.92465 4.8
    endloop
  endfacet
  facet normal -0 0 1
    outer loop
      vertex 17.3005 8.89934 4.8
      vertex 17.3585 8.70767 4.8
      vertex 18.1857 9.12106 4.8
    endloop
  endfacet
  facet normal 0 0 1
    outer loop
      vertex 17.3005 8.89934 4.8
      vertex 16.5179 8.40691 4.8
      vertex 17.3585 8.70767 4.8
    endloop
  endfacet
  facet normal -0 0 1
    outer loop
      vertex 16.4412 8.59187 4.8
      vertex 16.5179 8.40691 4.8
      vertex 17.3005 8.89934 4.8
    endloop
  endfacet
  facet normal 0 0 1
    outer loop
      vertex 16.4412 8.59187 4.8
      vertex 15.7105 8.02502 4.8
      vertex 16.5179 8.40691 4.8
    endloop
  endfacet
  facet normal -0 0 1
    outer loop
      vertex 15.616 8.20158 4.8
      vertex 15.7105 8.02502 4.8
      vertex 16.4412 8.59187 4.8
    endloop
  endfacet
  facet normal 0 0 1
    outer loop
      vertex 15.616 8.20158 4.8
      vertex 14.9446 7.56599 4.8
      vertex 15.7105 8.02502 4.8
    endloop
  endfacet
  facet normal -0 0 1
    outer loop
      vertex 14.8334 7.73254 4.8
      vertex 14.9446 7.56599 4.8
      vertex 15.616 8.20158 4.8
    endloop
  endfacet
  facet normal 0 0 1
    outer loop
      vertex 14.8334 7.73254 4.8
      vertex 14.2273 7.034 4.8
      vertex 14.9446 7.56599 4.8
    endloop
  endfacet
  facet normal -0 0 1
    outer loop
      vertex 14.1003 7.1888 4.8
      vertex 14.2273 7.034 4.8
      vertex 14.8334 7.73254 4.8
    endloop
  endfacet
  facet normal 0 0 1
    outer loop
      vertex 13.479 6.6257 4.8
      vertex 14.2273 7.034 4.8
      vertex 14.1003 7.1888 4.8
    endloop
  endfacet
  facet normal 0 0 1
    outer loop
      vertex 14.2273 7.034 4.8
      vertex 13.479 6.6257 4.8
      vertex 13.6096 6.47421 4.8
    endloop
  endfacet
  facet normal 0 0 1
    outer loop
      vertex 13.2399 6.42949 4.8
      vertex 13.6096 6.47421 4.8
      vertex 13.479 6.6257 4.8
    endloop
  endfacet
  facet normal 0 0 1
    outer loop
      vertex 13.6096 6.47421 4.8
      vertex 13.2399 6.42949 4.8
      vertex 13.3592 6.26866 4.8
    endloop
  endfacet
  facet normal 0 0 1
    outer loop
      vertex 13.2399 6.42949 4.8
      vertex 13.0817 6.0833 4.8
      vertex 13.3592 6.26866 4.8
    endloop
  endfacet
  facet normal -0 0 1
    outer loop
      vertex 12.9788 6.25505 4.8
      vertex 13.0817 6.0833 4.8
      vertex 13.2399 6.42949 4.8
    endloop
  endfacet
  facet normal 0 0 1
    outer loop
      vertex 12.9788 6.25505 4.8
      vertex 12.7874 5.92596 4.8
      vertex 13.0817 6.0833 4.8
    endloop
  endfacet
  facet normal -0 0 1
    outer loop
      vertex 12.7018 6.10698 4.8
      vertex 12.7874 5.92596 4.8
      vertex 12.9788 6.25505 4.8
    endloop
  endfacet
  facet normal 0 0 1
    outer loop
      vertex 12.7018 6.10698 4.8
      vertex 12.4792 5.79828 4.8
      vertex 12.7874 5.92596 4.8
    endloop
  endfacet
  facet normal -0 0 1
    outer loop
      vertex 12.4117 5.98682 4.8
      vertex 12.4792 5.79828 4.8
      vertex 12.7018 6.10698 4.8
    endloop
  endfacet
  facet normal 0 0 1
    outer loop
      vertex 12.4117 5.98682 4.8
      vertex 12.1599 5.70146 4.8
      vertex 12.4792 5.79828 4.8
    endloop
  endfacet
  facet normal -0 0 1
    outer loop
      vertex 12.1112 5.89569 4.8
      vertex 12.1599 5.70146 4.8
      vertex 12.4117 5.98682 4.8
    endloop
  endfacet
  facet normal -0 0 1
    outer loop
      vertex 11.8007 5.83392 4.8
      vertex 12.1599 5.70146 4.8
      vertex 12.1112 5.89569 4.8
    endloop
  endfacet
  facet normal 0 0 1
    outer loop
      vertex 12.1599 5.70146 4.8
      vertex 11.8007 5.83392 4.8
      vertex 11.8277 5.63536 4.8
    endloop
  endfacet
  facet normal 0 0 1
    outer loop
      vertex 11.8007 5.83392 4.8
      vertex 11.3481 5.60001 4.8
      vertex 11.8277 5.63536 4.8
    endloop
  endfacet
  facet normal -0 0 1
    outer loop
      vertex 11.3408 5.8 4.8
      vertex 11.3481 5.60001 4.8
      vertex 11.8007 5.83392 4.8
    endloop
  endfacet
  facet normal 0 0 1
    outer loop
      vertex 8.65683 5.60001 4.8
      vertex 11.3408 5.8 4.8
      vertex 8.66174 5.8 4.8
    endloop
  endfacet
  facet normal 0 0 1
    outer loop
      vertex 11.3408 5.8 4.8
      vertex 8.65683 5.60001 4.8
      vertex 11.3481 5.60001 4.8
    endloop
  endfacet
  facet normal 0 0 1
    outer loop
      vertex 8.35263 5.81519 4.8
      vertex 8.65683 5.60001 4.8
      vertex 8.66174 5.8 4.8
    endloop
  endfacet
  facet normal 0 0 1
    outer loop
      vertex 8.35263 5.81519 4.8
      vertex 8.33299 5.61591 4.8
      vertex 8.65683 5.60001 4.8
    endloop
  endfacet
  facet normal 0 0 1
    outer loop
      vertex 8.04216 5.86124 4.8
      vertex 8.33299 5.61591 4.8
      vertex 8.35263 5.81519 4.8
    endloop
  endfacet
  facet normal 0 0 1
    outer loop
      vertex 8.04216 5.86124 4.8
      vertex 8.0031 5.66484 4.8
      vertex 8.33299 5.61591 4.8
    endloop
  endfacet
  facet normal 0 0 1
    outer loop
      vertex 7.73743 5.93758 4.8
      vertex 8.0031 5.66484 4.8
      vertex 8.04216 5.86124 4.8
    endloop
  endfacet
  facet normal 0 0 1
    outer loop
      vertex 7.73743 5.93758 4.8
      vertex 7.67929 5.74596 4.8
      vertex 8.0031 5.66484 4.8
    endloop
  endfacet
  facet normal 0 0 1
    outer loop
      vertex 7.44165 6.0434 4.8
      vertex 7.67929 5.74596 4.8
      vertex 7.73743 5.93758 4.8
    endloop
  endfacet
  facet normal 0 0 1
    outer loop
      vertex 7.44165 6.0434 4.8
      vertex 7.36504 5.8584 4.8
      vertex 7.67929 5.74596 4.8
    endloop
  endfacet
  facet normal 0 0 1
    outer loop
      vertex 7.1579 6.17758 4.8
      vertex 7.36504 5.8584 4.8
      vertex 7.44165 6.0434 4.8
    endloop
  endfacet
  facet normal 0 0 1
    outer loop
      vertex 7.1579 6.17758 4.8
      vertex 7.06351 6.00099 4.8
      vertex 7.36504 5.8584 4.8
    endloop
  endfacet
  facet normal 0 0 1
    outer loop
      vertex 6.88637 6.34035 4.8
      vertex 7.06351 6.00099 4.8
      vertex 7.1579 6.17758 4.8
    endloop
  endfacet
  facet normal 0 0 1
    outer loop
      vertex 6.88637 6.34035 4.8
      vertex 6.77301 6.17511 4.8
      vertex 7.06351 6.00099 4.8
    endloop
  endfacet
  facet normal -0 0 1
    outer loop
      vertex 6.39406 6.47084 4.8
      vertex 6.88637 6.34035 4.8
      vertex 6.5229 6.62398 4.8
    endloop
  endfacet
  facet normal 0 0 1
    outer loop
      vertex 6.88637 6.34035 4.8
      vertex 6.39406 6.47084 4.8
      vertex 6.77301 6.17511 4.8
    endloop
  endfacet
  facet normal -0 0 1
    outer loop
      vertex 5.77274 7.03398 4.8
      vertex 6.5229 6.62398 4.8
      vertex 5.89973 7.1888 4.8
    endloop
  endfacet
  facet normal 0 0 1
    outer loop
      vertex 6.5229 6.62398 4.8
      vertex 5.77274 7.03398 4.8
      vertex 6.39406 6.47084 4.8
    endloop
  endfacet
  facet normal 0 0 1
    outer loop
      vertex 5.16655 7.73254 4.8
      vertex 5.77274 7.03398 4.8
      vertex 5.89973 7.1888 4.8
    endloop
  endfacet
  facet normal 0 0 1
    outer loop
      vertex 5.16655 7.73254 4.8
      vertex 5.05537 7.56599 4.8
      vertex 5.77274 7.03398 4.8
    endloop
  endfacet
  facet normal 0 0 1
    outer loop
      vertex 4.384 8.20158 4.8
      vertex 5.05537 7.56599 4.8
      vertex 5.16655 7.73254 4.8
    endloop
  endfacet
  facet normal 0 0 1
    outer loop
      vertex 4.384 8.20158 4.8
      vertex 4.28952 8.02502 4.8
      vertex 5.05537 7.56599 4.8
    endloop
  endfacet
  facet normal 0 0 1
    outer loop
      vertex 3.55879 8.59187 4.8
      vertex 4.28952 8.02502 4.8
      vertex 4.384 8.20158 4.8
    endloop
  endfacet
  facet normal 0 0 1
    outer loop
      vertex 3.55879 8.59187 4.8
      vertex 3.48212 8.40691 4.8
      vertex 4.28952 8.02502 4.8
    endloop
  endfacet
  facet normal 0 0 1
    outer loop
      vertex 2.69946 8.89934 4.8
      vertex 3.48212 8.40691 4.8
      vertex 3.55879 8.59187 4.8
    endloop
  endfacet
  facet normal 0 0 1
    outer loop
      vertex 2.69946 8.89934 4.8
      vertex 2.64146 8.70767 4.8
      vertex 3.48212 8.40691 4.8
    endloop
  endfacet
  facet normal 0 0 1
    outer loop
      vertex 1.81432 9.12106 4.8
      vertex 2.64146 8.70767 4.8
      vertex 2.69946 8.89934 4.8
    endloop
  endfacet
  facet normal 0 0 1
    outer loop
      vertex 1.81432 9.12106 4.8
      vertex 1.77525 8.92465 4.8
      vertex 2.64146 8.70767 4.8
    endloop
  endfacet
  facet normal 0 0 1
    outer loop
      vertex 0.91153 9.25497 4.8
      vertex 1.77525 8.92465 4.8
      vertex 1.81432 9.12106 4.8
    endloop
  endfacet
  facet normal 0 0 1
    outer loop
      vertex 0.91153 9.25497 4.8
      vertex 0.891876 9.05569 4.8
      vertex 1.77525 8.92465 4.8
    endloop
  endfacet
  facet normal 0 0 1
    outer loop
      vertex 0 9.29976 4.8
      vertex 0.891876 9.05569 4.8
      vertex 0.91153 9.25497 4.8
    endloop
  endfacet
  facet normal 0 0 1
    outer loop
      vertex 0 9.29976 4.8
      vertex 0 9.0995 4.8
      vertex 0.891876 9.05569 4.8
    endloop
  endfacet
  facet normal 0 0 1
    outer loop
      vertex 0 9.29976 4.8
      vertex -0.891876 9.05569 4.8
      vertex 0 9.0995 4.8
    endloop
  endfacet
  facet normal -0 0 1
    outer loop
      vertex -0.91153 9.25497 4.8
      vertex -0.891876 9.05569 4.8
      vertex 0 9.29976 4.8
    endloop
  endfacet
  facet normal 0 0 1
    outer loop
      vertex -0.91153 9.25497 4.8
      vertex -1.77525 8.92465 4.8
      vertex -0.891876 9.05569 4.8
    endloop
  endfacet
  facet normal -0 0 1
    outer loop
      vertex -1.81432 9.12106 4.8
      vertex -1.77525 8.92465 4.8
      vertex -0.91153 9.25497 4.8
    endloop
  endfacet
  facet normal 0 0 1
    outer loop
      vertex -1.81432 9.12106 4.8
      vertex -2.64146 8.70767 4.8
      vertex -1.77525 8.92465 4.8
    endloop
  endfacet
  facet normal -0 0 1
    outer loop
      vertex -2.69946 8.89934 4.8
      vertex -2.64146 8.70767 4.8
      vertex -1.81432 9.12106 4.8
    endloop
  endfacet
  facet normal 0 0 1
    outer loop
      vertex -2.69946 8.89934 4.8
      vertex -3.48212 8.40691 4.8
      vertex -2.64146 8.70767 4.8
    endloop
  endfacet
  facet normal -0 0 1
    outer loop
      vertex -3.55879 8.59187 4.8
      vertex -3.48212 8.40691 4.8
      vertex -2.69946 8.89934 4.8
    endloop
  endfacet
  facet normal 0 0 1
    outer loop
      vertex -3.55879 8.59187 4.8
      vertex -4.28952 8.02502 4.8
      vertex -3.48212 8.40691 4.8
    endloop
  endfacet
  facet normal -0 0 1
    outer loop
      vertex -4.384 8.20158 4.8
      vertex -4.28952 8.02502 4.8
      vertex -3.55879 8.59187 4.8
    endloop
  endfacet
  facet normal 0 0 1
    outer loop
      vertex -4.384 8.20158 4.8
      vertex -5.05537 7.56599 4.8
      vertex -4.28952 8.02502 4.8
    endloop
  endfacet
  facet normal -0 0 1
    outer loop
      vertex -5.16655 7.73254 4.8
      vertex -5.05537 7.56599 4.8
      vertex -4.384 8.20158 4.8
    endloop
  endfacet
  facet normal 0 0 1
    outer loop
      vertex -5.16655 7.73254 4.8
      vertex -5.77271 7.034 4.8
      vertex -5.05537 7.56599 4.8
    endloop
  endfacet
  facet normal -0 0 1
    outer loop
      vertex -5.89972 7.1888 4.8
      vertex -5.77271 7.034 4.8
      vertex -5.16655 7.73254 4.8
    endloop
  endfacet
  facet normal 0 0 1
    outer loop
      vertex -5.89972 7.1888 4.8
      vertex -6.43436 6.43431 4.8
      vertex -5.77271 7.034 4.8
    endloop
  endfacet
  facet normal -0 0 1
    outer loop
      vertex -6.57593 6.57593 4.8
      vertex -6.43436 6.43431 4.8
      vertex -5.89972 7.1888 4.8
    endloop
  endfacet
  facet normal 0 0 1
    outer loop
      vertex -6.57593 6.57593 4.8
      vertex -7.034 5.77271 4.8
      vertex -6.43436 6.43431 4.8
    endloop
  endfacet
  facet normal -0 0 1
    outer loop
      vertex -7.1888 5.89972 4.8
      vertex -7.034 5.77271 4.8
      vertex -6.57593 6.57593 4.8
    endloop
  endfacet
  facet normal 0 0 1
    outer loop
      vertex -7.1888 5.89972 4.8
      vertex -7.56599 5.05537 4.8
      vertex -7.034 5.77271 4.8
    endloop
  endfacet
  facet normal -0 0 1
    outer loop
      vertex -7.73254 5.16655 4.8
      vertex -7.56599 5.05537 4.8
      vertex -7.1888 5.89972 4.8
    endloop
  endfacet
  facet normal 0 0 1
    outer loop
      vertex -7.73254 5.16655 4.8
      vertex -8.02502 4.28952 4.8
      vertex -7.56599 5.05537 4.8
    endloop
  endfacet
  facet normal -0 0 1
    outer loop
      vertex -8.20158 4.384 4.8
      vertex -8.02502 4.28952 4.8
      vertex -7.73254 5.16655 4.8
    endloop
  endfacet
  facet normal 0 0 1
    outer loop
      vertex -8.20158 4.384 4.8
      vertex -8.40691 3.48212 4.8
      vertex -8.02502 4.28952 4.8
    endloop
  endfacet
  facet normal -0 0 1
    outer loop
      vertex -8.59187 3.55879 4.8
      vertex -8.40691 3.48212 4.8
      vertex -8.20158 4.384 4.8
    endloop
  endfacet
  facet normal 0 0 1
    outer loop
      vertex -8.59187 3.55879 4.8
      vertex -8.70767 2.64146 4.8
      vertex -8.40691 3.48212 4.8
    endloop
  endfacet
  facet normal -0 0 1
    outer loop
      vertex -8.89934 2.69946 4.8
      vertex -8.70767 2.64146 4.8
      vertex -8.59187 3.55879 4.8
    endloop
  endfacet
  facet normal 0 0 1
    outer loop
      vertex -8.89934 2.69946 4.8
      vertex -8.92465 1.77525 4.8
      vertex -8.70767 2.64146 4.8
    endloop
  endfacet
  facet normal -0 0 1
    outer loop
      vertex -9.12106 1.81432 4.8
      vertex -8.92465 1.77525 4.8
      vertex -8.89934 2.69946 4.8
    endloop
  endfacet
  facet normal -0 0 1
    outer loop
      vertex -9.25497 0.91153 4.8
      vertex -9.05569 0.891876 4.8
      vertex -9.12106 1.81432 4.8
    endloop
  endfacet
  facet normal 0 0 1
    outer loop
      vertex -8.92465 1.77525 4.8
      vertex -9.12106 1.81432 4.8
      vertex -9.05569 0.891876 4.8
    endloop
  endfacet
  facet normal 0 0 1
    outer loop
      vertex 29.255 -0.91153 4.8
      vertex 29.0557 -0.891876 4.8
      vertex 29.1211 -1.81432 4.8
    endloop
  endfacet
  facet normal -0 0 1
    outer loop
      vertex 28.9247 -1.77525 4.8
      vertex 29.1211 -1.81432 4.8
      vertex 29.0557 -0.891876 4.8
    endloop
  endfacet
  facet normal 0 0 1
    outer loop
      vertex 28.9247 -1.77525 4.8
      vertex 28.8993 -2.69946 4.8
      vertex 29.1211 -1.81432 4.8
    endloop
  endfacet
  facet normal -0 0 1
    outer loop
      vertex 28.7077 -2.64146 4.8
      vertex 28.8993 -2.69946 4.8
      vertex 28.9247 -1.77525 4.8
    endloop
  endfacet
  facet normal 0 0 1
    outer loop
      vertex 28.7077 -2.64146 4.8
      vertex 28.5919 -3.55879 4.8
      vertex 28.8993 -2.69946 4.8
    endloop
  endfacet
  facet normal -0 0 1
    outer loop
      vertex 28.4069 -3.48212 4.8
      vertex 28.5919 -3.55879 4.8
      vertex 28.7077 -2.64146 4.8
    endloop
  endfacet
  facet normal 0 0 1
    outer loop
      vertex 28.4069 -3.48212 4.8
      vertex 28.2016 -4.384 4.8
      vertex 28.5919 -3.55879 4.8
    endloop
  endfacet
  facet normal -0 0 1
    outer loop
      vertex 28.025 -4.28952 4.8
      vertex 28.2016 -4.384 4.8
      vertex 28.4069 -3.48212 4.8
    endloop
  endfacet
  facet normal 0 0 1
    outer loop
      vertex 28.025 -4.28952 4.8
      vertex 27.7325 -5.16655 4.8
      vertex 28.2016 -4.384 4.8
    endloop
  endfacet
  facet normal -0 0 1
    outer loop
      vertex 27.566 -5.05537 4.8
      vertex 27.7325 -5.16655 4.8
      vertex 28.025 -4.28952 4.8
    endloop
  endfacet
  facet normal 0 0 1
    outer loop
      vertex 27.566 -5.05537 4.8
      vertex 27.1888 -5.89972 4.8
      vertex 27.7325 -5.16655 4.8
    endloop
  endfacet
  facet normal -0 0 1
    outer loop
      vertex 27.034 -5.77271 4.8
      vertex 27.1888 -5.89972 4.8
      vertex 27.566 -5.05537 4.8
    endloop
  endfacet
  facet normal 0 0 1
    outer loop
      vertex 27.034 -5.77271 4.8
      vertex 26.5759 -6.57593 4.8
      vertex 27.1888 -5.89972 4.8
    endloop
  endfacet
  facet normal -0 0 1
    outer loop
      vertex 26.4343 -6.43433 4.8
      vertex 26.5759 -6.57593 4.8
      vertex 27.034 -5.77271 4.8
    endloop
  endfacet
  facet normal 0 0 1
    outer loop
      vertex 26.4343 -6.43433 4.8
      vertex 25.8997 -7.1888 4.8
      vertex 26.5759 -6.57593 4.8
    endloop
  endfacet
  facet normal -0 0 1
    outer loop
      vertex 25.7727 -7.034 4.8
      vertex 25.8997 -7.1888 4.8
      vertex 26.4343 -6.43433 4.8
    endloop
  endfacet
  facet normal 0 0 1
    outer loop
      vertex 25.7727 -7.034 4.8
      vertex 25.1665 -7.73254 4.8
      vertex 25.8997 -7.1888 4.8
    endloop
  endfacet
  facet normal -0 0 1
    outer loop
      vertex 25.0554 -7.56599 4.8
      vertex 25.1665 -7.73254 4.8
      vertex 25.7727 -7.034 4.8
    endloop
  endfacet
  facet normal 0 0 1
    outer loop
      vertex 25.0554 -7.56599 4.8
      vertex 24.384 -8.20158 4.8
      vertex 25.1665 -7.73254 4.8
    endloop
  endfacet
  facet normal -0 0 1
    outer loop
      vertex 24.2895 -8.02502 4.8
      vertex 24.384 -8.20158 4.8
      vertex 25.0554 -7.56599 4.8
    endloop
  endfacet
  facet normal 0 0 1
    outer loop
      vertex 24.2895 -8.02502 4.8
      vertex 23.5588 -8.59187 4.8
      vertex 24.384 -8.20158 4.8
    endloop
  endfacet
  facet normal -0 0 1
    outer loop
      vertex 23.4821 -8.40691 4.8
      vertex 23.5588 -8.59187 4.8
      vertex 24.2895 -8.02502 4.8
    endloop
  endfacet
  facet normal 0 0 1
    outer loop
      vertex 23.4821 -8.40691 4.8
      vertex 22.6995 -8.89934 4.8
      vertex 23.5588 -8.59187 4.8
    endloop
  endfacet
  facet normal -0 0 1
    outer loop
      vertex 22.6415 -8.70767 4.8
      vertex 22.6995 -8.89934 4.8
      vertex 23.4821 -8.40691 4.8
    endloop
  endfacet
  facet normal 0 0 1
    outer loop
      vertex 22.6415 -8.70767 4.8
      vertex 21.8143 -9.12106 4.8
      vertex 22.6995 -8.89934 4.8
    endloop
  endfacet
  facet normal -0 0 1
    outer loop
      vertex 21.7753 -8.92465 4.8
      vertex 21.8143 -9.12106 4.8
      vertex 22.6415 -8.70767 4.8
    endloop
  endfacet
  facet normal 0 0 1
    outer loop
      vertex 21.7753 -8.92465 4.8
      vertex 20.9115 -9.25497 4.8
      vertex 21.8143 -9.12106 4.8
    endloop
  endfacet
  facet normal -0 0 1
    outer loop
      vertex 20.8919 -9.05569 4.8
      vertex 20.9115 -9.25497 4.8
      vertex 21.7753 -8.92465 4.8
    endloop
  endfacet
  facet normal -0 0 1
    outer loop
      vertex 20 -9.0995 4.8
      vertex 20.9115 -9.25497 4.8
      vertex 20.8919 -9.05569 4.8
    endloop
  endfacet
  facet normal 0 0 1
    outer loop
      vertex 20 -9.0995 4.8
      vertex 20 -9.29976 4.8
      vertex 20.9115 -9.25497 4.8
    endloop
  endfacet
  facet normal 0 0 1
    outer loop
      vertex 19.1081 -9.05569 4.8
      vertex 20 -9.29976 4.8
      vertex 20 -9.0995 4.8
    endloop
  endfacet
  facet normal 0 0 1
    outer loop
      vertex 19.1081 -9.05569 4.8
      vertex 19.0885 -9.25497 4.8
      vertex 20 -9.29976 4.8
    endloop
  endfacet
  facet normal 0 0 1
    outer loop
      vertex 18.2247 -8.92465 4.8
      vertex 19.0885 -9.25497 4.8
      vertex 19.1081 -9.05569 4.8
    endloop
  endfacet
  facet normal 0 0 1
    outer loop
      vertex 18.2247 -8.92465 4.8
      vertex 18.1857 -9.12106 4.8
      vertex 19.0885 -9.25497 4.8
    endloop
  endfacet
  facet normal 0 0 1
    outer loop
      vertex 17.3585 -8.70767 4.8
      vertex 18.1857 -9.12106 4.8
      vertex 18.2247 -8.92465 4.8
    endloop
  endfacet
  facet normal 0 0 1
    outer loop
      vertex 17.3585 -8.70767 4.8
      vertex 17.3005 -8.89934 4.8
      vertex 18.1857 -9.12106 4.8
    endloop
  endfacet
  facet normal 0 0 1
    outer loop
      vertex 16.5179 -8.40691 4.8
      vertex 17.3005 -8.89934 4.8
      vertex 17.3585 -8.70767 4.8
    endloop
  endfacet
  facet normal 0 0 1
    outer loop
      vertex 16.5179 -8.40691 4.8
      vertex 16.4412 -8.59187 4.8
      vertex 17.3005 -8.89934 4.8
    endloop
  endfacet
  facet normal 0 0 1
    outer loop
      vertex 15.7105 -8.02502 4.8
      vertex 16.4412 -8.59187 4.8
      vertex 16.5179 -8.40691 4.8
    endloop
  endfacet
  facet normal 0 0 1
    outer loop
      vertex 15.7105 -8.02502 4.8
      vertex 15.616 -8.20158 4.8
      vertex 16.4412 -8.59187 4.8
    endloop
  endfacet
  facet normal 0 0 1
    outer loop
      vertex 14.9446 -7.56599 4.8
      vertex 15.616 -8.20158 4.8
      vertex 15.7105 -8.02502 4.8
    endloop
  endfacet
  facet normal 0 0 1
    outer loop
      vertex 14.9446 -7.56599 4.8
      vertex 14.8334 -7.73254 4.8
      vertex 15.616 -8.20158 4.8
    endloop
  endfacet
  facet normal 0 0 1
    outer loop
      vertex 14.2272 -7.03398 4.8
      vertex 14.8334 -7.73254 4.8
      vertex 14.9446 -7.56599 4.8
    endloop
  endfacet
  facet normal 0 0 1
    outer loop
      vertex 14.2272 -7.03398 4.8
      vertex 14.1003 -7.1888 4.8
      vertex 14.8334 -7.73254 4.8
    endloop
  endfacet
  facet normal -0 0 1
    outer loop
      vertex 13.4771 -6.62398 4.8
      vertex 14.2272 -7.03398 4.8
      vertex 13.6059 -6.47084 4.8
    endloop
  endfacet
  facet normal 0 0 1
    outer loop
      vertex 14.2272 -7.03398 4.8
      vertex 13.4771 -6.62398 4.8
      vertex 14.1003 -7.1888 4.8
    endloop
  endfacet
  facet normal -0 0 1
    outer loop
      vertex 13.1136 -6.34035 4.8
      vertex 13.6059 -6.47084 4.8
      vertex 13.227 -6.17511 4.8
    endloop
  endfacet
  facet normal 0 0 1
    outer loop
      vertex 13.6059 -6.47084 4.8
      vertex 13.1136 -6.34035 4.8
      vertex 13.4771 -6.62398 4.8
    endloop
  endfacet
  facet normal 0 0 1
    outer loop
      vertex 12.9365 -6.00099 4.8
      vertex 13.1136 -6.34035 4.8
      vertex 13.227 -6.17511 4.8
    endloop
  endfacet
  facet normal 0 0 1
    outer loop
      vertex 12.9365 -6.00099 4.8
      vertex 12.8421 -6.17758 4.8
      vertex 13.1136 -6.34035 4.8
    endloop
  endfacet
  facet normal 0 0 1
    outer loop
      vertex 12.6349 -5.8584 4.8
      vertex 12.8421 -6.17758 4.8
      vertex 12.9365 -6.00099 4.8
    endloop
  endfacet
  facet normal 0 0 1
    outer loop
      vertex 12.6349 -5.8584 4.8
      vertex 12.5583 -6.0434 4.8
      vertex 12.8421 -6.17758 4.8
    endloop
  endfacet
  facet normal 0 0 1
    outer loop
      vertex 12.3207 -5.74596 4.8
      vertex 12.5583 -6.0434 4.8
      vertex 12.6349 -5.8584 4.8
    endloop
  endfacet
  facet normal 0 0 1
    outer loop
      vertex 12.3207 -5.74596 4.8
      vertex 12.2626 -5.93758 4.8
      vertex 12.5583 -6.0434 4.8
    endloop
  endfacet
  facet normal 0 0 1
    outer loop
      vertex 11.9969 -5.66484 4.8
      vertex 12.2626 -5.93758 4.8
      vertex 12.3207 -5.74596 4.8
    endloop
  endfacet
  facet normal 0 0 1
    outer loop
      vertex 11.9969 -5.66484 4.8
      vertex 11.9578 -5.86124 4.8
      vertex 12.2626 -5.93758 4.8
    endloop
  endfacet
  facet normal 0 0 1
    outer loop
      vertex 11.667 -5.61591 4.8
      vertex 11.9578 -5.86124 4.8
      vertex 11.9969 -5.66484 4.8
    endloop
  endfacet
  facet normal 0 0 1
    outer loop
      vertex 11.667 -5.61591 4.8
      vertex 11.6474 -5.81519 4.8
      vertex 11.9578 -5.86124 4.8
    endloop
  endfacet
  facet normal 0 0 1
    outer loop
      vertex 11.3432 -5.60001 4.8
      vertex 11.6474 -5.81519 4.8
      vertex 11.667 -5.61591 4.8
    endloop
  endfacet
  facet normal 0 0 1
    outer loop
      vertex 11.3432 -5.60001 4.8
      vertex 11.3382 -5.8 4.8
      vertex 11.6474 -5.81519 4.8
    endloop
  endfacet
  facet normal 0 0 1
    outer loop
      vertex 11.3432 -5.60001 4.8
      vertex 8.65919 -5.8 4.8
      vertex 11.3382 -5.8 4.8
    endloop
  endfacet
  facet normal -0 0 1
    outer loop
      vertex 8.65184 -5.60001 4.8
      vertex 8.65919 -5.8 4.8
      vertex 11.3432 -5.60001 4.8
    endloop
  endfacet
  facet normal 0 0 1
    outer loop
      vertex 8.65184 -5.60001 4.8
      vertex 8.19925 -5.83392 4.8
      vertex 8.65919 -5.8 4.8
    endloop
  endfacet
  facet normal -0 0 1
    outer loop
      vertex 8.17229 -5.63536 4.8
      vertex 8.19925 -5.83392 4.8
      vertex 8.65184 -5.60001 4.8
    endloop
  endfacet
  facet normal -0 0 1
    outer loop
      vertex 7.84013 -5.70146 4.8
      vertex 8.19925 -5.83392 4.8
      vertex 8.17229 -5.63536 4.8
    endloop
  endfacet
  facet normal 0 0 1
    outer loop
      vertex 8.19925 -5.83392 4.8
      vertex 7.84013 -5.70146 4.8
      vertex 7.88879 -5.89569 4.8
    endloop
  endfacet
  facet normal 0 0 1
    outer loop
      vertex 7.84013 -5.70146 4.8
      vertex 7.58827 -5.98682 4.8
      vertex 7.88879 -5.89569 4.8
    endloop
  endfacet
  facet normal -0 0 1
    outer loop
      vertex 7.52083 -5.79828 4.8
      vertex 7.58827 -5.98682 4.8
      vertex 7.84013 -5.70146 4.8
    endloop
  endfacet
  facet normal 0 0 1
    outer loop
      vertex 7.52083 -5.79828 4.8
      vertex 7.2982 -6.10698 4.8
      vertex 7.58827 -5.98682 4.8
    endloop
  endfacet
  facet normal -0 0 1
    outer loop
      vertex 7.21259 -5.92596 4.8
      vertex 7.2982 -6.10698 4.8
      vertex 7.52083 -5.79828 4.8
    endloop
  endfacet
  facet normal 0 0 1
    outer loop
      vertex 7.21259 -5.92596 4.8
      vertex 7.02118 -6.25505 4.8
      vertex 7.2982 -6.10698 4.8
    endloop
  endfacet
  facet normal -0 0 1
    outer loop
      vertex 6.91824 -6.0833 4.8
      vertex 7.02118 -6.25505 4.8
      vertex 7.21259 -5.92596 4.8
    endloop
  endfacet
  facet normal 0 0 1
    outer loop
      vertex 6.91824 -6.0833 4.8
      vertex 6.76012 -6.42949 4.8
      vertex 7.02118 -6.25505 4.8
    endloop
  endfacet
  facet normal -0 0 1
    outer loop
      vertex 6.64082 -6.26866 4.8
      vertex 6.76012 -6.42949 4.8
      vertex 6.91824 -6.0833 4.8
    endloop
  endfacet
  facet normal 0 0 1
    outer loop
      vertex 6.39035 -6.47421 4.8
      vertex 6.76012 -6.42949 4.8
      vertex 6.64082 -6.26866 4.8
    endloop
  endfacet
  facet normal 0 0 1
    outer loop
      vertex 6.76012 -6.42949 4.8
      vertex 6.39035 -6.47421 4.8
      vertex 6.52103 -6.6257 4.8
    endloop
  endfacet
  facet normal 0 0 1
    outer loop
      vertex 5.77272 -7.034 4.8
      vertex 6.52103 -6.6257 4.8
      vertex 6.39035 -6.47421 4.8
    endloop
  endfacet
  facet normal 0 0 1
    outer loop
      vertex 6.52103 -6.6257 4.8
      vertex 5.77272 -7.034 4.8
      vertex 5.89973 -7.1888 4.8
    endloop
  endfacet
  facet normal 0 0 1
    outer loop
      vertex 5.77272 -7.034 4.8
      vertex 5.16655 -7.73254 4.8
      vertex 5.89973 -7.1888 4.8
    endloop
  endfacet
  facet normal -0 0 1
    outer loop
      vertex 5.05537 -7.56599 4.8
      vertex 5.16655 -7.73254 4.8
      vertex 5.77272 -7.034 4.8
    endloop
  endfacet
  facet normal 0 0 1
    outer loop
      vertex 5.05537 -7.56599 4.8
      vertex 4.384 -8.20158 4.8
      vertex 5.16655 -7.73254 4.8
    endloop
  endfacet
  facet normal -0 0 1
    outer loop
      vertex 4.28952 -8.02502 4.8
      vertex 4.384 -8.20158 4.8
      vertex 5.05537 -7.56599 4.8
    endloop
  endfacet
  facet normal 0 0 1
    outer loop
      vertex 4.28952 -8.02502 4.8
      vertex 3.55879 -8.59187 4.8
      vertex 4.384 -8.20158 4.8
    endloop
  endfacet
  facet normal -0 0 1
    outer loop
      vertex 3.48212 -8.40691 4.8
      vertex 3.55879 -8.59187 4.8
      vertex 4.28952 -8.02502 4.8
    endloop
  endfacet
  facet normal 0 0 1
    outer loop
      vertex 3.48212 -8.40691 4.8
      vertex 2.69946 -8.89934 4.8
      vertex 3.55879 -8.59187 4.8
    endloop
  endfacet
  facet normal -0 0 1
    outer loop
      vertex 2.64146 -8.70767 4.8
      vertex 2.69946 -8.89934 4.8
      vertex 3.48212 -8.40691 4.8
    endloop
  endfacet
  facet normal 0 0 1
    outer loop
      vertex 2.64146 -8.70767 4.8
      vertex 1.81432 -9.12106 4.8
      vertex 2.69946 -8.89934 4.8
    endloop
  endfacet
  facet normal -0 0 1
    outer loop
      vertex 1.77525 -8.92465 4.8
      vertex 1.81432 -9.12106 4.8
      vertex 2.64146 -8.70767 4.8
    endloop
  endfacet
  facet normal 0 0 1
    outer loop
      vertex 1.77525 -8.92465 4.8
      vertex 0.91153 -9.25497 4.8
      vertex 1.81432 -9.12106 4.8
    endloop
  endfacet
  facet normal -0 0 1
    outer loop
      vertex 0.891876 -9.05569 4.8
      vertex 0.91153 -9.25497 4.8
      vertex 1.77525 -8.92465 4.8
    endloop
  endfacet
  facet normal -0 0 1
    outer loop
      vertex 0 -9.0995 4.8
      vertex 0.91153 -9.25497 4.8
      vertex 0.891876 -9.05569 4.8
    endloop
  endfacet
  facet normal 0 0 1
    outer loop
      vertex 0 -9.0995 4.8
      vertex 0 -9.29976 4.8
      vertex 0.91153 -9.25497 4.8
    endloop
  endfacet
  facet normal 0 0 1
    outer loop
      vertex -0.891876 -9.05569 4.8
      vertex 0 -9.29976 4.8
      vertex 0 -9.0995 4.8
    endloop
  endfacet
  facet normal 0 0 1
    outer loop
      vertex -0.891876 -9.05569 4.8
      vertex -0.91153 -9.25497 4.8
      vertex 0 -9.29976 4.8
    endloop
  endfacet
  facet normal 0 0 1
    outer loop
      vertex -1.77525 -8.92465 4.8
      vertex -0.91153 -9.25497 4.8
      vertex -0.891876 -9.05569 4.8
    endloop
  endfacet
  facet normal 0 0 1
    outer loop
      vertex -1.77525 -8.92465 4.8
      vertex -1.81432 -9.12106 4.8
      vertex -0.91153 -9.25497 4.8
    endloop
  endfacet
  facet normal 0 0 1
    outer loop
      vertex -2.64146 -8.70767 4.8
      vertex -1.81432 -9.12106 4.8
      vertex -1.77525 -8.92465 4.8
    endloop
  endfacet
  facet normal 0 0 1
    outer loop
      vertex -2.64146 -8.70767 4.8
      vertex -2.69946 -8.89934 4.8
      vertex -1.81432 -9.12106 4.8
    endloop
  endfacet
  facet normal 0 0 1
    outer loop
      vertex -3.48212 -8.40691 4.8
      vertex -2.69946 -8.89934 4.8
      vertex -2.64146 -8.70767 4.8
    endloop
  endfacet
  facet normal 0 0 1
    outer loop
      vertex -3.48212 -8.40691 4.8
      vertex -3.55879 -8.59187 4.8
      vertex -2.69946 -8.89934 4.8
    endloop
  endfacet
  facet normal 0 0 1
    outer loop
      vertex -4.28952 -8.02502 4.8
      vertex -3.55879 -8.59187 4.8
      vertex -3.48212 -8.40691 4.8
    endloop
  endfacet
  facet normal 0 0 1
    outer loop
      vertex -4.28952 -8.02502 4.8
      vertex -4.384 -8.20158 4.8
      vertex -3.55879 -8.59187 4.8
    endloop
  endfacet
  facet normal 0 0 1
    outer loop
      vertex -5.05537 -7.56599 4.8
      vertex -4.384 -8.20158 4.8
      vertex -4.28952 -8.02502 4.8
    endloop
  endfacet
  facet normal 0 0 1
    outer loop
      vertex -5.05537 -7.56599 4.8
      vertex -5.16655 -7.73254 4.8
      vertex -4.384 -8.20158 4.8
    endloop
  endfacet
  facet normal 0 0 1
    outer loop
      vertex -5.77271 -7.034 4.8
      vertex -5.16655 -7.73254 4.8
      vertex -5.05537 -7.56599 4.8
    endloop
  endfacet
  facet normal 0 0 1
    outer loop
      vertex -5.77271 -7.034 4.8
      vertex -5.89972 -7.1888 4.8
      vertex -5.16655 -7.73254 4.8
    endloop
  endfacet
  facet normal 0 0 1
    outer loop
      vertex -6.43433 -6.43433 4.8
      vertex -5.89972 -7.1888 4.8
      vertex -5.77271 -7.034 4.8
    endloop
  endfacet
  facet normal 0 0 1
    outer loop
      vertex -6.43433 -6.43433 4.8
      vertex -6.57593 -6.57593 4.8
      vertex -5.89972 -7.1888 4.8
    endloop
  endfacet
  facet normal 0 0 1
    outer loop
      vertex -7.034 -5.77271 4.8
      vertex -6.57593 -6.57593 4.8
      vertex -6.43433 -6.43433 4.8
    endloop
  endfacet
  facet normal 0 0 1
    outer loop
      vertex -7.034 -5.77271 4.8
      vertex -7.1888 -5.89972 4.8
      vertex -6.57593 -6.57593 4.8
    endloop
  endfacet
  facet normal 0 0 1
    outer loop
      vertex -7.56599 -5.05537 4.8
      vertex -7.1888 -5.89972 4.8
      vertex -7.034 -5.77271 4.8
    endloop
  endfacet
  facet normal 0 0 1
    outer loop
      vertex -7.56599 -5.05537 4.8
      vertex -7.73254 -5.16655 4.8
      vertex -7.1888 -5.89972 4.8
    endloop
  endfacet
  facet normal 0 0 1
    outer loop
      vertex -8.02502 -4.28952 4.8
      vertex -7.73254 -5.16655 4.8
      vertex -7.56599 -5.05537 4.8
    endloop
  endfacet
  facet normal 0 0 1
    outer loop
      vertex -8.02502 -4.28952 4.8
      vertex -8.20158 -4.384 4.8
      vertex -7.73254 -5.16655 4.8
    endloop
  endfacet
  facet normal 0 0 1
    outer loop
      vertex -8.40691 -3.48212 4.8
      vertex -8.20158 -4.384 4.8
      vertex -8.02502 -4.28952 4.8
    endloop
  endfacet
  facet normal 0 0 1
    outer loop
      vertex -8.40691 -3.48212 4.8
      vertex -8.59187 -3.55879 4.8
      vertex -8.20158 -4.384 4.8
    endloop
  endfacet
  facet normal 0 0 1
    outer loop
      vertex -8.70767 -2.64146 4.8
      vertex -8.59187 -3.55879 4.8
      vertex -8.40691 -3.48212 4.8
    endloop
  endfacet
  facet normal 0 0 1
    outer loop
      vertex -8.70767 -2.64146 4.8
      vertex -8.89934 -2.69946 4.8
      vertex -8.59187 -3.55879 4.8
    endloop
  endfacet
  facet normal 0 0 1
    outer loop
      vertex -8.92465 -1.77525 4.8
      vertex -8.89934 -2.69946 4.8
      vertex -8.70767 -2.64146 4.8
    endloop
  endfacet
  facet normal 0 0 1
    outer loop
      vertex -9.12106 -1.81432 4.8
      vertex -8.92465 -1.77525 4.8
      vertex -9.05569 -0.891876 4.8
    endloop
  endfacet
  facet normal 0 0 1
    outer loop
      vertex -8.92465 -1.77525 4.8
      vertex -9.12106 -1.81432 4.8
      vertex -8.89934 -2.69946 4.8
    endloop
  endfacet
  facet normal 0 0 1
    outer loop
      vertex -9.25497 -0.91153 4.8
      vertex -9.05569 -0.891876 4.8
      vertex -9.0995 0 4.8
    endloop
  endfacet
  facet normal 0 0 1
    outer loop
      vertex -9.05569 0.891876 4.8
      vertex -9.25497 0.91153 4.8
      vertex -9.0995 0 4.8
    endloop
  endfacet
  facet normal 0 0 1
    outer loop
      vertex -9.29976 0 4.8
      vertex -9.0995 0 4.8
      vertex -9.25497 0.91153 4.8
    endloop
  endfacet
  facet normal 0 0 1
    outer loop
      vertex -9.05569 -0.891876 4.8
      vertex -9.25497 -0.91153 4.8
      vertex -9.12106 -1.81432 4.8
    endloop
  endfacet
  facet normal 0 0 1
    outer loop
      vertex -9.0995 0 4.8
      vertex -9.29976 0 4.8
      vertex -9.25497 -0.91153 4.8
    endloop
  endfacet
  facet normal 0.146722 -0.989178 0
    outer loop
      vertex 20.9115 -9.25497 4.6
      vertex 21.8143 -9.12106 4.8
      vertex 20.9115 -9.25497 4.8
    endloop
  endfacet
  facet normal 0.146722 -0.989178 0
    outer loop
      vertex 21.8143 -9.12106 4.8
      vertex 20.9115 -9.25497 4.6
      vertex 21.8143 -9.12106 4.6
    endloop
  endfacet
  facet normal 0.242969 -0.970034 0
    outer loop
      vertex 21.8143 -9.12106 4.6
      vertex 22.6995 -8.89934 4.8
      vertex 21.8143 -9.12106 4.8
    endloop
  endfacet
  facet normal 0.242969 -0.970034 0
    outer loop
      vertex 22.6995 -8.89934 4.8
      vertex 21.8143 -9.12106 4.6
      vertex 22.6995 -8.89934 4.6
    endloop
  endfacet
  facet normal 0.336897 -0.941541 0
    outer loop
      vertex 22.6995 -8.89934 4.6
      vertex 23.5588 -8.59187 4.8
      vertex 22.6995 -8.89934 4.8
    endloop
  endfacet
  facet normal 0.336897 -0.941541 0
    outer loop
      vertex 23.5588 -8.59187 4.8
      vertex 22.6995 -8.89934 4.6
      vertex 23.5588 -8.59187 4.6
    endloop
  endfacet
  facet normal 0.427555 -0.90399 0
    outer loop
      vertex 23.5588 -8.59187 4.6
      vertex 24.384 -8.20158 4.8
      vertex 23.5588 -8.59187 4.8
    endloop
  endfacet
  facet normal 0.427555 -0.90399 0
    outer loop
      vertex 24.384 -8.20158 4.8
      vertex 23.5588 -8.59187 4.6
      vertex 24.384 -8.20158 4.6
    endloop
  endfacet
  facet normal 0.514125 -0.857715 0
    outer loop
      vertex 24.384 -8.20158 4.6
      vertex 25.1665 -7.73254 4.8
      vertex 24.384 -8.20158 4.8
    endloop
  endfacet
  facet normal 0.514125 -0.857715 0
    outer loop
      vertex 25.1665 -7.73254 4.8
      vertex 24.384 -8.20158 4.6
      vertex 25.1665 -7.73254 4.6
    endloop
  endfacet
  facet normal 0.595672 -0.803228 0
    outer loop
      vertex 25.1665 -7.73254 4.6
      vertex 25.8997 -7.1888 4.8
      vertex 25.1665 -7.73254 4.8
    endloop
  endfacet
  facet normal 0.595672 -0.803228 0
    outer loop
      vertex 25.8997 -7.1888 4.8
      vertex 25.1665 -7.73254 4.6
      vertex 25.8997 -7.1888 4.6
    endloop
  endfacet
  facet normal 0.671558 -0.740952 0
    outer loop
      vertex 25.8997 -7.1888 4.6
      vertex 26.5759 -6.57593 4.8
      vertex 25.8997 -7.1888 4.8
    endloop
  endfacet
  facet normal 0.671558 -0.740952 0
    outer loop
      vertex 26.5759 -6.57593 4.8
      vertex 25.8997 -7.1888 4.6
      vertex 26.5759 -6.57593 4.6
    endloop
  endfacet
  facet normal 0.740941 -0.67157 0
    outer loop
      vertex 26.5759 -6.57593 4.8
      vertex 27.1888 -5.89972 4.6
      vertex 27.1888 -5.89972 4.8
    endloop
  endfacet
  facet normal 0.740941 -0.67157 0
    outer loop
      vertex 27.1888 -5.89972 4.6
      vertex 26.5759 -6.57593 4.8
      vertex 26.5759 -6.57593 4.6
    endloop
  endfacet
  facet normal 0.803237 -0.59566 0
    outer loop
      vertex 27.1888 -5.89972 4.8
      vertex 27.7325 -5.16655 4.6
      vertex 27.7325 -5.16655 4.8
    endloop
  endfacet
  facet normal 0.803237 -0.59566 0
    outer loop
      vertex 27.7325 -5.16655 4.6
      vertex 27.1888 -5.89972 4.8
      vertex 27.1888 -5.89972 4.6
    endloop
  endfacet
  facet normal 0.857701 -0.514149 0
    outer loop
      vertex 27.7325 -5.16655 4.8
      vertex 28.2016 -4.384 4.6
      vertex 28.2016 -4.384 4.8
    endloop
  endfacet
  facet normal 0.857701 -0.514149 0
    outer loop
      vertex 28.2016 -4.384 4.6
      vertex 27.7325 -5.16655 4.8
      vertex 27.7325 -5.16655 4.6
    endloop
  endfacet
  facet normal 0.903987 -0.427559 0
    outer loop
      vertex 28.2016 -4.384 4.8
      vertex 28.5919 -3.55879 4.6
      vertex 28.5919 -3.55879 4.8
    endloop
  endfacet
  facet normal 0.903987 -0.427559 0
    outer loop
      vertex 28.5919 -3.55879 4.6
      vertex 28.2016 -4.384 4.8
      vertex 28.2016 -4.384 4.6
    endloop
  endfacet
  facet normal 0.94157 -0.336819 0
    outer loop
      vertex 28.5919 -3.55879 4.8
      vertex 28.8993 -2.69946 4.6
      vertex 28.8993 -2.69946 4.8
    endloop
  endfacet
  facet normal 0.94157 -0.336819 0
    outer loop
      vertex 28.8993 -2.69946 4.6
      vertex 28.5919 -3.55879 4.8
      vertex 28.5919 -3.55879 4.6
    endloop
  endfacet
  facet normal 0.97001 -0.243067 0
    outer loop
      vertex 28.8993 -2.69946 4.8
      vertex 29.1211 -1.81432 4.6
      vertex 29.1211 -1.81432 4.8
    endloop
  endfacet
  facet normal 0.97001 -0.243067 0
    outer loop
      vertex 29.1211 -1.81432 4.6
      vertex 28.8993 -2.69946 4.8
      vertex 28.8993 -2.69946 4.6
    endloop
  endfacet
  facet normal 0.989179 -0.146713 0
    outer loop
      vertex 29.1211 -1.81432 4.8
      vertex 29.255 -0.91153 4.6
      vertex 29.255 -0.91153 4.8
    endloop
  endfacet
  facet normal 0.989179 -0.146713 0
    outer loop
      vertex 29.255 -0.91153 4.6
      vertex 29.1211 -1.81432 4.8
      vertex 29.1211 -1.81432 4.6
    endloop
  endfacet
  facet normal 0.998794 -0.0490889 0
    outer loop
      vertex 29.255 -0.91153 4.8
      vertex 29.2998 0 4.6
      vertex 29.2998 0 4.8
    endloop
  endfacet
  facet normal 0.998794 -0.0490889 0
    outer loop
      vertex 29.2998 0 4.6
      vertex 29.255 -0.91153 4.8
      vertex 29.255 -0.91153 4.6
    endloop
  endfacet
  facet normal 0.998794 0.0490889 0
    outer loop
      vertex 29.2998 0 4.8
      vertex 29.255 0.91153 4.6
      vertex 29.255 0.91153 4.8
    endloop
  endfacet
  facet normal 0.998794 0.0490889 0
    outer loop
      vertex 29.255 0.91153 4.6
      vertex 29.2998 0 4.8
      vertex 29.2998 0 4.6
    endloop
  endfacet
  facet normal 0.989179 0.146713 0
    outer loop
      vertex 29.255 0.91153 4.8
      vertex 29.1211 1.81432 4.6
      vertex 29.1211 1.81432 4.8
    endloop
  endfacet
  facet normal 0.989179 0.146713 0
    outer loop
      vertex 29.1211 1.81432 4.6
      vertex 29.255 0.91153 4.8
      vertex 29.255 0.91153 4.6
    endloop
  endfacet
  facet normal 0.97001 0.243067 0
    outer loop
      vertex 29.1211 1.81432 4.8
      vertex 28.8993 2.69946 4.6
      vertex 28.8993 2.69946 4.8
    endloop
  endfacet
  facet normal 0.97001 0.243067 0
    outer loop
      vertex 28.8993 2.69946 4.6
      vertex 29.1211 1.81432 4.8
      vertex 29.1211 1.81432 4.6
    endloop
  endfacet
  facet normal 0.94157 0.336819 0
    outer loop
      vertex 28.8993 2.69946 4.8
      vertex 28.5919 3.55879 4.6
      vertex 28.5919 3.55879 4.8
    endloop
  endfacet
  facet normal 0.94157 0.336819 0
    outer loop
      vertex 28.5919 3.55879 4.6
      vertex 28.8993 2.69946 4.8
      vertex 28.8993 2.69946 4.6
    endloop
  endfacet
  facet normal 0.903987 0.427559 0
    outer loop
      vertex 28.5919 3.55879 4.8
      vertex 28.2016 4.384 4.6
      vertex 28.2016 4.384 4.8
    endloop
  endfacet
  facet normal 0.903987 0.427559 0
    outer loop
      vertex 28.2016 4.384 4.6
      vertex 28.5919 3.55879 4.8
      vertex 28.5919 3.55879 4.6
    endloop
  endfacet
  facet normal 0.857701 0.514149 0
    outer loop
      vertex 28.2016 4.384 4.8
      vertex 27.7325 5.16655 4.6
      vertex 27.7325 5.16655 4.8
    endloop
  endfacet
  facet normal 0.857701 0.514149 0
    outer loop
      vertex 27.7325 5.16655 4.6
      vertex 28.2016 4.384 4.8
      vertex 28.2016 4.384 4.6
    endloop
  endfacet
  facet normal 0.803237 0.59566 0
    outer loop
      vertex 27.7325 5.16655 4.8
      vertex 27.1888 5.89972 4.6
      vertex 27.1888 5.89972 4.8
    endloop
  endfacet
  facet normal 0.803237 0.59566 0
    outer loop
      vertex 27.1888 5.89972 4.6
      vertex 27.7325 5.16655 4.8
      vertex 27.7325 5.16655 4.6
    endloop
  endfacet
  facet normal 0.740941 0.67157 0
    outer loop
      vertex 27.1888 5.89972 4.8
      vertex 26.5759 6.57593 4.6
      vertex 26.5759 6.57593 4.8
    endloop
  endfacet
  facet normal 0.740941 0.67157 0
    outer loop
      vertex 26.5759 6.57593 4.6
      vertex 27.1888 5.89972 4.8
      vertex 27.1888 5.89972 4.6
    endloop
  endfacet
  facet normal 0.671558 0.740952 -0
    outer loop
      vertex 26.5759 6.57593 4.6
      vertex 25.8997 7.1888 4.8
      vertex 26.5759 6.57593 4.8
    endloop
  endfacet
  facet normal 0.671558 0.740952 0
    outer loop
      vertex 25.8997 7.1888 4.8
      vertex 26.5759 6.57593 4.6
      vertex 25.8997 7.1888 4.6
    endloop
  endfacet
  facet normal 0.595672 0.803228 -0
    outer loop
      vertex 25.8997 7.1888 4.6
      vertex 25.1665 7.73254 4.8
      vertex 25.8997 7.1888 4.8
    endloop
  endfacet
  facet normal 0.595672 0.803228 0
    outer loop
      vertex 25.1665 7.73254 4.8
      vertex 25.8997 7.1888 4.6
      vertex 25.1665 7.73254 4.6
    endloop
  endfacet
  facet normal 0.514125 0.857715 -0
    outer loop
      vertex 25.1665 7.73254 4.6
      vertex 24.384 8.20158 4.8
      vertex 25.1665 7.73254 4.8
    endloop
  endfacet
  facet normal 0.514125 0.857715 0
    outer loop
      vertex 24.384 8.20158 4.8
      vertex 25.1665 7.73254 4.6
      vertex 24.384 8.20158 4.6
    endloop
  endfacet
  facet normal 0.427555 0.90399 -0
    outer loop
      vertex 24.384 8.20158 4.6
      vertex 23.5588 8.59187 4.8
      vertex 24.384 8.20158 4.8
    endloop
  endfacet
  facet normal 0.427555 0.90399 0
    outer loop
      vertex 23.5588 8.59187 4.8
      vertex 24.384 8.20158 4.6
      vertex 23.5588 8.59187 4.6
    endloop
  endfacet
  facet normal 0.336897 0.941541 -0
    outer loop
      vertex 23.5588 8.59187 4.6
      vertex 22.6995 8.89934 4.8
      vertex 23.5588 8.59187 4.8
    endloop
  endfacet
  facet normal 0.336897 0.941541 0
    outer loop
      vertex 22.6995 8.89934 4.8
      vertex 23.5588 8.59187 4.6
      vertex 22.6995 8.89934 4.6
    endloop
  endfacet
  facet normal 0.242969 0.970034 -0
    outer loop
      vertex 22.6995 8.89934 4.6
      vertex 21.8143 9.12106 4.8
      vertex 22.6995 8.89934 4.8
    endloop
  endfacet
  facet normal 0.242969 0.970034 0
    outer loop
      vertex 21.8143 9.12106 4.8
      vertex 22.6995 8.89934 4.6
      vertex 21.8143 9.12106 4.6
    endloop
  endfacet
  facet normal 0.146722 0.989178 -0
    outer loop
      vertex 21.8143 9.12106 4.6
      vertex 20.9115 9.25497 4.8
      vertex 21.8143 9.12106 4.8
    endloop
  endfacet
  facet normal 0.146722 0.989178 0
    outer loop
      vertex 20.9115 9.25497 4.8
      vertex 21.8143 9.12106 4.6
      vertex 20.9115 9.25497 4.6
    endloop
  endfacet
  facet normal 0.0490796 0.998795 -0
    outer loop
      vertex 20.9115 9.25497 4.6
      vertex 20 9.29976 4.8
      vertex 20.9115 9.25497 4.8
    endloop
  endfacet
  facet normal 0.0490796 0.998795 0
    outer loop
      vertex 20 9.29976 4.8
      vertex 20.9115 9.25497 4.6
      vertex 20 9.29976 4.6
    endloop
  endfacet
  facet normal -0.0490796 0.998795 0
    outer loop
      vertex 20 9.29976 4.6
      vertex 19.0885 9.25497 4.8
      vertex 20 9.29976 4.8
    endloop
  endfacet
  facet normal -0.0490796 0.998795 0
    outer loop
      vertex 19.0885 9.25497 4.8
      vertex 20 9.29976 4.6
      vertex 19.0885 9.25497 4.6
    endloop
  endfacet
  facet normal -0.146722 0.989178 0
    outer loop
      vertex 19.0885 9.25497 4.6
      vertex 18.1857 9.12106 4.8
      vertex 19.0885 9.25497 4.8
    endloop
  endfacet
  facet normal -0.146722 0.989178 0
    outer loop
      vertex 18.1857 9.12106 4.8
      vertex 19.0885 9.25497 4.6
      vertex 18.1857 9.12106 4.6
    endloop
  endfacet
  facet normal -0.242969 0.970034 0
    outer loop
      vertex 18.1857 9.12106 4.6
      vertex 17.3005 8.89934 4.8
      vertex 18.1857 9.12106 4.8
    endloop
  endfacet
  facet normal -0.242969 0.970034 0
    outer loop
      vertex 17.3005 8.89934 4.8
      vertex 18.1857 9.12106 4.6
      vertex 17.3005 8.89934 4.6
    endloop
  endfacet
  facet normal -0.336897 0.941541 0
    outer loop
      vertex 17.3005 8.89934 4.6
      vertex 16.4412 8.59187 4.8
      vertex 17.3005 8.89934 4.8
    endloop
  endfacet
  facet normal -0.336897 0.941541 0
    outer loop
      vertex 16.4412 8.59187 4.8
      vertex 17.3005 8.89934 4.6
      vertex 16.4412 8.59187 4.6
    endloop
  endfacet
  facet normal -0.427555 0.90399 0
    outer loop
      vertex 16.4412 8.59187 4.6
      vertex 15.616 8.20158 4.8
      vertex 16.4412 8.59187 4.8
    endloop
  endfacet
  facet normal -0.427555 0.90399 0
    outer loop
      vertex 15.616 8.20158 4.8
      vertex 16.4412 8.59187 4.6
      vertex 15.616 8.20158 4.6
    endloop
  endfacet
  facet normal -0.514077 0.857744 0
    outer loop
      vertex 15.616 8.20158 4.6
      vertex 14.8334 7.73254 4.8
      vertex 15.616 8.20158 4.8
    endloop
  endfacet
  facet normal -0.514077 0.857744 0
    outer loop
      vertex 14.8334 7.73254 4.8
      vertex 15.616 8.20158 4.6
      vertex 14.8334 7.73254 4.6
    endloop
  endfacet
  facet normal -0.595725 0.803189 0
    outer loop
      vertex 14.8334 7.73254 4.6
      vertex 14.1003 7.1888 4.8
      vertex 14.8334 7.73254 4.8
    endloop
  endfacet
  facet normal -0.595725 0.803189 0
    outer loop
      vertex 14.1003 7.1888 4.8
      vertex 14.8334 7.73254 4.6
      vertex 14.1003 7.1888 4.6
    endloop
  endfacet
  facet normal -0.67155 0.740959 0
    outer loop
      vertex 14.1003 7.1888 4.6
      vertex 13.479 6.6257 4.8
      vertex 14.1003 7.1888 4.8
    endloop
  endfacet
  facet normal -0.67155 0.740959 0
    outer loop
      vertex 13.479 6.6257 4.8
      vertex 14.1003 7.1888 4.6
      vertex 13.479 6.6257 4.6
    endloop
  endfacet
  facet normal -0.634366 0.773033 0
    outer loop
      vertex 13.479 6.6257 4.6
      vertex 13.2399 6.42949 4.8
      vertex 13.479 6.6257 4.8
    endloop
  endfacet
  facet normal -0.634366 0.773033 0
    outer loop
      vertex 13.2399 6.42949 4.8
      vertex 13.479 6.6257 4.6
      vertex 13.2399 6.42949 4.6
    endloop
  endfacet
  facet normal -0.555523 0.831501 0
    outer loop
      vertex 13.2399 6.42949 4.6
      vertex 12.9788 6.25505 4.8
      vertex 13.2399 6.42949 4.8
    endloop
  endfacet
  facet normal -0.555523 0.831501 0
    outer loop
      vertex 12.9788 6.25505 4.8
      vertex 13.2399 6.42949 4.6
      vertex 12.9788 6.25505 4.6
    endloop
  endfacet
  facet normal -0.471423 0.881907 0
    outer loop
      vertex 12.9788 6.25505 4.6
      vertex 12.7018 6.10698 4.8
      vertex 12.9788 6.25505 4.8
    endloop
  endfacet
  facet normal -0.471423 0.881907 0
    outer loop
      vertex 12.7018 6.10698 4.8
      vertex 12.9788 6.25505 4.6
      vertex 12.7018 6.10698 4.6
    endloop
  endfacet
  facet normal -0.382674 0.923883 0
    outer loop
      vertex 12.7018 6.10698 4.6
      vertex 12.4117 5.98682 4.8
      vertex 12.7018 6.10698 4.8
    endloop
  endfacet
  facet normal -0.382674 0.923883 0
    outer loop
      vertex 12.4117 5.98682 4.8
      vertex 12.7018 6.10698 4.6
      vertex 12.4117 5.98682 4.6
    endloop
  endfacet
  facet normal -0.29021 0.956963 0
    outer loop
      vertex 12.4117 5.98682 4.6
      vertex 12.1112 5.89569 4.8
      vertex 12.4117 5.98682 4.8
    endloop
  endfacet
  facet normal -0.29021 0.956963 0
    outer loop
      vertex 12.1112 5.89569 4.8
      vertex 12.4117 5.98682 4.6
      vertex 12.1112 5.89569 4.6
    endloop
  endfacet
  facet normal -0.195114 0.980781 0
    outer loop
      vertex 12.1112 5.89569 4.6
      vertex 11.8007 5.83392 4.8
      vertex 12.1112 5.89569 4.8
    endloop
  endfacet
  facet normal -0.195114 0.980781 0
    outer loop
      vertex 11.8007 5.83392 4.8
      vertex 12.1112 5.89569 4.6
      vertex 11.8007 5.83392 4.6
    endloop
  endfacet
  facet normal -0.0735554 0.997291 0
    outer loop
      vertex 11.8007 5.83392 4.6
      vertex 11.3408 5.8 4.8
      vertex 11.8007 5.83392 4.8
    endloop
  endfacet
  facet normal -0.0735554 0.997291 0
    outer loop
      vertex 11.3408 5.8 4.8
      vertex 11.8007 5.83392 4.6
      vertex 11.3408 5.8 4.6
    endloop
  endfacet
  facet normal 0 1 -0
    outer loop
      vertex 11.3408 5.8 4.6
      vertex 8.66174 5.8 4.8
      vertex 11.3408 5.8 4.8
    endloop
  endfacet
  facet normal 0 1 0
    outer loop
      vertex 8.66174 5.8 4.8
      vertex 11.3408 5.8 4.6
      vertex 8.66174 5.8 4.6
    endloop
  endfacet
  facet normal 0.0490819 0.998795 -0
    outer loop
      vertex 8.66174 5.8 4.6
      vertex 8.35263 5.81519 4.8
      vertex 8.66174 5.8 4.8
    endloop
  endfacet
  facet normal 0.0490819 0.998795 0
    outer loop
      vertex 8.35263 5.81519 4.8
      vertex 8.66174 5.8 4.6
      vertex 8.35263 5.81519 4.6
    endloop
  endfacet
  facet normal 0.146718 0.989178 -0
    outer loop
      vertex 8.35263 5.81519 4.6
      vertex 8.04216 5.86124 4.8
      vertex 8.35263 5.81519 4.8
    endloop
  endfacet
  facet normal 0.146718 0.989178 0
    outer loop
      vertex 8.04216 5.86124 4.8
      vertex 8.35263 5.81519 4.6
      vertex 8.04216 5.86124 4.6
    endloop
  endfacet
  facet normal 0.243007 0.970024 -0
    outer loop
      vertex 8.04216 5.86124 4.6
      vertex 7.73743 5.93758 4.8
      vertex 8.04216 5.86124 4.8
    endloop
  endfacet
  facet normal 0.243007 0.970024 0
    outer loop
      vertex 7.73743 5.93758 4.8
      vertex 8.04216 5.86124 4.6
      vertex 7.73743 5.93758 4.6
    endloop
  endfacet
  facet normal 0.336857 0.941556 -0
    outer loop
      vertex 7.73743 5.93758 4.6
      vertex 7.44165 6.0434 4.8
      vertex 7.73743 5.93758 4.8
    endloop
  endfacet
  facet normal 0.336857 0.941556 0
    outer loop
      vertex 7.44165 6.0434 4.8
      vertex 7.73743 5.93758 4.6
      vertex 7.44165 6.0434 4.6
    endloop
  endfacet
  facet normal 0.427493 0.904019 -0
    outer loop
      vertex 7.44165 6.0434 4.6
      vertex 7.1579 6.17758 4.8
      vertex 7.44165 6.0434 4.8
    endloop
  endfacet
  facet normal 0.427493 0.904019 0
    outer loop
      vertex 7.1579 6.17758 4.8
      vertex 7.44165 6.0434 4.6
      vertex 7.1579 6.17758 4.6
    endloop
  endfacet
  facet normal 0.514152 0.857699 -0
    outer loop
      vertex 7.1579 6.17758 4.6
      vertex 6.88637 6.34035 4.8
      vertex 7.1579 6.17758 4.8
    endloop
  endfacet
  facet normal 0.514152 0.857699 0
    outer loop
      vertex 6.88637 6.34035 4.8
      vertex 7.1579 6.17758 4.6
      vertex 6.88637 6.34035 4.6
    endloop
  endfacet
  facet normal 0.615198 0.788372 -0
    outer loop
      vertex 6.88637 6.34035 4.6
      vertex 6.5229 6.62398 4.8
      vertex 6.88637 6.34035 4.8
    endloop
  endfacet
  facet normal 0.615198 0.788372 0
    outer loop
      vertex 6.5229 6.62398 4.8
      vertex 6.88637 6.34035 4.6
      vertex 6.5229 6.62398 4.6
    endloop
  endfacet
  facet normal 0.671567 0.740944 -0
    outer loop
      vertex 6.5229 6.62398 4.6
      vertex 5.89973 7.1888 4.8
      vertex 6.5229 6.62398 4.8
    endloop
  endfacet
  facet normal 0.671567 0.740944 0
    outer loop
      vertex 5.89973 7.1888 4.8
      vertex 6.5229 6.62398 4.6
      vertex 5.89973 7.1888 4.6
    endloop
  endfacet
  facet normal 0.595683 0.80322 -0
    outer loop
      vertex 5.89973 7.1888 4.6
      vertex 5.16655 7.73254 4.8
      vertex 5.89973 7.1888 4.8
    endloop
  endfacet
  facet normal 0.595683 0.80322 0
    outer loop
      vertex 5.16655 7.73254 4.8
      vertex 5.89973 7.1888 4.6
      vertex 5.16655 7.73254 4.6
    endloop
  endfacet
  facet normal 0.514101 0.85773 -0
    outer loop
      vertex 5.16655 7.73254 4.6
      vertex 4.384 8.20158 4.8
      vertex 5.16655 7.73254 4.8
    endloop
  endfacet
  facet normal 0.514101 0.85773 0
    outer loop
      vertex 4.384 8.20158 4.8
      vertex 5.16655 7.73254 4.6
      vertex 4.384 8.20158 4.6
    endloop
  endfacet
  facet normal 0.42755 0.903992 -0
    outer loop
      vertex 4.384 8.20158 4.6
      vertex 3.55879 8.59187 4.8
      vertex 4.384 8.20158 4.8
    endloop
  endfacet
  facet normal 0.42755 0.903992 0
    outer loop
      vertex 3.55879 8.59187 4.8
      vertex 4.384 8.20158 4.6
      vertex 3.55879 8.59187 4.6
    endloop
  endfacet
  facet normal 0.336887 0.941545 -0
    outer loop
      vertex 3.55879 8.59187 4.6
      vertex 2.69946 8.89934 4.8
      vertex 3.55879 8.59187 4.8
    endloop
  endfacet
  facet normal 0.336887 0.941545 0
    outer loop
      vertex 2.69946 8.89934 4.8
      vertex 3.55879 8.59187 4.6
      vertex 2.69946 8.89934 4.6
    endloop
  endfacet
  facet normal 0.242984 0.97003 -0
    outer loop
      vertex 2.69946 8.89934 4.6
      vertex 1.81432 9.12106 4.8
      vertex 2.69946 8.89934 4.8
    endloop
  endfacet
  facet normal 0.242984 0.97003 0
    outer loop
      vertex 1.81432 9.12106 4.8
      vertex 2.69946 8.89934 4.6
      vertex 1.81432 9.12106 4.6
    endloop
  endfacet
  facet normal 0.146724 0.989178 -0
    outer loop
      vertex 1.81432 9.12106 4.6
      vertex 0.91153 9.25497 4.8
      vertex 1.81432 9.12106 4.8
    endloop
  endfacet
  facet normal 0.146724 0.989178 0
    outer loop
      vertex 0.91153 9.25497 4.8
      vertex 1.81432 9.12106 4.6
      vertex 0.91153 9.25497 4.6
    endloop
  endfacet
  facet normal 0.049078 0.998795 -0
    outer loop
      vertex 0.91153 9.25497 4.6
      vertex 0 9.29976 4.8
      vertex 0.91153 9.25497 4.8
    endloop
  endfacet
  facet normal 0.049078 0.998795 0
    outer loop
      vertex 0 9.29976 4.8
      vertex 0.91153 9.25497 4.6
      vertex 0 9.29976 4.6
    endloop
  endfacet
  facet normal -0.049078 0.998795 0
    outer loop
      vertex 0 9.29976 4.6
      vertex -0.91153 9.25497 4.8
      vertex 0 9.29976 4.8
    endloop
  endfacet
  facet normal -0.049078 0.998795 0
    outer loop
      vertex -0.91153 9.25497 4.8
      vertex 0 9.29976 4.6
      vertex -0.91153 9.25497 4.6
    endloop
  endfacet
  facet normal -0.146724 0.989178 0
    outer loop
      vertex -0.91153 9.25497 4.6
      vertex -1.81432 9.12106 4.8
      vertex -0.91153 9.25497 4.8
    endloop
  endfacet
  facet normal -0.146724 0.989178 0
    outer loop
      vertex -1.81432 9.12106 4.8
      vertex -0.91153 9.25497 4.6
      vertex -1.81432 9.12106 4.6
    endloop
  endfacet
  facet normal -0.242984 0.97003 0
    outer loop
      vertex -1.81432 9.12106 4.6
      vertex -2.69946 8.89934 4.8
      vertex -1.81432 9.12106 4.8
    endloop
  endfacet
  facet normal -0.242984 0.97003 0
    outer loop
      vertex -2.69946 8.89934 4.8
      vertex -1.81432 9.12106 4.6
      vertex -2.69946 8.89934 4.6
    endloop
  endfacet
  facet normal -0.336887 0.941545 0
    outer loop
      vertex -2.69946 8.89934 4.6
      vertex -3.55879 8.59187 4.8
      vertex -2.69946 8.89934 4.8
    endloop
  endfacet
  facet normal -0.336887 0.941545 0
    outer loop
      vertex -3.55879 8.59187 4.8
      vertex -2.69946 8.89934 4.6
      vertex -3.55879 8.59187 4.6
    endloop
  endfacet
  facet normal -0.42755 0.903992 0
    outer loop
      vertex -3.55879 8.59187 4.6
      vertex -4.384 8.20158 4.8
      vertex -3.55879 8.59187 4.8
    endloop
  endfacet
  facet normal -0.42755 0.903992 0
    outer loop
      vertex -4.384 8.20158 4.8
      vertex -3.55879 8.59187 4.6
      vertex -4.384 8.20158 4.6
    endloop
  endfacet
  facet normal -0.514101 0.85773 0
    outer loop
      vertex -4.384 8.20158 4.6
      vertex -5.16655 7.73254 4.8
      vertex -4.384 8.20158 4.8
    endloop
  endfacet
  facet normal -0.514101 0.85773 0
    outer loop
      vertex -5.16655 7.73254 4.8
      vertex -4.384 8.20158 4.6
      vertex -5.16655 7.73254 4.6
    endloop
  endfacet
  facet normal -0.595688 0.803216 0
    outer loop
      vertex -5.16655 7.73254 4.6
      vertex -5.89972 7.1888 4.8
      vertex -5.16655 7.73254 4.8
    endloop
  endfacet
  facet normal -0.595688 0.803216 0
    outer loop
      vertex -5.89972 7.1888 4.8
      vertex -5.16655 7.73254 4.6
      vertex -5.89972 7.1888 4.6
    endloop
  endfacet
  facet normal -0.671552 0.740957 0
    outer loop
      vertex -5.89972 7.1888 4.6
      vertex -6.57593 6.57593 4.8
      vertex -5.89972 7.1888 4.8
    endloop
  endfacet
  facet normal -0.671552 0.740957 0
    outer loop
      vertex -6.57593 6.57593 4.8
      vertex -5.89972 7.1888 4.6
      vertex -6.57593 6.57593 4.6
    endloop
  endfacet
  facet normal -0.740957 0.671552 0
    outer loop
      vertex -7.1888 5.89972 4.6
      vertex -6.57593 6.57593 4.8
      vertex -6.57593 6.57593 4.6
    endloop
  endfacet
  facet normal -0.740957 0.671552 0
    outer loop
      vertex -6.57593 6.57593 4.8
      vertex -7.1888 5.89972 4.6
      vertex -7.1888 5.89972 4.8
    endloop
  endfacet
  facet normal -0.803216 0.595688 0
    outer loop
      vertex -7.73254 5.16655 4.6
      vertex -7.1888 5.89972 4.8
      vertex -7.1888 5.89972 4.6
    endloop
  endfacet
  facet normal -0.803216 0.595688 0
    outer loop
      vertex -7.1888 5.89972 4.8
      vertex -7.73254 5.16655 4.6
      vertex -7.73254 5.16655 4.8
    endloop
  endfacet
  facet normal -0.85773 0.514101 0
    outer loop
      vertex -8.20158 4.384 4.6
      vertex -7.73254 5.16655 4.8
      vertex -7.73254 5.16655 4.6
    endloop
  endfacet
  facet normal -0.85773 0.514101 0
    outer loop
      vertex -7.73254 5.16655 4.8
      vertex -8.20158 4.384 4.6
      vertex -8.20158 4.384 4.8
    endloop
  endfacet
  facet normal -0.903992 0.42755 0
    outer loop
      vertex -8.59187 3.55879 4.6
      vertex -8.20158 4.384 4.8
      vertex -8.20158 4.384 4.6
    endloop
  endfacet
  facet normal -0.903992 0.42755 0
    outer loop
      vertex -8.20158 4.384 4.8
      vertex -8.59187 3.55879 4.6
      vertex -8.59187 3.55879 4.8
    endloop
  endfacet
  facet normal -0.941545 0.336887 0
    outer loop
      vertex -8.89934 2.69946 4.6
      vertex -8.59187 3.55879 4.8
      vertex -8.59187 3.55879 4.6
    endloop
  endfacet
  facet normal -0.941545 0.336887 0
    outer loop
      vertex -8.59187 3.55879 4.8
      vertex -8.89934 2.69946 4.6
      vertex -8.89934 2.69946 4.8
    endloop
  endfacet
  facet normal -0.97003 0.242984 0
    outer loop
      vertex -9.12106 1.81432 4.6
      vertex -8.89934 2.69946 4.8
      vertex -8.89934 2.69946 4.6
    endloop
  endfacet
  facet normal -0.97003 0.242984 0
    outer loop
      vertex -8.89934 2.69946 4.8
      vertex -9.12106 1.81432 4.6
      vertex -9.12106 1.81432 4.8
    endloop
  endfacet
  facet normal -0.989178 0.146724 0
    outer loop
      vertex -9.25497 0.91153 4.6
      vertex -9.12106 1.81432 4.8
      vertex -9.12106 1.81432 4.6
    endloop
  endfacet
  facet normal -0.989178 0.146724 0
    outer loop
      vertex -9.12106 1.81432 4.8
      vertex -9.25497 0.91153 4.6
      vertex -9.25497 0.91153 4.8
    endloop
  endfacet
  facet normal -0.998795 0.049078 0
    outer loop
      vertex -9.29976 0 4.6
      vertex -9.25497 0.91153 4.8
      vertex -9.25497 0.91153 4.6
    endloop
  endfacet
  facet normal -0.998795 0.049078 0
    outer loop
      vertex -9.25497 0.91153 4.8
      vertex -9.29976 0 4.6
      vertex -9.29976 0 4.8
    endloop
  endfacet
  facet normal -0.998795 -0.049078 0
    outer loop
      vertex -9.25497 -0.91153 4.6
      vertex -9.29976 0 4.8
      vertex -9.29976 0 4.6
    endloop
  endfacet
  facet normal -0.998795 -0.049078 0
    outer loop
      vertex -9.29976 0 4.8
      vertex -9.25497 -0.91153 4.6
      vertex -9.25497 -0.91153 4.8
    endloop
  endfacet
  facet normal -0.989178 -0.146724 0
    outer loop
      vertex -9.12106 -1.81432 4.6
      vertex -9.25497 -0.91153 4.8
      vertex -9.25497 -0.91153 4.6
    endloop
  endfacet
  facet normal -0.989178 -0.146724 0
    outer loop
      vertex -9.25497 -0.91153 4.8
      vertex -9.12106 -1.81432 4.6
      vertex -9.12106 -1.81432 4.8
    endloop
  endfacet
  facet normal -0.97003 -0.242984 0
    outer loop
      vertex -8.89934 -2.69946 4.6
      vertex -9.12106 -1.81432 4.8
      vertex -9.12106 -1.81432 4.6
    endloop
  endfacet
  facet normal -0.97003 -0.242984 0
    outer loop
      vertex -9.12106 -1.81432 4.8
      vertex -8.89934 -2.69946 4.6
      vertex -8.89934 -2.69946 4.8
    endloop
  endfacet
  facet normal -0.941545 -0.336887 0
    outer loop
      vertex -8.59187 -3.55879 4.6
      vertex -8.89934 -2.69946 4.8
      vertex -8.89934 -2.69946 4.6
    endloop
  endfacet
  facet normal -0.941545 -0.336887 0
    outer loop
      vertex -8.89934 -2.69946 4.8
      vertex -8.59187 -3.55879 4.6
      vertex -8.59187 -3.55879 4.8
    endloop
  endfacet
  facet normal -0.903992 -0.42755 0
    outer loop
      vertex -8.20158 -4.384 4.6
      vertex -8.59187 -3.55879 4.8
      vertex -8.59187 -3.55879 4.6
    endloop
  endfacet
  facet normal -0.903992 -0.42755 0
    outer loop
      vertex -8.59187 -3.55879 4.8
      vertex -8.20158 -4.384 4.6
      vertex -8.20158 -4.384 4.8
    endloop
  endfacet
  facet normal -0.85773 -0.514101 0
    outer loop
      vertex -7.73254 -5.16655 4.6
      vertex -8.20158 -4.384 4.8
      vertex -8.20158 -4.384 4.6
    endloop
  endfacet
  facet normal -0.85773 -0.514101 0
    outer loop
      vertex -8.20158 -4.384 4.8
      vertex -7.73254 -5.16655 4.6
      vertex -7.73254 -5.16655 4.8
    endloop
  endfacet
  facet normal -0.803216 -0.595688 0
    outer loop
      vertex -7.1888 -5.89972 4.6
      vertex -7.73254 -5.16655 4.8
      vertex -7.73254 -5.16655 4.6
    endloop
  endfacet
  facet normal -0.803216 -0.595688 0
    outer loop
      vertex -7.73254 -5.16655 4.8
      vertex -7.1888 -5.89972 4.6
      vertex -7.1888 -5.89972 4.8
    endloop
  endfacet
  facet normal -0.740957 -0.671552 0
    outer loop
      vertex -6.57593 -6.57593 4.6
      vertex -7.1888 -5.89972 4.8
      vertex -7.1888 -5.89972 4.6
    endloop
  endfacet
  facet normal -0.740957 -0.671552 0
    outer loop
      vertex -7.1888 -5.89972 4.8
      vertex -6.57593 -6.57593 4.6
      vertex -6.57593 -6.57593 4.8
    endloop
  endfacet
  facet normal -0.671552 -0.740957 0
    outer loop
      vertex -6.57593 -6.57593 4.6
      vertex -5.89972 -7.1888 4.8
      vertex -6.57593 -6.57593 4.8
    endloop
  endfacet
  facet normal -0.671552 -0.740957 -0
    outer loop
      vertex -5.89972 -7.1888 4.8
      vertex -6.57593 -6.57593 4.6
      vertex -5.89972 -7.1888 4.6
    endloop
  endfacet
  facet normal -0.595688 -0.803216 0
    outer loop
      vertex -5.89972 -7.1888 4.6
      vertex -5.16655 -7.73254 4.8
      vertex -5.89972 -7.1888 4.8
    endloop
  endfacet
  facet normal -0.595688 -0.803216 -0
    outer loop
      vertex -5.16655 -7.73254 4.8
      vertex -5.89972 -7.1888 4.6
      vertex -5.16655 -7.73254 4.6
    endloop
  endfacet
  facet normal -0.514101 -0.85773 0
    outer loop
      vertex -5.16655 -7.73254 4.6
      vertex -4.384 -8.20158 4.8
      vertex -5.16655 -7.73254 4.8
    endloop
  endfacet
  facet normal -0.514101 -0.85773 -0
    outer loop
      vertex -4.384 -8.20158 4.8
      vertex -5.16655 -7.73254 4.6
      vertex -4.384 -8.20158 4.6
    endloop
  endfacet
  facet normal -0.42755 -0.903992 0
    outer loop
      vertex -4.384 -8.20158 4.6
      vertex -3.55879 -8.59187 4.8
      vertex -4.384 -8.20158 4.8
    endloop
  endfacet
  facet normal -0.42755 -0.903992 -0
    outer loop
      vertex -3.55879 -8.59187 4.8
      vertex -4.384 -8.20158 4.6
      vertex -3.55879 -8.59187 4.6
    endloop
  endfacet
  facet normal -0.336887 -0.941545 0
    outer loop
      vertex -3.55879 -8.59187 4.6
      vertex -2.69946 -8.89934 4.8
      vertex -3.55879 -8.59187 4.8
    endloop
  endfacet
  facet normal -0.336887 -0.941545 -0
    outer loop
      vertex -2.69946 -8.89934 4.8
      vertex -3.55879 -8.59187 4.6
      vertex -2.69946 -8.89934 4.6
    endloop
  endfacet
  facet normal -0.242984 -0.97003 0
    outer loop
      vertex -2.69946 -8.89934 4.6
      vertex -1.81432 -9.12106 4.8
      vertex -2.69946 -8.89934 4.8
    endloop
  endfacet
  facet normal -0.242984 -0.97003 -0
    outer loop
      vertex -1.81432 -9.12106 4.8
      vertex -2.69946 -8.89934 4.6
      vertex -1.81432 -9.12106 4.6
    endloop
  endfacet
  facet normal -0.146724 -0.989178 0
    outer loop
      vertex -1.81432 -9.12106 4.6
      vertex -0.91153 -9.25497 4.8
      vertex -1.81432 -9.12106 4.8
    endloop
  endfacet
  facet normal -0.146724 -0.989178 -0
    outer loop
      vertex -0.91153 -9.25497 4.8
      vertex -1.81432 -9.12106 4.6
      vertex -0.91153 -9.25497 4.6
    endloop
  endfacet
  facet normal -0.049078 -0.998795 0
    outer loop
      vertex -0.91153 -9.25497 4.6
      vertex 0 -9.29976 4.8
      vertex -0.91153 -9.25497 4.8
    endloop
  endfacet
  facet normal -0.049078 -0.998795 -0
    outer loop
      vertex 0 -9.29976 4.8
      vertex -0.91153 -9.25497 4.6
      vertex 0 -9.29976 4.6
    endloop
  endfacet
  facet normal 0.049078 -0.998795 0
    outer loop
      vertex 0 -9.29976 4.6
      vertex 0.91153 -9.25497 4.8
      vertex 0 -9.29976 4.8
    endloop
  endfacet
  facet normal 0.049078 -0.998795 0
    outer loop
      vertex 0.91153 -9.25497 4.8
      vertex 0 -9.29976 4.6
      vertex 0.91153 -9.25497 4.6
    endloop
  endfacet
  facet normal 0.146724 -0.989178 0
    outer loop
      vertex 0.91153 -9.25497 4.6
      vertex 1.81432 -9.12106 4.8
      vertex 0.91153 -9.25497 4.8
    endloop
  endfacet
  facet normal 0.146724 -0.989178 0
    outer loop
      vertex 1.81432 -9.12106 4.8
      vertex 0.91153 -9.25497 4.6
      vertex 1.81432 -9.12106 4.6
    endloop
  endfacet
  facet normal 0.242984 -0.97003 0
    outer loop
      vertex 1.81432 -9.12106 4.6
      vertex 2.69946 -8.89934 4.8
      vertex 1.81432 -9.12106 4.8
    endloop
  endfacet
  facet normal 0.242984 -0.97003 0
    outer loop
      vertex 2.69946 -8.89934 4.8
      vertex 1.81432 -9.12106 4.6
      vertex 2.69946 -8.89934 4.6
    endloop
  endfacet
  facet normal 0.336887 -0.941545 0
    outer loop
      vertex 2.69946 -8.89934 4.6
      vertex 3.55879 -8.59187 4.8
      vertex 2.69946 -8.89934 4.8
    endloop
  endfacet
  facet normal 0.336887 -0.941545 0
    outer loop
      vertex 3.55879 -8.59187 4.8
      vertex 2.69946 -8.89934 4.6
      vertex 3.55879 -8.59187 4.6
    endloop
  endfacet
  facet normal 0.42755 -0.903992 0
    outer loop
      vertex 3.55879 -8.59187 4.6
      vertex 4.384 -8.20158 4.8
      vertex 3.55879 -8.59187 4.8
    endloop
  endfacet
  facet normal 0.42755 -0.903992 0
    outer loop
      vertex 4.384 -8.20158 4.8
      vertex 3.55879 -8.59187 4.6
      vertex 4.384 -8.20158 4.6
    endloop
  endfacet
  facet normal 0.514101 -0.85773 0
    outer loop
      vertex 4.384 -8.20158 4.6
      vertex 5.16655 -7.73254 4.8
      vertex 4.384 -8.20158 4.8
    endloop
  endfacet
  facet normal 0.514101 -0.85773 0
    outer loop
      vertex 5.16655 -7.73254 4.8
      vertex 4.384 -8.20158 4.6
      vertex 5.16655 -7.73254 4.6
    endloop
  endfacet
  facet normal 0.595683 -0.80322 0
    outer loop
      vertex 5.16655 -7.73254 4.6
      vertex 5.89973 -7.1888 4.8
      vertex 5.16655 -7.73254 4.8
    endloop
  endfacet
  facet normal 0.595683 -0.80322 0
    outer loop
      vertex 5.89973 -7.1888 4.8
      vertex 5.16655 -7.73254 4.6
      vertex 5.89973 -7.1888 4.6
    endloop
  endfacet
  facet normal 0.67155 -0.740959 0
    outer loop
      vertex 5.89973 -7.1888 4.6
      vertex 6.52103 -6.6257 4.8
      vertex 5.89973 -7.1888 4.8
    endloop
  endfacet
  facet normal 0.67155 -0.740959 0
    outer loop
      vertex 6.52103 -6.6257 4.8
      vertex 5.89973 -7.1888 4.6
      vertex 6.52103 -6.6257 4.6
    endloop
  endfacet
  facet normal 0.634382 -0.77302 0
    outer loop
      vertex 6.52103 -6.6257 4.6
      vertex 6.76012 -6.42949 4.8
      vertex 6.52103 -6.6257 4.8
    endloop
  endfacet
  facet normal 0.634382 -0.77302 0
    outer loop
      vertex 6.76012 -6.42949 4.8
      vertex 6.52103 -6.6257 4.6
      vertex 6.76012 -6.42949 4.6
    endloop
  endfacet
  facet normal 0.555582 -0.831462 0
    outer loop
      vertex 6.76012 -6.42949 4.6
      vertex 7.02118 -6.25505 4.8
      vertex 6.76012 -6.42949 4.8
    endloop
  endfacet
  facet normal 0.555582 -0.831462 0
    outer loop
      vertex 7.02118 -6.25505 4.8
      vertex 6.76012 -6.42949 4.6
      vertex 7.02118 -6.25505 4.6
    endloop
  endfacet
  facet normal 0.471396 -0.881922 0
    outer loop
      vertex 7.02118 -6.25505 4.6
      vertex 7.2982 -6.10698 4.8
      vertex 7.02118 -6.25505 4.8
    endloop
  endfacet
  facet normal 0.471396 -0.881922 0
    outer loop
      vertex 7.2982 -6.10698 4.8
      vertex 7.02118 -6.25505 4.6
      vertex 7.2982 -6.10698 4.6
    endloop
  endfacet
  facet normal 0.382708 -0.923869 0
    outer loop
      vertex 7.2982 -6.10698 4.6
      vertex 7.58827 -5.98682 4.8
      vertex 7.2982 -6.10698 4.8
    endloop
  endfacet
  facet normal 0.382708 -0.923869 0
    outer loop
      vertex 7.58827 -5.98682 4.8
      vertex 7.2982 -6.10698 4.6
      vertex 7.58827 -5.98682 4.6
    endloop
  endfacet
  facet normal 0.290192 -0.956968 0
    outer loop
      vertex 7.58827 -5.98682 4.6
      vertex 7.88879 -5.89569 4.8
      vertex 7.58827 -5.98682 4.8
    endloop
  endfacet
  facet normal 0.290192 -0.956968 0
    outer loop
      vertex 7.88879 -5.89569 4.8
      vertex 7.58827 -5.98682 4.6
      vertex 7.88879 -5.89569 4.6
    endloop
  endfacet
  facet normal 0.195138 -0.980776 0
    outer loop
      vertex 7.88879 -5.89569 4.6
      vertex 8.19925 -5.83392 4.8
      vertex 7.88879 -5.89569 4.8
    endloop
  endfacet
  facet normal 0.195138 -0.980776 0
    outer loop
      vertex 8.19925 -5.83392 4.8
      vertex 7.88879 -5.89569 4.6
      vertex 8.19925 -5.83392 4.6
    endloop
  endfacet
  facet normal 0.073549 -0.997292 0
    outer loop
      vertex 8.19925 -5.83392 4.6
      vertex 8.65919 -5.8 4.8
      vertex 8.19925 -5.83392 4.8
    endloop
  endfacet
  facet normal 0.073549 -0.997292 0
    outer loop
      vertex 8.65919 -5.8 4.8
      vertex 8.19925 -5.83392 4.6
      vertex 8.65919 -5.8 4.6
    endloop
  endfacet
  facet normal 0 -1 0
    outer loop
      vertex 8.65919 -5.8 4.6
      vertex 11.3382 -5.8 4.8
      vertex 8.65919 -5.8 4.8
    endloop
  endfacet
  facet normal 0 -1 -0
    outer loop
      vertex 11.3382 -5.8 4.8
      vertex 8.65919 -5.8 4.6
      vertex 11.3382 -5.8 4.6
    endloop
  endfacet
  facet normal -0.0490676 -0.998795 0
    outer loop
      vertex 11.3382 -5.8 4.6
      vertex 11.6474 -5.81519 4.8
      vertex 11.3382 -5.8 4.8
    endloop
  endfacet
  facet normal -0.0490676 -0.998795 -0
    outer loop
      vertex 11.6474 -5.81519 4.8
      vertex 11.3382 -5.8 4.6
      vertex 11.6474 -5.81519 4.6
    endloop
  endfacet
  facet normal -0.146751 -0.989173 0
    outer loop
      vertex 11.6474 -5.81519 4.6
      vertex 11.9578 -5.86124 4.8
      vertex 11.6474 -5.81519 4.8
    endloop
  endfacet
  facet normal -0.146751 -0.989173 -0
    outer loop
      vertex 11.9578 -5.86124 4.8
      vertex 11.6474 -5.81519 4.6
      vertex 11.9578 -5.86124 4.6
    endloop
  endfacet
  facet normal -0.242955 -0.970038 0
    outer loop
      vertex 11.9578 -5.86124 4.6
      vertex 12.2626 -5.93758 4.8
      vertex 11.9578 -5.86124 4.8
    endloop
  endfacet
  facet normal -0.242955 -0.970038 -0
    outer loop
      vertex 12.2626 -5.93758 4.8
      vertex 11.9578 -5.86124 4.6
      vertex 12.2626 -5.93758 4.6
    endloop
  endfacet
  facet normal -0.336937 -0.941527 0
    outer loop
      vertex 12.2626 -5.93758 4.6
      vertex 12.5583 -6.0434 4.8
      vertex 12.2626 -5.93758 4.8
    endloop
  endfacet
  facet normal -0.336937 -0.941527 -0
    outer loop
      vertex 12.5583 -6.0434 4.8
      vertex 12.2626 -5.93758 4.6
      vertex 12.5583 -6.0434 4.6
    endloop
  endfacet
  facet normal -0.427432 -0.904048 0
    outer loop
      vertex 12.5583 -6.0434 4.6
      vertex 12.8421 -6.17758 4.8
      vertex 12.5583 -6.0434 4.8
    endloop
  endfacet
  facet normal -0.427432 -0.904048 -0
    outer loop
      vertex 12.8421 -6.17758 4.8
      vertex 12.5583 -6.0434 4.6
      vertex 12.8421 -6.17758 4.6
    endloop
  endfacet
  facet normal -0.514194 -0.857674 0
    outer loop
      vertex 12.8421 -6.17758 4.6
      vertex 13.1136 -6.34035 4.8
      vertex 12.8421 -6.17758 4.8
    endloop
  endfacet
  facet normal -0.514194 -0.857674 -0
    outer loop
      vertex 13.1136 -6.34035 4.8
      vertex 12.8421 -6.17758 4.6
      vertex 13.1136 -6.34035 4.6
    endloop
  endfacet
  facet normal -0.615167 -0.788397 0
    outer loop
      vertex 13.1136 -6.34035 4.6
      vertex 13.4771 -6.62398 4.8
      vertex 13.1136 -6.34035 4.8
    endloop
  endfacet
  facet normal -0.615167 -0.788397 -0
    outer loop
      vertex 13.4771 -6.62398 4.8
      vertex 13.1136 -6.34035 4.6
      vertex 13.4771 -6.62398 4.6
    endloop
  endfacet
  facet normal -0.671549 -0.74096 0
    outer loop
      vertex 13.4771 -6.62398 4.6
      vertex 14.1003 -7.1888 4.8
      vertex 13.4771 -6.62398 4.8
    endloop
  endfacet
  facet normal -0.671549 -0.74096 -0
    outer loop
      vertex 14.1003 -7.1888 4.8
      vertex 13.4771 -6.62398 4.6
      vertex 14.1003 -7.1888 4.6
    endloop
  endfacet
  facet normal -0.595725 -0.803189 0
    outer loop
      vertex 14.1003 -7.1888 4.6
      vertex 14.8334 -7.73254 4.8
      vertex 14.1003 -7.1888 4.8
    endloop
  endfacet
  facet normal -0.595725 -0.803189 -0
    outer loop
      vertex 14.8334 -7.73254 4.8
      vertex 14.1003 -7.1888 4.6
      vertex 14.8334 -7.73254 4.6
    endloop
  endfacet
  facet normal -0.514077 -0.857744 0
    outer loop
      vertex 14.8334 -7.73254 4.6
      vertex 15.616 -8.20158 4.8
      vertex 14.8334 -7.73254 4.8
    endloop
  endfacet
  facet normal -0.514077 -0.857744 -0
    outer loop
      vertex 15.616 -8.20158 4.8
      vertex 14.8334 -7.73254 4.6
      vertex 15.616 -8.20158 4.6
    endloop
  endfacet
  facet normal -0.427555 -0.90399 0
    outer loop
      vertex 15.616 -8.20158 4.6
      vertex 16.4412 -8.59187 4.8
      vertex 15.616 -8.20158 4.8
    endloop
  endfacet
  facet normal -0.427555 -0.90399 -0
    outer loop
      vertex 16.4412 -8.59187 4.8
      vertex 15.616 -8.20158 4.6
      vertex 16.4412 -8.59187 4.6
    endloop
  endfacet
  facet normal -0.336897 -0.941541 0
    outer loop
      vertex 16.4412 -8.59187 4.6
      vertex 17.3005 -8.89934 4.8
      vertex 16.4412 -8.59187 4.8
    endloop
  endfacet
  facet normal -0.336897 -0.941541 -0
    outer loop
      vertex 17.3005 -8.89934 4.8
      vertex 16.4412 -8.59187 4.6
      vertex 17.3005 -8.89934 4.6
    endloop
  endfacet
  facet normal -0.242969 -0.970034 0
    outer loop
      vertex 17.3005 -8.89934 4.6
      vertex 18.1857 -9.12106 4.8
      vertex 17.3005 -8.89934 4.8
    endloop
  endfacet
  facet normal -0.242969 -0.970034 -0
    outer loop
      vertex 18.1857 -9.12106 4.8
      vertex 17.3005 -8.89934 4.6
      vertex 18.1857 -9.12106 4.6
    endloop
  endfacet
  facet normal -0.146722 -0.989178 0
    outer loop
      vertex 18.1857 -9.12106 4.6
      vertex 19.0885 -9.25497 4.8
      vertex 18.1857 -9.12106 4.8
    endloop
  endfacet
  facet normal -0.146722 -0.989178 -0
    outer loop
      vertex 19.0885 -9.25497 4.8
      vertex 18.1857 -9.12106 4.6
      vertex 19.0885 -9.25497 4.6
    endloop
  endfacet
  facet normal -0.0490796 -0.998795 0
    outer loop
      vertex 19.0885 -9.25497 4.6
      vertex 20 -9.29976 4.8
      vertex 19.0885 -9.25497 4.8
    endloop
  endfacet
  facet normal -0.0490796 -0.998795 -0
    outer loop
      vertex 20 -9.29976 4.8
      vertex 19.0885 -9.25497 4.6
      vertex 20 -9.29976 4.6
    endloop
  endfacet
  facet normal 0.0490796 -0.998795 0
    outer loop
      vertex 20 -9.29976 4.6
      vertex 20.9115 -9.25497 4.8
      vertex 20 -9.29976 4.8
    endloop
  endfacet
  facet normal 0.0490796 -0.998795 0
    outer loop
      vertex 20.9115 -9.25497 4.8
      vertex 20 -9.29976 4.6
      vertex 20.9115 -9.25497 4.6
    endloop
  endfacet
  facet normal 0 0 1
    outer loop
      vertex 13.3323 0.656714 5
      vertex 6.66774 0.656714 5
      vertex 6.7 0 5
    endloop
  endfacet
  facet normal 0 0 1
    outer loop
      vertex 7.06351 6.00099 5
      vertex 6.57126 1.30711 5
      vertex 6.66774 0.656714 5
    endloop
  endfacet
  facet normal 0 0 1
    outer loop
      vertex 7.06351 6.00099 5
      vertex 6.4115 1.94491 5
      vertex 6.57126 1.30711 5
    endloop
  endfacet
  facet normal 0 0 1
    outer loop
      vertex 4.73761 4.73761 5
      vertex 6.77301 6.17511 5
      vertex 6.39406 6.47084 5
    endloop
  endfacet
  facet normal 0 0 1
    outer loop
      vertex 7.06351 6.00099 5
      vertex 6.18999 2.56398 5
      vertex 6.4115 1.94491 5
    endloop
  endfacet
  facet normal 0 0 1
    outer loop
      vertex 7.06351 6.00099 5
      vertex 5.90887 3.15836 5
      vertex 6.18999 2.56398 5
    endloop
  endfacet
  facet normal 0 0 1
    outer loop
      vertex 4.25043 5.17917 5
      vertex 6.39406 6.47084 5
      vertex 5.77274 7.03398 5
    endloop
  endfacet
  facet normal 0 0 1
    outer loop
      vertex 7.06351 6.00099 5
      vertex 5.57085 3.72232 5
      vertex 5.90887 3.15836 5
    endloop
  endfacet
  facet normal 0 0 1
    outer loop
      vertex 7.06351 6.00099 5
      vertex 5.17917 4.25043 5
      vertex 5.57085 3.72232 5
    endloop
  endfacet
  facet normal 0 0 1
    outer loop
      vertex 4.25043 5.17917 5
      vertex 5.77274 7.03398 5
      vertex 5.05537 7.56599 5
    endloop
  endfacet
  facet normal 0 0 1
    outer loop
      vertex 6.77301 6.17511 5
      vertex 4.73761 4.73761 5
      vertex 5.17917 4.25043 5
    endloop
  endfacet
  facet normal 0 0 1
    outer loop
      vertex 3.72232 5.57085 5
      vertex 5.05537 7.56599 5
      vertex 4.28952 8.02502 5
    endloop
  endfacet
  facet normal 0 0 1
    outer loop
      vertex 6.39406 6.47084 5
      vertex 4.25043 5.17917 5
      vertex 4.73761 4.73761 5
    endloop
  endfacet
  facet normal 0 0 1
    outer loop
      vertex 5.05537 7.56599 5
      vertex 3.72232 5.57085 5
      vertex 4.25043 5.17917 5
    endloop
  endfacet
  facet normal 0 0 1
    outer loop
      vertex 3.15836 5.90887 5
      vertex 4.28952 8.02502 5
      vertex 3.48212 8.40691 5
    endloop
  endfacet
  facet normal 0 0 1
    outer loop
      vertex 4.28952 8.02502 5
      vertex 3.15836 5.90887 5
      vertex 3.72232 5.57085 5
    endloop
  endfacet
  facet normal 0 0 1
    outer loop
      vertex 2.56398 6.18999 5
      vertex 3.48212 8.40691 5
      vertex 2.64146 8.70767 5
    endloop
  endfacet
  facet normal 0 0 1
    outer loop
      vertex 3.48212 8.40691 5
      vertex 2.56398 6.18999 5
      vertex 3.15836 5.90887 5
    endloop
  endfacet
  facet normal 0 0 1
    outer loop
      vertex 2.64146 8.70767 5
      vertex 1.94491 6.4115 5
      vertex 2.56398 6.18999 5
    endloop
  endfacet
  facet normal 0 0 1
    outer loop
      vertex 1.77525 8.92465 5
      vertex 1.94491 6.4115 5
      vertex 2.64146 8.70767 5
    endloop
  endfacet
  facet normal 0 0 1
    outer loop
      vertex 1.77525 8.92465 5
      vertex 1.30711 6.57126 5
      vertex 1.94491 6.4115 5
    endloop
  endfacet
  facet normal 0 0 1
    outer loop
      vertex 0.891876 9.05569 5
      vertex 1.30711 6.57126 5
      vertex 1.77525 8.92465 5
    endloop
  endfacet
  facet normal 0 0 1
    outer loop
      vertex 0.891876 9.05569 5
      vertex 0.656714 6.66774 5
      vertex 1.30711 6.57126 5
    endloop
  endfacet
  facet normal 0 0 1
    outer loop
      vertex 0 9.0995 5
      vertex 0.656714 6.66774 5
      vertex 0.891876 9.05569 5
    endloop
  endfacet
  facet normal 0 0 1
    outer loop
      vertex 0 9.0995 5
      vertex 0 6.7 5
      vertex 0.656714 6.66774 5
    endloop
  endfacet
  facet normal 0 0 1
    outer loop
      vertex 0 9.0995 5
      vertex -0.656714 6.66774 5
      vertex 0 6.7 5
    endloop
  endfacet
  facet normal -0 0 1
    outer loop
      vertex -0.891876 9.05569 5
      vertex -0.656714 6.66774 5
      vertex 0 9.0995 5
    endloop
  endfacet
  facet normal 0 0 1
    outer loop
      vertex -0.891876 9.05569 5
      vertex -1.30711 6.57126 5
      vertex -0.656714 6.66774 5
    endloop
  endfacet
  facet normal -0 0 1
    outer loop
      vertex -1.77525 8.92465 5
      vertex -1.30711 6.57126 5
      vertex -0.891876 9.05569 5
    endloop
  endfacet
  facet normal 0 0 1
    outer loop
      vertex -1.77525 8.92465 5
      vertex -1.94491 6.4115 5
      vertex -1.30711 6.57126 5
    endloop
  endfacet
  facet normal -0 0 1
    outer loop
      vertex -2.64146 8.70767 5
      vertex -1.94491 6.4115 5
      vertex -1.77525 8.92465 5
    endloop
  endfacet
  facet normal 0 0 1
    outer loop
      vertex -1.94491 6.4115 5
      vertex -2.64146 8.70767 5
      vertex -2.56398 6.18999 5
    endloop
  endfacet
  facet normal -0 0 1
    outer loop
      vertex -3.48212 8.40691 5
      vertex -2.56398 6.18999 5
      vertex -2.64146 8.70767 5
    endloop
  endfacet
  facet normal 0 0 1
    outer loop
      vertex -2.56398 6.18999 5
      vertex -3.48212 8.40691 5
      vertex -3.15836 5.90887 5
    endloop
  endfacet
  facet normal -0 0 1
    outer loop
      vertex -4.28952 8.02502 5
      vertex -3.15836 5.90887 5
      vertex -3.48212 8.40691 5
    endloop
  endfacet
  facet normal 0 0 1
    outer loop
      vertex -3.15836 5.90887 5
      vertex -4.28952 8.02502 5
      vertex -3.72232 5.57085 5
    endloop
  endfacet
  facet normal -0 0 1
    outer loop
      vertex -5.05537 7.56599 5
      vertex -3.72232 5.57085 5
      vertex -4.28952 8.02502 5
    endloop
  endfacet
  facet normal 0 0 1
    outer loop
      vertex -3.72232 5.57085 5
      vertex -5.05537 7.56599 5
      vertex -4.25043 5.17917 5
    endloop
  endfacet
  facet normal -0 0 1
    outer loop
      vertex -5.77271 7.034 5
      vertex -4.25043 5.17917 5
      vertex -5.05537 7.56599 5
    endloop
  endfacet
  facet normal 0 0 1
    outer loop
      vertex -4.25043 5.17917 5
      vertex -5.77271 7.034 5
      vertex -4.73761 4.73761 5
    endloop
  endfacet
  facet normal -0 0 1
    outer loop
      vertex -6.43436 6.43431 5
      vertex -4.73761 4.73761 5
      vertex -5.77271 7.034 5
    endloop
  endfacet
  facet normal 0 0 1
    outer loop
      vertex -4.73761 4.73761 5
      vertex -6.43436 6.43431 5
      vertex -5.17917 4.25043 5
    endloop
  endfacet
  facet normal -0 0 1
    outer loop
      vertex -7.034 5.77271 5
      vertex -5.17917 4.25043 5
      vertex -6.43436 6.43431 5
    endloop
  endfacet
  facet normal 0 0 1
    outer loop
      vertex -5.17917 4.25043 5
      vertex -7.034 5.77271 5
      vertex -5.57085 3.72232 5
    endloop
  endfacet
  facet normal -0 0 1
    outer loop
      vertex -7.56599 5.05537 5
      vertex -5.57085 3.72232 5
      vertex -7.034 5.77271 5
    endloop
  endfacet
  facet normal 0 0 1
    outer loop
      vertex -5.57085 3.72232 5
      vertex -7.56599 5.05537 5
      vertex -5.90887 3.15836 5
    endloop
  endfacet
  facet normal -0 0 1
    outer loop
      vertex -8.02502 4.28952 5
      vertex -5.90887 3.15836 5
      vertex -7.56599 5.05537 5
    endloop
  endfacet
  facet normal 0 0 1
    outer loop
      vertex -5.90887 3.15836 5
      vertex -8.02502 4.28952 5
      vertex -6.18999 2.56398 5
    endloop
  endfacet
  facet normal -0 0 1
    outer loop
      vertex -8.40691 3.48212 5
      vertex -6.18999 2.56398 5
      vertex -8.02502 4.28952 5
    endloop
  endfacet
  facet normal 0 0 1
    outer loop
      vertex -6.18999 2.56398 5
      vertex -8.40691 3.48212 5
      vertex -6.4115 1.94491 5
    endloop
  endfacet
  facet normal 0 0 1
    outer loop
      vertex 26.7 0 5
      vertex 29.0995 0 5
      vertex 29.0557 0.891876 5
    endloop
  endfacet
  facet normal 0 0 1
    outer loop
      vertex 26.6677 0.656714 5
      vertex 29.0557 0.891876 5
      vertex 28.9247 1.77525 5
    endloop
  endfacet
  facet normal 0 0 1
    outer loop
      vertex 29.0995 0 5
      vertex 26.7 0 5
      vertex 29.0557 -0.891876 5
    endloop
  endfacet
  facet normal 0 0 1
    outer loop
      vertex 26.5713 1.30711 5
      vertex 28.9247 1.77525 5
      vertex 28.7077 2.64146 5
    endloop
  endfacet
  facet normal -0 0 1
    outer loop
      vertex 26.6677 -0.656714 5
      vertex 29.0557 -0.891876 5
      vertex 26.7 0 5
    endloop
  endfacet
  facet normal 0 0 1
    outer loop
      vertex 26.4115 1.94491 5
      vertex 28.7077 2.64146 5
      vertex 28.4069 3.48212 5
    endloop
  endfacet
  facet normal 0 0 1
    outer loop
      vertex 29.0557 -0.891876 5
      vertex 26.6677 -0.656714 5
      vertex 28.9247 -1.77525 5
    endloop
  endfacet
  facet normal 0 0 1
    outer loop
      vertex 26.19 2.56398 5
      vertex 28.4069 3.48212 5
      vertex 28.025 4.28952 5
    endloop
  endfacet
  facet normal -0 0 1
    outer loop
      vertex 26.5713 -1.30711 5
      vertex 28.9247 -1.77525 5
      vertex 26.6677 -0.656714 5
    endloop
  endfacet
  facet normal 0 0 1
    outer loop
      vertex 25.9089 3.15836 5
      vertex 28.025 4.28952 5
      vertex 27.566 5.05537 5
    endloop
  endfacet
  facet normal 0 0 1
    outer loop
      vertex 28.9247 -1.77525 5
      vertex 26.5713 -1.30711 5
      vertex 28.7077 -2.64146 5
    endloop
  endfacet
  facet normal 0 0 1
    outer loop
      vertex 25.5708 3.72232 5
      vertex 27.566 5.05537 5
      vertex 27.034 5.77271 5
    endloop
  endfacet
  facet normal -0 0 1
    outer loop
      vertex 26.4115 -1.94491 5
      vertex 28.7077 -2.64146 5
      vertex 26.5713 -1.30711 5
    endloop
  endfacet
  facet normal 0 0 1
    outer loop
      vertex 28.7077 -2.64146 5
      vertex 26.4115 -1.94491 5
      vertex 28.4069 -3.48212 5
    endloop
  endfacet
  facet normal 0 0 1
    outer loop
      vertex 29.0557 0.891876 5
      vertex 26.6677 0.656714 5
      vertex 26.7 0 5
    endloop
  endfacet
  facet normal 0 0 1
    outer loop
      vertex 28.9247 1.77525 5
      vertex 26.5713 1.30711 5
      vertex 26.6677 0.656714 5
    endloop
  endfacet
  facet normal 0 0 1
    outer loop
      vertex 25.1792 4.25043 5
      vertex 27.034 5.77271 5
      vertex 26.4344 6.43431 5
    endloop
  endfacet
  facet normal 0 0 1
    outer loop
      vertex 28.7077 2.64146 5
      vertex 26.4115 1.94491 5
      vertex 26.5713 1.30711 5
    endloop
  endfacet
  facet normal 0 0 1
    outer loop
      vertex 28.4069 3.48212 5
      vertex 26.19 2.56398 5
      vertex 26.4115 1.94491 5
    endloop
  endfacet
  facet normal 0 0 1
    outer loop
      vertex 28.025 4.28952 5
      vertex 25.9089 3.15836 5
      vertex 26.19 2.56398 5
    endloop
  endfacet
  facet normal 0 0 1
    outer loop
      vertex 24.7376 4.73761 5
      vertex 26.4344 6.43431 5
      vertex 25.7727 7.034 5
    endloop
  endfacet
  facet normal 0 0 1
    outer loop
      vertex 27.566 5.05537 5
      vertex 25.5708 3.72232 5
      vertex 25.9089 3.15836 5
    endloop
  endfacet
  facet normal 0 0 1
    outer loop
      vertex 27.034 5.77271 5
      vertex 25.1792 4.25043 5
      vertex 25.5708 3.72232 5
    endloop
  endfacet
  facet normal 0 0 1
    outer loop
      vertex 24.2504 5.17917 5
      vertex 25.7727 7.034 5
      vertex 25.0554 7.56599 5
    endloop
  endfacet
  facet normal 0 0 1
    outer loop
      vertex 26.4344 6.43431 5
      vertex 24.7376 4.73761 5
      vertex 25.1792 4.25043 5
    endloop
  endfacet
  facet normal 0 0 1
    outer loop
      vertex 23.7223 5.57085 5
      vertex 25.0554 7.56599 5
      vertex 24.2895 8.02502 5
    endloop
  endfacet
  facet normal 0 0 1
    outer loop
      vertex 25.7727 7.034 5
      vertex 24.2504 5.17917 5
      vertex 24.7376 4.73761 5
    endloop
  endfacet
  facet normal 0 0 1
    outer loop
      vertex 25.0554 7.56599 5
      vertex 23.7223 5.57085 5
      vertex 24.2504 5.17917 5
    endloop
  endfacet
  facet normal 0 0 1
    outer loop
      vertex 23.1584 5.90887 5
      vertex 24.2895 8.02502 5
      vertex 23.4821 8.40691 5
    endloop
  endfacet
  facet normal 0 0 1
    outer loop
      vertex 24.2895 8.02502 5
      vertex 23.1584 5.90887 5
      vertex 23.7223 5.57085 5
    endloop
  endfacet
  facet normal 0 0 1
    outer loop
      vertex 22.564 6.18999 5
      vertex 23.4821 8.40691 5
      vertex 22.6415 8.70767 5
    endloop
  endfacet
  facet normal 0 0 1
    outer loop
      vertex 23.4821 8.40691 5
      vertex 22.564 6.18999 5
      vertex 23.1584 5.90887 5
    endloop
  endfacet
  facet normal 0 0 1
    outer loop
      vertex 22.6415 8.70767 5
      vertex 21.9449 6.4115 5
      vertex 22.564 6.18999 5
    endloop
  endfacet
  facet normal 0 0 1
    outer loop
      vertex 21.7753 8.92465 5
      vertex 21.9449 6.4115 5
      vertex 22.6415 8.70767 5
    endloop
  endfacet
  facet normal 0 0 1
    outer loop
      vertex 21.7753 8.92465 5
      vertex 21.3071 6.57126 5
      vertex 21.9449 6.4115 5
    endloop
  endfacet
  facet normal 0 0 1
    outer loop
      vertex 20.8919 9.05569 5
      vertex 21.3071 6.57126 5
      vertex 21.7753 8.92465 5
    endloop
  endfacet
  facet normal 0 0 1
    outer loop
      vertex 20.8919 9.05569 5
      vertex 20.6567 6.66774 5
      vertex 21.3071 6.57126 5
    endloop
  endfacet
  facet normal 0 0 1
    outer loop
      vertex 20 9.0995 5
      vertex 20.6567 6.66774 5
      vertex 20.8919 9.05569 5
    endloop
  endfacet
  facet normal 0 0 1
    outer loop
      vertex 20 9.0995 5
      vertex 20 6.7 5
      vertex 20.6567 6.66774 5
    endloop
  endfacet
  facet normal 0 0 1
    outer loop
      vertex 20 9.0995 5
      vertex 19.3433 6.66774 5
      vertex 20 6.7 5
    endloop
  endfacet
  facet normal -0 0 1
    outer loop
      vertex 19.1081 9.05569 5
      vertex 19.3433 6.66774 5
      vertex 20 9.0995 5
    endloop
  endfacet
  facet normal 0 0 1
    outer loop
      vertex 19.1081 9.05569 5
      vertex 18.6929 6.57126 5
      vertex 19.3433 6.66774 5
    endloop
  endfacet
  facet normal -0 0 1
    outer loop
      vertex 18.2247 8.92465 5
      vertex 18.6929 6.57126 5
      vertex 19.1081 9.05569 5
    endloop
  endfacet
  facet normal 0 0 1
    outer loop
      vertex 18.2247 8.92465 5
      vertex 18.0551 6.4115 5
      vertex 18.6929 6.57126 5
    endloop
  endfacet
  facet normal -0 0 1
    outer loop
      vertex 17.3585 8.70767 5
      vertex 18.0551 6.4115 5
      vertex 18.2247 8.92465 5
    endloop
  endfacet
  facet normal 0 0 1
    outer loop
      vertex 18.0551 6.4115 5
      vertex 17.3585 8.70767 5
      vertex 17.436 6.18999 5
    endloop
  endfacet
  facet normal -0 0 1
    outer loop
      vertex 16.5179 8.40691 5
      vertex 17.436 6.18999 5
      vertex 17.3585 8.70767 5
    endloop
  endfacet
  facet normal 0 0 1
    outer loop
      vertex 17.436 6.18999 5
      vertex 16.5179 8.40691 5
      vertex 16.8416 5.90887 5
    endloop
  endfacet
  facet normal -0 0 1
    outer loop
      vertex 15.7105 8.02502 5
      vertex 16.8416 5.90887 5
      vertex 16.5179 8.40691 5
    endloop
  endfacet
  facet normal 0 0 1
    outer loop
      vertex 16.8416 5.90887 5
      vertex 15.7105 8.02502 5
      vertex 16.2777 5.57085 5
    endloop
  endfacet
  facet normal -0 0 1
    outer loop
      vertex 14.9446 7.56599 5
      vertex 16.2777 5.57085 5
      vertex 15.7105 8.02502 5
    endloop
  endfacet
  facet normal 0 0 1
    outer loop
      vertex 16.2777 5.57085 5
      vertex 14.9446 7.56599 5
      vertex 15.7496 5.17917 5
    endloop
  endfacet
  facet normal -0 0 1
    outer loop
      vertex 14.2273 7.034 5
      vertex 15.7496 5.17917 5
      vertex 14.9446 7.56599 5
    endloop
  endfacet
  facet normal -0 0 1
    outer loop
      vertex 13.6096 6.47421 5
      vertex 15.7496 5.17917 5
      vertex 14.2273 7.034 5
    endloop
  endfacet
  facet normal 0 0 1
    outer loop
      vertex 15.7496 5.17917 5
      vertex 13.6096 6.47421 5
      vertex 15.2624 4.73761 5
    endloop
  endfacet
  facet normal -0 0 1
    outer loop
      vertex 13.3592 6.26866 5
      vertex 15.2624 4.73761 5
      vertex 13.6096 6.47421 5
    endloop
  endfacet
  facet normal 0 0 1
    outer loop
      vertex 15.2624 4.73761 5
      vertex 13.3592 6.26866 5
      vertex 14.8208 4.25043 5
    endloop
  endfacet
  facet normal -0 0 1
    outer loop
      vertex 13.0817 6.0833 5
      vertex 14.8208 4.25043 5
      vertex 13.3592 6.26866 5
    endloop
  endfacet
  facet normal -0 0 1
    outer loop
      vertex 12.7874 5.92596 5
      vertex 14.8208 4.25043 5
      vertex 13.0817 6.0833 5
    endloop
  endfacet
  facet normal 0 0 1
    outer loop
      vertex 14.8208 4.25043 5
      vertex 12.7874 5.92596 5
      vertex 14.4292 3.72232 5
    endloop
  endfacet
  facet normal -0 0 1
    outer loop
      vertex 12.4792 5.79828 5
      vertex 14.4292 3.72232 5
      vertex 12.7874 5.92596 5
    endloop
  endfacet
  facet normal 0 0 1
    outer loop
      vertex 14.4292 3.72232 5
      vertex 12.4792 5.79828 5
      vertex 14.0911 3.15836 5
    endloop
  endfacet
  facet normal -0 0 1
    outer loop
      vertex 12.1599 5.70146 5
      vertex 14.0911 3.15836 5
      vertex 12.4792 5.79828 5
    endloop
  endfacet
  facet normal -0 0 1
    outer loop
      vertex 11.8277 5.63536 5
      vertex 14.0911 3.15836 5
      vertex 12.1599 5.70146 5
    endloop
  endfacet
  facet normal 0 0 1
    outer loop
      vertex 14.0911 3.15836 5
      vertex 11.8277 5.63536 5
      vertex 13.81 2.56398 5
    endloop
  endfacet
  facet normal -0 0 1
    outer loop
      vertex 11.3481 5.60001 5
      vertex 13.81 2.56398 5
      vertex 11.8277 5.63536 5
    endloop
  endfacet
  facet normal 0 0 1
    outer loop
      vertex 13.3 0 5
      vertex 12.9365 -6.00099 5
      vertex 13.227 -6.17511 5
    endloop
  endfacet
  facet normal 0 0 1
    outer loop
      vertex 13.81 2.56398 5
      vertex 11.3481 5.60001 5
      vertex 13.5885 1.94491 5
    endloop
  endfacet
  facet normal 0 0 1
    outer loop
      vertex 13.3 0 5
      vertex 12.6349 -5.8584 5
      vertex 12.9365 -6.00099 5
    endloop
  endfacet
  facet normal 0 0 1
    outer loop
      vertex 13.5885 1.94491 5
      vertex 11.3481 5.60001 5
      vertex 13.4287 1.30711 5
    endloop
  endfacet
  facet normal 0 0 1
    outer loop
      vertex 13.3 0 5
      vertex 12.3207 -5.74596 5
      vertex 12.6349 -5.8584 5
    endloop
  endfacet
  facet normal -0 0 1
    outer loop
      vertex 8.65683 5.60001 5
      vertex 13.4287 1.30711 5
      vertex 11.3481 5.60001 5
    endloop
  endfacet
  facet normal 0 0 1
    outer loop
      vertex 13.3 0 5
      vertex 11.9969 -5.66484 5
      vertex 12.3207 -5.74596 5
    endloop
  endfacet
  facet normal 0 0 1
    outer loop
      vertex 6.66774 0.656714 5
      vertex 13.4287 1.30711 5
      vertex 8.65683 5.60001 5
    endloop
  endfacet
  facet normal 0 0 1
    outer loop
      vertex 13.3 0 5
      vertex 11.667 -5.61591 5
      vertex 11.9969 -5.66484 5
    endloop
  endfacet
  facet normal 0 0 1
    outer loop
      vertex 13.3323 0.656714 5
      vertex 6.7 0 5
      vertex 13.3 0 5
    endloop
  endfacet
  facet normal 0 0 1
    outer loop
      vertex 6.66774 -0.656714 5
      vertex 13.3 0 5
      vertex 6.7 0 5
    endloop
  endfacet
  facet normal 0 0 1
    outer loop
      vertex 6.66774 0.656714 5
      vertex 13.3323 0.656714 5
      vertex 13.4287 1.30711 5
    endloop
  endfacet
  facet normal 0 0 1
    outer loop
      vertex 13.3 0 5
      vertex 11.3432 -5.60001 5
      vertex 11.667 -5.61591 5
    endloop
  endfacet
  facet normal 0 0 1
    outer loop
      vertex 6.66774 0.656714 5
      vertex 8.65683 5.60001 5
      vertex 8.33299 5.61591 5
    endloop
  endfacet
  facet normal 0 0 1
    outer loop
      vertex 6.57126 -1.30711 5
      vertex 13.3 0 5
      vertex 6.66774 -0.656714 5
    endloop
  endfacet
  facet normal 0 0 1
    outer loop
      vertex 6.66774 0.656714 5
      vertex 8.33299 5.61591 5
      vertex 8.0031 5.66484 5
    endloop
  endfacet
  facet normal 0 0 1
    outer loop
      vertex 13.3 0 5
      vertex 6.57126 -1.30711 5
      vertex 11.3432 -5.60001 5
    endloop
  endfacet
  facet normal 0 0 1
    outer loop
      vertex 6.66774 0.656714 5
      vertex 8.0031 5.66484 5
      vertex 7.67929 5.74596 5
    endloop
  endfacet
  facet normal 0 0 1
    outer loop
      vertex 11.3432 -5.60001 5
      vertex 6.57126 -1.30711 5
      vertex 8.65184 -5.60001 5
    endloop
  endfacet
  facet normal 0 0 1
    outer loop
      vertex 6.66774 0.656714 5
      vertex 7.67929 5.74596 5
      vertex 7.36504 5.8584 5
    endloop
  endfacet
  facet normal -0 0 1
    outer loop
      vertex 6.4115 -1.94491 5
      vertex 8.65184 -5.60001 5
      vertex 6.57126 -1.30711 5
    endloop
  endfacet
  facet normal 0 0 1
    outer loop
      vertex 6.66774 0.656714 5
      vertex 7.36504 5.8584 5
      vertex 7.06351 6.00099 5
    endloop
  endfacet
  facet normal -0 0 1
    outer loop
      vertex 6.18999 -2.56398 5
      vertex 8.65184 -5.60001 5
      vertex 6.4115 -1.94491 5
    endloop
  endfacet
  facet normal 0 0 1
    outer loop
      vertex 5.17917 4.25043 5
      vertex 7.06351 6.00099 5
      vertex 6.77301 6.17511 5
    endloop
  endfacet
  facet normal 0 0 1
    outer loop
      vertex 8.65184 -5.60001 5
      vertex 6.18999 -2.56398 5
      vertex 8.17229 -5.63536 5
    endloop
  endfacet
  facet normal -0 0 1
    outer loop
      vertex 5.90887 -3.15836 5
      vertex 8.17229 -5.63536 5
      vertex 6.18999 -2.56398 5
    endloop
  endfacet
  facet normal 0 0 1
    outer loop
      vertex 8.17229 -5.63536 5
      vertex 5.90887 -3.15836 5
      vertex 7.84013 -5.70146 5
    endloop
  endfacet
  facet normal 0 0 1
    outer loop
      vertex 7.84013 -5.70146 5
      vertex 5.90887 -3.15836 5
      vertex 7.52083 -5.79828 5
    endloop
  endfacet
  facet normal -0 0 1
    outer loop
      vertex 5.57085 -3.72232 5
      vertex 7.52083 -5.79828 5
      vertex 5.90887 -3.15836 5
    endloop
  endfacet
  facet normal 0 0 1
    outer loop
      vertex 7.52083 -5.79828 5
      vertex 5.57085 -3.72232 5
      vertex 7.21259 -5.92596 5
    endloop
  endfacet
  facet normal -0 0 1
    outer loop
      vertex 5.17917 -4.25043 5
      vertex 7.21259 -5.92596 5
      vertex 5.57085 -3.72232 5
    endloop
  endfacet
  facet normal 0 0 1
    outer loop
      vertex 7.21259 -5.92596 5
      vertex 5.17917 -4.25043 5
      vertex 6.91824 -6.0833 5
    endloop
  endfacet
  facet normal 0 0 1
    outer loop
      vertex 6.91824 -6.0833 5
      vertex 5.17917 -4.25043 5
      vertex 6.64082 -6.26866 5
    endloop
  endfacet
  facet normal -0 0 1
    outer loop
      vertex 4.73761 -4.73761 5
      vertex 6.64082 -6.26866 5
      vertex 5.17917 -4.25043 5
    endloop
  endfacet
  facet normal 0 0 1
    outer loop
      vertex 6.64082 -6.26866 5
      vertex 4.73761 -4.73761 5
      vertex 6.39035 -6.47421 5
    endloop
  endfacet
  facet normal -0 0 1
    outer loop
      vertex 4.25043 -5.17917 5
      vertex 6.39035 -6.47421 5
      vertex 4.73761 -4.73761 5
    endloop
  endfacet
  facet normal 0 0 1
    outer loop
      vertex 6.39035 -6.47421 5
      vertex 4.25043 -5.17917 5
      vertex 5.77272 -7.034 5
    endloop
  endfacet
  facet normal 0 0 1
    outer loop
      vertex 5.77272 -7.034 5
      vertex 4.25043 -5.17917 5
      vertex 5.05537 -7.56599 5
    endloop
  endfacet
  facet normal -0 0 1
    outer loop
      vertex 3.72232 -5.57085 5
      vertex 5.05537 -7.56599 5
      vertex 4.25043 -5.17917 5
    endloop
  endfacet
  facet normal 0 0 1
    outer loop
      vertex 5.05537 -7.56599 5
      vertex 3.72232 -5.57085 5
      vertex 4.28952 -8.02502 5
    endloop
  endfacet
  facet normal -0 0 1
    outer loop
      vertex 3.15836 -5.90887 5
      vertex 4.28952 -8.02502 5
      vertex 3.72232 -5.57085 5
    endloop
  endfacet
  facet normal 0 0 1
    outer loop
      vertex 4.28952 -8.02502 5
      vertex 3.15836 -5.90887 5
      vertex 3.48212 -8.40691 5
    endloop
  endfacet
  facet normal -0 0 1
    outer loop
      vertex 2.56398 -6.18999 5
      vertex 3.48212 -8.40691 5
      vertex 3.15836 -5.90887 5
    endloop
  endfacet
  facet normal 0 0 1
    outer loop
      vertex 3.48212 -8.40691 5
      vertex 2.56398 -6.18999 5
      vertex 2.64146 -8.70767 5
    endloop
  endfacet
  facet normal -0 0 1
    outer loop
      vertex 1.94491 -6.4115 5
      vertex 2.64146 -8.70767 5
      vertex 2.56398 -6.18999 5
    endloop
  endfacet
  facet normal 0 0 1
    outer loop
      vertex 1.94491 -6.4115 5
      vertex 1.77525 -8.92465 5
      vertex 2.64146 -8.70767 5
    endloop
  endfacet
  facet normal -0 0 1
    outer loop
      vertex 1.30711 -6.57126 5
      vertex 1.77525 -8.92465 5
      vertex 1.94491 -6.4115 5
    endloop
  endfacet
  facet normal 0 0 1
    outer loop
      vertex 1.30711 -6.57126 5
      vertex 0.891876 -9.05569 5
      vertex 1.77525 -8.92465 5
    endloop
  endfacet
  facet normal -0 0 1
    outer loop
      vertex 0.656714 -6.66774 5
      vertex 0.891876 -9.05569 5
      vertex 1.30711 -6.57126 5
    endloop
  endfacet
  facet normal -0 0 1
    outer loop
      vertex 0 -6.7 5
      vertex 0.891876 -9.05569 5
      vertex 0.656714 -6.66774 5
    endloop
  endfacet
  facet normal 0 0 1
    outer loop
      vertex 0 -6.7 5
      vertex 0 -9.0995 5
      vertex 0.891876 -9.05569 5
    endloop
  endfacet
  facet normal 0 0 1
    outer loop
      vertex -0.656714 -6.66774 5
      vertex 0 -9.0995 5
      vertex 0 -6.7 5
    endloop
  endfacet
  facet normal 0 0 1
    outer loop
      vertex -0.656714 -6.66774 5
      vertex -0.891876 -9.05569 5
      vertex 0 -9.0995 5
    endloop
  endfacet
  facet normal 0 0 1
    outer loop
      vertex -1.30711 -6.57126 5
      vertex -0.891876 -9.05569 5
      vertex -0.656714 -6.66774 5
    endloop
  endfacet
  facet normal 0 0 1
    outer loop
      vertex -1.30711 -6.57126 5
      vertex -1.77525 -8.92465 5
      vertex -0.891876 -9.05569 5
    endloop
  endfacet
  facet normal 0 0 1
    outer loop
      vertex -1.94491 -6.4115 5
      vertex -1.77525 -8.92465 5
      vertex -1.30711 -6.57126 5
    endloop
  endfacet
  facet normal 0 0 1
    outer loop
      vertex -2.64146 -8.70767 5
      vertex -1.94491 -6.4115 5
      vertex -2.56398 -6.18999 5
    endloop
  endfacet
  facet normal 0 0 1
    outer loop
      vertex -1.94491 -6.4115 5
      vertex -2.64146 -8.70767 5
      vertex -1.77525 -8.92465 5
    endloop
  endfacet
  facet normal 0 0 1
    outer loop
      vertex -3.48212 -8.40691 5
      vertex -2.56398 -6.18999 5
      vertex -3.15836 -5.90887 5
    endloop
  endfacet
  facet normal 0 0 1
    outer loop
      vertex -2.56398 -6.18999 5
      vertex -3.48212 -8.40691 5
      vertex -2.64146 -8.70767 5
    endloop
  endfacet
  facet normal 0 0 1
    outer loop
      vertex -4.28952 -8.02502 5
      vertex -3.15836 -5.90887 5
      vertex -3.72232 -5.57085 5
    endloop
  endfacet
  facet normal 0 0 1
    outer loop
      vertex -5.05537 -7.56599 5
      vertex -3.72232 -5.57085 5
      vertex -4.25043 -5.17917 5
    endloop
  endfacet
  facet normal 0 0 1
    outer loop
      vertex -3.15836 -5.90887 5
      vertex -4.28952 -8.02502 5
      vertex -3.48212 -8.40691 5
    endloop
  endfacet
  facet normal 0 0 1
    outer loop
      vertex -5.77271 -7.034 5
      vertex -4.25043 -5.17917 5
      vertex -4.73761 -4.73761 5
    endloop
  endfacet
  facet normal 0 0 1
    outer loop
      vertex -3.72232 -5.57085 5
      vertex -5.05537 -7.56599 5
      vertex -4.28952 -8.02502 5
    endloop
  endfacet
  facet normal 0 0 1
    outer loop
      vertex -6.43433 -6.43433 5
      vertex -4.73761 -4.73761 5
      vertex -5.17917 -4.25043 5
    endloop
  endfacet
  facet normal 0 0 1
    outer loop
      vertex -7.034 -5.77271 5
      vertex -5.17917 -4.25043 5
      vertex -5.57085 -3.72232 5
    endloop
  endfacet
  facet normal 0 0 1
    outer loop
      vertex -4.25043 -5.17917 5
      vertex -5.77271 -7.034 5
      vertex -5.05537 -7.56599 5
    endloop
  endfacet
  facet normal 0 0 1
    outer loop
      vertex -7.56599 -5.05537 5
      vertex -5.57085 -3.72232 5
      vertex -5.90887 -3.15836 5
    endloop
  endfacet
  facet normal 0 0 1
    outer loop
      vertex -8.02502 -4.28952 5
      vertex -5.90887 -3.15836 5
      vertex -6.18999 -2.56398 5
    endloop
  endfacet
  facet normal 0 0 1
    outer loop
      vertex -8.40691 -3.48212 5
      vertex -6.18999 -2.56398 5
      vertex -6.4115 -1.94491 5
    endloop
  endfacet
  facet normal 0 0 1
    outer loop
      vertex -4.73761 -4.73761 5
      vertex -6.43433 -6.43433 5
      vertex -5.77271 -7.034 5
    endloop
  endfacet
  facet normal 0 0 1
    outer loop
      vertex -8.70767 -2.64146 5
      vertex -6.4115 -1.94491 5
      vertex -6.57126 -1.30711 5
    endloop
  endfacet
  facet normal 0 0 1
    outer loop
      vertex -8.92465 -1.77525 5
      vertex -6.57126 -1.30711 5
      vertex -6.66774 -0.656714 5
    endloop
  endfacet
  facet normal 0 0 1
    outer loop
      vertex -9.05569 -0.891876 5
      vertex -6.66774 -0.656714 5
      vertex -6.7 0 5
    endloop
  endfacet
  facet normal -0 0 1
    outer loop
      vertex -8.70767 2.64146 5
      vertex -6.4115 1.94491 5
      vertex -8.40691 3.48212 5
    endloop
  endfacet
  facet normal 0 0 1
    outer loop
      vertex -5.17917 -4.25043 5
      vertex -7.034 -5.77271 5
      vertex -6.43433 -6.43433 5
    endloop
  endfacet
  facet normal 0 0 1
    outer loop
      vertex -6.4115 1.94491 5
      vertex -8.70767 2.64146 5
      vertex -6.57126 1.30711 5
    endloop
  endfacet
  facet normal 0 0 1
    outer loop
      vertex -5.57085 -3.72232 5
      vertex -7.56599 -5.05537 5
      vertex -7.034 -5.77271 5
    endloop
  endfacet
  facet normal -0 0 1
    outer loop
      vertex -8.92465 1.77525 5
      vertex -6.57126 1.30711 5
      vertex -8.70767 2.64146 5
    endloop
  endfacet
  facet normal 0 0 1
    outer loop
      vertex -5.90887 -3.15836 5
      vertex -8.02502 -4.28952 5
      vertex -7.56599 -5.05537 5
    endloop
  endfacet
  facet normal 0 0 1
    outer loop
      vertex -6.57126 1.30711 5
      vertex -8.92465 1.77525 5
      vertex -6.66774 0.656714 5
    endloop
  endfacet
  facet normal 0 0 1
    outer loop
      vertex -6.18999 -2.56398 5
      vertex -8.40691 -3.48212 5
      vertex -8.02502 -4.28952 5
    endloop
  endfacet
  facet normal -0 0 1
    outer loop
      vertex -9.05569 0.891876 5
      vertex -6.66774 0.656714 5
      vertex -8.92465 1.77525 5
    endloop
  endfacet
  facet normal 0 0 1
    outer loop
      vertex -6.4115 -1.94491 5
      vertex -8.70767 -2.64146 5
      vertex -8.40691 -3.48212 5
    endloop
  endfacet
  facet normal 0 0 1
    outer loop
      vertex -6.66774 0.656714 5
      vertex -9.05569 0.891876 5
      vertex -6.7 0 5
    endloop
  endfacet
  facet normal 0 0 1
    outer loop
      vertex -6.57126 -1.30711 5
      vertex -8.92465 -1.77525 5
      vertex -8.70767 -2.64146 5
    endloop
  endfacet
  facet normal 0 0 1
    outer loop
      vertex -9.0995 0 5
      vertex -6.7 0 5
      vertex -9.05569 0.891876 5
    endloop
  endfacet
  facet normal 0 0 1
    outer loop
      vertex -6.66774 -0.656714 5
      vertex -9.05569 -0.891876 5
      vertex -8.92465 -1.77525 5
    endloop
  endfacet
  facet normal 0 0 1
    outer loop
      vertex -6.7 0 5
      vertex -9.0995 0 5
      vertex -9.05569 -0.891876 5
    endloop
  endfacet
  facet normal -0 0 1
    outer loop
      vertex 26.19 -2.56398 5
      vertex 28.4069 -3.48212 5
      vertex 26.4115 -1.94491 5
    endloop
  endfacet
  facet normal 0 0 1
    outer loop
      vertex 28.4069 -3.48212 5
      vertex 26.19 -2.56398 5
      vertex 28.025 -4.28952 5
    endloop
  endfacet
  facet normal -0 0 1
    outer loop
      vertex 25.9089 -3.15836 5
      vertex 28.025 -4.28952 5
      vertex 26.19 -2.56398 5
    endloop
  endfacet
  facet normal 0 0 1
    outer loop
      vertex 28.025 -4.28952 5
      vertex 25.9089 -3.15836 5
      vertex 27.566 -5.05537 5
    endloop
  endfacet
  facet normal -0 0 1
    outer loop
      vertex 25.5708 -3.72232 5
      vertex 27.566 -5.05537 5
      vertex 25.9089 -3.15836 5
    endloop
  endfacet
  facet normal 0 0 1
    outer loop
      vertex 27.566 -5.05537 5
      vertex 25.5708 -3.72232 5
      vertex 27.034 -5.77271 5
    endloop
  endfacet
  facet normal -0 0 1
    outer loop
      vertex 25.1792 -4.25043 5
      vertex 27.034 -5.77271 5
      vertex 25.5708 -3.72232 5
    endloop
  endfacet
  facet normal 0 0 1
    outer loop
      vertex 27.034 -5.77271 5
      vertex 25.1792 -4.25043 5
      vertex 26.4343 -6.43433 5
    endloop
  endfacet
  facet normal -0 0 1
    outer loop
      vertex 24.7376 -4.73761 5
      vertex 26.4343 -6.43433 5
      vertex 25.1792 -4.25043 5
    endloop
  endfacet
  facet normal 0 0 1
    outer loop
      vertex 26.4343 -6.43433 5
      vertex 24.7376 -4.73761 5
      vertex 25.7727 -7.034 5
    endloop
  endfacet
  facet normal -0 0 1
    outer loop
      vertex 24.2504 -5.17917 5
      vertex 25.7727 -7.034 5
      vertex 24.7376 -4.73761 5
    endloop
  endfacet
  facet normal 0 0 1
    outer loop
      vertex 25.7727 -7.034 5
      vertex 24.2504 -5.17917 5
      vertex 25.0554 -7.56599 5
    endloop
  endfacet
  facet normal -0 0 1
    outer loop
      vertex 23.7223 -5.57085 5
      vertex 25.0554 -7.56599 5
      vertex 24.2504 -5.17917 5
    endloop
  endfacet
  facet normal 0 0 1
    outer loop
      vertex 25.0554 -7.56599 5
      vertex 23.7223 -5.57085 5
      vertex 24.2895 -8.02502 5
    endloop
  endfacet
  facet normal -0 0 1
    outer loop
      vertex 23.1584 -5.90887 5
      vertex 24.2895 -8.02502 5
      vertex 23.7223 -5.57085 5
    endloop
  endfacet
  facet normal 0 0 1
    outer loop
      vertex 24.2895 -8.02502 5
      vertex 23.1584 -5.90887 5
      vertex 23.4821 -8.40691 5
    endloop
  endfacet
  facet normal -0 0 1
    outer loop
      vertex 22.564 -6.18999 5
      vertex 23.4821 -8.40691 5
      vertex 23.1584 -5.90887 5
    endloop
  endfacet
  facet normal 0 0 1
    outer loop
      vertex 23.4821 -8.40691 5
      vertex 22.564 -6.18999 5
      vertex 22.6415 -8.70767 5
    endloop
  endfacet
  facet normal -0 0 1
    outer loop
      vertex 21.9449 -6.4115 5
      vertex 22.6415 -8.70767 5
      vertex 22.564 -6.18999 5
    endloop
  endfacet
  facet normal 0 0 1
    outer loop
      vertex 21.9449 -6.4115 5
      vertex 21.7753 -8.92465 5
      vertex 22.6415 -8.70767 5
    endloop
  endfacet
  facet normal -0 0 1
    outer loop
      vertex 21.3071 -6.57126 5
      vertex 21.7753 -8.92465 5
      vertex 21.9449 -6.4115 5
    endloop
  endfacet
  facet normal 0 0 1
    outer loop
      vertex 21.3071 -6.57126 5
      vertex 20.8919 -9.05569 5
      vertex 21.7753 -8.92465 5
    endloop
  endfacet
  facet normal -0 0 1
    outer loop
      vertex 20.6567 -6.66774 5
      vertex 20.8919 -9.05569 5
      vertex 21.3071 -6.57126 5
    endloop
  endfacet
  facet normal -0 0 1
    outer loop
      vertex 20 -6.7 5
      vertex 20.8919 -9.05569 5
      vertex 20.6567 -6.66774 5
    endloop
  endfacet
  facet normal 0 0 1
    outer loop
      vertex 20 -6.7 5
      vertex 20 -9.0995 5
      vertex 20.8919 -9.05569 5
    endloop
  endfacet
  facet normal 0 0 1
    outer loop
      vertex 19.3433 -6.66774 5
      vertex 20 -9.0995 5
      vertex 20 -6.7 5
    endloop
  endfacet
  facet normal 0 0 1
    outer loop
      vertex 19.3433 -6.66774 5
      vertex 19.1081 -9.05569 5
      vertex 20 -9.0995 5
    endloop
  endfacet
  facet normal 0 0 1
    outer loop
      vertex 18.6929 -6.57126 5
      vertex 19.1081 -9.05569 5
      vertex 19.3433 -6.66774 5
    endloop
  endfacet
  facet normal 0 0 1
    outer loop
      vertex 18.6929 -6.57126 5
      vertex 18.2247 -8.92465 5
      vertex 19.1081 -9.05569 5
    endloop
  endfacet
  facet normal 0 0 1
    outer loop
      vertex 18.0551 -6.4115 5
      vertex 18.2247 -8.92465 5
      vertex 18.6929 -6.57126 5
    endloop
  endfacet
  facet normal 0 0 1
    outer loop
      vertex 17.3585 -8.70767 5
      vertex 18.0551 -6.4115 5
      vertex 17.436 -6.18999 5
    endloop
  endfacet
  facet normal 0 0 1
    outer loop
      vertex 18.0551 -6.4115 5
      vertex 17.3585 -8.70767 5
      vertex 18.2247 -8.92465 5
    endloop
  endfacet
  facet normal 0 0 1
    outer loop
      vertex 16.5179 -8.40691 5
      vertex 17.436 -6.18999 5
      vertex 16.8416 -5.90887 5
    endloop
  endfacet
  facet normal 0 0 1
    outer loop
      vertex 17.436 -6.18999 5
      vertex 16.5179 -8.40691 5
      vertex 17.3585 -8.70767 5
    endloop
  endfacet
  facet normal 0 0 1
    outer loop
      vertex 15.7105 -8.02502 5
      vertex 16.8416 -5.90887 5
      vertex 16.2777 -5.57085 5
    endloop
  endfacet
  facet normal 0 0 1
    outer loop
      vertex 14.9446 -7.56599 5
      vertex 16.2777 -5.57085 5
      vertex 15.7496 -5.17917 5
    endloop
  endfacet
  facet normal 0 0 1
    outer loop
      vertex 16.8416 -5.90887 5
      vertex 15.7105 -8.02502 5
      vertex 16.5179 -8.40691 5
    endloop
  endfacet
  facet normal 0 0 1
    outer loop
      vertex 13.6059 -6.47084 5
      vertex 15.7496 -5.17917 5
      vertex 15.2624 -4.73761 5
    endloop
  endfacet
  facet normal 0 0 1
    outer loop
      vertex 16.2777 -5.57085 5
      vertex 14.9446 -7.56599 5
      vertex 15.7105 -8.02502 5
    endloop
  endfacet
  facet normal 0 0 1
    outer loop
      vertex 13.227 -6.17511 5
      vertex 15.2624 -4.73761 5
      vertex 14.8208 -4.25043 5
    endloop
  endfacet
  facet normal 0 0 1
    outer loop
      vertex 13.227 -6.17511 5
      vertex 14.8208 -4.25043 5
      vertex 14.4292 -3.72232 5
    endloop
  endfacet
  facet normal 0 0 1
    outer loop
      vertex 15.7496 -5.17917 5
      vertex 14.2272 -7.03398 5
      vertex 14.9446 -7.56599 5
    endloop
  endfacet
  facet normal 0 0 1
    outer loop
      vertex 13.227 -6.17511 5
      vertex 14.4292 -3.72232 5
      vertex 14.0911 -3.15836 5
    endloop
  endfacet
  facet normal 0 0 1
    outer loop
      vertex 13.227 -6.17511 5
      vertex 14.0911 -3.15836 5
      vertex 13.81 -2.56398 5
    endloop
  endfacet
  facet normal 0 0 1
    outer loop
      vertex 15.7496 -5.17917 5
      vertex 13.6059 -6.47084 5
      vertex 14.2272 -7.03398 5
    endloop
  endfacet
  facet normal 0 0 1
    outer loop
      vertex 13.227 -6.17511 5
      vertex 13.81 -2.56398 5
      vertex 13.5885 -1.94491 5
    endloop
  endfacet
  facet normal 0 0 1
    outer loop
      vertex 13.227 -6.17511 5
      vertex 13.5885 -1.94491 5
      vertex 13.4287 -1.30711 5
    endloop
  endfacet
  facet normal 0 0 1
    outer loop
      vertex 13.227 -6.17511 5
      vertex 13.4287 -1.30711 5
      vertex 13.3323 -0.656714 5
    endloop
  endfacet
  facet normal 0 0 1
    outer loop
      vertex 13.227 -6.17511 5
      vertex 13.3323 -0.656714 5
      vertex 13.3 0 5
    endloop
  endfacet
  facet normal 0 0 1
    outer loop
      vertex 15.2624 -4.73761 5
      vertex 13.227 -6.17511 5
      vertex 13.6059 -6.47084 5
    endloop
  endfacet
  facet normal 0.14673 -0.989177 0
    outer loop
      vertex 20.8919 -9.05569 4.8
      vertex 21.7753 -8.92465 5
      vertex 20.8919 -9.05569 5
    endloop
  endfacet
  facet normal 0.14673 -0.989177 0
    outer loop
      vertex 21.7753 -8.92465 5
      vertex 20.8919 -9.05569 4.8
      vertex 21.7753 -8.92465 4.8
    endloop
  endfacet
  facet normal 0.242989 -0.970029 0
    outer loop
      vertex 21.7753 -8.92465 4.8
      vertex 22.6415 -8.70767 5
      vertex 21.7753 -8.92465 5
    endloop
  endfacet
  facet normal 0.242989 -0.970029 0
    outer loop
      vertex 22.6415 -8.70767 5
      vertex 21.7753 -8.92465 4.8
      vertex 22.6415 -8.70767 4.8
    endloop
  endfacet
  facet normal 0.336878 -0.941548 0
    outer loop
      vertex 22.6415 -8.70767 4.8
      vertex 23.4821 -8.40691 5
      vertex 22.6415 -8.70767 5
    endloop
  endfacet
  facet normal 0.336878 -0.941548 0
    outer loop
      vertex 23.4821 -8.40691 5
      vertex 22.6415 -8.70767 4.8
      vertex 23.4821 -8.40691 4.8
    endloop
  endfacet
  facet normal 0.427572 -0.903981 0
    outer loop
      vertex 23.4821 -8.40691 4.8
      vertex 24.2895 -8.02502 5
      vertex 23.4821 -8.40691 5
    endloop
  endfacet
  facet normal 0.427572 -0.903981 0
    outer loop
      vertex 24.2895 -8.02502 5
      vertex 23.4821 -8.40691 4.8
      vertex 24.2895 -8.02502 4.8
    endloop
  endfacet
  facet normal 0.514076 -0.857745 0
    outer loop
      vertex 24.2895 -8.02502 4.8
      vertex 25.0554 -7.56599 5
      vertex 24.2895 -8.02502 5
    endloop
  endfacet
  facet normal 0.514076 -0.857745 0
    outer loop
      vertex 25.0554 -7.56599 5
      vertex 24.2895 -8.02502 4.8
      vertex 25.0554 -7.56599 4.8
    endloop
  endfacet
  facet normal 0.595702 -0.803205 0
    outer loop
      vertex 25.0554 -7.56599 4.8
      vertex 25.7727 -7.034 5
      vertex 25.0554 -7.56599 5
    endloop
  endfacet
  facet normal 0.595702 -0.803205 0
    outer loop
      vertex 25.7727 -7.034 5
      vertex 25.0554 -7.56599 4.8
      vertex 25.7727 -7.034 4.8
    endloop
  endfacet
  facet normal 0.671578 -0.740934 0
    outer loop
      vertex 25.7727 -7.034 4.8
      vertex 26.4343 -6.43433 5
      vertex 25.7727 -7.034 5
    endloop
  endfacet
  facet normal 0.671578 -0.740934 0
    outer loop
      vertex 26.4343 -6.43433 5
      vertex 25.7727 -7.034 4.8
      vertex 26.4343 -6.43433 4.8
    endloop
  endfacet
  facet normal 0.740927 -0.671585 0
    outer loop
      vertex 26.4343 -6.43433 5
      vertex 27.034 -5.77271 4.8
      vertex 27.034 -5.77271 5
    endloop
  endfacet
  facet normal 0.740927 -0.671585 0
    outer loop
      vertex 27.034 -5.77271 4.8
      vertex 26.4343 -6.43433 5
      vertex 26.4343 -6.43433 4.8
    endloop
  endfacet
  facet normal 0.803216 -0.595688 0
    outer loop
      vertex 27.034 -5.77271 5
      vertex 27.566 -5.05537 4.8
      vertex 27.566 -5.05537 5
    endloop
  endfacet
  facet normal 0.803216 -0.595688 0
    outer loop
      vertex 27.566 -5.05537 4.8
      vertex 27.034 -5.77271 5
      vertex 27.034 -5.77271 4.8
    endloop
  endfacet
  facet normal 0.857745 -0.514076 0
    outer loop
      vertex 27.566 -5.05537 5
      vertex 28.025 -4.28952 4.8
      vertex 28.025 -4.28952 5
    endloop
  endfacet
  facet normal 0.857745 -0.514076 0
    outer loop
      vertex 28.025 -4.28952 4.8
      vertex 27.566 -5.05537 5
      vertex 27.566 -5.05537 4.8
    endloop
  endfacet
  facet normal 0.903977 -0.427581 0
    outer loop
      vertex 28.025 -4.28952 5
      vertex 28.4069 -3.48212 4.8
      vertex 28.4069 -3.48212 5
    endloop
  endfacet
  facet normal 0.903977 -0.427581 0
    outer loop
      vertex 28.4069 -3.48212 4.8
      vertex 28.025 -4.28952 5
      vertex 28.025 -4.28952 4.8
    endloop
  endfacet
  facet normal 0.941542 -0.336897 0
    outer loop
      vertex 28.4069 -3.48212 5
      vertex 28.7077 -2.64146 4.8
      vertex 28.7077 -2.64146 5
    endloop
  endfacet
  facet normal 0.941542 -0.336897 0
    outer loop
      vertex 28.7077 -2.64146 4.8
      vertex 28.4069 -3.48212 5
      vertex 28.4069 -3.48212 4.8
    endloop
  endfacet
  facet normal 0.970024 -0.243007 0
    outer loop
      vertex 28.7077 -2.64146 5
      vertex 28.9247 -1.77525 4.8
      vertex 28.9247 -1.77525 5
    endloop
  endfacet
  facet normal 0.970024 -0.243007 0
    outer loop
      vertex 28.9247 -1.77525 4.8
      vertex 28.7077 -2.64146 5
      vertex 28.7077 -2.64146 4.8
    endloop
  endfacet
  facet normal 0.989182 -0.146691 0
    outer loop
      vertex 28.9247 -1.77525 5
      vertex 29.0557 -0.891876 4.8
      vertex 29.0557 -0.891876 5
    endloop
  endfacet
  facet normal 0.989182 -0.146691 0
    outer loop
      vertex 29.0557 -0.891876 4.8
      vertex 28.9247 -1.77525 5
      vertex 28.9247 -1.77525 4.8
    endloop
  endfacet
  facet normal 0.998796 -0.0490509 0
    outer loop
      vertex 29.0557 -0.891876 5
      vertex 29.0995 0 4.8
      vertex 29.0995 0 5
    endloop
  endfacet
  facet normal 0.998796 -0.0490509 0
    outer loop
      vertex 29.0995 0 4.8
      vertex 29.0557 -0.891876 5
      vertex 29.0557 -0.891876 4.8
    endloop
  endfacet
  facet normal 0.998796 0.0490509 0
    outer loop
      vertex 29.0995 0 5
      vertex 29.0557 0.891876 4.8
      vertex 29.0557 0.891876 5
    endloop
  endfacet
  facet normal 0.998796 0.0490509 0
    outer loop
      vertex 29.0557 0.891876 4.8
      vertex 29.0995 0 5
      vertex 29.0995 0 4.8
    endloop
  endfacet
  facet normal 0.989182 0.146691 0
    outer loop
      vertex 29.0557 0.891876 5
      vertex 28.9247 1.77525 4.8
      vertex 28.9247 1.77525 5
    endloop
  endfacet
  facet normal 0.989182 0.146691 0
    outer loop
      vertex 28.9247 1.77525 4.8
      vertex 29.0557 0.891876 5
      vertex 29.0557 0.891876 4.8
    endloop
  endfacet
  facet normal 0.970024 0.243007 0
    outer loop
      vertex 28.9247 1.77525 5
      vertex 28.7077 2.64146 4.8
      vertex 28.7077 2.64146 5
    endloop
  endfacet
  facet normal 0.970024 0.243007 0
    outer loop
      vertex 28.7077 2.64146 4.8
      vertex 28.9247 1.77525 5
      vertex 28.9247 1.77525 4.8
    endloop
  endfacet
  facet normal 0.941542 0.336897 0
    outer loop
      vertex 28.7077 2.64146 5
      vertex 28.4069 3.48212 4.8
      vertex 28.4069 3.48212 5
    endloop
  endfacet
  facet normal 0.941542 0.336897 0
    outer loop
      vertex 28.4069 3.48212 4.8
      vertex 28.7077 2.64146 5
      vertex 28.7077 2.64146 4.8
    endloop
  endfacet
  facet normal 0.903977 0.427581 0
    outer loop
      vertex 28.4069 3.48212 5
      vertex 28.025 4.28952 4.8
      vertex 28.025 4.28952 5
    endloop
  endfacet
  facet normal 0.903977 0.427581 0
    outer loop
      vertex 28.025 4.28952 4.8
      vertex 28.4069 3.48212 5
      vertex 28.4069 3.48212 4.8
    endloop
  endfacet
  facet normal 0.857745 0.514076 0
    outer loop
      vertex 28.025 4.28952 5
      vertex 27.566 5.05537 4.8
      vertex 27.566 5.05537 5
    endloop
  endfacet
  facet normal 0.857745 0.514076 0
    outer loop
      vertex 27.566 5.05537 4.8
      vertex 28.025 4.28952 5
      vertex 28.025 4.28952 4.8
    endloop
  endfacet
  facet normal 0.803216 0.595688 0
    outer loop
      vertex 27.566 5.05537 5
      vertex 27.034 5.77271 4.8
      vertex 27.034 5.77271 5
    endloop
  endfacet
  facet normal 0.803216 0.595688 0
    outer loop
      vertex 27.034 5.77271 4.8
      vertex 27.566 5.05537 5
      vertex 27.566 5.05537 4.8
    endloop
  endfacet
  facet normal 0.740973 0.671535 0
    outer loop
      vertex 27.034 5.77271 5
      vertex 26.4344 6.43431 4.8
      vertex 26.4344 6.43431 5
    endloop
  endfacet
  facet normal 0.740973 0.671535 0
    outer loop
      vertex 26.4344 6.43431 4.8
      vertex 27.034 5.77271 5
      vertex 27.034 5.77271 4.8
    endloop
  endfacet
  facet normal 0.671534 0.740973 -0
    outer loop
      vertex 26.4344 6.43431 4.8
      vertex 25.7727 7.034 5
      vertex 26.4344 6.43431 5
    endloop
  endfacet
  facet normal 0.671534 0.740973 0
    outer loop
      vertex 25.7727 7.034 5
      vertex 26.4344 6.43431 4.8
      vertex 25.7727 7.034 4.8
    endloop
  endfacet
  facet normal 0.595702 0.803205 -0
    outer loop
      vertex 25.7727 7.034 4.8
      vertex 25.0554 7.56599 5
      vertex 25.7727 7.034 5
    endloop
  endfacet
  facet normal 0.595702 0.803205 0
    outer loop
      vertex 25.0554 7.56599 5
      vertex 25.7727 7.034 4.8
      vertex 25.0554 7.56599 4.8
    endloop
  endfacet
  facet normal 0.514076 0.857745 -0
    outer loop
      vertex 25.0554 7.56599 4.8
      vertex 24.2895 8.02502 5
      vertex 25.0554 7.56599 5
    endloop
  endfacet
  facet normal 0.514076 0.857745 0
    outer loop
      vertex 24.2895 8.02502 5
      vertex 25.0554 7.56599 4.8
      vertex 24.2895 8.02502 4.8
    endloop
  endfacet
  facet normal 0.427572 0.903981 -0
    outer loop
      vertex 24.2895 8.02502 4.8
      vertex 23.4821 8.40691 5
      vertex 24.2895 8.02502 5
    endloop
  endfacet
  facet normal 0.427572 0.903981 0
    outer loop
      vertex 23.4821 8.40691 5
      vertex 24.2895 8.02502 4.8
      vertex 23.4821 8.40691 4.8
    endloop
  endfacet
  facet normal 0.336878 0.941548 -0
    outer loop
      vertex 23.4821 8.40691 4.8
      vertex 22.6415 8.70767 5
      vertex 23.4821 8.40691 5
    endloop
  endfacet
  facet normal 0.336878 0.941548 0
    outer loop
      vertex 22.6415 8.70767 5
      vertex 23.4821 8.40691 4.8
      vertex 22.6415 8.70767 4.8
    endloop
  endfacet
  facet normal 0.242989 0.970029 -0
    outer loop
      vertex 22.6415 8.70767 4.8
      vertex 21.7753 8.92465 5
      vertex 22.6415 8.70767 5
    endloop
  endfacet
  facet normal 0.242989 0.970029 0
    outer loop
      vertex 21.7753 8.92465 5
      vertex 22.6415 8.70767 4.8
      vertex 21.7753 8.92465 4.8
    endloop
  endfacet
  facet normal 0.14673 0.989177 -0
    outer loop
      vertex 21.7753 8.92465 4.8
      vertex 20.8919 9.05569 5
      vertex 21.7753 8.92465 5
    endloop
  endfacet
  facet normal 0.14673 0.989177 0
    outer loop
      vertex 20.8919 9.05569 5
      vertex 21.7753 8.92465 4.8
      vertex 20.8919 9.05569 4.8
    endloop
  endfacet
  facet normal 0.0490607 0.998796 -0
    outer loop
      vertex 20.8919 9.05569 4.8
      vertex 20 9.0995 5
      vertex 20.8919 9.05569 5
    endloop
  endfacet
  facet normal 0.0490607 0.998796 0
    outer loop
      vertex 20 9.0995 5
      vertex 20.8919 9.05569 4.8
      vertex 20 9.0995 4.8
    endloop
  endfacet
  facet normal -0.0490607 0.998796 0
    outer loop
      vertex 20 9.0995 4.8
      vertex 19.1081 9.05569 5
      vertex 20 9.0995 5
    endloop
  endfacet
  facet normal -0.0490607 0.998796 0
    outer loop
      vertex 19.1081 9.05569 5
      vertex 20 9.0995 4.8
      vertex 19.1081 9.05569 4.8
    endloop
  endfacet
  facet normal -0.14673 0.989177 0
    outer loop
      vertex 19.1081 9.05569 4.8
      vertex 18.2247 8.92465 5
      vertex 19.1081 9.05569 5
    endloop
  endfacet
  facet normal -0.14673 0.989177 0
    outer loop
      vertex 18.2247 8.92465 5
      vertex 19.1081 9.05569 4.8
      vertex 18.2247 8.92465 4.8
    endloop
  endfacet
  facet normal -0.242989 0.970029 0
    outer loop
      vertex 18.2247 8.92465 4.8
      vertex 17.3585 8.70767 5
      vertex 18.2247 8.92465 5
    endloop
  endfacet
  facet normal -0.242989 0.970029 0
    outer loop
      vertex 17.3585 8.70767 5
      vertex 18.2247 8.92465 4.8
      vertex 17.3585 8.70767 4.8
    endloop
  endfacet
  facet normal -0.336878 0.941548 0
    outer loop
      vertex 17.3585 8.70767 4.8
      vertex 16.5179 8.40691 5
      vertex 17.3585 8.70767 5
    endloop
  endfacet
  facet normal -0.336878 0.941548 0
    outer loop
      vertex 16.5179 8.40691 5
      vertex 17.3585 8.70767 4.8
      vertex 16.5179 8.40691 4.8
    endloop
  endfacet
  facet normal -0.427572 0.903981 0
    outer loop
      vertex 16.5179 8.40691 4.8
      vertex 15.7105 8.02502 5
      vertex 16.5179 8.40691 5
    endloop
  endfacet
  facet normal -0.427572 0.903981 0
    outer loop
      vertex 15.7105 8.02502 5
      vertex 16.5179 8.40691 4.8
      vertex 15.7105 8.02502 4.8
    endloop
  endfacet
  facet normal -0.514076 0.857745 0
    outer loop
      vertex 15.7105 8.02502 4.8
      vertex 14.9446 7.56599 5
      vertex 15.7105 8.02502 5
    endloop
  endfacet
  facet normal -0.514076 0.857745 0
    outer loop
      vertex 14.9446 7.56599 5
      vertex 15.7105 8.02502 4.8
      vertex 14.9446 7.56599 4.8
    endloop
  endfacet
  facet normal -0.595702 0.803205 0
    outer loop
      vertex 14.9446 7.56599 4.8
      vertex 14.2273 7.034 5
      vertex 14.9446 7.56599 5
    endloop
  endfacet
  facet normal -0.595702 0.803205 0
    outer loop
      vertex 14.2273 7.034 5
      vertex 14.9446 7.56599 4.8
      vertex 14.2273 7.034 4.8
    endloop
  endfacet
  facet normal -0.671519 0.740987 0
    outer loop
      vertex 14.2273 7.034 4.8
      vertex 13.6096 6.47421 5
      vertex 14.2273 7.034 5
    endloop
  endfacet
  facet normal -0.671519 0.740987 0
    outer loop
      vertex 13.6096 6.47421 5
      vertex 14.2273 7.034 4.8
      vertex 13.6096 6.47421 4.8
    endloop
  endfacet
  facet normal -0.634489 0.772932 0
    outer loop
      vertex 13.6096 6.47421 4.8
      vertex 13.3592 6.26866 5
      vertex 13.6096 6.47421 5
    endloop
  endfacet
  facet normal -0.634489 0.772932 0
    outer loop
      vertex 13.3592 6.26866 5
      vertex 13.6096 6.47421 4.8
      vertex 13.3592 6.26866 4.8
    endloop
  endfacet
  facet normal -0.555447 0.831552 0
    outer loop
      vertex 13.3592 6.26866 4.8
      vertex 13.0817 6.0833 5
      vertex 13.3592 6.26866 5
    endloop
  endfacet
  facet normal -0.555447 0.831552 0
    outer loop
      vertex 13.0817 6.0833 5
      vertex 13.3592 6.26866 4.8
      vertex 13.0817 6.0833 4.8
    endloop
  endfacet
  facet normal -0.471475 0.88188 0
    outer loop
      vertex 13.0817 6.0833 4.8
      vertex 12.7874 5.92596 5
      vertex 13.0817 6.0833 5
    endloop
  endfacet
  facet normal -0.471475 0.88188 0
    outer loop
      vertex 12.7874 5.92596 5
      vertex 13.0817 6.0833 4.8
      vertex 12.7874 5.92596 4.8
    endloop
  endfacet
  facet normal -0.382733 0.923859 0
    outer loop
      vertex 12.7874 5.92596 4.8
      vertex 12.4792 5.79828 5
      vertex 12.7874 5.92596 5
    endloop
  endfacet
  facet normal -0.382733 0.923859 0
    outer loop
      vertex 12.4792 5.79828 5
      vertex 12.7874 5.92596 4.8
      vertex 12.4792 5.79828 4.8
    endloop
  endfacet
  facet normal -0.290179 0.956972 0
    outer loop
      vertex 12.4792 5.79828 4.8
      vertex 12.1599 5.70146 5
      vertex 12.4792 5.79828 5
    endloop
  endfacet
  facet normal -0.290179 0.956972 0
    outer loop
      vertex 12.1599 5.70146 5
      vertex 12.4792 5.79828 4.8
      vertex 12.1599 5.70146 4.8
    endloop
  endfacet
  facet normal -0.195151 0.980773 0
    outer loop
      vertex 12.1599 5.70146 4.8
      vertex 11.8277 5.63536 5
      vertex 12.1599 5.70146 5
    endloop
  endfacet
  facet normal -0.195151 0.980773 0
    outer loop
      vertex 11.8277 5.63536 5
      vertex 12.1599 5.70146 4.8
      vertex 11.8277 5.63536 4.8
    endloop
  endfacet
  facet normal -0.0735079 0.997295 0
    outer loop
      vertex 11.8277 5.63536 4.8
      vertex 11.3481 5.60001 5
      vertex 11.8277 5.63536 5
    endloop
  endfacet
  facet normal -0.0735079 0.997295 0
    outer loop
      vertex 11.3481 5.60001 5
      vertex 11.8277 5.63536 4.8
      vertex 11.3481 5.60001 4.8
    endloop
  endfacet
  facet normal 0 1 -0
    outer loop
      vertex 11.3481 5.60001 4.8
      vertex 8.65683 5.60001 5
      vertex 11.3481 5.60001 5
    endloop
  endfacet
  facet normal 0 1 0
    outer loop
      vertex 8.65683 5.60001 5
      vertex 11.3481 5.60001 4.8
      vertex 8.65683 5.60001 4.8
    endloop
  endfacet
  facet normal 0.0490392 0.998797 -0
    outer loop
      vertex 8.65683 5.60001 4.8
      vertex 8.33299 5.61591 5
      vertex 8.65683 5.60001 5
    endloop
  endfacet
  facet normal 0.0490392 0.998797 0
    outer loop
      vertex 8.33299 5.61591 5
      vertex 8.65683 5.60001 4.8
      vertex 8.33299 5.61591 4.8
    endloop
  endfacet
  facet normal 0.146717 0.989178 -0
    outer loop
      vertex 8.33299 5.61591 4.8
      vertex 8.0031 5.66484 5
      vertex 8.33299 5.61591 5
    endloop
  endfacet
  facet normal 0.146717 0.989178 0
    outer loop
      vertex 8.0031 5.66484 5
      vertex 8.33299 5.61591 4.8
      vertex 8.0031 5.66484 4.8
    endloop
  endfacet
  facet normal 0.243008 0.970024 -0
    outer loop
      vertex 8.0031 5.66484 4.8
      vertex 7.67929 5.74596 5
      vertex 8.0031 5.66484 5
    endloop
  endfacet
  facet normal 0.243008 0.970024 0
    outer loop
      vertex 7.67929 5.74596 5
      vertex 8.0031 5.66484 4.8
      vertex 7.67929 5.74596 4.8
    endloop
  endfacet
  facet normal 0.336889 0.941544 -0
    outer loop
      vertex 7.67929 5.74596 4.8
      vertex 7.36504 5.8584 5
      vertex 7.67929 5.74596 5
    endloop
  endfacet
  facet normal 0.336889 0.941544 0
    outer loop
      vertex 7.36504 5.8584 5
      vertex 7.67929 5.74596 4.8
      vertex 7.36504 5.8584 4.8
    endloop
  endfacet
  facet normal 0.427499 0.904016 -0
    outer loop
      vertex 7.36504 5.8584 4.8
      vertex 7.06351 6.00099 5
      vertex 7.36504 5.8584 5
    endloop
  endfacet
  facet normal 0.427499 0.904016 0
    outer loop
      vertex 7.06351 6.00099 5
      vertex 7.36504 5.8584 4.8
      vertex 7.06351 6.00099 4.8
    endloop
  endfacet
  facet normal 0.514105 0.857727 -0
    outer loop
      vertex 7.06351 6.00099 4.8
      vertex 6.77301 6.17511 5
      vertex 7.06351 6.00099 5
    endloop
  endfacet
  facet normal 0.514105 0.857727 0
    outer loop
      vertex 6.77301 6.17511 5
      vertex 7.06351 6.00099 4.8
      vertex 6.77301 6.17511 4.8
    endloop
  endfacet
  facet normal 0.615225 0.788352 -0
    outer loop
      vertex 6.77301 6.17511 4.8
      vertex 6.39406 6.47084 5
      vertex 6.77301 6.17511 5
    endloop
  endfacet
  facet normal 0.615225 0.788352 0
    outer loop
      vertex 6.39406 6.47084 5
      vertex 6.77301 6.17511 4.8
      vertex 6.39406 6.47084 4.8
    endloop
  endfacet
  facet normal 0.671564 0.740946 -0
    outer loop
      vertex 6.39406 6.47084 4.8
      vertex 5.77274 7.03398 5
      vertex 6.39406 6.47084 5
    endloop
  endfacet
  facet normal 0.671564 0.740946 0
    outer loop
      vertex 5.77274 7.03398 5
      vertex 6.39406 6.47084 4.8
      vertex 5.77274 7.03398 4.8
    endloop
  endfacet
  facet normal 0.595679 0.803222 -0
    outer loop
      vertex 5.77274 7.03398 4.8
      vertex 5.05537 7.56599 5
      vertex 5.77274 7.03398 5
    endloop
  endfacet
  facet normal 0.595679 0.803222 0
    outer loop
      vertex 5.05537 7.56599 5
      vertex 5.77274 7.03398 4.8
      vertex 5.05537 7.56599 4.8
    endloop
  endfacet
  facet normal 0.5141 0.85773 -0
    outer loop
      vertex 5.05537 7.56599 4.8
      vertex 4.28952 8.02502 5
      vertex 5.05537 7.56599 5
    endloop
  endfacet
  facet normal 0.5141 0.85773 0
    outer loop
      vertex 4.28952 8.02502 5
      vertex 5.05537 7.56599 4.8
      vertex 4.28952 8.02502 4.8
    endloop
  endfacet
  facet normal 0.427572 0.903981 -0
    outer loop
      vertex 4.28952 8.02502 4.8
      vertex 3.48212 8.40691 5
      vertex 4.28952 8.02502 5
    endloop
  endfacet
  facet normal 0.427572 0.903981 0
    outer loop
      vertex 3.48212 8.40691 5
      vertex 4.28952 8.02502 4.8
      vertex 3.48212 8.40691 4.8
    endloop
  endfacet
  facet normal 0.336857 0.941556 -0
    outer loop
      vertex 3.48212 8.40691 4.8
      vertex 2.64146 8.70767 5
      vertex 3.48212 8.40691 5
    endloop
  endfacet
  facet normal 0.336857 0.941556 0
    outer loop
      vertex 2.64146 8.70767 5
      vertex 3.48212 8.40691 4.8
      vertex 2.64146 8.70767 4.8
    endloop
  endfacet
  facet normal 0.242986 0.97003 -0
    outer loop
      vertex 2.64146 8.70767 4.8
      vertex 1.77525 8.92465 5
      vertex 2.64146 8.70767 5
    endloop
  endfacet
  facet normal 0.242986 0.97003 0
    outer loop
      vertex 1.77525 8.92465 5
      vertex 2.64146 8.70767 4.8
      vertex 1.77525 8.92465 4.8
    endloop
  endfacet
  facet normal 0.146735 0.989176 -0
    outer loop
      vertex 1.77525 8.92465 4.8
      vertex 0.891876 9.05569 5
      vertex 1.77525 8.92465 5
    endloop
  endfacet
  facet normal 0.146735 0.989176 0
    outer loop
      vertex 0.891876 9.05569 5
      vertex 1.77525 8.92465 4.8
      vertex 0.891876 9.05569 4.8
    endloop
  endfacet
  facet normal 0.049062 0.998796 -0
    outer loop
      vertex 0.891876 9.05569 4.8
      vertex 0 9.0995 5
      vertex 0.891876 9.05569 5
    endloop
  endfacet
  facet normal 0.049062 0.998796 0
    outer loop
      vertex 0 9.0995 5
      vertex 0.891876 9.05569 4.8
      vertex 0 9.0995 4.8
    endloop
  endfacet
  facet normal -0.049062 0.998796 0
    outer loop
      vertex 0 9.0995 4.8
      vertex -0.891876 9.05569 5
      vertex 0 9.0995 5
    endloop
  endfacet
  facet normal -0.049062 0.998796 0
    outer loop
      vertex -0.891876 9.05569 5
      vertex 0 9.0995 4.8
      vertex -0.891876 9.05569 4.8
    endloop
  endfacet
  facet normal -0.146735 0.989176 0
    outer loop
      vertex -0.891876 9.05569 4.8
      vertex -1.77525 8.92465 5
      vertex -0.891876 9.05569 5
    endloop
  endfacet
  facet normal -0.146735 0.989176 0
    outer loop
      vertex -1.77525 8.92465 5
      vertex -0.891876 9.05569 4.8
      vertex -1.77525 8.92465 4.8
    endloop
  endfacet
  facet normal -0.242986 0.97003 0
    outer loop
      vertex -1.77525 8.92465 4.8
      vertex -2.64146 8.70767 5
      vertex -1.77525 8.92465 5
    endloop
  endfacet
  facet normal -0.242986 0.97003 0
    outer loop
      vertex -2.64146 8.70767 5
      vertex -1.77525 8.92465 4.8
      vertex -2.64146 8.70767 4.8
    endloop
  endfacet
  facet normal -0.336857 0.941556 0
    outer loop
      vertex -2.64146 8.70767 4.8
      vertex -3.48212 8.40691 5
      vertex -2.64146 8.70767 5
    endloop
  endfacet
  facet normal -0.336857 0.941556 0
    outer loop
      vertex -3.48212 8.40691 5
      vertex -2.64146 8.70767 4.8
      vertex -3.48212 8.40691 4.8
    endloop
  endfacet
  facet normal -0.427572 0.903981 0
    outer loop
      vertex -3.48212 8.40691 4.8
      vertex -4.28952 8.02502 5
      vertex -3.48212 8.40691 5
    endloop
  endfacet
  facet normal -0.427572 0.903981 0
    outer loop
      vertex -4.28952 8.02502 5
      vertex -3.48212 8.40691 4.8
      vertex -4.28952 8.02502 4.8
    endloop
  endfacet
  facet normal -0.5141 0.85773 0
    outer loop
      vertex -4.28952 8.02502 4.8
      vertex -5.05537 7.56599 5
      vertex -4.28952 8.02502 5
    endloop
  endfacet
  facet normal -0.5141 0.85773 0
    outer loop
      vertex -5.05537 7.56599 5
      vertex -4.28952 8.02502 4.8
      vertex -5.05537 7.56599 4.8
    endloop
  endfacet
  facet normal -0.595681 0.803221 0
    outer loop
      vertex -5.05537 7.56599 4.8
      vertex -5.77271 7.034 5
      vertex -5.05537 7.56599 5
    endloop
  endfacet
  facet normal -0.595681 0.803221 0
    outer loop
      vertex -5.77271 7.034 5
      vertex -5.05537 7.56599 4.8
      vertex -5.77271 7.034 4.8
    endloop
  endfacet
  facet normal -0.671562 0.740948 0
    outer loop
      vertex -5.77271 7.034 4.8
      vertex -6.43436 6.43431 5
      vertex -5.77271 7.034 5
    endloop
  endfacet
  facet normal -0.671562 0.740948 0
    outer loop
      vertex -6.43436 6.43431 5
      vertex -5.77271 7.034 4.8
      vertex -6.43436 6.43431 4.8
    endloop
  endfacet
  facet normal -0.740951 0.671559 0
    outer loop
      vertex -7.034 5.77271 4.8
      vertex -6.43436 6.43431 5
      vertex -6.43436 6.43431 4.8
    endloop
  endfacet
  facet normal -0.740951 0.671559 0
    outer loop
      vertex -6.43436 6.43431 5
      vertex -7.034 5.77271 4.8
      vertex -7.034 5.77271 5
    endloop
  endfacet
  facet normal -0.803221 0.595681 0
    outer loop
      vertex -7.56599 5.05537 4.8
      vertex -7.034 5.77271 5
      vertex -7.034 5.77271 4.8
    endloop
  endfacet
  facet normal -0.803221 0.595681 0
    outer loop
      vertex -7.034 5.77271 5
      vertex -7.56599 5.05537 4.8
      vertex -7.56599 5.05537 5
    endloop
  endfacet
  facet normal -0.85773 0.5141 0
    outer loop
      vertex -8.02502 4.28952 4.8
      vertex -7.56599 5.05537 5
      vertex -7.56599 5.05537 4.8
    endloop
  endfacet
  facet normal -0.85773 0.5141 0
    outer loop
      vertex -7.56599 5.05537 5
      vertex -8.02502 4.28952 4.8
      vertex -8.02502 4.28952 5
    endloop
  endfacet
  facet normal -0.903981 0.427572 0
    outer loop
      vertex -8.40691 3.48212 4.8
      vertex -8.02502 4.28952 5
      vertex -8.02502 4.28952 4.8
    endloop
  endfacet
  facet normal -0.903981 0.427572 0
    outer loop
      vertex -8.02502 4.28952 5
      vertex -8.40691 3.48212 4.8
      vertex -8.40691 3.48212 5
    endloop
  endfacet
  facet normal -0.941556 0.336857 0
    outer loop
      vertex -8.70767 2.64146 4.8
      vertex -8.40691 3.48212 5
      vertex -8.40691 3.48212 4.8
    endloop
  endfacet
  facet normal -0.941556 0.336857 0
    outer loop
      vertex -8.40691 3.48212 5
      vertex -8.70767 2.64146 4.8
      vertex -8.70767 2.64146 5
    endloop
  endfacet
  facet normal -0.97003 0.242986 0
    outer loop
      vertex -8.92465 1.77525 4.8
      vertex -8.70767 2.64146 5
      vertex -8.70767 2.64146 4.8
    endloop
  endfacet
  facet normal -0.97003 0.242986 0
    outer loop
      vertex -8.70767 2.64146 5
      vertex -8.92465 1.77525 4.8
      vertex -8.92465 1.77525 5
    endloop
  endfacet
  facet normal -0.989176 0.146735 0
    outer loop
      vertex -9.05569 0.891876 4.8
      vertex -8.92465 1.77525 5
      vertex -8.92465 1.77525 4.8
    endloop
  endfacet
  facet normal -0.989176 0.146735 0
    outer loop
      vertex -8.92465 1.77525 5
      vertex -9.05569 0.891876 4.8
      vertex -9.05569 0.891876 5
    endloop
  endfacet
  facet normal -0.998796 0.049062 0
    outer loop
      vertex -9.0995 0 4.8
      vertex -9.05569 0.891876 5
      vertex -9.05569 0.891876 4.8
    endloop
  endfacet
  facet normal -0.998796 0.049062 0
    outer loop
      vertex -9.05569 0.891876 5
      vertex -9.0995 0 4.8
      vertex -9.0995 0 5
    endloop
  endfacet
  facet normal -0.998796 -0.049062 0
    outer loop
      vertex -9.05569 -0.891876 4.8
      vertex -9.0995 0 5
      vertex -9.0995 0 4.8
    endloop
  endfacet
  facet normal -0.998796 -0.049062 0
    outer loop
      vertex -9.0995 0 5
      vertex -9.05569 -0.891876 4.8
      vertex -9.05569 -0.891876 5
    endloop
  endfacet
  facet normal -0.989176 -0.146735 0
    outer loop
      vertex -8.92465 -1.77525 4.8
      vertex -9.05569 -0.891876 5
      vertex -9.05569 -0.891876 4.8
    endloop
  endfacet
  facet normal -0.989176 -0.146735 0
    outer loop
      vertex -9.05569 -0.891876 5
      vertex -8.92465 -1.77525 4.8
      vertex -8.92465 -1.77525 5
    endloop
  endfacet
  facet normal -0.97003 -0.242986 0
    outer loop
      vertex -8.70767 -2.64146 4.8
      vertex -8.92465 -1.77525 5
      vertex -8.92465 -1.77525 4.8
    endloop
  endfacet
  facet normal -0.97003 -0.242986 0
    outer loop
      vertex -8.92465 -1.77525 5
      vertex -8.70767 -2.64146 4.8
      vertex -8.70767 -2.64146 5
    endloop
  endfacet
  facet normal -0.941556 -0.336857 0
    outer loop
      vertex -8.40691 -3.48212 4.8
      vertex -8.70767 -2.64146 5
      vertex -8.70767 -2.64146 4.8
    endloop
  endfacet
  facet normal -0.941556 -0.336857 0
    outer loop
      vertex -8.70767 -2.64146 5
      vertex -8.40691 -3.48212 4.8
      vertex -8.40691 -3.48212 5
    endloop
  endfacet
  facet normal -0.903981 -0.427572 0
    outer loop
      vertex -8.02502 -4.28952 4.8
      vertex -8.40691 -3.48212 5
      vertex -8.40691 -3.48212 4.8
    endloop
  endfacet
  facet normal -0.903981 -0.427572 0
    outer loop
      vertex -8.40691 -3.48212 5
      vertex -8.02502 -4.28952 4.8
      vertex -8.02502 -4.28952 5
    endloop
  endfacet
  facet normal -0.85773 -0.5141 0
    outer loop
      vertex -7.56599 -5.05537 4.8
      vertex -8.02502 -4.28952 5
      vertex -8.02502 -4.28952 4.8
    endloop
  endfacet
  facet normal -0.85773 -0.5141 0
    outer loop
      vertex -8.02502 -4.28952 5
      vertex -7.56599 -5.05537 4.8
      vertex -7.56599 -5.05537 5
    endloop
  endfacet
  facet normal -0.803221 -0.595681 0
    outer loop
      vertex -7.034 -5.77271 4.8
      vertex -7.56599 -5.05537 5
      vertex -7.56599 -5.05537 4.8
    endloop
  endfacet
  facet normal -0.803221 -0.595681 0
    outer loop
      vertex -7.56599 -5.05537 5
      vertex -7.034 -5.77271 4.8
      vertex -7.034 -5.77271 5
    endloop
  endfacet
  facet normal -0.740944 -0.671567 0
    outer loop
      vertex -6.43433 -6.43433 4.8
      vertex -7.034 -5.77271 5
      vertex -7.034 -5.77271 4.8
    endloop
  endfacet
  facet normal -0.740944 -0.671567 0
    outer loop
      vertex -7.034 -5.77271 5
      vertex -6.43433 -6.43433 4.8
      vertex -6.43433 -6.43433 5
    endloop
  endfacet
  facet normal -0.671567 -0.740944 0
    outer loop
      vertex -6.43433 -6.43433 4.8
      vertex -5.77271 -7.034 5
      vertex -6.43433 -6.43433 5
    endloop
  endfacet
  facet normal -0.671567 -0.740944 -0
    outer loop
      vertex -5.77271 -7.034 5
      vertex -6.43433 -6.43433 4.8
      vertex -5.77271 -7.034 4.8
    endloop
  endfacet
  facet normal -0.595681 -0.803221 0
    outer loop
      vertex -5.77271 -7.034 4.8
      vertex -5.05537 -7.56599 5
      vertex -5.77271 -7.034 5
    endloop
  endfacet
  facet normal -0.595681 -0.803221 -0
    outer loop
      vertex -5.05537 -7.56599 5
      vertex -5.77271 -7.034 4.8
      vertex -5.05537 -7.56599 4.8
    endloop
  endfacet
  facet normal -0.5141 -0.85773 0
    outer loop
      vertex -5.05537 -7.56599 4.8
      vertex -4.28952 -8.02502 5
      vertex -5.05537 -7.56599 5
    endloop
  endfacet
  facet normal -0.5141 -0.85773 -0
    outer loop
      vertex -4.28952 -8.02502 5
      vertex -5.05537 -7.56599 4.8
      vertex -4.28952 -8.02502 4.8
    endloop
  endfacet
  facet normal -0.427572 -0.903981 0
    outer loop
      vertex -4.28952 -8.02502 4.8
      vertex -3.48212 -8.40691 5
      vertex -4.28952 -8.02502 5
    endloop
  endfacet
  facet normal -0.427572 -0.903981 -0
    outer loop
      vertex -3.48212 -8.40691 5
      vertex -4.28952 -8.02502 4.8
      vertex -3.48212 -8.40691 4.8
    endloop
  endfacet
  facet normal -0.336857 -0.941556 0
    outer loop
      vertex -3.48212 -8.40691 4.8
      vertex -2.64146 -8.70767 5
      vertex -3.48212 -8.40691 5
    endloop
  endfacet
  facet normal -0.336857 -0.941556 -0
    outer loop
      vertex -2.64146 -8.70767 5
      vertex -3.48212 -8.40691 4.8
      vertex -2.64146 -8.70767 4.8
    endloop
  endfacet
  facet normal -0.242986 -0.97003 0
    outer loop
      vertex -2.64146 -8.70767 4.8
      vertex -1.77525 -8.92465 5
      vertex -2.64146 -8.70767 5
    endloop
  endfacet
  facet normal -0.242986 -0.97003 -0
    outer loop
      vertex -1.77525 -8.92465 5
      vertex -2.64146 -8.70767 4.8
      vertex -1.77525 -8.92465 4.8
    endloop
  endfacet
  facet normal -0.146735 -0.989176 0
    outer loop
      vertex -1.77525 -8.92465 4.8
      vertex -0.891876 -9.05569 5
      vertex -1.77525 -8.92465 5
    endloop
  endfacet
  facet normal -0.146735 -0.989176 -0
    outer loop
      vertex -0.891876 -9.05569 5
      vertex -1.77525 -8.92465 4.8
      vertex -0.891876 -9.05569 4.8
    endloop
  endfacet
  facet normal -0.049062 -0.998796 0
    outer loop
      vertex -0.891876 -9.05569 4.8
      vertex 0 -9.0995 5
      vertex -0.891876 -9.05569 5
    endloop
  endfacet
  facet normal -0.049062 -0.998796 -0
    outer loop
      vertex 0 -9.0995 5
      vertex -0.891876 -9.05569 4.8
      vertex 0 -9.0995 4.8
    endloop
  endfacet
  facet normal 0.049062 -0.998796 0
    outer loop
      vertex 0 -9.0995 4.8
      vertex 0.891876 -9.05569 5
      vertex 0 -9.0995 5
    endloop
  endfacet
  facet normal 0.049062 -0.998796 0
    outer loop
      vertex 0.891876 -9.05569 5
      vertex 0 -9.0995 4.8
      vertex 0.891876 -9.05569 4.8
    endloop
  endfacet
  facet normal 0.146735 -0.989176 0
    outer loop
      vertex 0.891876 -9.05569 4.8
      vertex 1.77525 -8.92465 5
      vertex 0.891876 -9.05569 5
    endloop
  endfacet
  facet normal 0.146735 -0.989176 0
    outer loop
      vertex 1.77525 -8.92465 5
      vertex 0.891876 -9.05569 4.8
      vertex 1.77525 -8.92465 4.8
    endloop
  endfacet
  facet normal 0.242986 -0.97003 0
    outer loop
      vertex 1.77525 -8.92465 4.8
      vertex 2.64146 -8.70767 5
      vertex 1.77525 -8.92465 5
    endloop
  endfacet
  facet normal 0.242986 -0.97003 0
    outer loop
      vertex 2.64146 -8.70767 5
      vertex 1.77525 -8.92465 4.8
      vertex 2.64146 -8.70767 4.8
    endloop
  endfacet
  facet normal 0.336857 -0.941556 0
    outer loop
      vertex 2.64146 -8.70767 4.8
      vertex 3.48212 -8.40691 5
      vertex 2.64146 -8.70767 5
    endloop
  endfacet
  facet normal 0.336857 -0.941556 0
    outer loop
      vertex 3.48212 -8.40691 5
      vertex 2.64146 -8.70767 4.8
      vertex 3.48212 -8.40691 4.8
    endloop
  endfacet
  facet normal 0.427572 -0.903981 0
    outer loop
      vertex 3.48212 -8.40691 4.8
      vertex 4.28952 -8.02502 5
      vertex 3.48212 -8.40691 5
    endloop
  endfacet
  facet normal 0.427572 -0.903981 0
    outer loop
      vertex 4.28952 -8.02502 5
      vertex 3.48212 -8.40691 4.8
      vertex 4.28952 -8.02502 4.8
    endloop
  endfacet
  facet normal 0.5141 -0.85773 0
    outer loop
      vertex 4.28952 -8.02502 4.8
      vertex 5.05537 -7.56599 5
      vertex 4.28952 -8.02502 5
    endloop
  endfacet
  facet normal 0.5141 -0.85773 0
    outer loop
      vertex 5.05537 -7.56599 5
      vertex 4.28952 -8.02502 4.8
      vertex 5.05537 -7.56599 4.8
    endloop
  endfacet
  facet normal 0.595675 -0.803225 0
    outer loop
      vertex 5.05537 -7.56599 4.8
      vertex 5.77272 -7.034 5
      vertex 5.05537 -7.56599 5
    endloop
  endfacet
  facet normal 0.595675 -0.803225 0
    outer loop
      vertex 5.77272 -7.034 5
      vertex 5.05537 -7.56599 4.8
      vertex 5.77272 -7.034 4.8
    endloop
  endfacet
  facet normal 0.671561 -0.740949 0
    outer loop
      vertex 5.77272 -7.034 4.8
      vertex 6.39035 -6.47421 5
      vertex 5.77272 -7.034 5
    endloop
  endfacet
  facet normal 0.671561 -0.740949 0
    outer loop
      vertex 6.39035 -6.47421 5
      vertex 5.77272 -7.034 4.8
      vertex 6.39035 -6.47421 4.8
    endloop
  endfacet
  facet normal 0.634383 -0.773019 0
    outer loop
      vertex 6.39035 -6.47421 4.8
      vertex 6.64082 -6.26866 5
      vertex 6.39035 -6.47421 5
    endloop
  endfacet
  facet normal 0.634383 -0.773019 0
    outer loop
      vertex 6.64082 -6.26866 5
      vertex 6.39035 -6.47421 4.8
      vertex 6.64082 -6.26866 4.8
    endloop
  endfacet
  facet normal 0.555558 -0.831478 0
    outer loop
      vertex 6.64082 -6.26866 4.8
      vertex 6.91824 -6.0833 5
      vertex 6.64082 -6.26866 5
    endloop
  endfacet
  facet normal 0.555558 -0.831478 0
    outer loop
      vertex 6.91824 -6.0833 5
      vertex 6.64082 -6.26866 4.8
      vertex 6.91824 -6.0833 4.8
    endloop
  endfacet
  facet normal 0.471412 -0.881913 0
    outer loop
      vertex 6.91824 -6.0833 4.8
      vertex 7.21259 -5.92596 5
      vertex 6.91824 -6.0833 5
    endloop
  endfacet
  facet normal 0.471412 -0.881913 0
    outer loop
      vertex 7.21259 -5.92596 5
      vertex 6.91824 -6.0833 4.8
      vertex 7.21259 -5.92596 4.8
    endloop
  endfacet
  facet normal 0.382691 -0.923877 0
    outer loop
      vertex 7.21259 -5.92596 4.8
      vertex 7.52083 -5.79828 5
      vertex 7.21259 -5.92596 5
    endloop
  endfacet
  facet normal 0.382691 -0.923877 0
    outer loop
      vertex 7.52083 -5.79828 5
      vertex 7.21259 -5.92596 4.8
      vertex 7.52083 -5.79828 4.8
    endloop
  endfacet
  facet normal 0.290179 -0.956972 0
    outer loop
      vertex 7.52083 -5.79828 4.8
      vertex 7.84013 -5.70146 5
      vertex 7.52083 -5.79828 5
    endloop
  endfacet
  facet normal 0.290179 -0.956972 0
    outer loop
      vertex 7.84013 -5.70146 5
      vertex 7.52083 -5.79828 4.8
      vertex 7.84013 -5.70146 4.8
    endloop
  endfacet
  facet normal 0.195173 -0.980769 0
    outer loop
      vertex 7.84013 -5.70146 4.8
      vertex 8.17229 -5.63536 5
      vertex 7.84013 -5.70146 5
    endloop
  endfacet
  facet normal 0.195173 -0.980769 0
    outer loop
      vertex 8.17229 -5.63536 5
      vertex 7.84013 -5.70146 4.8
      vertex 8.17229 -5.63536 4.8
    endloop
  endfacet
  facet normal 0.0735155 -0.997294 0
    outer loop
      vertex 8.17229 -5.63536 4.8
      vertex 8.65184 -5.60001 5
      vertex 8.17229 -5.63536 5
    endloop
  endfacet
  facet normal 0.0735155 -0.997294 0
    outer loop
      vertex 8.65184 -5.60001 5
      vertex 8.17229 -5.63536 4.8
      vertex 8.65184 -5.60001 4.8
    endloop
  endfacet
  facet normal 0 -1 0
    outer loop
      vertex 8.65184 -5.60001 4.8
      vertex 11.3432 -5.60001 5
      vertex 8.65184 -5.60001 5
    endloop
  endfacet
  facet normal 0 -1 -0
    outer loop
      vertex 11.3432 -5.60001 5
      vertex 8.65184 -5.60001 4.8
      vertex 11.3432 -5.60001 4.8
    endloop
  endfacet
  facet normal -0.0490453 -0.998797 0
    outer loop
      vertex 11.3432 -5.60001 4.8
      vertex 11.667 -5.61591 5
      vertex 11.3432 -5.60001 5
    endloop
  endfacet
  facet normal -0.0490453 -0.998797 -0
    outer loop
      vertex 11.667 -5.61591 5
      vertex 11.3432 -5.60001 4.8
      vertex 11.667 -5.61591 4.8
    endloop
  endfacet
  facet normal -0.146713 -0.989179 0
    outer loop
      vertex 11.667 -5.61591 4.8
      vertex 11.9969 -5.66484 5
      vertex 11.667 -5.61591 5
    endloop
  endfacet
  facet normal -0.146713 -0.989179 -0
    outer loop
      vertex 11.9969 -5.66484 5
      vertex 11.667 -5.61591 4.8
      vertex 11.9969 -5.66484 4.8
    endloop
  endfacet
  facet normal -0.243015 -0.970023 0
    outer loop
      vertex 11.9969 -5.66484 4.8
      vertex 12.3207 -5.74596 5
      vertex 11.9969 -5.66484 5
    endloop
  endfacet
  facet normal -0.243015 -0.970023 -0
    outer loop
      vertex 12.3207 -5.74596 5
      vertex 11.9969 -5.66484 4.8
      vertex 12.3207 -5.74596 4.8
    endloop
  endfacet
  facet normal -0.336936 -0.941527 0
    outer loop
      vertex 12.3207 -5.74596 4.8
      vertex 12.6349 -5.8584 5
      vertex 12.3207 -5.74596 5
    endloop
  endfacet
  facet normal -0.336936 -0.941527 -0
    outer loop
      vertex 12.6349 -5.8584 5
      vertex 12.3207 -5.74596 4.8
      vertex 12.6349 -5.8584 4.8
    endloop
  endfacet
  facet normal -0.427417 -0.904054 0
    outer loop
      vertex 12.6349 -5.8584 4.8
      vertex 12.9365 -6.00099 5
      vertex 12.6349 -5.8584 5
    endloop
  endfacet
  facet normal -0.427417 -0.904054 -0
    outer loop
      vertex 12.9365 -6.00099 5
      vertex 12.6349 -5.8584 4.8
      vertex 12.9365 -6.00099 4.8
    endloop
  endfacet
  facet normal -0.514105 -0.857727 0
    outer loop
      vertex 12.9365 -6.00099 4.8
      vertex 13.227 -6.17511 5
      vertex 12.9365 -6.00099 5
    endloop
  endfacet
  facet normal -0.514105 -0.857727 -0
    outer loop
      vertex 13.227 -6.17511 5
      vertex 12.9365 -6.00099 4.8
      vertex 13.227 -6.17511 4.8
    endloop
  endfacet
  facet normal -0.615275 -0.788313 0
    outer loop
      vertex 13.227 -6.17511 4.8
      vertex 13.6059 -6.47084 5
      vertex 13.227 -6.17511 5
    endloop
  endfacet
  facet normal -0.615275 -0.788313 -0
    outer loop
      vertex 13.6059 -6.47084 5
      vertex 13.227 -6.17511 4.8
      vertex 13.6059 -6.47084 4.8
    endloop
  endfacet
  facet normal -0.671576 -0.740935 0
    outer loop
      vertex 13.6059 -6.47084 4.8
      vertex 14.2272 -7.03398 5
      vertex 13.6059 -6.47084 5
    endloop
  endfacet
  facet normal -0.671576 -0.740935 -0
    outer loop
      vertex 14.2272 -7.03398 5
      vertex 13.6059 -6.47084 4.8
      vertex 14.2272 -7.03398 4.8
    endloop
  endfacet
  facet normal -0.595663 -0.803234 0
    outer loop
      vertex 14.2272 -7.03398 4.8
      vertex 14.9446 -7.56599 5
      vertex 14.2272 -7.03398 5
    endloop
  endfacet
  facet normal -0.595663 -0.803234 -0
    outer loop
      vertex 14.9446 -7.56599 5
      vertex 14.2272 -7.03398 4.8
      vertex 14.9446 -7.56599 4.8
    endloop
  endfacet
  facet normal -0.514076 -0.857745 0
    outer loop
      vertex 14.9446 -7.56599 4.8
      vertex 15.7105 -8.02502 5
      vertex 14.9446 -7.56599 5
    endloop
  endfacet
  facet normal -0.514076 -0.857745 -0
    outer loop
      vertex 15.7105 -8.02502 5
      vertex 14.9446 -7.56599 4.8
      vertex 15.7105 -8.02502 4.8
    endloop
  endfacet
  facet normal -0.427572 -0.903981 0
    outer loop
      vertex 15.7105 -8.02502 4.8
      vertex 16.5179 -8.40691 5
      vertex 15.7105 -8.02502 5
    endloop
  endfacet
  facet normal -0.427572 -0.903981 -0
    outer loop
      vertex 16.5179 -8.40691 5
      vertex 15.7105 -8.02502 4.8
      vertex 16.5179 -8.40691 4.8
    endloop
  endfacet
  facet normal -0.336878 -0.941548 0
    outer loop
      vertex 16.5179 -8.40691 4.8
      vertex 17.3585 -8.70767 5
      vertex 16.5179 -8.40691 5
    endloop
  endfacet
  facet normal -0.336878 -0.941548 -0
    outer loop
      vertex 17.3585 -8.70767 5
      vertex 16.5179 -8.40691 4.8
      vertex 17.3585 -8.70767 4.8
    endloop
  endfacet
  facet normal -0.242989 -0.970029 0
    outer loop
      vertex 17.3585 -8.70767 4.8
      vertex 18.2247 -8.92465 5
      vertex 17.3585 -8.70767 5
    endloop
  endfacet
  facet normal -0.242989 -0.970029 -0
    outer loop
      vertex 18.2247 -8.92465 5
      vertex 17.3585 -8.70767 4.8
      vertex 18.2247 -8.92465 4.8
    endloop
  endfacet
  facet normal -0.14673 -0.989177 0
    outer loop
      vertex 18.2247 -8.92465 4.8
      vertex 19.1081 -9.05569 5
      vertex 18.2247 -8.92465 5
    endloop
  endfacet
  facet normal -0.14673 -0.989177 -0
    outer loop
      vertex 19.1081 -9.05569 5
      vertex 18.2247 -8.92465 4.8
      vertex 19.1081 -9.05569 4.8
    endloop
  endfacet
  facet normal -0.0490607 -0.998796 0
    outer loop
      vertex 19.1081 -9.05569 4.8
      vertex 20 -9.0995 5
      vertex 19.1081 -9.05569 5
    endloop
  endfacet
  facet normal -0.0490607 -0.998796 -0
    outer loop
      vertex 20 -9.0995 5
      vertex 19.1081 -9.05569 4.8
      vertex 20 -9.0995 4.8
    endloop
  endfacet
  facet normal 0.0490607 -0.998796 0
    outer loop
      vertex 20 -9.0995 4.8
      vertex 20.8919 -9.05569 5
      vertex 20 -9.0995 5
    endloop
  endfacet
  facet normal 0.0490607 -0.998796 0
    outer loop
      vertex 20.8919 -9.05569 5
      vertex 20 -9.0995 4.8
      vertex 20.8919 -9.05569 4.8
    endloop
  endfacet
  facet normal 0 0 -1
    outer loop
      vertex 29.2998 0 0.4
      vertex 29.5 -0.000488281 0.4
      vertex 29.4543 -0.930786 0.4
    endloop
  endfacet
  facet normal 0 0 -1
    outer loop
      vertex 29.5 -0.000488281 0.4
      vertex 29.2998 0 0.4
      vertex 29.5 0.000488281 0.4
    endloop
  endfacet
  facet normal 0 0 -1
    outer loop
      vertex 29.255 -0.91153 0.4
      vertex 29.4543 -0.930786 0.4
      vertex 29.4542 -0.931763 0.4
    endloop
  endfacet
  facet normal -0 0 -1
    outer loop
      vertex 29.5 0.000488281 0.4
      vertex 29.2998 0 0.4
      vertex 29.4543 0.930786 0.4
    endloop
  endfacet
  facet normal 0 0 -1
    outer loop
      vertex 29.255 -0.91153 0.4
      vertex 29.4542 -0.931763 0.4
      vertex 29.3175 -1.85281 0.4
    endloop
  endfacet
  facet normal 0 0 -1
    outer loop
      vertex 29.255 0.91153 0.4
      vertex 29.4543 0.930786 0.4
      vertex 29.2998 0 0.4
    endloop
  endfacet
  facet normal 0 0 -1
    outer loop
      vertex 29.1211 -1.81432 0.4
      vertex 29.3175 -1.85281 0.4
      vertex 29.3174 -1.85378 0.4
    endloop
  endfacet
  facet normal -0 0 -1
    outer loop
      vertex 29.4543 0.930786 0.4
      vertex 29.255 0.91153 0.4
      vertex 29.4542 0.931763 0.4
    endloop
  endfacet
  facet normal -0 0 -1
    outer loop
      vertex 29.4542 0.931763 0.4
      vertex 29.255 0.91153 0.4
      vertex 29.3175 1.85281 0.4
    endloop
  endfacet
  facet normal 0 0 -1
    outer loop
      vertex 29.4543 -0.930786 0.4
      vertex 29.255 -0.91153 0.4
      vertex 29.2998 0 0.4
    endloop
  endfacet
  facet normal 0 0 -1
    outer loop
      vertex 29.3175 -1.85281 0.4
      vertex 29.1211 -1.81432 0.4
      vertex 29.255 -0.91153 0.4
    endloop
  endfacet
  facet normal 0 0 -1
    outer loop
      vertex 29.091 -2.7572 0.4
      vertex 29.1211 -1.81432 0.4
      vertex 29.3174 -1.85378 0.4
    endloop
  endfacet
  facet normal 0 0 -1
    outer loop
      vertex 28.8993 -2.69946 0.4
      vertex 29.091 -2.7572 0.4
      vertex 29.0908 -2.75815 0.4
    endloop
  endfacet
  facet normal 0 0 -1
    outer loop
      vertex 29.091 -2.7572 0.4
      vertex 28.8993 -2.69946 0.4
      vertex 29.1211 -1.81432 0.4
    endloop
  endfacet
  facet normal 0 0 -1
    outer loop
      vertex 28.777 -3.63506 0.4
      vertex 28.8993 -2.69946 0.4
      vertex 29.0908 -2.75815 0.4
    endloop
  endfacet
  facet normal 0 0 -1
    outer loop
      vertex 28.5919 -3.55879 0.4
      vertex 28.777 -3.63506 0.4
      vertex 28.7766 -3.63596 0.4
    endloop
  endfacet
  facet normal 0 0 -1
    outer loop
      vertex 28.777 -3.63506 0.4
      vertex 28.5919 -3.55879 0.4
      vertex 28.8993 -2.69946 0.4
    endloop
  endfacet
  facet normal 0 0 -1
    outer loop
      vertex 28.3785 -4.47778 0.4
      vertex 28.5919 -3.55879 0.4
      vertex 28.7766 -3.63596 0.4
    endloop
  endfacet
  facet normal 0 0 -1
    outer loop
      vertex 28.2016 -4.384 0.4
      vertex 28.3785 -4.47778 0.4
      vertex 28.378 -4.47865 0.4
    endloop
  endfacet
  facet normal 0 0 -1
    outer loop
      vertex 28.3785 -4.47778 0.4
      vertex 28.2016 -4.384 0.4
      vertex 28.5919 -3.55879 0.4
    endloop
  endfacet
  facet normal 0 0 -1
    outer loop
      vertex 27.8992 -5.27754 0.4
      vertex 28.2016 -4.384 0.4
      vertex 28.378 -4.47865 0.4
    endloop
  endfacet
  facet normal 0 0 -1
    outer loop
      vertex 27.7325 -5.16655 0.4
      vertex 27.8992 -5.27754 0.4
      vertex 27.8986 -5.27835 0.4
    endloop
  endfacet
  facet normal 0 0 -1
    outer loop
      vertex 27.8992 -5.27754 0.4
      vertex 27.7325 -5.16655 0.4
      vertex 28.2016 -4.384 0.4
    endloop
  endfacet
  facet normal 0 0 -1
    outer loop
      vertex 27.344 -6.02623 0.4
      vertex 27.7325 -5.16655 0.4
      vertex 27.8986 -5.27835 0.4
    endloop
  endfacet
  facet normal 0 0 -1
    outer loop
      vertex 27.1888 -5.89972 0.4
      vertex 27.344 -6.02623 0.4
      vertex 27.3434 -6.02699 0.4
    endloop
  endfacet
  facet normal 0 0 -1
    outer loop
      vertex 27.344 -6.02623 0.4
      vertex 27.1888 -5.89972 0.4
      vertex 27.7325 -5.16655 0.4
    endloop
  endfacet
  facet normal 0 0 -1
    outer loop
      vertex 26.7178 -6.71715 0.4
      vertex 27.1888 -5.89972 0.4
      vertex 27.3434 -6.02699 0.4
    endloop
  endfacet
  facet normal 0 0 -1
    outer loop
      vertex 26.5759 -6.57593 0.4
      vertex 26.7178 -6.71715 0.4
      vertex 26.7171 -6.71785 0.4
    endloop
  endfacet
  facet normal 0 0 -1
    outer loop
      vertex 26.7178 -6.71715 0.4
      vertex 26.5759 -6.57593 0.4
      vertex 27.1888 -5.89972 0.4
    endloop
  endfacet
  facet normal 0 0 -1
    outer loop
      vertex 26.027 -7.34337 0.4
      vertex 26.5759 -6.57593 0.4
      vertex 26.7171 -6.71785 0.4
    endloop
  endfacet
  facet normal 0 0 -1
    outer loop
      vertex 25.8997 -7.1888 0.4
      vertex 26.027 -7.34337 0.4
      vertex 26.0262 -7.34398 0.4
    endloop
  endfacet
  facet normal 0 0 -1
    outer loop
      vertex 26.027 -7.34337 0.4
      vertex 25.8997 -7.1888 0.4
      vertex 26.5759 -6.57593 0.4
    endloop
  endfacet
  facet normal 0 0 -1
    outer loop
      vertex 25.2784 -7.89864 0.4
      vertex 25.8997 -7.1888 0.4
      vertex 26.0262 -7.34398 0.4
    endloop
  endfacet
  facet normal 0 0 -1
    outer loop
      vertex 25.1665 -7.73254 0.4
      vertex 25.2784 -7.89864 0.4
      vertex 25.2775 -7.89919 0.4
    endloop
  endfacet
  facet normal 0 0 -1
    outer loop
      vertex 25.2784 -7.89864 0.4
      vertex 25.1665 -7.73254 0.4
      vertex 25.8997 -7.1888 0.4
    endloop
  endfacet
  facet normal 0 0 -1
    outer loop
      vertex 24.4787 -8.37802 0.4
      vertex 25.1665 -7.73254 0.4
      vertex 25.2775 -7.89919 0.4
    endloop
  endfacet
  facet normal 0 0 -1
    outer loop
      vertex 24.384 -8.20158 0.4
      vertex 24.4787 -8.37802 0.4
      vertex 24.4778 -8.37848 0.4
    endloop
  endfacet
  facet normal 0 0 -1
    outer loop
      vertex 24.4787 -8.37802 0.4
      vertex 24.384 -8.20158 0.4
      vertex 25.1665 -7.73254 0.4
    endloop
  endfacet
  facet normal 0 0 -1
    outer loop
      vertex 23.636 -8.77663 0.4
      vertex 24.384 -8.20158 0.4
      vertex 24.4778 -8.37848 0.4
    endloop
  endfacet
  facet normal 0 0 -1
    outer loop
      vertex 23.5588 -8.59187 0.4
      vertex 23.636 -8.77663 0.4
      vertex 23.6351 -8.77701 0.4
    endloop
  endfacet
  facet normal 0 0 -1
    outer loop
      vertex 23.636 -8.77663 0.4
      vertex 23.5588 -8.59187 0.4
      vertex 24.384 -8.20158 0.4
    endloop
  endfacet
  facet normal 0 0 -1
    outer loop
      vertex 22.7581 -9.09076 0.4
      vertex 23.5588 -8.59187 0.4
      vertex 23.6351 -8.77701 0.4
    endloop
  endfacet
  facet normal 0 0 -1
    outer loop
      vertex 22.6995 -8.89934 0.4
      vertex 22.7581 -9.09076 0.4
      vertex 22.7572 -9.09105 0.4
    endloop
  endfacet
  facet normal 0 0 -1
    outer loop
      vertex 22.7581 -9.09076 0.4
      vertex 22.6995 -8.89934 0.4
      vertex 23.5588 -8.59187 0.4
    endloop
  endfacet
  facet normal 0 0 -1
    outer loop
      vertex 21.8538 -9.31735 0.4
      vertex 22.6995 -8.89934 0.4
      vertex 22.7572 -9.09105 0.4
    endloop
  endfacet
  facet normal 0 0 -1
    outer loop
      vertex 21.8143 -9.12106 0.4
      vertex 21.8538 -9.31735 0.4
      vertex 21.8528 -9.31754 0.4
    endloop
  endfacet
  facet normal 0 0 -1
    outer loop
      vertex 21.8538 -9.31735 0.4
      vertex 21.8143 -9.12106 0.4
      vertex 22.6995 -8.89934 0.4
    endloop
  endfacet
  facet normal 0 0 -1
    outer loop
      vertex 20.9318 -9.45416 0.4
      vertex 21.8143 -9.12106 0.4
      vertex 21.8528 -9.31754 0.4
    endloop
  endfacet
  facet normal 0 0 -1
    outer loop
      vertex 20.9115 -9.25497 0.4
      vertex 20.9318 -9.45416 0.4
      vertex 20.9308 -9.45427 0.4
    endloop
  endfacet
  facet normal 0 0 -1
    outer loop
      vertex 20.9318 -9.45416 0.4
      vertex 20.9115 -9.25497 0.4
      vertex 21.8143 -9.12106 0.4
    endloop
  endfacet
  facet normal 0 0 -1
    outer loop
      vertex 20.0005 -9.49997 0.4
      vertex 20.9115 -9.25497 0.4
      vertex 20.9308 -9.45427 0.4
    endloop
  endfacet
  facet normal 0 0 -1
    outer loop
      vertex 20.0005 -9.49997 0.4
      vertex 20 -9.29976 0.4
      vertex 20.9115 -9.25497 0.4
    endloop
  endfacet
  facet normal 0 0 -1
    outer loop
      vertex 19.9995 -9.49997 0.4
      vertex 20 -9.29976 0.4
      vertex 20.0005 -9.49997 0.4
    endloop
  endfacet
  facet normal 0 0 -1
    outer loop
      vertex 19.9995 -9.49997 0.4
      vertex 19.0885 -9.25497 0.4
      vertex 20 -9.29976 0.4
    endloop
  endfacet
  facet normal 0 0 -1
    outer loop
      vertex 19.0692 -9.45427 0.4
      vertex 19.0885 -9.25497 0.4
      vertex 19.9995 -9.49997 0.4
    endloop
  endfacet
  facet normal 0 0 -1
    outer loop
      vertex 19.0682 -9.45416 0.4
      vertex 19.0885 -9.25497 0.4
      vertex 19.0692 -9.45427 0.4
    endloop
  endfacet
  facet normal 0 0 -1
    outer loop
      vertex 19.0682 -9.45416 0.4
      vertex 18.1857 -9.12106 0.4
      vertex 19.0885 -9.25497 0.4
    endloop
  endfacet
  facet normal 0 0 -1
    outer loop
      vertex 18.1472 -9.31754 0.4
      vertex 18.1857 -9.12106 0.4
      vertex 19.0682 -9.45416 0.4
    endloop
  endfacet
  facet normal 0 0 -1
    outer loop
      vertex 18.1462 -9.31735 0.4
      vertex 18.1857 -9.12106 0.4
      vertex 18.1472 -9.31754 0.4
    endloop
  endfacet
  facet normal 0 0 -1
    outer loop
      vertex 18.1462 -9.31735 0.4
      vertex 17.3005 -8.89934 0.4
      vertex 18.1857 -9.12106 0.4
    endloop
  endfacet
  facet normal 0 0 -1
    outer loop
      vertex 17.2428 -9.09105 0.4
      vertex 17.3005 -8.89934 0.4
      vertex 18.1462 -9.31735 0.4
    endloop
  endfacet
  facet normal 0 0 -1
    outer loop
      vertex 17.2418 -9.09076 0.4
      vertex 17.3005 -8.89934 0.4
      vertex 17.2428 -9.09105 0.4
    endloop
  endfacet
  facet normal 0 0 -1
    outer loop
      vertex 17.2418 -9.09076 0.4
      vertex 16.4412 -8.59187 0.4
      vertex 17.3005 -8.89934 0.4
    endloop
  endfacet
  facet normal 0 0 -1
    outer loop
      vertex 16.3649 -8.77701 0.4
      vertex 16.4412 -8.59187 0.4
      vertex 17.2418 -9.09076 0.4
    endloop
  endfacet
  facet normal 0 0 -1
    outer loop
      vertex 16.364 -8.77663 0.4
      vertex 16.4412 -8.59187 0.4
      vertex 16.3649 -8.77701 0.4
    endloop
  endfacet
  facet normal 0 0 -1
    outer loop
      vertex 16.364 -8.77663 0.4
      vertex 15.616 -8.20158 0.4
      vertex 16.4412 -8.59187 0.4
    endloop
  endfacet
  facet normal 0 0 -1
    outer loop
      vertex 15.5222 -8.37848 0.4
      vertex 15.616 -8.20158 0.4
      vertex 16.364 -8.77663 0.4
    endloop
  endfacet
  facet normal 0 0 -1
    outer loop
      vertex 15.5213 -8.37802 0.4
      vertex 15.616 -8.20158 0.4
      vertex 15.5222 -8.37848 0.4
    endloop
  endfacet
  facet normal 0 0 -1
    outer loop
      vertex 15.5213 -8.37802 0.4
      vertex 14.8334 -7.73254 0.4
      vertex 15.616 -8.20158 0.4
    endloop
  endfacet
  facet normal 0 0 -1
    outer loop
      vertex 14.7224 -7.89919 0.4
      vertex 14.8334 -7.73254 0.4
      vertex 15.5213 -8.37802 0.4
    endloop
  endfacet
  facet normal 0 0 -1
    outer loop
      vertex 14.7216 -7.89864 0.4
      vertex 14.8334 -7.73254 0.4
      vertex 14.7224 -7.89919 0.4
    endloop
  endfacet
  facet normal 0 0 -1
    outer loop
      vertex 14.7216 -7.89864 0.4
      vertex 14.1003 -7.1888 0.4
      vertex 14.8334 -7.73254 0.4
    endloop
  endfacet
  facet normal 0 0 -1
    outer loop
      vertex 13.9737 -7.34398 0.4
      vertex 14.1003 -7.1888 0.4
      vertex 14.7216 -7.89864 0.4
    endloop
  endfacet
  facet normal 0 0 -1
    outer loop
      vertex 13.973 -7.34337 0.4
      vertex 14.1003 -7.1888 0.4
      vertex 13.9737 -7.34398 0.4
    endloop
  endfacet
  facet normal 0 0 -1
    outer loop
      vertex 13.3482 -6.77711 0.4
      vertex 14.1003 -7.1888 0.4
      vertex 13.973 -7.34337 0.4
    endloop
  endfacet
  facet normal 0 0 -1
    outer loop
      vertex 14.1003 -7.1888 0.4
      vertex 13.3482 -6.77711 0.4
      vertex 13.4771 -6.62398 0.4
    endloop
  endfacet
  facet normal 0 0 -1
    outer loop
      vertex 13.0003 -6.50557 0.4
      vertex 13.4771 -6.62398 0.4
      vertex 13.3482 -6.77711 0.4
    endloop
  endfacet
  facet normal 0 0 -1
    outer loop
      vertex 13.4771 -6.62398 0.4
      vertex 13.0003 -6.50557 0.4
      vertex 13.1136 -6.34035 0.4
    endloop
  endfacet
  facet normal 0 0 -1
    outer loop
      vertex 13.0003 -6.50557 0.4
      vertex 12.8421 -6.17758 0.4
      vertex 13.1136 -6.34035 0.4
    endloop
  endfacet
  facet normal 0 0 -1
    outer loop
      vertex 12.7477 -6.35419 0.4
      vertex 12.8421 -6.17758 0.4
      vertex 13.0003 -6.50557 0.4
    endloop
  endfacet
  facet normal 0 0 -1
    outer loop
      vertex 12.7477 -6.35419 0.4
      vertex 12.5583 -6.0434 0.4
      vertex 12.8421 -6.17758 0.4
    endloop
  endfacet
  facet normal 0 0 -1
    outer loop
      vertex 12.4817 -6.22839 0.4
      vertex 12.5583 -6.0434 0.4
      vertex 12.7477 -6.35419 0.4
    endloop
  endfacet
  facet normal 0 0 -1
    outer loop
      vertex 12.4817 -6.22839 0.4
      vertex 12.2626 -5.93758 0.4
      vertex 12.5583 -6.0434 0.4
    endloop
  endfacet
  facet normal 0 0 -1
    outer loop
      vertex 12.2044 -6.1292 0.4
      vertex 12.2626 -5.93758 0.4
      vertex 12.4817 -6.22839 0.4
    endloop
  endfacet
  facet normal 0 0 -1
    outer loop
      vertex 12.2044 -6.1292 0.4
      vertex 11.9578 -5.86124 0.4
      vertex 12.2626 -5.93758 0.4
    endloop
  endfacet
  facet normal 0 0 -1
    outer loop
      vertex 11.9188 -6.05763 0.4
      vertex 11.9578 -5.86124 0.4
      vertex 12.2044 -6.1292 0.4
    endloop
  endfacet
  facet normal 0 0 -1
    outer loop
      vertex 11.9188 -6.05763 0.4
      vertex 11.6474 -5.81519 0.4
      vertex 11.9578 -5.86124 0.4
    endloop
  endfacet
  facet normal 0 0 -1
    outer loop
      vertex 11.6277 -6.01447 0.4
      vertex 11.6474 -5.81519 0.4
      vertex 11.9188 -6.05763 0.4
    endloop
  endfacet
  facet normal 0 0 -1
    outer loop
      vertex 11.6277 -6.01447 0.4
      vertex 11.3382 -5.8 0.4
      vertex 11.6474 -5.81519 0.4
    endloop
  endfacet
  facet normal 0 0 -1
    outer loop
      vertex 11.3333 -6 0.4
      vertex 11.3382 -5.8 0.4
      vertex 11.6277 -6.01447 0.4
    endloop
  endfacet
  facet normal 0 0 -1
    outer loop
      vertex 8.66656 -6 0.4
      vertex 11.3382 -5.8 0.4
      vertex 11.3333 -6 0.4
    endloop
  endfacet
  facet normal 0 0 -1
    outer loop
      vertex 8.66656 -6 0.4
      vertex 8.65919 -5.8 0.4
      vertex 11.3382 -5.8 0.4
    endloop
  endfacet
  facet normal 0 0 -1
    outer loop
      vertex 8.22623 -6.03247 0.4
      vertex 8.65919 -5.8 0.4
      vertex 8.66656 -6 0.4
    endloop
  endfacet
  facet normal 0 0 -1
    outer loop
      vertex 8.22623 -6.03247 0.4
      vertex 8.19925 -5.83392 0.4
      vertex 8.65919 -5.8 0.4
    endloop
  endfacet
  facet normal 0 0 -1
    outer loop
      vertex 7.88879 -5.89569 0.4
      vertex 8.22623 -6.03247 0.4
      vertex 7.93744 -6.08994 0.4
    endloop
  endfacet
  facet normal 0 0 -1
    outer loop
      vertex 8.22623 -6.03247 0.4
      vertex 7.88879 -5.89569 0.4
      vertex 8.19925 -5.83392 0.4
    endloop
  endfacet
  facet normal 0 0 -1
    outer loop
      vertex 7.65573 -6.17535 0.4
      vertex 7.88879 -5.89569 0.4
      vertex 7.93744 -6.08994 0.4
    endloop
  endfacet
  facet normal 0 0 -1
    outer loop
      vertex 7.65573 -6.17535 0.4
      vertex 7.58827 -5.98682 0.4
      vertex 7.88879 -5.89569 0.4
    endloop
  endfacet
  facet normal 0 0 -1
    outer loop
      vertex 7.38382 -6.28799 0.4
      vertex 7.58827 -5.98682 0.4
      vertex 7.65573 -6.17535 0.4
    endloop
  endfacet
  facet normal 0 0 -1
    outer loop
      vertex 7.38382 -6.28799 0.4
      vertex 7.2982 -6.10698 0.4
      vertex 7.58827 -5.98682 0.4
    endloop
  endfacet
  facet normal 0 0 -1
    outer loop
      vertex 7.12413 -6.4268 0.4
      vertex 7.2982 -6.10698 0.4
      vertex 7.38382 -6.28799 0.4
    endloop
  endfacet
  facet normal 0 0 -1
    outer loop
      vertex 7.12413 -6.4268 0.4
      vertex 7.02118 -6.25505 0.4
      vertex 7.2982 -6.10698 0.4
    endloop
  endfacet
  facet normal 0 0 -1
    outer loop
      vertex 6.87939 -6.59033 0.4
      vertex 7.02118 -6.25505 0.4
      vertex 7.12413 -6.4268 0.4
    endloop
  endfacet
  facet normal 0 0 -1
    outer loop
      vertex 6.87939 -6.59033 0.4
      vertex 6.76012 -6.42949 0.4
      vertex 7.02118 -6.25505 0.4
    endloop
  endfacet
  facet normal 0 0 -1
    outer loop
      vertex 6.52103 -6.6257 0.4
      vertex 6.87939 -6.59033 0.4
      vertex 6.6517 -6.77719 0.4
    endloop
  endfacet
  facet normal -0 0 -1
    outer loop
      vertex 6.87939 -6.59033 0.4
      vertex 6.52103 -6.6257 0.4
      vertex 6.76012 -6.42949 0.4
    endloop
  endfacet
  facet normal 0 0 -1
    outer loop
      vertex 5.89973 -7.1888 0.4
      vertex 6.6517 -6.77719 0.4
      vertex 6.02701 -7.34337 0.4
    endloop
  endfacet
  facet normal 0 0 -1
    outer loop
      vertex 5.89973 -7.1888 0.4
      vertex 6.02701 -7.34337 0.4
      vertex 6.02625 -7.34398 0.4
    endloop
  endfacet
  facet normal -0 0 -1
    outer loop
      vertex 6.6517 -6.77719 0.4
      vertex 5.89973 -7.1888 0.4
      vertex 6.52103 -6.6257 0.4
    endloop
  endfacet
  facet normal 0 0 -1
    outer loop
      vertex 5.27835 -7.89864 0.4
      vertex 5.89973 -7.1888 0.4
      vertex 6.02625 -7.34398 0.4
    endloop
  endfacet
  facet normal 0 0 -1
    outer loop
      vertex 5.16655 -7.73254 0.4
      vertex 5.27835 -7.89864 0.4
      vertex 5.27754 -7.89919 0.4
    endloop
  endfacet
  facet normal 0 0 -1
    outer loop
      vertex 5.27835 -7.89864 0.4
      vertex 5.16655 -7.73254 0.4
      vertex 5.89973 -7.1888 0.4
    endloop
  endfacet
  facet normal 0 0 -1
    outer loop
      vertex 4.47865 -8.37802 0.4
      vertex 5.16655 -7.73254 0.4
      vertex 5.27754 -7.89919 0.4
    endloop
  endfacet
  facet normal 0 0 -1
    outer loop
      vertex 4.384 -8.20158 0.4
      vertex 4.47865 -8.37802 0.4
      vertex 4.47778 -8.37848 0.4
    endloop
  endfacet
  facet normal 0 0 -1
    outer loop
      vertex 4.47865 -8.37802 0.4
      vertex 4.384 -8.20158 0.4
      vertex 5.16655 -7.73254 0.4
    endloop
  endfacet
  facet normal 0 0 -1
    outer loop
      vertex 3.63596 -8.77663 0.4
      vertex 4.384 -8.20158 0.4
      vertex 4.47778 -8.37848 0.4
    endloop
  endfacet
  facet normal 0 0 -1
    outer loop
      vertex 3.55879 -8.59187 0.4
      vertex 3.63596 -8.77663 0.4
      vertex 3.63506 -8.77701 0.4
    endloop
  endfacet
  facet normal 0 0 -1
    outer loop
      vertex 3.63596 -8.77663 0.4
      vertex 3.55879 -8.59187 0.4
      vertex 4.384 -8.20158 0.4
    endloop
  endfacet
  facet normal 0 0 -1
    outer loop
      vertex 2.75815 -9.09076 0.4
      vertex 3.55879 -8.59187 0.4
      vertex 3.63506 -8.77701 0.4
    endloop
  endfacet
  facet normal 0 0 -1
    outer loop
      vertex 2.69946 -8.89934 0.4
      vertex 2.75815 -9.09076 0.4
      vertex 2.7572 -9.09105 0.4
    endloop
  endfacet
  facet normal 0 0 -1
    outer loop
      vertex 2.75815 -9.09076 0.4
      vertex 2.69946 -8.89934 0.4
      vertex 3.55879 -8.59187 0.4
    endloop
  endfacet
  facet normal 0 0 -1
    outer loop
      vertex 1.85378 -9.31735 0.4
      vertex 2.69946 -8.89934 0.4
      vertex 2.7572 -9.09105 0.4
    endloop
  endfacet
  facet normal 0 0 -1
    outer loop
      vertex 1.81432 -9.12106 0.4
      vertex 1.85378 -9.31735 0.4
      vertex 1.85281 -9.31754 0.4
    endloop
  endfacet
  facet normal 0 0 -1
    outer loop
      vertex 1.85378 -9.31735 0.4
      vertex 1.81432 -9.12106 0.4
      vertex 2.69946 -8.89934 0.4
    endloop
  endfacet
  facet normal 0 0 -1
    outer loop
      vertex 0.931763 -9.45416 0.4
      vertex 1.81432 -9.12106 0.4
      vertex 1.85281 -9.31754 0.4
    endloop
  endfacet
  facet normal 0 0 -1
    outer loop
      vertex 0.91153 -9.25497 0.4
      vertex 0.931763 -9.45416 0.4
      vertex 0.930786 -9.45427 0.4
    endloop
  endfacet
  facet normal 0 0 -1
    outer loop
      vertex 0.931763 -9.45416 0.4
      vertex 0.91153 -9.25497 0.4
      vertex 1.81432 -9.12106 0.4
    endloop
  endfacet
  facet normal 0 0 -1
    outer loop
      vertex 0.000488281 -9.49997 0.4
      vertex 0.91153 -9.25497 0.4
      vertex 0.930786 -9.45427 0.4
    endloop
  endfacet
  facet normal 0 0 -1
    outer loop
      vertex 0.000488281 -9.49997 0.4
      vertex 0 -9.29976 0.4
      vertex 0.91153 -9.25497 0.4
    endloop
  endfacet
  facet normal 0 0 -1
    outer loop
      vertex -0.000488281 -9.49997 0.4
      vertex 0 -9.29976 0.4
      vertex 0.000488281 -9.49997 0.4
    endloop
  endfacet
  facet normal 0 0 -1
    outer loop
      vertex -0.000488281 -9.49997 0.4
      vertex -0.91153 -9.25497 0.4
      vertex 0 -9.29976 0.4
    endloop
  endfacet
  facet normal 0 0 -1
    outer loop
      vertex -0.930786 -9.45427 0.4
      vertex -0.91153 -9.25497 0.4
      vertex -0.000488281 -9.49997 0.4
    endloop
  endfacet
  facet normal 0 0 -1
    outer loop
      vertex -0.931763 -9.45416 0.4
      vertex -0.91153 -9.25497 0.4
      vertex -0.930786 -9.45427 0.4
    endloop
  endfacet
  facet normal 0 0 -1
    outer loop
      vertex -0.931763 -9.45416 0.4
      vertex -1.81432 -9.12106 0.4
      vertex -0.91153 -9.25497 0.4
    endloop
  endfacet
  facet normal 0 0 -1
    outer loop
      vertex -1.85281 -9.31754 0.4
      vertex -1.81432 -9.12106 0.4
      vertex -0.931763 -9.45416 0.4
    endloop
  endfacet
  facet normal 0 0 -1
    outer loop
      vertex -1.85378 -9.31735 0.4
      vertex -1.81432 -9.12106 0.4
      vertex -1.85281 -9.31754 0.4
    endloop
  endfacet
  facet normal 0 0 -1
    outer loop
      vertex -1.85378 -9.31735 0.4
      vertex -2.69946 -8.89934 0.4
      vertex -1.81432 -9.12106 0.4
    endloop
  endfacet
  facet normal 0 0 -1
    outer loop
      vertex -2.7572 -9.09105 0.4
      vertex -2.69946 -8.89934 0.4
      vertex -1.85378 -9.31735 0.4
    endloop
  endfacet
  facet normal 0 0 -1
    outer loop
      vertex -2.75815 -9.09076 0.4
      vertex -2.69946 -8.89934 0.4
      vertex -2.7572 -9.09105 0.4
    endloop
  endfacet
  facet normal 0 0 -1
    outer loop
      vertex -2.75815 -9.09076 0.4
      vertex -3.55879 -8.59187 0.4
      vertex -2.69946 -8.89934 0.4
    endloop
  endfacet
  facet normal 0 0 -1
    outer loop
      vertex -3.63506 -8.77701 0.4
      vertex -3.55879 -8.59187 0.4
      vertex -2.75815 -9.09076 0.4
    endloop
  endfacet
  facet normal 0 0 -1
    outer loop
      vertex -3.63596 -8.77663 0.4
      vertex -3.55879 -8.59187 0.4
      vertex -3.63506 -8.77701 0.4
    endloop
  endfacet
  facet normal 0 0 -1
    outer loop
      vertex -3.63596 -8.77663 0.4
      vertex -4.384 -8.20158 0.4
      vertex -3.55879 -8.59187 0.4
    endloop
  endfacet
  facet normal 0 0 -1
    outer loop
      vertex -4.47778 -8.37848 0.4
      vertex -4.384 -8.20158 0.4
      vertex -3.63596 -8.77663 0.4
    endloop
  endfacet
  facet normal 0 0 -1
    outer loop
      vertex -4.47865 -8.37802 0.4
      vertex -4.384 -8.20158 0.4
      vertex -4.47778 -8.37848 0.4
    endloop
  endfacet
  facet normal 0 0 -1
    outer loop
      vertex -4.47865 -8.37802 0.4
      vertex -5.16655 -7.73254 0.4
      vertex -4.384 -8.20158 0.4
    endloop
  endfacet
  facet normal 0 0 -1
    outer loop
      vertex -5.27754 -7.89919 0.4
      vertex -5.16655 -7.73254 0.4
      vertex -4.47865 -8.37802 0.4
    endloop
  endfacet
  facet normal 0 0 -1
    outer loop
      vertex -5.27835 -7.89864 0.4
      vertex -5.16655 -7.73254 0.4
      vertex -5.27754 -7.89919 0.4
    endloop
  endfacet
  facet normal 0 0 -1
    outer loop
      vertex -5.27835 -7.89864 0.4
      vertex -5.89972 -7.1888 0.4
      vertex -5.16655 -7.73254 0.4
    endloop
  endfacet
  facet normal 0 0 -1
    outer loop
      vertex -6.02623 -7.34398 0.4
      vertex -5.89972 -7.1888 0.4
      vertex -5.27835 -7.89864 0.4
    endloop
  endfacet
  facet normal 0 0 -1
    outer loop
      vertex -6.02699 -7.34337 0.4
      vertex -5.89972 -7.1888 0.4
      vertex -6.02623 -7.34398 0.4
    endloop
  endfacet
  facet normal 0 0 -1
    outer loop
      vertex -6.02699 -7.34337 0.4
      vertex -6.57593 -6.57593 0.4
      vertex -5.89972 -7.1888 0.4
    endloop
  endfacet
  facet normal 0 0 -1
    outer loop
      vertex -6.71715 -6.71785 0.4
      vertex -6.57593 -6.57593 0.4
      vertex -6.02699 -7.34337 0.4
    endloop
  endfacet
  facet normal 0 0 -1
    outer loop
      vertex -6.71785 -6.71715 0.4
      vertex -6.57593 -6.57593 0.4
      vertex -6.71715 -6.71785 0.4
    endloop
  endfacet
  facet normal 0 0 -1
    outer loop
      vertex -6.71785 -6.71715 0.4
      vertex -7.1888 -5.89972 0.4
      vertex -6.57593 -6.57593 0.4
    endloop
  endfacet
  facet normal 0 0 -1
    outer loop
      vertex -7.34337 -6.02699 0.4
      vertex -7.1888 -5.89972 0.4
      vertex -6.71785 -6.71715 0.4
    endloop
  endfacet
  facet normal 0 0 -1
    outer loop
      vertex -7.34398 -6.02623 0.4
      vertex -7.1888 -5.89972 0.4
      vertex -7.34337 -6.02699 0.4
    endloop
  endfacet
  facet normal 0 0 -1
    outer loop
      vertex -7.34398 -6.02623 0.4
      vertex -7.73254 -5.16655 0.4
      vertex -7.1888 -5.89972 0.4
    endloop
  endfacet
  facet normal 0 0 -1
    outer loop
      vertex -7.89864 -5.27835 0.4
      vertex -7.73254 -5.16655 0.4
      vertex -7.34398 -6.02623 0.4
    endloop
  endfacet
  facet normal 0 0 -1
    outer loop
      vertex -7.89919 -5.27754 0.4
      vertex -7.73254 -5.16655 0.4
      vertex -7.89864 -5.27835 0.4
    endloop
  endfacet
  facet normal 0 0 -1
    outer loop
      vertex -7.89919 -5.27754 0.4
      vertex -8.20158 -4.384 0.4
      vertex -7.73254 -5.16655 0.4
    endloop
  endfacet
  facet normal 0 0 -1
    outer loop
      vertex -8.37802 -4.47865 0.4
      vertex -8.20158 -4.384 0.4
      vertex -7.89919 -5.27754 0.4
    endloop
  endfacet
  facet normal 0 0 -1
    outer loop
      vertex -8.37848 -4.47778 0.4
      vertex -8.20158 -4.384 0.4
      vertex -8.37802 -4.47865 0.4
    endloop
  endfacet
  facet normal 0 0 -1
    outer loop
      vertex -8.37848 -4.47778 0.4
      vertex -8.59187 -3.55879 0.4
      vertex -8.20158 -4.384 0.4
    endloop
  endfacet
  facet normal 0 0 -1
    outer loop
      vertex -8.77663 -3.63596 0.4
      vertex -8.59187 -3.55879 0.4
      vertex -8.37848 -4.47778 0.4
    endloop
  endfacet
  facet normal 0 0 -1
    outer loop
      vertex -8.77701 -3.63506 0.4
      vertex -8.59187 -3.55879 0.4
      vertex -8.77663 -3.63596 0.4
    endloop
  endfacet
  facet normal 0 0 -1
    outer loop
      vertex -8.77701 -3.63506 0.4
      vertex -8.89934 -2.69946 0.4
      vertex -8.59187 -3.55879 0.4
    endloop
  endfacet
  facet normal 0 0 -1
    outer loop
      vertex -9.09076 -2.75815 0.4
      vertex -8.89934 -2.69946 0.4
      vertex -8.77701 -3.63506 0.4
    endloop
  endfacet
  facet normal 0 0 -1
    outer loop
      vertex -9.09105 -2.7572 0.4
      vertex -8.89934 -2.69946 0.4
      vertex -9.09076 -2.75815 0.4
    endloop
  endfacet
  facet normal 0 0 -1
    outer loop
      vertex -9.09105 -2.7572 0.4
      vertex -9.12106 -1.81432 0.4
      vertex -8.89934 -2.69946 0.4
    endloop
  endfacet
  facet normal 0 0 -1
    outer loop
      vertex -9.31735 -1.85378 0.4
      vertex -9.12106 -1.81432 0.4
      vertex -9.09105 -2.7572 0.4
    endloop
  endfacet
  facet normal -0 0 -1
    outer loop
      vertex -9.12106 -1.81432 0.4
      vertex -9.31754 -1.85281 0.4
      vertex -9.25497 -0.91153 0.4
    endloop
  endfacet
  facet normal 0 0 -1
    outer loop
      vertex -9.31754 -1.85281 0.4
      vertex -9.12106 -1.81432 0.4
      vertex -9.31735 -1.85378 0.4
    endloop
  endfacet
  facet normal 0 0 -1
    outer loop
      vertex 29.1211 1.81432 0.4
      vertex 29.3175 1.85281 0.4
      vertex 29.255 0.91153 0.4
    endloop
  endfacet
  facet normal -0 0 -1
    outer loop
      vertex 29.3175 1.85281 0.4
      vertex 29.1211 1.81432 0.4
      vertex 29.3174 1.85378 0.4
    endloop
  endfacet
  facet normal 0 0 -1
    outer loop
      vertex 29.1211 1.81432 0.4
      vertex 29.091 2.7572 0.4
      vertex 29.3174 1.85378 0.4
    endloop
  endfacet
  facet normal 0 0 -1
    outer loop
      vertex 28.8993 2.69946 0.4
      vertex 29.091 2.7572 0.4
      vertex 29.1211 1.81432 0.4
    endloop
  endfacet
  facet normal -0 0 -1
    outer loop
      vertex 29.091 2.7572 0.4
      vertex 28.8993 2.69946 0.4
      vertex 29.0908 2.75815 0.4
    endloop
  endfacet
  facet normal 0 0 -1
    outer loop
      vertex 28.8993 2.69946 0.4
      vertex 28.777 3.63506 0.4
      vertex 29.0908 2.75815 0.4
    endloop
  endfacet
  facet normal 0 0 -1
    outer loop
      vertex 28.5919 3.55879 0.4
      vertex 28.777 3.63506 0.4
      vertex 28.8993 2.69946 0.4
    endloop
  endfacet
  facet normal -0 0 -1
    outer loop
      vertex 28.777 3.63506 0.4
      vertex 28.5919 3.55879 0.4
      vertex 28.7766 3.63596 0.4
    endloop
  endfacet
  facet normal 0 0 -1
    outer loop
      vertex 28.5919 3.55879 0.4
      vertex 28.3785 4.47778 0.4
      vertex 28.7766 3.63596 0.4
    endloop
  endfacet
  facet normal 0 0 -1
    outer loop
      vertex 28.2016 4.384 0.4
      vertex 28.3785 4.47778 0.4
      vertex 28.5919 3.55879 0.4
    endloop
  endfacet
  facet normal -0 0 -1
    outer loop
      vertex 28.3785 4.47778 0.4
      vertex 28.2016 4.384 0.4
      vertex 28.378 4.47865 0.4
    endloop
  endfacet
  facet normal 0 0 -1
    outer loop
      vertex 28.2016 4.384 0.4
      vertex 27.8992 5.27754 0.4
      vertex 28.378 4.47865 0.4
    endloop
  endfacet
  facet normal 0 0 -1
    outer loop
      vertex 27.7325 5.16655 0.4
      vertex 27.8992 5.27754 0.4
      vertex 28.2016 4.384 0.4
    endloop
  endfacet
  facet normal -0 0 -1
    outer loop
      vertex 27.8992 5.27754 0.4
      vertex 27.7325 5.16655 0.4
      vertex 27.8986 5.27835 0.4
    endloop
  endfacet
  facet normal 0 0 -1
    outer loop
      vertex 27.7325 5.16655 0.4
      vertex 27.344 6.02623 0.4
      vertex 27.8986 5.27835 0.4
    endloop
  endfacet
  facet normal 0 0 -1
    outer loop
      vertex 27.1888 5.89972 0.4
      vertex 27.344 6.02623 0.4
      vertex 27.7325 5.16655 0.4
    endloop
  endfacet
  facet normal -0 0 -1
    outer loop
      vertex 27.344 6.02623 0.4
      vertex 27.1888 5.89972 0.4
      vertex 27.3434 6.02699 0.4
    endloop
  endfacet
  facet normal 0 0 -1
    outer loop
      vertex 27.1888 5.89972 0.4
      vertex 26.7178 6.71715 0.4
      vertex 27.3434 6.02699 0.4
    endloop
  endfacet
  facet normal 0 0 -1
    outer loop
      vertex 26.5759 6.57593 0.4
      vertex 26.7178 6.71715 0.4
      vertex 27.1888 5.89972 0.4
    endloop
  endfacet
  facet normal -0 0 -1
    outer loop
      vertex 26.7178 6.71715 0.4
      vertex 26.5759 6.57593 0.4
      vertex 26.7171 6.71785 0.4
    endloop
  endfacet
  facet normal 0 0 -1
    outer loop
      vertex 26.5759 6.57593 0.4
      vertex 26.027 7.34337 0.4
      vertex 26.7171 6.71785 0.4
    endloop
  endfacet
  facet normal 0 0 -1
    outer loop
      vertex 25.8997 7.1888 0.4
      vertex 26.027 7.34337 0.4
      vertex 26.5759 6.57593 0.4
    endloop
  endfacet
  facet normal -0 0 -1
    outer loop
      vertex 26.027 7.34337 0.4
      vertex 25.8997 7.1888 0.4
      vertex 26.0262 7.34398 0.4
    endloop
  endfacet
  facet normal 0 0 -1
    outer loop
      vertex 25.8997 7.1888 0.4
      vertex 25.2784 7.89864 0.4
      vertex 26.0262 7.34398 0.4
    endloop
  endfacet
  facet normal 0 0 -1
    outer loop
      vertex 25.1665 7.73254 0.4
      vertex 25.2784 7.89864 0.4
      vertex 25.8997 7.1888 0.4
    endloop
  endfacet
  facet normal -0 0 -1
    outer loop
      vertex 25.2784 7.89864 0.4
      vertex 25.1665 7.73254 0.4
      vertex 25.2775 7.89919 0.4
    endloop
  endfacet
  facet normal 0 0 -1
    outer loop
      vertex 25.1665 7.73254 0.4
      vertex 24.4787 8.37802 0.4
      vertex 25.2775 7.89919 0.4
    endloop
  endfacet
  facet normal 0 0 -1
    outer loop
      vertex 24.384 8.20158 0.4
      vertex 24.4787 8.37802 0.4
      vertex 25.1665 7.73254 0.4
    endloop
  endfacet
  facet normal -0 0 -1
    outer loop
      vertex 24.4787 8.37802 0.4
      vertex 24.384 8.20158 0.4
      vertex 24.4778 8.37848 0.4
    endloop
  endfacet
  facet normal 0 0 -1
    outer loop
      vertex 24.384 8.20158 0.4
      vertex 23.636 8.77663 0.4
      vertex 24.4778 8.37848 0.4
    endloop
  endfacet
  facet normal 0 0 -1
    outer loop
      vertex 23.5588 8.59187 0.4
      vertex 23.636 8.77663 0.4
      vertex 24.384 8.20158 0.4
    endloop
  endfacet
  facet normal -0 0 -1
    outer loop
      vertex 23.636 8.77663 0.4
      vertex 23.5588 8.59187 0.4
      vertex 23.6351 8.77701 0.4
    endloop
  endfacet
  facet normal 0 0 -1
    outer loop
      vertex 23.5588 8.59187 0.4
      vertex 22.7581 9.09076 0.4
      vertex 23.6351 8.77701 0.4
    endloop
  endfacet
  facet normal 0 0 -1
    outer loop
      vertex 22.6995 8.89934 0.4
      vertex 22.7581 9.09076 0.4
      vertex 23.5588 8.59187 0.4
    endloop
  endfacet
  facet normal -0 0 -1
    outer loop
      vertex 22.7581 9.09076 0.4
      vertex 22.6995 8.89934 0.4
      vertex 22.7572 9.09105 0.4
    endloop
  endfacet
  facet normal 0 0 -1
    outer loop
      vertex 22.6995 8.89934 0.4
      vertex 21.8538 9.31735 0.4
      vertex 22.7572 9.09105 0.4
    endloop
  endfacet
  facet normal 0 0 -1
    outer loop
      vertex 21.8143 9.12106 0.4
      vertex 21.8538 9.31735 0.4
      vertex 22.6995 8.89934 0.4
    endloop
  endfacet
  facet normal -0 0 -1
    outer loop
      vertex 21.8538 9.31735 0.4
      vertex 21.8143 9.12106 0.4
      vertex 21.8528 9.31754 0.4
    endloop
  endfacet
  facet normal 0 0 -1
    outer loop
      vertex 21.8143 9.12106 0.4
      vertex 20.9318 9.45416 0.4
      vertex 21.8528 9.31754 0.4
    endloop
  endfacet
  facet normal 0 0 -1
    outer loop
      vertex 20.9115 9.25497 0.4
      vertex 20.9318 9.45416 0.4
      vertex 21.8143 9.12106 0.4
    endloop
  endfacet
  facet normal -0 0 -1
    outer loop
      vertex 20.9318 9.45416 0.4
      vertex 20.9115 9.25497 0.4
      vertex 20.9308 9.45427 0.4
    endloop
  endfacet
  facet normal 0 0 -1
    outer loop
      vertex 20.9115 9.25497 0.4
      vertex 20.0005 9.49997 0.4
      vertex 20.9308 9.45427 0.4
    endloop
  endfacet
  facet normal 0 0 -1
    outer loop
      vertex 20 9.29976 0.4
      vertex 20.0005 9.49997 0.4
      vertex 20.9115 9.25497 0.4
    endloop
  endfacet
  facet normal 0 0 -1
    outer loop
      vertex 20 9.29976 0.4
      vertex 19.9995 9.49997 0.4
      vertex 20.0005 9.49997 0.4
    endloop
  endfacet
  facet normal 0 0 -1
    outer loop
      vertex 19.0885 9.25497 0.4
      vertex 19.9995 9.49997 0.4
      vertex 20 9.29976 0.4
    endloop
  endfacet
  facet normal 0 0 -1
    outer loop
      vertex 19.0885 9.25497 0.4
      vertex 19.0692 9.45427 0.4
      vertex 19.9995 9.49997 0.4
    endloop
  endfacet
  facet normal 0 0 -1
    outer loop
      vertex 19.0885 9.25497 0.4
      vertex 19.0682 9.45416 0.4
      vertex 19.0692 9.45427 0.4
    endloop
  endfacet
  facet normal 0 0 -1
    outer loop
      vertex 18.1857 9.12106 0.4
      vertex 19.0682 9.45416 0.4
      vertex 19.0885 9.25497 0.4
    endloop
  endfacet
  facet normal 0 0 -1
    outer loop
      vertex 18.1857 9.12106 0.4
      vertex 18.1472 9.31754 0.4
      vertex 19.0682 9.45416 0.4
    endloop
  endfacet
  facet normal 0 0 -1
    outer loop
      vertex 18.1857 9.12106 0.4
      vertex 18.1462 9.31735 0.4
      vertex 18.1472 9.31754 0.4
    endloop
  endfacet
  facet normal 0 0 -1
    outer loop
      vertex 17.3005 8.89934 0.4
      vertex 18.1462 9.31735 0.4
      vertex 18.1857 9.12106 0.4
    endloop
  endfacet
  facet normal 0 0 -1
    outer loop
      vertex 17.3005 8.89934 0.4
      vertex 17.2428 9.09105 0.4
      vertex 18.1462 9.31735 0.4
    endloop
  endfacet
  facet normal 0 0 -1
    outer loop
      vertex 17.3005 8.89934 0.4
      vertex 17.2418 9.09076 0.4
      vertex 17.2428 9.09105 0.4
    endloop
  endfacet
  facet normal 0 0 -1
    outer loop
      vertex 16.4412 8.59187 0.4
      vertex 17.2418 9.09076 0.4
      vertex 17.3005 8.89934 0.4
    endloop
  endfacet
  facet normal 0 0 -1
    outer loop
      vertex 16.4412 8.59187 0.4
      vertex 16.3649 8.77701 0.4
      vertex 17.2418 9.09076 0.4
    endloop
  endfacet
  facet normal 0 0 -1
    outer loop
      vertex 16.4412 8.59187 0.4
      vertex 16.364 8.77663 0.4
      vertex 16.3649 8.77701 0.4
    endloop
  endfacet
  facet normal 0 0 -1
    outer loop
      vertex 15.616 8.20158 0.4
      vertex 16.364 8.77663 0.4
      vertex 16.4412 8.59187 0.4
    endloop
  endfacet
  facet normal 0 0 -1
    outer loop
      vertex 15.616 8.20158 0.4
      vertex 15.5222 8.37848 0.4
      vertex 16.364 8.77663 0.4
    endloop
  endfacet
  facet normal 0 0 -1
    outer loop
      vertex 15.616 8.20158 0.4
      vertex 15.5213 8.37802 0.4
      vertex 15.5222 8.37848 0.4
    endloop
  endfacet
  facet normal 0 0 -1
    outer loop
      vertex 14.8334 7.73254 0.4
      vertex 15.5213 8.37802 0.4
      vertex 15.616 8.20158 0.4
    endloop
  endfacet
  facet normal 0 0 -1
    outer loop
      vertex 14.8334 7.73254 0.4
      vertex 14.7224 7.89919 0.4
      vertex 15.5213 8.37802 0.4
    endloop
  endfacet
  facet normal 0 0 -1
    outer loop
      vertex 14.8334 7.73254 0.4
      vertex 14.7216 7.89864 0.4
      vertex 14.7224 7.89919 0.4
    endloop
  endfacet
  facet normal 0 0 -1
    outer loop
      vertex 14.1003 7.1888 0.4
      vertex 14.7216 7.89864 0.4
      vertex 14.8334 7.73254 0.4
    endloop
  endfacet
  facet normal 0 0 -1
    outer loop
      vertex 14.1003 7.1888 0.4
      vertex 13.9737 7.34398 0.4
      vertex 14.7216 7.89864 0.4
    endloop
  endfacet
  facet normal 0 0 -1
    outer loop
      vertex 14.1003 7.1888 0.4
      vertex 13.973 7.34337 0.4
      vertex 13.9737 7.34398 0.4
    endloop
  endfacet
  facet normal 0 0 -1
    outer loop
      vertex 13.3483 6.77719 0.4
      vertex 14.1003 7.1888 0.4
      vertex 13.479 6.6257 0.4
    endloop
  endfacet
  facet normal -0 0 -1
    outer loop
      vertex 14.1003 7.1888 0.4
      vertex 13.3483 6.77719 0.4
      vertex 13.973 7.34337 0.4
    endloop
  endfacet
  facet normal 0 0 -1
    outer loop
      vertex 13.1206 6.59033 0.4
      vertex 13.479 6.6257 0.4
      vertex 13.2399 6.42949 0.4
    endloop
  endfacet
  facet normal -0 0 -1
    outer loop
      vertex 13.479 6.6257 0.4
      vertex 13.1206 6.59033 0.4
      vertex 13.3483 6.77719 0.4
    endloop
  endfacet
  facet normal 0 0 -1
    outer loop
      vertex 12.9788 6.25505 0.4
      vertex 13.1206 6.59033 0.4
      vertex 13.2399 6.42949 0.4
    endloop
  endfacet
  facet normal 0 0 -1
    outer loop
      vertex 12.9788 6.25505 0.4
      vertex 12.8759 6.4268 0.4
      vertex 13.1206 6.59033 0.4
    endloop
  endfacet
  facet normal 0 0 -1
    outer loop
      vertex 12.7018 6.10698 0.4
      vertex 12.8759 6.4268 0.4
      vertex 12.9788 6.25505 0.4
    endloop
  endfacet
  facet normal 0 0 -1
    outer loop
      vertex 12.7018 6.10698 0.4
      vertex 12.6162 6.28799 0.4
      vertex 12.8759 6.4268 0.4
    endloop
  endfacet
  facet normal 0 0 -1
    outer loop
      vertex 12.4117 5.98682 0.4
      vertex 12.6162 6.28799 0.4
      vertex 12.7018 6.10698 0.4
    endloop
  endfacet
  facet normal 0 0 -1
    outer loop
      vertex 12.4117 5.98682 0.4
      vertex 12.3443 6.17535 0.4
      vertex 12.6162 6.28799 0.4
    endloop
  endfacet
  facet normal 0 0 -1
    outer loop
      vertex 12.1112 5.89569 0.4
      vertex 12.3443 6.17535 0.4
      vertex 12.4117 5.98682 0.4
    endloop
  endfacet
  facet normal 0 0 -1
    outer loop
      vertex 12.1112 5.89569 0.4
      vertex 12.0625 6.08994 0.4
      vertex 12.3443 6.17535 0.4
    endloop
  endfacet
  facet normal 0 0 -1
    outer loop
      vertex 11.7738 6.03247 0.4
      vertex 12.1112 5.89569 0.4
      vertex 11.8007 5.83392 0.4
    endloop
  endfacet
  facet normal 0 0 -1
    outer loop
      vertex 12.1112 5.89569 0.4
      vertex 11.7738 6.03247 0.4
      vertex 12.0625 6.08994 0.4
    endloop
  endfacet
  facet normal 0 0 -1
    outer loop
      vertex 11.3408 5.8 0.4
      vertex 11.7738 6.03247 0.4
      vertex 11.8007 5.83392 0.4
    endloop
  endfacet
  facet normal 0 0 -1
    outer loop
      vertex 11.3408 5.8 0.4
      vertex 11.3334 6 0.4
      vertex 11.7738 6.03247 0.4
    endloop
  endfacet
  facet normal 0 0 -1
    outer loop
      vertex 8.66174 5.8 0.4
      vertex 11.3334 6 0.4
      vertex 11.3408 5.8 0.4
    endloop
  endfacet
  facet normal -0 0 -1
    outer loop
      vertex 11.3334 6 0.4
      vertex 8.66174 5.8 0.4
      vertex 8.66666 6 0.4
    endloop
  endfacet
  facet normal 0 0 -1
    outer loop
      vertex 8.66174 5.8 0.4
      vertex 8.37225 6.01447 0.4
      vertex 8.66666 6 0.4
    endloop
  endfacet
  facet normal 0 0 -1
    outer loop
      vertex 8.35263 5.81519 0.4
      vertex 8.37225 6.01447 0.4
      vertex 8.66174 5.8 0.4
    endloop
  endfacet
  facet normal 0 0 -1
    outer loop
      vertex 8.35263 5.81519 0.4
      vertex 8.08122 6.05763 0.4
      vertex 8.37225 6.01447 0.4
    endloop
  endfacet
  facet normal 0 0 -1
    outer loop
      vertex 8.04216 5.86124 0.4
      vertex 8.08122 6.05763 0.4
      vertex 8.35263 5.81519 0.4
    endloop
  endfacet
  facet normal 0 0 -1
    outer loop
      vertex 8.04216 5.86124 0.4
      vertex 7.79555 6.1292 0.4
      vertex 8.08122 6.05763 0.4
    endloop
  endfacet
  facet normal 0 0 -1
    outer loop
      vertex 7.73743 5.93758 0.4
      vertex 7.79555 6.1292 0.4
      vertex 8.04216 5.86124 0.4
    endloop
  endfacet
  facet normal 0 0 -1
    outer loop
      vertex 7.73743 5.93758 0.4
      vertex 7.51828 6.22839 0.4
      vertex 7.79555 6.1292 0.4
    endloop
  endfacet
  facet normal 0 0 -1
    outer loop
      vertex 7.44165 6.0434 0.4
      vertex 7.51828 6.22839 0.4
      vertex 7.73743 5.93758 0.4
    endloop
  endfacet
  facet normal 0 0 -1
    outer loop
      vertex 7.44165 6.0434 0.4
      vertex 7.25229 6.35419 0.4
      vertex 7.51828 6.22839 0.4
    endloop
  endfacet
  facet normal 0 0 -1
    outer loop
      vertex 7.1579 6.17758 0.4
      vertex 7.25229 6.35419 0.4
      vertex 7.44165 6.0434 0.4
    endloop
  endfacet
  facet normal 0 0 -1
    outer loop
      vertex 7.1579 6.17758 0.4
      vertex 6.99973 6.50557 0.4
      vertex 7.25229 6.35419 0.4
    endloop
  endfacet
  facet normal 0 0 -1
    outer loop
      vertex 6.88637 6.34035 0.4
      vertex 6.99973 6.50557 0.4
      vertex 7.1579 6.17758 0.4
    endloop
  endfacet
  facet normal 0 0 -1
    outer loop
      vertex 6.5229 6.62398 0.4
      vertex 6.99973 6.50557 0.4
      vertex 6.88637 6.34035 0.4
    endloop
  endfacet
  facet normal 0 0 -1
    outer loop
      vertex 6.99973 6.50557 0.4
      vertex 6.5229 6.62398 0.4
      vertex 6.65176 6.77711 0.4
    endloop
  endfacet
  facet normal 0 0 -1
    outer loop
      vertex 5.89973 7.1888 0.4
      vertex 6.65176 6.77711 0.4
      vertex 6.5229 6.62398 0.4
    endloop
  endfacet
  facet normal 0 0 -1
    outer loop
      vertex 6.65176 6.77711 0.4
      vertex 5.89973 7.1888 0.4
      vertex 6.02701 7.34337 0.4
    endloop
  endfacet
  facet normal -0 0 -1
    outer loop
      vertex 6.02701 7.34337 0.4
      vertex 5.89973 7.1888 0.4
      vertex 6.02625 7.34398 0.4
    endloop
  endfacet
  facet normal 0 0 -1
    outer loop
      vertex 5.89973 7.1888 0.4
      vertex 5.27835 7.89864 0.4
      vertex 6.02625 7.34398 0.4
    endloop
  endfacet
  facet normal 0 0 -1
    outer loop
      vertex 5.16655 7.73254 0.4
      vertex 5.27835 7.89864 0.4
      vertex 5.89973 7.1888 0.4
    endloop
  endfacet
  facet normal -0 0 -1
    outer loop
      vertex 5.27835 7.89864 0.4
      vertex 5.16655 7.73254 0.4
      vertex 5.27754 7.89919 0.4
    endloop
  endfacet
  facet normal 0 0 -1
    outer loop
      vertex 5.16655 7.73254 0.4
      vertex 4.47865 8.37802 0.4
      vertex 5.27754 7.89919 0.4
    endloop
  endfacet
  facet normal 0 0 -1
    outer loop
      vertex 4.384 8.20158 0.4
      vertex 4.47865 8.37802 0.4
      vertex 5.16655 7.73254 0.4
    endloop
  endfacet
  facet normal -0 0 -1
    outer loop
      vertex 4.47865 8.37802 0.4
      vertex 4.384 8.20158 0.4
      vertex 4.47778 8.37848 0.4
    endloop
  endfacet
  facet normal 0 0 -1
    outer loop
      vertex 4.384 8.20158 0.4
      vertex 3.63596 8.77663 0.4
      vertex 4.47778 8.37848 0.4
    endloop
  endfacet
  facet normal 0 0 -1
    outer loop
      vertex 3.55879 8.59187 0.4
      vertex 3.63596 8.77663 0.4
      vertex 4.384 8.20158 0.4
    endloop
  endfacet
  facet normal -0 0 -1
    outer loop
      vertex 3.63596 8.77663 0.4
      vertex 3.55879 8.59187 0.4
      vertex 3.63506 8.77701 0.4
    endloop
  endfacet
  facet normal 0 0 -1
    outer loop
      vertex 3.55879 8.59187 0.4
      vertex 2.75815 9.09076 0.4
      vertex 3.63506 8.77701 0.4
    endloop
  endfacet
  facet normal 0 0 -1
    outer loop
      vertex 2.69946 8.89934 0.4
      vertex 2.75815 9.09076 0.4
      vertex 3.55879 8.59187 0.4
    endloop
  endfacet
  facet normal -0 0 -1
    outer loop
      vertex 2.75815 9.09076 0.4
      vertex 2.69946 8.89934 0.4
      vertex 2.7572 9.09105 0.4
    endloop
  endfacet
  facet normal 0 0 -1
    outer loop
      vertex 2.69946 8.89934 0.4
      vertex 1.85378 9.31735 0.4
      vertex 2.7572 9.09105 0.4
    endloop
  endfacet
  facet normal 0 0 -1
    outer loop
      vertex 1.81432 9.12106 0.4
      vertex 1.85378 9.31735 0.4
      vertex 2.69946 8.89934 0.4
    endloop
  endfacet
  facet normal -0 0 -1
    outer loop
      vertex 1.85378 9.31735 0.4
      vertex 1.81432 9.12106 0.4
      vertex 1.85281 9.31754 0.4
    endloop
  endfacet
  facet normal 0 0 -1
    outer loop
      vertex 1.81432 9.12106 0.4
      vertex 0.931763 9.45416 0.4
      vertex 1.85281 9.31754 0.4
    endloop
  endfacet
  facet normal 0 0 -1
    outer loop
      vertex 0.91153 9.25497 0.4
      vertex 0.931763 9.45416 0.4
      vertex 1.81432 9.12106 0.4
    endloop
  endfacet
  facet normal -0 0 -1
    outer loop
      vertex 0.931763 9.45416 0.4
      vertex 0.91153 9.25497 0.4
      vertex 0.930786 9.45427 0.4
    endloop
  endfacet
  facet normal 0 0 -1
    outer loop
      vertex 0.91153 9.25497 0.4
      vertex 0.000488281 9.49997 0.4
      vertex 0.930786 9.45427 0.4
    endloop
  endfacet
  facet normal 0 0 -1
    outer loop
      vertex 0 9.29976 0.4
      vertex 0.000488281 9.49997 0.4
      vertex 0.91153 9.25497 0.4
    endloop
  endfacet
  facet normal 0 0 -1
    outer loop
      vertex 0 9.29976 0.4
      vertex -0.000488281 9.49997 0.4
      vertex 0.000488281 9.49997 0.4
    endloop
  endfacet
  facet normal 0 0 -1
    outer loop
      vertex -0.91153 9.25497 0.4
      vertex -0.000488281 9.49997 0.4
      vertex 0 9.29976 0.4
    endloop
  endfacet
  facet normal 0 0 -1
    outer loop
      vertex -0.91153 9.25497 0.4
      vertex -0.930786 9.45427 0.4
      vertex -0.000488281 9.49997 0.4
    endloop
  endfacet
  facet normal 0 0 -1
    outer loop
      vertex -0.91153 9.25497 0.4
      vertex -0.931763 9.45416 0.4
      vertex -0.930786 9.45427 0.4
    endloop
  endfacet
  facet normal 0 0 -1
    outer loop
      vertex -1.81432 9.12106 0.4
      vertex -0.931763 9.45416 0.4
      vertex -0.91153 9.25497 0.4
    endloop
  endfacet
  facet normal 0 0 -1
    outer loop
      vertex -1.81432 9.12106 0.4
      vertex -1.85281 9.31754 0.4
      vertex -0.931763 9.45416 0.4
    endloop
  endfacet
  facet normal 0 0 -1
    outer loop
      vertex -1.81432 9.12106 0.4
      vertex -1.85378 9.31735 0.4
      vertex -1.85281 9.31754 0.4
    endloop
  endfacet
  facet normal 0 0 -1
    outer loop
      vertex -2.69946 8.89934 0.4
      vertex -1.85378 9.31735 0.4
      vertex -1.81432 9.12106 0.4
    endloop
  endfacet
  facet normal 0 0 -1
    outer loop
      vertex -2.69946 8.89934 0.4
      vertex -2.7572 9.09105 0.4
      vertex -1.85378 9.31735 0.4
    endloop
  endfacet
  facet normal 0 0 -1
    outer loop
      vertex -2.69946 8.89934 0.4
      vertex -2.75815 9.09076 0.4
      vertex -2.7572 9.09105 0.4
    endloop
  endfacet
  facet normal 0 0 -1
    outer loop
      vertex -3.55879 8.59187 0.4
      vertex -2.75815 9.09076 0.4
      vertex -2.69946 8.89934 0.4
    endloop
  endfacet
  facet normal 0 0 -1
    outer loop
      vertex -3.55879 8.59187 0.4
      vertex -3.63506 8.77701 0.4
      vertex -2.75815 9.09076 0.4
    endloop
  endfacet
  facet normal 0 0 -1
    outer loop
      vertex -3.55879 8.59187 0.4
      vertex -3.63596 8.77663 0.4
      vertex -3.63506 8.77701 0.4
    endloop
  endfacet
  facet normal 0 0 -1
    outer loop
      vertex -4.384 8.20158 0.4
      vertex -3.63596 8.77663 0.4
      vertex -3.55879 8.59187 0.4
    endloop
  endfacet
  facet normal 0 0 -1
    outer loop
      vertex -4.384 8.20158 0.4
      vertex -4.47778 8.37848 0.4
      vertex -3.63596 8.77663 0.4
    endloop
  endfacet
  facet normal 0 0 -1
    outer loop
      vertex -4.384 8.20158 0.4
      vertex -4.47865 8.37802 0.4
      vertex -4.47778 8.37848 0.4
    endloop
  endfacet
  facet normal 0 0 -1
    outer loop
      vertex -5.16655 7.73254 0.4
      vertex -4.47865 8.37802 0.4
      vertex -4.384 8.20158 0.4
    endloop
  endfacet
  facet normal 0 0 -1
    outer loop
      vertex -5.16655 7.73254 0.4
      vertex -5.27754 7.89919 0.4
      vertex -4.47865 8.37802 0.4
    endloop
  endfacet
  facet normal 0 0 -1
    outer loop
      vertex -5.16655 7.73254 0.4
      vertex -5.27835 7.89864 0.4
      vertex -5.27754 7.89919 0.4
    endloop
  endfacet
  facet normal 0 0 -1
    outer loop
      vertex -5.89972 7.1888 0.4
      vertex -5.27835 7.89864 0.4
      vertex -5.16655 7.73254 0.4
    endloop
  endfacet
  facet normal 0 0 -1
    outer loop
      vertex -5.89972 7.1888 0.4
      vertex -6.02623 7.34398 0.4
      vertex -5.27835 7.89864 0.4
    endloop
  endfacet
  facet normal 0 0 -1
    outer loop
      vertex -5.89972 7.1888 0.4
      vertex -6.02699 7.34337 0.4
      vertex -6.02623 7.34398 0.4
    endloop
  endfacet
  facet normal 0 0 -1
    outer loop
      vertex -6.57593 6.57593 0.4
      vertex -6.02699 7.34337 0.4
      vertex -5.89972 7.1888 0.4
    endloop
  endfacet
  facet normal 0 0 -1
    outer loop
      vertex -6.57593 6.57593 0.4
      vertex -6.71715 6.71785 0.4
      vertex -6.02699 7.34337 0.4
    endloop
  endfacet
  facet normal 0 0 -1
    outer loop
      vertex -6.57593 6.57593 0.4
      vertex -6.71785 6.71715 0.4
      vertex -6.71715 6.71785 0.4
    endloop
  endfacet
  facet normal 0 0 -1
    outer loop
      vertex -7.1888 5.89972 0.4
      vertex -6.71785 6.71715 0.4
      vertex -6.57593 6.57593 0.4
    endloop
  endfacet
  facet normal 0 0 -1
    outer loop
      vertex -7.1888 5.89972 0.4
      vertex -7.34337 6.02699 0.4
      vertex -6.71785 6.71715 0.4
    endloop
  endfacet
  facet normal 0 0 -1
    outer loop
      vertex -7.1888 5.89972 0.4
      vertex -7.34398 6.02623 0.4
      vertex -7.34337 6.02699 0.4
    endloop
  endfacet
  facet normal 0 0 -1
    outer loop
      vertex -7.73254 5.16655 0.4
      vertex -7.34398 6.02623 0.4
      vertex -7.1888 5.89972 0.4
    endloop
  endfacet
  facet normal 0 0 -1
    outer loop
      vertex -7.73254 5.16655 0.4
      vertex -7.89864 5.27835 0.4
      vertex -7.34398 6.02623 0.4
    endloop
  endfacet
  facet normal 0 0 -1
    outer loop
      vertex -7.73254 5.16655 0.4
      vertex -7.89919 5.27754 0.4
      vertex -7.89864 5.27835 0.4
    endloop
  endfacet
  facet normal 0 0 -1
    outer loop
      vertex -8.20158 4.384 0.4
      vertex -7.89919 5.27754 0.4
      vertex -7.73254 5.16655 0.4
    endloop
  endfacet
  facet normal 0 0 -1
    outer loop
      vertex -8.20158 4.384 0.4
      vertex -8.37802 4.47865 0.4
      vertex -7.89919 5.27754 0.4
    endloop
  endfacet
  facet normal 0 0 -1
    outer loop
      vertex -8.20158 4.384 0.4
      vertex -8.37848 4.47778 0.4
      vertex -8.37802 4.47865 0.4
    endloop
  endfacet
  facet normal 0 0 -1
    outer loop
      vertex -8.59187 3.55879 0.4
      vertex -8.37848 4.47778 0.4
      vertex -8.20158 4.384 0.4
    endloop
  endfacet
  facet normal 0 0 -1
    outer loop
      vertex -8.59187 3.55879 0.4
      vertex -8.77663 3.63596 0.4
      vertex -8.37848 4.47778 0.4
    endloop
  endfacet
  facet normal 0 0 -1
    outer loop
      vertex -8.59187 3.55879 0.4
      vertex -8.77701 3.63506 0.4
      vertex -8.77663 3.63596 0.4
    endloop
  endfacet
  facet normal 0 0 -1
    outer loop
      vertex -8.89934 2.69946 0.4
      vertex -8.77701 3.63506 0.4
      vertex -8.59187 3.55879 0.4
    endloop
  endfacet
  facet normal 0 0 -1
    outer loop
      vertex -8.89934 2.69946 0.4
      vertex -9.09076 2.75815 0.4
      vertex -8.77701 3.63506 0.4
    endloop
  endfacet
  facet normal 0 0 -1
    outer loop
      vertex -8.89934 2.69946 0.4
      vertex -9.09105 2.7572 0.4
      vertex -9.09076 2.75815 0.4
    endloop
  endfacet
  facet normal 0 0 -1
    outer loop
      vertex -9.12106 1.81432 0.4
      vertex -9.09105 2.7572 0.4
      vertex -8.89934 2.69946 0.4
    endloop
  endfacet
  facet normal 0 0 -1
    outer loop
      vertex -9.31754 1.85281 0.4
      vertex -9.12106 1.81432 0.4
      vertex -9.25497 0.91153 0.4
    endloop
  endfacet
  facet normal 0 0 -1
    outer loop
      vertex -9.12106 1.81432 0.4
      vertex -9.31735 1.85378 0.4
      vertex -9.09105 2.7572 0.4
    endloop
  endfacet
  facet normal 0 0 -1
    outer loop
      vertex -9.45427 0.930786 0.4
      vertex -9.25497 0.91153 0.4
      vertex -9.29976 0 0.4
    endloop
  endfacet
  facet normal 0 0 -1
    outer loop
      vertex -9.45416 -0.931763 0.4
      vertex -9.25497 -0.91153 0.4
      vertex -9.31754 -1.85281 0.4
    endloop
  endfacet
  facet normal 0 0 -1
    outer loop
      vertex -9.45427 -0.930786 0.4
      vertex -9.25497 -0.91153 0.4
      vertex -9.45416 -0.931763 0.4
    endloop
  endfacet
  facet normal 0 0 -1
    outer loop
      vertex -9.12106 1.81432 0.4
      vertex -9.31754 1.85281 0.4
      vertex -9.31735 1.85378 0.4
    endloop
  endfacet
  facet normal -0 0 -1
    outer loop
      vertex -9.25497 -0.91153 0.4
      vertex -9.45427 -0.930786 0.4
      vertex -9.29976 0 0.4
    endloop
  endfacet
  facet normal 0 0 -1
    outer loop
      vertex -9.25497 0.91153 0.4
      vertex -9.45416 0.931763 0.4
      vertex -9.31754 1.85281 0.4
    endloop
  endfacet
  facet normal 0 0 -1
    outer loop
      vertex -9.29976 0 0.4
      vertex -9.45427 -0.930786 0.4
      vertex -9.49997 -0.000488281 0.4
    endloop
  endfacet
  facet normal 0 0 -1
    outer loop
      vertex -9.49997 0.000488281 0.4
      vertex -9.29976 0 0.4
      vertex -9.49997 -0.000488281 0.4
    endloop
  endfacet
  facet normal 0 -0 -1
    outer loop
      vertex -9.45427 0.930786 0.4
      vertex -9.29976 0 0.4
      vertex -9.49997 0.000488281 0.4
    endloop
  endfacet
  facet normal 0 0 -1
    outer loop
      vertex -9.25497 0.91153 0.4
      vertex -9.45427 0.930786 0.4
      vertex -9.45416 0.931763 0.4
    endloop
  endfacet
  facet normal 0 0 1
    outer loop
      vertex 29.2998 0 4.6
      vertex 29.5 0.000488281 4.6
      vertex 29.4543 0.930786 4.6
    endloop
  endfacet
  facet normal 0 0 1
    outer loop
      vertex 29.5 0.000488281 4.6
      vertex 29.2998 0 4.6
      vertex 29.5 -0.000488281 4.6
    endloop
  endfacet
  facet normal 0 0 1
    outer loop
      vertex 29.255 0.91153 4.6
      vertex 29.4543 0.930786 4.6
      vertex 29.4542 0.931763 4.6
    endloop
  endfacet
  facet normal 0 0 1
    outer loop
      vertex 29.5 -0.000488281 4.6
      vertex 29.2998 0 4.6
      vertex 29.4543 -0.930786 4.6
    endloop
  endfacet
  facet normal 0 0 1
    outer loop
      vertex 29.255 0.91153 4.6
      vertex 29.4542 0.931763 4.6
      vertex 29.3175 1.85281 4.6
    endloop
  endfacet
  facet normal -0 0 1
    outer loop
      vertex 29.255 -0.91153 4.6
      vertex 29.4543 -0.930786 4.6
      vertex 29.2998 0 4.6
    endloop
  endfacet
  facet normal 0 0 1
    outer loop
      vertex 29.1211 1.81432 4.6
      vertex 29.3175 1.85281 4.6
      vertex 29.3174 1.85378 4.6
    endloop
  endfacet
  facet normal 0 0 1
    outer loop
      vertex 29.4543 -0.930786 4.6
      vertex 29.255 -0.91153 4.6
      vertex 29.4542 -0.931763 4.6
    endloop
  endfacet
  facet normal 0 0 1
    outer loop
      vertex 29.4542 -0.931763 4.6
      vertex 29.255 -0.91153 4.6
      vertex 29.3175 -1.85281 4.6
    endloop
  endfacet
  facet normal 0 0 1
    outer loop
      vertex 29.4543 0.930786 4.6
      vertex 29.255 0.91153 4.6
      vertex 29.2998 0 4.6
    endloop
  endfacet
  facet normal 0 0 1
    outer loop
      vertex 29.3175 1.85281 4.6
      vertex 29.1211 1.81432 4.6
      vertex 29.255 0.91153 4.6
    endloop
  endfacet
  facet normal 0 0 1
    outer loop
      vertex 29.091 2.7572 4.6
      vertex 29.1211 1.81432 4.6
      vertex 29.3174 1.85378 4.6
    endloop
  endfacet
  facet normal 0 0 1
    outer loop
      vertex 28.8993 2.69946 4.6
      vertex 29.091 2.7572 4.6
      vertex 29.0908 2.75815 4.6
    endloop
  endfacet
  facet normal 0 0 1
    outer loop
      vertex 29.091 2.7572 4.6
      vertex 28.8993 2.69946 4.6
      vertex 29.1211 1.81432 4.6
    endloop
  endfacet
  facet normal 0 0 1
    outer loop
      vertex 28.777 3.63506 4.6
      vertex 28.8993 2.69946 4.6
      vertex 29.0908 2.75815 4.6
    endloop
  endfacet
  facet normal 0 0 1
    outer loop
      vertex 28.5919 3.55879 4.6
      vertex 28.777 3.63506 4.6
      vertex 28.7766 3.63596 4.6
    endloop
  endfacet
  facet normal 0 0 1
    outer loop
      vertex 28.777 3.63506 4.6
      vertex 28.5919 3.55879 4.6
      vertex 28.8993 2.69946 4.6
    endloop
  endfacet
  facet normal 0 0 1
    outer loop
      vertex 28.3785 4.47778 4.6
      vertex 28.5919 3.55879 4.6
      vertex 28.7766 3.63596 4.6
    endloop
  endfacet
  facet normal 0 0 1
    outer loop
      vertex 28.2016 4.384 4.6
      vertex 28.3785 4.47778 4.6
      vertex 28.378 4.47865 4.6
    endloop
  endfacet
  facet normal 0 0 1
    outer loop
      vertex 28.3785 4.47778 4.6
      vertex 28.2016 4.384 4.6
      vertex 28.5919 3.55879 4.6
    endloop
  endfacet
  facet normal 0 0 1
    outer loop
      vertex 27.8992 5.27754 4.6
      vertex 28.2016 4.384 4.6
      vertex 28.378 4.47865 4.6
    endloop
  endfacet
  facet normal 0 0 1
    outer loop
      vertex 27.7325 5.16655 4.6
      vertex 27.8992 5.27754 4.6
      vertex 27.8986 5.27835 4.6
    endloop
  endfacet
  facet normal 0 0 1
    outer loop
      vertex 27.8992 5.27754 4.6
      vertex 27.7325 5.16655 4.6
      vertex 28.2016 4.384 4.6
    endloop
  endfacet
  facet normal 0 0 1
    outer loop
      vertex 27.344 6.02623 4.6
      vertex 27.7325 5.16655 4.6
      vertex 27.8986 5.27835 4.6
    endloop
  endfacet
  facet normal 0 0 1
    outer loop
      vertex 27.1888 5.89972 4.6
      vertex 27.344 6.02623 4.6
      vertex 27.3434 6.02699 4.6
    endloop
  endfacet
  facet normal 0 0 1
    outer loop
      vertex 27.344 6.02623 4.6
      vertex 27.1888 5.89972 4.6
      vertex 27.7325 5.16655 4.6
    endloop
  endfacet
  facet normal 0 0 1
    outer loop
      vertex 26.7178 6.71715 4.6
      vertex 27.1888 5.89972 4.6
      vertex 27.3434 6.02699 4.6
    endloop
  endfacet
  facet normal 0 0 1
    outer loop
      vertex 26.5759 6.57593 4.6
      vertex 26.7178 6.71715 4.6
      vertex 26.7171 6.71785 4.6
    endloop
  endfacet
  facet normal 0 0 1
    outer loop
      vertex 26.7178 6.71715 4.6
      vertex 26.5759 6.57593 4.6
      vertex 27.1888 5.89972 4.6
    endloop
  endfacet
  facet normal 0 0 1
    outer loop
      vertex 26.027 7.34337 4.6
      vertex 26.5759 6.57593 4.6
      vertex 26.7171 6.71785 4.6
    endloop
  endfacet
  facet normal 0 0 1
    outer loop
      vertex 25.8997 7.1888 4.6
      vertex 26.027 7.34337 4.6
      vertex 26.0262 7.34398 4.6
    endloop
  endfacet
  facet normal 0 0 1
    outer loop
      vertex 26.027 7.34337 4.6
      vertex 25.8997 7.1888 4.6
      vertex 26.5759 6.57593 4.6
    endloop
  endfacet
  facet normal 0 0 1
    outer loop
      vertex 25.2784 7.89864 4.6
      vertex 25.8997 7.1888 4.6
      vertex 26.0262 7.34398 4.6
    endloop
  endfacet
  facet normal 0 0 1
    outer loop
      vertex 25.1665 7.73254 4.6
      vertex 25.2784 7.89864 4.6
      vertex 25.2775 7.89919 4.6
    endloop
  endfacet
  facet normal 0 0 1
    outer loop
      vertex 25.2784 7.89864 4.6
      vertex 25.1665 7.73254 4.6
      vertex 25.8997 7.1888 4.6
    endloop
  endfacet
  facet normal 0 0 1
    outer loop
      vertex 24.4787 8.37802 4.6
      vertex 25.1665 7.73254 4.6
      vertex 25.2775 7.89919 4.6
    endloop
  endfacet
  facet normal 0 0 1
    outer loop
      vertex 24.384 8.20158 4.6
      vertex 24.4787 8.37802 4.6
      vertex 24.4778 8.37848 4.6
    endloop
  endfacet
  facet normal 0 0 1
    outer loop
      vertex 24.4787 8.37802 4.6
      vertex 24.384 8.20158 4.6
      vertex 25.1665 7.73254 4.6
    endloop
  endfacet
  facet normal 0 0 1
    outer loop
      vertex 23.636 8.77663 4.6
      vertex 24.384 8.20158 4.6
      vertex 24.4778 8.37848 4.6
    endloop
  endfacet
  facet normal 0 0 1
    outer loop
      vertex 23.5588 8.59187 4.6
      vertex 23.636 8.77663 4.6
      vertex 23.6351 8.77701 4.6
    endloop
  endfacet
  facet normal 0 0 1
    outer loop
      vertex 23.636 8.77663 4.6
      vertex 23.5588 8.59187 4.6
      vertex 24.384 8.20158 4.6
    endloop
  endfacet
  facet normal 0 0 1
    outer loop
      vertex 22.7581 9.09076 4.6
      vertex 23.5588 8.59187 4.6
      vertex 23.6351 8.77701 4.6
    endloop
  endfacet
  facet normal 0 0 1
    outer loop
      vertex 22.6995 8.89934 4.6
      vertex 22.7581 9.09076 4.6
      vertex 22.7572 9.09105 4.6
    endloop
  endfacet
  facet normal 0 0 1
    outer loop
      vertex 22.7581 9.09076 4.6
      vertex 22.6995 8.89934 4.6
      vertex 23.5588 8.59187 4.6
    endloop
  endfacet
  facet normal 0 0 1
    outer loop
      vertex 21.8538 9.31735 4.6
      vertex 22.6995 8.89934 4.6
      vertex 22.7572 9.09105 4.6
    endloop
  endfacet
  facet normal 0 0 1
    outer loop
      vertex 21.8143 9.12106 4.6
      vertex 21.8538 9.31735 4.6
      vertex 21.8528 9.31754 4.6
    endloop
  endfacet
  facet normal 0 0 1
    outer loop
      vertex 21.8538 9.31735 4.6
      vertex 21.8143 9.12106 4.6
      vertex 22.6995 8.89934 4.6
    endloop
  endfacet
  facet normal 0 0 1
    outer loop
      vertex 20.9318 9.45416 4.6
      vertex 21.8143 9.12106 4.6
      vertex 21.8528 9.31754 4.6
    endloop
  endfacet
  facet normal 0 0 1
    outer loop
      vertex 20.9115 9.25497 4.6
      vertex 20.9318 9.45416 4.6
      vertex 20.9308 9.45427 4.6
    endloop
  endfacet
  facet normal 0 0 1
    outer loop
      vertex 20.9318 9.45416 4.6
      vertex 20.9115 9.25497 4.6
      vertex 21.8143 9.12106 4.6
    endloop
  endfacet
  facet normal 0 0 1
    outer loop
      vertex 20.0005 9.49997 4.6
      vertex 20.9115 9.25497 4.6
      vertex 20.9308 9.45427 4.6
    endloop
  endfacet
  facet normal 0 0 1
    outer loop
      vertex 20.0005 9.49997 4.6
      vertex 20 9.29976 4.6
      vertex 20.9115 9.25497 4.6
    endloop
  endfacet
  facet normal -0 0 1
    outer loop
      vertex 19.9995 9.49997 4.6
      vertex 20 9.29976 4.6
      vertex 20.0005 9.49997 4.6
    endloop
  endfacet
  facet normal 0 0 1
    outer loop
      vertex 19.9995 9.49997 4.6
      vertex 19.0885 9.25497 4.6
      vertex 20 9.29976 4.6
    endloop
  endfacet
  facet normal -0 0 1
    outer loop
      vertex 19.0692 9.45427 4.6
      vertex 19.0885 9.25497 4.6
      vertex 19.9995 9.49997 4.6
    endloop
  endfacet
  facet normal -0 0 1
    outer loop
      vertex 19.0682 9.45416 4.6
      vertex 19.0885 9.25497 4.6
      vertex 19.0692 9.45427 4.6
    endloop
  endfacet
  facet normal 0 0 1
    outer loop
      vertex 19.0682 9.45416 4.6
      vertex 18.1857 9.12106 4.6
      vertex 19.0885 9.25497 4.6
    endloop
  endfacet
  facet normal -0 0 1
    outer loop
      vertex 18.1472 9.31754 4.6
      vertex 18.1857 9.12106 4.6
      vertex 19.0682 9.45416 4.6
    endloop
  endfacet
  facet normal -0 0 1
    outer loop
      vertex 18.1462 9.31735 4.6
      vertex 18.1857 9.12106 4.6
      vertex 18.1472 9.31754 4.6
    endloop
  endfacet
  facet normal 0 0 1
    outer loop
      vertex 18.1462 9.31735 4.6
      vertex 17.3005 8.89934 4.6
      vertex 18.1857 9.12106 4.6
    endloop
  endfacet
  facet normal -0 0 1
    outer loop
      vertex 17.2428 9.09105 4.6
      vertex 17.3005 8.89934 4.6
      vertex 18.1462 9.31735 4.6
    endloop
  endfacet
  facet normal -0 0 1
    outer loop
      vertex 17.2418 9.09076 4.6
      vertex 17.3005 8.89934 4.6
      vertex 17.2428 9.09105 4.6
    endloop
  endfacet
  facet normal 0 0 1
    outer loop
      vertex 17.2418 9.09076 4.6
      vertex 16.4412 8.59187 4.6
      vertex 17.3005 8.89934 4.6
    endloop
  endfacet
  facet normal -0 0 1
    outer loop
      vertex 16.3649 8.77701 4.6
      vertex 16.4412 8.59187 4.6
      vertex 17.2418 9.09076 4.6
    endloop
  endfacet
  facet normal -0 0 1
    outer loop
      vertex 16.364 8.77663 4.6
      vertex 16.4412 8.59187 4.6
      vertex 16.3649 8.77701 4.6
    endloop
  endfacet
  facet normal 0 0 1
    outer loop
      vertex 16.364 8.77663 4.6
      vertex 15.616 8.20158 4.6
      vertex 16.4412 8.59187 4.6
    endloop
  endfacet
  facet normal -0 0 1
    outer loop
      vertex 15.5222 8.37848 4.6
      vertex 15.616 8.20158 4.6
      vertex 16.364 8.77663 4.6
    endloop
  endfacet
  facet normal -0 0 1
    outer loop
      vertex 15.5213 8.37802 4.6
      vertex 15.616 8.20158 4.6
      vertex 15.5222 8.37848 4.6
    endloop
  endfacet
  facet normal 0 0 1
    outer loop
      vertex 15.5213 8.37802 4.6
      vertex 14.8334 7.73254 4.6
      vertex 15.616 8.20158 4.6
    endloop
  endfacet
  facet normal -0 0 1
    outer loop
      vertex 14.7224 7.89919 4.6
      vertex 14.8334 7.73254 4.6
      vertex 15.5213 8.37802 4.6
    endloop
  endfacet
  facet normal -0 0 1
    outer loop
      vertex 14.7216 7.89864 4.6
      vertex 14.8334 7.73254 4.6
      vertex 14.7224 7.89919 4.6
    endloop
  endfacet
  facet normal 0 0 1
    outer loop
      vertex 14.7216 7.89864 4.6
      vertex 14.1003 7.1888 4.6
      vertex 14.8334 7.73254 4.6
    endloop
  endfacet
  facet normal -0 0 1
    outer loop
      vertex 13.9737 7.34398 4.6
      vertex 14.1003 7.1888 4.6
      vertex 14.7216 7.89864 4.6
    endloop
  endfacet
  facet normal -0 0 1
    outer loop
      vertex 13.973 7.34337 4.6
      vertex 14.1003 7.1888 4.6
      vertex 13.9737 7.34398 4.6
    endloop
  endfacet
  facet normal 0 0 1
    outer loop
      vertex 13.3483 6.77719 4.6
      vertex 14.1003 7.1888 4.6
      vertex 13.973 7.34337 4.6
    endloop
  endfacet
  facet normal 0 0 1
    outer loop
      vertex 14.1003 7.1888 4.6
      vertex 13.3483 6.77719 4.6
      vertex 13.479 6.6257 4.6
    endloop
  endfacet
  facet normal 0 0 1
    outer loop
      vertex 13.1206 6.59033 4.6
      vertex 13.479 6.6257 4.6
      vertex 13.3483 6.77719 4.6
    endloop
  endfacet
  facet normal 0 0 1
    outer loop
      vertex 13.479 6.6257 4.6
      vertex 13.1206 6.59033 4.6
      vertex 13.2399 6.42949 4.6
    endloop
  endfacet
  facet normal 0 0 1
    outer loop
      vertex 13.1206 6.59033 4.6
      vertex 12.9788 6.25505 4.6
      vertex 13.2399 6.42949 4.6
    endloop
  endfacet
  facet normal -0 0 1
    outer loop
      vertex 12.8759 6.4268 4.6
      vertex 12.9788 6.25505 4.6
      vertex 13.1206 6.59033 4.6
    endloop
  endfacet
  facet normal 0 0 1
    outer loop
      vertex 12.8759 6.4268 4.6
      vertex 12.7018 6.10698 4.6
      vertex 12.9788 6.25505 4.6
    endloop
  endfacet
  facet normal -0 0 1
    outer loop
      vertex 12.6162 6.28799 4.6
      vertex 12.7018 6.10698 4.6
      vertex 12.8759 6.4268 4.6
    endloop
  endfacet
  facet normal 0 0 1
    outer loop
      vertex 12.6162 6.28799 4.6
      vertex 12.4117 5.98682 4.6
      vertex 12.7018 6.10698 4.6
    endloop
  endfacet
  facet normal -0 0 1
    outer loop
      vertex 12.3443 6.17535 4.6
      vertex 12.4117 5.98682 4.6
      vertex 12.6162 6.28799 4.6
    endloop
  endfacet
  facet normal 0 0 1
    outer loop
      vertex 12.3443 6.17535 4.6
      vertex 12.1112 5.89569 4.6
      vertex 12.4117 5.98682 4.6
    endloop
  endfacet
  facet normal -0 0 1
    outer loop
      vertex 12.0625 6.08994 4.6
      vertex 12.1112 5.89569 4.6
      vertex 12.3443 6.17535 4.6
    endloop
  endfacet
  facet normal -0 0 1
    outer loop
      vertex 11.7738 6.03247 4.6
      vertex 12.1112 5.89569 4.6
      vertex 12.0625 6.08994 4.6
    endloop
  endfacet
  facet normal 0 0 1
    outer loop
      vertex 12.1112 5.89569 4.6
      vertex 11.7738 6.03247 4.6
      vertex 11.8007 5.83392 4.6
    endloop
  endfacet
  facet normal 0 0 1
    outer loop
      vertex 11.7738 6.03247 4.6
      vertex 11.3408 5.8 4.6
      vertex 11.8007 5.83392 4.6
    endloop
  endfacet
  facet normal -0 0 1
    outer loop
      vertex 11.3334 6 4.6
      vertex 11.3408 5.8 4.6
      vertex 11.7738 6.03247 4.6
    endloop
  endfacet
  facet normal 0 0 1
    outer loop
      vertex 8.66174 5.8 4.6
      vertex 11.3334 6 4.6
      vertex 8.66666 6 4.6
    endloop
  endfacet
  facet normal 0 0 1
    outer loop
      vertex 11.3334 6 4.6
      vertex 8.66174 5.8 4.6
      vertex 11.3408 5.8 4.6
    endloop
  endfacet
  facet normal 0 0 1
    outer loop
      vertex 8.37225 6.01447 4.6
      vertex 8.66174 5.8 4.6
      vertex 8.66666 6 4.6
    endloop
  endfacet
  facet normal 0 0 1
    outer loop
      vertex 8.37225 6.01447 4.6
      vertex 8.35263 5.81519 4.6
      vertex 8.66174 5.8 4.6
    endloop
  endfacet
  facet normal 0 0 1
    outer loop
      vertex 8.08122 6.05763 4.6
      vertex 8.35263 5.81519 4.6
      vertex 8.37225 6.01447 4.6
    endloop
  endfacet
  facet normal 0 0 1
    outer loop
      vertex 8.08122 6.05763 4.6
      vertex 8.04216 5.86124 4.6
      vertex 8.35263 5.81519 4.6
    endloop
  endfacet
  facet normal 0 0 1
    outer loop
      vertex 7.79555 6.1292 4.6
      vertex 8.04216 5.86124 4.6
      vertex 8.08122 6.05763 4.6
    endloop
  endfacet
  facet normal 0 0 1
    outer loop
      vertex 7.79555 6.1292 4.6
      vertex 7.73743 5.93758 4.6
      vertex 8.04216 5.86124 4.6
    endloop
  endfacet
  facet normal 0 0 1
    outer loop
      vertex 7.51828 6.22839 4.6
      vertex 7.73743 5.93758 4.6
      vertex 7.79555 6.1292 4.6
    endloop
  endfacet
  facet normal 0 0 1
    outer loop
      vertex 7.51828 6.22839 4.6
      vertex 7.44165 6.0434 4.6
      vertex 7.73743 5.93758 4.6
    endloop
  endfacet
  facet normal 0 0 1
    outer loop
      vertex 7.25229 6.35419 4.6
      vertex 7.44165 6.0434 4.6
      vertex 7.51828 6.22839 4.6
    endloop
  endfacet
  facet normal 0 0 1
    outer loop
      vertex 7.25229 6.35419 4.6
      vertex 7.1579 6.17758 4.6
      vertex 7.44165 6.0434 4.6
    endloop
  endfacet
  facet normal 0 0 1
    outer loop
      vertex 6.99973 6.50557 4.6
      vertex 7.1579 6.17758 4.6
      vertex 7.25229 6.35419 4.6
    endloop
  endfacet
  facet normal 0 0 1
    outer loop
      vertex 6.99973 6.50557 4.6
      vertex 6.88637 6.34035 4.6
      vertex 7.1579 6.17758 4.6
    endloop
  endfacet
  facet normal -0 0 1
    outer loop
      vertex 6.5229 6.62398 4.6
      vertex 6.99973 6.50557 4.6
      vertex 6.65176 6.77711 4.6
    endloop
  endfacet
  facet normal 0 0 1
    outer loop
      vertex 6.99973 6.50557 4.6
      vertex 6.5229 6.62398 4.6
      vertex 6.88637 6.34035 4.6
    endloop
  endfacet
  facet normal -0 0 1
    outer loop
      vertex 5.89973 7.1888 4.6
      vertex 6.65176 6.77711 4.6
      vertex 6.02701 7.34337 4.6
    endloop
  endfacet
  facet normal 0 0 1
    outer loop
      vertex 5.89973 7.1888 4.6
      vertex 6.02701 7.34337 4.6
      vertex 6.02625 7.34398 4.6
    endloop
  endfacet
  facet normal 0 0 1
    outer loop
      vertex 6.65176 6.77711 4.6
      vertex 5.89973 7.1888 4.6
      vertex 6.5229 6.62398 4.6
    endloop
  endfacet
  facet normal 0 0 1
    outer loop
      vertex 5.27835 7.89864 4.6
      vertex 5.89973 7.1888 4.6
      vertex 6.02625 7.34398 4.6
    endloop
  endfacet
  facet normal 0 0 1
    outer loop
      vertex 5.16655 7.73254 4.6
      vertex 5.27835 7.89864 4.6
      vertex 5.27754 7.89919 4.6
    endloop
  endfacet
  facet normal 0 0 1
    outer loop
      vertex 5.27835 7.89864 4.6
      vertex 5.16655 7.73254 4.6
      vertex 5.89973 7.1888 4.6
    endloop
  endfacet
  facet normal 0 0 1
    outer loop
      vertex 4.47865 8.37802 4.6
      vertex 5.16655 7.73254 4.6
      vertex 5.27754 7.89919 4.6
    endloop
  endfacet
  facet normal 0 0 1
    outer loop
      vertex 4.384 8.20158 4.6
      vertex 4.47865 8.37802 4.6
      vertex 4.47778 8.37848 4.6
    endloop
  endfacet
  facet normal 0 0 1
    outer loop
      vertex 4.47865 8.37802 4.6
      vertex 4.384 8.20158 4.6
      vertex 5.16655 7.73254 4.6
    endloop
  endfacet
  facet normal 0 0 1
    outer loop
      vertex 3.63596 8.77663 4.6
      vertex 4.384 8.20158 4.6
      vertex 4.47778 8.37848 4.6
    endloop
  endfacet
  facet normal 0 0 1
    outer loop
      vertex 3.55879 8.59187 4.6
      vertex 3.63596 8.77663 4.6
      vertex 3.63506 8.77701 4.6
    endloop
  endfacet
  facet normal 0 0 1
    outer loop
      vertex 3.63596 8.77663 4.6
      vertex 3.55879 8.59187 4.6
      vertex 4.384 8.20158 4.6
    endloop
  endfacet
  facet normal 0 0 1
    outer loop
      vertex 2.75815 9.09076 4.6
      vertex 3.55879 8.59187 4.6
      vertex 3.63506 8.77701 4.6
    endloop
  endfacet
  facet normal 0 0 1
    outer loop
      vertex 2.69946 8.89934 4.6
      vertex 2.75815 9.09076 4.6
      vertex 2.7572 9.09105 4.6
    endloop
  endfacet
  facet normal 0 0 1
    outer loop
      vertex 2.75815 9.09076 4.6
      vertex 2.69946 8.89934 4.6
      vertex 3.55879 8.59187 4.6
    endloop
  endfacet
  facet normal 0 0 1
    outer loop
      vertex 1.85378 9.31735 4.6
      vertex 2.69946 8.89934 4.6
      vertex 2.7572 9.09105 4.6
    endloop
  endfacet
  facet normal 0 0 1
    outer loop
      vertex 1.81432 9.12106 4.6
      vertex 1.85378 9.31735 4.6
      vertex 1.85281 9.31754 4.6
    endloop
  endfacet
  facet normal 0 0 1
    outer loop
      vertex 1.85378 9.31735 4.6
      vertex 1.81432 9.12106 4.6
      vertex 2.69946 8.89934 4.6
    endloop
  endfacet
  facet normal 0 0 1
    outer loop
      vertex 0.931763 9.45416 4.6
      vertex 1.81432 9.12106 4.6
      vertex 1.85281 9.31754 4.6
    endloop
  endfacet
  facet normal 0 0 1
    outer loop
      vertex 0.91153 9.25497 4.6
      vertex 0.931763 9.45416 4.6
      vertex 0.930786 9.45427 4.6
    endloop
  endfacet
  facet normal 0 0 1
    outer loop
      vertex 0.931763 9.45416 4.6
      vertex 0.91153 9.25497 4.6
      vertex 1.81432 9.12106 4.6
    endloop
  endfacet
  facet normal 0 0 1
    outer loop
      vertex 0.000488281 9.49997 4.6
      vertex 0.91153 9.25497 4.6
      vertex 0.930786 9.45427 4.6
    endloop
  endfacet
  facet normal 0 0 1
    outer loop
      vertex 0.000488281 9.49997 4.6
      vertex 0 9.29976 4.6
      vertex 0.91153 9.25497 4.6
    endloop
  endfacet
  facet normal -0 0 1
    outer loop
      vertex -0.000488281 9.49997 4.6
      vertex 0 9.29976 4.6
      vertex 0.000488281 9.49997 4.6
    endloop
  endfacet
  facet normal 0 0 1
    outer loop
      vertex -0.000488281 9.49997 4.6
      vertex -0.91153 9.25497 4.6
      vertex 0 9.29976 4.6
    endloop
  endfacet
  facet normal -0 0 1
    outer loop
      vertex -0.930786 9.45427 4.6
      vertex -0.91153 9.25497 4.6
      vertex -0.000488281 9.49997 4.6
    endloop
  endfacet
  facet normal -0 0 1
    outer loop
      vertex -0.931763 9.45416 4.6
      vertex -0.91153 9.25497 4.6
      vertex -0.930786 9.45427 4.6
    endloop
  endfacet
  facet normal 0 0 1
    outer loop
      vertex -0.931763 9.45416 4.6
      vertex -1.81432 9.12106 4.6
      vertex -0.91153 9.25497 4.6
    endloop
  endfacet
  facet normal -0 0 1
    outer loop
      vertex -1.85281 9.31754 4.6
      vertex -1.81432 9.12106 4.6
      vertex -0.931763 9.45416 4.6
    endloop
  endfacet
  facet normal -0 0 1
    outer loop
      vertex -1.85378 9.31735 4.6
      vertex -1.81432 9.12106 4.6
      vertex -1.85281 9.31754 4.6
    endloop
  endfacet
  facet normal 0 0 1
    outer loop
      vertex -1.85378 9.31735 4.6
      vertex -2.69946 8.89934 4.6
      vertex -1.81432 9.12106 4.6
    endloop
  endfacet
  facet normal -0 0 1
    outer loop
      vertex -2.7572 9.09105 4.6
      vertex -2.69946 8.89934 4.6
      vertex -1.85378 9.31735 4.6
    endloop
  endfacet
  facet normal -0 0 1
    outer loop
      vertex -2.75815 9.09076 4.6
      vertex -2.69946 8.89934 4.6
      vertex -2.7572 9.09105 4.6
    endloop
  endfacet
  facet normal 0 0 1
    outer loop
      vertex -2.75815 9.09076 4.6
      vertex -3.55879 8.59187 4.6
      vertex -2.69946 8.89934 4.6
    endloop
  endfacet
  facet normal -0 0 1
    outer loop
      vertex -3.63506 8.77701 4.6
      vertex -3.55879 8.59187 4.6
      vertex -2.75815 9.09076 4.6
    endloop
  endfacet
  facet normal -0 0 1
    outer loop
      vertex -3.63596 8.77663 4.6
      vertex -3.55879 8.59187 4.6
      vertex -3.63506 8.77701 4.6
    endloop
  endfacet
  facet normal 0 0 1
    outer loop
      vertex -3.63596 8.77663 4.6
      vertex -4.384 8.20158 4.6
      vertex -3.55879 8.59187 4.6
    endloop
  endfacet
  facet normal -0 0 1
    outer loop
      vertex -4.47778 8.37848 4.6
      vertex -4.384 8.20158 4.6
      vertex -3.63596 8.77663 4.6
    endloop
  endfacet
  facet normal -0 0 1
    outer loop
      vertex -4.47865 8.37802 4.6
      vertex -4.384 8.20158 4.6
      vertex -4.47778 8.37848 4.6
    endloop
  endfacet
  facet normal 0 0 1
    outer loop
      vertex -4.47865 8.37802 4.6
      vertex -5.16655 7.73254 4.6
      vertex -4.384 8.20158 4.6
    endloop
  endfacet
  facet normal -0 0 1
    outer loop
      vertex -5.27754 7.89919 4.6
      vertex -5.16655 7.73254 4.6
      vertex -4.47865 8.37802 4.6
    endloop
  endfacet
  facet normal -0 0 1
    outer loop
      vertex -5.27835 7.89864 4.6
      vertex -5.16655 7.73254 4.6
      vertex -5.27754 7.89919 4.6
    endloop
  endfacet
  facet normal 0 0 1
    outer loop
      vertex -5.27835 7.89864 4.6
      vertex -5.89972 7.1888 4.6
      vertex -5.16655 7.73254 4.6
    endloop
  endfacet
  facet normal -0 0 1
    outer loop
      vertex -6.02623 7.34398 4.6
      vertex -5.89972 7.1888 4.6
      vertex -5.27835 7.89864 4.6
    endloop
  endfacet
  facet normal -0 0 1
    outer loop
      vertex -6.02699 7.34337 4.6
      vertex -5.89972 7.1888 4.6
      vertex -6.02623 7.34398 4.6
    endloop
  endfacet
  facet normal 0 0 1
    outer loop
      vertex -6.02699 7.34337 4.6
      vertex -6.57593 6.57593 4.6
      vertex -5.89972 7.1888 4.6
    endloop
  endfacet
  facet normal -0 0 1
    outer loop
      vertex -6.71715 6.71785 4.6
      vertex -6.57593 6.57593 4.6
      vertex -6.02699 7.34337 4.6
    endloop
  endfacet
  facet normal -0 0 1
    outer loop
      vertex -6.71785 6.71715 4.6
      vertex -6.57593 6.57593 4.6
      vertex -6.71715 6.71785 4.6
    endloop
  endfacet
  facet normal 0 0 1
    outer loop
      vertex -6.71785 6.71715 4.6
      vertex -7.1888 5.89972 4.6
      vertex -6.57593 6.57593 4.6
    endloop
  endfacet
  facet normal -0 0 1
    outer loop
      vertex -7.34337 6.02699 4.6
      vertex -7.1888 5.89972 4.6
      vertex -6.71785 6.71715 4.6
    endloop
  endfacet
  facet normal -0 0 1
    outer loop
      vertex -7.34398 6.02623 4.6
      vertex -7.1888 5.89972 4.6
      vertex -7.34337 6.02699 4.6
    endloop
  endfacet
  facet normal 0 0 1
    outer loop
      vertex -7.34398 6.02623 4.6
      vertex -7.73254 5.16655 4.6
      vertex -7.1888 5.89972 4.6
    endloop
  endfacet
  facet normal -0 0 1
    outer loop
      vertex -7.89864 5.27835 4.6
      vertex -7.73254 5.16655 4.6
      vertex -7.34398 6.02623 4.6
    endloop
  endfacet
  facet normal -0 0 1
    outer loop
      vertex -7.89919 5.27754 4.6
      vertex -7.73254 5.16655 4.6
      vertex -7.89864 5.27835 4.6
    endloop
  endfacet
  facet normal 0 0 1
    outer loop
      vertex -7.89919 5.27754 4.6
      vertex -8.20158 4.384 4.6
      vertex -7.73254 5.16655 4.6
    endloop
  endfacet
  facet normal -0 0 1
    outer loop
      vertex -8.37802 4.47865 4.6
      vertex -8.20158 4.384 4.6
      vertex -7.89919 5.27754 4.6
    endloop
  endfacet
  facet normal -0 0 1
    outer loop
      vertex -8.37848 4.47778 4.6
      vertex -8.20158 4.384 4.6
      vertex -8.37802 4.47865 4.6
    endloop
  endfacet
  facet normal 0 0 1
    outer loop
      vertex -8.37848 4.47778 4.6
      vertex -8.59187 3.55879 4.6
      vertex -8.20158 4.384 4.6
    endloop
  endfacet
  facet normal -0 0 1
    outer loop
      vertex -8.77663 3.63596 4.6
      vertex -8.59187 3.55879 4.6
      vertex -8.37848 4.47778 4.6
    endloop
  endfacet
  facet normal -0 0 1
    outer loop
      vertex -8.77701 3.63506 4.6
      vertex -8.59187 3.55879 4.6
      vertex -8.77663 3.63596 4.6
    endloop
  endfacet
  facet normal 0 0 1
    outer loop
      vertex -8.77701 3.63506 4.6
      vertex -8.89934 2.69946 4.6
      vertex -8.59187 3.55879 4.6
    endloop
  endfacet
  facet normal -0 0 1
    outer loop
      vertex -9.09076 2.75815 4.6
      vertex -8.89934 2.69946 4.6
      vertex -8.77701 3.63506 4.6
    endloop
  endfacet
  facet normal -0 0 1
    outer loop
      vertex -9.09105 2.7572 4.6
      vertex -8.89934 2.69946 4.6
      vertex -9.09076 2.75815 4.6
    endloop
  endfacet
  facet normal 0 0 1
    outer loop
      vertex -9.09105 2.7572 4.6
      vertex -9.12106 1.81432 4.6
      vertex -8.89934 2.69946 4.6
    endloop
  endfacet
  facet normal -0 0 1
    outer loop
      vertex -9.31735 1.85378 4.6
      vertex -9.12106 1.81432 4.6
      vertex -9.09105 2.7572 4.6
    endloop
  endfacet
  facet normal 0 0 1
    outer loop
      vertex -9.12106 1.81432 4.6
      vertex -9.31754 1.85281 4.6
      vertex -9.25497 0.91153 4.6
    endloop
  endfacet
  facet normal -0 0 1
    outer loop
      vertex -9.31754 1.85281 4.6
      vertex -9.12106 1.81432 4.6
      vertex -9.31735 1.85378 4.6
    endloop
  endfacet
  facet normal -0 0 1
    outer loop
      vertex 29.1211 -1.81432 4.6
      vertex 29.3175 -1.85281 4.6
      vertex 29.255 -0.91153 4.6
    endloop
  endfacet
  facet normal 0 0 1
    outer loop
      vertex 29.3175 -1.85281 4.6
      vertex 29.1211 -1.81432 4.6
      vertex 29.3174 -1.85378 4.6
    endloop
  endfacet
  facet normal 0 0 1
    outer loop
      vertex 29.1211 -1.81432 4.6
      vertex 29.091 -2.7572 4.6
      vertex 29.3174 -1.85378 4.6
    endloop
  endfacet
  facet normal -0 0 1
    outer loop
      vertex 28.8993 -2.69946 4.6
      vertex 29.091 -2.7572 4.6
      vertex 29.1211 -1.81432 4.6
    endloop
  endfacet
  facet normal 0 0 1
    outer loop
      vertex 29.091 -2.7572 4.6
      vertex 28.8993 -2.69946 4.6
      vertex 29.0908 -2.75815 4.6
    endloop
  endfacet
  facet normal 0 0 1
    outer loop
      vertex 28.8993 -2.69946 4.6
      vertex 28.777 -3.63506 4.6
      vertex 29.0908 -2.75815 4.6
    endloop
  endfacet
  facet normal -0 0 1
    outer loop
      vertex 28.5919 -3.55879 4.6
      vertex 28.777 -3.63506 4.6
      vertex 28.8993 -2.69946 4.6
    endloop
  endfacet
  facet normal 0 0 1
    outer loop
      vertex 28.777 -3.63506 4.6
      vertex 28.5919 -3.55879 4.6
      vertex 28.7766 -3.63596 4.6
    endloop
  endfacet
  facet normal 0 0 1
    outer loop
      vertex 28.5919 -3.55879 4.6
      vertex 28.3785 -4.47778 4.6
      vertex 28.7766 -3.63596 4.6
    endloop
  endfacet
  facet normal -0 0 1
    outer loop
      vertex 28.2016 -4.384 4.6
      vertex 28.3785 -4.47778 4.6
      vertex 28.5919 -3.55879 4.6
    endloop
  endfacet
  facet normal 0 0 1
    outer loop
      vertex 28.3785 -4.47778 4.6
      vertex 28.2016 -4.384 4.6
      vertex 28.378 -4.47865 4.6
    endloop
  endfacet
  facet normal 0 0 1
    outer loop
      vertex 28.2016 -4.384 4.6
      vertex 27.8992 -5.27754 4.6
      vertex 28.378 -4.47865 4.6
    endloop
  endfacet
  facet normal -0 0 1
    outer loop
      vertex 27.7325 -5.16655 4.6
      vertex 27.8992 -5.27754 4.6
      vertex 28.2016 -4.384 4.6
    endloop
  endfacet
  facet normal 0 0 1
    outer loop
      vertex 27.8992 -5.27754 4.6
      vertex 27.7325 -5.16655 4.6
      vertex 27.8986 -5.27835 4.6
    endloop
  endfacet
  facet normal 0 0 1
    outer loop
      vertex 27.7325 -5.16655 4.6
      vertex 27.344 -6.02623 4.6
      vertex 27.8986 -5.27835 4.6
    endloop
  endfacet
  facet normal -0 0 1
    outer loop
      vertex 27.1888 -5.89972 4.6
      vertex 27.344 -6.02623 4.6
      vertex 27.7325 -5.16655 4.6
    endloop
  endfacet
  facet normal 0 0 1
    outer loop
      vertex 27.344 -6.02623 4.6
      vertex 27.1888 -5.89972 4.6
      vertex 27.3434 -6.02699 4.6
    endloop
  endfacet
  facet normal 0 0 1
    outer loop
      vertex 27.1888 -5.89972 4.6
      vertex 26.7178 -6.71715 4.6
      vertex 27.3434 -6.02699 4.6
    endloop
  endfacet
  facet normal -0 0 1
    outer loop
      vertex 26.5759 -6.57593 4.6
      vertex 26.7178 -6.71715 4.6
      vertex 27.1888 -5.89972 4.6
    endloop
  endfacet
  facet normal 0 0 1
    outer loop
      vertex 26.7178 -6.71715 4.6
      vertex 26.5759 -6.57593 4.6
      vertex 26.7171 -6.71785 4.6
    endloop
  endfacet
  facet normal 0 0 1
    outer loop
      vertex 26.5759 -6.57593 4.6
      vertex 26.027 -7.34337 4.6
      vertex 26.7171 -6.71785 4.6
    endloop
  endfacet
  facet normal -0 0 1
    outer loop
      vertex 25.8997 -7.1888 4.6
      vertex 26.027 -7.34337 4.6
      vertex 26.5759 -6.57593 4.6
    endloop
  endfacet
  facet normal 0 0 1
    outer loop
      vertex 26.027 -7.34337 4.6
      vertex 25.8997 -7.1888 4.6
      vertex 26.0262 -7.34398 4.6
    endloop
  endfacet
  facet normal 0 0 1
    outer loop
      vertex 25.8997 -7.1888 4.6
      vertex 25.2784 -7.89864 4.6
      vertex 26.0262 -7.34398 4.6
    endloop
  endfacet
  facet normal -0 0 1
    outer loop
      vertex 25.1665 -7.73254 4.6
      vertex 25.2784 -7.89864 4.6
      vertex 25.8997 -7.1888 4.6
    endloop
  endfacet
  facet normal 0 0 1
    outer loop
      vertex 25.2784 -7.89864 4.6
      vertex 25.1665 -7.73254 4.6
      vertex 25.2775 -7.89919 4.6
    endloop
  endfacet
  facet normal 0 0 1
    outer loop
      vertex 25.1665 -7.73254 4.6
      vertex 24.4787 -8.37802 4.6
      vertex 25.2775 -7.89919 4.6
    endloop
  endfacet
  facet normal -0 0 1
    outer loop
      vertex 24.384 -8.20158 4.6
      vertex 24.4787 -8.37802 4.6
      vertex 25.1665 -7.73254 4.6
    endloop
  endfacet
  facet normal 0 0 1
    outer loop
      vertex 24.4787 -8.37802 4.6
      vertex 24.384 -8.20158 4.6
      vertex 24.4778 -8.37848 4.6
    endloop
  endfacet
  facet normal 0 0 1
    outer loop
      vertex 24.384 -8.20158 4.6
      vertex 23.636 -8.77663 4.6
      vertex 24.4778 -8.37848 4.6
    endloop
  endfacet
  facet normal -0 0 1
    outer loop
      vertex 23.5588 -8.59187 4.6
      vertex 23.636 -8.77663 4.6
      vertex 24.384 -8.20158 4.6
    endloop
  endfacet
  facet normal 0 0 1
    outer loop
      vertex 23.636 -8.77663 4.6
      vertex 23.5588 -8.59187 4.6
      vertex 23.6351 -8.77701 4.6
    endloop
  endfacet
  facet normal 0 0 1
    outer loop
      vertex 23.5588 -8.59187 4.6
      vertex 22.7581 -9.09076 4.6
      vertex 23.6351 -8.77701 4.6
    endloop
  endfacet
  facet normal -0 0 1
    outer loop
      vertex 22.6995 -8.89934 4.6
      vertex 22.7581 -9.09076 4.6
      vertex 23.5588 -8.59187 4.6
    endloop
  endfacet
  facet normal 0 0 1
    outer loop
      vertex 22.7581 -9.09076 4.6
      vertex 22.6995 -8.89934 4.6
      vertex 22.7572 -9.09105 4.6
    endloop
  endfacet
  facet normal 0 0 1
    outer loop
      vertex 22.6995 -8.89934 4.6
      vertex 21.8538 -9.31735 4.6
      vertex 22.7572 -9.09105 4.6
    endloop
  endfacet
  facet normal -0 0 1
    outer loop
      vertex 21.8143 -9.12106 4.6
      vertex 21.8538 -9.31735 4.6
      vertex 22.6995 -8.89934 4.6
    endloop
  endfacet
  facet normal 0 0 1
    outer loop
      vertex 21.8538 -9.31735 4.6
      vertex 21.8143 -9.12106 4.6
      vertex 21.8528 -9.31754 4.6
    endloop
  endfacet
  facet normal 0 0 1
    outer loop
      vertex 21.8143 -9.12106 4.6
      vertex 20.9318 -9.45416 4.6
      vertex 21.8528 -9.31754 4.6
    endloop
  endfacet
  facet normal -0 0 1
    outer loop
      vertex 20.9115 -9.25497 4.6
      vertex 20.9318 -9.45416 4.6
      vertex 21.8143 -9.12106 4.6
    endloop
  endfacet
  facet normal 0 0 1
    outer loop
      vertex 20.9318 -9.45416 4.6
      vertex 20.9115 -9.25497 4.6
      vertex 20.9308 -9.45427 4.6
    endloop
  endfacet
  facet normal 0 0 1
    outer loop
      vertex 20.9115 -9.25497 4.6
      vertex 20.0005 -9.49997 4.6
      vertex 20.9308 -9.45427 4.6
    endloop
  endfacet
  facet normal -0 0 1
    outer loop
      vertex 20 -9.29976 4.6
      vertex 20.0005 -9.49997 4.6
      vertex 20.9115 -9.25497 4.6
    endloop
  endfacet
  facet normal 0 0 1
    outer loop
      vertex 20 -9.29976 4.6
      vertex 19.9995 -9.49997 4.6
      vertex 20.0005 -9.49997 4.6
    endloop
  endfacet
  facet normal 0 0 1
    outer loop
      vertex 19.0885 -9.25497 4.6
      vertex 19.9995 -9.49997 4.6
      vertex 20 -9.29976 4.6
    endloop
  endfacet
  facet normal 0 0 1
    outer loop
      vertex 19.0885 -9.25497 4.6
      vertex 19.0692 -9.45427 4.6
      vertex 19.9995 -9.49997 4.6
    endloop
  endfacet
  facet normal 0 0 1
    outer loop
      vertex 19.0885 -9.25497 4.6
      vertex 19.0682 -9.45416 4.6
      vertex 19.0692 -9.45427 4.6
    endloop
  endfacet
  facet normal 0 0 1
    outer loop
      vertex 18.1857 -9.12106 4.6
      vertex 19.0682 -9.45416 4.6
      vertex 19.0885 -9.25497 4.6
    endloop
  endfacet
  facet normal 0 0 1
    outer loop
      vertex 18.1857 -9.12106 4.6
      vertex 18.1472 -9.31754 4.6
      vertex 19.0682 -9.45416 4.6
    endloop
  endfacet
  facet normal 0 0 1
    outer loop
      vertex 18.1857 -9.12106 4.6
      vertex 18.1462 -9.31735 4.6
      vertex 18.1472 -9.31754 4.6
    endloop
  endfacet
  facet normal 0 0 1
    outer loop
      vertex 17.3005 -8.89934 4.6
      vertex 18.1462 -9.31735 4.6
      vertex 18.1857 -9.12106 4.6
    endloop
  endfacet
  facet normal 0 0 1
    outer loop
      vertex 17.3005 -8.89934 4.6
      vertex 17.2428 -9.09105 4.6
      vertex 18.1462 -9.31735 4.6
    endloop
  endfacet
  facet normal 0 0 1
    outer loop
      vertex 17.3005 -8.89934 4.6
      vertex 17.2418 -9.09076 4.6
      vertex 17.2428 -9.09105 4.6
    endloop
  endfacet
  facet normal 0 0 1
    outer loop
      vertex 16.4412 -8.59187 4.6
      vertex 17.2418 -9.09076 4.6
      vertex 17.3005 -8.89934 4.6
    endloop
  endfacet
  facet normal 0 0 1
    outer loop
      vertex 16.4412 -8.59187 4.6
      vertex 16.3649 -8.77701 4.6
      vertex 17.2418 -9.09076 4.6
    endloop
  endfacet
  facet normal 0 0 1
    outer loop
      vertex 16.4412 -8.59187 4.6
      vertex 16.364 -8.77663 4.6
      vertex 16.3649 -8.77701 4.6
    endloop
  endfacet
  facet normal 0 0 1
    outer loop
      vertex 15.616 -8.20158 4.6
      vertex 16.364 -8.77663 4.6
      vertex 16.4412 -8.59187 4.6
    endloop
  endfacet
  facet normal 0 0 1
    outer loop
      vertex 15.616 -8.20158 4.6
      vertex 15.5222 -8.37848 4.6
      vertex 16.364 -8.77663 4.6
    endloop
  endfacet
  facet normal 0 0 1
    outer loop
      vertex 15.616 -8.20158 4.6
      vertex 15.5213 -8.37802 4.6
      vertex 15.5222 -8.37848 4.6
    endloop
  endfacet
  facet normal 0 0 1
    outer loop
      vertex 14.8334 -7.73254 4.6
      vertex 15.5213 -8.37802 4.6
      vertex 15.616 -8.20158 4.6
    endloop
  endfacet
  facet normal 0 0 1
    outer loop
      vertex 14.8334 -7.73254 4.6
      vertex 14.7224 -7.89919 4.6
      vertex 15.5213 -8.37802 4.6
    endloop
  endfacet
  facet normal 0 0 1
    outer loop
      vertex 14.8334 -7.73254 4.6
      vertex 14.7216 -7.89864 4.6
      vertex 14.7224 -7.89919 4.6
    endloop
  endfacet
  facet normal 0 0 1
    outer loop
      vertex 14.1003 -7.1888 4.6
      vertex 14.7216 -7.89864 4.6
      vertex 14.8334 -7.73254 4.6
    endloop
  endfacet
  facet normal 0 0 1
    outer loop
      vertex 14.1003 -7.1888 4.6
      vertex 13.9737 -7.34398 4.6
      vertex 14.7216 -7.89864 4.6
    endloop
  endfacet
  facet normal 0 0 1
    outer loop
      vertex 14.1003 -7.1888 4.6
      vertex 13.973 -7.34337 4.6
      vertex 13.9737 -7.34398 4.6
    endloop
  endfacet
  facet normal -0 0 1
    outer loop
      vertex 13.3482 -6.77711 4.6
      vertex 14.1003 -7.1888 4.6
      vertex 13.4771 -6.62398 4.6
    endloop
  endfacet
  facet normal 0 0 1
    outer loop
      vertex 14.1003 -7.1888 4.6
      vertex 13.3482 -6.77711 4.6
      vertex 13.973 -7.34337 4.6
    endloop
  endfacet
  facet normal -0 0 1
    outer loop
      vertex 13.0003 -6.50557 4.6
      vertex 13.4771 -6.62398 4.6
      vertex 13.1136 -6.34035 4.6
    endloop
  endfacet
  facet normal 0 0 1
    outer loop
      vertex 13.4771 -6.62398 4.6
      vertex 13.0003 -6.50557 4.6
      vertex 13.3482 -6.77711 4.6
    endloop
  endfacet
  facet normal 0 0 1
    outer loop
      vertex 12.8421 -6.17758 4.6
      vertex 13.0003 -6.50557 4.6
      vertex 13.1136 -6.34035 4.6
    endloop
  endfacet
  facet normal 0 0 1
    outer loop
      vertex 12.8421 -6.17758 4.6
      vertex 12.7477 -6.35419 4.6
      vertex 13.0003 -6.50557 4.6
    endloop
  endfacet
  facet normal 0 0 1
    outer loop
      vertex 12.5583 -6.0434 4.6
      vertex 12.7477 -6.35419 4.6
      vertex 12.8421 -6.17758 4.6
    endloop
  endfacet
  facet normal 0 0 1
    outer loop
      vertex 12.5583 -6.0434 4.6
      vertex 12.4817 -6.22839 4.6
      vertex 12.7477 -6.35419 4.6
    endloop
  endfacet
  facet normal 0 0 1
    outer loop
      vertex 12.2626 -5.93758 4.6
      vertex 12.4817 -6.22839 4.6
      vertex 12.5583 -6.0434 4.6
    endloop
  endfacet
  facet normal 0 0 1
    outer loop
      vertex 12.2626 -5.93758 4.6
      vertex 12.2044 -6.1292 4.6
      vertex 12.4817 -6.22839 4.6
    endloop
  endfacet
  facet normal 0 0 1
    outer loop
      vertex 11.9578 -5.86124 4.6
      vertex 12.2044 -6.1292 4.6
      vertex 12.2626 -5.93758 4.6
    endloop
  endfacet
  facet normal 0 0 1
    outer loop
      vertex 11.9578 -5.86124 4.6
      vertex 11.9188 -6.05763 4.6
      vertex 12.2044 -6.1292 4.6
    endloop
  endfacet
  facet normal 0 0 1
    outer loop
      vertex 11.6474 -5.81519 4.6
      vertex 11.9188 -6.05763 4.6
      vertex 11.9578 -5.86124 4.6
    endloop
  endfacet
  facet normal 0 0 1
    outer loop
      vertex 11.6474 -5.81519 4.6
      vertex 11.6277 -6.01447 4.6
      vertex 11.9188 -6.05763 4.6
    endloop
  endfacet
  facet normal 0 0 1
    outer loop
      vertex 11.3382 -5.8 4.6
      vertex 11.6277 -6.01447 4.6
      vertex 11.6474 -5.81519 4.6
    endloop
  endfacet
  facet normal 0 0 1
    outer loop
      vertex 11.3382 -5.8 4.6
      vertex 11.3333 -6 4.6
      vertex 11.6277 -6.01447 4.6
    endloop
  endfacet
  facet normal 0 0 1
    outer loop
      vertex 11.3382 -5.8 4.6
      vertex 8.66656 -6 4.6
      vertex 11.3333 -6 4.6
    endloop
  endfacet
  facet normal -0 0 1
    outer loop
      vertex 8.65919 -5.8 4.6
      vertex 8.66656 -6 4.6
      vertex 11.3382 -5.8 4.6
    endloop
  endfacet
  facet normal 0 0 1
    outer loop
      vertex 8.65919 -5.8 4.6
      vertex 8.22623 -6.03247 4.6
      vertex 8.66656 -6 4.6
    endloop
  endfacet
  facet normal -0 0 1
    outer loop
      vertex 8.19925 -5.83392 4.6
      vertex 8.22623 -6.03247 4.6
      vertex 8.65919 -5.8 4.6
    endloop
  endfacet
  facet normal -0 0 1
    outer loop
      vertex 7.88879 -5.89569 4.6
      vertex 8.22623 -6.03247 4.6
      vertex 8.19925 -5.83392 4.6
    endloop
  endfacet
  facet normal 0 0 1
    outer loop
      vertex 8.22623 -6.03247 4.6
      vertex 7.88879 -5.89569 4.6
      vertex 7.93744 -6.08994 4.6
    endloop
  endfacet
  facet normal 0 0 1
    outer loop
      vertex 7.88879 -5.89569 4.6
      vertex 7.65573 -6.17535 4.6
      vertex 7.93744 -6.08994 4.6
    endloop
  endfacet
  facet normal -0 0 1
    outer loop
      vertex 7.58827 -5.98682 4.6
      vertex 7.65573 -6.17535 4.6
      vertex 7.88879 -5.89569 4.6
    endloop
  endfacet
  facet normal 0 0 1
    outer loop
      vertex 7.58827 -5.98682 4.6
      vertex 7.38382 -6.28799 4.6
      vertex 7.65573 -6.17535 4.6
    endloop
  endfacet
  facet normal -0 0 1
    outer loop
      vertex 7.2982 -6.10698 4.6
      vertex 7.38382 -6.28799 4.6
      vertex 7.58827 -5.98682 4.6
    endloop
  endfacet
  facet normal 0 0 1
    outer loop
      vertex 7.2982 -6.10698 4.6
      vertex 7.12413 -6.4268 4.6
      vertex 7.38382 -6.28799 4.6
    endloop
  endfacet
  facet normal -0 0 1
    outer loop
      vertex 7.02118 -6.25505 4.6
      vertex 7.12413 -6.4268 4.6
      vertex 7.2982 -6.10698 4.6
    endloop
  endfacet
  facet normal 0 0 1
    outer loop
      vertex 7.02118 -6.25505 4.6
      vertex 6.87939 -6.59033 4.6
      vertex 7.12413 -6.4268 4.6
    endloop
  endfacet
  facet normal -0 0 1
    outer loop
      vertex 6.76012 -6.42949 4.6
      vertex 6.87939 -6.59033 4.6
      vertex 7.02118 -6.25505 4.6
    endloop
  endfacet
  facet normal 0 0 1
    outer loop
      vertex 6.52103 -6.6257 4.6
      vertex 6.87939 -6.59033 4.6
      vertex 6.76012 -6.42949 4.6
    endloop
  endfacet
  facet normal 0 0 1
    outer loop
      vertex 6.87939 -6.59033 4.6
      vertex 6.52103 -6.6257 4.6
      vertex 6.6517 -6.77719 4.6
    endloop
  endfacet
  facet normal 0 0 1
    outer loop
      vertex 5.89973 -7.1888 4.6
      vertex 6.6517 -6.77719 4.6
      vertex 6.52103 -6.6257 4.6
    endloop
  endfacet
  facet normal 0 0 1
    outer loop
      vertex 6.6517 -6.77719 4.6
      vertex 5.89973 -7.1888 4.6
      vertex 6.02701 -7.34337 4.6
    endloop
  endfacet
  facet normal 0 0 1
    outer loop
      vertex 6.02701 -7.34337 4.6
      vertex 5.89973 -7.1888 4.6
      vertex 6.02625 -7.34398 4.6
    endloop
  endfacet
  facet normal 0 0 1
    outer loop
      vertex 5.89973 -7.1888 4.6
      vertex 5.27835 -7.89864 4.6
      vertex 6.02625 -7.34398 4.6
    endloop
  endfacet
  facet normal -0 0 1
    outer loop
      vertex 5.16655 -7.73254 4.6
      vertex 5.27835 -7.89864 4.6
      vertex 5.89973 -7.1888 4.6
    endloop
  endfacet
  facet normal 0 0 1
    outer loop
      vertex 5.27835 -7.89864 4.6
      vertex 5.16655 -7.73254 4.6
      vertex 5.27754 -7.89919 4.6
    endloop
  endfacet
  facet normal 0 0 1
    outer loop
      vertex 5.16655 -7.73254 4.6
      vertex 4.47865 -8.37802 4.6
      vertex 5.27754 -7.89919 4.6
    endloop
  endfacet
  facet normal -0 0 1
    outer loop
      vertex 4.384 -8.20158 4.6
      vertex 4.47865 -8.37802 4.6
      vertex 5.16655 -7.73254 4.6
    endloop
  endfacet
  facet normal 0 0 1
    outer loop
      vertex 4.47865 -8.37802 4.6
      vertex 4.384 -8.20158 4.6
      vertex 4.47778 -8.37848 4.6
    endloop
  endfacet
  facet normal 0 0 1
    outer loop
      vertex 4.384 -8.20158 4.6
      vertex 3.63596 -8.77663 4.6
      vertex 4.47778 -8.37848 4.6
    endloop
  endfacet
  facet normal -0 0 1
    outer loop
      vertex 3.55879 -8.59187 4.6
      vertex 3.63596 -8.77663 4.6
      vertex 4.384 -8.20158 4.6
    endloop
  endfacet
  facet normal 0 0 1
    outer loop
      vertex 3.63596 -8.77663 4.6
      vertex 3.55879 -8.59187 4.6
      vertex 3.63506 -8.77701 4.6
    endloop
  endfacet
  facet normal 0 0 1
    outer loop
      vertex 3.55879 -8.59187 4.6
      vertex 2.75815 -9.09076 4.6
      vertex 3.63506 -8.77701 4.6
    endloop
  endfacet
  facet normal -0 0 1
    outer loop
      vertex 2.69946 -8.89934 4.6
      vertex 2.75815 -9.09076 4.6
      vertex 3.55879 -8.59187 4.6
    endloop
  endfacet
  facet normal 0 0 1
    outer loop
      vertex 2.75815 -9.09076 4.6
      vertex 2.69946 -8.89934 4.6
      vertex 2.7572 -9.09105 4.6
    endloop
  endfacet
  facet normal 0 0 1
    outer loop
      vertex 2.69946 -8.89934 4.6
      vertex 1.85378 -9.31735 4.6
      vertex 2.7572 -9.09105 4.6
    endloop
  endfacet
  facet normal -0 0 1
    outer loop
      vertex 1.81432 -9.12106 4.6
      vertex 1.85378 -9.31735 4.6
      vertex 2.69946 -8.89934 4.6
    endloop
  endfacet
  facet normal 0 0 1
    outer loop
      vertex 1.85378 -9.31735 4.6
      vertex 1.81432 -9.12106 4.6
      vertex 1.85281 -9.31754 4.6
    endloop
  endfacet
  facet normal 0 0 1
    outer loop
      vertex 1.81432 -9.12106 4.6
      vertex 0.931763 -9.45416 4.6
      vertex 1.85281 -9.31754 4.6
    endloop
  endfacet
  facet normal -0 0 1
    outer loop
      vertex 0.91153 -9.25497 4.6
      vertex 0.931763 -9.45416 4.6
      vertex 1.81432 -9.12106 4.6
    endloop
  endfacet
  facet normal 0 0 1
    outer loop
      vertex 0.931763 -9.45416 4.6
      vertex 0.91153 -9.25497 4.6
      vertex 0.930786 -9.45427 4.6
    endloop
  endfacet
  facet normal 0 0 1
    outer loop
      vertex 0.91153 -9.25497 4.6
      vertex 0.000488281 -9.49997 4.6
      vertex 0.930786 -9.45427 4.6
    endloop
  endfacet
  facet normal -0 0 1
    outer loop
      vertex 0 -9.29976 4.6
      vertex 0.000488281 -9.49997 4.6
      vertex 0.91153 -9.25497 4.6
    endloop
  endfacet
  facet normal 0 0 1
    outer loop
      vertex 0 -9.29976 4.6
      vertex -0.000488281 -9.49997 4.6
      vertex 0.000488281 -9.49997 4.6
    endloop
  endfacet
  facet normal 0 0 1
    outer loop
      vertex -0.91153 -9.25497 4.6
      vertex -0.000488281 -9.49997 4.6
      vertex 0 -9.29976 4.6
    endloop
  endfacet
  facet normal 0 0 1
    outer loop
      vertex -0.91153 -9.25497 4.6
      vertex -0.930786 -9.45427 4.6
      vertex -0.000488281 -9.49997 4.6
    endloop
  endfacet
  facet normal 0 0 1
    outer loop
      vertex -0.91153 -9.25497 4.6
      vertex -0.931763 -9.45416 4.6
      vertex -0.930786 -9.45427 4.6
    endloop
  endfacet
  facet normal 0 0 1
    outer loop
      vertex -1.81432 -9.12106 4.6
      vertex -0.931763 -9.45416 4.6
      vertex -0.91153 -9.25497 4.6
    endloop
  endfacet
  facet normal 0 0 1
    outer loop
      vertex -1.81432 -9.12106 4.6
      vertex -1.85281 -9.31754 4.6
      vertex -0.931763 -9.45416 4.6
    endloop
  endfacet
  facet normal 0 0 1
    outer loop
      vertex -1.81432 -9.12106 4.6
      vertex -1.85378 -9.31735 4.6
      vertex -1.85281 -9.31754 4.6
    endloop
  endfacet
  facet normal 0 0 1
    outer loop
      vertex -2.69946 -8.89934 4.6
      vertex -1.85378 -9.31735 4.6
      vertex -1.81432 -9.12106 4.6
    endloop
  endfacet
  facet normal 0 0 1
    outer loop
      vertex -2.69946 -8.89934 4.6
      vertex -2.7572 -9.09105 4.6
      vertex -1.85378 -9.31735 4.6
    endloop
  endfacet
  facet normal 0 0 1
    outer loop
      vertex -2.69946 -8.89934 4.6
      vertex -2.75815 -9.09076 4.6
      vertex -2.7572 -9.09105 4.6
    endloop
  endfacet
  facet normal 0 0 1
    outer loop
      vertex -3.55879 -8.59187 4.6
      vertex -2.75815 -9.09076 4.6
      vertex -2.69946 -8.89934 4.6
    endloop
  endfacet
  facet normal 0 0 1
    outer loop
      vertex -3.55879 -8.59187 4.6
      vertex -3.63506 -8.77701 4.6
      vertex -2.75815 -9.09076 4.6
    endloop
  endfacet
  facet normal 0 0 1
    outer loop
      vertex -3.55879 -8.59187 4.6
      vertex -3.63596 -8.77663 4.6
      vertex -3.63506 -8.77701 4.6
    endloop
  endfacet
  facet normal 0 0 1
    outer loop
      vertex -4.384 -8.20158 4.6
      vertex -3.63596 -8.77663 4.6
      vertex -3.55879 -8.59187 4.6
    endloop
  endfacet
  facet normal 0 0 1
    outer loop
      vertex -4.384 -8.20158 4.6
      vertex -4.47778 -8.37848 4.6
      vertex -3.63596 -8.77663 4.6
    endloop
  endfacet
  facet normal 0 0 1
    outer loop
      vertex -4.384 -8.20158 4.6
      vertex -4.47865 -8.37802 4.6
      vertex -4.47778 -8.37848 4.6
    endloop
  endfacet
  facet normal 0 0 1
    outer loop
      vertex -5.16655 -7.73254 4.6
      vertex -4.47865 -8.37802 4.6
      vertex -4.384 -8.20158 4.6
    endloop
  endfacet
  facet normal 0 0 1
    outer loop
      vertex -5.16655 -7.73254 4.6
      vertex -5.27754 -7.89919 4.6
      vertex -4.47865 -8.37802 4.6
    endloop
  endfacet
  facet normal 0 0 1
    outer loop
      vertex -5.16655 -7.73254 4.6
      vertex -5.27835 -7.89864 4.6
      vertex -5.27754 -7.89919 4.6
    endloop
  endfacet
  facet normal 0 0 1
    outer loop
      vertex -5.89972 -7.1888 4.6
      vertex -5.27835 -7.89864 4.6
      vertex -5.16655 -7.73254 4.6
    endloop
  endfacet
  facet normal 0 0 1
    outer loop
      vertex -5.89972 -7.1888 4.6
      vertex -6.02623 -7.34398 4.6
      vertex -5.27835 -7.89864 4.6
    endloop
  endfacet
  facet normal 0 0 1
    outer loop
      vertex -5.89972 -7.1888 4.6
      vertex -6.02699 -7.34337 4.6
      vertex -6.02623 -7.34398 4.6
    endloop
  endfacet
  facet normal 0 0 1
    outer loop
      vertex -6.57593 -6.57593 4.6
      vertex -6.02699 -7.34337 4.6
      vertex -5.89972 -7.1888 4.6
    endloop
  endfacet
  facet normal 0 0 1
    outer loop
      vertex -6.57593 -6.57593 4.6
      vertex -6.71715 -6.71785 4.6
      vertex -6.02699 -7.34337 4.6
    endloop
  endfacet
  facet normal 0 0 1
    outer loop
      vertex -6.57593 -6.57593 4.6
      vertex -6.71785 -6.71715 4.6
      vertex -6.71715 -6.71785 4.6
    endloop
  endfacet
  facet normal 0 0 1
    outer loop
      vertex -7.1888 -5.89972 4.6
      vertex -6.71785 -6.71715 4.6
      vertex -6.57593 -6.57593 4.6
    endloop
  endfacet
  facet normal 0 0 1
    outer loop
      vertex -7.1888 -5.89972 4.6
      vertex -7.34337 -6.02699 4.6
      vertex -6.71785 -6.71715 4.6
    endloop
  endfacet
  facet normal 0 0 1
    outer loop
      vertex -7.1888 -5.89972 4.6
      vertex -7.34398 -6.02623 4.6
      vertex -7.34337 -6.02699 4.6
    endloop
  endfacet
  facet normal 0 0 1
    outer loop
      vertex -7.73254 -5.16655 4.6
      vertex -7.34398 -6.02623 4.6
      vertex -7.1888 -5.89972 4.6
    endloop
  endfacet
  facet normal 0 0 1
    outer loop
      vertex -7.73254 -5.16655 4.6
      vertex -7.89864 -5.27835 4.6
      vertex -7.34398 -6.02623 4.6
    endloop
  endfacet
  facet normal 0 0 1
    outer loop
      vertex -7.73254 -5.16655 4.6
      vertex -7.89919 -5.27754 4.6
      vertex -7.89864 -5.27835 4.6
    endloop
  endfacet
  facet normal 0 0 1
    outer loop
      vertex -8.20158 -4.384 4.6
      vertex -7.89919 -5.27754 4.6
      vertex -7.73254 -5.16655 4.6
    endloop
  endfacet
  facet normal 0 0 1
    outer loop
      vertex -8.20158 -4.384 4.6
      vertex -8.37802 -4.47865 4.6
      vertex -7.89919 -5.27754 4.6
    endloop
  endfacet
  facet normal 0 0 1
    outer loop
      vertex -8.20158 -4.384 4.6
      vertex -8.37848 -4.47778 4.6
      vertex -8.37802 -4.47865 4.6
    endloop
  endfacet
  facet normal 0 0 1
    outer loop
      vertex -8.59187 -3.55879 4.6
      vertex -8.37848 -4.47778 4.6
      vertex -8.20158 -4.384 4.6
    endloop
  endfacet
  facet normal 0 0 1
    outer loop
      vertex -8.59187 -3.55879 4.6
      vertex -8.77663 -3.63596 4.6
      vertex -8.37848 -4.47778 4.6
    endloop
  endfacet
  facet normal 0 0 1
    outer loop
      vertex -8.59187 -3.55879 4.6
      vertex -8.77701 -3.63506 4.6
      vertex -8.77663 -3.63596 4.6
    endloop
  endfacet
  facet normal 0 0 1
    outer loop
      vertex -8.89934 -2.69946 4.6
      vertex -8.77701 -3.63506 4.6
      vertex -8.59187 -3.55879 4.6
    endloop
  endfacet
  facet normal 0 0 1
    outer loop
      vertex -8.89934 -2.69946 4.6
      vertex -9.09076 -2.75815 4.6
      vertex -8.77701 -3.63506 4.6
    endloop
  endfacet
  facet normal 0 0 1
    outer loop
      vertex -8.89934 -2.69946 4.6
      vertex -9.09105 -2.7572 4.6
      vertex -9.09076 -2.75815 4.6
    endloop
  endfacet
  facet normal 0 0 1
    outer loop
      vertex -9.12106 -1.81432 4.6
      vertex -9.09105 -2.7572 4.6
      vertex -8.89934 -2.69946 4.6
    endloop
  endfacet
  facet normal 0 0 1
    outer loop
      vertex -9.31754 -1.85281 4.6
      vertex -9.12106 -1.81432 4.6
      vertex -9.25497 -0.91153 4.6
    endloop
  endfacet
  facet normal 0 0 1
    outer loop
      vertex -9.12106 -1.81432 4.6
      vertex -9.31735 -1.85378 4.6
      vertex -9.09105 -2.7572 4.6
    endloop
  endfacet
  facet normal 0 0 1
    outer loop
      vertex -9.45427 -0.930786 4.6
      vertex -9.25497 -0.91153 4.6
      vertex -9.29976 0 4.6
    endloop
  endfacet
  facet normal -0 0 1
    outer loop
      vertex -9.45416 0.931763 4.6
      vertex -9.25497 0.91153 4.6
      vertex -9.31754 1.85281 4.6
    endloop
  endfacet
  facet normal -0 0 1
    outer loop
      vertex -9.45427 0.930786 4.6
      vertex -9.25497 0.91153 4.6
      vertex -9.45416 0.931763 4.6
    endloop
  endfacet
  facet normal 0 0 1
    outer loop
      vertex -9.12106 -1.81432 4.6
      vertex -9.31754 -1.85281 4.6
      vertex -9.31735 -1.85378 4.6
    endloop
  endfacet
  facet normal 0 0 1
    outer loop
      vertex -9.25497 0.91153 4.6
      vertex -9.45427 0.930786 4.6
      vertex -9.29976 0 4.6
    endloop
  endfacet
  facet normal 0 0 1
    outer loop
      vertex -9.25497 -0.91153 4.6
      vertex -9.45416 -0.931763 4.6
      vertex -9.31754 -1.85281 4.6
    endloop
  endfacet
  facet normal 0 0 1
    outer loop
      vertex -9.29976 0 4.6
      vertex -9.45427 0.930786 4.6
      vertex -9.49997 0.000488281 4.6
    endloop
  endfacet
  facet normal 0 0 1
    outer loop
      vertex -9.49997 -0.000488281 4.6
      vertex -9.29976 0 4.6
      vertex -9.49997 0.000488281 4.6
    endloop
  endfacet
  facet normal 0 -0 1
    outer loop
      vertex -9.45427 -0.930786 4.6
      vertex -9.29976 0 4.6
      vertex -9.49997 -0.000488281 4.6
    endloop
  endfacet
  facet normal 0 0 1
    outer loop
      vertex -9.25497 -0.91153 4.6
      vertex -9.45427 -0.930786 4.6
      vertex -9.45416 -0.931763 4.6
    endloop
  endfacet
  facet normal 0.111883 -0.993721 0
    outer loop
      vertex 0.930786 -9.45427 0.4
      vertex 0.931763 -9.45416 4.6
      vertex 0.930786 -9.45427 4.6
    endloop
  endfacet
  facet normal 0.111883 -0.993721 0
    outer loop
      vertex 0.931763 -9.45416 4.6
      vertex 0.930786 -9.45427 0.4
      vertex 0.931763 -9.45416 0.4
    endloop
  endfacet
  facet normal 0.146726 -0.989177 0
    outer loop
      vertex 0.931763 -9.45416 0.4
      vertex 1.85281 -9.31754 4.6
      vertex 0.931763 -9.45416 4.6
    endloop
  endfacet
  facet normal 0.146726 -0.989177 0
    outer loop
      vertex 1.85281 -9.31754 4.6
      vertex 0.931763 -9.45416 0.4
      vertex 1.85281 -9.31754 0.4
    endloop
  endfacet
  facet normal 0.192223 -0.981351 0
    outer loop
      vertex 1.85281 -9.31754 0.4
      vertex 1.85378 -9.31735 4.6
      vertex 1.85281 -9.31754 4.6
    endloop
  endfacet
  facet normal 0.192223 -0.981351 0
    outer loop
      vertex 1.85378 -9.31735 4.6
      vertex 1.85281 -9.31754 0.4
      vertex 1.85378 -9.31735 0.4
    endloop
  endfacet
  facet normal 0.242985 -0.97003 0
    outer loop
      vertex 1.85378 -9.31735 0.4
      vertex 2.7572 -9.09105 4.6
      vertex 1.85378 -9.31735 4.6
    endloop
  endfacet
  facet normal 0.242985 -0.97003 0
    outer loop
      vertex 2.7572 -9.09105 4.6
      vertex 1.85378 -9.31735 0.4
      vertex 2.7572 -9.09105 0.4
    endloop
  endfacet
  facet normal 0.291963 -0.95643 0
    outer loop
      vertex 2.7572 -9.09105 0.4
      vertex 2.75815 -9.09076 4.6
      vertex 2.7572 -9.09105 4.6
    endloop
  endfacet
  facet normal 0.291963 -0.95643 0
    outer loop
      vertex 2.75815 -9.09076 4.6
      vertex 2.7572 -9.09105 0.4
      vertex 2.75815 -9.09076 0.4
    endloop
  endfacet
  facet normal 0.336877 -0.941549 0
    outer loop
      vertex 2.75815 -9.09076 0.4
      vertex 3.63506 -8.77701 4.6
      vertex 2.75815 -9.09076 4.6
    endloop
  endfacet
  facet normal 0.336877 -0.941549 0
    outer loop
      vertex 3.63506 -8.77701 4.6
      vertex 2.75815 -9.09076 0.4
      vertex 3.63506 -8.77701 0.4
    endloop
  endfacet
  facet normal 0.388972 -0.92125 0
    outer loop
      vertex 3.63506 -8.77701 0.4
      vertex 3.63596 -8.77663 4.6
      vertex 3.63506 -8.77701 4.6
    endloop
  endfacet
  facet normal 0.388972 -0.92125 0
    outer loop
      vertex 3.63596 -8.77663 4.6
      vertex 3.63506 -8.77701 0.4
      vertex 3.63596 -8.77663 0.4
    endloop
  endfacet
  facet normal 0.427554 -0.90399 0
    outer loop
      vertex 3.63596 -8.77663 0.4
      vertex 4.47778 -8.37848 4.6
      vertex 3.63596 -8.77663 4.6
    endloop
  endfacet
  facet normal 0.427554 -0.90399 0
    outer loop
      vertex 4.47778 -8.37848 4.6
      vertex 3.63596 -8.77663 0.4
      vertex 4.47778 -8.37848 0.4
    endloop
  endfacet
  facet normal 0.467421 -0.884035 0
    outer loop
      vertex 4.47778 -8.37848 0.4
      vertex 4.47865 -8.37802 4.6
      vertex 4.47778 -8.37848 4.6
    endloop
  endfacet
  facet normal 0.467421 -0.884035 0
    outer loop
      vertex 4.47865 -8.37802 4.6
      vertex 4.47778 -8.37848 0.4
      vertex 4.47865 -8.37802 0.4
    endloop
  endfacet
  facet normal 0.514098 -0.857732 0
    outer loop
      vertex 4.47865 -8.37802 0.4
      vertex 5.27754 -7.89919 4.6
      vertex 4.47865 -8.37802 4.6
    endloop
  endfacet
  facet normal 0.514098 -0.857732 0
    outer loop
      vertex 5.27754 -7.89919 4.6
      vertex 4.47865 -8.37802 0.4
      vertex 5.27754 -7.89919 0.4
    endloop
  endfacet
  facet normal 0.561751 -0.827306 0
    outer loop
      vertex 5.27754 -7.89919 0.4
      vertex 5.27835 -7.89864 4.6
      vertex 5.27754 -7.89919 4.6
    endloop
  endfacet
  facet normal 0.561751 -0.827306 0
    outer loop
      vertex 5.27835 -7.89864 4.6
      vertex 5.27754 -7.89919 0.4
      vertex 5.27835 -7.89864 0.4
    endloop
  endfacet
  facet normal 0.595685 -0.803218 0
    outer loop
      vertex 5.27835 -7.89864 0.4
      vertex 6.02625 -7.34398 4.6
      vertex 5.27835 -7.89864 4.6
    endloop
  endfacet
  facet normal 0.595685 -0.803218 0
    outer loop
      vertex 6.02625 -7.34398 4.6
      vertex 5.27835 -7.89864 0.4
      vertex 6.02625 -7.34398 0.4
    endloop
  endfacet
  facet normal 0.625946 -0.779867 0
    outer loop
      vertex 6.02625 -7.34398 0.4
      vertex 6.02701 -7.34337 4.6
      vertex 6.02625 -7.34398 4.6
    endloop
  endfacet
  facet normal 0.625946 -0.779867 0
    outer loop
      vertex 6.02701 -7.34337 4.6
      vertex 6.02625 -7.34398 0.4
      vertex 6.02701 -7.34337 0.4
    endloop
  endfacet
  facet normal 0.671555 -0.740955 0
    outer loop
      vertex 6.02701 -7.34337 0.4
      vertex 6.6517 -6.77719 4.6
      vertex 6.02701 -7.34337 4.6
    endloop
  endfacet
  facet normal 0.671555 -0.740955 0
    outer loop
      vertex 6.6517 -6.77719 4.6
      vertex 6.02701 -7.34337 0.4
      vertex 6.6517 -6.77719 0.4
    endloop
  endfacet
  facet normal 0.634393 -0.773011 0
    outer loop
      vertex 6.6517 -6.77719 0.4
      vertex 6.87939 -6.59033 4.6
      vertex 6.6517 -6.77719 4.6
    endloop
  endfacet
  facet normal 0.634393 -0.773011 0
    outer loop
      vertex 6.87939 -6.59033 4.6
      vertex 6.6517 -6.77719 0.4
      vertex 6.87939 -6.59033 0.4
    endloop
  endfacet
  facet normal 0.55557 -0.83147 0
    outer loop
      vertex 6.87939 -6.59033 0.4
      vertex 7.12413 -6.4268 4.6
      vertex 6.87939 -6.59033 4.6
    endloop
  endfacet
  facet normal 0.55557 -0.83147 0
    outer loop
      vertex 7.12413 -6.4268 4.6
      vertex 6.87939 -6.59033 0.4
      vertex 7.12413 -6.4268 0.4
    endloop
  endfacet
  facet normal 0.471404 -0.881917 0
    outer loop
      vertex 7.12413 -6.4268 0.4
      vertex 7.38382 -6.28799 4.6
      vertex 7.12413 -6.4268 4.6
    endloop
  endfacet
  facet normal 0.471404 -0.881917 0
    outer loop
      vertex 7.38382 -6.28799 4.6
      vertex 7.12413 -6.4268 0.4
      vertex 7.38382 -6.28799 0.4
    endloop
  endfacet
  facet normal 0.382716 -0.923866 0
    outer loop
      vertex 7.38382 -6.28799 0.4
      vertex 7.65573 -6.17535 4.6
      vertex 7.38382 -6.28799 4.6
    endloop
  endfacet
  facet normal 0.382716 -0.923866 0
    outer loop
      vertex 7.65573 -6.17535 4.6
      vertex 7.38382 -6.28799 0.4
      vertex 7.65573 -6.17535 0.4
    endloop
  endfacet
  facet normal 0.290142 -0.956984 0
    outer loop
      vertex 7.65573 -6.17535 0.4
      vertex 7.93744 -6.08994 4.6
      vertex 7.65573 -6.17535 4.6
    endloop
  endfacet
  facet normal 0.290142 -0.956984 0
    outer loop
      vertex 7.93744 -6.08994 4.6
      vertex 7.65573 -6.17535 0.4
      vertex 7.93744 -6.08994 0.4
    endloop
  endfacet
  facet normal 0.195176 -0.980768 0
    outer loop
      vertex 7.93744 -6.08994 0.4
      vertex 8.22623 -6.03247 4.6
      vertex 7.93744 -6.08994 4.6
    endloop
  endfacet
  facet normal 0.195176 -0.980768 0
    outer loop
      vertex 8.22623 -6.03247 4.6
      vertex 7.93744 -6.08994 0.4
      vertex 8.22623 -6.03247 0.4
    endloop
  endfacet
  facet normal 0.0735405 -0.997292 0
    outer loop
      vertex 8.22623 -6.03247 0.4
      vertex 8.66656 -6 4.6
      vertex 8.22623 -6.03247 4.6
    endloop
  endfacet
  facet normal 0.0735405 -0.997292 0
    outer loop
      vertex 8.66656 -6 4.6
      vertex 8.22623 -6.03247 0.4
      vertex 8.66656 -6 0.4
    endloop
  endfacet
  facet normal 0 -1 0
    outer loop
      vertex 8.66656 -6 0.4
      vertex 11.3333 -6 4.6
      vertex 8.66656 -6 4.6
    endloop
  endfacet
  facet normal 0 -1 -0
    outer loop
      vertex 11.3333 -6 4.6
      vertex 8.66656 -6 0.4
      vertex 11.3333 -6 0.4
    endloop
  endfacet
  facet normal -0.0490916 -0.998794 0
    outer loop
      vertex 11.3333 -6 0.4
      vertex 11.6277 -6.01447 4.6
      vertex 11.3333 -6 4.6
    endloop
  endfacet
  facet normal -0.0490916 -0.998794 -0
    outer loop
      vertex 11.6277 -6.01447 4.6
      vertex 11.3333 -6 0.4
      vertex 11.6277 -6.01447 0.4
    endloop
  endfacet
  facet normal -0.146662 -0.989187 0
    outer loop
      vertex 11.6277 -6.01447 0.4
      vertex 11.9188 -6.05763 4.6
      vertex 11.6277 -6.01447 4.6
    endloop
  endfacet
  facet normal -0.146662 -0.989187 -0
    outer loop
      vertex 11.9188 -6.05763 4.6
      vertex 11.6277 -6.01447 0.4
      vertex 11.9188 -6.05763 0.4
    endloop
  endfacet
  facet normal -0.243079 -0.970006 0
    outer loop
      vertex 11.9188 -6.05763 0.4
      vertex 12.2044 -6.1292 4.6
      vertex 11.9188 -6.05763 4.6
    endloop
  endfacet
  facet normal -0.243079 -0.970006 -0
    outer loop
      vertex 12.2044 -6.1292 4.6
      vertex 11.9188 -6.05763 0.4
      vertex 12.2044 -6.1292 0.4
    endloop
  endfacet
  facet normal -0.336801 -0.941576 0
    outer loop
      vertex 12.2044 -6.1292 0.4
      vertex 12.4817 -6.22839 4.6
      vertex 12.2044 -6.1292 4.6
    endloop
  endfacet
  facet normal -0.336801 -0.941576 -0
    outer loop
      vertex 12.4817 -6.22839 4.6
      vertex 12.2044 -6.1292 0.4
      vertex 12.4817 -6.22839 0.4
    endloop
  endfacet
  facet normal -0.427531 -0.904001 0
    outer loop
      vertex 12.4817 -6.22839 0.4
      vertex 12.7477 -6.35419 4.6
      vertex 12.4817 -6.22839 4.6
    endloop
  endfacet
  facet normal -0.427531 -0.904001 -0
    outer loop
      vertex 12.7477 -6.35419 4.6
      vertex 12.4817 -6.22839 0.4
      vertex 12.7477 -6.35419 0.4
    endloop
  endfacet
  facet normal -0.514046 -0.857762 0
    outer loop
      vertex 12.7477 -6.35419 0.4
      vertex 13.0003 -6.50557 4.6
      vertex 12.7477 -6.35419 4.6
    endloop
  endfacet
  facet normal -0.514046 -0.857762 -0
    outer loop
      vertex 13.0003 -6.50557 4.6
      vertex 12.7477 -6.35419 0.4
      vertex 13.0003 -6.50557 0.4
    endloop
  endfacet
  facet normal -0.615283 -0.788307 0
    outer loop
      vertex 13.0003 -6.50557 0.4
      vertex 13.3482 -6.77711 4.6
      vertex 13.0003 -6.50557 4.6
    endloop
  endfacet
  facet normal -0.615283 -0.788307 -0
    outer loop
      vertex 13.3482 -6.77711 4.6
      vertex 13.0003 -6.50557 0.4
      vertex 13.3482 -6.77711 0.4
    endloop
  endfacet
  facet normal -0.671542 -0.740966 0
    outer loop
      vertex 13.3482 -6.77711 0.4
      vertex 13.973 -7.34337 4.6
      vertex 13.3482 -6.77711 4.6
    endloop
  endfacet
  facet normal -0.671542 -0.740966 -0
    outer loop
      vertex 13.973 -7.34337 4.6
      vertex 13.3482 -6.77711 0.4
      vertex 13.973 -7.34337 0.4
    endloop
  endfacet
  facet normal -0.656978 -0.75391 0
    outer loop
      vertex 13.973 -7.34337 0.4
      vertex 13.9737 -7.34398 4.6
      vertex 13.973 -7.34337 4.6
    endloop
  endfacet
  facet normal -0.656978 -0.75391 -0
    outer loop
      vertex 13.9737 -7.34398 4.6
      vertex 13.973 -7.34337 0.4
      vertex 13.9737 -7.34398 0.4
    endloop
  endfacet
  facet normal -0.595685 -0.803218 0
    outer loop
      vertex 13.9737 -7.34398 0.4
      vertex 14.7216 -7.89864 4.6
      vertex 13.9737 -7.34398 4.6
    endloop
  endfacet
  facet normal -0.595685 -0.803218 -0
    outer loop
      vertex 14.7216 -7.89864 4.6
      vertex 13.9737 -7.34398 0.4
      vertex 14.7216 -7.89864 0.4
    endloop
  endfacet
  facet normal -0.566529 -0.824042 0
    outer loop
      vertex 14.7216 -7.89864 0.4
      vertex 14.7224 -7.89919 4.6
      vertex 14.7216 -7.89864 4.6
    endloop
  endfacet
  facet normal -0.566529 -0.824042 -0
    outer loop
      vertex 14.7224 -7.89919 4.6
      vertex 14.7216 -7.89864 0.4
      vertex 14.7224 -7.89919 0.4
    endloop
  endfacet
  facet normal -0.514093 -0.857734 0
    outer loop
      vertex 14.7224 -7.89919 0.4
      vertex 15.5213 -8.37802 4.6
      vertex 14.7224 -7.89919 4.6
    endloop
  endfacet
  facet normal -0.514093 -0.857734 -0
    outer loop
      vertex 15.5213 -8.37802 4.6
      vertex 14.7224 -7.89919 0.4
      vertex 15.5213 -8.37802 0.4
    endloop
  endfacet
  facet normal -0.455111 -0.890435 0
    outer loop
      vertex 15.5213 -8.37802 0.4
      vertex 15.5222 -8.37848 4.6
      vertex 15.5213 -8.37802 4.6
    endloop
  endfacet
  facet normal -0.455111 -0.890435 -0
    outer loop
      vertex 15.5222 -8.37848 4.6
      vertex 15.5213 -8.37802 0.4
      vertex 15.5222 -8.37848 0.4
    endloop
  endfacet
  facet normal -0.427562 -0.903986 0
    outer loop
      vertex 15.5222 -8.37848 0.4
      vertex 16.364 -8.77663 4.6
      vertex 15.5222 -8.37848 4.6
    endloop
  endfacet
  facet normal -0.427562 -0.903986 -0
    outer loop
      vertex 16.364 -8.77663 4.6
      vertex 15.5222 -8.37848 0.4
      vertex 16.364 -8.77663 0.4
    endloop
  endfacet
  facet normal -0.388972 -0.92125 0
    outer loop
      vertex 16.364 -8.77663 0.4
      vertex 16.3649 -8.77701 4.6
      vertex 16.364 -8.77663 4.6
    endloop
  endfacet
  facet normal -0.388972 -0.92125 -0
    outer loop
      vertex 16.3649 -8.77701 4.6
      vertex 16.364 -8.77663 0.4
      vertex 16.3649 -8.77701 0.4
    endloop
  endfacet
  facet normal -0.33688 -0.941547 0
    outer loop
      vertex 16.3649 -8.77701 0.4
      vertex 17.2418 -9.09076 4.6
      vertex 16.3649 -8.77701 4.6
    endloop
  endfacet
  facet normal -0.33688 -0.941547 -0
    outer loop
      vertex 17.2418 -9.09076 4.6
      vertex 16.3649 -8.77701 0.4
      vertex 17.2418 -9.09076 0.4
    endloop
  endfacet
  facet normal -0.278524 -0.960429 0
    outer loop
      vertex 17.2418 -9.09076 0.4
      vertex 17.2428 -9.09105 4.6
      vertex 17.2418 -9.09076 4.6
    endloop
  endfacet
  facet normal -0.278524 -0.960429 -0
    outer loop
      vertex 17.2428 -9.09105 4.6
      vertex 17.2418 -9.09076 0.4
      vertex 17.2428 -9.09105 0.4
    endloop
  endfacet
  facet normal -0.24299 -0.970029 0
    outer loop
      vertex 17.2428 -9.09105 0.4
      vertex 18.1462 -9.31735 4.6
      vertex 17.2428 -9.09105 4.6
    endloop
  endfacet
  facet normal -0.24299 -0.970029 -0
    outer loop
      vertex 18.1462 -9.31735 4.6
      vertex 17.2428 -9.09105 0.4
      vertex 18.1462 -9.31735 0.4
    endloop
  endfacet
  facet normal -0.186661 -0.982424 0
    outer loop
      vertex 18.1462 -9.31735 0.4
      vertex 18.1472 -9.31754 4.6
      vertex 18.1462 -9.31735 4.6
    endloop
  endfacet
  facet normal -0.186661 -0.982424 -0
    outer loop
      vertex 18.1472 -9.31754 4.6
      vertex 18.1462 -9.31735 0.4
      vertex 18.1472 -9.31754 0.4
    endloop
  endfacet
  facet normal -0.146733 -0.989176 0
    outer loop
      vertex 18.1472 -9.31754 0.4
      vertex 19.0682 -9.45416 4.6
      vertex 18.1472 -9.31754 4.6
    endloop
  endfacet
  facet normal -0.146733 -0.989176 -0
    outer loop
      vertex 19.0682 -9.45416 4.6
      vertex 18.1472 -9.31754 0.4
      vertex 19.0682 -9.45416 0.4
    endloop
  endfacet
  facet normal -0.10934 -0.994004 0
    outer loop
      vertex 19.0682 -9.45416 0.4
      vertex 19.0692 -9.45427 4.6
      vertex 19.0682 -9.45416 4.6
    endloop
  endfacet
  facet normal -0.10934 -0.994004 -0
    outer loop
      vertex 19.0692 -9.45427 4.6
      vertex 19.0682 -9.45416 0.4
      vertex 19.0692 -9.45427 0.4
    endloop
  endfacet
  facet normal -0.0490648 -0.998796 0
    outer loop
      vertex 19.0692 -9.45427 0.4
      vertex 19.9995 -9.49997 4.6
      vertex 19.0692 -9.45427 4.6
    endloop
  endfacet
  facet normal -0.0490648 -0.998796 -0
    outer loop
      vertex 19.9995 -9.49997 4.6
      vertex 19.0692 -9.45427 0.4
      vertex 19.9995 -9.49997 0.4
    endloop
  endfacet
  facet normal 0 -1 0
    outer loop
      vertex 19.9995 -9.49997 0.4
      vertex 20.0005 -9.49997 4.6
      vertex 19.9995 -9.49997 4.6
    endloop
  endfacet
  facet normal 0 -1 -0
    outer loop
      vertex 20.0005 -9.49997 4.6
      vertex 19.9995 -9.49997 0.4
      vertex 20.0005 -9.49997 0.4
    endloop
  endfacet
  facet normal 0.0490648 -0.998796 0
    outer loop
      vertex 20.0005 -9.49997 0.4
      vertex 20.9308 -9.45427 4.6
      vertex 20.0005 -9.49997 4.6
    endloop
  endfacet
  facet normal 0.0490648 -0.998796 0
    outer loop
      vertex 20.9308 -9.45427 4.6
      vertex 20.0005 -9.49997 0.4
      vertex 20.9308 -9.45427 0.4
    endloop
  endfacet
  facet normal 0.10934 -0.994004 0
    outer loop
      vertex 20.9308 -9.45427 0.4
      vertex 20.9318 -9.45416 4.6
      vertex 20.9308 -9.45427 4.6
    endloop
  endfacet
  facet normal 0.10934 -0.994004 0
    outer loop
      vertex 20.9318 -9.45416 4.6
      vertex 20.9308 -9.45427 0.4
      vertex 20.9318 -9.45416 0.4
    endloop
  endfacet
  facet normal 0.146733 -0.989176 0
    outer loop
      vertex 20.9318 -9.45416 0.4
      vertex 21.8528 -9.31754 4.6
      vertex 20.9318 -9.45416 4.6
    endloop
  endfacet
  facet normal 0.146733 -0.989176 0
    outer loop
      vertex 21.8528 -9.31754 4.6
      vertex 20.9318 -9.45416 0.4
      vertex 21.8528 -9.31754 0.4
    endloop
  endfacet
  facet normal 0.186661 -0.982424 0
    outer loop
      vertex 21.8528 -9.31754 0.4
      vertex 21.8538 -9.31735 4.6
      vertex 21.8528 -9.31754 4.6
    endloop
  endfacet
  facet normal 0.186661 -0.982424 0
    outer loop
      vertex 21.8538 -9.31735 4.6
      vertex 21.8528 -9.31754 0.4
      vertex 21.8538 -9.31735 0.4
    endloop
  endfacet
  facet normal 0.24299 -0.970029 0
    outer loop
      vertex 21.8538 -9.31735 0.4
      vertex 22.7572 -9.09105 4.6
      vertex 21.8538 -9.31735 4.6
    endloop
  endfacet
  facet normal 0.24299 -0.970029 0
    outer loop
      vertex 22.7572 -9.09105 4.6
      vertex 21.8538 -9.31735 0.4
      vertex 22.7572 -9.09105 0.4
    endloop
  endfacet
  facet normal 0.306694 -0.951808 0
    outer loop
      vertex 22.7572 -9.09105 0.4
      vertex 22.7581 -9.09076 4.6
      vertex 22.7572 -9.09105 4.6
    endloop
  endfacet
  facet normal 0.306694 -0.951808 0
    outer loop
      vertex 22.7581 -9.09076 4.6
      vertex 22.7572 -9.09105 0.4
      vertex 22.7581 -9.09076 0.4
    endloop
  endfacet
  facet normal 0.336846 -0.94156 0
    outer loop
      vertex 22.7581 -9.09076 0.4
      vertex 23.6351 -8.77701 4.6
      vertex 22.7581 -9.09076 4.6
    endloop
  endfacet
  facet normal 0.336846 -0.94156 0
    outer loop
      vertex 23.6351 -8.77701 4.6
      vertex 22.7581 -9.09076 0.4
      vertex 23.6351 -8.77701 0.4
    endloop
  endfacet
  facet normal 0.388972 -0.92125 0
    outer loop
      vertex 23.6351 -8.77701 0.4
      vertex 23.636 -8.77663 4.6
      vertex 23.6351 -8.77701 4.6
    endloop
  endfacet
  facet normal 0.388972 -0.92125 0
    outer loop
      vertex 23.636 -8.77663 4.6
      vertex 23.6351 -8.77701 0.4
      vertex 23.636 -8.77663 0.4
    endloop
  endfacet
  facet normal 0.427562 -0.903986 0
    outer loop
      vertex 23.636 -8.77663 0.4
      vertex 24.4778 -8.37848 4.6
      vertex 23.636 -8.77663 4.6
    endloop
  endfacet
  facet normal 0.427562 -0.903986 0
    outer loop
      vertex 24.4778 -8.37848 4.6
      vertex 23.636 -8.77663 0.4
      vertex 24.4778 -8.37848 0.4
    endloop
  endfacet
  facet normal 0.455111 -0.890435 0
    outer loop
      vertex 24.4778 -8.37848 0.4
      vertex 24.4787 -8.37802 4.6
      vertex 24.4778 -8.37848 4.6
    endloop
  endfacet
  facet normal 0.455111 -0.890435 0
    outer loop
      vertex 24.4787 -8.37802 4.6
      vertex 24.4778 -8.37848 0.4
      vertex 24.4787 -8.37802 0.4
    endloop
  endfacet
  facet normal 0.51414 -0.857706 0
    outer loop
      vertex 24.4787 -8.37802 0.4
      vertex 25.2775 -7.89919 4.6
      vertex 24.4787 -8.37802 4.6
    endloop
  endfacet
  facet normal 0.51414 -0.857706 0
    outer loop
      vertex 25.2775 -7.89919 4.6
      vertex 24.4787 -8.37802 0.4
      vertex 25.2775 -7.89919 0.4
    endloop
  endfacet
  facet normal 0.52145 -0.853282 0
    outer loop
      vertex 25.2775 -7.89919 0.4
      vertex 25.2784 -7.89864 4.6
      vertex 25.2775 -7.89919 4.6
    endloop
  endfacet
  facet normal 0.52145 -0.853282 0
    outer loop
      vertex 25.2784 -7.89864 4.6
      vertex 25.2775 -7.89919 0.4
      vertex 25.2784 -7.89864 0.4
    endloop
  endfacet
  facet normal 0.595737 -0.80318 0
    outer loop
      vertex 25.2784 -7.89864 0.4
      vertex 26.0262 -7.34398 4.6
      vertex 25.2784 -7.89864 4.6
    endloop
  endfacet
  facet normal 0.595737 -0.80318 0
    outer loop
      vertex 26.0262 -7.34398 4.6
      vertex 25.2784 -7.89864 0.4
      vertex 26.0262 -7.34398 0.4
    endloop
  endfacet
  facet normal 0.606343 -0.795203 0
    outer loop
      vertex 26.0262 -7.34398 0.4
      vertex 26.027 -7.34337 4.6
      vertex 26.0262 -7.34398 4.6
    endloop
  endfacet
  facet normal 0.606343 -0.795203 0
    outer loop
      vertex 26.027 -7.34337 4.6
      vertex 26.0262 -7.34398 0.4
      vertex 26.027 -7.34337 0.4
    endloop
  endfacet
  facet normal 0.671588 -0.740925 0
    outer loop
      vertex 26.027 -7.34337 0.4
      vertex 26.7171 -6.71785 4.6
      vertex 26.027 -7.34337 4.6
    endloop
  endfacet
  facet normal 0.671588 -0.740925 0
    outer loop
      vertex 26.7171 -6.71785 4.6
      vertex 26.027 -7.34337 0.4
      vertex 26.7171 -6.71785 0.4
    endloop
  endfacet
  facet normal 0.707107 -0.707107 0
    outer loop
      vertex 26.7171 -6.71785 4.6
      vertex 26.7178 -6.71715 0.4
      vertex 26.7178 -6.71715 4.6
    endloop
  endfacet
  facet normal 0.707107 -0.707107 0
    outer loop
      vertex 26.7178 -6.71715 0.4
      vertex 26.7171 -6.71785 4.6
      vertex 26.7171 -6.71785 0.4
    endloop
  endfacet
  facet normal 0.740911 -0.671603 0
    outer loop
      vertex 26.7178 -6.71715 4.6
      vertex 27.3434 -6.02699 0.4
      vertex 27.3434 -6.02699 4.6
    endloop
  endfacet
  facet normal 0.740911 -0.671603 0
    outer loop
      vertex 27.3434 -6.02699 0.4
      vertex 26.7178 -6.71715 4.6
      vertex 26.7178 -6.71715 0.4
    endloop
  endfacet
  facet normal 0.784883 -0.619644 0
    outer loop
      vertex 27.3434 -6.02699 4.6
      vertex 27.344 -6.02623 0.4
      vertex 27.344 -6.02623 4.6
    endloop
  endfacet
  facet normal 0.784883 -0.619644 0
    outer loop
      vertex 27.344 -6.02623 0.4
      vertex 27.3434 -6.02699 4.6
      vertex 27.3434 -6.02699 0.4
    endloop
  endfacet
  facet normal 0.803241 -0.595654 0
    outer loop
      vertex 27.344 -6.02623 4.6
      vertex 27.8986 -5.27835 0.4
      vertex 27.8986 -5.27835 4.6
    endloop
  endfacet
  facet normal 0.803241 -0.595654 0
    outer loop
      vertex 27.8986 -5.27835 0.4
      vertex 27.344 -6.02623 4.6
      vertex 27.344 -6.02623 0.4
    endloop
  endfacet
  facet normal 0.803557 -0.595228 0
    outer loop
      vertex 27.8986 -5.27835 4.6
      vertex 27.8992 -5.27754 0.4
      vertex 27.8992 -5.27754 4.6
    endloop
  endfacet
  facet normal 0.803557 -0.595228 0
    outer loop
      vertex 27.8992 -5.27754 0.4
      vertex 27.8986 -5.27835 4.6
      vertex 27.8986 -5.27835 0.4
    endloop
  endfacet
  facet normal 0.857746 -0.514074 0
    outer loop
      vertex 27.8992 -5.27754 4.6
      vertex 28.378 -4.47865 0.4
      vertex 28.378 -4.47865 4.6
    endloop
  endfacet
  facet normal 0.857746 -0.514074 0
    outer loop
      vertex 28.378 -4.47865 0.4
      vertex 27.8992 -5.27754 4.6
      vertex 27.8992 -5.27754 0.4
    endloop
  endfacet
  facet normal 0.867014 -0.498284 0
    outer loop
      vertex 28.378 -4.47865 4.6
      vertex 28.3785 -4.47778 0.4
      vertex 28.3785 -4.47778 4.6
    endloop
  endfacet
  facet normal 0.867014 -0.498284 0
    outer loop
      vertex 28.3785 -4.47778 0.4
      vertex 28.378 -4.47865 4.6
      vertex 28.378 -4.47865 0.4
    endloop
  endfacet
  facet normal 0.904011 -0.42751 0
    outer loop
      vertex 28.3785 -4.47778 4.6
      vertex 28.7766 -3.63596 0.4
      vertex 28.7766 -3.63596 4.6
    endloop
  endfacet
  facet normal 0.904011 -0.42751 0
    outer loop
      vertex 28.7766 -3.63596 0.4
      vertex 28.3785 -4.47778 4.6
      vertex 28.3785 -4.47778 0.4
    endloop
  endfacet
  facet normal 0.913812 -0.406138 0
    outer loop
      vertex 28.7766 -3.63596 4.6
      vertex 28.777 -3.63506 0.4
      vertex 28.777 -3.63506 4.6
    endloop
  endfacet
  facet normal 0.913812 -0.406138 0
    outer loop
      vertex 28.777 -3.63506 0.4
      vertex 28.7766 -3.63596 4.6
      vertex 28.7766 -3.63596 0.4
    endloop
  endfacet
  facet normal 0.941532 -0.336925 0
    outer loop
      vertex 28.777 -3.63506 4.6
      vertex 29.0908 -2.75815 0.4
      vertex 29.0908 -2.75815 4.6
    endloop
  endfacet
  facet normal 0.941532 -0.336925 0
    outer loop
      vertex 29.0908 -2.75815 0.4
      vertex 28.777 -3.63506 4.6
      vertex 28.777 -3.63506 0.4
    endloop
  endfacet
  facet normal 0.97855 -0.20601 0
    outer loop
      vertex 29.0908 -2.75815 4.6
      vertex 29.091 -2.7572 0.4
      vertex 29.091 -2.7572 4.6
    endloop
  endfacet
  facet normal 0.97855 -0.20601 0
    outer loop
      vertex 29.091 -2.7572 0.4
      vertex 29.0908 -2.75815 4.6
      vertex 29.0908 -2.75815 0.4
    endloop
  endfacet
  facet normal 0.970005 -0.243086 0
    outer loop
      vertex 29.091 -2.7572 4.6
      vertex 29.3174 -1.85378 0.4
      vertex 29.3174 -1.85378 4.6
    endloop
  endfacet
  facet normal 0.970005 -0.243086 0
    outer loop
      vertex 29.3174 -1.85378 0.4
      vertex 29.091 -2.7572 4.6
      vertex 29.091 -2.7572 0.4
    endloop
  endfacet
  facet normal 0.994728 -0.102549 0
    outer loop
      vertex 29.3174 -1.85378 4.6
      vertex 29.3175 -1.85281 0.4
      vertex 29.3175 -1.85281 4.6
    endloop
  endfacet
  facet normal 0.994728 -0.102549 0
    outer loop
      vertex 29.3175 -1.85281 0.4
      vertex 29.3174 -1.85378 4.6
      vertex 29.3174 -1.85378 0.4
    endloop
  endfacet
  facet normal 0.989165 -0.14681 0
    outer loop
      vertex 29.3175 -1.85281 4.6
      vertex 29.4542 -0.931763 0.4
      vertex 29.4542 -0.931763 4.6
    endloop
  endfacet
  facet normal 0.989165 -0.14681 0
    outer loop
      vertex 29.4542 -0.931763 0.4
      vertex 29.3175 -1.85281 4.6
      vertex 29.3175 -1.85281 0.4
    endloop
  endfacet
  facet normal 0.994803 -0.101822 0
    outer loop
      vertex 29.4542 -0.931763 4.6
      vertex 29.4543 -0.930786 0.4
      vertex 29.4543 -0.930786 4.6
    endloop
  endfacet
  facet normal 0.994803 -0.101822 0
    outer loop
      vertex 29.4543 -0.930786 0.4
      vertex 29.4542 -0.931763 4.6
      vertex 29.4542 -0.931763 0.4
    endloop
  endfacet
  facet normal 0.998796 -0.0490649 0
    outer loop
      vertex 29.4543 -0.930786 4.6
      vertex 29.5 -0.000488281 0.4
      vertex 29.5 -0.000488281 4.6
    endloop
  endfacet
  facet normal 0.998796 -0.0490649 0
    outer loop
      vertex 29.5 -0.000488281 0.4
      vertex 29.4543 -0.930786 4.6
      vertex 29.4543 -0.930786 0.4
    endloop
  endfacet
  facet normal 1 -0 0
    outer loop
      vertex 29.5 -0.000488281 4.6
      vertex 29.5 0.000488281 0.4
      vertex 29.5 0.000488281 4.6
    endloop
  endfacet
  facet normal 1 0 0
    outer loop
      vertex 29.5 0.000488281 0.4
      vertex 29.5 -0.000488281 4.6
      vertex 29.5 -0.000488281 0.4
    endloop
  endfacet
  facet normal 0.998796 0.0490649 0
    outer loop
      vertex 29.5 0.000488281 4.6
      vertex 29.4543 0.930786 0.4
      vertex 29.4543 0.930786 4.6
    endloop
  endfacet
  facet normal 0.998796 0.0490649 0
    outer loop
      vertex 29.4543 0.930786 0.4
      vertex 29.5 0.000488281 4.6
      vertex 29.5 0.000488281 0.4
    endloop
  endfacet
  facet normal 0.994803 0.101822 0
    outer loop
      vertex 29.4543 0.930786 4.6
      vertex 29.4542 0.931763 0.4
      vertex 29.4542 0.931763 4.6
    endloop
  endfacet
  facet normal 0.994803 0.101822 0
    outer loop
      vertex 29.4542 0.931763 0.4
      vertex 29.4543 0.930786 4.6
      vertex 29.4543 0.930786 0.4
    endloop
  endfacet
  facet normal 0.989165 0.14681 0
    outer loop
      vertex 29.4542 0.931763 4.6
      vertex 29.3175 1.85281 0.4
      vertex 29.3175 1.85281 4.6
    endloop
  endfacet
  facet normal 0.989165 0.14681 0
    outer loop
      vertex 29.3175 1.85281 0.4
      vertex 29.4542 0.931763 4.6
      vertex 29.4542 0.931763 0.4
    endloop
  endfacet
  facet normal 0.994728 0.102549 0
    outer loop
      vertex 29.3175 1.85281 4.6
      vertex 29.3174 1.85378 0.4
      vertex 29.3174 1.85378 4.6
    endloop
  endfacet
  facet normal 0.994728 0.102549 0
    outer loop
      vertex 29.3174 1.85378 0.4
      vertex 29.3175 1.85281 4.6
      vertex 29.3175 1.85281 0.4
    endloop
  endfacet
  facet normal 0.970005 0.243086 0
    outer loop
      vertex 29.3174 1.85378 4.6
      vertex 29.091 2.7572 0.4
      vertex 29.091 2.7572 4.6
    endloop
  endfacet
  facet normal 0.970005 0.243086 0
    outer loop
      vertex 29.091 2.7572 0.4
      vertex 29.3174 1.85378 4.6
      vertex 29.3174 1.85378 0.4
    endloop
  endfacet
  facet normal 0.97855 0.20601 0
    outer loop
      vertex 29.091 2.7572 4.6
      vertex 29.0908 2.75815 0.4
      vertex 29.0908 2.75815 4.6
    endloop
  endfacet
  facet normal 0.97855 0.20601 0
    outer loop
      vertex 29.0908 2.75815 0.4
      vertex 29.091 2.7572 4.6
      vertex 29.091 2.7572 0.4
    endloop
  endfacet
  facet normal 0.941532 0.336925 0
    outer loop
      vertex 29.0908 2.75815 4.6
      vertex 28.777 3.63506 0.4
      vertex 28.777 3.63506 4.6
    endloop
  endfacet
  facet normal 0.941532 0.336925 0
    outer loop
      vertex 28.777 3.63506 0.4
      vertex 29.0908 2.75815 4.6
      vertex 29.0908 2.75815 0.4
    endloop
  endfacet
  facet normal 0.913812 0.406138 0
    outer loop
      vertex 28.777 3.63506 4.6
      vertex 28.7766 3.63596 0.4
      vertex 28.7766 3.63596 4.6
    endloop
  endfacet
  facet normal 0.913812 0.406138 0
    outer loop
      vertex 28.7766 3.63596 0.4
      vertex 28.777 3.63506 4.6
      vertex 28.777 3.63506 0.4
    endloop
  endfacet
  facet normal 0.904011 0.42751 0
    outer loop
      vertex 28.7766 3.63596 4.6
      vertex 28.3785 4.47778 0.4
      vertex 28.3785 4.47778 4.6
    endloop
  endfacet
  facet normal 0.904011 0.42751 0
    outer loop
      vertex 28.3785 4.47778 0.4
      vertex 28.7766 3.63596 4.6
      vertex 28.7766 3.63596 0.4
    endloop
  endfacet
  facet normal 0.867014 0.498284 0
    outer loop
      vertex 28.3785 4.47778 4.6
      vertex 28.378 4.47865 0.4
      vertex 28.378 4.47865 4.6
    endloop
  endfacet
  facet normal 0.867014 0.498284 0
    outer loop
      vertex 28.378 4.47865 0.4
      vertex 28.3785 4.47778 4.6
      vertex 28.3785 4.47778 0.4
    endloop
  endfacet
  facet normal 0.857746 0.514074 0
    outer loop
      vertex 28.378 4.47865 4.6
      vertex 27.8992 5.27754 0.4
      vertex 27.8992 5.27754 4.6
    endloop
  endfacet
  facet normal 0.857746 0.514074 0
    outer loop
      vertex 27.8992 5.27754 0.4
      vertex 28.378 4.47865 4.6
      vertex 28.378 4.47865 0.4
    endloop
  endfacet
  facet normal 0.803557 0.595228 0
    outer loop
      vertex 27.8992 5.27754 4.6
      vertex 27.8986 5.27835 0.4
      vertex 27.8986 5.27835 4.6
    endloop
  endfacet
  facet normal 0.803557 0.595228 0
    outer loop
      vertex 27.8986 5.27835 0.4
      vertex 27.8992 5.27754 4.6
      vertex 27.8992 5.27754 0.4
    endloop
  endfacet
  facet normal 0.803241 0.595654 0
    outer loop
      vertex 27.8986 5.27835 4.6
      vertex 27.344 6.02623 0.4
      vertex 27.344 6.02623 4.6
    endloop
  endfacet
  facet normal 0.803241 0.595654 0
    outer loop
      vertex 27.344 6.02623 0.4
      vertex 27.8986 5.27835 4.6
      vertex 27.8986 5.27835 0.4
    endloop
  endfacet
  facet normal 0.784883 0.619644 0
    outer loop
      vertex 27.344 6.02623 4.6
      vertex 27.3434 6.02699 0.4
      vertex 27.3434 6.02699 4.6
    endloop
  endfacet
  facet normal 0.784883 0.619644 0
    outer loop
      vertex 27.3434 6.02699 0.4
      vertex 27.344 6.02623 4.6
      vertex 27.344 6.02623 0.4
    endloop
  endfacet
  facet normal 0.740911 0.671603 0
    outer loop
      vertex 27.3434 6.02699 4.6
      vertex 26.7178 6.71715 0.4
      vertex 26.7178 6.71715 4.6
    endloop
  endfacet
  facet normal 0.740911 0.671603 0
    outer loop
      vertex 26.7178 6.71715 0.4
      vertex 27.3434 6.02699 4.6
      vertex 27.3434 6.02699 0.4
    endloop
  endfacet
  facet normal 0.707107 0.707107 0
    outer loop
      vertex 26.7178 6.71715 4.6
      vertex 26.7171 6.71785 0.4
      vertex 26.7171 6.71785 4.6
    endloop
  endfacet
  facet normal 0.707107 0.707107 0
    outer loop
      vertex 26.7171 6.71785 0.4
      vertex 26.7178 6.71715 4.6
      vertex 26.7178 6.71715 0.4
    endloop
  endfacet
  facet normal 0.671588 0.740925 -0
    outer loop
      vertex 26.7171 6.71785 0.4
      vertex 26.027 7.34337 4.6
      vertex 26.7171 6.71785 4.6
    endloop
  endfacet
  facet normal 0.671588 0.740925 0
    outer loop
      vertex 26.027 7.34337 4.6
      vertex 26.7171 6.71785 0.4
      vertex 26.027 7.34337 0.4
    endloop
  endfacet
  facet normal 0.606343 0.795203 -0
    outer loop
      vertex 26.027 7.34337 0.4
      vertex 26.0262 7.34398 4.6
      vertex 26.027 7.34337 4.6
    endloop
  endfacet
  facet normal 0.606343 0.795203 0
    outer loop
      vertex 26.0262 7.34398 4.6
      vertex 26.027 7.34337 0.4
      vertex 26.0262 7.34398 0.4
    endloop
  endfacet
  facet normal 0.595737 0.80318 -0
    outer loop
      vertex 26.0262 7.34398 0.4
      vertex 25.2784 7.89864 4.6
      vertex 26.0262 7.34398 4.6
    endloop
  endfacet
  facet normal 0.595737 0.80318 0
    outer loop
      vertex 25.2784 7.89864 4.6
      vertex 26.0262 7.34398 0.4
      vertex 25.2784 7.89864 0.4
    endloop
  endfacet
  facet normal 0.52145 0.853282 -0
    outer loop
      vertex 25.2784 7.89864 0.4
      vertex 25.2775 7.89919 4.6
      vertex 25.2784 7.89864 4.6
    endloop
  endfacet
  facet normal 0.52145 0.853282 0
    outer loop
      vertex 25.2775 7.89919 4.6
      vertex 25.2784 7.89864 0.4
      vertex 25.2775 7.89919 0.4
    endloop
  endfacet
  facet normal 0.51414 0.857706 -0
    outer loop
      vertex 25.2775 7.89919 0.4
      vertex 24.4787 8.37802 4.6
      vertex 25.2775 7.89919 4.6
    endloop
  endfacet
  facet normal 0.51414 0.857706 0
    outer loop
      vertex 24.4787 8.37802 4.6
      vertex 25.2775 7.89919 0.4
      vertex 24.4787 8.37802 0.4
    endloop
  endfacet
  facet normal 0.455111 0.890435 -0
    outer loop
      vertex 24.4787 8.37802 0.4
      vertex 24.4778 8.37848 4.6
      vertex 24.4787 8.37802 4.6
    endloop
  endfacet
  facet normal 0.455111 0.890435 0
    outer loop
      vertex 24.4778 8.37848 4.6
      vertex 24.4787 8.37802 0.4
      vertex 24.4778 8.37848 0.4
    endloop
  endfacet
  facet normal 0.427562 0.903986 -0
    outer loop
      vertex 24.4778 8.37848 0.4
      vertex 23.636 8.77663 4.6
      vertex 24.4778 8.37848 4.6
    endloop
  endfacet
  facet normal 0.427562 0.903986 0
    outer loop
      vertex 23.636 8.77663 4.6
      vertex 24.4778 8.37848 0.4
      vertex 23.636 8.77663 0.4
    endloop
  endfacet
  facet normal 0.388972 0.92125 -0
    outer loop
      vertex 23.636 8.77663 0.4
      vertex 23.6351 8.77701 4.6
      vertex 23.636 8.77663 4.6
    endloop
  endfacet
  facet normal 0.388972 0.92125 0
    outer loop
      vertex 23.6351 8.77701 4.6
      vertex 23.636 8.77663 0.4
      vertex 23.6351 8.77701 0.4
    endloop
  endfacet
  facet normal 0.336846 0.94156 -0
    outer loop
      vertex 23.6351 8.77701 0.4
      vertex 22.7581 9.09076 4.6
      vertex 23.6351 8.77701 4.6
    endloop
  endfacet
  facet normal 0.336846 0.94156 0
    outer loop
      vertex 22.7581 9.09076 4.6
      vertex 23.6351 8.77701 0.4
      vertex 22.7581 9.09076 0.4
    endloop
  endfacet
  facet normal 0.306694 0.951808 -0
    outer loop
      vertex 22.7581 9.09076 0.4
      vertex 22.7572 9.09105 4.6
      vertex 22.7581 9.09076 4.6
    endloop
  endfacet
  facet normal 0.306694 0.951808 0
    outer loop
      vertex 22.7572 9.09105 4.6
      vertex 22.7581 9.09076 0.4
      vertex 22.7572 9.09105 0.4
    endloop
  endfacet
  facet normal 0.24299 0.970029 -0
    outer loop
      vertex 22.7572 9.09105 0.4
      vertex 21.8538 9.31735 4.6
      vertex 22.7572 9.09105 4.6
    endloop
  endfacet
  facet normal 0.24299 0.970029 0
    outer loop
      vertex 21.8538 9.31735 4.6
      vertex 22.7572 9.09105 0.4
      vertex 21.8538 9.31735 0.4
    endloop
  endfacet
  facet normal 0.186661 0.982424 -0
    outer loop
      vertex 21.8538 9.31735 0.4
      vertex 21.8528 9.31754 4.6
      vertex 21.8538 9.31735 4.6
    endloop
  endfacet
  facet normal 0.186661 0.982424 0
    outer loop
      vertex 21.8528 9.31754 4.6
      vertex 21.8538 9.31735 0.4
      vertex 21.8528 9.31754 0.4
    endloop
  endfacet
  facet normal 0.146733 0.989176 -0
    outer loop
      vertex 21.8528 9.31754 0.4
      vertex 20.9318 9.45416 4.6
      vertex 21.8528 9.31754 4.6
    endloop
  endfacet
  facet normal 0.146733 0.989176 0
    outer loop
      vertex 20.9318 9.45416 4.6
      vertex 21.8528 9.31754 0.4
      vertex 20.9318 9.45416 0.4
    endloop
  endfacet
  facet normal 0.10934 0.994004 -0
    outer loop
      vertex 20.9318 9.45416 0.4
      vertex 20.9308 9.45427 4.6
      vertex 20.9318 9.45416 4.6
    endloop
  endfacet
  facet normal 0.10934 0.994004 0
    outer loop
      vertex 20.9308 9.45427 4.6
      vertex 20.9318 9.45416 0.4
      vertex 20.9308 9.45427 0.4
    endloop
  endfacet
  facet normal 0.0490648 0.998796 -0
    outer loop
      vertex 20.9308 9.45427 0.4
      vertex 20.0005 9.49997 4.6
      vertex 20.9308 9.45427 4.6
    endloop
  endfacet
  facet normal 0.0490648 0.998796 0
    outer loop
      vertex 20.0005 9.49997 4.6
      vertex 20.9308 9.45427 0.4
      vertex 20.0005 9.49997 0.4
    endloop
  endfacet
  facet normal 0 1 -0
    outer loop
      vertex 20.0005 9.49997 0.4
      vertex 19.9995 9.49997 4.6
      vertex 20.0005 9.49997 4.6
    endloop
  endfacet
  facet normal 0 1 0
    outer loop
      vertex 19.9995 9.49997 4.6
      vertex 20.0005 9.49997 0.4
      vertex 19.9995 9.49997 0.4
    endloop
  endfacet
  facet normal -0.0490648 0.998796 0
    outer loop
      vertex 19.9995 9.49997 0.4
      vertex 19.0692 9.45427 4.6
      vertex 19.9995 9.49997 4.6
    endloop
  endfacet
  facet normal -0.0490648 0.998796 0
    outer loop
      vertex 19.0692 9.45427 4.6
      vertex 19.9995 9.49997 0.4
      vertex 19.0692 9.45427 0.4
    endloop
  endfacet
  facet normal -0.10934 0.994004 0
    outer loop
      vertex 19.0692 9.45427 0.4
      vertex 19.0682 9.45416 4.6
      vertex 19.0692 9.45427 4.6
    endloop
  endfacet
  facet normal -0.10934 0.994004 0
    outer loop
      vertex 19.0682 9.45416 4.6
      vertex 19.0692 9.45427 0.4
      vertex 19.0682 9.45416 0.4
    endloop
  endfacet
  facet normal -0.146733 0.989176 0
    outer loop
      vertex 19.0682 9.45416 0.4
      vertex 18.1472 9.31754 4.6
      vertex 19.0682 9.45416 4.6
    endloop
  endfacet
  facet normal -0.146733 0.989176 0
    outer loop
      vertex 18.1472 9.31754 4.6
      vertex 19.0682 9.45416 0.4
      vertex 18.1472 9.31754 0.4
    endloop
  endfacet
  facet normal -0.186661 0.982424 0
    outer loop
      vertex 18.1472 9.31754 0.4
      vertex 18.1462 9.31735 4.6
      vertex 18.1472 9.31754 4.6
    endloop
  endfacet
  facet normal -0.186661 0.982424 0
    outer loop
      vertex 18.1462 9.31735 4.6
      vertex 18.1472 9.31754 0.4
      vertex 18.1462 9.31735 0.4
    endloop
  endfacet
  facet normal -0.24299 0.970029 0
    outer loop
      vertex 18.1462 9.31735 0.4
      vertex 17.2428 9.09105 4.6
      vertex 18.1462 9.31735 4.6
    endloop
  endfacet
  facet normal -0.24299 0.970029 0
    outer loop
      vertex 17.2428 9.09105 4.6
      vertex 18.1462 9.31735 0.4
      vertex 17.2428 9.09105 0.4
    endloop
  endfacet
  facet normal -0.278524 0.960429 0
    outer loop
      vertex 17.2428 9.09105 0.4
      vertex 17.2418 9.09076 4.6
      vertex 17.2428 9.09105 4.6
    endloop
  endfacet
  facet normal -0.278524 0.960429 0
    outer loop
      vertex 17.2418 9.09076 4.6
      vertex 17.2428 9.09105 0.4
      vertex 17.2418 9.09076 0.4
    endloop
  endfacet
  facet normal -0.33688 0.941547 0
    outer loop
      vertex 17.2418 9.09076 0.4
      vertex 16.3649 8.77701 4.6
      vertex 17.2418 9.09076 4.6
    endloop
  endfacet
  facet normal -0.33688 0.941547 0
    outer loop
      vertex 16.3649 8.77701 4.6
      vertex 17.2418 9.09076 0.4
      vertex 16.3649 8.77701 0.4
    endloop
  endfacet
  facet normal -0.388972 0.92125 0
    outer loop
      vertex 16.3649 8.77701 0.4
      vertex 16.364 8.77663 4.6
      vertex 16.3649 8.77701 4.6
    endloop
  endfacet
  facet normal -0.388972 0.92125 0
    outer loop
      vertex 16.364 8.77663 4.6
      vertex 16.3649 8.77701 0.4
      vertex 16.364 8.77663 0.4
    endloop
  endfacet
  facet normal -0.427562 0.903986 0
    outer loop
      vertex 16.364 8.77663 0.4
      vertex 15.5222 8.37848 4.6
      vertex 16.364 8.77663 4.6
    endloop
  endfacet
  facet normal -0.427562 0.903986 0
    outer loop
      vertex 15.5222 8.37848 4.6
      vertex 16.364 8.77663 0.4
      vertex 15.5222 8.37848 0.4
    endloop
  endfacet
  facet normal -0.455111 0.890435 0
    outer loop
      vertex 15.5222 8.37848 0.4
      vertex 15.5213 8.37802 4.6
      vertex 15.5222 8.37848 4.6
    endloop
  endfacet
  facet normal -0.455111 0.890435 0
    outer loop
      vertex 15.5213 8.37802 4.6
      vertex 15.5222 8.37848 0.4
      vertex 15.5213 8.37802 0.4
    endloop
  endfacet
  facet normal -0.514093 0.857734 0
    outer loop
      vertex 15.5213 8.37802 0.4
      vertex 14.7224 7.89919 4.6
      vertex 15.5213 8.37802 4.6
    endloop
  endfacet
  facet normal -0.514093 0.857734 0
    outer loop
      vertex 14.7224 7.89919 4.6
      vertex 15.5213 8.37802 0.4
      vertex 14.7224 7.89919 0.4
    endloop
  endfacet
  facet normal -0.566529 0.824042 0
    outer loop
      vertex 14.7224 7.89919 0.4
      vertex 14.7216 7.89864 4.6
      vertex 14.7224 7.89919 4.6
    endloop
  endfacet
  facet normal -0.566529 0.824042 0
    outer loop
      vertex 14.7216 7.89864 4.6
      vertex 14.7224 7.89919 0.4
      vertex 14.7216 7.89864 0.4
    endloop
  endfacet
  facet normal -0.595685 0.803218 0
    outer loop
      vertex 14.7216 7.89864 0.4
      vertex 13.9737 7.34398 4.6
      vertex 14.7216 7.89864 4.6
    endloop
  endfacet
  facet normal -0.595685 0.803218 0
    outer loop
      vertex 13.9737 7.34398 4.6
      vertex 14.7216 7.89864 0.4
      vertex 13.9737 7.34398 0.4
    endloop
  endfacet
  facet normal -0.656978 0.75391 0
    outer loop
      vertex 13.9737 7.34398 0.4
      vertex 13.973 7.34337 4.6
      vertex 13.9737 7.34398 4.6
    endloop
  endfacet
  facet normal -0.656978 0.75391 0
    outer loop
      vertex 13.973 7.34337 4.6
      vertex 13.9737 7.34398 0.4
      vertex 13.973 7.34337 0.4
    endloop
  endfacet
  facet normal -0.671549 0.74096 0
    outer loop
      vertex 13.973 7.34337 0.4
      vertex 13.3483 6.77719 4.6
      vertex 13.973 7.34337 4.6
    endloop
  endfacet
  facet normal -0.671549 0.74096 0
    outer loop
      vertex 13.3483 6.77719 4.6
      vertex 13.973 7.34337 0.4
      vertex 13.3483 6.77719 0.4
    endloop
  endfacet
  facet normal -0.634376 0.773025 0
    outer loop
      vertex 13.3483 6.77719 0.4
      vertex 13.1206 6.59033 4.6
      vertex 13.3483 6.77719 4.6
    endloop
  endfacet
  facet normal -0.634376 0.773025 0
    outer loop
      vertex 13.1206 6.59033 4.6
      vertex 13.3483 6.77719 0.4
      vertex 13.1206 6.59033 0.4
    endloop
  endfacet
  facet normal -0.555633 0.831428 0
    outer loop
      vertex 13.1206 6.59033 0.4
      vertex 12.8759 6.4268 4.6
      vertex 13.1206 6.59033 4.6
    endloop
  endfacet
  facet normal -0.555633 0.831428 0
    outer loop
      vertex 12.8759 6.4268 4.6
      vertex 13.1206 6.59033 0.4
      vertex 12.8759 6.4268 0.4
    endloop
  endfacet
  facet normal -0.47139 0.881925 0
    outer loop
      vertex 12.8759 6.4268 0.4
      vertex 12.6162 6.28799 4.6
      vertex 12.8759 6.4268 4.6
    endloop
  endfacet
  facet normal -0.47139 0.881925 0
    outer loop
      vertex 12.6162 6.28799 4.6
      vertex 12.8759 6.4268 0.4
      vertex 12.6162 6.28799 0.4
    endloop
  endfacet
  facet normal -0.382728 0.923861 0
    outer loop
      vertex 12.6162 6.28799 0.4
      vertex 12.3443 6.17535 4.6
      vertex 12.6162 6.28799 4.6
    endloop
  endfacet
  facet normal -0.382728 0.923861 0
    outer loop
      vertex 12.3443 6.17535 4.6
      vertex 12.6162 6.28799 0.4
      vertex 12.3443 6.17535 0.4
    endloop
  endfacet
  facet normal -0.290057 0.957009 0
    outer loop
      vertex 12.3443 6.17535 0.4
      vertex 12.0625 6.08994 4.6
      vertex 12.3443 6.17535 4.6
    endloop
  endfacet
  facet normal -0.290057 0.957009 0
    outer loop
      vertex 12.0625 6.08994 4.6
      vertex 12.3443 6.17535 0.4
      vertex 12.0625 6.08994 0.4
    endloop
  endfacet
  facet normal -0.195234 0.980757 0
    outer loop
      vertex 12.0625 6.08994 0.4
      vertex 11.7738 6.03247 4.6
      vertex 12.0625 6.08994 4.6
    endloop
  endfacet
  facet normal -0.195234 0.980757 0
    outer loop
      vertex 11.7738 6.03247 4.6
      vertex 12.0625 6.08994 0.4
      vertex 11.7738 6.03247 0.4
    endloop
  endfacet
  facet normal -0.0735289 0.997293 0
    outer loop
      vertex 11.7738 6.03247 0.4
      vertex 11.3334 6 4.6
      vertex 11.7738 6.03247 4.6
    endloop
  endfacet
  facet normal -0.0735289 0.997293 0
    outer loop
      vertex 11.3334 6 4.6
      vertex 11.7738 6.03247 0.4
      vertex 11.3334 6 0.4
    endloop
  endfacet
  facet normal 0 1 -0
    outer loop
      vertex 11.3334 6 0.4
      vertex 8.66666 6 4.6
      vertex 11.3334 6 4.6
    endloop
  endfacet
  facet normal 0 1 0
    outer loop
      vertex 8.66666 6 4.6
      vertex 11.3334 6 0.4
      vertex 8.66666 6 0.4
    endloop
  endfacet
  facet normal 0.0490899 0.998794 -0
    outer loop
      vertex 8.66666 6 0.4
      vertex 8.37225 6.01447 4.6
      vertex 8.66666 6 4.6
    endloop
  endfacet
  facet normal 0.0490899 0.998794 0
    outer loop
      vertex 8.37225 6.01447 4.6
      vertex 8.66666 6 0.4
      vertex 8.37225 6.01447 0.4
    endloop
  endfacet
  facet normal 0.146696 0.989182 -0
    outer loop
      vertex 8.37225 6.01447 0.4
      vertex 8.08122 6.05763 4.6
      vertex 8.37225 6.01447 4.6
    endloop
  endfacet
  facet normal 0.146696 0.989182 0
    outer loop
      vertex 8.08122 6.05763 4.6
      vertex 8.37225 6.01447 0.4
      vertex 8.08122 6.05763 0.4
    endloop
  endfacet
  facet normal 0.243023 0.970021 -0
    outer loop
      vertex 8.08122 6.05763 0.4
      vertex 7.79555 6.1292 4.6
      vertex 8.08122 6.05763 4.6
    endloop
  endfacet
  facet normal 0.243023 0.970021 0
    outer loop
      vertex 7.79555 6.1292 4.6
      vertex 8.08122 6.05763 0.4
      vertex 7.79555 6.1292 0.4
    endloop
  endfacet
  facet normal 0.336833 0.941564 -0
    outer loop
      vertex 7.79555 6.1292 0.4
      vertex 7.51828 6.22839 4.6
      vertex 7.79555 6.1292 4.6
    endloop
  endfacet
  facet normal 0.336833 0.941564 0
    outer loop
      vertex 7.51828 6.22839 4.6
      vertex 7.79555 6.1292 0.4
      vertex 7.51828 6.22839 0.4
    endloop
  endfacet
  facet normal 0.427544 0.903994 -0
    outer loop
      vertex 7.51828 6.22839 0.4
      vertex 7.25229 6.35419 4.6
      vertex 7.51828 6.22839 4.6
    endloop
  endfacet
  facet normal 0.427544 0.903994 0
    outer loop
      vertex 7.25229 6.35419 4.6
      vertex 7.51828 6.22839 0.4
      vertex 7.25229 6.35419 0.4
    endloop
  endfacet
  facet normal 0.514106 0.857727 -0
    outer loop
      vertex 7.25229 6.35419 0.4
      vertex 6.99973 6.50557 4.6
      vertex 7.25229 6.35419 4.6
    endloop
  endfacet
  facet normal 0.514106 0.857727 0
    outer loop
      vertex 6.99973 6.50557 4.6
      vertex 7.25229 6.35419 0.4
      vertex 6.99973 6.50557 0.4
    endloop
  endfacet
  facet normal 0.615206 0.788367 -0
    outer loop
      vertex 6.99973 6.50557 0.4
      vertex 6.65176 6.77711 4.6
      vertex 6.99973 6.50557 4.6
    endloop
  endfacet
  facet normal 0.615206 0.788367 0
    outer loop
      vertex 6.65176 6.77711 4.6
      vertex 6.99973 6.50557 0.4
      vertex 6.65176 6.77711 0.4
    endloop
  endfacet
  facet normal 0.671572 0.74094 -0
    outer loop
      vertex 6.65176 6.77711 0.4
      vertex 6.02701 7.34337 4.6
      vertex 6.65176 6.77711 4.6
    endloop
  endfacet
  facet normal 0.671572 0.74094 0
    outer loop
      vertex 6.02701 7.34337 4.6
      vertex 6.65176 6.77711 0.4
      vertex 6.02701 7.34337 0.4
    endloop
  endfacet
  facet normal 0.625946 0.779867 -0
    outer loop
      vertex 6.02701 7.34337 0.4
      vertex 6.02625 7.34398 4.6
      vertex 6.02701 7.34337 4.6
    endloop
  endfacet
  facet normal 0.625946 0.779867 0
    outer loop
      vertex 6.02625 7.34398 4.6
      vertex 6.02701 7.34337 0.4
      vertex 6.02625 7.34398 0.4
    endloop
  endfacet
  facet normal 0.595685 0.803218 -0
    outer loop
      vertex 6.02625 7.34398 0.4
      vertex 5.27835 7.89864 4.6
      vertex 6.02625 7.34398 4.6
    endloop
  endfacet
  facet normal 0.595685 0.803218 0
    outer loop
      vertex 5.27835 7.89864 4.6
      vertex 6.02625 7.34398 0.4
      vertex 5.27835 7.89864 0.4
    endloop
  endfacet
  facet normal 0.561751 0.827306 -0
    outer loop
      vertex 5.27835 7.89864 0.4
      vertex 5.27754 7.89919 4.6
      vertex 5.27835 7.89864 4.6
    endloop
  endfacet
  facet normal 0.561751 0.827306 0
    outer loop
      vertex 5.27754 7.89919 4.6
      vertex 5.27835 7.89864 0.4
      vertex 5.27754 7.89919 0.4
    endloop
  endfacet
  facet normal 0.514098 0.857732 -0
    outer loop
      vertex 5.27754 7.89919 0.4
      vertex 4.47865 8.37802 4.6
      vertex 5.27754 7.89919 4.6
    endloop
  endfacet
  facet normal 0.514098 0.857732 0
    outer loop
      vertex 4.47865 8.37802 4.6
      vertex 5.27754 7.89919 0.4
      vertex 4.47865 8.37802 0.4
    endloop
  endfacet
  facet normal 0.467421 0.884035 -0
    outer loop
      vertex 4.47865 8.37802 0.4
      vertex 4.47778 8.37848 4.6
      vertex 4.47865 8.37802 4.6
    endloop
  endfacet
  facet normal 0.467421 0.884035 0
    outer loop
      vertex 4.47778 8.37848 4.6
      vertex 4.47865 8.37802 0.4
      vertex 4.47778 8.37848 0.4
    endloop
  endfacet
  facet normal 0.427554 0.90399 -0
    outer loop
      vertex 4.47778 8.37848 0.4
      vertex 3.63596 8.77663 4.6
      vertex 4.47778 8.37848 4.6
    endloop
  endfacet
  facet normal 0.427554 0.90399 0
    outer loop
      vertex 3.63596 8.77663 4.6
      vertex 4.47778 8.37848 0.4
      vertex 3.63596 8.77663 0.4
    endloop
  endfacet
  facet normal 0.388972 0.92125 -0
    outer loop
      vertex 3.63596 8.77663 0.4
      vertex 3.63506 8.77701 4.6
      vertex 3.63596 8.77663 4.6
    endloop
  endfacet
  facet normal 0.388972 0.92125 0
    outer loop
      vertex 3.63506 8.77701 4.6
      vertex 3.63596 8.77663 0.4
      vertex 3.63506 8.77701 0.4
    endloop
  endfacet
  facet normal 0.336877 0.941549 -0
    outer loop
      vertex 3.63506 8.77701 0.4
      vertex 2.75815 9.09076 4.6
      vertex 3.63506 8.77701 4.6
    endloop
  endfacet
  facet normal 0.336877 0.941549 0
    outer loop
      vertex 2.75815 9.09076 4.6
      vertex 3.63506 8.77701 0.4
      vertex 2.75815 9.09076 0.4
    endloop
  endfacet
  facet normal 0.291963 0.95643 -0
    outer loop
      vertex 2.75815 9.09076 0.4
      vertex 2.7572 9.09105 4.6
      vertex 2.75815 9.09076 4.6
    endloop
  endfacet
  facet normal 0.291963 0.95643 0
    outer loop
      vertex 2.7572 9.09105 4.6
      vertex 2.75815 9.09076 0.4
      vertex 2.7572 9.09105 0.4
    endloop
  endfacet
  facet normal 0.242985 0.97003 -0
    outer loop
      vertex 2.7572 9.09105 0.4
      vertex 1.85378 9.31735 4.6
      vertex 2.7572 9.09105 4.6
    endloop
  endfacet
  facet normal 0.242985 0.97003 0
    outer loop
      vertex 1.85378 9.31735 4.6
      vertex 2.7572 9.09105 0.4
      vertex 1.85378 9.31735 0.4
    endloop
  endfacet
  facet normal 0.192223 0.981351 -0
    outer loop
      vertex 1.85378 9.31735 0.4
      vertex 1.85281 9.31754 4.6
      vertex 1.85378 9.31735 4.6
    endloop
  endfacet
  facet normal 0.192223 0.981351 0
    outer loop
      vertex 1.85281 9.31754 4.6
      vertex 1.85378 9.31735 0.4
      vertex 1.85281 9.31754 0.4
    endloop
  endfacet
  facet normal 0.146726 0.989177 -0
    outer loop
      vertex 1.85281 9.31754 0.4
      vertex 0.931763 9.45416 4.6
      vertex 1.85281 9.31754 4.6
    endloop
  endfacet
  facet normal 0.146726 0.989177 0
    outer loop
      vertex 0.931763 9.45416 4.6
      vertex 1.85281 9.31754 0.4
      vertex 0.931763 9.45416 0.4
    endloop
  endfacet
  facet normal 0.111883 0.993721 -0
    outer loop
      vertex 0.931763 9.45416 0.4
      vertex 0.930786 9.45427 4.6
      vertex 0.931763 9.45416 4.6
    endloop
  endfacet
  facet normal 0.111883 0.993721 0
    outer loop
      vertex 0.930786 9.45427 4.6
      vertex 0.931763 9.45416 0.4
      vertex 0.930786 9.45427 0.4
    endloop
  endfacet
  facet normal 0.0490649 0.998796 -0
    outer loop
      vertex 0.930786 9.45427 0.4
      vertex 0.000488281 9.49997 4.6
      vertex 0.930786 9.45427 4.6
    endloop
  endfacet
  facet normal 0.0490649 0.998796 0
    outer loop
      vertex 0.000488281 9.49997 4.6
      vertex 0.930786 9.45427 0.4
      vertex 0.000488281 9.49997 0.4
    endloop
  endfacet
  facet normal 0 1 -0
    outer loop
      vertex 0.000488281 9.49997 0.4
      vertex -0.000488281 9.49997 4.6
      vertex 0.000488281 9.49997 4.6
    endloop
  endfacet
  facet normal 0 1 0
    outer loop
      vertex -0.000488281 9.49997 4.6
      vertex 0.000488281 9.49997 0.4
      vertex -0.000488281 9.49997 0.4
    endloop
  endfacet
  facet normal -0.0490649 0.998796 0
    outer loop
      vertex -0.000488281 9.49997 0.4
      vertex -0.930786 9.45427 4.6
      vertex -0.000488281 9.49997 4.6
    endloop
  endfacet
  facet normal -0.0490649 0.998796 0
    outer loop
      vertex -0.930786 9.45427 4.6
      vertex -0.000488281 9.49997 0.4
      vertex -0.930786 9.45427 0.4
    endloop
  endfacet
  facet normal -0.111883 0.993721 0
    outer loop
      vertex -0.930786 9.45427 0.4
      vertex -0.931763 9.45416 4.6
      vertex -0.930786 9.45427 4.6
    endloop
  endfacet
  facet normal -0.111883 0.993721 0
    outer loop
      vertex -0.931763 9.45416 4.6
      vertex -0.930786 9.45427 0.4
      vertex -0.931763 9.45416 0.4
    endloop
  endfacet
  facet normal -0.146726 0.989177 0
    outer loop
      vertex -0.931763 9.45416 0.4
      vertex -1.85281 9.31754 4.6
      vertex -0.931763 9.45416 4.6
    endloop
  endfacet
  facet normal -0.146726 0.989177 0
    outer loop
      vertex -1.85281 9.31754 4.6
      vertex -0.931763 9.45416 0.4
      vertex -1.85281 9.31754 0.4
    endloop
  endfacet
  facet normal -0.192223 0.981351 0
    outer loop
      vertex -1.85281 9.31754 0.4
      vertex -1.85378 9.31735 4.6
      vertex -1.85281 9.31754 4.6
    endloop
  endfacet
  facet normal -0.192223 0.981351 0
    outer loop
      vertex -1.85378 9.31735 4.6
      vertex -1.85281 9.31754 0.4
      vertex -1.85378 9.31735 0.4
    endloop
  endfacet
  facet normal -0.242985 0.97003 0
    outer loop
      vertex -1.85378 9.31735 0.4
      vertex -2.7572 9.09105 4.6
      vertex -1.85378 9.31735 4.6
    endloop
  endfacet
  facet normal -0.242985 0.97003 0
    outer loop
      vertex -2.7572 9.09105 4.6
      vertex -1.85378 9.31735 0.4
      vertex -2.7572 9.09105 0.4
    endloop
  endfacet
  facet normal -0.291963 0.95643 0
    outer loop
      vertex -2.7572 9.09105 0.4
      vertex -2.75815 9.09076 4.6
      vertex -2.7572 9.09105 4.6
    endloop
  endfacet
  facet normal -0.291963 0.95643 0
    outer loop
      vertex -2.75815 9.09076 4.6
      vertex -2.7572 9.09105 0.4
      vertex -2.75815 9.09076 0.4
    endloop
  endfacet
  facet normal -0.336877 0.941549 0
    outer loop
      vertex -2.75815 9.09076 0.4
      vertex -3.63506 8.77701 4.6
      vertex -2.75815 9.09076 4.6
    endloop
  endfacet
  facet normal -0.336877 0.941549 0
    outer loop
      vertex -3.63506 8.77701 4.6
      vertex -2.75815 9.09076 0.4
      vertex -3.63506 8.77701 0.4
    endloop
  endfacet
  facet normal -0.388972 0.92125 0
    outer loop
      vertex -3.63506 8.77701 0.4
      vertex -3.63596 8.77663 4.6
      vertex -3.63506 8.77701 4.6
    endloop
  endfacet
  facet normal -0.388972 0.92125 0
    outer loop
      vertex -3.63596 8.77663 4.6
      vertex -3.63506 8.77701 0.4
      vertex -3.63596 8.77663 0.4
    endloop
  endfacet
  facet normal -0.427554 0.90399 0
    outer loop
      vertex -3.63596 8.77663 0.4
      vertex -4.47778 8.37848 4.6
      vertex -3.63596 8.77663 4.6
    endloop
  endfacet
  facet normal -0.427554 0.90399 0
    outer loop
      vertex -4.47778 8.37848 4.6
      vertex -3.63596 8.77663 0.4
      vertex -4.47778 8.37848 0.4
    endloop
  endfacet
  facet normal -0.467421 0.884035 0
    outer loop
      vertex -4.47778 8.37848 0.4
      vertex -4.47865 8.37802 4.6
      vertex -4.47778 8.37848 4.6
    endloop
  endfacet
  facet normal -0.467421 0.884035 0
    outer loop
      vertex -4.47865 8.37802 4.6
      vertex -4.47778 8.37848 0.4
      vertex -4.47865 8.37802 0.4
    endloop
  endfacet
  facet normal -0.514098 0.857732 0
    outer loop
      vertex -4.47865 8.37802 0.4
      vertex -5.27754 7.89919 4.6
      vertex -4.47865 8.37802 4.6
    endloop
  endfacet
  facet normal -0.514098 0.857732 0
    outer loop
      vertex -5.27754 7.89919 4.6
      vertex -4.47865 8.37802 0.4
      vertex -5.27754 7.89919 0.4
    endloop
  endfacet
  facet normal -0.561751 0.827306 0
    outer loop
      vertex -5.27754 7.89919 0.4
      vertex -5.27835 7.89864 4.6
      vertex -5.27754 7.89919 4.6
    endloop
  endfacet
  facet normal -0.561751 0.827306 0
    outer loop
      vertex -5.27835 7.89864 4.6
      vertex -5.27754 7.89919 0.4
      vertex -5.27835 7.89864 0.4
    endloop
  endfacet
  facet normal -0.595695 0.80321 0
    outer loop
      vertex -5.27835 7.89864 0.4
      vertex -6.02623 7.34398 4.6
      vertex -5.27835 7.89864 4.6
    endloop
  endfacet
  facet normal -0.595695 0.80321 0
    outer loop
      vertex -6.02623 7.34398 4.6
      vertex -5.27835 7.89864 0.4
      vertex -6.02623 7.34398 0.4
    endloop
  endfacet
  facet normal -0.625946 0.779867 0
    outer loop
      vertex -6.02623 7.34398 0.4
      vertex -6.02699 7.34337 4.6
      vertex -6.02623 7.34398 4.6
    endloop
  endfacet
  facet normal -0.625946 0.779867 0
    outer loop
      vertex -6.02699 7.34337 4.6
      vertex -6.02623 7.34398 0.4
      vertex -6.02699 7.34337 0.4
    endloop
  endfacet
  facet normal -0.671556 0.740954 0
    outer loop
      vertex -6.02699 7.34337 0.4
      vertex -6.71715 6.71785 4.6
      vertex -6.02699 7.34337 4.6
    endloop
  endfacet
  facet normal -0.671556 0.740954 0
    outer loop
      vertex -6.71715 6.71785 4.6
      vertex -6.02699 7.34337 0.4
      vertex -6.71715 6.71785 0.4
    endloop
  endfacet
  facet normal -0.707107 0.707107 0
    outer loop
      vertex -6.71785 6.71715 0.4
      vertex -6.71715 6.71785 4.6
      vertex -6.71715 6.71785 0.4
    endloop
  endfacet
  facet normal -0.707107 0.707107 0
    outer loop
      vertex -6.71715 6.71785 4.6
      vertex -6.71785 6.71715 0.4
      vertex -6.71785 6.71715 4.6
    endloop
  endfacet
  facet normal -0.740954 0.671556 0
    outer loop
      vertex -7.34337 6.02699 0.4
      vertex -6.71785 6.71715 4.6
      vertex -6.71785 6.71715 0.4
    endloop
  endfacet
  facet normal -0.740954 0.671556 0
    outer loop
      vertex -6.71785 6.71715 4.6
      vertex -7.34337 6.02699 0.4
      vertex -7.34337 6.02699 4.6
    endloop
  endfacet
  facet normal -0.779867 0.625946 0
    outer loop
      vertex -7.34398 6.02623 0.4
      vertex -7.34337 6.02699 4.6
      vertex -7.34337 6.02699 0.4
    endloop
  endfacet
  facet normal -0.779867 0.625946 0
    outer loop
      vertex -7.34337 6.02699 4.6
      vertex -7.34398 6.02623 0.4
      vertex -7.34398 6.02623 4.6
    endloop
  endfacet
  facet normal -0.80321 0.595695 0
    outer loop
      vertex -7.89864 5.27835 0.4
      vertex -7.34398 6.02623 4.6
      vertex -7.34398 6.02623 0.4
    endloop
  endfacet
  facet normal -0.80321 0.595695 0
    outer loop
      vertex -7.34398 6.02623 4.6
      vertex -7.89864 5.27835 0.4
      vertex -7.89864 5.27835 4.6
    endloop
  endfacet
  facet normal -0.827306 0.561751 0
    outer loop
      vertex -7.89919 5.27754 0.4
      vertex -7.89864 5.27835 4.6
      vertex -7.89864 5.27835 0.4
    endloop
  endfacet
  facet normal -0.827306 0.561751 0
    outer loop
      vertex -7.89864 5.27835 4.6
      vertex -7.89919 5.27754 0.4
      vertex -7.89919 5.27754 4.6
    endloop
  endfacet
  facet normal -0.857732 0.514098 0
    outer loop
      vertex -8.37802 4.47865 0.4
      vertex -7.89919 5.27754 4.6
      vertex -7.89919 5.27754 0.4
    endloop
  endfacet
  facet normal -0.857732 0.514098 0
    outer loop
      vertex -7.89919 5.27754 4.6
      vertex -8.37802 4.47865 0.4
      vertex -8.37802 4.47865 4.6
    endloop
  endfacet
  facet normal -0.884035 0.467421 0
    outer loop
      vertex -8.37848 4.47778 0.4
      vertex -8.37802 4.47865 4.6
      vertex -8.37802 4.47865 0.4
    endloop
  endfacet
  facet normal -0.884035 0.467421 0
    outer loop
      vertex -8.37802 4.47865 4.6
      vertex -8.37848 4.47778 0.4
      vertex -8.37848 4.47778 4.6
    endloop
  endfacet
  facet normal -0.90399 0.427554 0
    outer loop
      vertex -8.77663 3.63596 0.4
      vertex -8.37848 4.47778 4.6
      vertex -8.37848 4.47778 0.4
    endloop
  endfacet
  facet normal -0.90399 0.427554 0
    outer loop
      vertex -8.37848 4.47778 4.6
      vertex -8.77663 3.63596 0.4
      vertex -8.77663 3.63596 4.6
    endloop
  endfacet
  facet normal -0.92125 0.388972 0
    outer loop
      vertex -8.77701 3.63506 0.4
      vertex -8.77663 3.63596 4.6
      vertex -8.77663 3.63596 0.4
    endloop
  endfacet
  facet normal -0.92125 0.388972 0
    outer loop
      vertex -8.77663 3.63596 4.6
      vertex -8.77701 3.63506 0.4
      vertex -8.77701 3.63506 4.6
    endloop
  endfacet
  facet normal -0.941549 0.336877 0
    outer loop
      vertex -9.09076 2.75815 0.4
      vertex -8.77701 3.63506 4.6
      vertex -8.77701 3.63506 0.4
    endloop
  endfacet
  facet normal -0.941549 0.336877 0
    outer loop
      vertex -8.77701 3.63506 4.6
      vertex -9.09076 2.75815 0.4
      vertex -9.09076 2.75815 4.6
    endloop
  endfacet
  facet normal -0.95643 0.291963 0
    outer loop
      vertex -9.09105 2.7572 0.4
      vertex -9.09076 2.75815 4.6
      vertex -9.09076 2.75815 0.4
    endloop
  endfacet
  facet normal -0.95643 0.291963 0
    outer loop
      vertex -9.09076 2.75815 4.6
      vertex -9.09105 2.7572 0.4
      vertex -9.09105 2.7572 4.6
    endloop
  endfacet
  facet normal -0.97003 0.242985 0
    outer loop
      vertex -9.31735 1.85378 0.4
      vertex -9.09105 2.7572 4.6
      vertex -9.09105 2.7572 0.4
    endloop
  endfacet
  facet normal -0.97003 0.242985 0
    outer loop
      vertex -9.09105 2.7572 4.6
      vertex -9.31735 1.85378 0.4
      vertex -9.31735 1.85378 4.6
    endloop
  endfacet
  facet normal -0.981351 0.192223 0
    outer loop
      vertex -9.31754 1.85281 0.4
      vertex -9.31735 1.85378 4.6
      vertex -9.31735 1.85378 0.4
    endloop
  endfacet
  facet normal -0.981351 0.192223 0
    outer loop
      vertex -9.31735 1.85378 4.6
      vertex -9.31754 1.85281 0.4
      vertex -9.31754 1.85281 4.6
    endloop
  endfacet
  facet normal -0.989177 0.146726 0
    outer loop
      vertex -9.45416 0.931763 0.4
      vertex -9.31754 1.85281 4.6
      vertex -9.31754 1.85281 0.4
    endloop
  endfacet
  facet normal -0.989177 0.146726 0
    outer loop
      vertex -9.31754 1.85281 4.6
      vertex -9.45416 0.931763 0.4
      vertex -9.45416 0.931763 4.6
    endloop
  endfacet
  facet normal -0.993721 0.111883 0
    outer loop
      vertex -9.45427 0.930786 0.4
      vertex -9.45416 0.931763 4.6
      vertex -9.45416 0.931763 0.4
    endloop
  endfacet
  facet normal -0.993721 0.111883 0
    outer loop
      vertex -9.45416 0.931763 4.6
      vertex -9.45427 0.930786 0.4
      vertex -9.45427 0.930786 4.6
    endloop
  endfacet
  facet normal -0.998796 0.0490649 0
    outer loop
      vertex -9.49997 0.000488281 0.4
      vertex -9.45427 0.930786 4.6
      vertex -9.45427 0.930786 0.4
    endloop
  endfacet
  facet normal -0.998796 0.0490649 0
    outer loop
      vertex -9.45427 0.930786 4.6
      vertex -9.49997 0.000488281 0.4
      vertex -9.49997 0.000488281 4.6
    endloop
  endfacet
  facet normal -1 0 0
    outer loop
      vertex -9.49997 -0.000488281 0.4
      vertex -9.49997 0.000488281 4.6
      vertex -9.49997 0.000488281 0.4
    endloop
  endfacet
  facet normal -1 -0 0
    outer loop
      vertex -9.49997 0.000488281 4.6
      vertex -9.49997 -0.000488281 0.4
      vertex -9.49997 -0.000488281 4.6
    endloop
  endfacet
  facet normal -0.998796 -0.0490649 0
    outer loop
      vertex -9.45427 -0.930786 0.4
      vertex -9.49997 -0.000488281 4.6
      vertex -9.49997 -0.000488281 0.4
    endloop
  endfacet
  facet normal -0.998796 -0.0490649 0
    outer loop
      vertex -9.49997 -0.000488281 4.6
      vertex -9.45427 -0.930786 0.4
      vertex -9.45427 -0.930786 4.6
    endloop
  endfacet
  facet normal -0.993721 -0.111883 0
    outer loop
      vertex -9.45416 -0.931763 0.4
      vertex -9.45427 -0.930786 4.6
      vertex -9.45427 -0.930786 0.4
    endloop
  endfacet
  facet normal -0.993721 -0.111883 0
    outer loop
      vertex -9.45427 -0.930786 4.6
      vertex -9.45416 -0.931763 0.4
      vertex -9.45416 -0.931763 4.6
    endloop
  endfacet
  facet normal -0.989177 -0.146726 0
    outer loop
      vertex -9.31754 -1.85281 0.4
      vertex -9.45416 -0.931763 4.6
      vertex -9.45416 -0.931763 0.4
    endloop
  endfacet
  facet normal -0.989177 -0.146726 0
    outer loop
      vertex -9.45416 -0.931763 4.6
      vertex -9.31754 -1.85281 0.4
      vertex -9.31754 -1.85281 4.6
    endloop
  endfacet
  facet normal -0.981351 -0.192223 0
    outer loop
      vertex -9.31735 -1.85378 0.4
      vertex -9.31754 -1.85281 4.6
      vertex -9.31754 -1.85281 0.4
    endloop
  endfacet
  facet normal -0.981351 -0.192223 0
    outer loop
      vertex -9.31754 -1.85281 4.6
      vertex -9.31735 -1.85378 0.4
      vertex -9.31735 -1.85378 4.6
    endloop
  endfacet
  facet normal -0.97003 -0.242985 0
    outer loop
      vertex -9.09105 -2.7572 0.4
      vertex -9.31735 -1.85378 4.6
      vertex -9.31735 -1.85378 0.4
    endloop
  endfacet
  facet normal -0.97003 -0.242985 0
    outer loop
      vertex -9.31735 -1.85378 4.6
      vertex -9.09105 -2.7572 0.4
      vertex -9.09105 -2.7572 4.6
    endloop
  endfacet
  facet normal -0.95643 -0.291963 0
    outer loop
      vertex -9.09076 -2.75815 0.4
      vertex -9.09105 -2.7572 4.6
      vertex -9.09105 -2.7572 0.4
    endloop
  endfacet
  facet normal -0.95643 -0.291963 0
    outer loop
      vertex -9.09105 -2.7572 4.6
      vertex -9.09076 -2.75815 0.4
      vertex -9.09076 -2.75815 4.6
    endloop
  endfacet
  facet normal -0.941549 -0.336877 0
    outer loop
      vertex -8.77701 -3.63506 0.4
      vertex -9.09076 -2.75815 4.6
      vertex -9.09076 -2.75815 0.4
    endloop
  endfacet
  facet normal -0.941549 -0.336877 0
    outer loop
      vertex -9.09076 -2.75815 4.6
      vertex -8.77701 -3.63506 0.4
      vertex -8.77701 -3.63506 4.6
    endloop
  endfacet
  facet normal -0.92125 -0.388972 0
    outer loop
      vertex -8.77663 -3.63596 0.4
      vertex -8.77701 -3.63506 4.6
      vertex -8.77701 -3.63506 0.4
    endloop
  endfacet
  facet normal -0.92125 -0.388972 0
    outer loop
      vertex -8.77701 -3.63506 4.6
      vertex -8.77663 -3.63596 0.4
      vertex -8.77663 -3.63596 4.6
    endloop
  endfacet
  facet normal -0.90399 -0.427554 0
    outer loop
      vertex -8.37848 -4.47778 0.4
      vertex -8.77663 -3.63596 4.6
      vertex -8.77663 -3.63596 0.4
    endloop
  endfacet
  facet normal -0.90399 -0.427554 0
    outer loop
      vertex -8.77663 -3.63596 4.6
      vertex -8.37848 -4.47778 0.4
      vertex -8.37848 -4.47778 4.6
    endloop
  endfacet
  facet normal -0.884035 -0.467421 0
    outer loop
      vertex -8.37802 -4.47865 0.4
      vertex -8.37848 -4.47778 4.6
      vertex -8.37848 -4.47778 0.4
    endloop
  endfacet
  facet normal -0.884035 -0.467421 0
    outer loop
      vertex -8.37848 -4.47778 4.6
      vertex -8.37802 -4.47865 0.4
      vertex -8.37802 -4.47865 4.6
    endloop
  endfacet
  facet normal -0.857732 -0.514098 0
    outer loop
      vertex -7.89919 -5.27754 0.4
      vertex -8.37802 -4.47865 4.6
      vertex -8.37802 -4.47865 0.4
    endloop
  endfacet
  facet normal -0.857732 -0.514098 0
    outer loop
      vertex -8.37802 -4.47865 4.6
      vertex -7.89919 -5.27754 0.4
      vertex -7.89919 -5.27754 4.6
    endloop
  endfacet
  facet normal -0.827306 -0.561751 0
    outer loop
      vertex -7.89864 -5.27835 0.4
      vertex -7.89919 -5.27754 4.6
      vertex -7.89919 -5.27754 0.4
    endloop
  endfacet
  facet normal -0.827306 -0.561751 0
    outer loop
      vertex -7.89919 -5.27754 4.6
      vertex -7.89864 -5.27835 0.4
      vertex -7.89864 -5.27835 4.6
    endloop
  endfacet
  facet normal -0.80321 -0.595695 0
    outer loop
      vertex -7.34398 -6.02623 0.4
      vertex -7.89864 -5.27835 4.6
      vertex -7.89864 -5.27835 0.4
    endloop
  endfacet
  facet normal -0.80321 -0.595695 0
    outer loop
      vertex -7.89864 -5.27835 4.6
      vertex -7.34398 -6.02623 0.4
      vertex -7.34398 -6.02623 4.6
    endloop
  endfacet
  facet normal -0.779867 -0.625946 0
    outer loop
      vertex -7.34337 -6.02699 0.4
      vertex -7.34398 -6.02623 4.6
      vertex -7.34398 -6.02623 0.4
    endloop
  endfacet
  facet normal -0.779867 -0.625946 0
    outer loop
      vertex -7.34398 -6.02623 4.6
      vertex -7.34337 -6.02699 0.4
      vertex -7.34337 -6.02699 4.6
    endloop
  endfacet
  facet normal -0.740954 -0.671556 0
    outer loop
      vertex -6.71785 -6.71715 0.4
      vertex -7.34337 -6.02699 4.6
      vertex -7.34337 -6.02699 0.4
    endloop
  endfacet
  facet normal -0.740954 -0.671556 0
    outer loop
      vertex -7.34337 -6.02699 4.6
      vertex -6.71785 -6.71715 0.4
      vertex -6.71785 -6.71715 4.6
    endloop
  endfacet
  facet normal -0.707107 -0.707107 0
    outer loop
      vertex -6.71715 -6.71785 0.4
      vertex -6.71785 -6.71715 4.6
      vertex -6.71785 -6.71715 0.4
    endloop
  endfacet
  facet normal -0.707107 -0.707107 0
    outer loop
      vertex -6.71785 -6.71715 4.6
      vertex -6.71715 -6.71785 0.4
      vertex -6.71715 -6.71785 4.6
    endloop
  endfacet
  facet normal -0.671556 -0.740954 0
    outer loop
      vertex -6.71715 -6.71785 0.4
      vertex -6.02699 -7.34337 4.6
      vertex -6.71715 -6.71785 4.6
    endloop
  endfacet
  facet normal -0.671556 -0.740954 -0
    outer loop
      vertex -6.02699 -7.34337 4.6
      vertex -6.71715 -6.71785 0.4
      vertex -6.02699 -7.34337 0.4
    endloop
  endfacet
  facet normal -0.625946 -0.779867 0
    outer loop
      vertex -6.02699 -7.34337 0.4
      vertex -6.02623 -7.34398 4.6
      vertex -6.02699 -7.34337 4.6
    endloop
  endfacet
  facet normal -0.625946 -0.779867 -0
    outer loop
      vertex -6.02623 -7.34398 4.6
      vertex -6.02699 -7.34337 0.4
      vertex -6.02623 -7.34398 0.4
    endloop
  endfacet
  facet normal -0.595695 -0.80321 0
    outer loop
      vertex -6.02623 -7.34398 0.4
      vertex -5.27835 -7.89864 4.6
      vertex -6.02623 -7.34398 4.6
    endloop
  endfacet
  facet normal -0.595695 -0.80321 -0
    outer loop
      vertex -5.27835 -7.89864 4.6
      vertex -6.02623 -7.34398 0.4
      vertex -5.27835 -7.89864 0.4
    endloop
  endfacet
  facet normal -0.561751 -0.827306 0
    outer loop
      vertex -5.27835 -7.89864 0.4
      vertex -5.27754 -7.89919 4.6
      vertex -5.27835 -7.89864 4.6
    endloop
  endfacet
  facet normal -0.561751 -0.827306 -0
    outer loop
      vertex -5.27754 -7.89919 4.6
      vertex -5.27835 -7.89864 0.4
      vertex -5.27754 -7.89919 0.4
    endloop
  endfacet
  facet normal -0.514098 -0.857732 0
    outer loop
      vertex -5.27754 -7.89919 0.4
      vertex -4.47865 -8.37802 4.6
      vertex -5.27754 -7.89919 4.6
    endloop
  endfacet
  facet normal -0.514098 -0.857732 -0
    outer loop
      vertex -4.47865 -8.37802 4.6
      vertex -5.27754 -7.89919 0.4
      vertex -4.47865 -8.37802 0.4
    endloop
  endfacet
  facet normal -0.467421 -0.884035 0
    outer loop
      vertex -4.47865 -8.37802 0.4
      vertex -4.47778 -8.37848 4.6
      vertex -4.47865 -8.37802 4.6
    endloop
  endfacet
  facet normal -0.467421 -0.884035 -0
    outer loop
      vertex -4.47778 -8.37848 4.6
      vertex -4.47865 -8.37802 0.4
      vertex -4.47778 -8.37848 0.4
    endloop
  endfacet
  facet normal -0.427554 -0.90399 0
    outer loop
      vertex -4.47778 -8.37848 0.4
      vertex -3.63596 -8.77663 4.6
      vertex -4.47778 -8.37848 4.6
    endloop
  endfacet
  facet normal -0.427554 -0.90399 -0
    outer loop
      vertex -3.63596 -8.77663 4.6
      vertex -4.47778 -8.37848 0.4
      vertex -3.63596 -8.77663 0.4
    endloop
  endfacet
  facet normal -0.388972 -0.92125 0
    outer loop
      vertex -3.63596 -8.77663 0.4
      vertex -3.63506 -8.77701 4.6
      vertex -3.63596 -8.77663 4.6
    endloop
  endfacet
  facet normal -0.388972 -0.92125 -0
    outer loop
      vertex -3.63506 -8.77701 4.6
      vertex -3.63596 -8.77663 0.4
      vertex -3.63506 -8.77701 0.4
    endloop
  endfacet
  facet normal -0.336877 -0.941549 0
    outer loop
      vertex -3.63506 -8.77701 0.4
      vertex -2.75815 -9.09076 4.6
      vertex -3.63506 -8.77701 4.6
    endloop
  endfacet
  facet normal -0.336877 -0.941549 -0
    outer loop
      vertex -2.75815 -9.09076 4.6
      vertex -3.63506 -8.77701 0.4
      vertex -2.75815 -9.09076 0.4
    endloop
  endfacet
  facet normal -0.291963 -0.95643 0
    outer loop
      vertex -2.75815 -9.09076 0.4
      vertex -2.7572 -9.09105 4.6
      vertex -2.75815 -9.09076 4.6
    endloop
  endfacet
  facet normal -0.291963 -0.95643 -0
    outer loop
      vertex -2.7572 -9.09105 4.6
      vertex -2.75815 -9.09076 0.4
      vertex -2.7572 -9.09105 0.4
    endloop
  endfacet
  facet normal -0.242985 -0.97003 0
    outer loop
      vertex -2.7572 -9.09105 0.4
      vertex -1.85378 -9.31735 4.6
      vertex -2.7572 -9.09105 4.6
    endloop
  endfacet
  facet normal -0.242985 -0.97003 -0
    outer loop
      vertex -1.85378 -9.31735 4.6
      vertex -2.7572 -9.09105 0.4
      vertex -1.85378 -9.31735 0.4
    endloop
  endfacet
  facet normal -0.192223 -0.981351 0
    outer loop
      vertex -1.85378 -9.31735 0.4
      vertex -1.85281 -9.31754 4.6
      vertex -1.85378 -9.31735 4.6
    endloop
  endfacet
  facet normal -0.192223 -0.981351 -0
    outer loop
      vertex -1.85281 -9.31754 4.6
      vertex -1.85378 -9.31735 0.4
      vertex -1.85281 -9.31754 0.4
    endloop
  endfacet
  facet normal -0.146726 -0.989177 0
    outer loop
      vertex -1.85281 -9.31754 0.4
      vertex -0.931763 -9.45416 4.6
      vertex -1.85281 -9.31754 4.6
    endloop
  endfacet
  facet normal -0.146726 -0.989177 -0
    outer loop
      vertex -0.931763 -9.45416 4.6
      vertex -1.85281 -9.31754 0.4
      vertex -0.931763 -9.45416 0.4
    endloop
  endfacet
  facet normal -0.111883 -0.993721 0
    outer loop
      vertex -0.931763 -9.45416 0.4
      vertex -0.930786 -9.45427 4.6
      vertex -0.931763 -9.45416 4.6
    endloop
  endfacet
  facet normal -0.111883 -0.993721 -0
    outer loop
      vertex -0.930786 -9.45427 4.6
      vertex -0.931763 -9.45416 0.4
      vertex -0.930786 -9.45427 0.4
    endloop
  endfacet
  facet normal -0.0490649 -0.998796 0
    outer loop
      vertex -0.930786 -9.45427 0.4
      vertex -0.000488281 -9.49997 4.6
      vertex -0.930786 -9.45427 4.6
    endloop
  endfacet
  facet normal -0.0490649 -0.998796 -0
    outer loop
      vertex -0.000488281 -9.49997 4.6
      vertex -0.930786 -9.45427 0.4
      vertex -0.000488281 -9.49997 0.4
    endloop
  endfacet
  facet normal 0 -1 0
    outer loop
      vertex -0.000488281 -9.49997 0.4
      vertex 0.000488281 -9.49997 4.6
      vertex -0.000488281 -9.49997 4.6
    endloop
  endfacet
  facet normal 0 -1 -0
    outer loop
      vertex 0.000488281 -9.49997 4.6
      vertex -0.000488281 -9.49997 0.4
      vertex 0.000488281 -9.49997 0.4
    endloop
  endfacet
  facet normal 0.0490649 -0.998796 0
    outer loop
      vertex 0.000488281 -9.49997 0.4
      vertex 0.930786 -9.45427 4.6
      vertex 0.000488281 -9.49997 4.6
    endloop
  endfacet
  facet normal 0.0490649 -0.998796 0
    outer loop
      vertex 0.930786 -9.45427 4.6
      vertex 0.000488281 -9.49997 0.4
      vertex 0.930786 -9.45427 0.4
    endloop
  endfacet
  facet normal -0.0490642 -0.998796 0
    outer loop
      vertex -0.656714 -6.66774 5
      vertex 0 -6.7 5.4
      vertex -0.656714 -6.66774 5.4
    endloop
  endfacet
  facet normal -0.0490642 -0.998796 -0
    outer loop
      vertex 0 -6.7 5.4
      vertex -0.656714 -6.66774 5
      vertex 0 -6.7 5
    endloop
  endfacet
  facet normal -0.989176 -0.146735 0
    outer loop
      vertex -6.57126 -1.30711 5
      vertex -6.66774 -0.656714 5.4
      vertex -6.66774 -0.656714 5
    endloop
  endfacet
  facet normal -0.989176 -0.146735 0
    outer loop
      vertex -6.66774 -0.656714 5.4
      vertex -6.57126 -1.30711 5
      vertex -6.57126 -1.30711 5.4
    endloop
  endfacet
  facet normal 0.989176 0.146735 0
    outer loop
      vertex 6.66774 0.656714 5.4
      vertex 6.57126 1.30711 5
      vertex 6.57126 1.30711 5.4
    endloop
  endfacet
  facet normal 0.989176 0.146735 0
    outer loop
      vertex 6.57126 1.30711 5
      vertex 6.66774 0.656714 5.4
      vertex 6.66774 0.656714 5
    endloop
  endfacet
  facet normal 0.740947 -0.671564 0
    outer loop
      vertex 4.73761 -4.73761 5.4
      vertex 5.17917 -4.25043 5
      vertex 5.17917 -4.25043 5.4
    endloop
  endfacet
  facet normal 0.740947 -0.671564 0
    outer loop
      vertex 5.17917 -4.25043 5
      vertex 4.73761 -4.73761 5.4
      vertex 4.73761 -4.73761 5
    endloop
  endfacet
  facet normal 0.146735 0.989176 -0
    outer loop
      vertex 1.30711 6.57126 5
      vertex 0.656714 6.66774 5.4
      vertex 1.30711 6.57126 5.4
    endloop
  endfacet
  facet normal 0.146735 0.989176 0
    outer loop
      vertex 0.656714 6.66774 5.4
      vertex 1.30711 6.57126 5
      vertex 0.656714 6.66774 5
    endloop
  endfacet
  facet normal 0.803202 -0.595706 0
    outer loop
      vertex 5.17917 -4.25043 5.4
      vertex 5.57085 -3.72232 5
      vertex 5.57085 -3.72232 5.4
    endloop
  endfacet
  facet normal 0.803202 -0.595706 0
    outer loop
      vertex 5.57085 -3.72232 5
      vertex 5.17917 -4.25043 5.4
      vertex 5.17917 -4.25043 5
    endloop
  endfacet
  facet normal 0.595706 -0.803202 0
    outer loop
      vertex 3.72232 -5.57085 5
      vertex 4.25043 -5.17917 5.4
      vertex 3.72232 -5.57085 5.4
    endloop
  endfacet
  facet normal 0.595706 -0.803202 0
    outer loop
      vertex 4.25043 -5.17917 5.4
      vertex 3.72232 -5.57085 5
      vertex 4.25043 -5.17917 5
    endloop
  endfacet
  facet normal 0.336894 -0.941543 0
    outer loop
      vertex 1.94491 -6.4115 5
      vertex 2.56398 -6.18999 5.4
      vertex 1.94491 -6.4115 5.4
    endloop
  endfacet
  facet normal 0.336894 -0.941543 0
    outer loop
      vertex 2.56398 -6.18999 5.4
      vertex 1.94491 -6.4115 5
      vertex 2.56398 -6.18999 5
    endloop
  endfacet
  facet normal -0.941543 0.336894 0
    outer loop
      vertex -6.4115 1.94491 5
      vertex -6.18999 2.56398 5.4
      vertex -6.18999 2.56398 5
    endloop
  endfacet
  facet normal -0.941543 0.336894 0
    outer loop
      vertex -6.18999 2.56398 5.4
      vertex -6.4115 1.94491 5
      vertex -6.4115 1.94491 5.4
    endloop
  endfacet
  facet normal -0.0490642 0.998796 0
    outer loop
      vertex 0 6.7 5
      vertex -0.656714 6.66774 5.4
      vertex 0 6.7 5.4
    endloop
  endfacet
  facet normal -0.0490642 0.998796 0
    outer loop
      vertex -0.656714 6.66774 5.4
      vertex 0 6.7 5
      vertex -0.656714 6.66774 5
    endloop
  endfacet
  facet normal -0.336894 0.941543 0
    outer loop
      vertex -1.94491 6.4115 5
      vertex -2.56398 6.18999 5.4
      vertex -1.94491 6.4115 5.4
    endloop
  endfacet
  facet normal -0.336894 0.941543 0
    outer loop
      vertex -2.56398 6.18999 5.4
      vertex -1.94491 6.4115 5
      vertex -2.56398 6.18999 5
    endloop
  endfacet
  facet normal -0.595706 -0.803202 0
    outer loop
      vertex -4.25043 -5.17917 5
      vertex -3.72232 -5.57085 5.4
      vertex -4.25043 -5.17917 5.4
    endloop
  endfacet
  facet normal -0.595706 -0.803202 -0
    outer loop
      vertex -3.72232 -5.57085 5.4
      vertex -4.25043 -5.17917 5
      vertex -3.72232 -5.57085 5
    endloop
  endfacet
  facet normal 0.941543 0.336894 0
    outer loop
      vertex 6.4115 1.94491 5.4
      vertex 6.18999 2.56398 5
      vertex 6.18999 2.56398 5.4
    endloop
  endfacet
  facet normal 0.941543 0.336894 0
    outer loop
      vertex 6.18999 2.56398 5
      vertex 6.4115 1.94491 5.4
      vertex 6.4115 1.94491 5
    endloop
  endfacet
  facet normal -0.595706 0.803202 0
    outer loop
      vertex -3.72232 5.57085 5
      vertex -4.25043 5.17917 5.4
      vertex -3.72232 5.57085 5.4
    endloop
  endfacet
  facet normal -0.595706 0.803202 0
    outer loop
      vertex -4.25043 5.17917 5.4
      vertex -3.72232 5.57085 5
      vertex -4.25043 5.17917 5
    endloop
  endfacet
  facet normal 0.514098 0.857732 -0
    outer loop
      vertex 3.72232 5.57085 5
      vertex 3.15836 5.90887 5.4
      vertex 3.72232 5.57085 5.4
    endloop
  endfacet
  facet normal 0.514098 0.857732 0
    outer loop
      vertex 3.15836 5.90887 5.4
      vertex 3.72232 5.57085 5
      vertex 3.15836 5.90887 5
    endloop
  endfacet
  facet normal 0.989176 -0.146735 0
    outer loop
      vertex 6.57126 -1.30711 5.4
      vertex 6.66774 -0.656714 5
      vertex 6.66774 -0.656714 5.4
    endloop
  endfacet
  facet normal 0.989176 -0.146735 0
    outer loop
      vertex 6.66774 -0.656714 5
      vertex 6.57126 -1.30711 5.4
      vertex 6.57126 -1.30711 5
    endloop
  endfacet
  facet normal 0.90399 -0.427554 0
    outer loop
      vertex 5.90887 -3.15836 5.4
      vertex 6.18999 -2.56398 5
      vertex 6.18999 -2.56398 5.4
    endloop
  endfacet
  facet normal 0.90399 -0.427554 0
    outer loop
      vertex 6.18999 -2.56398 5
      vertex 5.90887 -3.15836 5.4
      vertex 5.90887 -3.15836 5
    endloop
  endfacet
  facet normal -0.146735 -0.989176 0
    outer loop
      vertex -1.30711 -6.57126 5
      vertex -0.656714 -6.66774 5.4
      vertex -1.30711 -6.57126 5.4
    endloop
  endfacet
  facet normal -0.146735 -0.989176 -0
    outer loop
      vertex -0.656714 -6.66774 5.4
      vertex -1.30711 -6.57126 5
      vertex -0.656714 -6.66774 5
    endloop
  endfacet
  facet normal 0.998796 0.0490642 0
    outer loop
      vertex 6.7 0 5.4
      vertex 6.66774 0.656714 5
      vertex 6.66774 0.656714 5.4
    endloop
  endfacet
  facet normal 0.998796 0.0490642 0
    outer loop
      vertex 6.66774 0.656714 5
      vertex 6.7 0 5.4
      vertex 6.7 0 5
    endloop
  endfacet
  facet normal -0.941543 -0.336894 0
    outer loop
      vertex -6.18999 -2.56398 5
      vertex -6.4115 -1.94491 5.4
      vertex -6.4115 -1.94491 5
    endloop
  endfacet
  facet normal -0.941543 -0.336894 0
    outer loop
      vertex -6.4115 -1.94491 5.4
      vertex -6.18999 -2.56398 5
      vertex -6.18999 -2.56398 5.4
    endloop
  endfacet
  facet normal 0.970031 0.242979 0
    outer loop
      vertex 6.57126 1.30711 5.4
      vertex 6.4115 1.94491 5
      vertex 6.4115 1.94491 5.4
    endloop
  endfacet
  facet normal 0.970031 0.242979 0
    outer loop
      vertex 6.4115 1.94491 5
      vertex 6.57126 1.30711 5.4
      vertex 6.57126 1.30711 5
    endloop
  endfacet
  facet normal -0.242979 -0.970031 0
    outer loop
      vertex -1.94491 -6.4115 5
      vertex -1.30711 -6.57126 5.4
      vertex -1.94491 -6.4115 5.4
    endloop
  endfacet
  facet normal -0.242979 -0.970031 -0
    outer loop
      vertex -1.30711 -6.57126 5.4
      vertex -1.94491 -6.4115 5
      vertex -1.30711 -6.57126 5
    endloop
  endfacet
  facet normal -0.146735 0.989176 0
    outer loop
      vertex -0.656714 6.66774 5
      vertex -1.30711 6.57126 5.4
      vertex -0.656714 6.66774 5.4
    endloop
  endfacet
  facet normal -0.146735 0.989176 0
    outer loop
      vertex -1.30711 6.57126 5.4
      vertex -0.656714 6.66774 5
      vertex -1.30711 6.57126 5
    endloop
  endfacet
  facet normal 0.242979 -0.970031 0
    outer loop
      vertex 1.30711 -6.57126 5
      vertex 1.94491 -6.4115 5.4
      vertex 1.30711 -6.57126 5.4
    endloop
  endfacet
  facet normal 0.242979 -0.970031 0
    outer loop
      vertex 1.94491 -6.4115 5.4
      vertex 1.30711 -6.57126 5
      vertex 1.94491 -6.4115 5
    endloop
  endfacet
  facet normal -0.242979 0.970031 0
    outer loop
      vertex -1.30711 6.57126 5
      vertex -1.94491 6.4115 5.4
      vertex -1.30711 6.57126 5.4
    endloop
  endfacet
  facet normal -0.242979 0.970031 0
    outer loop
      vertex -1.94491 6.4115 5.4
      vertex -1.30711 6.57126 5
      vertex -1.94491 6.4115 5
    endloop
  endfacet
  facet normal 0.671564 0.740947 -0
    outer loop
      vertex 4.73761 4.73761 5
      vertex 4.25043 5.17917 5.4
      vertex 4.73761 4.73761 5.4
    endloop
  endfacet
  facet normal 0.671564 0.740947 0
    outer loop
      vertex 4.25043 5.17917 5.4
      vertex 4.73761 4.73761 5
      vertex 4.25043 5.17917 5
    endloop
  endfacet
  facet normal 0.90399 0.427554 0
    outer loop
      vertex 6.18999 2.56398 5.4
      vertex 5.90887 3.15836 5
      vertex 5.90887 3.15836 5.4
    endloop
  endfacet
  facet normal 0.90399 0.427554 0
    outer loop
      vertex 5.90887 3.15836 5
      vertex 6.18999 2.56398 5.4
      vertex 6.18999 2.56398 5
    endloop
  endfacet
  facet normal -0.740947 -0.671564 0
    outer loop
      vertex -4.73761 -4.73761 5
      vertex -5.17917 -4.25043 5.4
      vertex -5.17917 -4.25043 5
    endloop
  endfacet
  facet normal -0.740947 -0.671564 0
    outer loop
      vertex -5.17917 -4.25043 5.4
      vertex -4.73761 -4.73761 5
      vertex -4.73761 -4.73761 5.4
    endloop
  endfacet
  facet normal -0.740947 0.671564 0
    outer loop
      vertex -5.17917 4.25043 5
      vertex -4.73761 4.73761 5.4
      vertex -4.73761 4.73761 5
    endloop
  endfacet
  facet normal -0.740947 0.671564 0
    outer loop
      vertex -4.73761 4.73761 5.4
      vertex -5.17917 4.25043 5
      vertex -5.17917 4.25043 5.4
    endloop
  endfacet
  facet normal 0.0490642 0.998796 -0
    outer loop
      vertex 0.656714 6.66774 5
      vertex 0 6.7 5.4
      vertex 0.656714 6.66774 5.4
    endloop
  endfacet
  facet normal 0.0490642 0.998796 0
    outer loop
      vertex 0 6.7 5.4
      vertex 0.656714 6.66774 5
      vertex 0 6.7 5
    endloop
  endfacet
  facet normal -0.90399 -0.427554 0
    outer loop
      vertex -5.90887 -3.15836 5
      vertex -6.18999 -2.56398 5.4
      vertex -6.18999 -2.56398 5
    endloop
  endfacet
  facet normal -0.90399 -0.427554 0
    outer loop
      vertex -6.18999 -2.56398 5.4
      vertex -5.90887 -3.15836 5
      vertex -5.90887 -3.15836 5.4
    endloop
  endfacet
  facet normal 0.146735 -0.989176 0
    outer loop
      vertex 0.656714 -6.66774 5
      vertex 1.30711 -6.57126 5.4
      vertex 0.656714 -6.66774 5.4
    endloop
  endfacet
  facet normal 0.146735 -0.989176 0
    outer loop
      vertex 1.30711 -6.57126 5.4
      vertex 0.656714 -6.66774 5
      vertex 1.30711 -6.57126 5
    endloop
  endfacet
  facet normal 0.998796 -0.0490642 0
    outer loop
      vertex 6.66774 -0.656714 5.4
      vertex 6.7 0 5
      vertex 6.7 0 5.4
    endloop
  endfacet
  facet normal 0.998796 -0.0490642 0
    outer loop
      vertex 6.7 0 5
      vertex 6.66774 -0.656714 5.4
      vertex 6.66774 -0.656714 5
    endloop
  endfacet
  facet normal 0.595706 0.803202 -0
    outer loop
      vertex 4.25043 5.17917 5
      vertex 3.72232 5.57085 5.4
      vertex 4.25043 5.17917 5.4
    endloop
  endfacet
  facet normal 0.595706 0.803202 0
    outer loop
      vertex 3.72232 5.57085 5.4
      vertex 4.25043 5.17917 5
      vertex 3.72232 5.57085 5
    endloop
  endfacet
  facet normal 0.857732 -0.514098 0
    outer loop
      vertex 5.57085 -3.72232 5.4
      vertex 5.90887 -3.15836 5
      vertex 5.90887 -3.15836 5.4
    endloop
  endfacet
  facet normal 0.857732 -0.514098 0
    outer loop
      vertex 5.90887 -3.15836 5
      vertex 5.57085 -3.72232 5.4
      vertex 5.57085 -3.72232 5
    endloop
  endfacet
  facet normal -0.998796 -0.0490642 0
    outer loop
      vertex -6.66774 -0.656714 5
      vertex -6.7 0 5.4
      vertex -6.7 0 5
    endloop
  endfacet
  facet normal -0.998796 -0.0490642 0
    outer loop
      vertex -6.7 0 5.4
      vertex -6.66774 -0.656714 5
      vertex -6.66774 -0.656714 5.4
    endloop
  endfacet
  facet normal 0.0490642 -0.998796 0
    outer loop
      vertex 0 -6.7 5
      vertex 0.656714 -6.66774 5.4
      vertex 0 -6.7 5.4
    endloop
  endfacet
  facet normal 0.0490642 -0.998796 0
    outer loop
      vertex 0.656714 -6.66774 5.4
      vertex 0 -6.7 5
      vertex 0.656714 -6.66774 5
    endloop
  endfacet
  facet normal -0.671564 0.740947 0
    outer loop
      vertex -4.25043 5.17917 5
      vertex -4.73761 4.73761 5.4
      vertex -4.25043 5.17917 5.4
    endloop
  endfacet
  facet normal -0.671564 0.740947 0
    outer loop
      vertex -4.73761 4.73761 5.4
      vertex -4.25043 5.17917 5
      vertex -4.73761 4.73761 5
    endloop
  endfacet
  facet normal 0.803202 0.595706 0
    outer loop
      vertex 5.57085 3.72232 5.4
      vertex 5.17917 4.25043 5
      vertex 5.17917 4.25043 5.4
    endloop
  endfacet
  facet normal 0.803202 0.595706 0
    outer loop
      vertex 5.17917 4.25043 5
      vertex 5.57085 3.72232 5.4
      vertex 5.57085 3.72232 5
    endloop
  endfacet
  facet normal -0.857732 -0.514098 0
    outer loop
      vertex -5.57085 -3.72232 5
      vertex -5.90887 -3.15836 5.4
      vertex -5.90887 -3.15836 5
    endloop
  endfacet
  facet normal -0.857732 -0.514098 0
    outer loop
      vertex -5.90887 -3.15836 5.4
      vertex -5.57085 -3.72232 5
      vertex -5.57085 -3.72232 5.4
    endloop
  endfacet
  facet normal -0.427554 -0.90399 0
    outer loop
      vertex -3.15836 -5.90887 5
      vertex -2.56398 -6.18999 5.4
      vertex -3.15836 -5.90887 5.4
    endloop
  endfacet
  facet normal -0.427554 -0.90399 -0
    outer loop
      vertex -2.56398 -6.18999 5.4
      vertex -3.15836 -5.90887 5
      vertex -2.56398 -6.18999 5
    endloop
  endfacet
  facet normal 0.336894 0.941543 -0
    outer loop
      vertex 2.56398 6.18999 5
      vertex 1.94491 6.4115 5.4
      vertex 2.56398 6.18999 5.4
    endloop
  endfacet
  facet normal 0.336894 0.941543 0
    outer loop
      vertex 1.94491 6.4115 5.4
      vertex 2.56398 6.18999 5
      vertex 1.94491 6.4115 5
    endloop
  endfacet
  facet normal 0.970031 -0.242979 0
    outer loop
      vertex 6.4115 -1.94491 5.4
      vertex 6.57126 -1.30711 5
      vertex 6.57126 -1.30711 5.4
    endloop
  endfacet
  facet normal 0.970031 -0.242979 0
    outer loop
      vertex 6.57126 -1.30711 5
      vertex 6.4115 -1.94491 5.4
      vertex 6.4115 -1.94491 5
    endloop
  endfacet
  facet normal 0.941543 -0.336894 0
    outer loop
      vertex 6.18999 -2.56398 5.4
      vertex 6.4115 -1.94491 5
      vertex 6.4115 -1.94491 5.4
    endloop
  endfacet
  facet normal 0.941543 -0.336894 0
    outer loop
      vertex 6.4115 -1.94491 5
      vertex 6.18999 -2.56398 5.4
      vertex 6.18999 -2.56398 5
    endloop
  endfacet
  facet normal -0.803202 -0.595706 0
    outer loop
      vertex -5.17917 -4.25043 5
      vertex -5.57085 -3.72232 5.4
      vertex -5.57085 -3.72232 5
    endloop
  endfacet
  facet normal -0.803202 -0.595706 0
    outer loop
      vertex -5.57085 -3.72232 5.4
      vertex -5.17917 -4.25043 5
      vertex -5.17917 -4.25043 5.4
    endloop
  endfacet
  facet normal 0.857732 0.514098 0
    outer loop
      vertex 5.90887 3.15836 5.4
      vertex 5.57085 3.72232 5
      vertex 5.57085 3.72232 5.4
    endloop
  endfacet
  facet normal 0.857732 0.514098 0
    outer loop
      vertex 5.57085 3.72232 5
      vertex 5.90887 3.15836 5.4
      vertex 5.90887 3.15836 5
    endloop
  endfacet
  facet normal -0.989176 0.146735 0
    outer loop
      vertex -6.66774 0.656714 5
      vertex -6.57126 1.30711 5.4
      vertex -6.57126 1.30711 5
    endloop
  endfacet
  facet normal -0.989176 0.146735 0
    outer loop
      vertex -6.57126 1.30711 5.4
      vertex -6.66774 0.656714 5
      vertex -6.66774 0.656714 5.4
    endloop
  endfacet
  facet normal 0.427554 0.90399 -0
    outer loop
      vertex 3.15836 5.90887 5
      vertex 2.56398 6.18999 5.4
      vertex 3.15836 5.90887 5.4
    endloop
  endfacet
  facet normal 0.427554 0.90399 0
    outer loop
      vertex 2.56398 6.18999 5.4
      vertex 3.15836 5.90887 5
      vertex 2.56398 6.18999 5
    endloop
  endfacet
  facet normal 0.671564 -0.740947 0
    outer loop
      vertex 4.25043 -5.17917 5
      vertex 4.73761 -4.73761 5.4
      vertex 4.25043 -5.17917 5.4
    endloop
  endfacet
  facet normal 0.671564 -0.740947 0
    outer loop
      vertex 4.73761 -4.73761 5.4
      vertex 4.25043 -5.17917 5
      vertex 4.73761 -4.73761 5
    endloop
  endfacet
  facet normal -0.514098 0.857732 0
    outer loop
      vertex -3.15836 5.90887 5
      vertex -3.72232 5.57085 5.4
      vertex -3.15836 5.90887 5.4
    endloop
  endfacet
  facet normal -0.514098 0.857732 0
    outer loop
      vertex -3.72232 5.57085 5.4
      vertex -3.15836 5.90887 5
      vertex -3.72232 5.57085 5
    endloop
  endfacet
  facet normal -0.857732 0.514098 0
    outer loop
      vertex -5.90887 3.15836 5
      vertex -5.57085 3.72232 5.4
      vertex -5.57085 3.72232 5
    endloop
  endfacet
  facet normal -0.857732 0.514098 0
    outer loop
      vertex -5.57085 3.72232 5.4
      vertex -5.90887 3.15836 5
      vertex -5.90887 3.15836 5.4
    endloop
  endfacet
  facet normal -0.514098 -0.857732 0
    outer loop
      vertex -3.72232 -5.57085 5
      vertex -3.15836 -5.90887 5.4
      vertex -3.72232 -5.57085 5.4
    endloop
  endfacet
  facet normal -0.514098 -0.857732 -0
    outer loop
      vertex -3.15836 -5.90887 5.4
      vertex -3.72232 -5.57085 5
      vertex -3.15836 -5.90887 5
    endloop
  endfacet
  facet normal 0.242979 0.970031 -0
    outer loop
      vertex 1.94491 6.4115 5
      vertex 1.30711 6.57126 5.4
      vertex 1.94491 6.4115 5.4
    endloop
  endfacet
  facet normal 0.242979 0.970031 0
    outer loop
      vertex 1.30711 6.57126 5.4
      vertex 1.94491 6.4115 5
      vertex 1.30711 6.57126 5
    endloop
  endfacet
  facet normal -0.336894 -0.941543 0
    outer loop
      vertex -2.56398 -6.18999 5
      vertex -1.94491 -6.4115 5.4
      vertex -2.56398 -6.18999 5.4
    endloop
  endfacet
  facet normal -0.336894 -0.941543 -0
    outer loop
      vertex -1.94491 -6.4115 5.4
      vertex -2.56398 -6.18999 5
      vertex -1.94491 -6.4115 5
    endloop
  endfacet
  facet normal -0.970031 -0.242979 0
    outer loop
      vertex -6.4115 -1.94491 5
      vertex -6.57126 -1.30711 5.4
      vertex -6.57126 -1.30711 5
    endloop
  endfacet
  facet normal -0.970031 -0.242979 0
    outer loop
      vertex -6.57126 -1.30711 5.4
      vertex -6.4115 -1.94491 5
      vertex -6.4115 -1.94491 5.4
    endloop
  endfacet
  facet normal 0.740947 0.671564 0
    outer loop
      vertex 5.17917 4.25043 5.4
      vertex 4.73761 4.73761 5
      vertex 4.73761 4.73761 5.4
    endloop
  endfacet
  facet normal 0.740947 0.671564 0
    outer loop
      vertex 4.73761 4.73761 5
      vertex 5.17917 4.25043 5.4
      vertex 5.17917 4.25043 5
    endloop
  endfacet
  facet normal -0 0 1
    outer loop
      vertex 5.57364 0.536463 5.4
      vertex 6.7 0 5.4
      vertex 6.66774 0.656714 5.4
    endloop
  endfacet
  facet normal 0 0 1
    outer loop
      vertex 5.57121 0.561207 5.4
      vertex 6.66774 0.656714 5.4
      vertex 6.57126 1.30711 5.4
    endloop
  endfacet
  facet normal 0 0 1
    outer loop
      vertex 5.57364 -0.536463 5.4
      vertex 6.7 0 5.4
      vertex 5.6 0 5.4
    endloop
  endfacet
  facet normal -0 0 1
    outer loop
      vertex 5.36189 1.61352 5.4
      vertex 6.57126 1.30711 5.4
      vertex 6.4115 1.94491 5.4
    endloop
  endfacet
  facet normal 0 0 1
    outer loop
      vertex 6.7 0 5.4
      vertex 5.57364 -0.536463 5.4
      vertex 6.66774 -0.656714 5.4
    endloop
  endfacet
  facet normal 0 0 1
    outer loop
      vertex 5.35467 1.63731 5.4
      vertex 6.4115 1.94491 5.4
      vertex 6.18999 2.56398 5.4
    endloop
  endfacet
  facet normal -0 0 1
    outer loop
      vertex 5.57303 -0.548895 5.4
      vertex 6.66774 -0.656714 5.4
      vertex 5.57364 -0.536463 5.4
    endloop
  endfacet
  facet normal -0 0 1
    outer loop
      vertex 4.94408 2.62857 5.4
      vertex 6.18999 2.56398 5.4
      vertex 5.90887 3.15836 5.4
    endloop
  endfacet
  facet normal -0 0 1
    outer loop
      vertex 5.57121 -0.561207 5.4
      vertex 6.66774 -0.656714 5.4
      vertex 5.57303 -0.548895 5.4
    endloop
  endfacet
  facet normal 0 0 1
    outer loop
      vertex 6.66774 -0.656714 5.4
      vertex 5.57121 -0.561207 5.4
      vertex 6.57126 -1.30711 5.4
    endloop
  endfacet
  facet normal 0 0 1
    outer loop
      vertex 6.7 0 5.4
      vertex 5.57364 0.536463 5.4
      vertex 5.6 0 5.4
    endloop
  endfacet
  facet normal 0 0 1
    outer loop
      vertex 6.66774 0.656714 5.4
      vertex 5.57303 0.548895 5.4
      vertex 5.57364 0.536463 5.4
    endloop
  endfacet
  facet normal 0 0 1
    outer loop
      vertex 6.66774 0.656714 5.4
      vertex 5.57121 0.561207 5.4
      vertex 5.57303 0.548895 5.4
    endloop
  endfacet
  facet normal 0 0 1
    outer loop
      vertex 4.66263 3.10052 5.4
      vertex 5.90887 3.15836 5.4
      vertex 5.57085 3.72232 5.4
    endloop
  endfacet
  facet normal 0 0 1
    outer loop
      vertex 6.57126 1.30711 5.4
      vertex 5.4924 1.09251 5.4
      vertex 5.57121 0.561207 5.4
    endloop
  endfacet
  facet normal 0 0 1
    outer loop
      vertex 6.57126 1.30711 5.4
      vertex 5.36189 1.61352 5.4
      vertex 5.4924 1.09251 5.4
    endloop
  endfacet
  facet normal 0 0 1
    outer loop
      vertex 6.4115 1.94491 5.4
      vertex 5.35887 1.62559 5.4
      vertex 5.36189 1.61352 5.4
    endloop
  endfacet
  facet normal 0 0 1
    outer loop
      vertex 6.4115 1.94491 5.4
      vertex 5.35467 1.63731 5.4
      vertex 5.35887 1.62559 5.4
    endloop
  endfacet
  facet normal 0 0 1
    outer loop
      vertex 4.64881 3.12119 5.4
      vertex 5.57085 3.72232 5.4
      vertex 5.17917 4.25043 5.4
    endloop
  endfacet
  facet normal 0 0 1
    outer loop
      vertex 6.18999 2.56398 5.4
      vertex 5.17372 2.14303 5.4
      vertex 5.35467 1.63731 5.4
    endloop
  endfacet
  facet normal 0 0 1
    outer loop
      vertex 6.18999 2.56398 5.4
      vertex 4.94408 2.62857 5.4
      vertex 5.17372 2.14303 5.4
    endloop
  endfacet
  facet normal 0 0 1
    outer loop
      vertex 5.90887 3.15836 5.4
      vertex 4.93876 2.63982 5.4
      vertex 4.94408 2.62857 5.4
    endloop
  endfacet
  facet normal 0 0 1
    outer loop
      vertex 4.3205 3.56182 5.4
      vertex 5.17917 4.25043 5.4
      vertex 4.73761 4.73761 5.4
    endloop
  endfacet
  facet normal 0 0 1
    outer loop
      vertex 5.90887 3.15836 5.4
      vertex 4.66263 3.10052 5.4
      vertex 4.93876 2.63982 5.4
    endloop
  endfacet
  facet normal 0 0 1
    outer loop
      vertex 5.57085 3.72232 5.4
      vertex 4.65623 3.11119 5.4
      vertex 4.66263 3.10052 5.4
    endloop
  endfacet
  facet normal 0 0 1
    outer loop
      vertex 5.57085 3.72232 5.4
      vertex 4.64881 3.12119 5.4
      vertex 4.65623 3.11119 5.4
    endloop
  endfacet
  facet normal 0 0 1
    outer loop
      vertex 5.17917 4.25043 5.4
      vertex 4.32886 3.5526 5.4
      vertex 4.64881 3.12119 5.4
    endloop
  endfacet
  facet normal 0 0 1
    outer loop
      vertex 5.17917 4.25043 5.4
      vertex 4.3205 3.56182 5.4
      vertex 4.32886 3.5526 5.4
    endloop
  endfacet
  facet normal 0 0 1
    outer loop
      vertex 3.56182 4.3205 5.4
      vertex 4.73761 4.73761 5.4
      vertex 4.25043 5.17917 5.4
    endloop
  endfacet
  facet normal 0 0 1
    outer loop
      vertex 4.73761 4.73761 5.4
      vertex 3.9598 3.9598 5.4
      vertex 4.3205 3.56182 5.4
    endloop
  endfacet
  facet normal 0 0 1
    outer loop
      vertex 3.12119 4.64881 5.4
      vertex 4.25043 5.17917 5.4
      vertex 3.72232 5.57085 5.4
    endloop
  endfacet
  facet normal 0 0 1
    outer loop
      vertex 4.73761 4.73761 5.4
      vertex 3.56182 4.3205 5.4
      vertex 3.9598 3.9598 5.4
    endloop
  endfacet
  facet normal 0 0 1
    outer loop
      vertex 4.25043 5.17917 5.4
      vertex 3.5526 4.32886 5.4
      vertex 3.56182 4.3205 5.4
    endloop
  endfacet
  facet normal 0 0 1
    outer loop
      vertex 3.10052 4.66263 5.4
      vertex 3.72232 5.57085 5.4
      vertex 3.15836 5.90887 5.4
    endloop
  endfacet
  facet normal 0 0 1
    outer loop
      vertex 4.25043 5.17917 5.4
      vertex 3.12119 4.64881 5.4
      vertex 3.5526 4.32886 5.4
    endloop
  endfacet
  facet normal 0 0 1
    outer loop
      vertex 3.72232 5.57085 5.4
      vertex 3.11119 4.65623 5.4
      vertex 3.12119 4.64881 5.4
    endloop
  endfacet
  facet normal 0 0 1
    outer loop
      vertex 3.72232 5.57085 5.4
      vertex 3.10052 4.66263 5.4
      vertex 3.11119 4.65623 5.4
    endloop
  endfacet
  facet normal 0 0 1
    outer loop
      vertex 3.15836 5.90887 5.4
      vertex 2.63982 4.93876 5.4
      vertex 3.10052 4.66263 5.4
    endloop
  endfacet
  facet normal 0 0 1
    outer loop
      vertex 3.15836 5.90887 5.4
      vertex 2.62857 4.94408 5.4
      vertex 2.63982 4.93876 5.4
    endloop
  endfacet
  facet normal 0 0 1
    outer loop
      vertex 2.56398 6.18999 5.4
      vertex 2.62857 4.94408 5.4
      vertex 3.15836 5.90887 5.4
    endloop
  endfacet
  facet normal 0 0 1
    outer loop
      vertex 2.56398 6.18999 5.4
      vertex 2.14303 5.17372 5.4
      vertex 2.62857 4.94408 5.4
    endloop
  endfacet
  facet normal 0 0 1
    outer loop
      vertex 1.63731 5.35467 5.4
      vertex 2.56398 6.18999 5.4
      vertex 1.94491 6.4115 5.4
    endloop
  endfacet
  facet normal 0 0 1
    outer loop
      vertex 2.56398 6.18999 5.4
      vertex 1.63731 5.35467 5.4
      vertex 2.14303 5.17372 5.4
    endloop
  endfacet
  facet normal 0 0 1
    outer loop
      vertex 1.94491 6.4115 5.4
      vertex 1.62559 5.35887 5.4
      vertex 1.63731 5.35467 5.4
    endloop
  endfacet
  facet normal 0 0 1
    outer loop
      vertex 1.94491 6.4115 5.4
      vertex 1.61352 5.36189 5.4
      vertex 1.62559 5.35887 5.4
    endloop
  endfacet
  facet normal 0 0 1
    outer loop
      vertex 1.30711 6.57126 5.4
      vertex 1.61352 5.36189 5.4
      vertex 1.94491 6.4115 5.4
    endloop
  endfacet
  facet normal 0 0 1
    outer loop
      vertex 1.30711 6.57126 5.4
      vertex 1.09251 5.4924 5.4
      vertex 1.61352 5.36189 5.4
    endloop
  endfacet
  facet normal 0 0 1
    outer loop
      vertex 0.561207 5.57121 5.4
      vertex 1.30711 6.57126 5.4
      vertex 0.656714 6.66774 5.4
    endloop
  endfacet
  facet normal 0 0 1
    outer loop
      vertex 1.30711 6.57126 5.4
      vertex 0.561207 5.57121 5.4
      vertex 1.09251 5.4924 5.4
    endloop
  endfacet
  facet normal 0 0 1
    outer loop
      vertex 0.656714 6.66774 5.4
      vertex 0.548895 5.57303 5.4
      vertex 0.561207 5.57121 5.4
    endloop
  endfacet
  facet normal 0 0 1
    outer loop
      vertex 0.656714 6.66774 5.4
      vertex 0.536463 5.57364 5.4
      vertex 0.548895 5.57303 5.4
    endloop
  endfacet
  facet normal 0 0 1
    outer loop
      vertex 0 6.7 5.4
      vertex 0.536463 5.57364 5.4
      vertex 0.656714 6.66774 5.4
    endloop
  endfacet
  facet normal 0 0 1
    outer loop
      vertex 0 6.7 5.4
      vertex 0 5.6 5.4
      vertex 0.536463 5.57364 5.4
    endloop
  endfacet
  facet normal 0 0 1
    outer loop
      vertex 0 6.7 5.4
      vertex -0.536463 5.57364 5.4
      vertex 0 5.6 5.4
    endloop
  endfacet
  facet normal -0 0 1
    outer loop
      vertex -0.656714 6.66774 5.4
      vertex -0.536463 5.57364 5.4
      vertex 0 6.7 5.4
    endloop
  endfacet
  facet normal 0 0 1
    outer loop
      vertex -0.536463 5.57364 5.4
      vertex -0.656714 6.66774 5.4
      vertex -0.548895 5.57303 5.4
    endloop
  endfacet
  facet normal 0 0 1
    outer loop
      vertex -0.548895 5.57303 5.4
      vertex -0.656714 6.66774 5.4
      vertex -0.561207 5.57121 5.4
    endloop
  endfacet
  facet normal -0 0 1
    outer loop
      vertex -1.30711 6.57126 5.4
      vertex -0.561207 5.57121 5.4
      vertex -0.656714 6.66774 5.4
    endloop
  endfacet
  facet normal 0 0 1
    outer loop
      vertex -0.561207 5.57121 5.4
      vertex -1.30711 6.57126 5.4
      vertex -1.09251 5.4924 5.4
    endloop
  endfacet
  facet normal 0 0 1
    outer loop
      vertex -1.30711 6.57126 5.4
      vertex -1.61352 5.36189 5.4
      vertex -1.09251 5.4924 5.4
    endloop
  endfacet
  facet normal -0 0 1
    outer loop
      vertex -1.94491 6.4115 5.4
      vertex -1.61352 5.36189 5.4
      vertex -1.30711 6.57126 5.4
    endloop
  endfacet
  facet normal 0 0 1
    outer loop
      vertex -1.61352 5.36189 5.4
      vertex -1.94491 6.4115 5.4
      vertex -1.62559 5.35887 5.4
    endloop
  endfacet
  facet normal 0 0 1
    outer loop
      vertex -1.62559 5.35887 5.4
      vertex -1.94491 6.4115 5.4
      vertex -1.63731 5.35467 5.4
    endloop
  endfacet
  facet normal -0 0 1
    outer loop
      vertex -2.56398 6.18999 5.4
      vertex -1.63731 5.35467 5.4
      vertex -1.94491 6.4115 5.4
    endloop
  endfacet
  facet normal 0 0 1
    outer loop
      vertex -1.63731 5.35467 5.4
      vertex -2.56398 6.18999 5.4
      vertex -2.14303 5.17372 5.4
    endloop
  endfacet
  facet normal 0 0 1
    outer loop
      vertex -2.56398 6.18999 5.4
      vertex -2.62857 4.94408 5.4
      vertex -2.14303 5.17372 5.4
    endloop
  endfacet
  facet normal -0 0 1
    outer loop
      vertex -3.15836 5.90887 5.4
      vertex -2.62857 4.94408 5.4
      vertex -2.56398 6.18999 5.4
    endloop
  endfacet
  facet normal 0 0 1
    outer loop
      vertex -2.62857 4.94408 5.4
      vertex -3.15836 5.90887 5.4
      vertex -2.63982 4.93876 5.4
    endloop
  endfacet
  facet normal 0 0 1
    outer loop
      vertex -2.63982 4.93876 5.4
      vertex -3.15836 5.90887 5.4
      vertex -3.10052 4.66263 5.4
    endloop
  endfacet
  facet normal -0 0 1
    outer loop
      vertex -3.72232 5.57085 5.4
      vertex -3.10052 4.66263 5.4
      vertex -3.15836 5.90887 5.4
    endloop
  endfacet
  facet normal 0 0 1
    outer loop
      vertex -3.10052 4.66263 5.4
      vertex -3.72232 5.57085 5.4
      vertex -3.11119 4.65623 5.4
    endloop
  endfacet
  facet normal 0 0 1
    outer loop
      vertex -3.11119 4.65623 5.4
      vertex -3.72232 5.57085 5.4
      vertex -3.12119 4.64881 5.4
    endloop
  endfacet
  facet normal -0 0 1
    outer loop
      vertex -4.25043 5.17917 5.4
      vertex -3.12119 4.64881 5.4
      vertex -3.72232 5.57085 5.4
    endloop
  endfacet
  facet normal 0 0 1
    outer loop
      vertex -3.12119 4.64881 5.4
      vertex -4.25043 5.17917 5.4
      vertex -3.5526 4.32886 5.4
    endloop
  endfacet
  facet normal 0 0 1
    outer loop
      vertex -3.5526 4.32886 5.4
      vertex -4.25043 5.17917 5.4
      vertex -3.56182 4.3205 5.4
    endloop
  endfacet
  facet normal -0 0 1
    outer loop
      vertex -4.73761 4.73761 5.4
      vertex -3.56182 4.3205 5.4
      vertex -4.25043 5.17917 5.4
    endloop
  endfacet
  facet normal 0 0 1
    outer loop
      vertex -3.56182 4.3205 5.4
      vertex -4.73761 4.73761 5.4
      vertex -3.9598 3.9598 5.4
    endloop
  endfacet
  facet normal 0 0 1
    outer loop
      vertex -3.9598 3.9598 5.4
      vertex -4.73761 4.73761 5.4
      vertex -4.3205 3.56182 5.4
    endloop
  endfacet
  facet normal -0 0 1
    outer loop
      vertex -5.17917 4.25043 5.4
      vertex -4.3205 3.56182 5.4
      vertex -4.73761 4.73761 5.4
    endloop
  endfacet
  facet normal 0 0 1
    outer loop
      vertex -4.3205 3.56182 5.4
      vertex -5.17917 4.25043 5.4
      vertex -4.32886 3.5526 5.4
    endloop
  endfacet
  facet normal 0 0 1
    outer loop
      vertex -4.32886 3.5526 5.4
      vertex -5.17917 4.25043 5.4
      vertex -4.64881 3.12119 5.4
    endloop
  endfacet
  facet normal -0 0 1
    outer loop
      vertex -5.57085 3.72232 5.4
      vertex -4.64881 3.12119 5.4
      vertex -5.17917 4.25043 5.4
    endloop
  endfacet
  facet normal 0 0 1
    outer loop
      vertex -4.64881 3.12119 5.4
      vertex -5.57085 3.72232 5.4
      vertex -4.65623 3.11119 5.4
    endloop
  endfacet
  facet normal 0 0 1
    outer loop
      vertex -4.65623 3.11119 5.4
      vertex -5.57085 3.72232 5.4
      vertex -4.66263 3.10052 5.4
    endloop
  endfacet
  facet normal -0 0 1
    outer loop
      vertex -5.90887 3.15836 5.4
      vertex -4.66263 3.10052 5.4
      vertex -5.57085 3.72232 5.4
    endloop
  endfacet
  facet normal 0 0 1
    outer loop
      vertex -4.66263 3.10052 5.4
      vertex -5.90887 3.15836 5.4
      vertex -4.93876 2.63982 5.4
    endloop
  endfacet
  facet normal 0 0 1
    outer loop
      vertex -4.93876 2.63982 5.4
      vertex -5.90887 3.15836 5.4
      vertex -4.94408 2.62857 5.4
    endloop
  endfacet
  facet normal 0 0 1
    outer loop
      vertex -6.18999 2.56398 5.4
      vertex -4.94408 2.62857 5.4
      vertex -5.90887 3.15836 5.4
    endloop
  endfacet
  facet normal 0 0 1
    outer loop
      vertex -4.94408 2.62857 5.4
      vertex -6.18999 2.56398 5.4
      vertex -5.17372 2.14303 5.4
    endloop
  endfacet
  facet normal 0 0 1
    outer loop
      vertex -5.17372 2.14303 5.4
      vertex -6.18999 2.56398 5.4
      vertex -5.35467 1.63731 5.4
    endloop
  endfacet
  facet normal -0 0 1
    outer loop
      vertex -6.4115 1.94491 5.4
      vertex -5.35467 1.63731 5.4
      vertex -6.18999 2.56398 5.4
    endloop
  endfacet
  facet normal 0 0 1
    outer loop
      vertex -5.35467 1.63731 5.4
      vertex -6.4115 1.94491 5.4
      vertex -5.35887 1.62559 5.4
    endloop
  endfacet
  facet normal 0 0 1
    outer loop
      vertex -5.35887 1.62559 5.4
      vertex -6.4115 1.94491 5.4
      vertex -5.36189 1.61352 5.4
    endloop
  endfacet
  facet normal 0 0 1
    outer loop
      vertex -6.57126 1.30711 5.4
      vertex -5.36189 1.61352 5.4
      vertex -6.4115 1.94491 5.4
    endloop
  endfacet
  facet normal 0 0 1
    outer loop
      vertex -5.36189 1.61352 5.4
      vertex -6.57126 1.30711 5.4
      vertex -5.4924 1.09251 5.4
    endloop
  endfacet
  facet normal 0 0 1
    outer loop
      vertex -5.4924 1.09251 5.4
      vertex -6.57126 1.30711 5.4
      vertex -5.57121 0.561207 5.4
    endloop
  endfacet
  facet normal -0 0 1
    outer loop
      vertex 5.4924 -1.09251 5.4
      vertex 6.57126 -1.30711 5.4
      vertex 5.57121 -0.561207 5.4
    endloop
  endfacet
  facet normal 0 0 1
    outer loop
      vertex 5.36189 -1.61352 5.4
      vertex 6.57126 -1.30711 5.4
      vertex 5.4924 -1.09251 5.4
    endloop
  endfacet
  facet normal 0 0 1
    outer loop
      vertex 6.57126 -1.30711 5.4
      vertex 5.36189 -1.61352 5.4
      vertex 6.4115 -1.94491 5.4
    endloop
  endfacet
  facet normal -0 0 1
    outer loop
      vertex 5.35887 -1.62559 5.4
      vertex 6.4115 -1.94491 5.4
      vertex 5.36189 -1.61352 5.4
    endloop
  endfacet
  facet normal -0 0 1
    outer loop
      vertex 5.35467 -1.63731 5.4
      vertex 6.4115 -1.94491 5.4
      vertex 5.35887 -1.62559 5.4
    endloop
  endfacet
  facet normal 0 0 1
    outer loop
      vertex 6.4115 -1.94491 5.4
      vertex 5.35467 -1.63731 5.4
      vertex 6.18999 -2.56398 5.4
    endloop
  endfacet
  facet normal -0 0 1
    outer loop
      vertex 5.17372 -2.14303 5.4
      vertex 6.18999 -2.56398 5.4
      vertex 5.35467 -1.63731 5.4
    endloop
  endfacet
  facet normal 0 0 1
    outer loop
      vertex 4.94408 -2.62857 5.4
      vertex 6.18999 -2.56398 5.4
      vertex 5.17372 -2.14303 5.4
    endloop
  endfacet
  facet normal 0 0 1
    outer loop
      vertex 6.18999 -2.56398 5.4
      vertex 4.94408 -2.62857 5.4
      vertex 5.90887 -3.15836 5.4
    endloop
  endfacet
  facet normal -0 0 1
    outer loop
      vertex 4.93876 -2.63982 5.4
      vertex 5.90887 -3.15836 5.4
      vertex 4.94408 -2.62857 5.4
    endloop
  endfacet
  facet normal -0 0 1
    outer loop
      vertex 4.66263 -3.10052 5.4
      vertex 5.90887 -3.15836 5.4
      vertex 4.93876 -2.63982 5.4
    endloop
  endfacet
  facet normal 0 0 1
    outer loop
      vertex 5.90887 -3.15836 5.4
      vertex 4.66263 -3.10052 5.4
      vertex 5.57085 -3.72232 5.4
    endloop
  endfacet
  facet normal -0 0 1
    outer loop
      vertex 4.65623 -3.11119 5.4
      vertex 5.57085 -3.72232 5.4
      vertex 4.66263 -3.10052 5.4
    endloop
  endfacet
  facet normal -0 0 1
    outer loop
      vertex 4.64881 -3.12119 5.4
      vertex 5.57085 -3.72232 5.4
      vertex 4.65623 -3.11119 5.4
    endloop
  endfacet
  facet normal 0 0 1
    outer loop
      vertex 5.57085 -3.72232 5.4
      vertex 4.64881 -3.12119 5.4
      vertex 5.17917 -4.25043 5.4
    endloop
  endfacet
  facet normal -0 0 1
    outer loop
      vertex 4.32886 -3.5526 5.4
      vertex 5.17917 -4.25043 5.4
      vertex 4.64881 -3.12119 5.4
    endloop
  endfacet
  facet normal -0 0 1
    outer loop
      vertex 4.3205 -3.56182 5.4
      vertex 5.17917 -4.25043 5.4
      vertex 4.32886 -3.5526 5.4
    endloop
  endfacet
  facet normal 0 0 1
    outer loop
      vertex 5.17917 -4.25043 5.4
      vertex 4.3205 -3.56182 5.4
      vertex 4.73761 -4.73761 5.4
    endloop
  endfacet
  facet normal -0 0 1
    outer loop
      vertex 3.9598 -3.9598 5.4
      vertex 4.73761 -4.73761 5.4
      vertex 4.3205 -3.56182 5.4
    endloop
  endfacet
  facet normal -0 0 1
    outer loop
      vertex 3.56182 -4.3205 5.4
      vertex 4.73761 -4.73761 5.4
      vertex 3.9598 -3.9598 5.4
    endloop
  endfacet
  facet normal 0 0 1
    outer loop
      vertex 4.73761 -4.73761 5.4
      vertex 3.56182 -4.3205 5.4
      vertex 4.25043 -5.17917 5.4
    endloop
  endfacet
  facet normal -0 0 1
    outer loop
      vertex 3.5526 -4.32886 5.4
      vertex 4.25043 -5.17917 5.4
      vertex 3.56182 -4.3205 5.4
    endloop
  endfacet
  facet normal -0 0 1
    outer loop
      vertex 3.12119 -4.64881 5.4
      vertex 4.25043 -5.17917 5.4
      vertex 3.5526 -4.32886 5.4
    endloop
  endfacet
  facet normal 0 0 1
    outer loop
      vertex 4.25043 -5.17917 5.4
      vertex 3.12119 -4.64881 5.4
      vertex 3.72232 -5.57085 5.4
    endloop
  endfacet
  facet normal -0 0 1
    outer loop
      vertex 3.11119 -4.65623 5.4
      vertex 3.72232 -5.57085 5.4
      vertex 3.12119 -4.64881 5.4
    endloop
  endfacet
  facet normal -0 0 1
    outer loop
      vertex 3.10052 -4.66263 5.4
      vertex 3.72232 -5.57085 5.4
      vertex 3.11119 -4.65623 5.4
    endloop
  endfacet
  facet normal 0 0 1
    outer loop
      vertex 3.72232 -5.57085 5.4
      vertex 3.10052 -4.66263 5.4
      vertex 3.15836 -5.90887 5.4
    endloop
  endfacet
  facet normal -0 0 1
    outer loop
      vertex 2.63982 -4.93876 5.4
      vertex 3.15836 -5.90887 5.4
      vertex 3.10052 -4.66263 5.4
    endloop
  endfacet
  facet normal -0 0 1
    outer loop
      vertex 2.62857 -4.94408 5.4
      vertex 3.15836 -5.90887 5.4
      vertex 2.63982 -4.93876 5.4
    endloop
  endfacet
  facet normal 0 0 1
    outer loop
      vertex 2.62857 -4.94408 5.4
      vertex 2.56398 -6.18999 5.4
      vertex 3.15836 -5.90887 5.4
    endloop
  endfacet
  facet normal -0 0 1
    outer loop
      vertex 2.14303 -5.17372 5.4
      vertex 2.56398 -6.18999 5.4
      vertex 2.62857 -4.94408 5.4
    endloop
  endfacet
  facet normal -0 0 1
    outer loop
      vertex 1.63731 -5.35467 5.4
      vertex 2.56398 -6.18999 5.4
      vertex 2.14303 -5.17372 5.4
    endloop
  endfacet
  facet normal 0 0 1
    outer loop
      vertex 2.56398 -6.18999 5.4
      vertex 1.63731 -5.35467 5.4
      vertex 1.94491 -6.4115 5.4
    endloop
  endfacet
  facet normal -0 0 1
    outer loop
      vertex 1.62559 -5.35887 5.4
      vertex 1.94491 -6.4115 5.4
      vertex 1.63731 -5.35467 5.4
    endloop
  endfacet
  facet normal -0 0 1
    outer loop
      vertex 1.61352 -5.36189 5.4
      vertex 1.94491 -6.4115 5.4
      vertex 1.62559 -5.35887 5.4
    endloop
  endfacet
  facet normal 0 0 1
    outer loop
      vertex 1.61352 -5.36189 5.4
      vertex 1.30711 -6.57126 5.4
      vertex 1.94491 -6.4115 5.4
    endloop
  endfacet
  facet normal -0 0 1
    outer loop
      vertex 1.09251 -5.4924 5.4
      vertex 1.30711 -6.57126 5.4
      vertex 1.61352 -5.36189 5.4
    endloop
  endfacet
  facet normal -0 0 1
    outer loop
      vertex 0.561207 -5.57121 5.4
      vertex 1.30711 -6.57126 5.4
      vertex 1.09251 -5.4924 5.4
    endloop
  endfacet
  facet normal 0 0 1
    outer loop
      vertex 1.30711 -6.57126 5.4
      vertex 0.561207 -5.57121 5.4
      vertex 0.656714 -6.66774 5.4
    endloop
  endfacet
  facet normal -0 0 1
    outer loop
      vertex 0.548895 -5.57303 5.4
      vertex 0.656714 -6.66774 5.4
      vertex 0.561207 -5.57121 5.4
    endloop
  endfacet
  facet normal -0 0 1
    outer loop
      vertex 0.536463 -5.57364 5.4
      vertex 0.656714 -6.66774 5.4
      vertex 0.548895 -5.57303 5.4
    endloop
  endfacet
  facet normal 0 0 1
    outer loop
      vertex 0 -6.7 5.4
      vertex 0.536463 -5.57364 5.4
      vertex 0 -5.6 5.4
    endloop
  endfacet
  facet normal 0 0 1
    outer loop
      vertex 0.536463 -5.57364 5.4
      vertex 0 -6.7 5.4
      vertex 0.656714 -6.66774 5.4
    endloop
  endfacet
  facet normal 0 0 1
    outer loop
      vertex -0.536463 -5.57364 5.4
      vertex 0 -6.7 5.4
      vertex 0 -5.6 5.4
    endloop
  endfacet
  facet normal 0 0 1
    outer loop
      vertex -0.656714 -6.66774 5.4
      vertex -0.536463 -5.57364 5.4
      vertex -0.548895 -5.57303 5.4
    endloop
  endfacet
  facet normal 0 0 1
    outer loop
      vertex -0.656714 -6.66774 5.4
      vertex -0.548895 -5.57303 5.4
      vertex -0.561207 -5.57121 5.4
    endloop
  endfacet
  facet normal 0 0 1
    outer loop
      vertex -0.536463 -5.57364 5.4
      vertex -0.656714 -6.66774 5.4
      vertex 0 -6.7 5.4
    endloop
  endfacet
  facet normal 0 0 1
    outer loop
      vertex -1.30711 -6.57126 5.4
      vertex -0.561207 -5.57121 5.4
      vertex -1.09251 -5.4924 5.4
    endloop
  endfacet
  facet normal 0 0 1
    outer loop
      vertex -0.561207 -5.57121 5.4
      vertex -1.30711 -6.57126 5.4
      vertex -0.656714 -6.66774 5.4
    endloop
  endfacet
  facet normal 0 0 1
    outer loop
      vertex -1.61352 -5.36189 5.4
      vertex -1.30711 -6.57126 5.4
      vertex -1.09251 -5.4924 5.4
    endloop
  endfacet
  facet normal 0 0 1
    outer loop
      vertex -1.94491 -6.4115 5.4
      vertex -1.61352 -5.36189 5.4
      vertex -1.62559 -5.35887 5.4
    endloop
  endfacet
  facet normal 0 0 1
    outer loop
      vertex -1.94491 -6.4115 5.4
      vertex -1.62559 -5.35887 5.4
      vertex -1.63731 -5.35467 5.4
    endloop
  endfacet
  facet normal 0 0 1
    outer loop
      vertex -1.61352 -5.36189 5.4
      vertex -1.94491 -6.4115 5.4
      vertex -1.30711 -6.57126 5.4
    endloop
  endfacet
  facet normal 0 0 1
    outer loop
      vertex -2.56398 -6.18999 5.4
      vertex -1.63731 -5.35467 5.4
      vertex -2.14303 -5.17372 5.4
    endloop
  endfacet
  facet normal 0 0 1
    outer loop
      vertex -1.63731 -5.35467 5.4
      vertex -2.56398 -6.18999 5.4
      vertex -1.94491 -6.4115 5.4
    endloop
  endfacet
  facet normal 0 0 1
    outer loop
      vertex -2.62857 -4.94408 5.4
      vertex -2.56398 -6.18999 5.4
      vertex -2.14303 -5.17372 5.4
    endloop
  endfacet
  facet normal 0 0 1
    outer loop
      vertex -3.15836 -5.90887 5.4
      vertex -2.62857 -4.94408 5.4
      vertex -2.63982 -4.93876 5.4
    endloop
  endfacet
  facet normal 0 0 1
    outer loop
      vertex -3.15836 -5.90887 5.4
      vertex -2.63982 -4.93876 5.4
      vertex -3.10052 -4.66263 5.4
    endloop
  endfacet
  facet normal 0 0 1
    outer loop
      vertex -3.72232 -5.57085 5.4
      vertex -3.10052 -4.66263 5.4
      vertex -3.11119 -4.65623 5.4
    endloop
  endfacet
  facet normal 0 0 1
    outer loop
      vertex -3.72232 -5.57085 5.4
      vertex -3.11119 -4.65623 5.4
      vertex -3.12119 -4.64881 5.4
    endloop
  endfacet
  facet normal 0 0 1
    outer loop
      vertex -2.62857 -4.94408 5.4
      vertex -3.15836 -5.90887 5.4
      vertex -2.56398 -6.18999 5.4
    endloop
  endfacet
  facet normal 0 0 1
    outer loop
      vertex -4.25043 -5.17917 5.4
      vertex -3.12119 -4.64881 5.4
      vertex -3.5526 -4.32886 5.4
    endloop
  endfacet
  facet normal 0 0 1
    outer loop
      vertex -4.25043 -5.17917 5.4
      vertex -3.5526 -4.32886 5.4
      vertex -3.56182 -4.3205 5.4
    endloop
  endfacet
  facet normal 0 0 1
    outer loop
      vertex -3.10052 -4.66263 5.4
      vertex -3.72232 -5.57085 5.4
      vertex -3.15836 -5.90887 5.4
    endloop
  endfacet
  facet normal 0 0 1
    outer loop
      vertex -4.73761 -4.73761 5.4
      vertex -3.56182 -4.3205 5.4
      vertex -3.9598 -3.9598 5.4
    endloop
  endfacet
  facet normal 0 0 1
    outer loop
      vertex -3.12119 -4.64881 5.4
      vertex -4.25043 -5.17917 5.4
      vertex -3.72232 -5.57085 5.4
    endloop
  endfacet
  facet normal 0 0 1
    outer loop
      vertex -4.73761 -4.73761 5.4
      vertex -3.9598 -3.9598 5.4
      vertex -4.3205 -3.56182 5.4
    endloop
  endfacet
  facet normal 0 0 1
    outer loop
      vertex -5.17917 -4.25043 5.4
      vertex -4.3205 -3.56182 5.4
      vertex -4.32886 -3.5526 5.4
    endloop
  endfacet
  facet normal 0 0 1
    outer loop
      vertex -5.17917 -4.25043 5.4
      vertex -4.32886 -3.5526 5.4
      vertex -4.64881 -3.12119 5.4
    endloop
  endfacet
  facet normal 0 0 1
    outer loop
      vertex -5.57085 -3.72232 5.4
      vertex -4.64881 -3.12119 5.4
      vertex -4.65623 -3.11119 5.4
    endloop
  endfacet
  facet normal 0 0 1
    outer loop
      vertex -5.57085 -3.72232 5.4
      vertex -4.65623 -3.11119 5.4
      vertex -4.66263 -3.10052 5.4
    endloop
  endfacet
  facet normal 0 0 1
    outer loop
      vertex -3.56182 -4.3205 5.4
      vertex -4.73761 -4.73761 5.4
      vertex -4.25043 -5.17917 5.4
    endloop
  endfacet
  facet normal 0 0 1
    outer loop
      vertex -5.90887 -3.15836 5.4
      vertex -4.66263 -3.10052 5.4
      vertex -4.93876 -2.63982 5.4
    endloop
  endfacet
  facet normal 0 0 1
    outer loop
      vertex -5.90887 -3.15836 5.4
      vertex -4.93876 -2.63982 5.4
      vertex -4.94408 -2.62857 5.4
    endloop
  endfacet
  facet normal -0 0 1
    outer loop
      vertex -6.18999 -2.56398 5.4
      vertex -4.94408 -2.62857 5.4
      vertex -5.17372 -2.14303 5.4
    endloop
  endfacet
  facet normal 0 0 1
    outer loop
      vertex -4.3205 -3.56182 5.4
      vertex -5.17917 -4.25043 5.4
      vertex -4.73761 -4.73761 5.4
    endloop
  endfacet
  facet normal 0 0 1
    outer loop
      vertex -6.18999 -2.56398 5.4
      vertex -5.17372 -2.14303 5.4
      vertex -5.35467 -1.63731 5.4
    endloop
  endfacet
  facet normal 0 0 1
    outer loop
      vertex -6.4115 -1.94491 5.4
      vertex -5.35467 -1.63731 5.4
      vertex -5.35887 -1.62559 5.4
    endloop
  endfacet
  facet normal 0 0 1
    outer loop
      vertex -6.4115 -1.94491 5.4
      vertex -5.35887 -1.62559 5.4
      vertex -5.36189 -1.61352 5.4
    endloop
  endfacet
  facet normal -0 0 1
    outer loop
      vertex -6.57126 -1.30711 5.4
      vertex -5.36189 -1.61352 5.4
      vertex -5.4924 -1.09251 5.4
    endloop
  endfacet
  facet normal 0 0 1
    outer loop
      vertex -4.64881 -3.12119 5.4
      vertex -5.57085 -3.72232 5.4
      vertex -5.17917 -4.25043 5.4
    endloop
  endfacet
  facet normal 0 0 1
    outer loop
      vertex -6.57126 -1.30711 5.4
      vertex -5.4924 -1.09251 5.4
      vertex -5.57121 -0.561207 5.4
    endloop
  endfacet
  facet normal 0 0 1
    outer loop
      vertex -6.66774 -0.656714 5.4
      vertex -5.57121 -0.561207 5.4
      vertex -5.57303 -0.548895 5.4
    endloop
  endfacet
  facet normal 0 0 1
    outer loop
      vertex -6.66774 -0.656714 5.4
      vertex -5.57303 -0.548895 5.4
      vertex -5.57364 -0.536463 5.4
    endloop
  endfacet
  facet normal -0 0 1
    outer loop
      vertex -6.7 0 5.4
      vertex -5.57364 -0.536463 5.4
      vertex -5.6 0 5.4
    endloop
  endfacet
  facet normal -0 0 1
    outer loop
      vertex -6.66774 0.656714 5.4
      vertex -5.57121 0.561207 5.4
      vertex -6.57126 1.30711 5.4
    endloop
  endfacet
  facet normal 0 0 1
    outer loop
      vertex -4.66263 -3.10052 5.4
      vertex -5.90887 -3.15836 5.4
      vertex -5.57085 -3.72232 5.4
    endloop
  endfacet
  facet normal 0 0 1
    outer loop
      vertex -5.57121 0.561207 5.4
      vertex -6.66774 0.656714 5.4
      vertex -5.57303 0.548895 5.4
    endloop
  endfacet
  facet normal 0 0 1
    outer loop
      vertex -4.94408 -2.62857 5.4
      vertex -6.18999 -2.56398 5.4
      vertex -5.90887 -3.15836 5.4
    endloop
  endfacet
  facet normal 0 0 1
    outer loop
      vertex -5.57303 0.548895 5.4
      vertex -6.66774 0.656714 5.4
      vertex -5.57364 0.536463 5.4
    endloop
  endfacet
  facet normal 0 0 1
    outer loop
      vertex -5.35467 -1.63731 5.4
      vertex -6.4115 -1.94491 5.4
      vertex -6.18999 -2.56398 5.4
    endloop
  endfacet
  facet normal 0 0 1
    outer loop
      vertex -6.7 0 5.4
      vertex -5.57364 0.536463 5.4
      vertex -6.66774 0.656714 5.4
    endloop
  endfacet
  facet normal 0 0 1
    outer loop
      vertex -5.36189 -1.61352 5.4
      vertex -6.57126 -1.30711 5.4
      vertex -6.4115 -1.94491 5.4
    endloop
  endfacet
  facet normal 0 0 1
    outer loop
      vertex -5.57364 0.536463 5.4
      vertex -6.7 0 5.4
      vertex -5.6 0 5.4
    endloop
  endfacet
  facet normal 0 0 1
    outer loop
      vertex -5.57121 -0.561207 5.4
      vertex -6.66774 -0.656714 5.4
      vertex -6.57126 -1.30711 5.4
    endloop
  endfacet
  facet normal 0 0 1
    outer loop
      vertex -5.57364 -0.536463 5.4
      vertex -6.7 0 5.4
      vertex -6.66774 -0.656714 5.4
    endloop
  endfacet
  facet normal -0.90399 0.427554 0
    outer loop
      vertex -6.18999 2.56398 5
      vertex -5.90887 3.15836 5.4
      vertex -5.90887 3.15836 5
    endloop
  endfacet
  facet normal -0.90399 0.427554 0
    outer loop
      vertex -5.90887 3.15836 5.4
      vertex -6.18999 2.56398 5
      vertex -6.18999 2.56398 5.4
    endloop
  endfacet
  facet normal -0.998796 0.0490642 0
    outer loop
      vertex -6.7 0 5
      vertex -6.66774 0.656714 5.4
      vertex -6.66774 0.656714 5
    endloop
  endfacet
  facet normal -0.998796 0.0490642 0
    outer loop
      vertex -6.66774 0.656714 5.4
      vertex -6.7 0 5
      vertex -6.7 0 5.4
    endloop
  endfacet
  facet normal -0.970031 0.242979 0
    outer loop
      vertex -6.57126 1.30711 5
      vertex -6.4115 1.94491 5.4
      vertex -6.4115 1.94491 5
    endloop
  endfacet
  facet normal -0.970031 0.242979 0
    outer loop
      vertex -6.4115 1.94491 5.4
      vertex -6.57126 1.30711 5
      vertex -6.57126 1.30711 5.4
    endloop
  endfacet
  facet normal 0.427554 -0.90399 0
    outer loop
      vertex 2.56398 -6.18999 5
      vertex 3.15836 -5.90887 5.4
      vertex 2.56398 -6.18999 5.4
    endloop
  endfacet
  facet normal 0.427554 -0.90399 0
    outer loop
      vertex 3.15836 -5.90887 5.4
      vertex 2.56398 -6.18999 5
      vertex 3.15836 -5.90887 5
    endloop
  endfacet
  facet normal 0.514098 -0.857732 0
    outer loop
      vertex 3.15836 -5.90887 5
      vertex 3.72232 -5.57085 5.4
      vertex 3.15836 -5.90887 5.4
    endloop
  endfacet
  facet normal 0.514098 -0.857732 0
    outer loop
      vertex 3.72232 -5.57085 5.4
      vertex 3.15836 -5.90887 5
      vertex 3.72232 -5.57085 5
    endloop
  endfacet
  facet normal -0.803202 0.595706 0
    outer loop
      vertex -5.57085 3.72232 5
      vertex -5.17917 4.25043 5.4
      vertex -5.17917 4.25043 5
    endloop
  endfacet
  facet normal -0.803202 0.595706 0
    outer loop
      vertex -5.17917 4.25043 5.4
      vertex -5.57085 3.72232 5
      vertex -5.57085 3.72232 5.4
    endloop
  endfacet
  facet normal -0.671564 -0.740947 0
    outer loop
      vertex -4.73761 -4.73761 5
      vertex -4.25043 -5.17917 5.4
      vertex -4.73761 -4.73761 5.4
    endloop
  endfacet
  facet normal -0.671564 -0.740947 -0
    outer loop
      vertex -4.25043 -5.17917 5.4
      vertex -4.73761 -4.73761 5
      vertex -4.25043 -5.17917 5
    endloop
  endfacet
  facet normal -0.427554 0.90399 0
    outer loop
      vertex -2.56398 6.18999 5
      vertex -3.15836 5.90887 5.4
      vertex -2.56398 6.18999 5.4
    endloop
  endfacet
  facet normal -0.427554 0.90399 0
    outer loop
      vertex -3.15836 5.90887 5.4
      vertex -2.56398 6.18999 5
      vertex -3.15836 5.90887 5
    endloop
  endfacet
  facet normal -0.0490652 -0.998796 0
    outer loop
      vertex 19.3433 -6.66774 5
      vertex 20 -6.7 5.4
      vertex 19.3433 -6.66774 5.4
    endloop
  endfacet
  facet normal -0.0490652 -0.998796 -0
    outer loop
      vertex 20 -6.7 5.4
      vertex 19.3433 -6.66774 5
      vertex 20 -6.7 5
    endloop
  endfacet
  facet normal 0.989194 0.146616 0
    outer loop
      vertex 26.6677 0.656714 5.4
      vertex 26.5713 1.30711 5
      vertex 26.5713 1.30711 5.4
    endloop
  endfacet
  facet normal 0.989194 0.146616 0
    outer loop
      vertex 26.5713 1.30711 5
      vertex 26.6677 0.656714 5.4
      vertex 26.6677 0.656714 5
    endloop
  endfacet
  facet normal 0.740916 -0.671597 0
    outer loop
      vertex 24.7376 -4.73761 5.4
      vertex 25.1792 -4.25043 5
      vertex 25.1792 -4.25043 5.4
    endloop
  endfacet
  facet normal 0.740916 -0.671597 0
    outer loop
      vertex 25.1792 -4.25043 5
      vertex 24.7376 -4.73761 5.4
      vertex 24.7376 -4.73761 5
    endloop
  endfacet
  facet normal 0.146734 0.989176 -0
    outer loop
      vertex 21.3071 6.57126 5
      vertex 20.6567 6.66774 5.4
      vertex 21.3071 6.57126 5.4
    endloop
  endfacet
  facet normal 0.146734 0.989176 0
    outer loop
      vertex 20.6567 6.66774 5.4
      vertex 21.3071 6.57126 5
      vertex 20.6567 6.66774 5
    endloop
  endfacet
  facet normal 0.803261 -0.595628 0
    outer loop
      vertex 25.1792 -4.25043 5.4
      vertex 25.5708 -3.72232 5
      vertex 25.5708 -3.72232 5.4
    endloop
  endfacet
  facet normal 0.803261 -0.595628 0
    outer loop
      vertex 25.5708 -3.72232 5
      vertex 25.1792 -4.25043 5.4
      vertex 25.1792 -4.25043 5
    endloop
  endfacet
  facet normal 0.595713 -0.803197 0
    outer loop
      vertex 23.7223 -5.57085 5
      vertex 24.2504 -5.17917 5.4
      vertex 23.7223 -5.57085 5.4
    endloop
  endfacet
  facet normal 0.595713 -0.803197 0
    outer loop
      vertex 24.2504 -5.17917 5.4
      vertex 23.7223 -5.57085 5
      vertex 24.2504 -5.17917 5
    endloop
  endfacet
  facet normal 0.33688 -0.941548 0
    outer loop
      vertex 21.9449 -6.4115 5
      vertex 22.564 -6.18999 5.4
      vertex 21.9449 -6.4115 5.4
    endloop
  endfacet
  facet normal 0.33688 -0.941548 0
    outer loop
      vertex 22.564 -6.18999 5.4
      vertex 21.9449 -6.4115 5
      vertex 22.564 -6.18999 5
    endloop
  endfacet
  facet normal -0.941547 0.336881 0
    outer loop
      vertex 13.5885 1.94491 5
      vertex 13.81 2.56398 5.4
      vertex 13.81 2.56398 5
    endloop
  endfacet
  facet normal -0.941547 0.336881 0
    outer loop
      vertex 13.81 2.56398 5.4
      vertex 13.5885 1.94491 5
      vertex 13.5885 1.94491 5.4
    endloop
  endfacet
  facet normal -0.0490652 0.998796 0
    outer loop
      vertex 20 6.7 5
      vertex 19.3433 6.66774 5.4
      vertex 20 6.7 5.4
    endloop
  endfacet
  facet normal -0.0490652 0.998796 0
    outer loop
      vertex 19.3433 6.66774 5.4
      vertex 20 6.7 5
      vertex 19.3433 6.66774 5
    endloop
  endfacet
  facet normal -0.33688 0.941548 0
    outer loop
      vertex 18.0551 6.4115 5
      vertex 17.436 6.18999 5.4
      vertex 18.0551 6.4115 5.4
    endloop
  endfacet
  facet normal -0.33688 0.941548 0
    outer loop
      vertex 17.436 6.18999 5.4
      vertex 18.0551 6.4115 5
      vertex 17.436 6.18999 5
    endloop
  endfacet
  facet normal -0.595713 -0.803197 0
    outer loop
      vertex 15.7496 -5.17917 5
      vertex 16.2777 -5.57085 5.4
      vertex 15.7496 -5.17917 5.4
    endloop
  endfacet
  facet normal -0.595713 -0.803197 -0
    outer loop
      vertex 16.2777 -5.57085 5.4
      vertex 15.7496 -5.17917 5
      vertex 16.2777 -5.57085 5
    endloop
  endfacet
  facet normal 0.941547 0.336881 0
    outer loop
      vertex 26.4115 1.94491 5.4
      vertex 26.19 2.56398 5
      vertex 26.19 2.56398 5.4
    endloop
  endfacet
  facet normal 0.941547 0.336881 0
    outer loop
      vertex 26.19 2.56398 5
      vertex 26.4115 1.94491 5.4
      vertex 26.4115 1.94491 5
    endloop
  endfacet
  facet normal -0.595713 0.803197 0
    outer loop
      vertex 16.2777 5.57085 5
      vertex 15.7496 5.17917 5.4
      vertex 16.2777 5.57085 5.4
    endloop
  endfacet
  facet normal -0.595713 0.803197 0
    outer loop
      vertex 15.7496 5.17917 5.4
      vertex 16.2777 5.57085 5
      vertex 15.7496 5.17917 5
    endloop
  endfacet
  facet normal 0.514138 0.857708 -0
    outer loop
      vertex 23.7223 5.57085 5
      vertex 23.1584 5.90887 5.4
      vertex 23.7223 5.57085 5.4
    endloop
  endfacet
  facet normal 0.514138 0.857708 0
    outer loop
      vertex 23.1584 5.90887 5.4
      vertex 23.7223 5.57085 5
      vertex 23.1584 5.90887 5
    endloop
  endfacet
  facet normal 0.989194 -0.146616 0
    outer loop
      vertex 26.5713 -1.30711 5.4
      vertex 26.6677 -0.656714 5
      vertex 26.6677 -0.656714 5.4
    endloop
  endfacet
  facet normal 0.989194 -0.146616 0
    outer loop
      vertex 26.6677 -0.656714 5
      vertex 26.5713 -1.30711 5.4
      vertex 26.5713 -1.30711 5
    endloop
  endfacet
  facet normal 0.904002 -0.427529 0
    outer loop
      vertex 25.9089 -3.15836 5.4
      vertex 26.19 -2.56398 5
      vertex 26.19 -2.56398 5.4
    endloop
  endfacet
  facet normal 0.904002 -0.427529 0
    outer loop
      vertex 26.19 -2.56398 5
      vertex 25.9089 -3.15836 5.4
      vertex 25.9089 -3.15836 5
    endloop
  endfacet
  facet normal -0.146734 -0.989176 0
    outer loop
      vertex 18.6929 -6.57126 5
      vertex 19.3433 -6.66774 5.4
      vertex 18.6929 -6.57126 5.4
    endloop
  endfacet
  facet normal -0.146734 -0.989176 -0
    outer loop
      vertex 19.3433 -6.66774 5.4
      vertex 18.6929 -6.57126 5
      vertex 19.3433 -6.66774 5
    endloop
  endfacet
  facet normal 0.998793 0.0491249 0
    outer loop
      vertex 26.7 0 5.4
      vertex 26.6677 0.656714 5
      vertex 26.6677 0.656714 5.4
    endloop
  endfacet
  facet normal 0.998793 0.0491249 0
    outer loop
      vertex 26.6677 0.656714 5
      vertex 26.7 0 5.4
      vertex 26.7 0 5
    endloop
  endfacet
  facet normal -0.941547 -0.336881 0
    outer loop
      vertex 13.81 -2.56398 5
      vertex 13.5885 -1.94491 5.4
      vertex 13.5885 -1.94491 5
    endloop
  endfacet
  facet normal -0.941547 -0.336881 0
    outer loop
      vertex 13.5885 -1.94491 5.4
      vertex 13.81 -2.56398 5
      vertex 13.81 -2.56398 5.4
    endloop
  endfacet
  facet normal 0.970017 0.243037 0
    outer loop
      vertex 26.5713 1.30711 5.4
      vertex 26.4115 1.94491 5
      vertex 26.4115 1.94491 5.4
    endloop
  endfacet
  facet normal 0.970017 0.243037 0
    outer loop
      vertex 26.4115 1.94491 5
      vertex 26.5713 1.30711 5.4
      vertex 26.5713 1.30711 5
    endloop
  endfacet
  facet normal -0.242979 -0.970031 0
    outer loop
      vertex 18.0551 -6.4115 5
      vertex 18.6929 -6.57126 5.4
      vertex 18.0551 -6.4115 5.4
    endloop
  endfacet
  facet normal -0.242979 -0.970031 -0
    outer loop
      vertex 18.6929 -6.57126 5.4
      vertex 18.0551 -6.4115 5
      vertex 18.6929 -6.57126 5
    endloop
  endfacet
  facet normal -0.146734 0.989176 0
    outer loop
      vertex 19.3433 6.66774 5
      vertex 18.6929 6.57126 5.4
      vertex 19.3433 6.66774 5.4
    endloop
  endfacet
  facet normal -0.146734 0.989176 0
    outer loop
      vertex 18.6929 6.57126 5.4
      vertex 19.3433 6.66774 5
      vertex 18.6929 6.57126 5
    endloop
  endfacet
  facet normal 0.242979 -0.970031 0
    outer loop
      vertex 21.3071 -6.57126 5
      vertex 21.9449 -6.4115 5.4
      vertex 21.3071 -6.57126 5.4
    endloop
  endfacet
  facet normal 0.242979 -0.970031 0
    outer loop
      vertex 21.9449 -6.4115 5.4
      vertex 21.3071 -6.57126 5
      vertex 21.9449 -6.4115 5
    endloop
  endfacet
  facet normal -0.242979 0.970031 0
    outer loop
      vertex 18.6929 6.57126 5
      vertex 18.0551 6.4115 5.4
      vertex 18.6929 6.57126 5.4
    endloop
  endfacet
  facet normal -0.242979 0.970031 0
    outer loop
      vertex 18.0551 6.4115 5.4
      vertex 18.6929 6.57126 5
      vertex 18.0551 6.4115 5
    endloop
  endfacet
  facet normal 0.671549 0.74096 -0
    outer loop
      vertex 24.7376 4.73761 5
      vertex 24.2504 5.17917 5.4
      vertex 24.7376 4.73761 5.4
    endloop
  endfacet
  facet normal 0.671549 0.74096 0
    outer loop
      vertex 24.2504 5.17917 5.4
      vertex 24.7376 4.73761 5
      vertex 24.2504 5.17917 5
    endloop
  endfacet
  facet normal 0.904002 0.427529 0
    outer loop
      vertex 26.19 2.56398 5.4
      vertex 25.9089 3.15836 5
      vertex 25.9089 3.15836 5.4
    endloop
  endfacet
  facet normal 0.904002 0.427529 0
    outer loop
      vertex 25.9089 3.15836 5
      vertex 26.19 2.56398 5.4
      vertex 26.19 2.56398 5
    endloop
  endfacet
  facet normal -0.740916 -0.671597 0
    outer loop
      vertex 15.2624 -4.73761 5
      vertex 14.8208 -4.25043 5.4
      vertex 14.8208 -4.25043 5
    endloop
  endfacet
  facet normal -0.740916 -0.671597 0
    outer loop
      vertex 14.8208 -4.25043 5.4
      vertex 15.2624 -4.73761 5
      vertex 15.2624 -4.73761 5.4
    endloop
  endfacet
  facet normal -0.740916 0.671597 0
    outer loop
      vertex 14.8208 4.25043 5
      vertex 15.2624 4.73761 5.4
      vertex 15.2624 4.73761 5
    endloop
  endfacet
  facet normal -0.740916 0.671597 0
    outer loop
      vertex 15.2624 4.73761 5.4
      vertex 14.8208 4.25043 5
      vertex 14.8208 4.25043 5.4
    endloop
  endfacet
  facet normal 0.0490652 0.998796 -0
    outer loop
      vertex 20.6567 6.66774 5
      vertex 20 6.7 5.4
      vertex 20.6567 6.66774 5.4
    endloop
  endfacet
  facet normal 0.0490652 0.998796 0
    outer loop
      vertex 20 6.7 5.4
      vertex 20.6567 6.66774 5
      vertex 20 6.7 5
    endloop
  endfacet
  facet normal -0.904002 -0.427529 0
    outer loop
      vertex 14.0911 -3.15836 5
      vertex 13.81 -2.56398 5.4
      vertex 13.81 -2.56398 5
    endloop
  endfacet
  facet normal -0.904002 -0.427529 0
    outer loop
      vertex 13.81 -2.56398 5.4
      vertex 14.0911 -3.15836 5
      vertex 14.0911 -3.15836 5.4
    endloop
  endfacet
  facet normal 0.146734 -0.989176 0
    outer loop
      vertex 20.6567 -6.66774 5
      vertex 21.3071 -6.57126 5.4
      vertex 20.6567 -6.66774 5.4
    endloop
  endfacet
  facet normal 0.146734 -0.989176 0
    outer loop
      vertex 21.3071 -6.57126 5.4
      vertex 20.6567 -6.66774 5
      vertex 21.3071 -6.57126 5
    endloop
  endfacet
  facet normal 0.998793 -0.0491249 0
    outer loop
      vertex 26.6677 -0.656714 5.4
      vertex 26.7 0 5
      vertex 26.7 0 5.4
    endloop
  endfacet
  facet normal 0.998793 -0.0491249 0
    outer loop
      vertex 26.7 0 5
      vertex 26.6677 -0.656714 5.4
      vertex 26.6677 -0.656714 5
    endloop
  endfacet
  facet normal 0.595713 0.803197 -0
    outer loop
      vertex 24.2504 5.17917 5
      vertex 23.7223 5.57085 5.4
      vertex 24.2504 5.17917 5.4
    endloop
  endfacet
  facet normal 0.595713 0.803197 0
    outer loop
      vertex 23.7223 5.57085 5.4
      vertex 24.2504 5.17917 5
      vertex 23.7223 5.57085 5
    endloop
  endfacet
  facet normal 0.857678 -0.514187 0
    outer loop
      vertex 25.5708 -3.72232 5.4
      vertex 25.9089 -3.15836 5
      vertex 25.9089 -3.15836 5.4
    endloop
  endfacet
  facet normal 0.857678 -0.514187 0
    outer loop
      vertex 25.9089 -3.15836 5
      vertex 25.5708 -3.72232 5.4
      vertex 25.5708 -3.72232 5
    endloop
  endfacet
  facet normal -0.998793 -0.0491249 0
    outer loop
      vertex 13.3323 -0.656714 5
      vertex 13.3 0 5.4
      vertex 13.3 0 5
    endloop
  endfacet
  facet normal -0.998793 -0.0491249 0
    outer loop
      vertex 13.3 0 5.4
      vertex 13.3323 -0.656714 5
      vertex 13.3323 -0.656714 5.4
    endloop
  endfacet
  facet normal 0.0490652 -0.998796 0
    outer loop
      vertex 20 -6.7 5
      vertex 20.6567 -6.66774 5.4
      vertex 20 -6.7 5.4
    endloop
  endfacet
  facet normal 0.0490652 -0.998796 0
    outer loop
      vertex 20.6567 -6.66774 5.4
      vertex 20 -6.7 5
      vertex 20.6567 -6.66774 5
    endloop
  endfacet
  facet normal -0.671549 0.74096 0
    outer loop
      vertex 15.7496 5.17917 5
      vertex 15.2624 4.73761 5.4
      vertex 15.7496 5.17917 5.4
    endloop
  endfacet
  facet normal -0.671549 0.74096 0
    outer loop
      vertex 15.2624 4.73761 5.4
      vertex 15.7496 5.17917 5
      vertex 15.2624 4.73761 5
    endloop
  endfacet
  facet normal 0.803261 0.595628 0
    outer loop
      vertex 25.5708 3.72232 5.4
      vertex 25.1792 4.25043 5
      vertex 25.1792 4.25043 5.4
    endloop
  endfacet
  facet normal 0.803261 0.595628 0
    outer loop
      vertex 25.1792 4.25043 5
      vertex 25.5708 3.72232 5.4
      vertex 25.5708 3.72232 5
    endloop
  endfacet
  facet normal -0.857678 -0.514187 0
    outer loop
      vertex 14.4292 -3.72232 5
      vertex 14.0911 -3.15836 5.4
      vertex 14.0911 -3.15836 5
    endloop
  endfacet
  facet normal -0.857678 -0.514187 0
    outer loop
      vertex 14.0911 -3.15836 5.4
      vertex 14.4292 -3.72232 5
      vertex 14.4292 -3.72232 5.4
    endloop
  endfacet
  facet normal -0.427542 -0.903995 0
    outer loop
      vertex 16.8416 -5.90887 5
      vertex 17.436 -6.18999 5.4
      vertex 16.8416 -5.90887 5.4
    endloop
  endfacet
  facet normal -0.427542 -0.903995 -0
    outer loop
      vertex 17.436 -6.18999 5.4
      vertex 16.8416 -5.90887 5
      vertex 17.436 -6.18999 5
    endloop
  endfacet
  facet normal 0.33688 0.941548 -0
    outer loop
      vertex 22.564 6.18999 5
      vertex 21.9449 6.4115 5.4
      vertex 22.564 6.18999 5.4
    endloop
  endfacet
  facet normal 0.33688 0.941548 0
    outer loop
      vertex 21.9449 6.4115 5.4
      vertex 22.564 6.18999 5
      vertex 21.9449 6.4115 5
    endloop
  endfacet
  facet normal 0.970017 -0.243037 0
    outer loop
      vertex 26.4115 -1.94491 5.4
      vertex 26.5713 -1.30711 5
      vertex 26.5713 -1.30711 5.4
    endloop
  endfacet
  facet normal 0.970017 -0.243037 0
    outer loop
      vertex 26.5713 -1.30711 5
      vertex 26.4115 -1.94491 5.4
      vertex 26.4115 -1.94491 5
    endloop
  endfacet
  facet normal 0.941547 -0.336881 0
    outer loop
      vertex 26.19 -2.56398 5.4
      vertex 26.4115 -1.94491 5
      vertex 26.4115 -1.94491 5.4
    endloop
  endfacet
  facet normal 0.941547 -0.336881 0
    outer loop
      vertex 26.4115 -1.94491 5
      vertex 26.19 -2.56398 5.4
      vertex 26.19 -2.56398 5
    endloop
  endfacet
  facet normal -0.803261 -0.595628 0
    outer loop
      vertex 14.8208 -4.25043 5
      vertex 14.4292 -3.72232 5.4
      vertex 14.4292 -3.72232 5
    endloop
  endfacet
  facet normal -0.803261 -0.595628 0
    outer loop
      vertex 14.4292 -3.72232 5.4
      vertex 14.8208 -4.25043 5
      vertex 14.8208 -4.25043 5.4
    endloop
  endfacet
  facet normal 0.857678 0.514187 0
    outer loop
      vertex 25.9089 3.15836 5.4
      vertex 25.5708 3.72232 5
      vertex 25.5708 3.72232 5.4
    endloop
  endfacet
  facet normal 0.857678 0.514187 0
    outer loop
      vertex 25.5708 3.72232 5
      vertex 25.9089 3.15836 5.4
      vertex 25.9089 3.15836 5
    endloop
  endfacet
  facet normal -0.989194 0.146616 0
    outer loop
      vertex 13.3323 0.656714 5
      vertex 13.4287 1.30711 5.4
      vertex 13.4287 1.30711 5
    endloop
  endfacet
  facet normal -0.989194 0.146616 0
    outer loop
      vertex 13.4287 1.30711 5.4
      vertex 13.3323 0.656714 5
      vertex 13.3323 0.656714 5.4
    endloop
  endfacet
  facet normal 0.427542 0.903995 -0
    outer loop
      vertex 23.1584 5.90887 5
      vertex 22.564 6.18999 5.4
      vertex 23.1584 5.90887 5.4
    endloop
  endfacet
  facet normal 0.427542 0.903995 0
    outer loop
      vertex 22.564 6.18999 5.4
      vertex 23.1584 5.90887 5
      vertex 22.564 6.18999 5
    endloop
  endfacet
  facet normal 0.671549 -0.74096 0
    outer loop
      vertex 24.2504 -5.17917 5
      vertex 24.7376 -4.73761 5.4
      vertex 24.2504 -5.17917 5.4
    endloop
  endfacet
  facet normal 0.671549 -0.74096 0
    outer loop
      vertex 24.7376 -4.73761 5.4
      vertex 24.2504 -5.17917 5
      vertex 24.7376 -4.73761 5
    endloop
  endfacet
  facet normal -0.514138 0.857708 0
    outer loop
      vertex 16.8416 5.90887 5
      vertex 16.2777 5.57085 5.4
      vertex 16.8416 5.90887 5.4
    endloop
  endfacet
  facet normal -0.514138 0.857708 0
    outer loop
      vertex 16.2777 5.57085 5.4
      vertex 16.8416 5.90887 5
      vertex 16.2777 5.57085 5
    endloop
  endfacet
  facet normal -0.857678 0.514187 0
    outer loop
      vertex 14.0911 3.15836 5
      vertex 14.4292 3.72232 5.4
      vertex 14.4292 3.72232 5
    endloop
  endfacet
  facet normal -0.857678 0.514187 0
    outer loop
      vertex 14.4292 3.72232 5.4
      vertex 14.0911 3.15836 5
      vertex 14.0911 3.15836 5.4
    endloop
  endfacet
  facet normal -0.514138 -0.857708 0
    outer loop
      vertex 16.2777 -5.57085 5
      vertex 16.8416 -5.90887 5.4
      vertex 16.2777 -5.57085 5.4
    endloop
  endfacet
  facet normal -0.514138 -0.857708 -0
    outer loop
      vertex 16.8416 -5.90887 5.4
      vertex 16.2777 -5.57085 5
      vertex 16.8416 -5.90887 5
    endloop
  endfacet
  facet normal 0.242979 0.970031 -0
    outer loop
      vertex 21.9449 6.4115 5
      vertex 21.3071 6.57126 5.4
      vertex 21.9449 6.4115 5.4
    endloop
  endfacet
  facet normal 0.242979 0.970031 0
    outer loop
      vertex 21.3071 6.57126 5.4
      vertex 21.9449 6.4115 5
      vertex 21.3071 6.57126 5
    endloop
  endfacet
  facet normal -0.33688 -0.941548 0
    outer loop
      vertex 17.436 -6.18999 5
      vertex 18.0551 -6.4115 5.4
      vertex 17.436 -6.18999 5.4
    endloop
  endfacet
  facet normal -0.33688 -0.941548 -0
    outer loop
      vertex 18.0551 -6.4115 5.4
      vertex 17.436 -6.18999 5
      vertex 18.0551 -6.4115 5
    endloop
  endfacet
  facet normal -0.970017 -0.243037 0
    outer loop
      vertex 13.5885 -1.94491 5
      vertex 13.4287 -1.30711 5.4
      vertex 13.4287 -1.30711 5
    endloop
  endfacet
  facet normal -0.970017 -0.243037 0
    outer loop
      vertex 13.4287 -1.30711 5.4
      vertex 13.5885 -1.94491 5
      vertex 13.5885 -1.94491 5.4
    endloop
  endfacet
  facet normal 0.740916 0.671597 0
    outer loop
      vertex 25.1792 4.25043 5.4
      vertex 24.7376 4.73761 5
      vertex 24.7376 4.73761 5.4
    endloop
  endfacet
  facet normal 0.740916 0.671597 0
    outer loop
      vertex 24.7376 4.73761 5
      vertex 25.1792 4.25043 5.4
      vertex 25.1792 4.25043 5
    endloop
  endfacet
  facet normal -0 0 1
    outer loop
      vertex 25.5736 0.536463 5.4
      vertex 26.7 0 5.4
      vertex 26.6677 0.656714 5.4
    endloop
  endfacet
  facet normal 0 0 1
    outer loop
      vertex 25.5712 0.561207 5.4
      vertex 26.6677 0.656714 5.4
      vertex 26.5713 1.30711 5.4
    endloop
  endfacet
  facet normal 0 0 1
    outer loop
      vertex 25.5736 -0.536463 5.4
      vertex 26.7 0 5.4
      vertex 25.6 0 5.4
    endloop
  endfacet
  facet normal -0 0 1
    outer loop
      vertex 25.3619 1.61352 5.4
      vertex 26.5713 1.30711 5.4
      vertex 26.4115 1.94491 5.4
    endloop
  endfacet
  facet normal 0 0 1
    outer loop
      vertex 26.7 0 5.4
      vertex 25.5736 -0.536463 5.4
      vertex 26.6677 -0.656714 5.4
    endloop
  endfacet
  facet normal 0 0 1
    outer loop
      vertex 25.3547 1.63731 5.4
      vertex 26.4115 1.94491 5.4
      vertex 26.19 2.56398 5.4
    endloop
  endfacet
  facet normal -0 0 1
    outer loop
      vertex 25.573 -0.548895 5.4
      vertex 26.6677 -0.656714 5.4
      vertex 25.5736 -0.536463 5.4
    endloop
  endfacet
  facet normal -0 0 1
    outer loop
      vertex 24.9441 2.62857 5.4
      vertex 26.19 2.56398 5.4
      vertex 25.9089 3.15836 5.4
    endloop
  endfacet
  facet normal -0 0 1
    outer loop
      vertex 25.5712 -0.561207 5.4
      vertex 26.6677 -0.656714 5.4
      vertex 25.573 -0.548895 5.4
    endloop
  endfacet
  facet normal 0 0 1
    outer loop
      vertex 26.6677 -0.656714 5.4
      vertex 25.5712 -0.561207 5.4
      vertex 26.5713 -1.30711 5.4
    endloop
  endfacet
  facet normal 0 0 1
    outer loop
      vertex 26.7 0 5.4
      vertex 25.5736 0.536463 5.4
      vertex 25.6 0 5.4
    endloop
  endfacet
  facet normal 0 0 1
    outer loop
      vertex 26.6677 0.656714 5.4
      vertex 25.573 0.548895 5.4
      vertex 25.5736 0.536463 5.4
    endloop
  endfacet
  facet normal 0 0 1
    outer loop
      vertex 26.6677 0.656714 5.4
      vertex 25.5712 0.561207 5.4
      vertex 25.573 0.548895 5.4
    endloop
  endfacet
  facet normal 0 0 1
    outer loop
      vertex 24.6626 3.10052 5.4
      vertex 25.9089 3.15836 5.4
      vertex 25.5708 3.72232 5.4
    endloop
  endfacet
  facet normal 0 0 1
    outer loop
      vertex 26.5713 1.30711 5.4
      vertex 25.4924 1.09251 5.4
      vertex 25.5712 0.561207 5.4
    endloop
  endfacet
  facet normal 0 0 1
    outer loop
      vertex 26.5713 1.30711 5.4
      vertex 25.3619 1.61352 5.4
      vertex 25.4924 1.09251 5.4
    endloop
  endfacet
  facet normal 0 0 1
    outer loop
      vertex 26.4115 1.94491 5.4
      vertex 25.3589 1.62559 5.4
      vertex 25.3619 1.61352 5.4
    endloop
  endfacet
  facet normal 0 0 1
    outer loop
      vertex 26.4115 1.94491 5.4
      vertex 25.3547 1.63731 5.4
      vertex 25.3589 1.62559 5.4
    endloop
  endfacet
  facet normal 0 0 1
    outer loop
      vertex 24.6488 3.12119 5.4
      vertex 25.5708 3.72232 5.4
      vertex 25.1792 4.25043 5.4
    endloop
  endfacet
  facet normal 0 0 1
    outer loop
      vertex 26.19 2.56398 5.4
      vertex 25.1737 2.14303 5.4
      vertex 25.3547 1.63731 5.4
    endloop
  endfacet
  facet normal 0 0 1
    outer loop
      vertex 26.19 2.56398 5.4
      vertex 24.9441 2.62857 5.4
      vertex 25.1737 2.14303 5.4
    endloop
  endfacet
  facet normal 0 0 1
    outer loop
      vertex 25.9089 3.15836 5.4
      vertex 24.9388 2.63982 5.4
      vertex 24.9441 2.62857 5.4
    endloop
  endfacet
  facet normal 0 0 1
    outer loop
      vertex 24.3205 3.56182 5.4
      vertex 25.1792 4.25043 5.4
      vertex 24.7376 4.73761 5.4
    endloop
  endfacet
  facet normal 0 0 1
    outer loop
      vertex 25.9089 3.15836 5.4
      vertex 24.6626 3.10052 5.4
      vertex 24.9388 2.63982 5.4
    endloop
  endfacet
  facet normal 0 0 1
    outer loop
      vertex 25.5708 3.72232 5.4
      vertex 24.6562 3.11119 5.4
      vertex 24.6626 3.10052 5.4
    endloop
  endfacet
  facet normal 0 0 1
    outer loop
      vertex 25.5708 3.72232 5.4
      vertex 24.6488 3.12119 5.4
      vertex 24.6562 3.11119 5.4
    endloop
  endfacet
  facet normal 0 0 1
    outer loop
      vertex 25.1792 4.25043 5.4
      vertex 24.3289 3.5526 5.4
      vertex 24.6488 3.12119 5.4
    endloop
  endfacet
  facet normal 0 0 1
    outer loop
      vertex 25.1792 4.25043 5.4
      vertex 24.3205 3.56182 5.4
      vertex 24.3289 3.5526 5.4
    endloop
  endfacet
  facet normal 0 0 1
    outer loop
      vertex 23.5618 4.3205 5.4
      vertex 24.7376 4.73761 5.4
      vertex 24.2504 5.17917 5.4
    endloop
  endfacet
  facet normal 0 0 1
    outer loop
      vertex 24.7376 4.73761 5.4
      vertex 23.9598 3.9598 5.4
      vertex 24.3205 3.56182 5.4
    endloop
  endfacet
  facet normal 0 0 1
    outer loop
      vertex 23.1212 4.64881 5.4
      vertex 24.2504 5.17917 5.4
      vertex 23.7223 5.57085 5.4
    endloop
  endfacet
  facet normal 0 0 1
    outer loop
      vertex 24.7376 4.73761 5.4
      vertex 23.5618 4.3205 5.4
      vertex 23.9598 3.9598 5.4
    endloop
  endfacet
  facet normal 0 0 1
    outer loop
      vertex 24.2504 5.17917 5.4
      vertex 23.5526 4.32886 5.4
      vertex 23.5618 4.3205 5.4
    endloop
  endfacet
  facet normal 0 0 1
    outer loop
      vertex 23.1005 4.66263 5.4
      vertex 23.7223 5.57085 5.4
      vertex 23.1584 5.90887 5.4
    endloop
  endfacet
  facet normal 0 0 1
    outer loop
      vertex 24.2504 5.17917 5.4
      vertex 23.1212 4.64881 5.4
      vertex 23.5526 4.32886 5.4
    endloop
  endfacet
  facet normal 0 0 1
    outer loop
      vertex 23.7223 5.57085 5.4
      vertex 23.1112 4.65623 5.4
      vertex 23.1212 4.64881 5.4
    endloop
  endfacet
  facet normal 0 0 1
    outer loop
      vertex 23.7223 5.57085 5.4
      vertex 23.1005 4.66263 5.4
      vertex 23.1112 4.65623 5.4
    endloop
  endfacet
  facet normal 0 0 1
    outer loop
      vertex 23.1584 5.90887 5.4
      vertex 22.6398 4.93876 5.4
      vertex 23.1005 4.66263 5.4
    endloop
  endfacet
  facet normal 0 0 1
    outer loop
      vertex 23.1584 5.90887 5.4
      vertex 22.6286 4.94408 5.4
      vertex 22.6398 4.93876 5.4
    endloop
  endfacet
  facet normal 0 0 1
    outer loop
      vertex 22.564 6.18999 5.4
      vertex 22.6286 4.94408 5.4
      vertex 23.1584 5.90887 5.4
    endloop
  endfacet
  facet normal 0 0 1
    outer loop
      vertex 22.564 6.18999 5.4
      vertex 22.143 5.17372 5.4
      vertex 22.6286 4.94408 5.4
    endloop
  endfacet
  facet normal 0 0 1
    outer loop
      vertex 21.6373 5.35467 5.4
      vertex 22.564 6.18999 5.4
      vertex 21.9449 6.4115 5.4
    endloop
  endfacet
  facet normal 0 0 1
    outer loop
      vertex 22.564 6.18999 5.4
      vertex 21.6373 5.35467 5.4
      vertex 22.143 5.17372 5.4
    endloop
  endfacet
  facet normal 0 0 1
    outer loop
      vertex 21.9449 6.4115 5.4
      vertex 21.6256 5.35887 5.4
      vertex 21.6373 5.35467 5.4
    endloop
  endfacet
  facet normal 0 0 1
    outer loop
      vertex 21.9449 6.4115 5.4
      vertex 21.6135 5.36189 5.4
      vertex 21.6256 5.35887 5.4
    endloop
  endfacet
  facet normal 0 0 1
    outer loop
      vertex 21.3071 6.57126 5.4
      vertex 21.6135 5.36189 5.4
      vertex 21.9449 6.4115 5.4
    endloop
  endfacet
  facet normal 0 0 1
    outer loop
      vertex 21.3071 6.57126 5.4
      vertex 21.0925 5.4924 5.4
      vertex 21.6135 5.36189 5.4
    endloop
  endfacet
  facet normal 0 0 1
    outer loop
      vertex 20.5612 5.57121 5.4
      vertex 21.3071 6.57126 5.4
      vertex 20.6567 6.66774 5.4
    endloop
  endfacet
  facet normal 0 0 1
    outer loop
      vertex 21.3071 6.57126 5.4
      vertex 20.5612 5.57121 5.4
      vertex 21.0925 5.4924 5.4
    endloop
  endfacet
  facet normal 0 0 1
    outer loop
      vertex 20.6567 6.66774 5.4
      vertex 20.5489 5.57303 5.4
      vertex 20.5612 5.57121 5.4
    endloop
  endfacet
  facet normal 0 0 1
    outer loop
      vertex 20.6567 6.66774 5.4
      vertex 20.5365 5.57364 5.4
      vertex 20.5489 5.57303 5.4
    endloop
  endfacet
  facet normal 0 0 1
    outer loop
      vertex 20 6.7 5.4
      vertex 20.5365 5.57364 5.4
      vertex 20.6567 6.66774 5.4
    endloop
  endfacet
  facet normal 0 0 1
    outer loop
      vertex 20 6.7 5.4
      vertex 20 5.6 5.4
      vertex 20.5365 5.57364 5.4
    endloop
  endfacet
  facet normal 0 0 1
    outer loop
      vertex 20 6.7 5.4
      vertex 19.4635 5.57364 5.4
      vertex 20 5.6 5.4
    endloop
  endfacet
  facet normal -0 0 1
    outer loop
      vertex 19.3433 6.66774 5.4
      vertex 19.4635 5.57364 5.4
      vertex 20 6.7 5.4
    endloop
  endfacet
  facet normal 0 0 1
    outer loop
      vertex 19.4635 5.57364 5.4
      vertex 19.3433 6.66774 5.4
      vertex 19.4511 5.57303 5.4
    endloop
  endfacet
  facet normal 0 0 1
    outer loop
      vertex 19.4511 5.57303 5.4
      vertex 19.3433 6.66774 5.4
      vertex 19.4388 5.57121 5.4
    endloop
  endfacet
  facet normal -0 0 1
    outer loop
      vertex 18.6929 6.57126 5.4
      vertex 19.4388 5.57121 5.4
      vertex 19.3433 6.66774 5.4
    endloop
  endfacet
  facet normal 0 0 1
    outer loop
      vertex 19.4388 5.57121 5.4
      vertex 18.6929 6.57126 5.4
      vertex 18.9075 5.4924 5.4
    endloop
  endfacet
  facet normal 0 0 1
    outer loop
      vertex 18.6929 6.57126 5.4
      vertex 18.3865 5.36189 5.4
      vertex 18.9075 5.4924 5.4
    endloop
  endfacet
  facet normal -0 0 1
    outer loop
      vertex 18.0551 6.4115 5.4
      vertex 18.3865 5.36189 5.4
      vertex 18.6929 6.57126 5.4
    endloop
  endfacet
  facet normal 0 0 1
    outer loop
      vertex 18.3865 5.36189 5.4
      vertex 18.0551 6.4115 5.4
      vertex 18.3744 5.35887 5.4
    endloop
  endfacet
  facet normal 0 0 1
    outer loop
      vertex 18.3744 5.35887 5.4
      vertex 18.0551 6.4115 5.4
      vertex 18.3627 5.35467 5.4
    endloop
  endfacet
  facet normal -0 0 1
    outer loop
      vertex 17.436 6.18999 5.4
      vertex 18.3627 5.35467 5.4
      vertex 18.0551 6.4115 5.4
    endloop
  endfacet
  facet normal 0 0 1
    outer loop
      vertex 18.3627 5.35467 5.4
      vertex 17.436 6.18999 5.4
      vertex 17.857 5.17372 5.4
    endloop
  endfacet
  facet normal 0 0 1
    outer loop
      vertex 17.436 6.18999 5.4
      vertex 17.3714 4.94408 5.4
      vertex 17.857 5.17372 5.4
    endloop
  endfacet
  facet normal -0 0 1
    outer loop
      vertex 16.8416 5.90887 5.4
      vertex 17.3714 4.94408 5.4
      vertex 17.436 6.18999 5.4
    endloop
  endfacet
  facet normal 0 0 1
    outer loop
      vertex 17.3714 4.94408 5.4
      vertex 16.8416 5.90887 5.4
      vertex 17.3602 4.93876 5.4
    endloop
  endfacet
  facet normal 0 0 1
    outer loop
      vertex 17.3602 4.93876 5.4
      vertex 16.8416 5.90887 5.4
      vertex 16.8995 4.66263 5.4
    endloop
  endfacet
  facet normal -0 0 1
    outer loop
      vertex 16.2777 5.57085 5.4
      vertex 16.8995 4.66263 5.4
      vertex 16.8416 5.90887 5.4
    endloop
  endfacet
  facet normal 0 0 1
    outer loop
      vertex 16.8995 4.66263 5.4
      vertex 16.2777 5.57085 5.4
      vertex 16.8888 4.65623 5.4
    endloop
  endfacet
  facet normal 0 0 1
    outer loop
      vertex 16.8888 4.65623 5.4
      vertex 16.2777 5.57085 5.4
      vertex 16.8788 4.64881 5.4
    endloop
  endfacet
  facet normal -0 0 1
    outer loop
      vertex 15.7496 5.17917 5.4
      vertex 16.8788 4.64881 5.4
      vertex 16.2777 5.57085 5.4
    endloop
  endfacet
  facet normal 0 0 1
    outer loop
      vertex 16.8788 4.64881 5.4
      vertex 15.7496 5.17917 5.4
      vertex 16.4474 4.32886 5.4
    endloop
  endfacet
  facet normal 0 0 1
    outer loop
      vertex 16.4474 4.32886 5.4
      vertex 15.7496 5.17917 5.4
      vertex 16.4382 4.3205 5.4
    endloop
  endfacet
  facet normal -0 0 1
    outer loop
      vertex 15.2624 4.73761 5.4
      vertex 16.4382 4.3205 5.4
      vertex 15.7496 5.17917 5.4
    endloop
  endfacet
  facet normal 0 0 1
    outer loop
      vertex 16.4382 4.3205 5.4
      vertex 15.2624 4.73761 5.4
      vertex 16.0402 3.9598 5.4
    endloop
  endfacet
  facet normal 0 0 1
    outer loop
      vertex 16.0402 3.9598 5.4
      vertex 15.2624 4.73761 5.4
      vertex 15.6795 3.56182 5.4
    endloop
  endfacet
  facet normal -0 0 1
    outer loop
      vertex 14.8208 4.25043 5.4
      vertex 15.6795 3.56182 5.4
      vertex 15.2624 4.73761 5.4
    endloop
  endfacet
  facet normal 0 0 1
    outer loop
      vertex 15.6795 3.56182 5.4
      vertex 14.8208 4.25043 5.4
      vertex 15.6711 3.5526 5.4
    endloop
  endfacet
  facet normal 0 0 1
    outer loop
      vertex 15.6711 3.5526 5.4
      vertex 14.8208 4.25043 5.4
      vertex 15.3512 3.12119 5.4
    endloop
  endfacet
  facet normal -0 0 1
    outer loop
      vertex 14.4292 3.72232 5.4
      vertex 15.3512 3.12119 5.4
      vertex 14.8208 4.25043 5.4
    endloop
  endfacet
  facet normal 0 0 1
    outer loop
      vertex 15.3512 3.12119 5.4
      vertex 14.4292 3.72232 5.4
      vertex 15.3438 3.11119 5.4
    endloop
  endfacet
  facet normal 0 0 1
    outer loop
      vertex 15.3438 3.11119 5.4
      vertex 14.4292 3.72232 5.4
      vertex 15.3374 3.10052 5.4
    endloop
  endfacet
  facet normal -0 0 1
    outer loop
      vertex 14.0911 3.15836 5.4
      vertex 15.3374 3.10052 5.4
      vertex 14.4292 3.72232 5.4
    endloop
  endfacet
  facet normal 0 0 1
    outer loop
      vertex 15.3374 3.10052 5.4
      vertex 14.0911 3.15836 5.4
      vertex 15.0612 2.63982 5.4
    endloop
  endfacet
  facet normal 0 0 1
    outer loop
      vertex 15.0612 2.63982 5.4
      vertex 14.0911 3.15836 5.4
      vertex 15.0559 2.62857 5.4
    endloop
  endfacet
  facet normal 0 0 1
    outer loop
      vertex 13.81 2.56398 5.4
      vertex 15.0559 2.62857 5.4
      vertex 14.0911 3.15836 5.4
    endloop
  endfacet
  facet normal 0 0 1
    outer loop
      vertex 15.0559 2.62857 5.4
      vertex 13.81 2.56398 5.4
      vertex 14.8263 2.14303 5.4
    endloop
  endfacet
  facet normal 0 0 1
    outer loop
      vertex 14.8263 2.14303 5.4
      vertex 13.81 2.56398 5.4
      vertex 14.6453 1.63731 5.4
    endloop
  endfacet
  facet normal -0 0 1
    outer loop
      vertex 13.5885 1.94491 5.4
      vertex 14.6453 1.63731 5.4
      vertex 13.81 2.56398 5.4
    endloop
  endfacet
  facet normal 0 0 1
    outer loop
      vertex 14.6453 1.63731 5.4
      vertex 13.5885 1.94491 5.4
      vertex 14.6411 1.62559 5.4
    endloop
  endfacet
  facet normal 0 0 1
    outer loop
      vertex 14.6411 1.62559 5.4
      vertex 13.5885 1.94491 5.4
      vertex 14.6381 1.61352 5.4
    endloop
  endfacet
  facet normal 0 0 1
    outer loop
      vertex 13.4287 1.30711 5.4
      vertex 14.6381 1.61352 5.4
      vertex 13.5885 1.94491 5.4
    endloop
  endfacet
  facet normal 0 0 1
    outer loop
      vertex 14.6381 1.61352 5.4
      vertex 13.4287 1.30711 5.4
      vertex 14.5076 1.09251 5.4
    endloop
  endfacet
  facet normal 0 0 1
    outer loop
      vertex 14.5076 1.09251 5.4
      vertex 13.4287 1.30711 5.4
      vertex 14.4288 0.561207 5.4
    endloop
  endfacet
  facet normal -0 0 1
    outer loop
      vertex 25.4924 -1.09251 5.4
      vertex 26.5713 -1.30711 5.4
      vertex 25.5712 -0.561207 5.4
    endloop
  endfacet
  facet normal 0 0 1
    outer loop
      vertex 25.3619 -1.61352 5.4
      vertex 26.5713 -1.30711 5.4
      vertex 25.4924 -1.09251 5.4
    endloop
  endfacet
  facet normal 0 0 1
    outer loop
      vertex 26.5713 -1.30711 5.4
      vertex 25.3619 -1.61352 5.4
      vertex 26.4115 -1.94491 5.4
    endloop
  endfacet
  facet normal -0 0 1
    outer loop
      vertex 25.3589 -1.62559 5.4
      vertex 26.4115 -1.94491 5.4
      vertex 25.3619 -1.61352 5.4
    endloop
  endfacet
  facet normal -0 0 1
    outer loop
      vertex 25.3547 -1.63731 5.4
      vertex 26.4115 -1.94491 5.4
      vertex 25.3589 -1.62559 5.4
    endloop
  endfacet
  facet normal 0 0 1
    outer loop
      vertex 26.4115 -1.94491 5.4
      vertex 25.3547 -1.63731 5.4
      vertex 26.19 -2.56398 5.4
    endloop
  endfacet
  facet normal -0 0 1
    outer loop
      vertex 25.1737 -2.14303 5.4
      vertex 26.19 -2.56398 5.4
      vertex 25.3547 -1.63731 5.4
    endloop
  endfacet
  facet normal 0 0 1
    outer loop
      vertex 24.9441 -2.62857 5.4
      vertex 26.19 -2.56398 5.4
      vertex 25.1737 -2.14303 5.4
    endloop
  endfacet
  facet normal 0 0 1
    outer loop
      vertex 26.19 -2.56398 5.4
      vertex 24.9441 -2.62857 5.4
      vertex 25.9089 -3.15836 5.4
    endloop
  endfacet
  facet normal -0 0 1
    outer loop
      vertex 24.9388 -2.63982 5.4
      vertex 25.9089 -3.15836 5.4
      vertex 24.9441 -2.62857 5.4
    endloop
  endfacet
  facet normal -0 0 1
    outer loop
      vertex 24.6626 -3.10052 5.4
      vertex 25.9089 -3.15836 5.4
      vertex 24.9388 -2.63982 5.4
    endloop
  endfacet
  facet normal 0 0 1
    outer loop
      vertex 25.9089 -3.15836 5.4
      vertex 24.6626 -3.10052 5.4
      vertex 25.5708 -3.72232 5.4
    endloop
  endfacet
  facet normal -0 0 1
    outer loop
      vertex 24.6562 -3.11119 5.4
      vertex 25.5708 -3.72232 5.4
      vertex 24.6626 -3.10052 5.4
    endloop
  endfacet
  facet normal -0 0 1
    outer loop
      vertex 24.6488 -3.12119 5.4
      vertex 25.5708 -3.72232 5.4
      vertex 24.6562 -3.11119 5.4
    endloop
  endfacet
  facet normal 0 0 1
    outer loop
      vertex 25.5708 -3.72232 5.4
      vertex 24.6488 -3.12119 5.4
      vertex 25.1792 -4.25043 5.4
    endloop
  endfacet
  facet normal -0 0 1
    outer loop
      vertex 24.3289 -3.5526 5.4
      vertex 25.1792 -4.25043 5.4
      vertex 24.6488 -3.12119 5.4
    endloop
  endfacet
  facet normal -0 0 1
    outer loop
      vertex 24.3205 -3.56182 5.4
      vertex 25.1792 -4.25043 5.4
      vertex 24.3289 -3.5526 5.4
    endloop
  endfacet
  facet normal 0 0 1
    outer loop
      vertex 25.1792 -4.25043 5.4
      vertex 24.3205 -3.56182 5.4
      vertex 24.7376 -4.73761 5.4
    endloop
  endfacet
  facet normal -0 0 1
    outer loop
      vertex 23.9598 -3.9598 5.4
      vertex 24.7376 -4.73761 5.4
      vertex 24.3205 -3.56182 5.4
    endloop
  endfacet
  facet normal -0 0 1
    outer loop
      vertex 23.5618 -4.3205 5.4
      vertex 24.7376 -4.73761 5.4
      vertex 23.9598 -3.9598 5.4
    endloop
  endfacet
  facet normal 0 0 1
    outer loop
      vertex 24.7376 -4.73761 5.4
      vertex 23.5618 -4.3205 5.4
      vertex 24.2504 -5.17917 5.4
    endloop
  endfacet
  facet normal -0 0 1
    outer loop
      vertex 23.5526 -4.32886 5.4
      vertex 24.2504 -5.17917 5.4
      vertex 23.5618 -4.3205 5.4
    endloop
  endfacet
  facet normal -0 0 1
    outer loop
      vertex 23.1212 -4.64881 5.4
      vertex 24.2504 -5.17917 5.4
      vertex 23.5526 -4.32886 5.4
    endloop
  endfacet
  facet normal 0 0 1
    outer loop
      vertex 24.2504 -5.17917 5.4
      vertex 23.1212 -4.64881 5.4
      vertex 23.7223 -5.57085 5.4
    endloop
  endfacet
  facet normal -0 0 1
    outer loop
      vertex 23.1112 -4.65623 5.4
      vertex 23.7223 -5.57085 5.4
      vertex 23.1212 -4.64881 5.4
    endloop
  endfacet
  facet normal -0 0 1
    outer loop
      vertex 23.1005 -4.66263 5.4
      vertex 23.7223 -5.57085 5.4
      vertex 23.1112 -4.65623 5.4
    endloop
  endfacet
  facet normal 0 0 1
    outer loop
      vertex 23.7223 -5.57085 5.4
      vertex 23.1005 -4.66263 5.4
      vertex 23.1584 -5.90887 5.4
    endloop
  endfacet
  facet normal -0 0 1
    outer loop
      vertex 22.6398 -4.93876 5.4
      vertex 23.1584 -5.90887 5.4
      vertex 23.1005 -4.66263 5.4
    endloop
  endfacet
  facet normal -0 0 1
    outer loop
      vertex 22.6286 -4.94408 5.4
      vertex 23.1584 -5.90887 5.4
      vertex 22.6398 -4.93876 5.4
    endloop
  endfacet
  facet normal 0 0 1
    outer loop
      vertex 22.6286 -4.94408 5.4
      vertex 22.564 -6.18999 5.4
      vertex 23.1584 -5.90887 5.4
    endloop
  endfacet
  facet normal -0 0 1
    outer loop
      vertex 22.143 -5.17372 5.4
      vertex 22.564 -6.18999 5.4
      vertex 22.6286 -4.94408 5.4
    endloop
  endfacet
  facet normal -0 0 1
    outer loop
      vertex 21.6373 -5.35467 5.4
      vertex 22.564 -6.18999 5.4
      vertex 22.143 -5.17372 5.4
    endloop
  endfacet
  facet normal 0 0 1
    outer loop
      vertex 22.564 -6.18999 5.4
      vertex 21.6373 -5.35467 5.4
      vertex 21.9449 -6.4115 5.4
    endloop
  endfacet
  facet normal -0 0 1
    outer loop
      vertex 21.6256 -5.35887 5.4
      vertex 21.9449 -6.4115 5.4
      vertex 21.6373 -5.35467 5.4
    endloop
  endfacet
  facet normal -0 0 1
    outer loop
      vertex 21.6135 -5.36189 5.4
      vertex 21.9449 -6.4115 5.4
      vertex 21.6256 -5.35887 5.4
    endloop
  endfacet
  facet normal 0 0 1
    outer loop
      vertex 21.6135 -5.36189 5.4
      vertex 21.3071 -6.57126 5.4
      vertex 21.9449 -6.4115 5.4
    endloop
  endfacet
  facet normal -0 0 1
    outer loop
      vertex 21.0925 -5.4924 5.4
      vertex 21.3071 -6.57126 5.4
      vertex 21.6135 -5.36189 5.4
    endloop
  endfacet
  facet normal -0 0 1
    outer loop
      vertex 20.5612 -5.57121 5.4
      vertex 21.3071 -6.57126 5.4
      vertex 21.0925 -5.4924 5.4
    endloop
  endfacet
  facet normal 0 0 1
    outer loop
      vertex 21.3071 -6.57126 5.4
      vertex 20.5612 -5.57121 5.4
      vertex 20.6567 -6.66774 5.4
    endloop
  endfacet
  facet normal -0 0 1
    outer loop
      vertex 20.5489 -5.57303 5.4
      vertex 20.6567 -6.66774 5.4
      vertex 20.5612 -5.57121 5.4
    endloop
  endfacet
  facet normal -0 0 1
    outer loop
      vertex 20.5365 -5.57364 5.4
      vertex 20.6567 -6.66774 5.4
      vertex 20.5489 -5.57303 5.4
    endloop
  endfacet
  facet normal 0 0 1
    outer loop
      vertex 20 -6.7 5.4
      vertex 20.5365 -5.57364 5.4
      vertex 20 -5.6 5.4
    endloop
  endfacet
  facet normal 0 0 1
    outer loop
      vertex 20.5365 -5.57364 5.4
      vertex 20 -6.7 5.4
      vertex 20.6567 -6.66774 5.4
    endloop
  endfacet
  facet normal 0 0 1
    outer loop
      vertex 19.4635 -5.57364 5.4
      vertex 20 -6.7 5.4
      vertex 20 -5.6 5.4
    endloop
  endfacet
  facet normal 0 0 1
    outer loop
      vertex 19.3433 -6.66774 5.4
      vertex 19.4635 -5.57364 5.4
      vertex 19.4511 -5.57303 5.4
    endloop
  endfacet
  facet normal 0 0 1
    outer loop
      vertex 19.3433 -6.66774 5.4
      vertex 19.4511 -5.57303 5.4
      vertex 19.4388 -5.57121 5.4
    endloop
  endfacet
  facet normal 0 0 1
    outer loop
      vertex 19.4635 -5.57364 5.4
      vertex 19.3433 -6.66774 5.4
      vertex 20 -6.7 5.4
    endloop
  endfacet
  facet normal 0 0 1
    outer loop
      vertex 18.6929 -6.57126 5.4
      vertex 19.4388 -5.57121 5.4
      vertex 18.9075 -5.4924 5.4
    endloop
  endfacet
  facet normal 0 0 1
    outer loop
      vertex 19.4388 -5.57121 5.4
      vertex 18.6929 -6.57126 5.4
      vertex 19.3433 -6.66774 5.4
    endloop
  endfacet
  facet normal 0 0 1
    outer loop
      vertex 18.3865 -5.36189 5.4
      vertex 18.6929 -6.57126 5.4
      vertex 18.9075 -5.4924 5.4
    endloop
  endfacet
  facet normal 0 0 1
    outer loop
      vertex 18.0551 -6.4115 5.4
      vertex 18.3865 -5.36189 5.4
      vertex 18.3744 -5.35887 5.4
    endloop
  endfacet
  facet normal 0 0 1
    outer loop
      vertex 18.0551 -6.4115 5.4
      vertex 18.3744 -5.35887 5.4
      vertex 18.3627 -5.35467 5.4
    endloop
  endfacet
  facet normal 0 0 1
    outer loop
      vertex 18.3865 -5.36189 5.4
      vertex 18.0551 -6.4115 5.4
      vertex 18.6929 -6.57126 5.4
    endloop
  endfacet
  facet normal 0 0 1
    outer loop
      vertex 17.436 -6.18999 5.4
      vertex 18.3627 -5.35467 5.4
      vertex 17.857 -5.17372 5.4
    endloop
  endfacet
  facet normal 0 0 1
    outer loop
      vertex 18.3627 -5.35467 5.4
      vertex 17.436 -6.18999 5.4
      vertex 18.0551 -6.4115 5.4
    endloop
  endfacet
  facet normal 0 0 1
    outer loop
      vertex 17.3714 -4.94408 5.4
      vertex 17.436 -6.18999 5.4
      vertex 17.857 -5.17372 5.4
    endloop
  endfacet
  facet normal 0 0 1
    outer loop
      vertex 16.8416 -5.90887 5.4
      vertex 17.3714 -4.94408 5.4
      vertex 17.3602 -4.93876 5.4
    endloop
  endfacet
  facet normal 0 0 1
    outer loop
      vertex 16.8416 -5.90887 5.4
      vertex 17.3602 -4.93876 5.4
      vertex 16.8995 -4.66263 5.4
    endloop
  endfacet
  facet normal 0 0 1
    outer loop
      vertex 16.2777 -5.57085 5.4
      vertex 16.8995 -4.66263 5.4
      vertex 16.8888 -4.65623 5.4
    endloop
  endfacet
  facet normal 0 0 1
    outer loop
      vertex 16.2777 -5.57085 5.4
      vertex 16.8888 -4.65623 5.4
      vertex 16.8788 -4.64881 5.4
    endloop
  endfacet
  facet normal 0 0 1
    outer loop
      vertex 17.3714 -4.94408 5.4
      vertex 16.8416 -5.90887 5.4
      vertex 17.436 -6.18999 5.4
    endloop
  endfacet
  facet normal 0 0 1
    outer loop
      vertex 15.7496 -5.17917 5.4
      vertex 16.8788 -4.64881 5.4
      vertex 16.4474 -4.32886 5.4
    endloop
  endfacet
  facet normal 0 0 1
    outer loop
      vertex 15.7496 -5.17917 5.4
      vertex 16.4474 -4.32886 5.4
      vertex 16.4382 -4.3205 5.4
    endloop
  endfacet
  facet normal 0 0 1
    outer loop
      vertex 16.8995 -4.66263 5.4
      vertex 16.2777 -5.57085 5.4
      vertex 16.8416 -5.90887 5.4
    endloop
  endfacet
  facet normal 0 0 1
    outer loop
      vertex 15.2624 -4.73761 5.4
      vertex 16.4382 -4.3205 5.4
      vertex 16.0402 -3.9598 5.4
    endloop
  endfacet
  facet normal 0 0 1
    outer loop
      vertex 16.8788 -4.64881 5.4
      vertex 15.7496 -5.17917 5.4
      vertex 16.2777 -5.57085 5.4
    endloop
  endfacet
  facet normal 0 0 1
    outer loop
      vertex 15.2624 -4.73761 5.4
      vertex 16.0402 -3.9598 5.4
      vertex 15.6795 -3.56182 5.4
    endloop
  endfacet
  facet normal 0 0 1
    outer loop
      vertex 14.8208 -4.25043 5.4
      vertex 15.6795 -3.56182 5.4
      vertex 15.6711 -3.5526 5.4
    endloop
  endfacet
  facet normal 0 0 1
    outer loop
      vertex 14.8208 -4.25043 5.4
      vertex 15.6711 -3.5526 5.4
      vertex 15.3512 -3.12119 5.4
    endloop
  endfacet
  facet normal 0 0 1
    outer loop
      vertex 14.4292 -3.72232 5.4
      vertex 15.3512 -3.12119 5.4
      vertex 15.3438 -3.11119 5.4
    endloop
  endfacet
  facet normal 0 0 1
    outer loop
      vertex 14.4292 -3.72232 5.4
      vertex 15.3438 -3.11119 5.4
      vertex 15.3374 -3.10052 5.4
    endloop
  endfacet
  facet normal 0 0 1
    outer loop
      vertex 16.4382 -4.3205 5.4
      vertex 15.2624 -4.73761 5.4
      vertex 15.7496 -5.17917 5.4
    endloop
  endfacet
  facet normal 0 0 1
    outer loop
      vertex 14.0911 -3.15836 5.4
      vertex 15.3374 -3.10052 5.4
      vertex 15.0612 -2.63982 5.4
    endloop
  endfacet
  facet normal 0 0 1
    outer loop
      vertex 14.0911 -3.15836 5.4
      vertex 15.0612 -2.63982 5.4
      vertex 15.0559 -2.62857 5.4
    endloop
  endfacet
  facet normal -0 0 1
    outer loop
      vertex 13.81 -2.56398 5.4
      vertex 15.0559 -2.62857 5.4
      vertex 14.8263 -2.14303 5.4
    endloop
  endfacet
  facet normal 0 0 1
    outer loop
      vertex 15.6795 -3.56182 5.4
      vertex 14.8208 -4.25043 5.4
      vertex 15.2624 -4.73761 5.4
    endloop
  endfacet
  facet normal 0 0 1
    outer loop
      vertex 13.81 -2.56398 5.4
      vertex 14.8263 -2.14303 5.4
      vertex 14.6453 -1.63731 5.4
    endloop
  endfacet
  facet normal 0 0 1
    outer loop
      vertex 13.5885 -1.94491 5.4
      vertex 14.6453 -1.63731 5.4
      vertex 14.6411 -1.62559 5.4
    endloop
  endfacet
  facet normal 0 0 1
    outer loop
      vertex 13.5885 -1.94491 5.4
      vertex 14.6411 -1.62559 5.4
      vertex 14.6381 -1.61352 5.4
    endloop
  endfacet
  facet normal -0 0 1
    outer loop
      vertex 13.4287 -1.30711 5.4
      vertex 14.6381 -1.61352 5.4
      vertex 14.5076 -1.09251 5.4
    endloop
  endfacet
  facet normal 0 0 1
    outer loop
      vertex 15.3512 -3.12119 5.4
      vertex 14.4292 -3.72232 5.4
      vertex 14.8208 -4.25043 5.4
    endloop
  endfacet
  facet normal 0 0 1
    outer loop
      vertex 13.4287 -1.30711 5.4
      vertex 14.5076 -1.09251 5.4
      vertex 14.4288 -0.561207 5.4
    endloop
  endfacet
  facet normal 0 0 1
    outer loop
      vertex 13.3323 -0.656714 5.4
      vertex 14.4288 -0.561207 5.4
      vertex 14.427 -0.548895 5.4
    endloop
  endfacet
  facet normal 0 0 1
    outer loop
      vertex 13.3323 -0.656714 5.4
      vertex 14.427 -0.548895 5.4
      vertex 14.4264 -0.536463 5.4
    endloop
  endfacet
  facet normal -0 0 1
    outer loop
      vertex 13.3 0 5.4
      vertex 14.4264 -0.536463 5.4
      vertex 14.4 0 5.4
    endloop
  endfacet
  facet normal -0 0 1
    outer loop
      vertex 13.3323 0.656714 5.4
      vertex 14.4288 0.561207 5.4
      vertex 13.4287 1.30711 5.4
    endloop
  endfacet
  facet normal 0 0 1
    outer loop
      vertex 15.3374 -3.10052 5.4
      vertex 14.0911 -3.15836 5.4
      vertex 14.4292 -3.72232 5.4
    endloop
  endfacet
  facet normal 0 0 1
    outer loop
      vertex 14.4288 0.561207 5.4
      vertex 13.3323 0.656714 5.4
      vertex 14.427 0.548895 5.4
    endloop
  endfacet
  facet normal 0 0 1
    outer loop
      vertex 15.0559 -2.62857 5.4
      vertex 13.81 -2.56398 5.4
      vertex 14.0911 -3.15836 5.4
    endloop
  endfacet
  facet normal 0 0 1
    outer loop
      vertex 14.427 0.548895 5.4
      vertex 13.3323 0.656714 5.4
      vertex 14.4264 0.536463 5.4
    endloop
  endfacet
  facet normal 0 0 1
    outer loop
      vertex 14.6453 -1.63731 5.4
      vertex 13.5885 -1.94491 5.4
      vertex 13.81 -2.56398 5.4
    endloop
  endfacet
  facet normal 0 0 1
    outer loop
      vertex 13.3 0 5.4
      vertex 14.4264 0.536463 5.4
      vertex 13.3323 0.656714 5.4
    endloop
  endfacet
  facet normal 0 0 1
    outer loop
      vertex 14.6381 -1.61352 5.4
      vertex 13.4287 -1.30711 5.4
      vertex 13.5885 -1.94491 5.4
    endloop
  endfacet
  facet normal 0 0 1
    outer loop
      vertex 14.4264 0.536463 5.4
      vertex 13.3 0 5.4
      vertex 14.4 0 5.4
    endloop
  endfacet
  facet normal 0 0 1
    outer loop
      vertex 14.4288 -0.561207 5.4
      vertex 13.3323 -0.656714 5.4
      vertex 13.4287 -1.30711 5.4
    endloop
  endfacet
  facet normal 0 0 1
    outer loop
      vertex 14.4264 -0.536463 5.4
      vertex 13.3 0 5.4
      vertex 13.3323 -0.656714 5.4
    endloop
  endfacet
  facet normal -0.998793 0.0491249 0
    outer loop
      vertex 13.3 0 5
      vertex 13.3323 0.656714 5.4
      vertex 13.3323 0.656714 5
    endloop
  endfacet
  facet normal -0.998793 0.0491249 0
    outer loop
      vertex 13.3323 0.656714 5.4
      vertex 13.3 0 5
      vertex 13.3 0 5.4
    endloop
  endfacet
  facet normal -0.970017 0.243037 0
    outer loop
      vertex 13.4287 1.30711 5
      vertex 13.5885 1.94491 5.4
      vertex 13.5885 1.94491 5
    endloop
  endfacet
  facet normal -0.970017 0.243037 0
    outer loop
      vertex 13.5885 1.94491 5.4
      vertex 13.4287 1.30711 5
      vertex 13.4287 1.30711 5.4
    endloop
  endfacet
  facet normal -0.989194 -0.146616 0
    outer loop
      vertex 13.4287 -1.30711 5
      vertex 13.3323 -0.656714 5.4
      vertex 13.3323 -0.656714 5
    endloop
  endfacet
  facet normal -0.989194 -0.146616 0
    outer loop
      vertex 13.3323 -0.656714 5.4
      vertex 13.4287 -1.30711 5
      vertex 13.4287 -1.30711 5.4
    endloop
  endfacet
  facet normal 0.427542 -0.903995 0
    outer loop
      vertex 22.564 -6.18999 5
      vertex 23.1584 -5.90887 5.4
      vertex 22.564 -6.18999 5.4
    endloop
  endfacet
  facet normal 0.427542 -0.903995 0
    outer loop
      vertex 23.1584 -5.90887 5.4
      vertex 22.564 -6.18999 5
      vertex 23.1584 -5.90887 5
    endloop
  endfacet
  facet normal 0.514138 -0.857708 0
    outer loop
      vertex 23.1584 -5.90887 5
      vertex 23.7223 -5.57085 5.4
      vertex 23.1584 -5.90887 5.4
    endloop
  endfacet
  facet normal 0.514138 -0.857708 0
    outer loop
      vertex 23.7223 -5.57085 5.4
      vertex 23.1584 -5.90887 5
      vertex 23.7223 -5.57085 5
    endloop
  endfacet
  facet normal -0.803261 0.595628 0
    outer loop
      vertex 14.4292 3.72232 5
      vertex 14.8208 4.25043 5.4
      vertex 14.8208 4.25043 5
    endloop
  endfacet
  facet normal -0.803261 0.595628 0
    outer loop
      vertex 14.8208 4.25043 5.4
      vertex 14.4292 3.72232 5
      vertex 14.4292 3.72232 5.4
    endloop
  endfacet
  facet normal -0.671549 -0.74096 0
    outer loop
      vertex 15.2624 -4.73761 5
      vertex 15.7496 -5.17917 5.4
      vertex 15.2624 -4.73761 5.4
    endloop
  endfacet
  facet normal -0.671549 -0.74096 -0
    outer loop
      vertex 15.7496 -5.17917 5.4
      vertex 15.2624 -4.73761 5
      vertex 15.7496 -5.17917 5
    endloop
  endfacet
  facet normal -0.904002 0.427529 0
    outer loop
      vertex 13.81 2.56398 5
      vertex 14.0911 3.15836 5.4
      vertex 14.0911 3.15836 5
    endloop
  endfacet
  facet normal -0.904002 0.427529 0
    outer loop
      vertex 14.0911 3.15836 5.4
      vertex 13.81 2.56398 5
      vertex 13.81 2.56398 5.4
    endloop
  endfacet
  facet normal -0.427542 0.903995 0
    outer loop
      vertex 17.436 6.18999 5
      vertex 16.8416 5.90887 5.4
      vertex 17.436 6.18999 5.4
    endloop
  endfacet
  facet normal -0.427542 0.903995 0
    outer loop
      vertex 16.8416 5.90887 5.4
      vertex 17.436 6.18999 5
      vertex 16.8416 5.90887 5
    endloop
  endfacet
  facet normal 0.67154 0.740969 -0
    outer loop
      vertex -3.29884 -4.01965 0.4
      vertex -3.67696 -3.67696 5
      vertex -3.29884 -4.01965 5
    endloop
  endfacet
  facet normal 0.67154 0.740969 0
    outer loop
      vertex -3.67696 -3.67696 5
      vertex -3.29884 -4.01965 0.4
      vertex -3.67696 -3.67696 0.4
    endloop
  endfacet
  facet normal 0.941541 -0.336899 0
    outer loop
      vertex -4.97609 1.50948 5
      vertex -4.80417 1.98995 0.4
      vertex -4.80417 1.98995 5
    endloop
  endfacet
  facet normal 0.941541 -0.336899 0
    outer loop
      vertex -4.80417 1.98995 0.4
      vertex -4.97609 1.50948 5
      vertex -4.97609 1.50948 0.4
    endloop
  endfacet
  facet normal -0.989176 -0.146736 0
    outer loop
      vertex 5.17496 0.509688 0.4
      vertex 5.10008 1.01447 5
      vertex 5.10008 1.01447 0.4
    endloop
  endfacet
  facet normal -0.989176 -0.146736 0
    outer loop
      vertex 5.10008 1.01447 5
      vertex 5.17496 0.509688 0.4
      vertex 5.17496 0.509688 5
    endloop
  endfacet
  facet normal -0.998795 -0.0490689 0
    outer loop
      vertex 5.2 0 0.4
      vertex 5.17496 0.509688 5
      vertex 5.17496 0.509688 0.4
    endloop
  endfacet
  facet normal -0.998795 -0.0490689 0
    outer loop
      vertex 5.17496 0.509688 5
      vertex 5.2 0 0.4
      vertex 5.2 0 5
    endloop
  endfacet
  facet normal 0.514107 0.857726 -0
    outer loop
      vertex -2.45126 -4.58599 0.4
      vertex -2.88896 -4.32364 5
      vertex -2.45126 -4.58599 5
    endloop
  endfacet
  facet normal 0.514107 0.857726 0
    outer loop
      vertex -2.88896 -4.32364 5
      vertex -2.45126 -4.58599 0.4
      vertex -2.88896 -4.32364 0.4
    endloop
  endfacet
  facet normal -0.67154 -0.740969 0
    outer loop
      vertex 3.29884 4.01965 0.4
      vertex 3.67696 3.67696 5
      vertex 3.29884 4.01965 5
    endloop
  endfacet
  facet normal -0.67154 -0.740969 -0
    outer loop
      vertex 3.67696 3.67696 5
      vertex 3.29884 4.01965 0.4
      vertex 3.67696 3.67696 0.4
    endloop
  endfacet
  facet normal 0.146736 0.989176 -0
    outer loop
      vertex -0.509688 -5.17496 0.4
      vertex -1.01447 -5.10008 5
      vertex -0.509688 -5.17496 5
    endloop
  endfacet
  facet normal 0.146736 0.989176 0
    outer loop
      vertex -1.01447 -5.10008 5
      vertex -0.509688 -5.17496 0.4
      vertex -1.01447 -5.10008 0.4
    endloop
  endfacet
  facet normal -0.740969 -0.67154 0
    outer loop
      vertex 4.01965 3.29884 0.4
      vertex 3.67696 3.67696 5
      vertex 3.67696 3.67696 0.4
    endloop
  endfacet
  facet normal -0.740969 -0.67154 0
    outer loop
      vertex 3.67696 3.67696 5
      vertex 4.01965 3.29884 0.4
      vertex 4.01965 3.29884 5
    endloop
  endfacet
  facet normal -0.42755 -0.903992 0
    outer loop
      vertex 1.98995 4.80417 0.4
      vertex 2.45126 4.58599 5
      vertex 1.98995 4.80417 5
    endloop
  endfacet
  facet normal -0.42755 -0.903992 -0
    outer loop
      vertex 2.45126 4.58599 5
      vertex 1.98995 4.80417 0.4
      vertex 2.45126 4.58599 0.4
    endloop
  endfacet
  facet normal -0.0490689 0.998795 0
    outer loop
      vertex 0.509688 -5.17496 0.4
      vertex 0 -5.2 5
      vertex 0.509688 -5.17496 5
    endloop
  endfacet
  facet normal -0.0490689 0.998795 0
    outer loop
      vertex 0 -5.2 5
      vertex 0.509688 -5.17496 0.4
      vertex 0 -5.2 0.4
    endloop
  endfacet
  facet normal 0.740969 -0.67154 0
    outer loop
      vertex -4.01965 3.29884 5
      vertex -3.67696 3.67696 0.4
      vertex -3.67696 3.67696 5
    endloop
  endfacet
  facet normal 0.740969 -0.67154 0
    outer loop
      vertex -3.67696 3.67696 0.4
      vertex -4.01965 3.29884 5
      vertex -4.01965 3.29884 0.4
    endloop
  endfacet
  facet normal -0.989176 0.146736 0
    outer loop
      vertex 5.10008 -1.01447 0.4
      vertex 5.17496 -0.509688 5
      vertex 5.17496 -0.509688 0.4
    endloop
  endfacet
  facet normal -0.989176 0.146736 0
    outer loop
      vertex 5.17496 -0.509688 5
      vertex 5.10008 -1.01447 0.4
      vertex 5.10008 -1.01447 5
    endloop
  endfacet
  facet normal -0.903992 -0.42755 0
    outer loop
      vertex 4.80417 1.98995 0.4
      vertex 4.58599 2.45126 5
      vertex 4.58599 2.45126 0.4
    endloop
  endfacet
  facet normal -0.903992 -0.42755 0
    outer loop
      vertex 4.58599 2.45126 5
      vertex 4.80417 1.98995 0.4
      vertex 4.80417 1.98995 5
    endloop
  endfacet
  facet normal 0.242974 -0.970033 0
    outer loop
      vertex -1.50948 4.97609 0.4
      vertex -1.01447 5.10008 5
      vertex -1.50948 4.97609 5
    endloop
  endfacet
  facet normal 0.242974 -0.970033 0
    outer loop
      vertex -1.01447 5.10008 5
      vertex -1.50948 4.97609 0.4
      vertex -1.01447 5.10008 0.4
    endloop
  endfacet
  facet normal 0.803205 -0.595702 0
    outer loop
      vertex -4.32364 2.88896 5
      vertex -4.01965 3.29884 0.4
      vertex -4.01965 3.29884 5
    endloop
  endfacet
  facet normal 0.803205 -0.595702 0
    outer loop
      vertex -4.01965 3.29884 0.4
      vertex -4.32364 2.88896 5
      vertex -4.32364 2.88896 0.4
    endloop
  endfacet
  facet normal -0.242974 -0.970033 0
    outer loop
      vertex 1.01447 5.10008 0.4
      vertex 1.50948 4.97609 5
      vertex 1.01447 5.10008 5
    endloop
  endfacet
  facet normal -0.242974 -0.970033 -0
    outer loop
      vertex 1.50948 4.97609 5
      vertex 1.01447 5.10008 0.4
      vertex 1.50948 4.97609 0.4
    endloop
  endfacet
  facet normal -0.336899 -0.941541 0
    outer loop
      vertex 1.50948 4.97609 0.4
      vertex 1.98995 4.80417 5
      vertex 1.50948 4.97609 5
    endloop
  endfacet
  facet normal -0.336899 -0.941541 -0
    outer loop
      vertex 1.98995 4.80417 5
      vertex 1.50948 4.97609 0.4
      vertex 1.98995 4.80417 0.4
    endloop
  endfacet
  facet normal -0.941541 -0.336899 0
    outer loop
      vertex 4.97609 1.50948 0.4
      vertex 4.80417 1.98995 5
      vertex 4.80417 1.98995 0.4
    endloop
  endfacet
  facet normal -0.941541 -0.336899 0
    outer loop
      vertex 4.80417 1.98995 5
      vertex 4.97609 1.50948 0.4
      vertex 4.97609 1.50948 5
    endloop
  endfacet
  facet normal -0.595702 -0.803205 0
    outer loop
      vertex 2.88896 4.32364 0.4
      vertex 3.29884 4.01965 5
      vertex 2.88896 4.32364 5
    endloop
  endfacet
  facet normal -0.595702 -0.803205 -0
    outer loop
      vertex 3.29884 4.01965 5
      vertex 2.88896 4.32364 0.4
      vertex 3.29884 4.01965 0.4
    endloop
  endfacet
  facet normal 0.857726 0.514107 0
    outer loop
      vertex -4.32364 -2.88896 5
      vertex -4.58599 -2.45126 0.4
      vertex -4.58599 -2.45126 5
    endloop
  endfacet
  facet normal 0.857726 0.514107 0
    outer loop
      vertex -4.58599 -2.45126 0.4
      vertex -4.32364 -2.88896 5
      vertex -4.32364 -2.88896 0.4
    endloop
  endfacet
  facet normal -0.514107 -0.857726 0
    outer loop
      vertex 2.45126 4.58599 0.4
      vertex 2.88896 4.32364 5
      vertex 2.45126 4.58599 5
    endloop
  endfacet
  facet normal -0.514107 -0.857726 -0
    outer loop
      vertex 2.88896 4.32364 5
      vertex 2.45126 4.58599 0.4
      vertex 2.88896 4.32364 0.4
    endloop
  endfacet
  facet normal -0.941541 0.336899 0
    outer loop
      vertex 4.80417 -1.98995 0.4
      vertex 4.97609 -1.50948 5
      vertex 4.97609 -1.50948 0.4
    endloop
  endfacet
  facet normal -0.941541 0.336899 0
    outer loop
      vertex 4.97609 -1.50948 5
      vertex 4.80417 -1.98995 0.4
      vertex 4.80417 -1.98995 5
    endloop
  endfacet
  facet normal 0.857726 -0.514107 0
    outer loop
      vertex -4.58599 2.45126 5
      vertex -4.32364 2.88896 0.4
      vertex -4.32364 2.88896 5
    endloop
  endfacet
  facet normal 0.857726 -0.514107 0
    outer loop
      vertex -4.32364 2.88896 0.4
      vertex -4.58599 2.45126 5
      vertex -4.58599 2.45126 0.4
    endloop
  endfacet
  facet normal 0.970033 0.242974 0
    outer loop
      vertex -4.97609 -1.50948 5
      vertex -5.10008 -1.01447 0.4
      vertex -5.10008 -1.01447 5
    endloop
  endfacet
  facet normal 0.970033 0.242974 0
    outer loop
      vertex -5.10008 -1.01447 0.4
      vertex -4.97609 -1.50948 5
      vertex -4.97609 -1.50948 0.4
    endloop
  endfacet
  facet normal -0.0490689 -0.998795 0
    outer loop
      vertex 0 5.2 0.4
      vertex 0.509688 5.17496 5
      vertex 0 5.2 5
    endloop
  endfacet
  facet normal -0.0490689 -0.998795 -0
    outer loop
      vertex 0.509688 5.17496 5
      vertex 0 5.2 0.4
      vertex 0.509688 5.17496 0.4
    endloop
  endfacet
  facet normal -0.857726 -0.514107 0
    outer loop
      vertex 4.58599 2.45126 0.4
      vertex 4.32364 2.88896 5
      vertex 4.32364 2.88896 0.4
    endloop
  endfacet
  facet normal -0.857726 -0.514107 0
    outer loop
      vertex 4.32364 2.88896 5
      vertex 4.58599 2.45126 0.4
      vertex 4.58599 2.45126 5
    endloop
  endfacet
  facet normal 0.941541 0.336899 0
    outer loop
      vertex -4.80417 -1.98995 5
      vertex -4.97609 -1.50948 0.4
      vertex -4.97609 -1.50948 5
    endloop
  endfacet
  facet normal 0.941541 0.336899 0
    outer loop
      vertex -4.97609 -1.50948 0.4
      vertex -4.80417 -1.98995 5
      vertex -4.80417 -1.98995 0.4
    endloop
  endfacet
  facet normal 0.67154 -0.740969 0
    outer loop
      vertex -3.67696 3.67696 0.4
      vertex -3.29884 4.01965 5
      vertex -3.67696 3.67696 5
    endloop
  endfacet
  facet normal 0.67154 -0.740969 0
    outer loop
      vertex -3.29884 4.01965 5
      vertex -3.67696 3.67696 0.4
      vertex -3.29884 4.01965 0.4
    endloop
  endfacet
  facet normal -0.970033 0.242974 0
    outer loop
      vertex 4.97609 -1.50948 0.4
      vertex 5.10008 -1.01447 5
      vertex 5.10008 -1.01447 0.4
    endloop
  endfacet
  facet normal -0.970033 0.242974 0
    outer loop
      vertex 5.10008 -1.01447 5
      vertex 4.97609 -1.50948 0.4
      vertex 4.97609 -1.50948 5
    endloop
  endfacet
  facet normal 0.514107 -0.857726 0
    outer loop
      vertex -2.88896 4.32364 0.4
      vertex -2.45126 4.58599 5
      vertex -2.88896 4.32364 5
    endloop
  endfacet
  facet normal 0.514107 -0.857726 0
    outer loop
      vertex -2.45126 4.58599 5
      vertex -2.88896 4.32364 0.4
      vertex -2.45126 4.58599 0.4
    endloop
  endfacet
  facet normal 0.998795 0.0490689 0
    outer loop
      vertex -5.17496 -0.509688 5
      vertex -5.2 0 0.4
      vertex -5.2 0 5
    endloop
  endfacet
  facet normal 0.998795 0.0490689 0
    outer loop
      vertex -5.2 0 0.4
      vertex -5.17496 -0.509688 5
      vertex -5.17496 -0.509688 0.4
    endloop
  endfacet
  facet normal 0.970033 -0.242974 0
    outer loop
      vertex -5.10008 1.01447 5
      vertex -4.97609 1.50948 0.4
      vertex -4.97609 1.50948 5
    endloop
  endfacet
  facet normal 0.970033 -0.242974 0
    outer loop
      vertex -4.97609 1.50948 0.4
      vertex -5.10008 1.01447 5
      vertex -5.10008 1.01447 0.4
    endloop
  endfacet
  facet normal -0.42755 0.903992 0
    outer loop
      vertex 2.45126 -4.58599 0.4
      vertex 1.98995 -4.80417 5
      vertex 2.45126 -4.58599 5
    endloop
  endfacet
  facet normal -0.42755 0.903992 0
    outer loop
      vertex 1.98995 -4.80417 5
      vertex 2.45126 -4.58599 0.4
      vertex 1.98995 -4.80417 0.4
    endloop
  endfacet
  facet normal 0.336899 0.941541 -0
    outer loop
      vertex -1.50948 -4.97609 0.4
      vertex -1.98995 -4.80417 5
      vertex -1.50948 -4.97609 5
    endloop
  endfacet
  facet normal 0.336899 0.941541 0
    outer loop
      vertex -1.98995 -4.80417 5
      vertex -1.50948 -4.97609 0.4
      vertex -1.98995 -4.80417 0.4
    endloop
  endfacet
  facet normal 0.336899 -0.941541 0
    outer loop
      vertex -1.98995 4.80417 0.4
      vertex -1.50948 4.97609 5
      vertex -1.98995 4.80417 5
    endloop
  endfacet
  facet normal 0.336899 -0.941541 0
    outer loop
      vertex -1.50948 4.97609 5
      vertex -1.98995 4.80417 0.4
      vertex -1.50948 4.97609 0.4
    endloop
  endfacet
  facet normal -0.514107 0.857726 0
    outer loop
      vertex 2.88896 -4.32364 0.4
      vertex 2.45126 -4.58599 5
      vertex 2.88896 -4.32364 5
    endloop
  endfacet
  facet normal -0.514107 0.857726 0
    outer loop
      vertex 2.45126 -4.58599 5
      vertex 2.88896 -4.32364 0.4
      vertex 2.45126 -4.58599 0.4
    endloop
  endfacet
  facet normal -0.146736 0.989176 0
    outer loop
      vertex 1.01447 -5.10008 0.4
      vertex 0.509688 -5.17496 5
      vertex 1.01447 -5.10008 5
    endloop
  endfacet
  facet normal -0.146736 0.989176 0
    outer loop
      vertex 0.509688 -5.17496 5
      vertex 1.01447 -5.10008 0.4
      vertex 0.509688 -5.17496 0.4
    endloop
  endfacet
  facet normal -0.740969 0.67154 0
    outer loop
      vertex 3.67696 -3.67696 0.4
      vertex 4.01965 -3.29884 5
      vertex 4.01965 -3.29884 0.4
    endloop
  endfacet
  facet normal -0.740969 0.67154 0
    outer loop
      vertex 4.01965 -3.29884 5
      vertex 3.67696 -3.67696 0.4
      vertex 3.67696 -3.67696 5
    endloop
  endfacet
  facet normal -0.803205 0.595702 0
    outer loop
      vertex 4.01965 -3.29884 0.4
      vertex 4.32364 -2.88896 5
      vertex 4.32364 -2.88896 0.4
    endloop
  endfacet
  facet normal -0.803205 0.595702 0
    outer loop
      vertex 4.32364 -2.88896 5
      vertex 4.01965 -3.29884 0.4
      vertex 4.01965 -3.29884 5
    endloop
  endfacet
  facet normal 0.0490689 -0.998795 0
    outer loop
      vertex -0.509688 5.17496 0.4
      vertex 0 5.2 5
      vertex -0.509688 5.17496 5
    endloop
  endfacet
  facet normal 0.0490689 -0.998795 0
    outer loop
      vertex 0 5.2 5
      vertex -0.509688 5.17496 0.4
      vertex 0 5.2 0.4
    endloop
  endfacet
  facet normal 0.42755 -0.903992 0
    outer loop
      vertex -2.45126 4.58599 0.4
      vertex -1.98995 4.80417 5
      vertex -2.45126 4.58599 5
    endloop
  endfacet
  facet normal 0.42755 -0.903992 0
    outer loop
      vertex -1.98995 4.80417 5
      vertex -2.45126 4.58599 0.4
      vertex -1.98995 4.80417 0.4
    endloop
  endfacet
  facet normal 0.595702 -0.803205 0
    outer loop
      vertex -3.29884 4.01965 0.4
      vertex -2.88896 4.32364 5
      vertex -3.29884 4.01965 5
    endloop
  endfacet
  facet normal 0.595702 -0.803205 0
    outer loop
      vertex -2.88896 4.32364 5
      vertex -3.29884 4.01965 0.4
      vertex -2.88896 4.32364 0.4
    endloop
  endfacet
  facet normal 0.989176 -0.146736 0
    outer loop
      vertex -5.17496 0.509688 5
      vertex -5.10008 1.01447 0.4
      vertex -5.10008 1.01447 5
    endloop
  endfacet
  facet normal 0.989176 -0.146736 0
    outer loop
      vertex -5.10008 1.01447 0.4
      vertex -5.17496 0.509688 5
      vertex -5.17496 0.509688 0.4
    endloop
  endfacet
  facet normal 0.242974 0.970033 -0
    outer loop
      vertex -1.01447 -5.10008 0.4
      vertex -1.50948 -4.97609 5
      vertex -1.01447 -5.10008 5
    endloop
  endfacet
  facet normal 0.242974 0.970033 0
    outer loop
      vertex -1.50948 -4.97609 5
      vertex -1.01447 -5.10008 0.4
      vertex -1.50948 -4.97609 0.4
    endloop
  endfacet
  facet normal -0.970033 -0.242974 0
    outer loop
      vertex 5.10008 1.01447 0.4
      vertex 4.97609 1.50948 5
      vertex 4.97609 1.50948 0.4
    endloop
  endfacet
  facet normal -0.970033 -0.242974 0
    outer loop
      vertex 4.97609 1.50948 5
      vertex 5.10008 1.01447 0.4
      vertex 5.10008 1.01447 5
    endloop
  endfacet
  facet normal -0.803205 -0.595702 0
    outer loop
      vertex 4.32364 2.88896 0.4
      vertex 4.01965 3.29884 5
      vertex 4.01965 3.29884 0.4
    endloop
  endfacet
  facet normal -0.803205 -0.595702 0
    outer loop
      vertex 4.01965 3.29884 5
      vertex 4.32364 2.88896 0.4
      vertex 4.32364 2.88896 5
    endloop
  endfacet
  facet normal 0.803205 0.595702 0
    outer loop
      vertex -4.01965 -3.29884 5
      vertex -4.32364 -2.88896 0.4
      vertex -4.32364 -2.88896 5
    endloop
  endfacet
  facet normal 0.803205 0.595702 0
    outer loop
      vertex -4.32364 -2.88896 0.4
      vertex -4.01965 -3.29884 5
      vertex -4.01965 -3.29884 0.4
    endloop
  endfacet
  facet normal 0.903992 0.42755 0
    outer loop
      vertex -4.58599 -2.45126 5
      vertex -4.80417 -1.98995 0.4
      vertex -4.80417 -1.98995 5
    endloop
  endfacet
  facet normal 0.903992 0.42755 0
    outer loop
      vertex -4.80417 -1.98995 0.4
      vertex -4.58599 -2.45126 5
      vertex -4.58599 -2.45126 0.4
    endloop
  endfacet
  facet normal -0.146736 -0.989176 0
    outer loop
      vertex 0.509688 5.17496 0.4
      vertex 1.01447 5.10008 5
      vertex 0.509688 5.17496 5
    endloop
  endfacet
  facet normal -0.146736 -0.989176 -0
    outer loop
      vertex 1.01447 5.10008 5
      vertex 0.509688 5.17496 0.4
      vertex 1.01447 5.10008 0.4
    endloop
  endfacet
  facet normal 0.42755 0.903992 -0
    outer loop
      vertex -1.98995 -4.80417 0.4
      vertex -2.45126 -4.58599 5
      vertex -1.98995 -4.80417 5
    endloop
  endfacet
  facet normal 0.42755 0.903992 0
    outer loop
      vertex -2.45126 -4.58599 5
      vertex -1.98995 -4.80417 0.4
      vertex -2.45126 -4.58599 0.4
    endloop
  endfacet
  facet normal -0.595702 0.803205 0
    outer loop
      vertex 3.29884 -4.01965 0.4
      vertex 2.88896 -4.32364 5
      vertex 3.29884 -4.01965 5
    endloop
  endfacet
  facet normal -0.595702 0.803205 0
    outer loop
      vertex 2.88896 -4.32364 5
      vertex 3.29884 -4.01965 0.4
      vertex 2.88896 -4.32364 0.4
    endloop
  endfacet
  facet normal -0.998795 0.0490689 0
    outer loop
      vertex 5.17496 -0.509688 0.4
      vertex 5.2 0 5
      vertex 5.2 0 0.4
    endloop
  endfacet
  facet normal -0.998795 0.0490689 0
    outer loop
      vertex 5.2 0 5
      vertex 5.17496 -0.509688 0.4
      vertex 5.17496 -0.509688 5
    endloop
  endfacet
  facet normal 0.146736 -0.989176 0
    outer loop
      vertex -1.01447 5.10008 0.4
      vertex -0.509688 5.17496 5
      vertex -1.01447 5.10008 5
    endloop
  endfacet
  facet normal 0.146736 -0.989176 0
    outer loop
      vertex -0.509688 5.17496 5
      vertex -1.01447 5.10008 0.4
      vertex -0.509688 5.17496 0.4
    endloop
  endfacet
  facet normal 0.989176 0.146736 0
    outer loop
      vertex -5.10008 -1.01447 5
      vertex -5.17496 -0.509688 0.4
      vertex -5.17496 -0.509688 5
    endloop
  endfacet
  facet normal 0.989176 0.146736 0
    outer loop
      vertex -5.17496 -0.509688 0.4
      vertex -5.10008 -1.01447 5
      vertex -5.10008 -1.01447 0.4
    endloop
  endfacet
  facet normal -0.336899 0.941541 0
    outer loop
      vertex 1.98995 -4.80417 0.4
      vertex 1.50948 -4.97609 5
      vertex 1.98995 -4.80417 5
    endloop
  endfacet
  facet normal -0.336899 0.941541 0
    outer loop
      vertex 1.50948 -4.97609 5
      vertex 1.98995 -4.80417 0.4
      vertex 1.50948 -4.97609 0.4
    endloop
  endfacet
  facet normal -0.242974 0.970033 0
    outer loop
      vertex 1.50948 -4.97609 0.4
      vertex 1.01447 -5.10008 5
      vertex 1.50948 -4.97609 5
    endloop
  endfacet
  facet normal -0.242974 0.970033 0
    outer loop
      vertex 1.01447 -5.10008 5
      vertex 1.50948 -4.97609 0.4
      vertex 1.01447 -5.10008 0.4
    endloop
  endfacet
  facet normal 0.740969 0.67154 0
    outer loop
      vertex -3.67696 -3.67696 5
      vertex -4.01965 -3.29884 0.4
      vertex -4.01965 -3.29884 5
    endloop
  endfacet
  facet normal 0.740969 0.67154 0
    outer loop
      vertex -4.01965 -3.29884 0.4
      vertex -3.67696 -3.67696 5
      vertex -3.67696 -3.67696 0.4
    endloop
  endfacet
  facet normal 0.903992 -0.42755 0
    outer loop
      vertex -4.80417 1.98995 5
      vertex -4.58599 2.45126 0.4
      vertex -4.58599 2.45126 5
    endloop
  endfacet
  facet normal 0.903992 -0.42755 0
    outer loop
      vertex -4.58599 2.45126 0.4
      vertex -4.80417 1.98995 5
      vertex -4.80417 1.98995 0.4
    endloop
  endfacet
  facet normal 0.595702 0.803205 -0
    outer loop
      vertex -2.88896 -4.32364 0.4
      vertex -3.29884 -4.01965 5
      vertex -2.88896 -4.32364 5
    endloop
  endfacet
  facet normal 0.595702 0.803205 0
    outer loop
      vertex -3.29884 -4.01965 5
      vertex -2.88896 -4.32364 0.4
      vertex -3.29884 -4.01965 0.4
    endloop
  endfacet
  facet normal -0.903992 0.42755 0
    outer loop
      vertex 4.58599 -2.45126 0.4
      vertex 4.80417 -1.98995 5
      vertex 4.80417 -1.98995 0.4
    endloop
  endfacet
  facet normal -0.903992 0.42755 0
    outer loop
      vertex 4.80417 -1.98995 5
      vertex 4.58599 -2.45126 0.4
      vertex 4.58599 -2.45126 5
    endloop
  endfacet
  facet normal -0.857726 0.514107 0
    outer loop
      vertex 4.32364 -2.88896 0.4
      vertex 4.58599 -2.45126 5
      vertex 4.58599 -2.45126 0.4
    endloop
  endfacet
  facet normal -0.857726 0.514107 0
    outer loop
      vertex 4.58599 -2.45126 5
      vertex 4.32364 -2.88896 0.4
      vertex 4.32364 -2.88896 5
    endloop
  endfacet
  facet normal 0.0490689 0.998795 -0
    outer loop
      vertex 0 -5.2 0.4
      vertex -0.509688 -5.17496 5
      vertex 0 -5.2 5
    endloop
  endfacet
  facet normal 0.0490689 0.998795 0
    outer loop
      vertex -0.509688 -5.17496 5
      vertex 0 -5.2 0.4
      vertex -0.509688 -5.17496 0.4
    endloop
  endfacet
  facet normal 0.998795 -0.0490689 0
    outer loop
      vertex -5.2 0 5
      vertex -5.17496 0.509688 0.4
      vertex -5.17496 0.509688 5
    endloop
  endfacet
  facet normal 0.998795 -0.0490689 0
    outer loop
      vertex -5.17496 0.509688 0.4
      vertex -5.2 0 5
      vertex -5.2 0 0.4
    endloop
  endfacet
  facet normal -0.67154 0.740969 0
    outer loop
      vertex 3.67696 -3.67696 0.4
      vertex 3.29884 -4.01965 5
      vertex 3.67696 -3.67696 5
    endloop
  endfacet
  facet normal -0.67154 0.740969 0
    outer loop
      vertex 3.29884 -4.01965 5
      vertex 3.67696 -3.67696 0.4
      vertex 3.29884 -4.01965 0.4
    endloop
  endfacet
  facet normal -0.706681 -0.0347106 -0.706681
    outer loop
      vertex 5.57365 0.536465 0
      vertex 5.6 0 0
      vertex 5.2 0 0.4
    endloop
  endfacet
  facet normal -0.17192 -0.686322 -0.706686
    outer loop
      vertex 1.09251 5.4924 0
      vertex 1.61352 5.36189 0
      vertex 1.01447 5.10008 0.4
    endloop
  endfacet
  facet normal -0.686331 -0.171912 -0.70668
    outer loop
      vertex 4.97609 1.50948 0.4
      vertex 5.36189 1.61352 0
      vertex 5.10008 1.01447 0.4
    endloop
  endfacet
  facet normal -0.686376 -0.171736 -0.706678
    outer loop
      vertex 5.36189 1.61352 0
      vertex 4.97609 1.50948 0.4
      vertex 5.35887 1.62559 0
    endloop
  endfacet
  facet normal 0.0347176 0.706676 -0.706685
    outer loop
      vertex -0.536465 -5.57365 0
      vertex -0.509688 -5.17496 0.4
      vertex 0 -5.2 0.4
    endloop
  endfacet
  facet normal 0.035247 0.706645 -0.70669
    outer loop
      vertex -0.509688 -5.17496 0.4
      vertex -0.536465 -5.57365 0
      vertex -0.548895 -5.57303 0
    endloop
  endfacet
  facet normal 0.475257 -0.524147 -0.706682
    outer loop
      vertex -3.29884 4.01965 0.4
      vertex -3.56182 4.3205 0
      vertex -3.5526 4.32886 0
    endloop
  endfacet
  facet normal 0.475134 -0.524257 -0.706684
    outer loop
      vertex -3.56182 4.3205 0
      vertex -3.29884 4.01965 0.4
      vertex -3.67696 3.67696 0.4
    endloop
  endfacet
  facet normal -0.363741 0.606871 -0.706682
    outer loop
      vertex 3.10052 -4.66263 0
      vertex 2.63982 -4.93876 0
      vertex 2.45126 -4.58599 0.4
    endloop
  endfacet
  facet normal 0.524255 0.475147 -0.706677
    outer loop
      vertex -3.67696 -3.67696 0.4
      vertex -3.9598 -3.9598 0
      vertex -4.3205 -3.56182 0
    endloop
  endfacet
  facet normal 0.238347 -0.666169 -0.706689
    outer loop
      vertex -1.63731 5.35467 0
      vertex -1.98995 4.80417 0.4
      vertex -2.14303 5.17373 0
    endloop
  endfacet
  facet normal -0.035247 -0.706645 -0.70669
    outer loop
      vertex 0.509688 5.17496 0.4
      vertex 0.536465 5.57365 0
      vertex 0.548895 5.57303 0
    endloop
  endfacet
  facet normal -0.0347176 -0.706676 -0.706685
    outer loop
      vertex 0.536465 5.57365 0
      vertex 0.509688 5.17496 0.4
      vertex 0 5.2 0.4
    endloop
  endfacet
  facet normal 0.363741 0.606871 -0.706682
    outer loop
      vertex -2.45126 -4.58599 0.4
      vertex -2.63982 -4.93876 0
      vertex -3.10052 -4.66263 0
    endloop
  endfacet
  facet normal -0.639603 -0.302505 -0.706681
    outer loop
      vertex 4.58599 2.45126 0.4
      vertex 4.94408 2.62857 0
      vertex 4.80417 1.98995 0.4
    endloop
  endfacet
  facet normal -0.63962 -0.302469 -0.706681
    outer loop
      vertex 4.94408 2.62857 0
      vertex 4.58599 2.45126 0.4
      vertex 4.93876 2.63982 0
    endloop
  endfacet
  facet normal -0.524255 -0.475147 -0.706677
    outer loop
      vertex 3.9598 3.9598 0
      vertex 4.3205 3.56182 0
      vertex 3.67696 3.67696 0.4
    endloop
  endfacet
  facet normal -0.63962 0.302469 -0.706681
    outer loop
      vertex 4.58599 -2.45126 0.4
      vertex 4.94408 -2.62857 0
      vertex 4.93876 -2.63982 0
    endloop
  endfacet
  facet normal -0.639603 0.302505 -0.706681
    outer loop
      vertex 4.94408 -2.62857 0
      vertex 4.58599 -2.45126 0.4
      vertex 4.80417 -1.98995 0.4
    endloop
  endfacet
  facet normal 0.0347106 -0.706681 -0.706681
    outer loop
      vertex 0 5.6 0
      vertex 0 5.2 0.4
      vertex -0.536465 5.57365 0
    endloop
  endfacet
  facet normal -0.238347 -0.666169 -0.706689
    outer loop
      vertex 2.14303 5.17373 0
      vertex 1.98995 4.80417 0.4
      vertex 1.63731 5.35467 0
    endloop
  endfacet
  facet normal -0.302513 -0.639591 -0.706689
    outer loop
      vertex 2.14303 5.17373 0
      vertex 2.62857 4.94408 0
      vertex 1.98995 4.80417 0.4
    endloop
  endfacet
  facet normal -0.302469 -0.63962 -0.706681
    outer loop
      vertex 2.45126 4.58599 0.4
      vertex 2.62857 4.94408 0
      vertex 2.63982 4.93876 0
    endloop
  endfacet
  facet normal -0.302505 -0.639603 -0.706681
    outer loop
      vertex 2.62857 4.94408 0
      vertex 2.45126 4.58599 0.4
      vertex 1.98995 4.80417 0.4
    endloop
  endfacet
  facet normal -0.475147 -0.524255 -0.706677
    outer loop
      vertex 3.9598 3.9598 0
      vertex 3.67696 3.67696 0.4
      vertex 3.56182 4.3205 0
    endloop
  endfacet
  facet normal -0.568288 0.421477 -0.706686
    outer loop
      vertex 4.64882 -3.12119 0
      vertex 4.32886 -3.5526 0
      vertex 4.01965 -3.29884 0.4
    endloop
  endfacet
  facet normal -0.302513 0.639591 -0.706689
    outer loop
      vertex 2.62857 -4.94408 0
      vertex 2.14303 -5.17373 0
      vertex 1.98995 -4.80417 0.4
    endloop
  endfacet
  facet normal -0.606864 -0.363744 -0.706687
    outer loop
      vertex 4.32364 2.88896 0.4
      vertex 4.66263 3.10052 0
      vertex 4.58599 2.45126 0.4
    endloop
  endfacet
  facet normal -0.606748 -0.363935 -0.706689
    outer loop
      vertex 4.66263 3.10052 0
      vertex 4.32364 2.88896 0.4
      vertex 4.65623 3.11119 0
    endloop
  endfacet
  facet normal 0.363741 -0.606871 -0.706682
    outer loop
      vertex -2.63982 4.93876 0
      vertex -2.45126 4.58599 0.4
      vertex -3.10052 4.66263 0
    endloop
  endfacet
  facet normal -0.171736 -0.686376 -0.706678
    outer loop
      vertex 1.50948 4.97609 0.4
      vertex 1.61352 5.36189 0
      vertex 1.62559 5.35887 0
    endloop
  endfacet
  facet normal -0.171912 -0.686331 -0.70668
    outer loop
      vertex 1.61352 5.36189 0
      vertex 1.50948 4.97609 0.4
      vertex 1.01447 5.10008 0.4
    endloop
  endfacet
  facet normal -0.238347 0.666169 -0.706689
    outer loop
      vertex 1.98995 -4.80417 0.4
      vertex 2.14303 -5.17373 0
      vertex 1.63731 -5.35467 0
    endloop
  endfacet
  facet normal 0.475147 0.524255 -0.706677
    outer loop
      vertex -3.67696 -3.67696 0.4
      vertex -3.56182 -4.3205 0
      vertex -3.9598 -3.9598 0
    endloop
  endfacet
  facet normal 0.238347 0.666169 -0.706689
    outer loop
      vertex -1.98995 -4.80417 0.4
      vertex -1.63731 -5.35467 0
      vertex -2.14303 -5.17373 0
    endloop
  endfacet
  facet normal -0.421477 -0.568288 -0.706686
    outer loop
      vertex 3.5526 4.32886 0
      vertex 3.29884 4.01965 0.4
      vertex 3.12119 4.64882 0
    endloop
  endfacet
  facet normal 0.17192 0.686322 -0.706686
    outer loop
      vertex -1.01447 -5.10008 0.4
      vertex -1.09251 -5.4924 0
      vertex -1.61352 -5.36189 0
    endloop
  endfacet
  facet normal -0.706681 0.0347106 -0.706681
    outer loop
      vertex 5.6 0 0
      vertex 5.57365 -0.536465 0
      vertex 5.2 0 0.4
    endloop
  endfacet
  facet normal -0.699921 -0.103473 -0.706686
    outer loop
      vertex 5.17496 0.509688 0.4
      vertex 5.57121 0.561206 0
      vertex 5.57303 0.548895 0
    endloop
  endfacet
  facet normal -0.699872 -0.10382 -0.706683
    outer loop
      vertex 5.57121 0.561206 0
      vertex 5.17496 0.509688 0.4
      vertex 5.10008 1.01447 0.4
    endloop
  endfacet
  facet normal -0.686376 0.171736 -0.706678
    outer loop
      vertex 4.97609 -1.50948 0.4
      vertex 5.36189 -1.61352 0
      vertex 5.35887 -1.62559 0
    endloop
  endfacet
  facet normal -0.686331 0.171912 -0.70668
    outer loop
      vertex 5.36189 -1.61352 0
      vertex 4.97609 -1.50948 0.4
      vertex 5.10008 -1.01447 0.4
    endloop
  endfacet
  facet normal -0.475134 -0.524257 -0.706684
    outer loop
      vertex 3.29884 4.01965 0.4
      vertex 3.56182 4.3205 0
      vertex 3.67696 3.67696 0.4
    endloop
  endfacet
  facet normal -0.475257 -0.524147 -0.706682
    outer loop
      vertex 3.56182 4.3205 0
      vertex 3.29884 4.01965 0.4
      vertex 3.5526 4.32886 0
    endloop
  endfacet
  facet normal 0.666169 -0.238347 -0.706689
    outer loop
      vertex -5.17373 2.14303 0
      vertex -4.80417 1.98995 0.4
      vertex -5.35467 1.63731 0
    endloop
  endfacet
  facet normal -0.238368 -0.666174 -0.706677
    outer loop
      vertex 1.50948 4.97609 0.4
      vertex 1.63731 5.35467 0
      vertex 1.98995 4.80417 0.4
    endloop
  endfacet
  facet normal -0.238691 -0.666062 -0.706674
    outer loop
      vertex 1.63731 5.35467 0
      vertex 1.50948 4.97609 0.4
      vertex 1.62559 5.35887 0
    endloop
  endfacet
  facet normal 0.524255 -0.475147 -0.706677
    outer loop
      vertex -3.9598 3.9598 0
      vertex -3.67696 3.67696 0.4
      vertex -4.3205 3.56182 0
    endloop
  endfacet
  facet normal -0.421475 -0.568288 -0.706688
    outer loop
      vertex 2.88896 4.32364 0.4
      vertex 3.12119 4.64882 0
      vertex 3.29884 4.01965 0.4
    endloop
  endfacet
  facet normal -0.421232 -0.568465 -0.70669
    outer loop
      vertex 3.12119 4.64882 0
      vertex 2.88896 4.32364 0.4
      vertex 3.11119 4.65623 0
    endloop
  endfacet
  facet normal -0.0347106 -0.706681 -0.706681
    outer loop
      vertex 0 5.6 0
      vertex 0.536465 5.57365 0
      vertex 0 5.2 0.4
    endloop
  endfacet
  facet normal 0.699872 0.10382 -0.706683
    outer loop
      vertex -5.57121 -0.561206 0
      vertex -5.17496 -0.509688 0.4
      vertex -5.10008 -1.01447 0.4
    endloop
  endfacet
  facet normal 0.699921 0.103473 -0.706686
    outer loop
      vertex -5.17496 -0.509688 0.4
      vertex -5.57121 -0.561206 0
      vertex -5.57303 -0.548895 0
    endloop
  endfacet
  facet normal 0.103473 -0.699921 -0.706686
    outer loop
      vertex -0.509688 5.17496 0.4
      vertex -0.561206 5.57121 0
      vertex -0.548895 5.57303 0
    endloop
  endfacet
  facet normal 0.10382 -0.699872 -0.706683
    outer loop
      vertex -0.561206 5.57121 0
      vertex -0.509688 5.17496 0.4
      vertex -1.01447 5.10008 0.4
    endloop
  endfacet
  facet normal 0.686322 0.17192 -0.706686
    outer loop
      vertex -5.10008 -1.01447 0.4
      vertex -5.36189 -1.61352 0
      vertex -5.4924 -1.09251 0
    endloop
  endfacet
  facet normal -0.666062 -0.238691 -0.706674
    outer loop
      vertex 4.97609 1.50948 0.4
      vertex 5.35467 1.63731 0
      vertex 5.35887 1.62559 0
    endloop
  endfacet
  facet normal -0.666174 -0.238368 -0.706677
    outer loop
      vertex 5.35467 1.63731 0
      vertex 4.97609 1.50948 0.4
      vertex 4.80417 1.98995 0.4
    endloop
  endfacet
  facet normal -0.666169 -0.238347 -0.706689
    outer loop
      vertex 5.17373 2.14303 0
      vertex 5.35467 1.63731 0
      vertex 4.80417 1.98995 0.4
    endloop
  endfacet
  facet normal -0.524147 -0.475257 -0.706682
    outer loop
      vertex 4.01965 3.29884 0.4
      vertex 4.3205 3.56182 0
      vertex 4.32886 3.5526 0
    endloop
  endfacet
  facet normal -0.524257 -0.475134 -0.706684
    outer loop
      vertex 4.3205 3.56182 0
      vertex 4.01965 3.29884 0.4
      vertex 3.67696 3.67696 0.4
    endloop
  endfacet
  facet normal 0.639591 -0.302513 -0.706689
    outer loop
      vertex -4.94408 2.62857 0
      vertex -4.80417 1.98995 0.4
      vertex -5.17373 2.14303 0
    endloop
  endfacet
  facet normal -0.666169 0.238347 -0.706689
    outer loop
      vertex 5.35467 -1.63731 0
      vertex 5.17373 -2.14303 0
      vertex 4.80417 -1.98995 0.4
    endloop
  endfacet
  facet normal 0.63962 0.302469 -0.706681
    outer loop
      vertex -4.94408 -2.62857 0
      vertex -4.58599 -2.45126 0.4
      vertex -4.93876 -2.63982 0
    endloop
  endfacet
  facet normal 0.639603 0.302505 -0.706681
    outer loop
      vertex -4.58599 -2.45126 0.4
      vertex -4.94408 -2.62857 0
      vertex -4.80417 -1.98995 0.4
    endloop
  endfacet
  facet normal 0.421477 0.568288 -0.706686
    outer loop
      vertex -3.29884 -4.01965 0.4
      vertex -3.12119 -4.64882 0
      vertex -3.5526 -4.32886 0
    endloop
  endfacet
  facet normal 0.568288 -0.421477 -0.706686
    outer loop
      vertex -4.32886 3.5526 0
      vertex -4.01965 3.29884 0.4
      vertex -4.64882 3.12119 0
    endloop
  endfacet
  facet normal -0.568288 -0.421477 -0.706686
    outer loop
      vertex 4.32886 3.5526 0
      vertex 4.64882 3.12119 0
      vertex 4.01965 3.29884 0.4
    endloop
  endfacet
  facet normal 0.302513 -0.639591 -0.706689
    outer loop
      vertex -2.14303 5.17373 0
      vertex -1.98995 4.80417 0.4
      vertex -2.62857 4.94408 0
    endloop
  endfacet
  facet normal -0.706676 -0.0347176 -0.706685
    outer loop
      vertex 5.17496 0.509688 0.4
      vertex 5.57365 0.536465 0
      vertex 5.2 0 0.4
    endloop
  endfacet
  facet normal -0.706645 -0.035247 -0.70669
    outer loop
      vertex 5.57365 0.536465 0
      vertex 5.17496 0.509688 0.4
      vertex 5.57303 0.548895 0
    endloop
  endfacet
  facet normal 0.69987 -0.103814 -0.706686
    outer loop
      vertex -5.4924 1.09251 0
      vertex -5.10008 1.01447 0.4
      vertex -5.57121 0.561206 0
    endloop
  endfacet
  facet normal -0.606748 0.363935 -0.706689
    outer loop
      vertex 4.32364 -2.88896 0.4
      vertex 4.66263 -3.10052 0
      vertex 4.65623 -3.11119 0
    endloop
  endfacet
  facet normal -0.606864 0.363744 -0.706687
    outer loop
      vertex 4.66263 -3.10052 0
      vertex 4.32364 -2.88896 0.4
      vertex 4.58599 -2.45126 0.4
    endloop
  endfacet
  facet normal 0.363744 0.606864 -0.706687
    outer loop
      vertex -3.10052 -4.66263 0
      vertex -2.88896 -4.32364 0.4
      vertex -2.45126 -4.58599 0.4
    endloop
  endfacet
  facet normal 0.363935 0.606748 -0.706689
    outer loop
      vertex -2.88896 -4.32364 0.4
      vertex -3.10052 -4.66263 0
      vertex -3.11119 -4.65623 0
    endloop
  endfacet
  facet normal -0.103473 0.699921 -0.706686
    outer loop
      vertex 0.509688 -5.17496 0.4
      vertex 0.561206 -5.57121 0
      vertex 0.548895 -5.57303 0
    endloop
  endfacet
  facet normal -0.10382 0.699872 -0.706683
    outer loop
      vertex 0.561206 -5.57121 0
      vertex 0.509688 -5.17496 0.4
      vertex 1.01447 -5.10008 0.4
    endloop
  endfacet
  facet normal 0.0347176 -0.706676 -0.706685
    outer loop
      vertex -0.509688 5.17496 0.4
      vertex -0.536465 5.57365 0
      vertex 0 5.2 0.4
    endloop
  endfacet
  facet normal 0.035247 -0.706645 -0.70669
    outer loop
      vertex -0.536465 5.57365 0
      vertex -0.509688 5.17496 0.4
      vertex -0.548895 5.57303 0
    endloop
  endfacet
  facet normal -0.10382 -0.699872 -0.706683
    outer loop
      vertex 0.509688 5.17496 0.4
      vertex 0.561206 5.57121 0
      vertex 1.01447 5.10008 0.4
    endloop
  endfacet
  facet normal -0.103473 -0.699921 -0.706686
    outer loop
      vertex 0.561206 5.57121 0
      vertex 0.509688 5.17496 0.4
      vertex 0.548895 5.57303 0
    endloop
  endfacet
  facet normal -0.524255 0.475147 -0.706677
    outer loop
      vertex 4.3205 -3.56182 0
      vertex 3.9598 -3.9598 0
      vertex 3.67696 -3.67696 0.4
    endloop
  endfacet
  facet normal -0.363935 -0.606748 -0.706689
    outer loop
      vertex 2.88896 4.32364 0.4
      vertex 3.10052 4.66263 0
      vertex 3.11119 4.65623 0
    endloop
  endfacet
  facet normal -0.363744 -0.606864 -0.706687
    outer loop
      vertex 3.10052 4.66263 0
      vertex 2.88896 4.32364 0.4
      vertex 2.45126 4.58599 0.4
    endloop
  endfacet
  facet normal 0.475257 0.524147 -0.706682
    outer loop
      vertex -3.56182 -4.3205 0
      vertex -3.29884 -4.01965 0.4
      vertex -3.5526 -4.32886 0
    endloop
  endfacet
  facet normal 0.475134 0.524257 -0.706684
    outer loop
      vertex -3.29884 -4.01965 0.4
      vertex -3.56182 -4.3205 0
      vertex -3.67696 -3.67696 0.4
    endloop
  endfacet
  facet normal -0.666062 0.238691 -0.706674
    outer loop
      vertex 5.35467 -1.63731 0
      vertex 4.97609 -1.50948 0.4
      vertex 5.35887 -1.62559 0
    endloop
  endfacet
  facet normal -0.666174 0.238368 -0.706677
    outer loop
      vertex 4.97609 -1.50948 0.4
      vertex 5.35467 -1.63731 0
      vertex 4.80417 -1.98995 0.4
    endloop
  endfacet
  facet normal 0.606748 0.363935 -0.706689
    outer loop
      vertex -4.66263 -3.10052 0
      vertex -4.32364 -2.88896 0.4
      vertex -4.65623 -3.11119 0
    endloop
  endfacet
  facet normal 0.606864 0.363744 -0.706687
    outer loop
      vertex -4.32364 -2.88896 0.4
      vertex -4.66263 -3.10052 0
      vertex -4.58599 -2.45126 0.4
    endloop
  endfacet
  facet normal 0.238691 -0.666062 -0.706674
    outer loop
      vertex -1.50948 4.97609 0.4
      vertex -1.63731 5.35467 0
      vertex -1.62559 5.35887 0
    endloop
  endfacet
  facet normal 0.238368 -0.666174 -0.706677
    outer loop
      vertex -1.63731 5.35467 0
      vertex -1.50948 4.97609 0.4
      vertex -1.98995 4.80417 0.4
    endloop
  endfacet
  facet normal -0.524147 0.475257 -0.706682
    outer loop
      vertex 4.3205 -3.56182 0
      vertex 4.01965 -3.29884 0.4
      vertex 4.32886 -3.5526 0
    endloop
  endfacet
  facet normal -0.524257 0.475134 -0.706684
    outer loop
      vertex 4.01965 -3.29884 0.4
      vertex 4.3205 -3.56182 0
      vertex 3.67696 -3.67696 0.4
    endloop
  endfacet
  facet normal -0.639591 -0.302513 -0.706689
    outer loop
      vertex 4.94408 2.62857 0
      vertex 5.17373 2.14303 0
      vertex 4.80417 1.98995 0.4
    endloop
  endfacet
  facet normal -0.639591 0.302513 -0.706689
    outer loop
      vertex 5.17373 -2.14303 0
      vertex 4.94408 -2.62857 0
      vertex 4.80417 -1.98995 0.4
    endloop
  endfacet
  facet normal -0.606871 -0.363741 -0.706682
    outer loop
      vertex 4.66263 3.10052 0
      vertex 4.93876 2.63982 0
      vertex 4.58599 2.45126 0.4
    endloop
  endfacet
  facet normal 0.103814 -0.69987 -0.706686
    outer loop
      vertex -0.561206 5.57121 0
      vertex -1.01447 5.10008 0.4
      vertex -1.09251 5.4924 0
    endloop
  endfacet
  facet normal 0.69987 0.103814 -0.706686
    outer loop
      vertex -5.10008 -1.01447 0.4
      vertex -5.4924 -1.09251 0
      vertex -5.57121 -0.561206 0
    endloop
  endfacet
  facet normal -0.568465 -0.421232 -0.70669
    outer loop
      vertex 4.32364 2.88896 0.4
      vertex 4.64882 3.12119 0
      vertex 4.65623 3.11119 0
    endloop
  endfacet
  facet normal -0.568288 -0.421475 -0.706688
    outer loop
      vertex 4.64882 3.12119 0
      vertex 4.32364 2.88896 0.4
      vertex 4.01965 3.29884 0.4
    endloop
  endfacet
  facet normal 0.666169 0.238347 -0.706689
    outer loop
      vertex -4.80417 -1.98995 0.4
      vertex -5.17373 -2.14303 0
      vertex -5.35467 -1.63731 0
    endloop
  endfacet
  facet normal -0.686322 0.17192 -0.706686
    outer loop
      vertex 5.4924 -1.09251 0
      vertex 5.36189 -1.61352 0
      vertex 5.10008 -1.01447 0.4
    endloop
  endfacet
  facet normal -0.475147 0.524255 -0.706677
    outer loop
      vertex 3.67696 -3.67696 0.4
      vertex 3.9598 -3.9598 0
      vertex 3.56182 -4.3205 0
    endloop
  endfacet
  facet normal -0.0347106 0.706681 -0.706681
    outer loop
      vertex 0 -5.2 0.4
      vertex 0.536465 -5.57365 0
      vertex 0 -5.6 0
    endloop
  endfacet
  facet normal -0.686322 -0.17192 -0.706686
    outer loop
      vertex 5.36189 1.61352 0
      vertex 5.4924 1.09251 0
      vertex 5.10008 1.01447 0.4
    endloop
  endfacet
  facet normal -0.69987 -0.103814 -0.706686
    outer loop
      vertex 5.4924 1.09251 0
      vertex 5.57121 0.561206 0
      vertex 5.10008 1.01447 0.4
    endloop
  endfacet
  facet normal -0.69987 0.103814 -0.706686
    outer loop
      vertex 5.57121 -0.561206 0
      vertex 5.4924 -1.09251 0
      vertex 5.10008 -1.01447 0.4
    endloop
  endfacet
  facet normal 0.666174 -0.238368 -0.706677
    outer loop
      vertex -4.97609 1.50948 0.4
      vertex -5.35467 1.63731 0
      vertex -4.80417 1.98995 0.4
    endloop
  endfacet
  facet normal 0.666062 -0.238691 -0.706674
    outer loop
      vertex -5.35467 1.63731 0
      vertex -4.97609 1.50948 0.4
      vertex -5.35887 1.62559 0
    endloop
  endfacet
  facet normal 0.0347106 0.706681 -0.706681
    outer loop
      vertex 0 -5.2 0.4
      vertex 0 -5.6 0
      vertex -0.536465 -5.57365 0
    endloop
  endfacet
  facet normal 0.706676 -0.0347176 -0.706685
    outer loop
      vertex -5.57365 0.536465 0
      vertex -5.17496 0.509688 0.4
      vertex -5.2 0 0.4
    endloop
  endfacet
  facet normal 0.706645 -0.035247 -0.70669
    outer loop
      vertex -5.17496 0.509688 0.4
      vertex -5.57365 0.536465 0
      vertex -5.57303 0.548895 0
    endloop
  endfacet
  facet normal 0.706681 -0.0347106 -0.706681
    outer loop
      vertex -5.57365 0.536465 0
      vertex -5.2 0 0.4
      vertex -5.6 0 0
    endloop
  endfacet
  facet normal 0.475147 -0.524255 -0.706677
    outer loop
      vertex -3.56182 4.3205 0
      vertex -3.67696 3.67696 0.4
      vertex -3.9598 3.9598 0
    endloop
  endfacet
  facet normal 0.686322 -0.17192 -0.706686
    outer loop
      vertex -5.36189 1.61352 0
      vertex -5.10008 1.01447 0.4
      vertex -5.4924 1.09251 0
    endloop
  endfacet
  facet normal -0.103814 0.69987 -0.706686
    outer loop
      vertex 1.01447 -5.10008 0.4
      vertex 1.09251 -5.4924 0
      vertex 0.561206 -5.57121 0
    endloop
  endfacet
  facet normal 0.706645 0.035247 -0.70669
    outer loop
      vertex -5.57365 -0.536465 0
      vertex -5.17496 -0.509688 0.4
      vertex -5.57303 -0.548895 0
    endloop
  endfacet
  facet normal 0.706676 0.0347176 -0.706685
    outer loop
      vertex -5.17496 -0.509688 0.4
      vertex -5.57365 -0.536465 0
      vertex -5.2 0 0.4
    endloop
  endfacet
  facet normal -0.035247 0.706645 -0.70669
    outer loop
      vertex 0.536465 -5.57365 0
      vertex 0.509688 -5.17496 0.4
      vertex 0.548895 -5.57303 0
    endloop
  endfacet
  facet normal -0.0347176 0.706676 -0.706685
    outer loop
      vertex 0.509688 -5.17496 0.4
      vertex 0.536465 -5.57365 0
      vertex 0 -5.2 0.4
    endloop
  endfacet
  facet normal 0.606871 0.363741 -0.706682
    outer loop
      vertex -4.58599 -2.45126 0.4
      vertex -4.66263 -3.10052 0
      vertex -4.93876 -2.63982 0
    endloop
  endfacet
  facet normal 0.706681 0.0347106 -0.706681
    outer loop
      vertex -5.2 0 0.4
      vertex -5.57365 -0.536465 0
      vertex -5.6 0 0
    endloop
  endfacet
  facet normal 0.699872 -0.10382 -0.706683
    outer loop
      vertex -5.17496 0.509688 0.4
      vertex -5.57121 0.561206 0
      vertex -5.10008 1.01447 0.4
    endloop
  endfacet
  facet normal 0.699921 -0.103473 -0.706686
    outer loop
      vertex -5.57121 0.561206 0
      vertex -5.17496 0.509688 0.4
      vertex -5.57303 0.548895 0
    endloop
  endfacet
  facet normal -0.103814 -0.69987 -0.706686
    outer loop
      vertex 1.09251 5.4924 0
      vertex 1.01447 5.10008 0.4
      vertex 0.561206 5.57121 0
    endloop
  endfacet
  facet normal -0.421477 0.568288 -0.706686
    outer loop
      vertex 3.29884 -4.01965 0.4
      vertex 3.5526 -4.32886 0
      vertex 3.12119 -4.64882 0
    endloop
  endfacet
  facet normal 0.103473 0.699921 -0.706686
    outer loop
      vertex -0.561206 -5.57121 0
      vertex -0.509688 -5.17496 0.4
      vertex -0.548895 -5.57303 0
    endloop
  endfacet
  facet normal 0.10382 0.699872 -0.706683
    outer loop
      vertex -0.509688 -5.17496 0.4
      vertex -0.561206 -5.57121 0
      vertex -1.01447 -5.10008 0.4
    endloop
  endfacet
  facet normal 0.639591 0.302513 -0.706689
    outer loop
      vertex -4.80417 -1.98995 0.4
      vertex -4.94408 -2.62857 0
      vertex -5.17373 -2.14303 0
    endloop
  endfacet
  facet normal 0.17192 -0.686322 -0.706686
    outer loop
      vertex -1.09251 5.4924 0
      vertex -1.01447 5.10008 0.4
      vertex -1.61352 5.36189 0
    endloop
  endfacet
  facet normal 0.421232 -0.568465 -0.70669
    outer loop
      vertex -2.88896 4.32364 0.4
      vertex -3.12119 4.64882 0
      vertex -3.11119 4.65623 0
    endloop
  endfacet
  facet normal 0.421475 -0.568288 -0.706688
    outer loop
      vertex -3.12119 4.64882 0
      vertex -2.88896 4.32364 0.4
      vertex -3.29884 4.01965 0.4
    endloop
  endfacet
  facet normal -0.17192 0.686322 -0.706686
    outer loop
      vertex 1.61352 -5.36189 0
      vertex 1.09251 -5.4924 0
      vertex 1.01447 -5.10008 0.4
    endloop
  endfacet
  facet normal 0.568288 -0.421475 -0.706688
    outer loop
      vertex -4.32364 2.88896 0.4
      vertex -4.64882 3.12119 0
      vertex -4.01965 3.29884 0.4
    endloop
  endfacet
  facet normal 0.568465 -0.421232 -0.70669
    outer loop
      vertex -4.64882 3.12119 0
      vertex -4.32364 2.88896 0.4
      vertex -4.65623 3.11119 0
    endloop
  endfacet
  facet normal 0.171912 -0.686331 -0.70668
    outer loop
      vertex -1.50948 4.97609 0.4
      vertex -1.61352 5.36189 0
      vertex -1.01447 5.10008 0.4
    endloop
  endfacet
  facet normal 0.171736 -0.686376 -0.706678
    outer loop
      vertex -1.61352 5.36189 0
      vertex -1.50948 4.97609 0.4
      vertex -1.62559 5.35887 0
    endloop
  endfacet
  facet normal -0.421232 0.568465 -0.70669
    outer loop
      vertex 2.88896 -4.32364 0.4
      vertex 3.12119 -4.64882 0
      vertex 3.11119 -4.65623 0
    endloop
  endfacet
  facet normal -0.421475 0.568288 -0.706688
    outer loop
      vertex 3.12119 -4.64882 0
      vertex 2.88896 -4.32364 0.4
      vertex 3.29884 -4.01965 0.4
    endloop
  endfacet
  facet normal -0.606871 0.363741 -0.706682
    outer loop
      vertex 4.93876 -2.63982 0
      vertex 4.66263 -3.10052 0
      vertex 4.58599 -2.45126 0.4
    endloop
  endfacet
  facet normal -0.363741 -0.606871 -0.706682
    outer loop
      vertex 2.63982 4.93876 0
      vertex 3.10052 4.66263 0
      vertex 2.45126 4.58599 0.4
    endloop
  endfacet
  facet normal 0.568288 0.421475 -0.706688
    outer loop
      vertex -4.64882 -3.12119 0
      vertex -4.32364 -2.88896 0.4
      vertex -4.01965 -3.29884 0.4
    endloop
  endfacet
  facet normal 0.568465 0.421232 -0.70669
    outer loop
      vertex -4.32364 -2.88896 0.4
      vertex -4.64882 -3.12119 0
      vertex -4.65623 -3.11119 0
    endloop
  endfacet
  facet normal -0.475257 0.524147 -0.706682
    outer loop
      vertex 3.29884 -4.01965 0.4
      vertex 3.56182 -4.3205 0
      vertex 3.5526 -4.32886 0
    endloop
  endfacet
  facet normal -0.475134 0.524257 -0.706684
    outer loop
      vertex 3.56182 -4.3205 0
      vertex 3.29884 -4.01965 0.4
      vertex 3.67696 -3.67696 0.4
    endloop
  endfacet
  facet normal 0.302513 0.639591 -0.706689
    outer loop
      vertex -1.98995 -4.80417 0.4
      vertex -2.14303 -5.17373 0
      vertex -2.62857 -4.94408 0
    endloop
  endfacet
  facet normal -0.302469 0.63962 -0.706681
    outer loop
      vertex 2.62857 -4.94408 0
      vertex 2.45126 -4.58599 0.4
      vertex 2.63982 -4.93876 0
    endloop
  endfacet
  facet normal -0.302505 0.639603 -0.706681
    outer loop
      vertex 2.45126 -4.58599 0.4
      vertex 2.62857 -4.94408 0
      vertex 1.98995 -4.80417 0.4
    endloop
  endfacet
  facet normal -0.699921 0.103473 -0.706686
    outer loop
      vertex 5.57121 -0.561206 0
      vertex 5.17496 -0.509688 0.4
      vertex 5.57303 -0.548895 0
    endloop
  endfacet
  facet normal -0.699872 0.10382 -0.706683
    outer loop
      vertex 5.17496 -0.509688 0.4
      vertex 5.57121 -0.561206 0
      vertex 5.10008 -1.01447 0.4
    endloop
  endfacet
  facet normal -0.706645 0.035247 -0.70669
    outer loop
      vertex 5.17496 -0.509688 0.4
      vertex 5.57365 -0.536465 0
      vertex 5.57303 -0.548895 0
    endloop
  endfacet
  facet normal -0.706676 0.0347176 -0.706685
    outer loop
      vertex 5.57365 -0.536465 0
      vertex 5.17496 -0.509688 0.4
      vertex 5.2 0 0.4
    endloop
  endfacet
  facet normal 0.524257 -0.475134 -0.706684
    outer loop
      vertex -4.01965 3.29884 0.4
      vertex -4.3205 3.56182 0
      vertex -3.67696 3.67696 0.4
    endloop
  endfacet
  facet normal 0.524147 -0.475257 -0.706682
    outer loop
      vertex -4.3205 3.56182 0
      vertex -4.01965 3.29884 0.4
      vertex -4.32886 3.5526 0
    endloop
  endfacet
  facet normal 0.171912 0.686331 -0.70668
    outer loop
      vertex -1.61352 -5.36189 0
      vertex -1.50948 -4.97609 0.4
      vertex -1.01447 -5.10008 0.4
    endloop
  endfacet
  facet normal 0.171736 0.686376 -0.706678
    outer loop
      vertex -1.50948 -4.97609 0.4
      vertex -1.61352 -5.36189 0
      vertex -1.62559 -5.35887 0
    endloop
  endfacet
  facet normal 0.421232 0.568465 -0.70669
    outer loop
      vertex -3.12119 -4.64882 0
      vertex -2.88896 -4.32364 0.4
      vertex -3.11119 -4.65623 0
    endloop
  endfacet
  facet normal 0.421475 0.568288 -0.706688
    outer loop
      vertex -2.88896 -4.32364 0.4
      vertex -3.12119 -4.64882 0
      vertex -3.29884 -4.01965 0.4
    endloop
  endfacet
  facet normal 0.686331 -0.171912 -0.70668
    outer loop
      vertex -5.36189 1.61352 0
      vertex -4.97609 1.50948 0.4
      vertex -5.10008 1.01447 0.4
    endloop
  endfacet
  facet normal 0.686376 -0.171736 -0.706678
    outer loop
      vertex -4.97609 1.50948 0.4
      vertex -5.36189 1.61352 0
      vertex -5.35887 1.62559 0
    endloop
  endfacet
  facet normal 0.606864 -0.363744 -0.706687
    outer loop
      vertex -4.66263 3.10052 0
      vertex -4.32364 2.88896 0.4
      vertex -4.58599 2.45126 0.4
    endloop
  endfacet
  facet normal 0.606748 -0.363935 -0.706689
    outer loop
      vertex -4.32364 2.88896 0.4
      vertex -4.66263 3.10052 0
      vertex -4.65623 3.11119 0
    endloop
  endfacet
  facet normal -0.568465 0.421232 -0.70669
    outer loop
      vertex 4.64882 -3.12119 0
      vertex 4.32364 -2.88896 0.4
      vertex 4.65623 -3.11119 0
    endloop
  endfacet
  facet normal -0.568288 0.421475 -0.706688
    outer loop
      vertex 4.32364 -2.88896 0.4
      vertex 4.64882 -3.12119 0
      vertex 4.01965 -3.29884 0.4
    endloop
  endfacet
  facet normal 0.421477 -0.568288 -0.706686
    outer loop
      vertex -3.12119 4.64882 0
      vertex -3.29884 4.01965 0.4
      vertex -3.5526 4.32886 0
    endloop
  endfacet
  facet normal 0.103814 0.69987 -0.706686
    outer loop
      vertex -1.01447 -5.10008 0.4
      vertex -0.561206 -5.57121 0
      vertex -1.09251 -5.4924 0
    endloop
  endfacet
  facet normal -0.238691 0.666062 -0.706674
    outer loop
      vertex 1.50948 -4.97609 0.4
      vertex 1.63731 -5.35467 0
      vertex 1.62559 -5.35887 0
    endloop
  endfacet
  facet normal -0.238368 0.666174 -0.706677
    outer loop
      vertex 1.63731 -5.35467 0
      vertex 1.50948 -4.97609 0.4
      vertex 1.98995 -4.80417 0.4
    endloop
  endfacet
  facet normal 0.302505 -0.639603 -0.706681
    outer loop
      vertex -2.45126 4.58599 0.4
      vertex -2.62857 4.94408 0
      vertex -1.98995 4.80417 0.4
    endloop
  endfacet
  facet normal 0.302469 -0.63962 -0.706681
    outer loop
      vertex -2.62857 4.94408 0
      vertex -2.45126 4.58599 0.4
      vertex -2.63982 4.93876 0
    endloop
  endfacet
  facet normal 0.524257 0.475134 -0.706684
    outer loop
      vertex -4.3205 -3.56182 0
      vertex -4.01965 -3.29884 0.4
      vertex -3.67696 -3.67696 0.4
    endloop
  endfacet
  facet normal 0.524147 0.475257 -0.706682
    outer loop
      vertex -4.01965 -3.29884 0.4
      vertex -4.3205 -3.56182 0
      vertex -4.32886 -3.5526 0
    endloop
  endfacet
  facet normal -0.363935 0.606748 -0.706689
    outer loop
      vertex 3.10052 -4.66263 0
      vertex 2.88896 -4.32364 0.4
      vertex 3.11119 -4.65623 0
    endloop
  endfacet
  facet normal -0.363744 0.606864 -0.706687
    outer loop
      vertex 2.88896 -4.32364 0.4
      vertex 3.10052 -4.66263 0
      vertex 2.45126 -4.58599 0.4
    endloop
  endfacet
  facet normal 0.363744 -0.606864 -0.706687
    outer loop
      vertex -2.88896 4.32364 0.4
      vertex -3.10052 4.66263 0
      vertex -2.45126 4.58599 0.4
    endloop
  endfacet
  facet normal 0.363935 -0.606748 -0.706689
    outer loop
      vertex -3.10052 4.66263 0
      vertex -2.88896 4.32364 0.4
      vertex -3.11119 4.65623 0
    endloop
  endfacet
  facet normal 0.302505 0.639603 -0.706681
    outer loop
      vertex -2.62857 -4.94408 0
      vertex -2.45126 -4.58599 0.4
      vertex -1.98995 -4.80417 0.4
    endloop
  endfacet
  facet normal 0.302469 0.63962 -0.706681
    outer loop
      vertex -2.45126 -4.58599 0.4
      vertex -2.62857 -4.94408 0
      vertex -2.63982 -4.93876 0
    endloop
  endfacet
  facet normal 0.568288 0.421477 -0.706686
    outer loop
      vertex -4.01965 -3.29884 0.4
      vertex -4.32886 -3.5526 0
      vertex -4.64882 -3.12119 0
    endloop
  endfacet
  facet normal -0.171736 0.686376 -0.706678
    outer loop
      vertex 1.61352 -5.36189 0
      vertex 1.50948 -4.97609 0.4
      vertex 1.62559 -5.35887 0
    endloop
  endfacet
  facet normal -0.171912 0.686331 -0.70668
    outer loop
      vertex 1.50948 -4.97609 0.4
      vertex 1.61352 -5.36189 0
      vertex 1.01447 -5.10008 0.4
    endloop
  endfacet
  facet normal 0.606871 -0.363741 -0.706682
    outer loop
      vertex -4.66263 3.10052 0
      vertex -4.58599 2.45126 0.4
      vertex -4.93876 2.63982 0
    endloop
  endfacet
  facet normal 0.238691 0.666062 -0.706674
    outer loop
      vertex -1.63731 -5.35467 0
      vertex -1.50948 -4.97609 0.4
      vertex -1.62559 -5.35887 0
    endloop
  endfacet
  facet normal 0.238368 0.666174 -0.706677
    outer loop
      vertex -1.50948 -4.97609 0.4
      vertex -1.63731 -5.35467 0
      vertex -1.98995 -4.80417 0.4
    endloop
  endfacet
  facet normal 0.639603 -0.302505 -0.706681
    outer loop
      vertex -4.94408 2.62857 0
      vertex -4.58599 2.45126 0.4
      vertex -4.80417 1.98995 0.4
    endloop
  endfacet
  facet normal 0.63962 -0.302469 -0.706681
    outer loop
      vertex -4.58599 2.45126 0.4
      vertex -4.94408 2.62857 0
      vertex -4.93876 2.63982 0
    endloop
  endfacet
  facet normal 0.686376 0.171736 -0.706678
    outer loop
      vertex -5.36189 -1.61352 0
      vertex -4.97609 -1.50948 0.4
      vertex -5.35887 -1.62559 0
    endloop
  endfacet
  facet normal 0.686331 0.171912 -0.70668
    outer loop
      vertex -4.97609 -1.50948 0.4
      vertex -5.36189 -1.61352 0
      vertex -5.10008 -1.01447 0.4
    endloop
  endfacet
  facet normal 0.666174 0.238368 -0.706677
    outer loop
      vertex -5.35467 -1.63731 0
      vertex -4.97609 -1.50948 0.4
      vertex -4.80417 -1.98995 0.4
    endloop
  endfacet
  facet normal 0.666062 0.238691 -0.706674
    outer loop
      vertex -4.97609 -1.50948 0.4
      vertex -5.35467 -1.63731 0
      vertex -5.35887 -1.62559 0
    endloop
  endfacet
  facet normal -0.70668 -0.0347239 0.70668
    outer loop
      vertex 5.6 0 5.4
      vertex 5.57364 0.536463 5.4
      vertex 5.2 0 5
    endloop
  endfacet
  facet normal -0.568202 -0.421606 0.706679
    outer loop
      vertex 4.64881 3.12119 5.4
      vertex 4.32364 2.88896 5
      vertex 4.65623 3.11119 5.4
    endloop
  endfacet
  facet normal -0.568294 -0.421479 0.706681
    outer loop
      vertex 4.32364 2.88896 5
      vertex 4.64881 3.12119 5.4
      vertex 4.01965 3.29884 5
    endloop
  endfacet
  facet normal -0.568295 0.421469 0.706686
    outer loop
      vertex 4.32886 -3.5526 5.4
      vertex 4.64881 -3.12119 5.4
      vertex 4.01965 -3.29884 5
    endloop
  endfacet
  facet normal -0.421469 0.568295 0.706686
    outer loop
      vertex 3.5526 -4.32886 5.4
      vertex 3.29884 -4.01965 5
      vertex 3.12119 -4.64881 5.4
    endloop
  endfacet
  facet normal -0.103814 0.69987 0.706686
    outer loop
      vertex 1.09251 -5.4924 5.4
      vertex 1.01447 -5.10008 5
      vertex 0.561207 -5.57121 5.4
    endloop
  endfacet
  facet normal -0.568295 -0.421469 0.706686
    outer loop
      vertex 4.64881 3.12119 5.4
      vertex 4.32886 3.5526 5.4
      vertex 4.01965 3.29884 5
    endloop
  endfacet
  facet normal 0.17192 -0.686322 0.706686
    outer loop
      vertex -1.01447 5.10008 5
      vertex -1.09251 5.4924 5.4
      vertex -1.61352 5.36189 5.4
    endloop
  endfacet
  facet normal -0.69987 0.103814 0.706686
    outer loop
      vertex 5.4924 -1.09251 5.4
      vertex 5.57121 -0.561207 5.4
      vertex 5.10008 -1.01447 5
    endloop
  endfacet
  facet normal 0.686322 0.17192 0.706686
    outer loop
      vertex -5.36189 -1.61352 5.4
      vertex -5.10008 -1.01447 5
      vertex -5.4924 -1.09251 5.4
    endloop
  endfacet
  facet normal -0.639603 -0.302505 0.706682
    outer loop
      vertex 5.17372 2.14303 5.4
      vertex 4.94408 2.62857 5.4
      vertex 4.80417 1.98995 5
    endloop
  endfacet
  facet normal -0.69987 -0.103814 0.706686
    outer loop
      vertex 5.57121 0.561207 5.4
      vertex 5.4924 1.09251 5.4
      vertex 5.10008 1.01447 5
    endloop
  endfacet
  facet normal 0.363741 0.606871 0.706682
    outer loop
      vertex -2.63982 -4.93876 5.4
      vertex -2.45126 -4.58599 5
      vertex -3.10052 -4.66263 5.4
    endloop
  endfacet
  facet normal 0.302505 -0.639603 0.706681
    outer loop
      vertex -2.62857 4.94408 5.4
      vertex -2.45126 4.58599 5
      vertex -1.98995 4.80417 5
    endloop
  endfacet
  facet normal 0.302469 -0.63962 0.706681
    outer loop
      vertex -2.45126 4.58599 5
      vertex -2.62857 4.94408 5.4
      vertex -2.63982 4.93876 5.4
    endloop
  endfacet
  facet normal -0.686322 0.17192 0.706686
    outer loop
      vertex 5.36189 -1.61352 5.4
      vertex 5.4924 -1.09251 5.4
      vertex 5.10008 -1.01447 5
    endloop
  endfacet
  facet normal 0.302505 0.639603 0.706682
    outer loop
      vertex -2.14303 -5.17372 5.4
      vertex -1.98995 -4.80417 5
      vertex -2.62857 -4.94408 5.4
    endloop
  endfacet
  facet normal -0.639603 0.302505 0.706681
    outer loop
      vertex 4.58599 -2.45126 5
      vertex 4.94408 -2.62857 5.4
      vertex 4.80417 -1.98995 5
    endloop
  endfacet
  facet normal -0.63962 0.302469 0.706681
    outer loop
      vertex 4.94408 -2.62857 5.4
      vertex 4.58599 -2.45126 5
      vertex 4.93876 -2.63982 5.4
    endloop
  endfacet
  facet normal -0.606748 -0.363935 0.706689
    outer loop
      vertex 4.32364 2.88896 5
      vertex 4.66263 3.10052 5.4
      vertex 4.65623 3.11119 5.4
    endloop
  endfacet
  facet normal -0.606864 -0.363744 0.706687
    outer loop
      vertex 4.66263 3.10052 5.4
      vertex 4.32364 2.88896 5
      vertex 4.58599 2.45126 5
    endloop
  endfacet
  facet normal 0.421469 0.568295 0.706686
    outer loop
      vertex -3.12119 -4.64881 5.4
      vertex -3.29884 -4.01965 5
      vertex -3.5526 -4.32886 5.4
    endloop
  endfacet
  facet normal -0.421479 0.568294 0.706681
    outer loop
      vertex 2.88896 -4.32364 5
      vertex 3.12119 -4.64881 5.4
      vertex 3.29884 -4.01965 5
    endloop
  endfacet
  facet normal -0.421606 0.568202 0.706679
    outer loop
      vertex 3.12119 -4.64881 5.4
      vertex 2.88896 -4.32364 5
      vertex 3.11119 -4.65623 5.4
    endloop
  endfacet
  facet normal -0.238361 -0.666173 0.706681
    outer loop
      vertex 1.98995 4.80417 5
      vertex 2.14303 5.17372 5.4
      vertex 1.63731 5.35467 5.4
    endloop
  endfacet
  facet normal 0.568295 -0.421469 0.706686
    outer loop
      vertex -4.01965 3.29884 5
      vertex -4.32886 3.5526 5.4
      vertex -4.64881 3.12119 5.4
    endloop
  endfacet
  facet normal 0.475257 0.524147 0.706682
    outer loop
      vertex -3.29884 -4.01965 5
      vertex -3.56182 -4.3205 5.4
      vertex -3.5526 -4.32886 5.4
    endloop
  endfacet
  facet normal 0.475134 0.524257 0.706684
    outer loop
      vertex -3.56182 -4.3205 5.4
      vertex -3.29884 -4.01965 5
      vertex -3.67696 -3.67696 5
    endloop
  endfacet
  facet normal -0.699922 0.103465 0.706686
    outer loop
      vertex 5.17496 -0.509688 5
      vertex 5.57121 -0.561207 5.4
      vertex 5.57303 -0.548895 5.4
    endloop
  endfacet
  facet normal -0.699872 0.10382 0.706683
    outer loop
      vertex 5.57121 -0.561207 5.4
      vertex 5.17496 -0.509688 5
      vertex 5.10008 -1.01447 5
    endloop
  endfacet
  facet normal -0.706685 0.0347181 0.706676
    outer loop
      vertex 5.17496 -0.509688 5
      vertex 5.57364 -0.536463 5.4
      vertex 5.2 0 5
    endloop
  endfacet
  facet normal -0.706687 0.034675 0.706676
    outer loop
      vertex 5.57364 -0.536463 5.4
      vertex 5.17496 -0.509688 5
      vertex 5.57303 -0.548895 5.4
    endloop
  endfacet
  facet normal 0.103814 0.69987 0.706686
    outer loop
      vertex -0.561207 -5.57121 5.4
      vertex -1.01447 -5.10008 5
      vertex -1.09251 -5.4924 5.4
    endloop
  endfacet
  facet normal 0.0347239 -0.70668 0.70668
    outer loop
      vertex 0 5.2 5
      vertex 0 5.6 5.4
      vertex -0.536463 5.57364 5.4
    endloop
  endfacet
  facet normal -0.0347239 -0.70668 0.70668
    outer loop
      vertex 0.536463 5.57364 5.4
      vertex 0 5.6 5.4
      vertex 0 5.2 5
    endloop
  endfacet
  facet normal -0.17192 0.686322 0.706686
    outer loop
      vertex 1.09251 -5.4924 5.4
      vertex 1.61352 -5.36189 5.4
      vertex 1.01447 -5.10008 5
    endloop
  endfacet
  facet normal -0.363741 0.606871 0.706682
    outer loop
      vertex 2.63982 -4.93876 5.4
      vertex 3.10052 -4.66263 5.4
      vertex 2.45126 -4.58599 5
    endloop
  endfacet
  facet normal 0.0347239 0.70668 0.70668
    outer loop
      vertex 0 -5.6 5.4
      vertex 0 -5.2 5
      vertex -0.536463 -5.57364 5.4
    endloop
  endfacet
  facet normal -0.238368 0.666174 0.706677
    outer loop
      vertex 1.50948 -4.97609 5
      vertex 1.63731 -5.35467 5.4
      vertex 1.98995 -4.80417 5
    endloop
  endfacet
  facet normal -0.238691 0.666062 0.706674
    outer loop
      vertex 1.63731 -5.35467 5.4
      vertex 1.50948 -4.97609 5
      vertex 1.62559 -5.35887 5.4
    endloop
  endfacet
  facet normal 0.421606 0.568202 0.706679
    outer loop
      vertex -2.88896 -4.32364 5
      vertex -3.12119 -4.64881 5.4
      vertex -3.11119 -4.65623 5.4
    endloop
  endfacet
  facet normal 0.421479 0.568294 0.706681
    outer loop
      vertex -3.12119 -4.64881 5.4
      vertex -2.88896 -4.32364 5
      vertex -3.29884 -4.01965 5
    endloop
  endfacet
  facet normal -0.686322 -0.17192 0.706686
    outer loop
      vertex 5.4924 1.09251 5.4
      vertex 5.36189 1.61352 5.4
      vertex 5.10008 1.01447 5
    endloop
  endfacet
  facet normal -0.606864 0.363744 0.706687
    outer loop
      vertex 4.32364 -2.88896 5
      vertex 4.66263 -3.10052 5.4
      vertex 4.58599 -2.45126 5
    endloop
  endfacet
  facet normal -0.606748 0.363935 0.706689
    outer loop
      vertex 4.66263 -3.10052 5.4
      vertex 4.32364 -2.88896 5
      vertex 4.65623 -3.11119 5.4
    endloop
  endfacet
  facet normal -0.686376 -0.171736 0.706678
    outer loop
      vertex 4.97609 1.50948 5
      vertex 5.36189 1.61352 5.4
      vertex 5.35887 1.62559 5.4
    endloop
  endfacet
  facet normal -0.686331 -0.171912 0.70668
    outer loop
      vertex 5.36189 1.61352 5.4
      vertex 4.97609 1.50948 5
      vertex 5.10008 1.01447 5
    endloop
  endfacet
  facet normal 0.666173 -0.238361 0.706681
    outer loop
      vertex -4.80417 1.98995 5
      vertex -5.17372 2.14303 5.4
      vertex -5.35467 1.63731 5.4
    endloop
  endfacet
  facet normal -0.639603 0.302505 0.706682
    outer loop
      vertex 4.94408 -2.62857 5.4
      vertex 5.17372 -2.14303 5.4
      vertex 4.80417 -1.98995 5
    endloop
  endfacet
  facet normal 0.103814 -0.69987 0.706686
    outer loop
      vertex -1.01447 5.10008 5
      vertex -0.561207 5.57121 5.4
      vertex -1.09251 5.4924 5.4
    endloop
  endfacet
  facet normal -0.70668 0.0347239 0.70668
    outer loop
      vertex 5.57364 -0.536463 5.4
      vertex 5.6 0 5.4
      vertex 5.2 0 5
    endloop
  endfacet
  facet normal 0.706687 -0.034675 0.706676
    outer loop
      vertex -5.57364 0.536463 5.4
      vertex -5.17496 0.509688 5
      vertex -5.57303 0.548895 5.4
    endloop
  endfacet
  facet normal 0.706685 -0.0347181 0.706676
    outer loop
      vertex -5.17496 0.509688 5
      vertex -5.57364 0.536463 5.4
      vertex -5.2 0 5
    endloop
  endfacet
  facet normal -0.0347239 0.70668 0.70668
    outer loop
      vertex 0.536463 -5.57364 5.4
      vertex 0 -5.2 5
      vertex 0 -5.6 5.4
    endloop
  endfacet
  facet normal 0.363744 0.606864 0.706687
    outer loop
      vertex -2.88896 -4.32364 5
      vertex -3.10052 -4.66263 5.4
      vertex -2.45126 -4.58599 5
    endloop
  endfacet
  facet normal 0.363935 0.606748 0.706689
    outer loop
      vertex -3.10052 -4.66263 5.4
      vertex -2.88896 -4.32364 5
      vertex -3.11119 -4.65623 5.4
    endloop
  endfacet
  facet normal 0.524257 -0.475134 0.706684
    outer loop
      vertex -4.3205 3.56182 5.4
      vertex -4.01965 3.29884 5
      vertex -3.67696 3.67696 5
    endloop
  endfacet
  facet normal 0.524147 -0.475257 0.706682
    outer loop
      vertex -4.01965 3.29884 5
      vertex -4.3205 3.56182 5.4
      vertex -4.32886 3.5526 5.4
    endloop
  endfacet
  facet normal -0.17192 -0.686322 0.706686
    outer loop
      vertex 1.61352 5.36189 5.4
      vertex 1.09251 5.4924 5.4
      vertex 1.01447 5.10008 5
    endloop
  endfacet
  facet normal 0.171912 0.686331 0.70668
    outer loop
      vertex -1.50948 -4.97609 5
      vertex -1.61352 -5.36189 5.4
      vertex -1.01447 -5.10008 5
    endloop
  endfacet
  facet normal 0.171736 0.686376 0.706678
    outer loop
      vertex -1.61352 -5.36189 5.4
      vertex -1.50948 -4.97609 5
      vertex -1.62559 -5.35887 5.4
    endloop
  endfacet
  facet normal 0.606871 0.363741 0.706682
    outer loop
      vertex -4.66263 -3.10052 5.4
      vertex -4.58599 -2.45126 5
      vertex -4.93876 -2.63982 5.4
    endloop
  endfacet
  facet normal -0.302505 -0.639603 0.706682
    outer loop
      vertex 2.62857 4.94408 5.4
      vertex 2.14303 5.17372 5.4
      vertex 1.98995 4.80417 5
    endloop
  endfacet
  facet normal -0.421606 -0.568202 0.706679
    outer loop
      vertex 2.88896 4.32364 5
      vertex 3.12119 4.64881 5.4
      vertex 3.11119 4.65623 5.4
    endloop
  endfacet
  facet normal -0.421479 -0.568294 0.706681
    outer loop
      vertex 3.12119 4.64881 5.4
      vertex 2.88896 4.32364 5
      vertex 3.29884 4.01965 5
    endloop
  endfacet
  facet normal -0.302469 0.63962 0.706681
    outer loop
      vertex 2.45126 -4.58599 5
      vertex 2.62857 -4.94408 5.4
      vertex 2.63982 -4.93876 5.4
    endloop
  endfacet
  facet normal -0.302505 0.639603 0.706681
    outer loop
      vertex 2.62857 -4.94408 5.4
      vertex 2.45126 -4.58599 5
      vertex 1.98995 -4.80417 5
    endloop
  endfacet
  facet normal -0.524147 0.475257 0.706682
    outer loop
      vertex 4.01965 -3.29884 5
      vertex 4.3205 -3.56182 5.4
      vertex 4.32886 -3.5526 5.4
    endloop
  endfacet
  facet normal -0.524257 0.475134 0.706684
    outer loop
      vertex 4.3205 -3.56182 5.4
      vertex 4.01965 -3.29884 5
      vertex 3.67696 -3.67696 5
    endloop
  endfacet
  facet normal 0.568294 0.421479 0.706681
    outer loop
      vertex -4.32364 -2.88896 5
      vertex -4.64881 -3.12119 5.4
      vertex -4.01965 -3.29884 5
    endloop
  endfacet
  facet normal 0.568202 0.421606 0.706679
    outer loop
      vertex -4.64881 -3.12119 5.4
      vertex -4.32364 -2.88896 5
      vertex -4.65623 -3.11119 5.4
    endloop
  endfacet
  facet normal 0.70668 0.0347239 0.70668
    outer loop
      vertex -5.57364 -0.536463 5.4
      vertex -5.2 0 5
      vertex -5.6 0 5.4
    endloop
  endfacet
  facet normal 0.238361 -0.666173 0.706681
    outer loop
      vertex -1.98995 4.80417 5
      vertex -1.63731 5.35467 5.4
      vertex -2.14303 5.17372 5.4
    endloop
  endfacet
  facet normal -0.666173 0.238361 0.706681
    outer loop
      vertex 5.17372 -2.14303 5.4
      vertex 5.35467 -1.63731 5.4
      vertex 4.80417 -1.98995 5
    endloop
  endfacet
  facet normal -0.699922 -0.103465 0.706686
    outer loop
      vertex 5.57121 0.561207 5.4
      vertex 5.17496 0.509688 5
      vertex 5.57303 0.548895 5.4
    endloop
  endfacet
  facet normal -0.699872 -0.10382 0.706683
    outer loop
      vertex 5.17496 0.509688 5
      vertex 5.57121 0.561207 5.4
      vertex 5.10008 1.01447 5
    endloop
  endfacet
  facet normal -0.706687 -0.034675 0.706676
    outer loop
      vertex 5.17496 0.509688 5
      vertex 5.57364 0.536463 5.4
      vertex 5.57303 0.548895 5.4
    endloop
  endfacet
  facet normal -0.706685 -0.0347181 0.706676
    outer loop
      vertex 5.57364 0.536463 5.4
      vertex 5.17496 0.509688 5
      vertex 5.2 0 5
    endloop
  endfacet
  facet normal 0.639603 -0.302505 0.706682
    outer loop
      vertex -4.80417 1.98995 5
      vertex -4.94408 2.62857 5.4
      vertex -5.17372 2.14303 5.4
    endloop
  endfacet
  facet normal -0.475147 0.524255 0.706677
    outer loop
      vertex 3.9598 -3.9598 5.4
      vertex 3.67696 -3.67696 5
      vertex 3.56182 -4.3205 5.4
    endloop
  endfacet
  facet normal 0.524255 0.475147 0.706677
    outer loop
      vertex -3.9598 -3.9598 5.4
      vertex -3.67696 -3.67696 5
      vertex -4.3205 -3.56182 5.4
    endloop
  endfacet
  facet normal -0.475147 -0.524255 0.706677
    outer loop
      vertex 3.67696 3.67696 5
      vertex 3.9598 3.9598 5.4
      vertex 3.56182 4.3205 5.4
    endloop
  endfacet
  facet normal 0.706685 0.0347181 0.706676
    outer loop
      vertex -5.57364 -0.536463 5.4
      vertex -5.17496 -0.509688 5
      vertex -5.2 0 5
    endloop
  endfacet
  facet normal 0.706687 0.034675 0.706676
    outer loop
      vertex -5.17496 -0.509688 5
      vertex -5.57364 -0.536463 5.4
      vertex -5.57303 -0.548895 5.4
    endloop
  endfacet
  facet normal 0.475147 0.524255 0.706677
    outer loop
      vertex -3.56182 -4.3205 5.4
      vertex -3.67696 -3.67696 5
      vertex -3.9598 -3.9598 5.4
    endloop
  endfacet
  facet normal 0.699872 0.10382 0.706683
    outer loop
      vertex -5.17496 -0.509688 5
      vertex -5.57121 -0.561207 5.4
      vertex -5.10008 -1.01447 5
    endloop
  endfacet
  facet normal 0.699922 0.103465 0.706686
    outer loop
      vertex -5.57121 -0.561207 5.4
      vertex -5.17496 -0.509688 5
      vertex -5.57303 -0.548895 5.4
    endloop
  endfacet
  facet normal 0.606864 0.363744 0.706687
    outer loop
      vertex -4.66263 -3.10052 5.4
      vertex -4.32364 -2.88896 5
      vertex -4.58599 -2.45126 5
    endloop
  endfacet
  facet normal 0.606748 0.363935 0.706689
    outer loop
      vertex -4.32364 -2.88896 5
      vertex -4.66263 -3.10052 5.4
      vertex -4.65623 -3.11119 5.4
    endloop
  endfacet
  facet normal -0.171736 -0.686376 0.706678
    outer loop
      vertex 1.61352 5.36189 5.4
      vertex 1.50948 4.97609 5
      vertex 1.62559 5.35887 5.4
    endloop
  endfacet
  facet normal -0.171912 -0.686331 0.70668
    outer loop
      vertex 1.50948 4.97609 5
      vertex 1.61352 5.36189 5.4
      vertex 1.01447 5.10008 5
    endloop
  endfacet
  facet normal -0.666062 0.238691 0.706674
    outer loop
      vertex 4.97609 -1.50948 5
      vertex 5.35467 -1.63731 5.4
      vertex 5.35887 -1.62559 5.4
    endloop
  endfacet
  facet normal -0.666174 0.238368 0.706677
    outer loop
      vertex 5.35467 -1.63731 5.4
      vertex 4.97609 -1.50948 5
      vertex 4.80417 -1.98995 5
    endloop
  endfacet
  facet normal 0.17192 0.686322 0.706686
    outer loop
      vertex -1.09251 -5.4924 5.4
      vertex -1.01447 -5.10008 5
      vertex -1.61352 -5.36189 5.4
    endloop
  endfacet
  facet normal 0.639603 0.302505 0.706681
    outer loop
      vertex -4.94408 -2.62857 5.4
      vertex -4.58599 -2.45126 5
      vertex -4.80417 -1.98995 5
    endloop
  endfacet
  facet normal 0.63962 0.302469 0.706681
    outer loop
      vertex -4.58599 -2.45126 5
      vertex -4.94408 -2.62857 5.4
      vertex -4.93876 -2.63982 5.4
    endloop
  endfacet
  facet normal 0.69987 -0.103814 0.706686
    outer loop
      vertex -5.10008 1.01447 5
      vertex -5.4924 1.09251 5.4
      vertex -5.57121 0.561207 5.4
    endloop
  endfacet
  facet normal 0.69987 0.103814 0.706686
    outer loop
      vertex -5.4924 -1.09251 5.4
      vertex -5.10008 -1.01447 5
      vertex -5.57121 -0.561207 5.4
    endloop
  endfacet
  facet normal -0.034675 0.706687 0.706676
    outer loop
      vertex 0.509688 -5.17496 5
      vertex 0.536463 -5.57364 5.4
      vertex 0.548895 -5.57303 5.4
    endloop
  endfacet
  facet normal -0.0347181 0.706685 0.706676
    outer loop
      vertex 0.536463 -5.57364 5.4
      vertex 0.509688 -5.17496 5
      vertex 0 -5.2 5
    endloop
  endfacet
  facet normal -0.475134 0.524257 0.706684
    outer loop
      vertex 3.29884 -4.01965 5
      vertex 3.56182 -4.3205 5.4
      vertex 3.67696 -3.67696 5
    endloop
  endfacet
  facet normal -0.475257 0.524147 0.706682
    outer loop
      vertex 3.56182 -4.3205 5.4
      vertex 3.29884 -4.01965 5
      vertex 3.5526 -4.32886 5.4
    endloop
  endfacet
  facet normal -0.363935 -0.606748 0.706689
    outer loop
      vertex 3.10052 4.66263 5.4
      vertex 2.88896 4.32364 5
      vertex 3.11119 4.65623 5.4
    endloop
  endfacet
  facet normal -0.363744 -0.606864 0.706687
    outer loop
      vertex 2.88896 4.32364 5
      vertex 3.10052 4.66263 5.4
      vertex 2.45126 4.58599 5
    endloop
  endfacet
  facet normal 0.363741 -0.606871 0.706682
    outer loop
      vertex -2.45126 4.58599 5
      vertex -2.63982 4.93876 5.4
      vertex -3.10052 4.66263 5.4
    endloop
  endfacet
  facet normal 0.524255 -0.475147 0.706677
    outer loop
      vertex -3.67696 3.67696 5
      vertex -3.9598 3.9598 5.4
      vertex -4.3205 3.56182 5.4
    endloop
  endfacet
  facet normal 0.302505 -0.639603 0.706682
    outer loop
      vertex -1.98995 4.80417 5
      vertex -2.14303 5.17372 5.4
      vertex -2.62857 4.94408 5.4
    endloop
  endfacet
  facet normal 0.568294 -0.421479 0.706681
    outer loop
      vertex -4.64881 3.12119 5.4
      vertex -4.32364 2.88896 5
      vertex -4.01965 3.29884 5
    endloop
  endfacet
  facet normal 0.568202 -0.421606 0.706679
    outer loop
      vertex -4.32364 2.88896 5
      vertex -4.64881 3.12119 5.4
      vertex -4.65623 3.11119 5.4
    endloop
  endfacet
  facet normal -0.666062 -0.238691 0.706674
    outer loop
      vertex 5.35467 1.63731 5.4
      vertex 4.97609 1.50948 5
      vertex 5.35887 1.62559 5.4
    endloop
  endfacet
  facet normal -0.666174 -0.238368 0.706677
    outer loop
      vertex 4.97609 1.50948 5
      vertex 5.35467 1.63731 5.4
      vertex 4.80417 1.98995 5
    endloop
  endfacet
  facet normal 0.171912 -0.686331 0.70668
    outer loop
      vertex -1.61352 5.36189 5.4
      vertex -1.50948 4.97609 5
      vertex -1.01447 5.10008 5
    endloop
  endfacet
  facet normal 0.171736 -0.686376 0.706678
    outer loop
      vertex -1.50948 4.97609 5
      vertex -1.61352 5.36189 5.4
      vertex -1.62559 5.35887 5.4
    endloop
  endfacet
  facet normal 0.103465 -0.699922 0.706686
    outer loop
      vertex -0.561207 5.57121 5.4
      vertex -0.509688 5.17496 5
      vertex -0.548895 5.57303 5.4
    endloop
  endfacet
  facet normal 0.10382 -0.699872 0.706683
    outer loop
      vertex -0.509688 5.17496 5
      vertex -0.561207 5.57121 5.4
      vertex -1.01447 5.10008 5
    endloop
  endfacet
  facet normal 0.70668 -0.0347239 0.70668
    outer loop
      vertex -5.2 0 5
      vertex -5.57364 0.536463 5.4
      vertex -5.6 0 5.4
    endloop
  endfacet
  facet normal 0.699872 -0.10382 0.706683
    outer loop
      vertex -5.57121 0.561207 5.4
      vertex -5.17496 0.509688 5
      vertex -5.10008 1.01447 5
    endloop
  endfacet
  facet normal 0.699922 -0.103465 0.706686
    outer loop
      vertex -5.17496 0.509688 5
      vertex -5.57121 0.561207 5.4
      vertex -5.57303 0.548895 5.4
    endloop
  endfacet
  facet normal 0.302505 0.639603 0.706681
    outer loop
      vertex -2.45126 -4.58599 5
      vertex -2.62857 -4.94408 5.4
      vertex -1.98995 -4.80417 5
    endloop
  endfacet
  facet normal 0.302469 0.63962 0.706681
    outer loop
      vertex -2.62857 -4.94408 5.4
      vertex -2.45126 -4.58599 5
      vertex -2.63982 -4.93876 5.4
    endloop
  endfacet
  facet normal -0.666173 -0.238361 0.706681
    outer loop
      vertex 5.35467 1.63731 5.4
      vertex 5.17372 2.14303 5.4
      vertex 4.80417 1.98995 5
    endloop
  endfacet
  facet normal -0.421469 -0.568295 0.706686
    outer loop
      vertex 3.29884 4.01965 5
      vertex 3.5526 4.32886 5.4
      vertex 3.12119 4.64881 5.4
    endloop
  endfacet
  facet normal -0.524255 0.475147 0.706677
    outer loop
      vertex 3.9598 -3.9598 5.4
      vertex 4.3205 -3.56182 5.4
      vertex 3.67696 -3.67696 5
    endloop
  endfacet
  facet normal -0.171736 0.686376 0.706678
    outer loop
      vertex 1.50948 -4.97609 5
      vertex 1.61352 -5.36189 5.4
      vertex 1.62559 -5.35887 5.4
    endloop
  endfacet
  facet normal -0.171912 0.686331 0.70668
    outer loop
      vertex 1.61352 -5.36189 5.4
      vertex 1.50948 -4.97609 5
      vertex 1.01447 -5.10008 5
    endloop
  endfacet
  facet normal -0.475257 -0.524147 0.706682
    outer loop
      vertex 3.29884 4.01965 5
      vertex 3.56182 4.3205 5.4
      vertex 3.5526 4.32886 5.4
    endloop
  endfacet
  facet normal -0.475134 -0.524257 0.706684
    outer loop
      vertex 3.56182 4.3205 5.4
      vertex 3.29884 4.01965 5
      vertex 3.67696 3.67696 5
    endloop
  endfacet
  facet normal -0.524255 -0.475147 0.706677
    outer loop
      vertex 4.3205 3.56182 5.4
      vertex 3.9598 3.9598 5.4
      vertex 3.67696 3.67696 5
    endloop
  endfacet
  facet normal -0.63962 -0.302469 0.706681
    outer loop
      vertex 4.58599 2.45126 5
      vertex 4.94408 2.62857 5.4
      vertex 4.93876 2.63982 5.4
    endloop
  endfacet
  facet normal -0.639603 -0.302505 0.706681
    outer loop
      vertex 4.94408 2.62857 5.4
      vertex 4.58599 2.45126 5
      vertex 4.80417 1.98995 5
    endloop
  endfacet
  facet normal 0.475257 -0.524147 0.706682
    outer loop
      vertex -3.56182 4.3205 5.4
      vertex -3.29884 4.01965 5
      vertex -3.5526 4.32886 5.4
    endloop
  endfacet
  facet normal 0.475134 -0.524257 0.706684
    outer loop
      vertex -3.29884 4.01965 5
      vertex -3.56182 4.3205 5.4
      vertex -3.67696 3.67696 5
    endloop
  endfacet
  facet normal -0.10382 0.699872 0.706683
    outer loop
      vertex 0.509688 -5.17496 5
      vertex 0.561207 -5.57121 5.4
      vertex 1.01447 -5.10008 5
    endloop
  endfacet
  facet normal -0.103465 0.699922 0.706686
    outer loop
      vertex 0.561207 -5.57121 5.4
      vertex 0.509688 -5.17496 5
      vertex 0.548895 -5.57303 5.4
    endloop
  endfacet
  facet normal -0.606871 0.363741 0.706682
    outer loop
      vertex 4.66263 -3.10052 5.4
      vertex 4.93876 -2.63982 5.4
      vertex 4.58599 -2.45126 5
    endloop
  endfacet
  facet normal -0.302505 0.639603 0.706682
    outer loop
      vertex 2.14303 -5.17372 5.4
      vertex 2.62857 -4.94408 5.4
      vertex 1.98995 -4.80417 5
    endloop
  endfacet
  facet normal -0.568202 0.421606 0.706679
    outer loop
      vertex 4.32364 -2.88896 5
      vertex 4.64881 -3.12119 5.4
      vertex 4.65623 -3.11119 5.4
    endloop
  endfacet
  facet normal -0.568294 0.421479 0.706681
    outer loop
      vertex 4.64881 -3.12119 5.4
      vertex 4.32364 -2.88896 5
      vertex 4.01965 -3.29884 5
    endloop
  endfacet
  facet normal 0.238691 0.666062 0.706674
    outer loop
      vertex -1.50948 -4.97609 5
      vertex -1.63731 -5.35467 5.4
      vertex -1.62559 -5.35887 5.4
    endloop
  endfacet
  facet normal 0.238368 0.666174 0.706677
    outer loop
      vertex -1.63731 -5.35467 5.4
      vertex -1.50948 -4.97609 5
      vertex -1.98995 -4.80417 5
    endloop
  endfacet
  facet normal 0.238361 0.666173 0.706681
    outer loop
      vertex -1.63731 -5.35467 5.4
      vertex -1.98995 -4.80417 5
      vertex -2.14303 -5.17372 5.4
    endloop
  endfacet
  facet normal 0.666173 0.238361 0.706681
    outer loop
      vertex -5.17372 -2.14303 5.4
      vertex -4.80417 -1.98995 5
      vertex -5.35467 -1.63731 5.4
    endloop
  endfacet
  facet normal 0.639603 0.302505 0.706682
    outer loop
      vertex -4.94408 -2.62857 5.4
      vertex -4.80417 -1.98995 5
      vertex -5.17372 -2.14303 5.4
    endloop
  endfacet
  facet normal 0.686322 -0.17192 0.706686
    outer loop
      vertex -5.10008 1.01447 5
      vertex -5.36189 1.61352 5.4
      vertex -5.4924 1.09251 5.4
    endloop
  endfacet
  facet normal -0.606871 -0.363741 0.706682
    outer loop
      vertex 4.93876 2.63982 5.4
      vertex 4.66263 3.10052 5.4
      vertex 4.58599 2.45126 5
    endloop
  endfacet
  facet normal 0.524257 0.475134 0.706684
    outer loop
      vertex -4.01965 -3.29884 5
      vertex -4.3205 -3.56182 5.4
      vertex -3.67696 -3.67696 5
    endloop
  endfacet
  facet normal 0.524147 0.475257 0.706682
    outer loop
      vertex -4.3205 -3.56182 5.4
      vertex -4.01965 -3.29884 5
      vertex -4.32886 -3.5526 5.4
    endloop
  endfacet
  facet normal 0.0347181 -0.706685 0.706676
    outer loop
      vertex -0.536463 5.57364 5.4
      vertex -0.509688 5.17496 5
      vertex 0 5.2 5
    endloop
  endfacet
  facet normal 0.034675 -0.706687 0.706676
    outer loop
      vertex -0.509688 5.17496 5
      vertex -0.536463 5.57364 5.4
      vertex -0.548895 5.57303 5.4
    endloop
  endfacet
  facet normal -0.238691 -0.666062 0.706674
    outer loop
      vertex 1.50948 4.97609 5
      vertex 1.63731 5.35467 5.4
      vertex 1.62559 5.35887 5.4
    endloop
  endfacet
  facet normal -0.238368 -0.666174 0.706677
    outer loop
      vertex 1.63731 5.35467 5.4
      vertex 1.50948 4.97609 5
      vertex 1.98995 4.80417 5
    endloop
  endfacet
  facet normal 0.686331 0.171912 0.70668
    outer loop
      vertex -5.36189 -1.61352 5.4
      vertex -4.97609 -1.50948 5
      vertex -5.10008 -1.01447 5
    endloop
  endfacet
  facet normal 0.686376 0.171736 0.706678
    outer loop
      vertex -4.97609 -1.50948 5
      vertex -5.36189 -1.61352 5.4
      vertex -5.35887 -1.62559 5.4
    endloop
  endfacet
  facet normal 0.568295 0.421469 0.706686
    outer loop
      vertex -4.32886 -3.5526 5.4
      vertex -4.01965 -3.29884 5
      vertex -4.64881 -3.12119 5.4
    endloop
  endfacet
  facet normal -0.103814 -0.69987 0.706686
    outer loop
      vertex 1.01447 5.10008 5
      vertex 1.09251 5.4924 5.4
      vertex 0.561207 5.57121 5.4
    endloop
  endfacet
  facet normal -0.363935 0.606748 0.706689
    outer loop
      vertex 2.88896 -4.32364 5
      vertex 3.10052 -4.66263 5.4
      vertex 3.11119 -4.65623 5.4
    endloop
  endfacet
  facet normal -0.363744 0.606864 0.706687
    outer loop
      vertex 3.10052 -4.66263 5.4
      vertex 2.88896 -4.32364 5
      vertex 2.45126 -4.58599 5
    endloop
  endfacet
  facet normal 0.666174 -0.238368 0.706677
    outer loop
      vertex -5.35467 1.63731 5.4
      vertex -4.97609 1.50948 5
      vertex -4.80417 1.98995 5
    endloop
  endfacet
  facet normal 0.666062 -0.238691 0.706674
    outer loop
      vertex -4.97609 1.50948 5
      vertex -5.35467 1.63731 5.4
      vertex -5.35887 1.62559 5.4
    endloop
  endfacet
  facet normal 0.686376 -0.171736 0.706678
    outer loop
      vertex -5.36189 1.61352 5.4
      vertex -4.97609 1.50948 5
      vertex -5.35887 1.62559 5.4
    endloop
  endfacet
  facet normal 0.686331 -0.171912 0.70668
    outer loop
      vertex -4.97609 1.50948 5
      vertex -5.36189 1.61352 5.4
      vertex -5.10008 1.01447 5
    endloop
  endfacet
  facet normal 0.475147 -0.524255 0.706677
    outer loop
      vertex -3.67696 3.67696 5
      vertex -3.56182 4.3205 5.4
      vertex -3.9598 3.9598 5.4
    endloop
  endfacet
  facet normal -0.363741 -0.606871 0.706682
    outer loop
      vertex 3.10052 4.66263 5.4
      vertex 2.63982 4.93876 5.4
      vertex 2.45126 4.58599 5
    endloop
  endfacet
  facet normal 0.666174 0.238368 0.706677
    outer loop
      vertex -4.97609 -1.50948 5
      vertex -5.35467 -1.63731 5.4
      vertex -4.80417 -1.98995 5
    endloop
  endfacet
  facet normal 0.666062 0.238691 0.706674
    outer loop
      vertex -5.35467 -1.63731 5.4
      vertex -4.97609 -1.50948 5
      vertex -5.35887 -1.62559 5.4
    endloop
  endfacet
  facet normal -0.524147 -0.475257 0.706682
    outer loop
      vertex 4.3205 3.56182 5.4
      vertex 4.01965 3.29884 5
      vertex 4.32886 3.5526 5.4
    endloop
  endfacet
  facet normal -0.524257 -0.475134 0.706684
    outer loop
      vertex 4.01965 3.29884 5
      vertex 4.3205 3.56182 5.4
      vertex 3.67696 3.67696 5
    endloop
  endfacet
  facet normal 0.238691 -0.666062 0.706674
    outer loop
      vertex -1.63731 5.35467 5.4
      vertex -1.50948 4.97609 5
      vertex -1.62559 5.35887 5.4
    endloop
  endfacet
  facet normal 0.238368 -0.666174 0.706677
    outer loop
      vertex -1.50948 4.97609 5
      vertex -1.63731 5.35467 5.4
      vertex -1.98995 4.80417 5
    endloop
  endfacet
  facet normal -0.302469 -0.63962 0.706681
    outer loop
      vertex 2.62857 4.94408 5.4
      vertex 2.45126 4.58599 5
      vertex 2.63982 4.93876 5.4
    endloop
  endfacet
  facet normal -0.302505 -0.639603 0.706681
    outer loop
      vertex 2.45126 4.58599 5
      vertex 2.62857 4.94408 5.4
      vertex 1.98995 4.80417 5
    endloop
  endfacet
  facet normal -0.103465 -0.699922 0.706686
    outer loop
      vertex 0.509688 5.17496 5
      vertex 0.561207 5.57121 5.4
      vertex 0.548895 5.57303 5.4
    endloop
  endfacet
  facet normal -0.10382 -0.699872 0.706683
    outer loop
      vertex 0.561207 5.57121 5.4
      vertex 0.509688 5.17496 5
      vertex 1.01447 5.10008 5
    endloop
  endfacet
  facet normal -0.238361 0.666173 0.706681
    outer loop
      vertex 2.14303 -5.17372 5.4
      vertex 1.98995 -4.80417 5
      vertex 1.63731 -5.35467 5.4
    endloop
  endfacet
  facet normal 0.363744 -0.606864 0.706687
    outer loop
      vertex -3.10052 4.66263 5.4
      vertex -2.88896 4.32364 5
      vertex -2.45126 4.58599 5
    endloop
  endfacet
  facet normal 0.363935 -0.606748 0.706689
    outer loop
      vertex -2.88896 4.32364 5
      vertex -3.10052 4.66263 5.4
      vertex -3.11119 4.65623 5.4
    endloop
  endfacet
  facet normal -0.686331 0.171912 0.70668
    outer loop
      vertex 4.97609 -1.50948 5
      vertex 5.36189 -1.61352 5.4
      vertex 5.10008 -1.01447 5
    endloop
  endfacet
  facet normal -0.686376 0.171736 0.706678
    outer loop
      vertex 5.36189 -1.61352 5.4
      vertex 4.97609 -1.50948 5
      vertex 5.35887 -1.62559 5.4
    endloop
  endfacet
  facet normal -0.034675 -0.706687 0.706676
    outer loop
      vertex 0.536463 5.57364 5.4
      vertex 0.509688 5.17496 5
      vertex 0.548895 5.57303 5.4
    endloop
  endfacet
  facet normal -0.0347181 -0.706685 0.706676
    outer loop
      vertex 0.509688 5.17496 5
      vertex 0.536463 5.57364 5.4
      vertex 0 5.2 5
    endloop
  endfacet
  facet normal 0.421606 -0.568202 0.706679
    outer loop
      vertex -3.12119 4.64881 5.4
      vertex -2.88896 4.32364 5
      vertex -3.11119 4.65623 5.4
    endloop
  endfacet
  facet normal 0.421479 -0.568294 0.706681
    outer loop
      vertex -2.88896 4.32364 5
      vertex -3.12119 4.64881 5.4
      vertex -3.29884 4.01965 5
    endloop
  endfacet
  facet normal 0.606871 -0.363741 0.706682
    outer loop
      vertex -4.58599 2.45126 5
      vertex -4.66263 3.10052 5.4
      vertex -4.93876 2.63982 5.4
    endloop
  endfacet
  facet normal 0.63962 -0.302469 0.706681
    outer loop
      vertex -4.94408 2.62857 5.4
      vertex -4.58599 2.45126 5
      vertex -4.93876 2.63982 5.4
    endloop
  endfacet
  facet normal 0.639603 -0.302505 0.706681
    outer loop
      vertex -4.58599 2.45126 5
      vertex -4.94408 2.62857 5.4
      vertex -4.80417 1.98995 5
    endloop
  endfacet
  facet normal 0.606748 -0.363935 0.706689
    outer loop
      vertex -4.66263 3.10052 5.4
      vertex -4.32364 2.88896 5
      vertex -4.65623 3.11119 5.4
    endloop
  endfacet
  facet normal 0.606864 -0.363744 0.706687
    outer loop
      vertex -4.32364 2.88896 5
      vertex -4.66263 3.10052 5.4
      vertex -4.58599 2.45126 5
    endloop
  endfacet
  facet normal 0.103465 0.699922 0.706686
    outer loop
      vertex -0.509688 -5.17496 5
      vertex -0.561207 -5.57121 5.4
      vertex -0.548895 -5.57303 5.4
    endloop
  endfacet
  facet normal 0.10382 0.699872 0.706683
    outer loop
      vertex -0.561207 -5.57121 5.4
      vertex -0.509688 -5.17496 5
      vertex -1.01447 -5.10008 5
    endloop
  endfacet
  facet normal 0.0347181 0.706685 0.706676
    outer loop
      vertex -0.509688 -5.17496 5
      vertex -0.536463 -5.57364 5.4
      vertex 0 -5.2 5
    endloop
  endfacet
  facet normal 0.034675 0.706687 0.706676
    outer loop
      vertex -0.536463 -5.57364 5.4
      vertex -0.509688 -5.17496 5
      vertex -0.548895 -5.57303 5.4
    endloop
  endfacet
  facet normal 0.421469 -0.568295 0.706686
    outer loop
      vertex -3.29884 4.01965 5
      vertex -3.12119 4.64881 5.4
      vertex -3.5526 4.32886 5.4
    endloop
  endfacet
  facet normal 0.671462 0.741039 -0
    outer loop
      vertex 16.7012 -4.01965 0.4
      vertex 16.323 -3.67696 5
      vertex 16.7012 -4.01965 5
    endloop
  endfacet
  facet normal 0.671462 0.741039 0
    outer loop
      vertex 16.323 -3.67696 5
      vertex 16.7012 -4.01965 0.4
      vertex 16.323 -3.67696 0.4
    endloop
  endfacet
  facet normal 0.941553 -0.336864 0
    outer loop
      vertex 15.0239 1.50948 5
      vertex 15.1958 1.98995 0.4
      vertex 15.1958 1.98995 5
    endloop
  endfacet
  facet normal 0.941553 -0.336864 0
    outer loop
      vertex 15.1958 1.98995 0.4
      vertex 15.0239 1.50948 5
      vertex 15.0239 1.50948 0.4
    endloop
  endfacet
  facet normal -0.98917 -0.146774 0
    outer loop
      vertex 25.175 0.509688 0.4
      vertex 25.1001 1.01447 5
      vertex 25.1001 1.01447 0.4
    endloop
  endfacet
  facet normal -0.98917 -0.146774 0
    outer loop
      vertex 25.1001 1.01447 5
      vertex 25.175 0.509688 0.4
      vertex 25.175 0.509688 5
    endloop
  endfacet
  facet normal -0.998799 -0.0489907 0
    outer loop
      vertex 25.2 0 0.4
      vertex 25.175 0.509688 5
      vertex 25.175 0.509688 0.4
    endloop
  endfacet
  facet normal -0.998799 -0.0489907 0
    outer loop
      vertex 25.175 0.509688 5
      vertex 25.2 0 0.4
      vertex 25.2 0 5
    endloop
  endfacet
  facet normal 0.514107 0.857726 -0
    outer loop
      vertex 17.5487 -4.58599 0.4
      vertex 17.111 -4.32364 5
      vertex 17.5487 -4.58599 5
    endloop
  endfacet
  facet normal 0.514107 0.857726 0
    outer loop
      vertex 17.111 -4.32364 5
      vertex 17.5487 -4.58599 0.4
      vertex 17.111 -4.32364 0.4
    endloop
  endfacet
  facet normal -0.671462 -0.741039 0
    outer loop
      vertex 23.2988 4.01965 0.4
      vertex 23.677 3.67696 5
      vertex 23.2988 4.01965 5
    endloop
  endfacet
  facet normal -0.671462 -0.741039 -0
    outer loop
      vertex 23.677 3.67696 5
      vertex 23.2988 4.01965 0.4
      vertex 23.677 3.67696 0.4
    endloop
  endfacet
  facet normal 0.14673 0.989177 -0
    outer loop
      vertex 19.4903 -5.17496 0.4
      vertex 18.9855 -5.10008 5
      vertex 19.4903 -5.17496 5
    endloop
  endfacet
  facet normal 0.14673 0.989177 0
    outer loop
      vertex 18.9855 -5.10008 5
      vertex 19.4903 -5.17496 0.4
      vertex 18.9855 -5.10008 0.4
    endloop
  endfacet
  facet normal -0.740959 -0.67155 0
    outer loop
      vertex 24.0197 3.29884 0.4
      vertex 23.677 3.67696 5
      vertex 23.677 3.67696 0.4
    endloop
  endfacet
  facet normal -0.740959 -0.67155 0
    outer loop
      vertex 23.677 3.67696 5
      vertex 24.0197 3.29884 0.4
      vertex 24.0197 3.29884 5
    endloop
  endfacet
  facet normal -0.427557 -0.903988 0
    outer loop
      vertex 21.99 4.80417 0.4
      vertex 22.4513 4.58599 5
      vertex 21.99 4.80417 5
    endloop
  endfacet
  facet normal -0.427557 -0.903988 -0
    outer loop
      vertex 22.4513 4.58599 5
      vertex 21.99 4.80417 0.4
      vertex 22.4513 4.58599 0.4
    endloop
  endfacet
  facet normal -0.0490678 0.998795 0
    outer loop
      vertex 20.5097 -5.17496 0.4
      vertex 20 -5.2 5
      vertex 20.5097 -5.17496 5
    endloop
  endfacet
  facet normal -0.0490678 0.998795 0
    outer loop
      vertex 20 -5.2 5
      vertex 20.5097 -5.17496 0.4
      vertex 20 -5.2 0.4
    endloop
  endfacet
  facet normal 0.740959 -0.67155 0
    outer loop
      vertex 15.9803 3.29884 5
      vertex 16.323 3.67696 0.4
      vertex 16.323 3.67696 5
    endloop
  endfacet
  facet normal 0.740959 -0.67155 0
    outer loop
      vertex 16.323 3.67696 0.4
      vertex 15.9803 3.29884 5
      vertex 15.9803 3.29884 0.4
    endloop
  endfacet
  facet normal -0.98917 0.146774 0
    outer loop
      vertex 25.1001 -1.01447 0.4
      vertex 25.175 -0.509688 5
      vertex 25.175 -0.509688 0.4
    endloop
  endfacet
  facet normal -0.98917 0.146774 0
    outer loop
      vertex 25.175 -0.509688 5
      vertex 25.1001 -1.01447 0.4
      vertex 25.1001 -1.01447 5
    endloop
  endfacet
  facet normal -0.903977 -0.427582 0
    outer loop
      vertex 24.8042 1.98995 0.4
      vertex 24.586 2.45126 5
      vertex 24.586 2.45126 0.4
    endloop
  endfacet
  facet normal -0.903977 -0.427582 0
    outer loop
      vertex 24.586 2.45126 5
      vertex 24.8042 1.98995 0.4
      vertex 24.8042 1.98995 5
    endloop
  endfacet
  facet normal 0.242978 -0.970032 0
    outer loop
      vertex 18.4905 4.97609 0.4
      vertex 18.9855 5.10008 5
      vertex 18.4905 4.97609 5
    endloop
  endfacet
  facet normal 0.242978 -0.970032 0
    outer loop
      vertex 18.9855 5.10008 5
      vertex 18.4905 4.97609 0.4
      vertex 18.9855 5.10008 0.4
    endloop
  endfacet
  facet normal 0.80329 -0.595588 0
    outer loop
      vertex 15.6764 2.88896 5
      vertex 15.9803 3.29884 0.4
      vertex 15.9803 3.29884 5
    endloop
  endfacet
  facet normal 0.80329 -0.595588 0
    outer loop
      vertex 15.9803 3.29884 0.4
      vertex 15.6764 2.88896 5
      vertex 15.6764 2.88896 0.4
    endloop
  endfacet
  facet normal -0.242978 -0.970032 0
    outer loop
      vertex 21.0145 5.10008 0.4
      vertex 21.5095 4.97609 5
      vertex 21.0145 5.10008 5
    endloop
  endfacet
  facet normal -0.242978 -0.970032 -0
    outer loop
      vertex 21.5095 4.97609 5
      vertex 21.0145 5.10008 0.4
      vertex 21.5095 4.97609 0.4
    endloop
  endfacet
  facet normal -0.33688 -0.941548 0
    outer loop
      vertex 21.5095 4.97609 0.4
      vertex 21.99 4.80417 5
      vertex 21.5095 4.97609 5
    endloop
  endfacet
  facet normal -0.33688 -0.941548 -0
    outer loop
      vertex 21.99 4.80417 5
      vertex 21.5095 4.97609 0.4
      vertex 21.99 4.80417 0.4
    endloop
  endfacet
  facet normal -0.941553 -0.336864 0
    outer loop
      vertex 24.9761 1.50948 0.4
      vertex 24.8042 1.98995 5
      vertex 24.8042 1.98995 0.4
    endloop
  endfacet
  facet normal -0.941553 -0.336864 0
    outer loop
      vertex 24.8042 1.98995 5
      vertex 24.9761 1.50948 0.4
      vertex 24.9761 1.50948 5
    endloop
  endfacet
  facet normal -0.595777 -0.80315 0
    outer loop
      vertex 22.889 4.32364 0.4
      vertex 23.2988 4.01965 5
      vertex 22.889 4.32364 5
    endloop
  endfacet
  facet normal -0.595777 -0.80315 -0
    outer loop
      vertex 23.2988 4.01965 5
      vertex 22.889 4.32364 0.4
      vertex 23.2988 4.01965 0.4
    endloop
  endfacet
  facet normal 0.857683 0.514179 0
    outer loop
      vertex 15.6764 -2.88896 5
      vertex 15.414 -2.45126 0.4
      vertex 15.414 -2.45126 5
    endloop
  endfacet
  facet normal 0.857683 0.514179 0
    outer loop
      vertex 15.414 -2.45126 0.4
      vertex 15.6764 -2.88896 5
      vertex 15.6764 -2.88896 0.4
    endloop
  endfacet
  facet normal -0.514107 -0.857726 0
    outer loop
      vertex 22.4513 4.58599 0.4
      vertex 22.889 4.32364 5
      vertex 22.4513 4.58599 5
    endloop
  endfacet
  facet normal -0.514107 -0.857726 -0
    outer loop
      vertex 22.889 4.32364 5
      vertex 22.4513 4.58599 0.4
      vertex 22.889 4.32364 0.4
    endloop
  endfacet
  facet normal -0.941553 0.336864 0
    outer loop
      vertex 24.8042 -1.98995 0.4
      vertex 24.9761 -1.50948 5
      vertex 24.9761 -1.50948 0.4
    endloop
  endfacet
  facet normal -0.941553 0.336864 0
    outer loop
      vertex 24.9761 -1.50948 5
      vertex 24.8042 -1.98995 0.4
      vertex 24.8042 -1.98995 5
    endloop
  endfacet
  facet normal 0.857683 -0.514179 0
    outer loop
      vertex 15.414 2.45126 5
      vertex 15.6764 2.88896 0.4
      vertex 15.6764 2.88896 5
    endloop
  endfacet
  facet normal 0.857683 -0.514179 0
    outer loop
      vertex 15.6764 2.88896 0.4
      vertex 15.414 2.45126 5
      vertex 15.414 2.45126 0.4
    endloop
  endfacet
  facet normal 0.970028 0.242992 0
    outer loop
      vertex 15.0239 -1.50948 5
      vertex 14.8999 -1.01447 0.4
      vertex 14.8999 -1.01447 5
    endloop
  endfacet
  facet normal 0.970028 0.242992 0
    outer loop
      vertex 14.8999 -1.01447 0.4
      vertex 15.0239 -1.50948 5
      vertex 15.0239 -1.50948 0.4
    endloop
  endfacet
  facet normal -0.0490678 -0.998795 0
    outer loop
      vertex 20 5.2 0.4
      vertex 20.5097 5.17496 5
      vertex 20 5.2 5
    endloop
  endfacet
  facet normal -0.0490678 -0.998795 -0
    outer loop
      vertex 20.5097 5.17496 5
      vertex 20 5.2 0.4
      vertex 20.5097 5.17496 0.4
    endloop
  endfacet
  facet normal -0.857683 -0.514179 0
    outer loop
      vertex 24.586 2.45126 0.4
      vertex 24.3236 2.88896 5
      vertex 24.3236 2.88896 0.4
    endloop
  endfacet
  facet normal -0.857683 -0.514179 0
    outer loop
      vertex 24.3236 2.88896 5
      vertex 24.586 2.45126 0.4
      vertex 24.586 2.45126 5
    endloop
  endfacet
  facet normal 0.941553 0.336864 0
    outer loop
      vertex 15.1958 -1.98995 5
      vertex 15.0239 -1.50948 0.4
      vertex 15.0239 -1.50948 5
    endloop
  endfacet
  facet normal 0.941553 0.336864 0
    outer loop
      vertex 15.0239 -1.50948 0.4
      vertex 15.1958 -1.98995 5
      vertex 15.1958 -1.98995 0.4
    endloop
  endfacet
  facet normal 0.671462 -0.741039 0
    outer loop
      vertex 16.323 3.67696 0.4
      vertex 16.7012 4.01965 5
      vertex 16.323 3.67696 5
    endloop
  endfacet
  facet normal 0.671462 -0.741039 0
    outer loop
      vertex 16.7012 4.01965 5
      vertex 16.323 3.67696 0.4
      vertex 16.7012 4.01965 0.4
    endloop
  endfacet
  facet normal -0.970028 0.242992 0
    outer loop
      vertex 24.9761 -1.50948 0.4
      vertex 25.1001 -1.01447 5
      vertex 25.1001 -1.01447 0.4
    endloop
  endfacet
  facet normal -0.970028 0.242992 0
    outer loop
      vertex 25.1001 -1.01447 5
      vertex 24.9761 -1.50948 0.4
      vertex 24.9761 -1.50948 5
    endloop
  endfacet
  facet normal 0.514107 -0.857726 0
    outer loop
      vertex 17.111 4.32364 0.4
      vertex 17.5487 4.58599 5
      vertex 17.111 4.32364 5
    endloop
  endfacet
  facet normal 0.514107 -0.857726 0
    outer loop
      vertex 17.5487 4.58599 5
      vertex 17.111 4.32364 0.4
      vertex 17.5487 4.58599 0.4
    endloop
  endfacet
  facet normal 0.998799 0.0489907 0
    outer loop
      vertex 14.825 -0.509688 5
      vertex 14.8 0 0.4
      vertex 14.8 0 5
    endloop
  endfacet
  facet normal 0.998799 0.0489907 0
    outer loop
      vertex 14.8 0 0.4
      vertex 14.825 -0.509688 5
      vertex 14.825 -0.509688 0.4
    endloop
  endfacet
  facet normal 0.970028 -0.242992 0
    outer loop
      vertex 14.8999 1.01447 5
      vertex 15.0239 1.50948 0.4
      vertex 15.0239 1.50948 5
    endloop
  endfacet
  facet normal 0.970028 -0.242992 0
    outer loop
      vertex 15.0239 1.50948 0.4
      vertex 14.8999 1.01447 5
      vertex 14.8999 1.01447 0.4
    endloop
  endfacet
  facet normal -0.427557 0.903988 0
    outer loop
      vertex 22.4513 -4.58599 0.4
      vertex 21.99 -4.80417 5
      vertex 22.4513 -4.58599 5
    endloop
  endfacet
  facet normal -0.427557 0.903988 0
    outer loop
      vertex 21.99 -4.80417 5
      vertex 22.4513 -4.58599 0.4
      vertex 21.99 -4.80417 0.4
    endloop
  endfacet
  facet normal 0.33688 0.941548 -0
    outer loop
      vertex 18.4905 -4.97609 0.4
      vertex 18.01 -4.80417 5
      vertex 18.4905 -4.97609 5
    endloop
  endfacet
  facet normal 0.33688 0.941548 0
    outer loop
      vertex 18.01 -4.80417 5
      vertex 18.4905 -4.97609 0.4
      vertex 18.01 -4.80417 0.4
    endloop
  endfacet
  facet normal 0.33688 -0.941548 0
    outer loop
      vertex 18.01 4.80417 0.4
      vertex 18.4905 4.97609 5
      vertex 18.01 4.80417 5
    endloop
  endfacet
  facet normal 0.33688 -0.941548 0
    outer loop
      vertex 18.4905 4.97609 5
      vertex 18.01 4.80417 0.4
      vertex 18.4905 4.97609 0.4
    endloop
  endfacet
  facet normal -0.514107 0.857726 0
    outer loop
      vertex 22.889 -4.32364 0.4
      vertex 22.4513 -4.58599 5
      vertex 22.889 -4.32364 5
    endloop
  endfacet
  facet normal -0.514107 0.857726 0
    outer loop
      vertex 22.4513 -4.58599 5
      vertex 22.889 -4.32364 0.4
      vertex 22.4513 -4.58599 0.4
    endloop
  endfacet
  facet normal -0.14673 0.989177 0
    outer loop
      vertex 21.0145 -5.10008 0.4
      vertex 20.5097 -5.17496 5
      vertex 21.0145 -5.10008 5
    endloop
  endfacet
  facet normal -0.14673 0.989177 0
    outer loop
      vertex 20.5097 -5.17496 5
      vertex 21.0145 -5.10008 0.4
      vertex 20.5097 -5.17496 0.4
    endloop
  endfacet
  facet normal -0.740959 0.67155 0
    outer loop
      vertex 23.677 -3.67696 0.4
      vertex 24.0197 -3.29884 5
      vertex 24.0197 -3.29884 0.4
    endloop
  endfacet
  facet normal -0.740959 0.67155 0
    outer loop
      vertex 24.0197 -3.29884 5
      vertex 23.677 -3.67696 0.4
      vertex 23.677 -3.67696 5
    endloop
  endfacet
  facet normal -0.80329 0.595588 0
    outer loop
      vertex 24.0197 -3.29884 0.4
      vertex 24.3236 -2.88896 5
      vertex 24.3236 -2.88896 0.4
    endloop
  endfacet
  facet normal -0.80329 0.595588 0
    outer loop
      vertex 24.3236 -2.88896 5
      vertex 24.0197 -3.29884 0.4
      vertex 24.0197 -3.29884 5
    endloop
  endfacet
  facet normal 0.427557 -0.903988 0
    outer loop
      vertex 17.5487 4.58599 0.4
      vertex 18.01 4.80417 5
      vertex 17.5487 4.58599 5
    endloop
  endfacet
  facet normal 0.427557 -0.903988 0
    outer loop
      vertex 18.01 4.80417 5
      vertex 17.5487 4.58599 0.4
      vertex 18.01 4.80417 0.4
    endloop
  endfacet
  facet normal 0.595777 -0.80315 0
    outer loop
      vertex 16.7012 4.01965 0.4
      vertex 17.111 4.32364 5
      vertex 16.7012 4.01965 5
    endloop
  endfacet
  facet normal 0.595777 -0.80315 0
    outer loop
      vertex 17.111 4.32364 5
      vertex 16.7012 4.01965 0.4
      vertex 17.111 4.32364 0.4
    endloop
  endfacet
  facet normal 0.98917 -0.146774 0
    outer loop
      vertex 14.825 0.509688 5
      vertex 14.8999 1.01447 0.4
      vertex 14.8999 1.01447 5
    endloop
  endfacet
  facet normal 0.98917 -0.146774 0
    outer loop
      vertex 14.8999 1.01447 0.4
      vertex 14.825 0.509688 5
      vertex 14.825 0.509688 0.4
    endloop
  endfacet
  facet normal 0.242978 0.970032 -0
    outer loop
      vertex 18.9855 -5.10008 0.4
      vertex 18.4905 -4.97609 5
      vertex 18.9855 -5.10008 5
    endloop
  endfacet
  facet normal 0.242978 0.970032 0
    outer loop
      vertex 18.4905 -4.97609 5
      vertex 18.9855 -5.10008 0.4
      vertex 18.4905 -4.97609 0.4
    endloop
  endfacet
  facet normal -0.970028 -0.242992 0
    outer loop
      vertex 25.1001 1.01447 0.4
      vertex 24.9761 1.50948 5
      vertex 24.9761 1.50948 0.4
    endloop
  endfacet
  facet normal -0.970028 -0.242992 0
    outer loop
      vertex 24.9761 1.50948 5
      vertex 25.1001 1.01447 0.4
      vertex 25.1001 1.01447 5
    endloop
  endfacet
  facet normal -0.80329 -0.595588 0
    outer loop
      vertex 24.3236 2.88896 0.4
      vertex 24.0197 3.29884 5
      vertex 24.0197 3.29884 0.4
    endloop
  endfacet
  facet normal -0.80329 -0.595588 0
    outer loop
      vertex 24.0197 3.29884 5
      vertex 24.3236 2.88896 0.4
      vertex 24.3236 2.88896 5
    endloop
  endfacet
  facet normal 0.80329 0.595588 0
    outer loop
      vertex 15.9803 -3.29884 5
      vertex 15.6764 -2.88896 0.4
      vertex 15.6764 -2.88896 5
    endloop
  endfacet
  facet normal 0.80329 0.595588 0
    outer loop
      vertex 15.6764 -2.88896 0.4
      vertex 15.9803 -3.29884 5
      vertex 15.9803 -3.29884 0.4
    endloop
  endfacet
  facet normal 0.903977 0.427582 0
    outer loop
      vertex 15.414 -2.45126 5
      vertex 15.1958 -1.98995 0.4
      vertex 15.1958 -1.98995 5
    endloop
  endfacet
  facet normal 0.903977 0.427582 0
    outer loop
      vertex 15.1958 -1.98995 0.4
      vertex 15.414 -2.45126 5
      vertex 15.414 -2.45126 0.4
    endloop
  endfacet
  facet normal -0.14673 -0.989177 0
    outer loop
      vertex 20.5097 5.17496 0.4
      vertex 21.0145 5.10008 5
      vertex 20.5097 5.17496 5
    endloop
  endfacet
  facet normal -0.14673 -0.989177 -0
    outer loop
      vertex 21.0145 5.10008 5
      vertex 20.5097 5.17496 0.4
      vertex 21.0145 5.10008 0.4
    endloop
  endfacet
  facet normal 0.0490678 -0.998795 0
    outer loop
      vertex 19.4903 5.17496 0.4
      vertex 20 5.2 5
      vertex 19.4903 5.17496 5
    endloop
  endfacet
  facet normal 0.0490678 -0.998795 0
    outer loop
      vertex 20 5.2 5
      vertex 19.4903 5.17496 0.4
      vertex 20 5.2 0.4
    endloop
  endfacet
  facet normal 0.427557 0.903988 -0
    outer loop
      vertex 18.01 -4.80417 0.4
      vertex 17.5487 -4.58599 5
      vertex 18.01 -4.80417 5
    endloop
  endfacet
  facet normal 0.427557 0.903988 0
    outer loop
      vertex 17.5487 -4.58599 5
      vertex 18.01 -4.80417 0.4
      vertex 17.5487 -4.58599 0.4
    endloop
  endfacet
  facet normal -0.595777 0.80315 0
    outer loop
      vertex 23.2988 -4.01965 0.4
      vertex 22.889 -4.32364 5
      vertex 23.2988 -4.01965 5
    endloop
  endfacet
  facet normal -0.595777 0.80315 0
    outer loop
      vertex 22.889 -4.32364 5
      vertex 23.2988 -4.01965 0.4
      vertex 22.889 -4.32364 0.4
    endloop
  endfacet
  facet normal -0.998799 0.0489907 0
    outer loop
      vertex 25.175 -0.509688 0.4
      vertex 25.2 0 5
      vertex 25.2 0 0.4
    endloop
  endfacet
  facet normal -0.998799 0.0489907 0
    outer loop
      vertex 25.2 0 5
      vertex 25.175 -0.509688 0.4
      vertex 25.175 -0.509688 5
    endloop
  endfacet
  facet normal 0.14673 -0.989177 0
    outer loop
      vertex 18.9855 5.10008 0.4
      vertex 19.4903 5.17496 5
      vertex 18.9855 5.10008 5
    endloop
  endfacet
  facet normal 0.14673 -0.989177 0
    outer loop
      vertex 19.4903 5.17496 5
      vertex 18.9855 5.10008 0.4
      vertex 19.4903 5.17496 0.4
    endloop
  endfacet
  facet normal 0.98917 0.146774 0
    outer loop
      vertex 14.8999 -1.01447 5
      vertex 14.825 -0.509688 0.4
      vertex 14.825 -0.509688 5
    endloop
  endfacet
  facet normal 0.98917 0.146774 0
    outer loop
      vertex 14.825 -0.509688 0.4
      vertex 14.8999 -1.01447 5
      vertex 14.8999 -1.01447 0.4
    endloop
  endfacet
  facet normal -0.33688 0.941548 0
    outer loop
      vertex 21.99 -4.80417 0.4
      vertex 21.5095 -4.97609 5
      vertex 21.99 -4.80417 5
    endloop
  endfacet
  facet normal -0.33688 0.941548 0
    outer loop
      vertex 21.5095 -4.97609 5
      vertex 21.99 -4.80417 0.4
      vertex 21.5095 -4.97609 0.4
    endloop
  endfacet
  facet normal -0.242978 0.970032 0
    outer loop
      vertex 21.5095 -4.97609 0.4
      vertex 21.0145 -5.10008 5
      vertex 21.5095 -4.97609 5
    endloop
  endfacet
  facet normal -0.242978 0.970032 0
    outer loop
      vertex 21.0145 -5.10008 5
      vertex 21.5095 -4.97609 0.4
      vertex 21.0145 -5.10008 0.4
    endloop
  endfacet
  facet normal 0.740959 0.67155 0
    outer loop
      vertex 16.323 -3.67696 5
      vertex 15.9803 -3.29884 0.4
      vertex 15.9803 -3.29884 5
    endloop
  endfacet
  facet normal 0.740959 0.67155 0
    outer loop
      vertex 15.9803 -3.29884 0.4
      vertex 16.323 -3.67696 5
      vertex 16.323 -3.67696 0.4
    endloop
  endfacet
  facet normal 0.903977 -0.427582 0
    outer loop
      vertex 15.1958 1.98995 5
      vertex 15.414 2.45126 0.4
      vertex 15.414 2.45126 5
    endloop
  endfacet
  facet normal 0.903977 -0.427582 0
    outer loop
      vertex 15.414 2.45126 0.4
      vertex 15.1958 1.98995 5
      vertex 15.1958 1.98995 0.4
    endloop
  endfacet
  facet normal 0.595777 0.80315 -0
    outer loop
      vertex 17.111 -4.32364 0.4
      vertex 16.7012 -4.01965 5
      vertex 17.111 -4.32364 5
    endloop
  endfacet
  facet normal 0.595777 0.80315 0
    outer loop
      vertex 16.7012 -4.01965 5
      vertex 17.111 -4.32364 0.4
      vertex 16.7012 -4.01965 0.4
    endloop
  endfacet
  facet normal -0.903977 0.427582 0
    outer loop
      vertex 24.586 -2.45126 0.4
      vertex 24.8042 -1.98995 5
      vertex 24.8042 -1.98995 0.4
    endloop
  endfacet
  facet normal -0.903977 0.427582 0
    outer loop
      vertex 24.8042 -1.98995 5
      vertex 24.586 -2.45126 0.4
      vertex 24.586 -2.45126 5
    endloop
  endfacet
  facet normal -0.857683 0.514179 0
    outer loop
      vertex 24.3236 -2.88896 0.4
      vertex 24.586 -2.45126 5
      vertex 24.586 -2.45126 0.4
    endloop
  endfacet
  facet normal -0.857683 0.514179 0
    outer loop
      vertex 24.586 -2.45126 5
      vertex 24.3236 -2.88896 0.4
      vertex 24.3236 -2.88896 5
    endloop
  endfacet
  facet normal 0.0490678 0.998795 -0
    outer loop
      vertex 20 -5.2 0.4
      vertex 19.4903 -5.17496 5
      vertex 20 -5.2 5
    endloop
  endfacet
  facet normal 0.0490678 0.998795 0
    outer loop
      vertex 19.4903 -5.17496 5
      vertex 20 -5.2 0.4
      vertex 19.4903 -5.17496 0.4
    endloop
  endfacet
  facet normal 0.998799 -0.0489907 0
    outer loop
      vertex 14.8 0 5
      vertex 14.825 0.509688 0.4
      vertex 14.825 0.509688 5
    endloop
  endfacet
  facet normal 0.998799 -0.0489907 0
    outer loop
      vertex 14.825 0.509688 0.4
      vertex 14.8 0 5
      vertex 14.8 0 0.4
    endloop
  endfacet
  facet normal -0.671462 0.741039 0
    outer loop
      vertex 23.677 -3.67696 0.4
      vertex 23.2988 -4.01965 5
      vertex 23.677 -3.67696 5
    endloop
  endfacet
  facet normal -0.671462 0.741039 0
    outer loop
      vertex 23.2988 -4.01965 5
      vertex 23.677 -3.67696 0.4
      vertex 23.2988 -4.01965 0.4
    endloop
  endfacet
  facet normal -0.706679 -0.0347764 -0.706679
    outer loop
      vertex 25.5736 0.536465 0
      vertex 25.6 0 0
      vertex 25.2 0 0.4
    endloop
  endfacet
  facet normal -0.171925 -0.68633 -0.706678
    outer loop
      vertex 21.0925 5.4924 0
      vertex 21.6135 5.36189 0
      vertex 21.0145 5.10008 0.4
    endloop
  endfacet
  facet normal -0.686327 -0.171925 -0.70668
    outer loop
      vertex 24.9761 1.50948 0.4
      vertex 25.3619 1.61352 0
      vertex 25.1001 1.01447 0.4
    endloop
  endfacet
  facet normal -0.686653 -0.170668 -0.706668
    outer loop
      vertex 25.3619 1.61352 0
      vertex 24.9761 1.50948 0.4
      vertex 25.3589 1.62559 0
    endloop
  endfacet
  facet normal 0.0347168 0.706675 -0.706686
    outer loop
      vertex 19.4635 -5.57365 0
      vertex 19.4903 -5.17496 0.4
      vertex 20 -5.2 0.4
    endloop
  endfacet
  facet normal 0.0353319 0.706639 -0.706692
    outer loop
      vertex 19.4903 -5.17496 0.4
      vertex 19.4635 -5.57365 0
      vertex 19.4511 -5.57303 0
    endloop
  endfacet
  facet normal 0.47582 -0.52363 -0.706687
    outer loop
      vertex 16.7012 4.01965 0.4
      vertex 16.4382 4.3205 0
      vertex 16.4474 4.32886 0
    endloop
  endfacet
  facet normal 0.47507 -0.524298 -0.706696
    outer loop
      vertex 16.4382 4.3205 0
      vertex 16.7012 4.01965 0.4
      vertex 16.323 3.67696 0.4
    endloop
  endfacet
  facet normal -0.363755 0.606895 -0.706655
    outer loop
      vertex 23.1005 -4.66263 0
      vertex 22.6398 -4.93876 0
      vertex 22.4513 -4.58599 0.4
    endloop
  endfacet
  facet normal 0.524275 0.475164 -0.706651
    outer loop
      vertex 16.323 -3.67696 0.4
      vertex 16.0402 -3.9598 0
      vertex 15.6795 -3.56182 0
    endloop
  endfacet
  facet normal 0.238363 -0.666189 -0.706665
    outer loop
      vertex 18.3627 5.35467 0
      vertex 18.01 4.80417 0.4
      vertex 17.857 5.17373 0
    endloop
  endfacet
  facet normal -0.0353319 -0.706639 -0.706692
    outer loop
      vertex 20.5097 5.17496 0.4
      vertex 20.5365 5.57365 0
      vertex 20.5489 5.57303 0
    endloop
  endfacet
  facet normal -0.0347168 -0.706675 -0.706686
    outer loop
      vertex 20.5365 5.57365 0
      vertex 20.5097 5.17496 0.4
      vertex 20 5.2 0.4
    endloop
  endfacet
  facet normal 0.363755 0.606895 -0.706655
    outer loop
      vertex 17.5487 -4.58599 0.4
      vertex 17.3602 -4.93876 0
      vertex 16.8995 -4.66263 0
    endloop
  endfacet
  facet normal -0.639585 -0.302524 -0.70669
    outer loop
      vertex 24.586 2.45126 0.4
      vertex 24.9441 2.62857 0
      vertex 24.8042 1.98995 0.4
    endloop
  endfacet
  facet normal -0.640061 -0.30154 -0.706679
    outer loop
      vertex 24.9441 2.62857 0
      vertex 24.586 2.45126 0.4
      vertex 24.9388 2.63982 0
    endloop
  endfacet
  facet normal -0.524275 -0.475164 -0.706651
    outer loop
      vertex 23.9598 3.9598 0
      vertex 24.3205 3.56182 0
      vertex 23.677 3.67696 0.4
    endloop
  endfacet
  facet normal -0.640061 0.30154 -0.706679
    outer loop
      vertex 24.586 -2.45126 0.4
      vertex 24.9441 -2.62857 0
      vertex 24.9388 -2.63982 0
    endloop
  endfacet
  facet normal -0.639585 0.302524 -0.70669
    outer loop
      vertex 24.9441 -2.62857 0
      vertex 24.586 -2.45126 0.4
      vertex 24.8042 -1.98995 0.4
    endloop
  endfacet
  facet normal 0.0347084 -0.706681 -0.706681
    outer loop
      vertex 20 5.6 0
      vertex 20 5.2 0.4
      vertex 19.4635 5.57365 0
    endloop
  endfacet
  facet normal -0.238363 -0.666189 -0.706665
    outer loop
      vertex 22.143 5.17373 0
      vertex 21.99 4.80417 0.4
      vertex 21.6373 5.35467 0
    endloop
  endfacet
  facet normal -0.302495 -0.639632 -0.70666
    outer loop
      vertex 22.143 5.17373 0
      vertex 22.6286 4.94408 0
      vertex 21.99 4.80417 0.4
    endloop
  endfacet
  facet normal -0.303569 -0.639092 -0.706688
    outer loop
      vertex 22.4513 4.58599 0.4
      vertex 22.6286 4.94408 0
      vertex 22.6398 4.93876 0
    endloop
  endfacet
  facet normal -0.302512 -0.639604 -0.706678
    outer loop
      vertex 22.6286 4.94408 0
      vertex 22.4513 4.58599 0.4
      vertex 21.99 4.80417 0.4
    endloop
  endfacet
  facet normal -0.47515 -0.524285 -0.706653
    outer loop
      vertex 23.9598 3.9598 0
      vertex 23.677 3.67696 0.4
      vertex 23.5618 4.3205 0
    endloop
  endfacet
  facet normal -0.568333 0.421431 -0.706678
    outer loop
      vertex 24.6488 -3.12119 0
      vertex 24.3289 -3.5526 0
      vertex 24.0197 -3.29884 0.4
    endloop
  endfacet
  facet normal -0.302495 0.639632 -0.70666
    outer loop
      vertex 22.6286 -4.94408 0
      vertex 22.143 -5.17373 0
      vertex 21.99 -4.80417 0.4
    endloop
  endfacet
  facet normal -0.606827 -0.363791 -0.706695
    outer loop
      vertex 24.3236 2.88896 0.4
      vertex 24.6626 3.10052 0
      vertex 24.586 2.45126 0.4
    endloop
  endfacet
  facet normal -0.606741 -0.363931 -0.706696
    outer loop
      vertex 24.6626 3.10052 0
      vertex 24.3236 2.88896 0.4
      vertex 24.6562 3.11119 0
    endloop
  endfacet
  facet normal 0.363755 -0.606895 -0.706655
    outer loop
      vertex 17.3602 4.93876 0
      vertex 17.5487 4.58599 0.4
      vertex 16.8995 4.66263 0
    endloop
  endfacet
  facet normal -0.171338 -0.686488 -0.706666
    outer loop
      vertex 21.5095 4.97609 0.4
      vertex 21.6135 5.36189 0
      vertex 21.6256 5.35887 0
    endloop
  endfacet
  facet normal -0.171917 -0.686338 -0.706671
    outer loop
      vertex 21.6135 5.36189 0
      vertex 21.5095 4.97609 0.4
      vertex 21.0145 5.10008 0.4
    endloop
  endfacet
  facet normal -0.238363 0.666189 -0.706665
    outer loop
      vertex 21.99 -4.80417 0.4
      vertex 22.143 -5.17373 0
      vertex 21.6373 -5.35467 0
    endloop
  endfacet
  facet normal 0.47515 0.524285 -0.706653
    outer loop
      vertex 16.323 -3.67696 0.4
      vertex 16.4382 -4.3205 0
      vertex 16.0402 -3.9598 0
    endloop
  endfacet
  facet normal 0.238363 0.666189 -0.706665
    outer loop
      vertex 18.01 -4.80417 0.4
      vertex 18.3627 -5.35467 0
      vertex 17.857 -5.17373 0
    endloop
  endfacet
  facet normal -0.421471 -0.568266 -0.706707
    outer loop
      vertex 23.5526 4.32886 0
      vertex 23.2988 4.01965 0.4
      vertex 23.1212 4.64882 0
    endloop
  endfacet
  facet normal 0.171925 0.68633 -0.706678
    outer loop
      vertex 18.9855 -5.10008 0.4
      vertex 18.9075 -5.4924 0
      vertex 18.3865 -5.36189 0
    endloop
  endfacet
  facet normal -0.706679 0.0347764 -0.706679
    outer loop
      vertex 25.6 0 0
      vertex 25.5736 -0.536465 0
      vertex 25.2 0 0.4
    endloop
  endfacet
  facet normal -0.700118 -0.102365 -0.706651
    outer loop
      vertex 25.175 0.509688 0.4
      vertex 25.5712 0.561206 0
      vertex 25.573 0.548895 0
    endloop
  endfacet
  facet normal -0.699912 -0.103854 -0.706638
    outer loop
      vertex 25.5712 0.561206 0
      vertex 25.175 0.509688 0.4
      vertex 25.1001 1.01447 0.4
    endloop
  endfacet
  facet normal -0.686653 0.170668 -0.706668
    outer loop
      vertex 24.9761 -1.50948 0.4
      vertex 25.3619 -1.61352 0
      vertex 25.3589 -1.62559 0
    endloop
  endfacet
  facet normal -0.686327 0.171925 -0.70668
    outer loop
      vertex 25.3619 -1.61352 0
      vertex 24.9761 -1.50948 0.4
      vertex 25.1001 -1.01447 0.4
    endloop
  endfacet
  facet normal -0.47507 -0.524298 -0.706696
    outer loop
      vertex 23.2988 4.01965 0.4
      vertex 23.5618 4.3205 0
      vertex 23.677 3.67696 0.4
    endloop
  endfacet
  facet normal -0.47582 -0.52363 -0.706687
    outer loop
      vertex 23.5618 4.3205 0
      vertex 23.2988 4.01965 0.4
      vertex 23.5526 4.32886 0
    endloop
  endfacet
  facet normal 0.66619 -0.238433 -0.706641
    outer loop
      vertex 14.8263 2.14303 0
      vertex 15.1958 1.98995 0.4
      vertex 14.6453 1.63731 0
    endloop
  endfacet
  facet normal -0.238358 -0.666187 -0.706668
    outer loop
      vertex 21.5095 4.97609 0.4
      vertex 21.6373 5.35467 0
      vertex 21.99 4.80417 0.4
    endloop
  endfacet
  facet normal -0.239057 -0.665944 -0.706661
    outer loop
      vertex 21.6373 5.35467 0
      vertex 21.5095 4.97609 0.4
      vertex 21.6256 5.35887 0
    endloop
  endfacet
  facet normal 0.524275 -0.475164 -0.706651
    outer loop
      vertex 16.0402 3.9598 0
      vertex 16.323 3.67696 0.4
      vertex 15.6795 3.56182 0
    endloop
  endfacet
  facet normal -0.421537 -0.568262 -0.706671
    outer loop
      vertex 22.889 4.32364 0.4
      vertex 23.1212 4.64882 0
      vertex 23.2988 4.01965 0.4
    endloop
  endfacet
  facet normal -0.421242 -0.568477 -0.706675
    outer loop
      vertex 23.1212 4.64882 0
      vertex 22.889 4.32364 0.4
      vertex 23.1112 4.65623 0
    endloop
  endfacet
  facet normal -0.0347084 -0.706681 -0.706681
    outer loop
      vertex 20 5.6 0
      vertex 20.5365 5.57365 0
      vertex 20 5.2 0.4
    endloop
  endfacet
  facet normal 0.699912 0.103854 -0.706638
    outer loop
      vertex 14.4288 -0.561206 0
      vertex 14.825 -0.509688 0.4
      vertex 14.8999 -1.01447 0.4
    endloop
  endfacet
  facet normal 0.700118 0.102365 -0.706651
    outer loop
      vertex 14.825 -0.509688 0.4
      vertex 14.4288 -0.561206 0
      vertex 14.427 -0.548895 0
    endloop
  endfacet
  facet normal 0.103564 -0.69991 -0.706682
    outer loop
      vertex 19.4903 5.17496 0.4
      vertex 19.4388 5.57121 0
      vertex 19.4511 5.57303 0
    endloop
  endfacet
  facet normal 0.103817 -0.699875 -0.70668
    outer loop
      vertex 19.4388 5.57121 0
      vertex 19.4903 5.17496 0.4
      vertex 18.9855 5.10008 0.4
    endloop
  endfacet
  facet normal 0.686342 0.171911 -0.706669
    outer loop
      vertex 14.8999 -1.01447 0.4
      vertex 14.6381 -1.61352 0
      vertex 14.5076 -1.09251 0
    endloop
  endfacet
  facet normal -0.666046 -0.238686 -0.706691
    outer loop
      vertex 24.9761 1.50948 0.4
      vertex 25.3547 1.63731 0
      vertex 25.3589 1.62559 0
    endloop
  endfacet
  facet normal -0.666167 -0.238338 -0.706694
    outer loop
      vertex 25.3547 1.63731 0
      vertex 24.9761 1.50948 0.4
      vertex 24.8042 1.98995 0.4
    endloop
  endfacet
  facet normal -0.66619 -0.238433 -0.706641
    outer loop
      vertex 25.1737 2.14303 0
      vertex 25.3547 1.63731 0
      vertex 24.8042 1.98995 0.4
    endloop
  endfacet
  facet normal -0.523053 -0.476534 -0.706633
    outer loop
      vertex 24.0197 3.29884 0.4
      vertex 24.3205 3.56182 0
      vertex 24.3289 3.5526 0
    endloop
  endfacet
  facet normal -0.524275 -0.475164 -0.706651
    outer loop
      vertex 24.3205 3.56182 0
      vertex 24.0197 3.29884 0.4
      vertex 23.677 3.67696 0.4
    endloop
  endfacet
  facet normal 0.639658 -0.302479 -0.706643
    outer loop
      vertex 15.0559 2.62857 0
      vertex 15.1958 1.98995 0.4
      vertex 14.8263 2.14303 0
    endloop
  endfacet
  facet normal -0.66619 0.238433 -0.706641
    outer loop
      vertex 25.3547 -1.63731 0
      vertex 25.1737 -2.14303 0
      vertex 24.8042 -1.98995 0.4
    endloop
  endfacet
  facet normal 0.640061 0.30154 -0.706679
    outer loop
      vertex 15.0559 -2.62857 0
      vertex 15.414 -2.45126 0.4
      vertex 15.0612 -2.63982 0
    endloop
  endfacet
  facet normal 0.639585 0.302524 -0.70669
    outer loop
      vertex 15.414 -2.45126 0.4
      vertex 15.0559 -2.62857 0
      vertex 15.1958 -1.98995 0.4
    endloop
  endfacet
  facet normal 0.421471 0.568266 -0.706707
    outer loop
      vertex 16.7012 -4.01965 0.4
      vertex 16.8788 -4.64882 0
      vertex 16.4474 -4.32886 0
    endloop
  endfacet
  facet normal 0.568333 -0.421431 -0.706678
    outer loop
      vertex 15.6711 3.5526 0
      vertex 15.9803 3.29884 0.4
      vertex 15.3512 3.12119 0
    endloop
  endfacet
  facet normal -0.568333 -0.421431 -0.706678
    outer loop
      vertex 24.3289 3.5526 0
      vertex 24.6488 3.12119 0
      vertex 24.0197 3.29884 0.4
    endloop
  endfacet
  facet normal 0.302495 -0.639632 -0.70666
    outer loop
      vertex 17.857 5.17373 0
      vertex 18.01 4.80417 0.4
      vertex 17.3714 4.94408 0
    endloop
  endfacet
  facet normal -0.70679 -0.034117 -0.7066
    outer loop
      vertex 25.5736 0.536465 0
      vertex 25.175 0.509688 0.4
      vertex 25.573 0.548895 0
    endloop
  endfacet
  facet normal -0.706758 -0.0346662 -0.706605
    outer loop
      vertex 25.175 0.509688 0.4
      vertex 25.5736 0.536465 0
      vertex 25.2 0 0.4
    endloop
  endfacet
  facet normal 0.699889 -0.103804 -0.706668
    outer loop
      vertex 14.5076 1.09251 0
      vertex 14.8999 1.01447 0.4
      vertex 14.4288 0.561206 0
    endloop
  endfacet
  facet normal -0.606741 0.363931 -0.706696
    outer loop
      vertex 24.3236 -2.88896 0.4
      vertex 24.6626 -3.10052 0
      vertex 24.6562 -3.11119 0
    endloop
  endfacet
  facet normal -0.606827 0.363791 -0.706695
    outer loop
      vertex 24.6626 -3.10052 0
      vertex 24.3236 -2.88896 0.4
      vertex 24.586 -2.45126 0.4
    endloop
  endfacet
  facet normal 0.363758 0.606888 -0.706659
    outer loop
      vertex 16.8995 -4.66263 0
      vertex 17.111 -4.32364 0.4
      vertex 17.5487 -4.58599 0.4
    endloop
  endfacet
  facet normal 0.363202 0.607228 -0.706653
    outer loop
      vertex 17.111 -4.32364 0.4
      vertex 16.8995 -4.66263 0
      vertex 16.8888 -4.65623 0
    endloop
  endfacet
  facet normal -0.103564 0.69991 -0.706682
    outer loop
      vertex 20.5097 -5.17496 0.4
      vertex 20.5612 -5.57121 0
      vertex 20.5489 -5.57303 0
    endloop
  endfacet
  facet normal -0.103817 0.699875 -0.70668
    outer loop
      vertex 20.5612 -5.57121 0
      vertex 20.5097 -5.17496 0.4
      vertex 21.0145 -5.10008 0.4
    endloop
  endfacet
  facet normal 0.0347168 -0.706675 -0.706686
    outer loop
      vertex 19.4903 5.17496 0.4
      vertex 19.4635 5.57365 0
      vertex 20 5.2 0.4
    endloop
  endfacet
  facet normal 0.0353319 -0.706639 -0.706692
    outer loop
      vertex 19.4635 5.57365 0
      vertex 19.4903 5.17496 0.4
      vertex 19.4511 5.57303 0
    endloop
  endfacet
  facet normal -0.103817 -0.699875 -0.70668
    outer loop
      vertex 20.5097 5.17496 0.4
      vertex 20.5612 5.57121 0
      vertex 21.0145 5.10008 0.4
    endloop
  endfacet
  facet normal -0.103564 -0.69991 -0.706682
    outer loop
      vertex 20.5612 5.57121 0
      vertex 20.5097 5.17496 0.4
      vertex 20.5489 5.57303 0
    endloop
  endfacet
  facet normal -0.524275 0.475164 -0.706651
    outer loop
      vertex 24.3205 -3.56182 0
      vertex 23.9598 -3.9598 0
      vertex 23.677 -3.67696 0.4
    endloop
  endfacet
  facet normal -0.363202 -0.607228 -0.706653
    outer loop
      vertex 22.889 4.32364 0.4
      vertex 23.1005 4.66263 0
      vertex 23.1112 4.65623 0
    endloop
  endfacet
  facet normal -0.363758 -0.606888 -0.706659
    outer loop
      vertex 23.1005 4.66263 0
      vertex 22.889 4.32364 0.4
      vertex 22.4513 4.58599 0.4
    endloop
  endfacet
  facet normal 0.47582 0.52363 -0.706687
    outer loop
      vertex 16.4382 -4.3205 0
      vertex 16.7012 -4.01965 0.4
      vertex 16.4474 -4.32886 0
    endloop
  endfacet
  facet normal 0.47507 0.524298 -0.706696
    outer loop
      vertex 16.7012 -4.01965 0.4
      vertex 16.4382 -4.3205 0
      vertex 16.323 -3.67696 0.4
    endloop
  endfacet
  facet normal -0.666046 0.238686 -0.706691
    outer loop
      vertex 25.3547 -1.63731 0
      vertex 24.9761 -1.50948 0.4
      vertex 25.3589 -1.62559 0
    endloop
  endfacet
  facet normal -0.666167 0.238338 -0.706694
    outer loop
      vertex 24.9761 -1.50948 0.4
      vertex 25.3547 -1.63731 0
      vertex 24.8042 -1.98995 0.4
    endloop
  endfacet
  facet normal 0.606741 0.363931 -0.706696
    outer loop
      vertex 15.3374 -3.10052 0
      vertex 15.6764 -2.88896 0.4
      vertex 15.3438 -3.11119 0
    endloop
  endfacet
  facet normal 0.606827 0.363791 -0.706695
    outer loop
      vertex 15.6764 -2.88896 0.4
      vertex 15.3374 -3.10052 0
      vertex 15.414 -2.45126 0.4
    endloop
  endfacet
  facet normal 0.239057 -0.665944 -0.706661
    outer loop
      vertex 18.4905 4.97609 0.4
      vertex 18.3627 5.35467 0
      vertex 18.3744 5.35887 0
    endloop
  endfacet
  facet normal 0.238358 -0.666187 -0.706668
    outer loop
      vertex 18.3627 5.35467 0
      vertex 18.4905 4.97609 0.4
      vertex 18.01 4.80417 0.4
    endloop
  endfacet
  facet normal -0.523053 0.476534 -0.706633
    outer loop
      vertex 24.3205 -3.56182 0
      vertex 24.0197 -3.29884 0.4
      vertex 24.3289 -3.5526 0
    endloop
  endfacet
  facet normal -0.524275 0.475164 -0.706651
    outer loop
      vertex 24.0197 -3.29884 0.4
      vertex 24.3205 -3.56182 0
      vertex 23.677 -3.67696 0.4
    endloop
  endfacet
  facet normal -0.639658 -0.302479 -0.706643
    outer loop
      vertex 24.9441 2.62857 0
      vertex 25.1737 2.14303 0
      vertex 24.8042 1.98995 0.4
    endloop
  endfacet
  facet normal -0.639658 0.302479 -0.706643
    outer loop
      vertex 25.1737 -2.14303 0
      vertex 24.9441 -2.62857 0
      vertex 24.8042 -1.98995 0.4
    endloop
  endfacet
  facet normal -0.606813 -0.363798 -0.706703
    outer loop
      vertex 24.6626 3.10052 0
      vertex 24.9388 2.63982 0
      vertex 24.586 2.45126 0.4
    endloop
  endfacet
  facet normal 0.103815 -0.699875 -0.706681
    outer loop
      vertex 19.4388 5.57121 0
      vertex 18.9855 5.10008 0.4
      vertex 18.9075 5.4924 0
    endloop
  endfacet
  facet normal 0.699889 0.103804 -0.706668
    outer loop
      vertex 14.8999 -1.01447 0.4
      vertex 14.5076 -1.09251 0
      vertex 14.4288 -0.561206 0
    endloop
  endfacet
  facet normal -0.568722 -0.420854 -0.706709
    outer loop
      vertex 24.3236 2.88896 0.4
      vertex 24.6488 3.12119 0
      vertex 24.6562 3.11119 0
    endloop
  endfacet
  facet normal -0.568336 -0.421385 -0.706703
    outer loop
      vertex 24.6488 3.12119 0
      vertex 24.3236 2.88896 0.4
      vertex 24.0197 3.29884 0.4
    endloop
  endfacet
  facet normal 0.66619 0.238433 -0.706641
    outer loop
      vertex 15.1958 -1.98995 0.4
      vertex 14.8263 -2.14303 0
      vertex 14.6453 -1.63731 0
    endloop
  endfacet
  facet normal -0.686342 0.171911 -0.706669
    outer loop
      vertex 25.4924 -1.09251 0
      vertex 25.3619 -1.61352 0
      vertex 25.1001 -1.01447 0.4
    endloop
  endfacet
  facet normal -0.47515 0.524285 -0.706653
    outer loop
      vertex 23.677 -3.67696 0.4
      vertex 23.9598 -3.9598 0
      vertex 23.5618 -4.3205 0
    endloop
  endfacet
  facet normal -0.0347084 0.706681 -0.706681
    outer loop
      vertex 20 -5.2 0.4
      vertex 20.5365 -5.57365 0
      vertex 20 -5.6 0
    endloop
  endfacet
  facet normal -0.686342 -0.171911 -0.706669
    outer loop
      vertex 25.3619 1.61352 0
      vertex 25.4924 1.09251 0
      vertex 25.1001 1.01447 0.4
    endloop
  endfacet
  facet normal -0.699889 -0.103804 -0.706668
    outer loop
      vertex 25.4924 1.09251 0
      vertex 25.5712 0.561206 0
      vertex 25.1001 1.01447 0.4
    endloop
  endfacet
  facet normal -0.699889 0.103804 -0.706668
    outer loop
      vertex 25.5712 -0.561206 0
      vertex 25.4924 -1.09251 0
      vertex 25.1001 -1.01447 0.4
    endloop
  endfacet
  facet normal 0.666167 -0.238338 -0.706694
    outer loop
      vertex 15.0239 1.50948 0.4
      vertex 14.6453 1.63731 0
      vertex 15.1958 1.98995 0.4
    endloop
  endfacet
  facet normal 0.666046 -0.238686 -0.706691
    outer loop
      vertex 14.6453 1.63731 0
      vertex 15.0239 1.50948 0.4
      vertex 14.6411 1.62559 0
    endloop
  endfacet
  facet normal 0.0347084 0.706681 -0.706681
    outer loop
      vertex 20 -5.2 0.4
      vertex 20 -5.6 0
      vertex 19.4635 -5.57365 0
    endloop
  endfacet
  facet normal 0.706758 -0.0346662 -0.706605
    outer loop
      vertex 14.4264 0.536465 0
      vertex 14.825 0.509688 0.4
      vertex 14.8 0 0.4
    endloop
  endfacet
  facet normal 0.70679 -0.034117 -0.7066
    outer loop
      vertex 14.825 0.509688 0.4
      vertex 14.4264 0.536465 0
      vertex 14.427 0.548895 0
    endloop
  endfacet
  facet normal 0.706679 -0.0347764 -0.706679
    outer loop
      vertex 14.4264 0.536465 0
      vertex 14.8 0 0.4
      vertex 14.4 0 0
    endloop
  endfacet
  facet normal 0.47515 -0.524285 -0.706653
    outer loop
      vertex 16.4382 4.3205 0
      vertex 16.323 3.67696 0.4
      vertex 16.0402 3.9598 0
    endloop
  endfacet
  facet normal 0.686342 -0.171911 -0.706669
    outer loop
      vertex 14.6381 1.61352 0
      vertex 14.8999 1.01447 0.4
      vertex 14.5076 1.09251 0
    endloop
  endfacet
  facet normal -0.103815 0.699875 -0.706681
    outer loop
      vertex 21.0145 -5.10008 0.4
      vertex 21.0925 -5.4924 0
      vertex 20.5612 -5.57121 0
    endloop
  endfacet
  facet normal 0.70679 0.034117 -0.7066
    outer loop
      vertex 14.4264 -0.536465 0
      vertex 14.825 -0.509688 0.4
      vertex 14.427 -0.548895 0
    endloop
  endfacet
  facet normal 0.706758 0.0346662 -0.706605
    outer loop
      vertex 14.825 -0.509688 0.4
      vertex 14.4264 -0.536465 0
      vertex 14.8 0 0.4
    endloop
  endfacet
  facet normal -0.0353319 0.706639 -0.706692
    outer loop
      vertex 20.5365 -5.57365 0
      vertex 20.5097 -5.17496 0.4
      vertex 20.5489 -5.57303 0
    endloop
  endfacet
  facet normal -0.0347168 0.706675 -0.706686
    outer loop
      vertex 20.5097 -5.17496 0.4
      vertex 20.5365 -5.57365 0
      vertex 20 -5.2 0.4
    endloop
  endfacet
  facet normal 0.606813 0.363798 -0.706703
    outer loop
      vertex 15.414 -2.45126 0.4
      vertex 15.3374 -3.10052 0
      vertex 15.0612 -2.63982 0
    endloop
  endfacet
  facet normal 0.706679 0.0347764 -0.706679
    outer loop
      vertex 14.8 0 0.4
      vertex 14.4264 -0.536465 0
      vertex 14.4 0 0
    endloop
  endfacet
  facet normal 0.699912 -0.103854 -0.706638
    outer loop
      vertex 14.825 0.509688 0.4
      vertex 14.4288 0.561206 0
      vertex 14.8999 1.01447 0.4
    endloop
  endfacet
  facet normal 0.700118 -0.102365 -0.706651
    outer loop
      vertex 14.4288 0.561206 0
      vertex 14.825 0.509688 0.4
      vertex 14.427 0.548895 0
    endloop
  endfacet
  facet normal -0.103815 -0.699875 -0.706681
    outer loop
      vertex 21.0925 5.4924 0
      vertex 21.0145 5.10008 0.4
      vertex 20.5612 5.57121 0
    endloop
  endfacet
  facet normal -0.421471 0.568266 -0.706707
    outer loop
      vertex 23.2988 -4.01965 0.4
      vertex 23.5526 -4.32886 0
      vertex 23.1212 -4.64882 0
    endloop
  endfacet
  facet normal 0.103564 0.69991 -0.706682
    outer loop
      vertex 19.4388 -5.57121 0
      vertex 19.4903 -5.17496 0.4
      vertex 19.4511 -5.57303 0
    endloop
  endfacet
  facet normal 0.103817 0.699875 -0.70668
    outer loop
      vertex 19.4903 -5.17496 0.4
      vertex 19.4388 -5.57121 0
      vertex 18.9855 -5.10008 0.4
    endloop
  endfacet
  facet normal 0.639658 0.302479 -0.706643
    outer loop
      vertex 15.1958 -1.98995 0.4
      vertex 15.0559 -2.62857 0
      vertex 14.8263 -2.14303 0
    endloop
  endfacet
  facet normal 0.171925 -0.68633 -0.706678
    outer loop
      vertex 18.9075 5.4924 0
      vertex 18.9855 5.10008 0.4
      vertex 18.3865 5.36189 0
    endloop
  endfacet
  facet normal 0.421242 -0.568477 -0.706675
    outer loop
      vertex 17.111 4.32364 0.4
      vertex 16.8788 4.64882 0
      vertex 16.8888 4.65623 0
    endloop
  endfacet
  facet normal 0.421537 -0.568262 -0.706671
    outer loop
      vertex 16.8788 4.64882 0
      vertex 17.111 4.32364 0.4
      vertex 16.7012 4.01965 0.4
    endloop
  endfacet
  facet normal -0.171925 0.68633 -0.706678
    outer loop
      vertex 21.6135 -5.36189 0
      vertex 21.0925 -5.4924 0
      vertex 21.0145 -5.10008 0.4
    endloop
  endfacet
  facet normal 0.568336 -0.421385 -0.706703
    outer loop
      vertex 15.6764 2.88896 0.4
      vertex 15.3512 3.12119 0
      vertex 15.9803 3.29884 0.4
    endloop
  endfacet
  facet normal 0.568722 -0.420854 -0.706709
    outer loop
      vertex 15.3512 3.12119 0
      vertex 15.6764 2.88896 0.4
      vertex 15.3438 3.11119 0
    endloop
  endfacet
  facet normal 0.171917 -0.686338 -0.706671
    outer loop
      vertex 18.4905 4.97609 0.4
      vertex 18.3865 5.36189 0
      vertex 18.9855 5.10008 0.4
    endloop
  endfacet
  facet normal 0.171338 -0.686488 -0.706666
    outer loop
      vertex 18.3865 5.36189 0
      vertex 18.4905 4.97609 0.4
      vertex 18.3744 5.35887 0
    endloop
  endfacet
  facet normal -0.421242 0.568477 -0.706675
    outer loop
      vertex 22.889 -4.32364 0.4
      vertex 23.1212 -4.64882 0
      vertex 23.1112 -4.65623 0
    endloop
  endfacet
  facet normal -0.421537 0.568262 -0.706671
    outer loop
      vertex 23.1212 -4.64882 0
      vertex 22.889 -4.32364 0.4
      vertex 23.2988 -4.01965 0.4
    endloop
  endfacet
  facet normal -0.606813 0.363798 -0.706703
    outer loop
      vertex 24.9388 -2.63982 0
      vertex 24.6626 -3.10052 0
      vertex 24.586 -2.45126 0.4
    endloop
  endfacet
  facet normal -0.363755 -0.606895 -0.706655
    outer loop
      vertex 22.6398 4.93876 0
      vertex 23.1005 4.66263 0
      vertex 22.4513 4.58599 0.4
    endloop
  endfacet
  facet normal 0.568336 0.421385 -0.706703
    outer loop
      vertex 15.3512 -3.12119 0
      vertex 15.6764 -2.88896 0.4
      vertex 15.9803 -3.29884 0.4
    endloop
  endfacet
  facet normal 0.568722 0.420854 -0.706709
    outer loop
      vertex 15.6764 -2.88896 0.4
      vertex 15.3512 -3.12119 0
      vertex 15.3438 -3.11119 0
    endloop
  endfacet
  facet normal -0.47582 0.52363 -0.706687
    outer loop
      vertex 23.2988 -4.01965 0.4
      vertex 23.5618 -4.3205 0
      vertex 23.5526 -4.32886 0
    endloop
  endfacet
  facet normal -0.47507 0.524298 -0.706696
    outer loop
      vertex 23.5618 -4.3205 0
      vertex 23.2988 -4.01965 0.4
      vertex 23.677 -3.67696 0.4
    endloop
  endfacet
  facet normal 0.302495 0.639632 -0.70666
    outer loop
      vertex 18.01 -4.80417 0.4
      vertex 17.857 -5.17373 0
      vertex 17.3714 -4.94408 0
    endloop
  endfacet
  facet normal -0.303569 0.639092 -0.706688
    outer loop
      vertex 22.6286 -4.94408 0
      vertex 22.4513 -4.58599 0.4
      vertex 22.6398 -4.93876 0
    endloop
  endfacet
  facet normal -0.302512 0.639604 -0.706678
    outer loop
      vertex 22.4513 -4.58599 0.4
      vertex 22.6286 -4.94408 0
      vertex 21.99 -4.80417 0.4
    endloop
  endfacet
  facet normal -0.700118 0.102365 -0.706651
    outer loop
      vertex 25.5712 -0.561206 0
      vertex 25.175 -0.509688 0.4
      vertex 25.573 -0.548895 0
    endloop
  endfacet
  facet normal -0.699912 0.103854 -0.706638
    outer loop
      vertex 25.175 -0.509688 0.4
      vertex 25.5712 -0.561206 0
      vertex 25.1001 -1.01447 0.4
    endloop
  endfacet
  facet normal -0.706758 0.0346662 -0.706605
    outer loop
      vertex 25.5736 -0.536465 0
      vertex 25.175 -0.509688 0.4
      vertex 25.2 0 0.4
    endloop
  endfacet
  facet normal -0.70679 0.034117 -0.7066
    outer loop
      vertex 25.175 -0.509688 0.4
      vertex 25.5736 -0.536465 0
      vertex 25.573 -0.548895 0
    endloop
  endfacet
  facet normal 0.524275 -0.475164 -0.706651
    outer loop
      vertex 15.9803 3.29884 0.4
      vertex 15.6795 3.56182 0
      vertex 16.323 3.67696 0.4
    endloop
  endfacet
  facet normal 0.523053 -0.476534 -0.706633
    outer loop
      vertex 15.6795 3.56182 0
      vertex 15.9803 3.29884 0.4
      vertex 15.6711 3.5526 0
    endloop
  endfacet
  facet normal 0.171917 0.686338 -0.706671
    outer loop
      vertex 18.3865 -5.36189 0
      vertex 18.4905 -4.97609 0.4
      vertex 18.9855 -5.10008 0.4
    endloop
  endfacet
  facet normal 0.171338 0.686488 -0.706666
    outer loop
      vertex 18.4905 -4.97609 0.4
      vertex 18.3865 -5.36189 0
      vertex 18.3744 -5.35887 0
    endloop
  endfacet
  facet normal 0.421242 0.568477 -0.706675
    outer loop
      vertex 16.8788 -4.64882 0
      vertex 17.111 -4.32364 0.4
      vertex 16.8888 -4.65623 0
    endloop
  endfacet
  facet normal 0.421537 0.568262 -0.706671
    outer loop
      vertex 17.111 -4.32364 0.4
      vertex 16.8788 -4.64882 0
      vertex 16.7012 -4.01965 0.4
    endloop
  endfacet
  facet normal 0.686327 -0.171925 -0.70668
    outer loop
      vertex 14.6381 1.61352 0
      vertex 15.0239 1.50948 0.4
      vertex 14.8999 1.01447 0.4
    endloop
  endfacet
  facet normal 0.686653 -0.170668 -0.706668
    outer loop
      vertex 15.0239 1.50948 0.4
      vertex 14.6381 1.61352 0
      vertex 14.6411 1.62559 0
    endloop
  endfacet
  facet normal 0.606827 -0.363791 -0.706695
    outer loop
      vertex 15.3374 3.10052 0
      vertex 15.6764 2.88896 0.4
      vertex 15.414 2.45126 0.4
    endloop
  endfacet
  facet normal 0.606741 -0.363931 -0.706696
    outer loop
      vertex 15.6764 2.88896 0.4
      vertex 15.3374 3.10052 0
      vertex 15.3438 3.11119 0
    endloop
  endfacet
  facet normal -0.568722 0.420854 -0.706709
    outer loop
      vertex 24.6488 -3.12119 0
      vertex 24.3236 -2.88896 0.4
      vertex 24.6562 -3.11119 0
    endloop
  endfacet
  facet normal -0.568336 0.421385 -0.706703
    outer loop
      vertex 24.3236 -2.88896 0.4
      vertex 24.6488 -3.12119 0
      vertex 24.0197 -3.29884 0.4
    endloop
  endfacet
  facet normal 0.421471 -0.568266 -0.706707
    outer loop
      vertex 16.8788 4.64882 0
      vertex 16.7012 4.01965 0.4
      vertex 16.4474 4.32886 0
    endloop
  endfacet
  facet normal 0.103815 0.699875 -0.706681
    outer loop
      vertex 18.9855 -5.10008 0.4
      vertex 19.4388 -5.57121 0
      vertex 18.9075 -5.4924 0
    endloop
  endfacet
  facet normal -0.239057 0.665944 -0.706661
    outer loop
      vertex 21.5095 -4.97609 0.4
      vertex 21.6373 -5.35467 0
      vertex 21.6256 -5.35887 0
    endloop
  endfacet
  facet normal -0.238358 0.666187 -0.706668
    outer loop
      vertex 21.6373 -5.35467 0
      vertex 21.5095 -4.97609 0.4
      vertex 21.99 -4.80417 0.4
    endloop
  endfacet
  facet normal 0.302512 -0.639604 -0.706678
    outer loop
      vertex 17.5487 4.58599 0.4
      vertex 17.3714 4.94408 0
      vertex 18.01 4.80417 0.4
    endloop
  endfacet
  facet normal 0.303569 -0.639092 -0.706688
    outer loop
      vertex 17.3714 4.94408 0
      vertex 17.5487 4.58599 0.4
      vertex 17.3602 4.93876 0
    endloop
  endfacet
  facet normal 0.524275 0.475164 -0.706651
    outer loop
      vertex 15.6795 -3.56182 0
      vertex 15.9803 -3.29884 0.4
      vertex 16.323 -3.67696 0.4
    endloop
  endfacet
  facet normal 0.523053 0.476534 -0.706633
    outer loop
      vertex 15.9803 -3.29884 0.4
      vertex 15.6795 -3.56182 0
      vertex 15.6711 -3.5526 0
    endloop
  endfacet
  facet normal -0.363202 0.607228 -0.706653
    outer loop
      vertex 23.1005 -4.66263 0
      vertex 22.889 -4.32364 0.4
      vertex 23.1112 -4.65623 0
    endloop
  endfacet
  facet normal -0.363758 0.606888 -0.706659
    outer loop
      vertex 22.889 -4.32364 0.4
      vertex 23.1005 -4.66263 0
      vertex 22.4513 -4.58599 0.4
    endloop
  endfacet
  facet normal 0.363758 -0.606888 -0.706659
    outer loop
      vertex 17.111 4.32364 0.4
      vertex 16.8995 4.66263 0
      vertex 17.5487 4.58599 0.4
    endloop
  endfacet
  facet normal 0.363202 -0.607228 -0.706653
    outer loop
      vertex 16.8995 4.66263 0
      vertex 17.111 4.32364 0.4
      vertex 16.8888 4.65623 0
    endloop
  endfacet
  facet normal 0.302512 0.639604 -0.706678
    outer loop
      vertex 17.3714 -4.94408 0
      vertex 17.5487 -4.58599 0.4
      vertex 18.01 -4.80417 0.4
    endloop
  endfacet
  facet normal 0.303569 0.639092 -0.706688
    outer loop
      vertex 17.5487 -4.58599 0.4
      vertex 17.3714 -4.94408 0
      vertex 17.3602 -4.93876 0
    endloop
  endfacet
  facet normal 0.568333 0.421431 -0.706678
    outer loop
      vertex 15.9803 -3.29884 0.4
      vertex 15.6711 -3.5526 0
      vertex 15.3512 -3.12119 0
    endloop
  endfacet
  facet normal -0.171338 0.686488 -0.706666
    outer loop
      vertex 21.6135 -5.36189 0
      vertex 21.5095 -4.97609 0.4
      vertex 21.6256 -5.35887 0
    endloop
  endfacet
  facet normal -0.171917 0.686338 -0.706671
    outer loop
      vertex 21.5095 -4.97609 0.4
      vertex 21.6135 -5.36189 0
      vertex 21.0145 -5.10008 0.4
    endloop
  endfacet
  facet normal 0.606813 -0.363798 -0.706703
    outer loop
      vertex 15.3374 3.10052 0
      vertex 15.414 2.45126 0.4
      vertex 15.0612 2.63982 0
    endloop
  endfacet
  facet normal 0.239057 0.665944 -0.706661
    outer loop
      vertex 18.3627 -5.35467 0
      vertex 18.4905 -4.97609 0.4
      vertex 18.3744 -5.35887 0
    endloop
  endfacet
  facet normal 0.238358 0.666187 -0.706668
    outer loop
      vertex 18.4905 -4.97609 0.4
      vertex 18.3627 -5.35467 0
      vertex 18.01 -4.80417 0.4
    endloop
  endfacet
  facet normal 0.639585 -0.302524 -0.70669
    outer loop
      vertex 15.0559 2.62857 0
      vertex 15.414 2.45126 0.4
      vertex 15.1958 1.98995 0.4
    endloop
  endfacet
  facet normal 0.640061 -0.30154 -0.706679
    outer loop
      vertex 15.414 2.45126 0.4
      vertex 15.0559 2.62857 0
      vertex 15.0612 2.63982 0
    endloop
  endfacet
  facet normal 0.686653 0.170668 -0.706668
    outer loop
      vertex 14.6381 -1.61352 0
      vertex 15.0239 -1.50948 0.4
      vertex 14.6411 -1.62559 0
    endloop
  endfacet
  facet normal 0.686327 0.171925 -0.70668
    outer loop
      vertex 15.0239 -1.50948 0.4
      vertex 14.6381 -1.61352 0
      vertex 14.8999 -1.01447 0.4
    endloop
  endfacet
  facet normal 0.666167 0.238338 -0.706694
    outer loop
      vertex 14.6453 -1.63731 0
      vertex 15.0239 -1.50948 0.4
      vertex 15.1958 -1.98995 0.4
    endloop
  endfacet
  facet normal 0.666046 0.238686 -0.706691
    outer loop
      vertex 15.0239 -1.50948 0.4
      vertex 14.6453 -1.63731 0
      vertex 14.6411 -1.62559 0
    endloop
  endfacet
  facet normal -0.706679 -0.0347765 0.706679
    outer loop
      vertex 25.6 0 5.4
      vertex 25.5736 0.536463 5.4
      vertex 25.2 0 5
    endloop
  endfacet
  facet normal -0.568722 -0.420854 0.706709
    outer loop
      vertex 24.6488 3.12119 5.4
      vertex 24.3236 2.88896 5
      vertex 24.6562 3.11119 5.4
    endloop
  endfacet
  facet normal -0.568336 -0.421385 0.706703
    outer loop
      vertex 24.3236 2.88896 5
      vertex 24.6488 3.12119 5.4
      vertex 24.0197 3.29884 5
    endloop
  endfacet
  facet normal -0.568333 0.421431 0.706678
    outer loop
      vertex 24.3289 -3.5526 5.4
      vertex 24.6488 -3.12119 5.4
      vertex 24.0197 -3.29884 5
    endloop
  endfacet
  facet normal -0.421463 0.568273 0.706707
    outer loop
      vertex 23.5526 -4.32886 5.4
      vertex 23.2988 -4.01965 5
      vertex 23.1212 -4.64881 5.4
    endloop
  endfacet
  facet normal -0.103815 0.699875 0.706681
    outer loop
      vertex 21.0925 -5.4924 5.4
      vertex 21.0145 -5.10008 5
      vertex 20.5612 -5.57121 5.4
    endloop
  endfacet
  facet normal -0.568333 -0.421431 0.706678
    outer loop
      vertex 24.6488 3.12119 5.4
      vertex 24.3289 3.5526 5.4
      vertex 24.0197 3.29884 5
    endloop
  endfacet
  facet normal 0.171925 -0.68633 0.706678
    outer loop
      vertex 18.9855 5.10008 5
      vertex 18.9075 5.4924 5.4
      vertex 18.3865 5.36189 5.4
    endloop
  endfacet
  facet normal -0.699889 0.103804 0.706668
    outer loop
      vertex 25.4924 -1.09251 5.4
      vertex 25.5712 -0.561207 5.4
      vertex 25.1001 -1.01447 5
    endloop
  endfacet
  facet normal 0.686342 0.171911 0.706669
    outer loop
      vertex 14.6381 -1.61352 5.4
      vertex 14.8999 -1.01447 5
      vertex 14.5076 -1.09251 5.4
    endloop
  endfacet
  facet normal -0.639658 -0.302479 0.706643
    outer loop
      vertex 25.1737 2.14303 5.4
      vertex 24.9441 2.62857 5.4
      vertex 24.8042 1.98995 5
    endloop
  endfacet
  facet normal -0.699889 -0.103804 0.706668
    outer loop
      vertex 25.5712 0.561207 5.4
      vertex 25.4924 1.09251 5.4
      vertex 25.1001 1.01447 5
    endloop
  endfacet
  facet normal 0.363755 0.606895 0.706655
    outer loop
      vertex 17.3602 -4.93876 5.4
      vertex 17.5487 -4.58599 5
      vertex 16.8995 -4.66263 5.4
    endloop
  endfacet
  facet normal 0.302512 -0.639604 0.706678
    outer loop
      vertex 17.3714 4.94408 5.4
      vertex 17.5487 4.58599 5
      vertex 18.01 4.80417 5
    endloop
  endfacet
  facet normal 0.303569 -0.639092 0.706688
    outer loop
      vertex 17.5487 4.58599 5
      vertex 17.3714 4.94408 5.4
      vertex 17.3602 4.93876 5.4
    endloop
  endfacet
  facet normal -0.686342 0.171911 0.706669
    outer loop
      vertex 25.3619 -1.61352 5.4
      vertex 25.4924 -1.09251 5.4
      vertex 25.1001 -1.01447 5
    endloop
  endfacet
  facet normal 0.302487 0.639644 0.706652
    outer loop
      vertex 17.857 -5.17372 5.4
      vertex 18.01 -4.80417 5
      vertex 17.3714 -4.94408 5.4
    endloop
  endfacet
  facet normal -0.639585 0.302524 0.70669
    outer loop
      vertex 24.586 -2.45126 5
      vertex 24.9441 -2.62857 5.4
      vertex 24.8042 -1.98995 5
    endloop
  endfacet
  facet normal -0.640061 0.30154 0.706679
    outer loop
      vertex 24.9441 -2.62857 5.4
      vertex 24.586 -2.45126 5
      vertex 24.9388 -2.63982 5.4
    endloop
  endfacet
  facet normal -0.606741 -0.363931 0.706696
    outer loop
      vertex 24.3236 2.88896 5
      vertex 24.6626 3.10052 5.4
      vertex 24.6562 3.11119 5.4
    endloop
  endfacet
  facet normal -0.606827 -0.363791 0.706695
    outer loop
      vertex 24.6626 3.10052 5.4
      vertex 24.3236 2.88896 5
      vertex 24.586 2.45126 5
    endloop
  endfacet
  facet normal 0.421463 0.568273 0.706707
    outer loop
      vertex 16.8788 -4.64881 5.4
      vertex 16.7012 -4.01965 5
      vertex 16.4474 -4.32886 5.4
    endloop
  endfacet
  facet normal -0.421542 0.568268 0.706664
    outer loop
      vertex 22.889 -4.32364 5
      vertex 23.1212 -4.64881 5.4
      vertex 23.2988 -4.01965 5
    endloop
  endfacet
  facet normal -0.421615 0.568214 0.706663
    outer loop
      vertex 23.1212 -4.64881 5.4
      vertex 22.889 -4.32364 5
      vertex 23.1112 -4.65623 5.4
    endloop
  endfacet
  facet normal -0.238377 -0.666192 0.706657
    outer loop
      vertex 21.99 4.80417 5
      vertex 22.143 5.17372 5.4
      vertex 21.6373 5.35467 5.4
    endloop
  endfacet
  facet normal 0.568333 -0.421431 0.706678
    outer loop
      vertex 15.9803 3.29884 5
      vertex 15.6711 3.5526 5.4
      vertex 15.3512 3.12119 5.4
    endloop
  endfacet
  facet normal 0.47582 0.52363 0.706687
    outer loop
      vertex 16.7012 -4.01965 5
      vertex 16.4382 -4.3205 5.4
      vertex 16.4474 -4.32886 5.4
    endloop
  endfacet
  facet normal 0.47507 0.524298 0.706696
    outer loop
      vertex 16.4382 -4.3205 5.4
      vertex 16.7012 -4.01965 5
      vertex 16.323 -3.67696 5
    endloop
  endfacet
  facet normal -0.700119 0.102357 0.706651
    outer loop
      vertex 25.175 -0.509688 5
      vertex 25.5712 -0.561207 5.4
      vertex 25.573 -0.548895 5.4
    endloop
  endfacet
  facet normal -0.699912 0.103854 0.706639
    outer loop
      vertex 25.5712 -0.561207 5.4
      vertex 25.175 -0.509688 5
      vertex 25.1001 -1.01447 5
    endloop
  endfacet
  facet normal -0.706758 0.0346662 0.706605
    outer loop
      vertex 25.175 -0.509688 5
      vertex 25.5736 -0.536463 5.4
      vertex 25.2 0 5
    endloop
  endfacet
  facet normal -0.70679 0.0341115 0.7066
    outer loop
      vertex 25.5736 -0.536463 5.4
      vertex 25.175 -0.509688 5
      vertex 25.573 -0.548895 5.4
    endloop
  endfacet
  facet normal 0.103815 0.699875 0.706681
    outer loop
      vertex 19.4388 -5.57121 5.4
      vertex 18.9855 -5.10008 5
      vertex 18.9075 -5.4924 5.4
    endloop
  endfacet
  facet normal 0.0347215 -0.70668 0.70668
    outer loop
      vertex 20 5.2 5
      vertex 20 5.6 5.4
      vertex 19.4635 5.57364 5.4
    endloop
  endfacet
  facet normal -0.0347215 -0.70668 0.70668
    outer loop
      vertex 20.5365 5.57364 5.4
      vertex 20 5.6 5.4
      vertex 20 5.2 5
    endloop
  endfacet
  facet normal -0.171925 0.68633 0.706678
    outer loop
      vertex 21.0925 -5.4924 5.4
      vertex 21.6135 -5.36189 5.4
      vertex 21.0145 -5.10008 5
    endloop
  endfacet
  facet normal -0.363755 0.606895 0.706655
    outer loop
      vertex 22.6398 -4.93876 5.4
      vertex 23.1005 -4.66263 5.4
      vertex 22.4513 -4.58599 5
    endloop
  endfacet
  facet normal 0.0347215 0.70668 0.70668
    outer loop
      vertex 20 -5.6 5.4
      vertex 20 -5.2 5
      vertex 19.4635 -5.57364 5.4
    endloop
  endfacet
  facet normal -0.238358 0.666187 0.706668
    outer loop
      vertex 21.5095 -4.97609 5
      vertex 21.6373 -5.35467 5.4
      vertex 21.99 -4.80417 5
    endloop
  endfacet
  facet normal -0.239057 0.665944 0.706661
    outer loop
      vertex 21.6373 -5.35467 5.4
      vertex 21.5095 -4.97609 5
      vertex 21.6256 -5.35887 5.4
    endloop
  endfacet
  facet normal 0.421615 0.568214 0.706663
    outer loop
      vertex 17.111 -4.32364 5
      vertex 16.8788 -4.64881 5.4
      vertex 16.8888 -4.65623 5.4
    endloop
  endfacet
  facet normal 0.421542 0.568268 0.706664
    outer loop
      vertex 16.8788 -4.64881 5.4
      vertex 17.111 -4.32364 5
      vertex 16.7012 -4.01965 5
    endloop
  endfacet
  facet normal -0.686342 -0.171911 0.706669
    outer loop
      vertex 25.4924 1.09251 5.4
      vertex 25.3619 1.61352 5.4
      vertex 25.1001 1.01447 5
    endloop
  endfacet
  facet normal -0.606827 0.363791 0.706695
    outer loop
      vertex 24.3236 -2.88896 5
      vertex 24.6626 -3.10052 5.4
      vertex 24.586 -2.45126 5
    endloop
  endfacet
  facet normal -0.606741 0.363931 0.706696
    outer loop
      vertex 24.6626 -3.10052 5.4
      vertex 24.3236 -2.88896 5
      vertex 24.6562 -3.11119 5.4
    endloop
  endfacet
  facet normal -0.686653 -0.170668 0.706668
    outer loop
      vertex 24.9761 1.50948 5
      vertex 25.3619 1.61352 5.4
      vertex 25.3589 1.62559 5.4
    endloop
  endfacet
  facet normal -0.686327 -0.171925 0.70668
    outer loop
      vertex 25.3619 1.61352 5.4
      vertex 24.9761 1.50948 5
      vertex 25.1001 1.01447 5
    endloop
  endfacet
  facet normal 0.66619 -0.238433 0.706641
    outer loop
      vertex 15.1958 1.98995 5
      vertex 14.8263 2.14303 5.4
      vertex 14.6453 1.63731 5.4
    endloop
  endfacet
  facet normal -0.639658 0.302479 0.706643
    outer loop
      vertex 24.9441 -2.62857 5.4
      vertex 25.1737 -2.14303 5.4
      vertex 24.8042 -1.98995 5
    endloop
  endfacet
  facet normal 0.103815 -0.699875 0.706681
    outer loop
      vertex 18.9855 5.10008 5
      vertex 19.4388 5.57121 5.4
      vertex 18.9075 5.4924 5.4
    endloop
  endfacet
  facet normal -0.706679 0.0347765 0.706679
    outer loop
      vertex 25.5736 -0.536463 5.4
      vertex 25.6 0 5.4
      vertex 25.2 0 5
    endloop
  endfacet
  facet normal 0.70679 -0.0341115 0.7066
    outer loop
      vertex 14.4264 0.536463 5.4
      vertex 14.825 0.509688 5
      vertex 14.427 0.548895 5.4
    endloop
  endfacet
  facet normal 0.706758 -0.0346662 0.706605
    outer loop
      vertex 14.825 0.509688 5
      vertex 14.4264 0.536463 5.4
      vertex 14.8 0 5
    endloop
  endfacet
  facet normal -0.0347215 0.70668 0.70668
    outer loop
      vertex 20.5365 -5.57364 5.4
      vertex 20 -5.2 5
      vertex 20 -5.6 5.4
    endloop
  endfacet
  facet normal 0.363758 0.606888 0.706659
    outer loop
      vertex 17.111 -4.32364 5
      vertex 16.8995 -4.66263 5.4
      vertex 17.5487 -4.58599 5
    endloop
  endfacet
  facet normal 0.363202 0.607228 0.706653
    outer loop
      vertex 16.8995 -4.66263 5.4
      vertex 17.111 -4.32364 5
      vertex 16.8888 -4.65623 5.4
    endloop
  endfacet
  facet normal 0.524275 -0.475164 0.706651
    outer loop
      vertex 15.6795 3.56182 5.4
      vertex 15.9803 3.29884 5
      vertex 16.323 3.67696 5
    endloop
  endfacet
  facet normal 0.523053 -0.476534 0.706633
    outer loop
      vertex 15.9803 3.29884 5
      vertex 15.6795 3.56182 5.4
      vertex 15.6711 3.5526 5.4
    endloop
  endfacet
  facet normal -0.171925 -0.68633 0.706678
    outer loop
      vertex 21.6135 5.36189 5.4
      vertex 21.0925 5.4924 5.4
      vertex 21.0145 5.10008 5
    endloop
  endfacet
  facet normal 0.171917 0.686338 0.706671
    outer loop
      vertex 18.4905 -4.97609 5
      vertex 18.3865 -5.36189 5.4
      vertex 18.9855 -5.10008 5
    endloop
  endfacet
  facet normal 0.171338 0.686488 0.706666
    outer loop
      vertex 18.3865 -5.36189 5.4
      vertex 18.4905 -4.97609 5
      vertex 18.3744 -5.35887 5.4
    endloop
  endfacet
  facet normal 0.606813 0.363798 0.706703
    outer loop
      vertex 15.3374 -3.10052 5.4
      vertex 15.414 -2.45126 5
      vertex 15.0612 -2.63982 5.4
    endloop
  endfacet
  facet normal -0.302487 -0.639644 0.706652
    outer loop
      vertex 22.6286 4.94408 5.4
      vertex 22.143 5.17372 5.4
      vertex 21.99 4.80417 5
    endloop
  endfacet
  facet normal -0.421615 -0.568214 0.706663
    outer loop
      vertex 22.889 4.32364 5
      vertex 23.1212 4.64881 5.4
      vertex 23.1112 4.65623 5.4
    endloop
  endfacet
  facet normal -0.421542 -0.568268 0.706664
    outer loop
      vertex 23.1212 4.64881 5.4
      vertex 22.889 4.32364 5
      vertex 23.2988 4.01965 5
    endloop
  endfacet
  facet normal -0.303569 0.639092 0.706688
    outer loop
      vertex 22.4513 -4.58599 5
      vertex 22.6286 -4.94408 5.4
      vertex 22.6398 -4.93876 5.4
    endloop
  endfacet
  facet normal -0.302512 0.639604 0.706678
    outer loop
      vertex 22.6286 -4.94408 5.4
      vertex 22.4513 -4.58599 5
      vertex 21.99 -4.80417 5
    endloop
  endfacet
  facet normal -0.523053 0.476534 0.706633
    outer loop
      vertex 24.0197 -3.29884 5
      vertex 24.3205 -3.56182 5.4
      vertex 24.3289 -3.5526 5.4
    endloop
  endfacet
  facet normal -0.524275 0.475164 0.706651
    outer loop
      vertex 24.3205 -3.56182 5.4
      vertex 24.0197 -3.29884 5
      vertex 23.677 -3.67696 5
    endloop
  endfacet
  facet normal 0.568336 0.421385 0.706703
    outer loop
      vertex 15.6764 -2.88896 5
      vertex 15.3512 -3.12119 5.4
      vertex 15.9803 -3.29884 5
    endloop
  endfacet
  facet normal 0.568722 0.420854 0.706709
    outer loop
      vertex 15.3512 -3.12119 5.4
      vertex 15.6764 -2.88896 5
      vertex 15.3438 -3.11119 5.4
    endloop
  endfacet
  facet normal 0.706679 0.0347765 0.706679
    outer loop
      vertex 14.4264 -0.536463 5.4
      vertex 14.8 0 5
      vertex 14.4 0 5.4
    endloop
  endfacet
  facet normal 0.238377 -0.666192 0.706657
    outer loop
      vertex 18.01 4.80417 5
      vertex 18.3627 5.35467 5.4
      vertex 17.857 5.17372 5.4
    endloop
  endfacet
  facet normal -0.66619 0.238433 0.706641
    outer loop
      vertex 25.1737 -2.14303 5.4
      vertex 25.3547 -1.63731 5.4
      vertex 24.8042 -1.98995 5
    endloop
  endfacet
  facet normal -0.700119 -0.102357 0.706651
    outer loop
      vertex 25.5712 0.561207 5.4
      vertex 25.175 0.509688 5
      vertex 25.573 0.548895 5.4
    endloop
  endfacet
  facet normal -0.699912 -0.103854 0.706639
    outer loop
      vertex 25.175 0.509688 5
      vertex 25.5712 0.561207 5.4
      vertex 25.1001 1.01447 5
    endloop
  endfacet
  facet normal -0.70679 -0.0341115 0.7066
    outer loop
      vertex 25.175 0.509688 5
      vertex 25.5736 0.536463 5.4
      vertex 25.573 0.548895 5.4
    endloop
  endfacet
  facet normal -0.706758 -0.0346662 0.706605
    outer loop
      vertex 25.5736 0.536463 5.4
      vertex 25.175 0.509688 5
      vertex 25.2 0 5
    endloop
  endfacet
  facet normal 0.639658 -0.302479 0.706643
    outer loop
      vertex 15.1958 1.98995 5
      vertex 15.0559 2.62857 5.4
      vertex 14.8263 2.14303 5.4
    endloop
  endfacet
  facet normal -0.47515 0.524285 0.706653
    outer loop
      vertex 23.9598 -3.9598 5.4
      vertex 23.677 -3.67696 5
      vertex 23.5618 -4.3205 5.4
    endloop
  endfacet
  facet normal 0.524275 0.475164 0.706651
    outer loop
      vertex 16.0402 -3.9598 5.4
      vertex 16.323 -3.67696 5
      vertex 15.6795 -3.56182 5.4
    endloop
  endfacet
  facet normal -0.47515 -0.524285 0.706653
    outer loop
      vertex 23.677 3.67696 5
      vertex 23.9598 3.9598 5.4
      vertex 23.5618 4.3205 5.4
    endloop
  endfacet
  facet normal 0.706758 0.0346662 0.706605
    outer loop
      vertex 14.4264 -0.536463 5.4
      vertex 14.825 -0.509688 5
      vertex 14.8 0 5
    endloop
  endfacet
  facet normal 0.70679 0.0341115 0.7066
    outer loop
      vertex 14.825 -0.509688 5
      vertex 14.4264 -0.536463 5.4
      vertex 14.427 -0.548895 5.4
    endloop
  endfacet
  facet normal 0.47515 0.524285 0.706653
    outer loop
      vertex 16.4382 -4.3205 5.4
      vertex 16.323 -3.67696 5
      vertex 16.0402 -3.9598 5.4
    endloop
  endfacet
  facet normal 0.699912 0.103854 0.706639
    outer loop
      vertex 14.825 -0.509688 5
      vertex 14.4288 -0.561207 5.4
      vertex 14.8999 -1.01447 5
    endloop
  endfacet
  facet normal 0.700119 0.102357 0.706651
    outer loop
      vertex 14.4288 -0.561207 5.4
      vertex 14.825 -0.509688 5
      vertex 14.427 -0.548895 5.4
    endloop
  endfacet
  facet normal 0.606827 0.363791 0.706695
    outer loop
      vertex 15.3374 -3.10052 5.4
      vertex 15.6764 -2.88896 5
      vertex 15.414 -2.45126 5
    endloop
  endfacet
  facet normal 0.606741 0.363931 0.706696
    outer loop
      vertex 15.6764 -2.88896 5
      vertex 15.3374 -3.10052 5.4
      vertex 15.3438 -3.11119 5.4
    endloop
  endfacet
  facet normal -0.171338 -0.686488 0.706666
    outer loop
      vertex 21.6135 5.36189 5.4
      vertex 21.5095 4.97609 5
      vertex 21.6256 5.35887 5.4
    endloop
  endfacet
  facet normal -0.171917 -0.686338 0.706671
    outer loop
      vertex 21.5095 4.97609 5
      vertex 21.6135 5.36189 5.4
      vertex 21.0145 5.10008 5
    endloop
  endfacet
  facet normal -0.666046 0.238686 0.706691
    outer loop
      vertex 24.9761 -1.50948 5
      vertex 25.3547 -1.63731 5.4
      vertex 25.3589 -1.62559 5.4
    endloop
  endfacet
  facet normal -0.666167 0.238338 0.706694
    outer loop
      vertex 25.3547 -1.63731 5.4
      vertex 24.9761 -1.50948 5
      vertex 24.8042 -1.98995 5
    endloop
  endfacet
  facet normal 0.171925 0.68633 0.706678
    outer loop
      vertex 18.9075 -5.4924 5.4
      vertex 18.9855 -5.10008 5
      vertex 18.3865 -5.36189 5.4
    endloop
  endfacet
  facet normal 0.639585 0.302524 0.70669
    outer loop
      vertex 15.0559 -2.62857 5.4
      vertex 15.414 -2.45126 5
      vertex 15.1958 -1.98995 5
    endloop
  endfacet
  facet normal 0.640061 0.30154 0.706679
    outer loop
      vertex 15.414 -2.45126 5
      vertex 15.0559 -2.62857 5.4
      vertex 15.0612 -2.63982 5.4
    endloop
  endfacet
  facet normal 0.699889 -0.103804 0.706668
    outer loop
      vertex 14.8999 1.01447 5
      vertex 14.5076 1.09251 5.4
      vertex 14.4288 0.561207 5.4
    endloop
  endfacet
  facet normal 0.699889 0.103804 0.706668
    outer loop
      vertex 14.5076 -1.09251 5.4
      vertex 14.8999 -1.01447 5
      vertex 14.4288 -0.561207 5.4
    endloop
  endfacet
  facet normal -0.0347641 0.706681 0.706678
    outer loop
      vertex 20.5097 -5.17496 5
      vertex 20.5365 -5.57364 5.4
      vertex 20.5489 -5.57303 5.4
    endloop
  endfacet
  facet normal -0.0347172 0.706684 0.706678
    outer loop
      vertex 20.5365 -5.57364 5.4
      vertex 20.5097 -5.17496 5
      vertex 20 -5.2 5
    endloop
  endfacet
  facet normal -0.47507 0.524298 0.706696
    outer loop
      vertex 23.2988 -4.01965 5
      vertex 23.5618 -4.3205 5.4
      vertex 23.677 -3.67696 5
    endloop
  endfacet
  facet normal -0.47582 0.52363 0.706687
    outer loop
      vertex 23.5618 -4.3205 5.4
      vertex 23.2988 -4.01965 5
      vertex 23.5526 -4.32886 5.4
    endloop
  endfacet
  facet normal -0.363202 -0.607228 0.706653
    outer loop
      vertex 23.1005 4.66263 5.4
      vertex 22.889 4.32364 5
      vertex 23.1112 4.65623 5.4
    endloop
  endfacet
  facet normal -0.363758 -0.606888 0.706659
    outer loop
      vertex 22.889 4.32364 5
      vertex 23.1005 4.66263 5.4
      vertex 22.4513 4.58599 5
    endloop
  endfacet
  facet normal 0.363755 -0.606895 0.706655
    outer loop
      vertex 17.5487 4.58599 5
      vertex 17.3602 4.93876 5.4
      vertex 16.8995 4.66263 5.4
    endloop
  endfacet
  facet normal 0.524275 -0.475164 0.706651
    outer loop
      vertex 16.323 3.67696 5
      vertex 16.0402 3.9598 5.4
      vertex 15.6795 3.56182 5.4
    endloop
  endfacet
  facet normal 0.302487 -0.639644 0.706652
    outer loop
      vertex 18.01 4.80417 5
      vertex 17.857 5.17372 5.4
      vertex 17.3714 4.94408 5.4
    endloop
  endfacet
  facet normal 0.568336 -0.421385 0.706703
    outer loop
      vertex 15.3512 3.12119 5.4
      vertex 15.6764 2.88896 5
      vertex 15.9803 3.29884 5
    endloop
  endfacet
  facet normal 0.568722 -0.420854 0.706709
    outer loop
      vertex 15.6764 2.88896 5
      vertex 15.3512 3.12119 5.4
      vertex 15.3438 3.11119 5.4
    endloop
  endfacet
  facet normal -0.666046 -0.238686 0.706691
    outer loop
      vertex 25.3547 1.63731 5.4
      vertex 24.9761 1.50948 5
      vertex 25.3589 1.62559 5.4
    endloop
  endfacet
  facet normal -0.666167 -0.238338 0.706694
    outer loop
      vertex 24.9761 1.50948 5
      vertex 25.3547 1.63731 5.4
      vertex 24.8042 1.98995 5
    endloop
  endfacet
  facet normal 0.171917 -0.686338 0.706671
    outer loop
      vertex 18.3865 5.36189 5.4
      vertex 18.4905 4.97609 5
      vertex 18.9855 5.10008 5
    endloop
  endfacet
  facet normal 0.171338 -0.686488 0.706666
    outer loop
      vertex 18.4905 4.97609 5
      vertex 18.3865 5.36189 5.4
      vertex 18.3744 5.35887 5.4
    endloop
  endfacet
  facet normal 0.103564 -0.69991 0.706682
    outer loop
      vertex 19.4388 5.57121 5.4
      vertex 19.4903 5.17496 5
      vertex 19.4511 5.57303 5.4
    endloop
  endfacet
  facet normal 0.103817 -0.699875 0.70668
    outer loop
      vertex 19.4903 5.17496 5
      vertex 19.4388 5.57121 5.4
      vertex 18.9855 5.10008 5
    endloop
  endfacet
  facet normal 0.706679 -0.0347765 0.706679
    outer loop
      vertex 14.8 0 5
      vertex 14.4264 0.536463 5.4
      vertex 14.4 0 5.4
    endloop
  endfacet
  facet normal 0.699912 -0.103854 0.706639
    outer loop
      vertex 14.4288 0.561207 5.4
      vertex 14.825 0.509688 5
      vertex 14.8999 1.01447 5
    endloop
  endfacet
  facet normal 0.700119 -0.102357 0.706651
    outer loop
      vertex 14.825 0.509688 5
      vertex 14.4288 0.561207 5.4
      vertex 14.427 0.548895 5.4
    endloop
  endfacet
  facet normal 0.302512 0.639604 0.706678
    outer loop
      vertex 17.5487 -4.58599 5
      vertex 17.3714 -4.94408 5.4
      vertex 18.01 -4.80417 5
    endloop
  endfacet
  facet normal 0.303569 0.639092 0.706688
    outer loop
      vertex 17.3714 -4.94408 5.4
      vertex 17.5487 -4.58599 5
      vertex 17.3602 -4.93876 5.4
    endloop
  endfacet
  facet normal -0.66619 -0.238433 0.706641
    outer loop
      vertex 25.3547 1.63731 5.4
      vertex 25.1737 2.14303 5.4
      vertex 24.8042 1.98995 5
    endloop
  endfacet
  facet normal -0.421463 -0.568273 0.706707
    outer loop
      vertex 23.2988 4.01965 5
      vertex 23.5526 4.32886 5.4
      vertex 23.1212 4.64881 5.4
    endloop
  endfacet
  facet normal -0.524275 0.475164 0.706651
    outer loop
      vertex 23.9598 -3.9598 5.4
      vertex 24.3205 -3.56182 5.4
      vertex 23.677 -3.67696 5
    endloop
  endfacet
  facet normal -0.171338 0.686488 0.706666
    outer loop
      vertex 21.5095 -4.97609 5
      vertex 21.6135 -5.36189 5.4
      vertex 21.6256 -5.35887 5.4
    endloop
  endfacet
  facet normal -0.171917 0.686338 0.706671
    outer loop
      vertex 21.6135 -5.36189 5.4
      vertex 21.5095 -4.97609 5
      vertex 21.0145 -5.10008 5
    endloop
  endfacet
  facet normal -0.47582 -0.52363 0.706687
    outer loop
      vertex 23.2988 4.01965 5
      vertex 23.5618 4.3205 5.4
      vertex 23.5526 4.32886 5.4
    endloop
  endfacet
  facet normal -0.47507 -0.524298 0.706696
    outer loop
      vertex 23.5618 4.3205 5.4
      vertex 23.2988 4.01965 5
      vertex 23.677 3.67696 5
    endloop
  endfacet
  facet normal -0.524275 -0.475164 0.706651
    outer loop
      vertex 24.3205 3.56182 5.4
      vertex 23.9598 3.9598 5.4
      vertex 23.677 3.67696 5
    endloop
  endfacet
  facet normal -0.640061 -0.30154 0.706679
    outer loop
      vertex 24.586 2.45126 5
      vertex 24.9441 2.62857 5.4
      vertex 24.9388 2.63982 5.4
    endloop
  endfacet
  facet normal -0.639585 -0.302524 0.70669
    outer loop
      vertex 24.9441 2.62857 5.4
      vertex 24.586 2.45126 5
      vertex 24.8042 1.98995 5
    endloop
  endfacet
  facet normal 0.47582 -0.52363 0.706687
    outer loop
      vertex 16.4382 4.3205 5.4
      vertex 16.7012 4.01965 5
      vertex 16.4474 4.32886 5.4
    endloop
  endfacet
  facet normal 0.47507 -0.524298 0.706696
    outer loop
      vertex 16.7012 4.01965 5
      vertex 16.4382 4.3205 5.4
      vertex 16.323 3.67696 5
    endloop
  endfacet
  facet normal -0.103817 0.699875 0.70668
    outer loop
      vertex 20.5097 -5.17496 5
      vertex 20.5612 -5.57121 5.4
      vertex 21.0145 -5.10008 5
    endloop
  endfacet
  facet normal -0.103564 0.69991 0.706682
    outer loop
      vertex 20.5612 -5.57121 5.4
      vertex 20.5097 -5.17496 5
      vertex 20.5489 -5.57303 5.4
    endloop
  endfacet
  facet normal -0.606813 0.363798 0.706703
    outer loop
      vertex 24.6626 -3.10052 5.4
      vertex 24.9388 -2.63982 5.4
      vertex 24.586 -2.45126 5
    endloop
  endfacet
  facet normal -0.302487 0.639644 0.706652
    outer loop
      vertex 22.143 -5.17372 5.4
      vertex 22.6286 -4.94408 5.4
      vertex 21.99 -4.80417 5
    endloop
  endfacet
  facet normal -0.568722 0.420854 0.706709
    outer loop
      vertex 24.3236 -2.88896 5
      vertex 24.6488 -3.12119 5.4
      vertex 24.6562 -3.11119 5.4
    endloop
  endfacet
  facet normal -0.568336 0.421385 0.706703
    outer loop
      vertex 24.6488 -3.12119 5.4
      vertex 24.3236 -2.88896 5
      vertex 24.0197 -3.29884 5
    endloop
  endfacet
  facet normal 0.239057 0.665944 0.706661
    outer loop
      vertex 18.4905 -4.97609 5
      vertex 18.3627 -5.35467 5.4
      vertex 18.3744 -5.35887 5.4
    endloop
  endfacet
  facet normal 0.238358 0.666187 0.706668
    outer loop
      vertex 18.3627 -5.35467 5.4
      vertex 18.4905 -4.97609 5
      vertex 18.01 -4.80417 5
    endloop
  endfacet
  facet normal 0.238377 0.666192 0.706657
    outer loop
      vertex 18.3627 -5.35467 5.4
      vertex 18.01 -4.80417 5
      vertex 17.857 -5.17372 5.4
    endloop
  endfacet
  facet normal 0.66619 0.238433 0.706641
    outer loop
      vertex 14.8263 -2.14303 5.4
      vertex 15.1958 -1.98995 5
      vertex 14.6453 -1.63731 5.4
    endloop
  endfacet
  facet normal 0.639658 0.302479 0.706643
    outer loop
      vertex 15.0559 -2.62857 5.4
      vertex 15.1958 -1.98995 5
      vertex 14.8263 -2.14303 5.4
    endloop
  endfacet
  facet normal 0.686342 -0.171911 0.706669
    outer loop
      vertex 14.8999 1.01447 5
      vertex 14.6381 1.61352 5.4
      vertex 14.5076 1.09251 5.4
    endloop
  endfacet
  facet normal -0.606813 -0.363798 0.706703
    outer loop
      vertex 24.9388 2.63982 5.4
      vertex 24.6626 3.10052 5.4
      vertex 24.586 2.45126 5
    endloop
  endfacet
  facet normal 0.524275 0.475164 0.706651
    outer loop
      vertex 15.9803 -3.29884 5
      vertex 15.6795 -3.56182 5.4
      vertex 16.323 -3.67696 5
    endloop
  endfacet
  facet normal 0.523053 0.476534 0.706633
    outer loop
      vertex 15.6795 -3.56182 5.4
      vertex 15.9803 -3.29884 5
      vertex 15.6711 -3.5526 5.4
    endloop
  endfacet
  facet normal 0.0347172 -0.706684 0.706678
    outer loop
      vertex 19.4635 5.57364 5.4
      vertex 19.4903 5.17496 5
      vertex 20 5.2 5
    endloop
  endfacet
  facet normal 0.0347641 -0.706681 0.706678
    outer loop
      vertex 19.4903 5.17496 5
      vertex 19.4635 5.57364 5.4
      vertex 19.4511 5.57303 5.4
    endloop
  endfacet
  facet normal -0.239057 -0.665944 0.706661
    outer loop
      vertex 21.5095 4.97609 5
      vertex 21.6373 5.35467 5.4
      vertex 21.6256 5.35887 5.4
    endloop
  endfacet
  facet normal -0.238358 -0.666187 0.706668
    outer loop
      vertex 21.6373 5.35467 5.4
      vertex 21.5095 4.97609 5
      vertex 21.99 4.80417 5
    endloop
  endfacet
  facet normal 0.686327 0.171925 0.70668
    outer loop
      vertex 14.6381 -1.61352 5.4
      vertex 15.0239 -1.50948 5
      vertex 14.8999 -1.01447 5
    endloop
  endfacet
  facet normal 0.686653 0.170668 0.706668
    outer loop
      vertex 15.0239 -1.50948 5
      vertex 14.6381 -1.61352 5.4
      vertex 14.6411 -1.62559 5.4
    endloop
  endfacet
  facet normal 0.568333 0.421431 0.706678
    outer loop
      vertex 15.6711 -3.5526 5.4
      vertex 15.9803 -3.29884 5
      vertex 15.3512 -3.12119 5.4
    endloop
  endfacet
  facet normal -0.103815 -0.699875 0.706681
    outer loop
      vertex 21.0145 5.10008 5
      vertex 21.0925 5.4924 5.4
      vertex 20.5612 5.57121 5.4
    endloop
  endfacet
  facet normal -0.363202 0.607228 0.706653
    outer loop
      vertex 22.889 -4.32364 5
      vertex 23.1005 -4.66263 5.4
      vertex 23.1112 -4.65623 5.4
    endloop
  endfacet
  facet normal -0.363758 0.606888 0.706659
    outer loop
      vertex 23.1005 -4.66263 5.4
      vertex 22.889 -4.32364 5
      vertex 22.4513 -4.58599 5
    endloop
  endfacet
  facet normal 0.666167 -0.238338 0.706694
    outer loop
      vertex 14.6453 1.63731 5.4
      vertex 15.0239 1.50948 5
      vertex 15.1958 1.98995 5
    endloop
  endfacet
  facet normal 0.666046 -0.238686 0.706691
    outer loop
      vertex 15.0239 1.50948 5
      vertex 14.6453 1.63731 5.4
      vertex 14.6411 1.62559 5.4
    endloop
  endfacet
  facet normal 0.686653 -0.170668 0.706668
    outer loop
      vertex 14.6381 1.61352 5.4
      vertex 15.0239 1.50948 5
      vertex 14.6411 1.62559 5.4
    endloop
  endfacet
  facet normal 0.686327 -0.171925 0.70668
    outer loop
      vertex 15.0239 1.50948 5
      vertex 14.6381 1.61352 5.4
      vertex 14.8999 1.01447 5
    endloop
  endfacet
  facet normal 0.47515 -0.524285 0.706653
    outer loop
      vertex 16.323 3.67696 5
      vertex 16.4382 4.3205 5.4
      vertex 16.0402 3.9598 5.4
    endloop
  endfacet
  facet normal -0.363755 -0.606895 0.706655
    outer loop
      vertex 23.1005 4.66263 5.4
      vertex 22.6398 4.93876 5.4
      vertex 22.4513 4.58599 5
    endloop
  endfacet
  facet normal 0.666167 0.238338 0.706694
    outer loop
      vertex 15.0239 -1.50948 5
      vertex 14.6453 -1.63731 5.4
      vertex 15.1958 -1.98995 5
    endloop
  endfacet
  facet normal 0.666046 0.238686 0.706691
    outer loop
      vertex 14.6453 -1.63731 5.4
      vertex 15.0239 -1.50948 5
      vertex 14.6411 -1.62559 5.4
    endloop
  endfacet
  facet normal -0.523053 -0.476534 0.706633
    outer loop
      vertex 24.3205 3.56182 5.4
      vertex 24.0197 3.29884 5
      vertex 24.3289 3.5526 5.4
    endloop
  endfacet
  facet normal -0.524275 -0.475164 0.706651
    outer loop
      vertex 24.0197 3.29884 5
      vertex 24.3205 3.56182 5.4
      vertex 23.677 3.67696 5
    endloop
  endfacet
  facet normal 0.239057 -0.665944 0.706661
    outer loop
      vertex 18.3627 5.35467 5.4
      vertex 18.4905 4.97609 5
      vertex 18.3744 5.35887 5.4
    endloop
  endfacet
  facet normal 0.238358 -0.666187 0.706668
    outer loop
      vertex 18.4905 4.97609 5
      vertex 18.3627 5.35467 5.4
      vertex 18.01 4.80417 5
    endloop
  endfacet
  facet normal -0.303569 -0.639092 0.706688
    outer loop
      vertex 22.6286 4.94408 5.4
      vertex 22.4513 4.58599 5
      vertex 22.6398 4.93876 5.4
    endloop
  endfacet
  facet normal -0.302512 -0.639604 0.706678
    outer loop
      vertex 22.4513 4.58599 5
      vertex 22.6286 4.94408 5.4
      vertex 21.99 4.80417 5
    endloop
  endfacet
  facet normal -0.103564 -0.69991 0.706682
    outer loop
      vertex 20.5097 5.17496 5
      vertex 20.5612 5.57121 5.4
      vertex 20.5489 5.57303 5.4
    endloop
  endfacet
  facet normal -0.103817 -0.699875 0.70668
    outer loop
      vertex 20.5612 5.57121 5.4
      vertex 20.5097 5.17496 5
      vertex 21.0145 5.10008 5
    endloop
  endfacet
  facet normal -0.238377 0.666192 0.706657
    outer loop
      vertex 22.143 -5.17372 5.4
      vertex 21.99 -4.80417 5
      vertex 21.6373 -5.35467 5.4
    endloop
  endfacet
  facet normal 0.363758 -0.606888 0.706659
    outer loop
      vertex 16.8995 4.66263 5.4
      vertex 17.111 4.32364 5
      vertex 17.5487 4.58599 5
    endloop
  endfacet
  facet normal 0.363202 -0.607228 0.706653
    outer loop
      vertex 17.111 4.32364 5
      vertex 16.8995 4.66263 5.4
      vertex 16.8888 4.65623 5.4
    endloop
  endfacet
  facet normal -0.686327 0.171925 0.70668
    outer loop
      vertex 24.9761 -1.50948 5
      vertex 25.3619 -1.61352 5.4
      vertex 25.1001 -1.01447 5
    endloop
  endfacet
  facet normal -0.686653 0.170668 0.706668
    outer loop
      vertex 25.3619 -1.61352 5.4
      vertex 24.9761 -1.50948 5
      vertex 25.3589 -1.62559 5.4
    endloop
  endfacet
  facet normal -0.0347641 -0.706681 0.706678
    outer loop
      vertex 20.5365 5.57364 5.4
      vertex 20.5097 5.17496 5
      vertex 20.5489 5.57303 5.4
    endloop
  endfacet
  facet normal -0.0347172 -0.706684 0.706678
    outer loop
      vertex 20.5097 5.17496 5
      vertex 20.5365 5.57364 5.4
      vertex 20 5.2 5
    endloop
  endfacet
  facet normal 0.421615 -0.568214 0.706663
    outer loop
      vertex 16.8788 4.64881 5.4
      vertex 17.111 4.32364 5
      vertex 16.8888 4.65623 5.4
    endloop
  endfacet
  facet normal 0.421542 -0.568268 0.706664
    outer loop
      vertex 17.111 4.32364 5
      vertex 16.8788 4.64881 5.4
      vertex 16.7012 4.01965 5
    endloop
  endfacet
  facet normal 0.606813 -0.363798 0.706703
    outer loop
      vertex 15.414 2.45126 5
      vertex 15.3374 3.10052 5.4
      vertex 15.0612 2.63982 5.4
    endloop
  endfacet
  facet normal 0.640061 -0.30154 0.706679
    outer loop
      vertex 15.0559 2.62857 5.4
      vertex 15.414 2.45126 5
      vertex 15.0612 2.63982 5.4
    endloop
  endfacet
  facet normal 0.639585 -0.302524 0.70669
    outer loop
      vertex 15.414 2.45126 5
      vertex 15.0559 2.62857 5.4
      vertex 15.1958 1.98995 5
    endloop
  endfacet
  facet normal 0.606741 -0.363931 0.706696
    outer loop
      vertex 15.3374 3.10052 5.4
      vertex 15.6764 2.88896 5
      vertex 15.3438 3.11119 5.4
    endloop
  endfacet
  facet normal 0.606827 -0.363791 0.706695
    outer loop
      vertex 15.6764 2.88896 5
      vertex 15.3374 3.10052 5.4
      vertex 15.414 2.45126 5
    endloop
  endfacet
  facet normal 0.103564 0.69991 0.706682
    outer loop
      vertex 19.4903 -5.17496 5
      vertex 19.4388 -5.57121 5.4
      vertex 19.4511 -5.57303 5.4
    endloop
  endfacet
  facet normal 0.103817 0.699875 0.70668
    outer loop
      vertex 19.4388 -5.57121 5.4
      vertex 19.4903 -5.17496 5
      vertex 18.9855 -5.10008 5
    endloop
  endfacet
  facet normal 0.0347172 0.706684 0.706678
    outer loop
      vertex 19.4903 -5.17496 5
      vertex 19.4635 -5.57364 5.4
      vertex 20 -5.2 5
    endloop
  endfacet
  facet normal 0.0347641 0.706681 0.706678
    outer loop
      vertex 19.4635 -5.57364 5.4
      vertex 19.4903 -5.17496 5
      vertex 19.4511 -5.57303 5.4
    endloop
  endfacet
  facet normal 0.421463 -0.568273 0.706707
    outer loop
      vertex 16.7012 4.01965 5
      vertex 16.8788 4.64881 5.4
      vertex 16.4474 4.32886 5.4
    endloop
  endfacet
endsolid OpenSCAD_Model
