solid OpenSCAD_Model
  facet normal 0 0.970028 -0.242995
    outer loop
      vertex 8 9.09093 22.7423
      vertex 0 9.31746 23.6466
      vertex 8 9.31746 23.6466
    endloop
  endfacet
  facet normal 0 0.970028 -0.242995
    outer loop
      vertex 0 9.31746 23.6466
      vertex 8 9.09093 22.7423
      vertex 0 9.09093 22.7423
    endloop
  endfacet
  facet normal 0 1 -0
    outer loop
      vertex 8 9.5 25.5
      vertex 0 9.5 45.5
      vertex 8 9.5 45.5
    endloop
  endfacet
  facet normal 0 1 0
    outer loop
      vertex 0 9.5 45.5
      vertex 8 9.5 25.5
      vertex 0 9.5 25.5
    endloop
  endfacet
  facet normal 0 0.970028 0.242995
    outer loop
      vertex 8 9.31746 47.3534
      vertex 0 9.09093 48.2577
      vertex 8 9.09093 48.2577
    endloop
  endfacet
  facet normal 0 0.970028 0.242995
    outer loop
      vertex 0 9.09093 48.2577
      vertex 8 9.31746 47.3534
      vertex 0 9.31746 47.3534
    endloop
  endfacet
  facet normal -0 0.595725 0.803188
    outer loop
      vertex 0 6.02674 52.8436
      vertex 8 5.27792 53.399
      vertex 8 6.02674 52.8436
    endloop
  endfacet
  facet normal 0 0.595725 0.803188
    outer loop
      vertex 8 5.27792 53.399
      vertex 0 6.02674 52.8436
      vertex 0 5.27792 53.399
    endloop
  endfacet
  facet normal 0 0.514109 -0.857725
    outer loop
      vertex 0 4.47827 17.1217
      vertex 8 5.27792 17.601
      vertex 8 4.47827 17.1217
    endloop
  endfacet
  facet normal 0 0.514109 -0.857725
    outer loop
      vertex 8 5.27792 17.601
      vertex 0 4.47827 17.1217
      vertex 0 5.27792 17.601
    endloop
  endfacet
  facet normal 0 0.671572 -0.740939
    outer loop
      vertex 0 6.02674 18.1564
      vertex 8 6.71751 18.7825
      vertex 8 6.02674 18.1564
    endloop
  endfacet
  facet normal 0 0.671572 -0.740939
    outer loop
      vertex 8 6.71751 18.7825
      vertex 0 6.02674 18.1564
      vertex 0 6.71751 18.7825
    endloop
  endfacet
  facet normal 0 0.998795 -0.049071
    outer loop
      vertex 8 9.45425 24.5688
      vertex 0 9.5 25.5
      vertex 8 9.5 25.5
    endloop
  endfacet
  facet normal 0 0.998795 -0.049071
    outer loop
      vertex 0 9.5 25.5
      vertex 8 9.45425 24.5688
      vertex 0 9.45425 24.5688
    endloop
  endfacet
  facet normal 0 0.803201 0.595708
    outer loop
      vertex 8 7.89896 50.7779
      vertex 0 7.3436 51.5267
      vertex 8 7.3436 51.5267
    endloop
  endfacet
  facet normal 0 0.803201 0.595708
    outer loop
      vertex 0 7.3436 51.5267
      vertex 8 7.89896 50.7779
      vertex 0 7.89896 50.7779
    endloop
  endfacet
  facet normal -0 0.514109 0.857725
    outer loop
      vertex 0 5.27792 53.399
      vertex 8 4.47827 53.8783
      vertex 8 5.27792 53.399
    endloop
  endfacet
  facet normal 0 0.514109 0.857725
    outer loop
      vertex 8 4.47827 53.8783
      vertex 0 5.27792 53.399
      vertex 0 4.47827 53.8783
    endloop
  endfacet
  facet normal 0 0.740959 0.67155
    outer loop
      vertex 8 7.3436 51.5267
      vertex 0 6.71751 52.2175
      vertex 8 6.71751 52.2175
    endloop
  endfacet
  facet normal 0 0.740959 0.67155
    outer loop
      vertex 0 6.71751 52.2175
      vertex 8 7.3436 51.5267
      vertex 0 7.3436 51.5267
    endloop
  endfacet
  facet normal -0 0.0490195 0.998798
    outer loop
      vertex 0 0.931162 54.9543
      vertex 8 0 55
      vertex 8 0.931162 54.9543
    endloop
  endfacet
  facet normal 0 0.0490195 0.998798
    outer loop
      vertex 8 0 55
      vertex 0 0.931162 54.9543
      vertex 0 0 55
    endloop
  endfacet
  facet normal 0 0.740959 -0.67155
    outer loop
      vertex 8 6.71751 18.7825
      vertex 0 7.3436 19.4733
      vertex 8 7.3436 19.4733
    endloop
  endfacet
  facet normal 0 0.740959 -0.67155
    outer loop
      vertex 0 7.3436 19.4733
      vertex 8 6.71751 18.7825
      vertex 0 6.71751 18.7825
    endloop
  endfacet
  facet normal 0 0.989177 -0.146725
    outer loop
      vertex 8 9.31746 23.6466
      vertex 0 9.45425 24.5688
      vertex 8 9.45425 24.5688
    endloop
  endfacet
  facet normal 0 0.989177 -0.146725
    outer loop
      vertex 0 9.45425 24.5688
      vertex 8 9.31746 23.6466
      vertex 0 9.31746 23.6466
    endloop
  endfacet
  facet normal 0 0.941548 -0.336879
    outer loop
      vertex 8 8.77686 21.8645
      vertex 0 9.09093 22.7423
      vertex 8 9.09093 22.7423
    endloop
  endfacet
  facet normal 0 0.941548 -0.336879
    outer loop
      vertex 0 9.09093 22.7423
      vertex 8 8.77686 21.8645
      vertex 0 8.77686 21.8645
    endloop
  endfacet
  facet normal 0 0.903991 -0.427551
    outer loop
      vertex 8 8.37825 21.0217
      vertex 0 8.77686 21.8645
      vertex 8 8.77686 21.8645
    endloop
  endfacet
  facet normal 0 0.903991 -0.427551
    outer loop
      vertex 0 8.77686 21.8645
      vertex 8 8.37825 21.0217
      vertex 0 8.37825 21.0217
    endloop
  endfacet
  facet normal 0 0.989177 0.146725
    outer loop
      vertex 8 9.45425 46.4312
      vertex 0 9.31746 47.3534
      vertex 8 9.31746 47.3534
    endloop
  endfacet
  facet normal 0 0.989177 0.146725
    outer loop
      vertex 0 9.31746 47.3534
      vertex 8 9.45425 46.4312
      vertex 0 9.45425 46.4312
    endloop
  endfacet
  facet normal -0 0.146736 0.989176
    outer loop
      vertex 0 1.85336 54.8175
      vertex 8 0.931162 54.9543
      vertex 8 1.85336 54.8175
    endloop
  endfacet
  facet normal 0 0.146736 0.989176
    outer loop
      vertex 8 0.931162 54.9543
      vertex 0 1.85336 54.8175
      vertex 0 0.931162 54.9543
    endloop
  endfacet
  facet normal 0 0.903991 0.427551
    outer loop
      vertex 8 8.77686 49.1355
      vertex 0 8.37825 49.9783
      vertex 8 8.37825 49.9783
    endloop
  endfacet
  facet normal 0 0.903991 0.427551
    outer loop
      vertex 0 8.37825 49.9783
      vertex 8 8.77686 49.1355
      vertex 0 8.77686 49.1355
    endloop
  endfacet
  facet normal -0 0.671572 0.740939
    outer loop
      vertex 0 6.71751 52.2175
      vertex 8 6.02674 52.8436
      vertex 8 6.71751 52.2175
    endloop
  endfacet
  facet normal 0 0.671572 0.740939
    outer loop
      vertex 8 6.02674 52.8436
      vertex 0 6.71751 52.2175
      vertex 0 6.02674 52.8436
    endloop
  endfacet
  facet normal 0 0.857715 0.514125
    outer loop
      vertex 8 8.37825 49.9783
      vertex 0 7.89896 50.7779
      vertex 8 7.89896 50.7779
    endloop
  endfacet
  facet normal 0 0.857715 0.514125
    outer loop
      vertex 0 7.89896 50.7779
      vertex 8 8.37825 49.9783
      vertex 0 8.37825 49.9783
    endloop
  endfacet
  facet normal 0 0.941548 0.336879
    outer loop
      vertex 8 9.09093 48.2577
      vertex 0 8.77686 49.1355
      vertex 8 8.77686 49.1355
    endloop
  endfacet
  facet normal 0 0.941548 0.336879
    outer loop
      vertex 0 8.77686 49.1355
      vertex 8 9.09093 48.2577
      vertex 0 9.09093 48.2577
    endloop
  endfacet
  facet normal 0 0.595725 -0.803188
    outer loop
      vertex 0 5.27792 17.601
      vertex 8 6.02674 18.1564
      vertex 8 5.27792 17.601
    endloop
  endfacet
  facet normal 0 0.595725 -0.803188
    outer loop
      vertex 8 6.02674 18.1564
      vertex 0 5.27792 17.601
      vertex 0 6.02674 18.1564
    endloop
  endfacet
  facet normal 0 0.336815 -0.941571
    outer loop
      vertex 0 2.7577 16.4091
      vertex 8 3.63549 16.7231
      vertex 8 2.7577 16.4091
    endloop
  endfacet
  facet normal 0 0.336815 -0.941571
    outer loop
      vertex 8 3.63549 16.7231
      vertex 0 2.7577 16.4091
      vertex 0 3.63549 16.7231
    endloop
  endfacet
  facet normal 0 0.243055 -0.970012
    outer loop
      vertex 0 1.85336 16.1825
      vertex 8 2.7577 16.4091
      vertex 8 1.85336 16.1825
    endloop
  endfacet
  facet normal 0 0.243055 -0.970012
    outer loop
      vertex 8 2.7577 16.4091
      vertex 0 1.85336 16.1825
      vertex 0 2.7577 16.4091
    endloop
  endfacet
  facet normal -0 0.42755 0.903991
    outer loop
      vertex 0 4.47827 53.8783
      vertex 8 3.63549 54.2769
      vertex 8 4.47827 53.8783
    endloop
  endfacet
  facet normal 0 0.42755 0.903991
    outer loop
      vertex 8 3.63549 54.2769
      vertex 0 4.47827 53.8783
      vertex 0 3.63549 54.2769
    endloop
  endfacet
  facet normal 0 0.146736 -0.989176
    outer loop
      vertex 0 0.931162 16.0457
      vertex 8 1.85336 16.1825
      vertex 8 0.931162 16.0457
    endloop
  endfacet
  facet normal 0 0.146736 -0.989176
    outer loop
      vertex 8 1.85336 16.1825
      vertex 0 0.931162 16.0457
      vertex 0 1.85336 16.1825
    endloop
  endfacet
  facet normal 0 0.0490061 -0.998798
    outer loop
      vertex 0 0.203556 16.01
      vertex 8 0.931162 16.0457
      vertex 8 0.203556 16.01
    endloop
  endfacet
  facet normal 0 0.0490061 -0.998798
    outer loop
      vertex 8 0.931162 16.0457
      vertex 0 0.203556 16.01
      vertex 0 0.931162 16.0457
    endloop
  endfacet
  facet normal 0 0.998795 0.049071
    outer loop
      vertex 8 9.5 45.5
      vertex 0 9.45425 46.4312
      vertex 8 9.45425 46.4312
    endloop
  endfacet
  facet normal 0 0.998795 0.049071
    outer loop
      vertex 0 9.45425 46.4312
      vertex 8 9.5 45.5
      vertex 0 9.5 45.5
    endloop
  endfacet
  facet normal 0 0.803201 -0.595708
    outer loop
      vertex 8 7.3436 19.4733
      vertex 0 7.89896 20.2221
      vertex 8 7.89896 20.2221
    endloop
  endfacet
  facet normal 0 0.803201 -0.595708
    outer loop
      vertex 0 7.89896 20.2221
      vertex 8 7.3436 19.4733
      vertex 0 7.3436 19.4733
    endloop
  endfacet
  facet normal -0 0.336815 0.941571
    outer loop
      vertex 0 3.63549 54.2769
      vertex 8 2.7577 54.5909
      vertex 8 3.63549 54.2769
    endloop
  endfacet
  facet normal 0 0.336815 0.941571
    outer loop
      vertex 8 2.7577 54.5909
      vertex 0 3.63549 54.2769
      vertex 0 2.7577 54.5909
    endloop
  endfacet
  facet normal 0 0.857715 -0.514125
    outer loop
      vertex 8 7.89896 20.2221
      vertex 0 8.37825 21.0217
      vertex 8 8.37825 21.0217
    endloop
  endfacet
  facet normal 0 0.857715 -0.514125
    outer loop
      vertex 0 8.37825 21.0217
      vertex 8 7.89896 20.2221
      vertex 0 7.89896 20.2221
    endloop
  endfacet
  facet normal 0 0.42755 -0.903991
    outer loop
      vertex 0 3.63549 16.7231
      vertex 8 4.47827 17.1217
      vertex 8 3.63549 16.7231
    endloop
  endfacet
  facet normal 0 0.42755 -0.903991
    outer loop
      vertex 8 4.47827 17.1217
      vertex 0 3.63549 16.7231
      vertex 0 4.47827 17.1217
    endloop
  endfacet
  facet normal -0 0.243055 0.970012
    outer loop
      vertex 0 2.7577 54.5909
      vertex 8 1.85336 54.8175
      vertex 8 2.7577 54.5909
    endloop
  endfacet
  facet normal 0 0.243055 0.970012
    outer loop
      vertex 8 1.85336 54.8175
      vertex 0 2.7577 54.5909
      vertex 0 1.85336 54.8175
    endloop
  endfacet
  facet normal 1 0 0
    outer loop
      vertex 8 0 55
      vertex 8 9.5 45.5
      vertex 8 9.45425 46.4312
    endloop
  endfacet
  facet normal 1 0 0
    outer loop
      vertex 8 9.5 45.5
      vertex 8 0 55
      vertex 8 9.5 25.5
    endloop
  endfacet
  facet normal 1 0 0
    outer loop
      vertex 8 0 55
      vertex 8 9.45425 46.4312
      vertex 8 9.31746 47.3534
    endloop
  endfacet
  facet normal 1 0 -0
    outer loop
      vertex 8 0.203556 16.01
      vertex 8 9.5 25.5
      vertex 8 0 55
    endloop
  endfacet
  facet normal 1 0 0
    outer loop
      vertex 8 0 55
      vertex 8 9.31746 47.3534
      vertex 8 9.09093 48.2577
    endloop
  endfacet
  facet normal 1 0 0
    outer loop
      vertex 8 9.5 25.5
      vertex 8 0.203556 16.01
      vertex 8 9.45425 24.5688
    endloop
  endfacet
  facet normal 1 0 0
    outer loop
      vertex 8 0 55
      vertex 8 9.09093 48.2577
      vertex 8 8.77686 49.1355
    endloop
  endfacet
  facet normal 1 0 0
    outer loop
      vertex 8 9.45425 24.5688
      vertex 8 0.203556 16.01
      vertex 8 9.31746 23.6466
    endloop
  endfacet
  facet normal 1 0 0
    outer loop
      vertex 8 0 55
      vertex 8 8.77686 49.1355
      vertex 8 8.37825 49.9783
    endloop
  endfacet
  facet normal 1 0 0
    outer loop
      vertex 8 9.31746 23.6466
      vertex 8 0.203556 16.01
      vertex 8 9.09093 22.7423
    endloop
  endfacet
  facet normal 1 0 0
    outer loop
      vertex 8 0 55
      vertex 8 8.37825 49.9783
      vertex 8 7.89896 50.7779
    endloop
  endfacet
  facet normal 1 0 0
    outer loop
      vertex 8 9.09093 22.7423
      vertex 8 0.203556 16.01
      vertex 8 8.77686 21.8645
    endloop
  endfacet
  facet normal 1 0 0
    outer loop
      vertex 8 0 55
      vertex 8 7.89896 50.7779
      vertex 8 7.3436 51.5267
    endloop
  endfacet
  facet normal 1 0 0
    outer loop
      vertex 8 8.77686 21.8645
      vertex 8 0.203556 16.01
      vertex 8 8.37825 21.0217
    endloop
  endfacet
  facet normal 1 0 0
    outer loop
      vertex 8 0 55
      vertex 8 7.3436 51.5267
      vertex 8 6.71751 52.2175
    endloop
  endfacet
  facet normal 1 0 0
    outer loop
      vertex 8 8.37825 21.0217
      vertex 8 0.203556 16.01
      vertex 8 7.89896 20.2221
    endloop
  endfacet
  facet normal 1 0 0
    outer loop
      vertex 8 0 55
      vertex 8 6.71751 52.2175
      vertex 8 6.02674 52.8436
    endloop
  endfacet
  facet normal 1 0 0
    outer loop
      vertex 8 7.89896 20.2221
      vertex 8 0.203556 16.01
      vertex 8 7.3436 19.4733
    endloop
  endfacet
  facet normal 1 0 0
    outer loop
      vertex 8 0 55
      vertex 8 6.02674 52.8436
      vertex 8 5.27792 53.399
    endloop
  endfacet
  facet normal 1 0 0
    outer loop
      vertex 8 7.3436 19.4733
      vertex 8 0.203556 16.01
      vertex 8 6.71751 18.7825
    endloop
  endfacet
  facet normal 1 0 0
    outer loop
      vertex 8 0 55
      vertex 8 5.27792 53.399
      vertex 8 4.47827 53.8783
    endloop
  endfacet
  facet normal 1 0 0
    outer loop
      vertex 8 6.71751 18.7825
      vertex 8 0.203556 16.01
      vertex 8 6.02674 18.1564
    endloop
  endfacet
  facet normal 1 0 0
    outer loop
      vertex 8 0 55
      vertex 8 4.47827 53.8783
      vertex 8 3.63549 54.2769
    endloop
  endfacet
  facet normal 1 0 0
    outer loop
      vertex 8 6.02674 18.1564
      vertex 8 0.203556 16.01
      vertex 8 5.27792 17.601
    endloop
  endfacet
  facet normal 1 0 0
    outer loop
      vertex 8 0 55
      vertex 8 3.63549 54.2769
      vertex 8 2.7577 54.5909
    endloop
  endfacet
  facet normal 1 0 0
    outer loop
      vertex 8 5.27792 17.601
      vertex 8 0.203556 16.01
      vertex 8 4.47827 17.1217
    endloop
  endfacet
  facet normal 1 0 0
    outer loop
      vertex 8 0 55
      vertex 8 2.7577 54.5909
      vertex 8 1.85336 54.8175
    endloop
  endfacet
  facet normal 1 0 0
    outer loop
      vertex 8 4.47827 17.1217
      vertex 8 0.203556 16.01
      vertex 8 3.63549 16.7231
    endloop
  endfacet
  facet normal 1 0 0
    outer loop
      vertex 8 0 55
      vertex 8 1.85336 54.8175
      vertex 8 0.931162 54.9543
    endloop
  endfacet
  facet normal 1 0 0
    outer loop
      vertex 8 3.63549 16.7231
      vertex 8 0.203556 16.01
      vertex 8 2.7577 16.4091
    endloop
  endfacet
  facet normal 1 0 0
    outer loop
      vertex 8 1.85336 16.1825
      vertex 8 0.203556 16.01
      vertex 8 0.931162 16.0457
    endloop
  endfacet
  facet normal 1 0 0
    outer loop
      vertex 8 2.7577 16.4091
      vertex 8 0.203556 16.01
      vertex 8 1.85336 16.1825
    endloop
  endfacet
  facet normal 1 -0 0
    outer loop
      vertex 8 0.203556 16.01
      vertex 8 9.5 0
      vertex 8 9.5 16.01
    endloop
  endfacet
  facet normal 1 -0 0
    outer loop
      vertex 8 -24.7 55
      vertex 8 0.203556 16.01
      vertex 8 0 55
    endloop
  endfacet
  facet normal 1 0 0
    outer loop
      vertex 8 -24.7 16.01
      vertex 8 0.203556 16.01
      vertex 8 -24.7 55
    endloop
  endfacet
  facet normal 1 0 0
    outer loop
      vertex 8 -27.7 0
      vertex 8 0.203556 16.01
      vertex 8 -24.7 16.01
    endloop
  endfacet
  facet normal 1 0 0
    outer loop
      vertex 8 -27.7 0
      vertex 8 -24.7 16.01
      vertex 8 -27.7 16.01
    endloop
  endfacet
  facet normal 1 0 0
    outer loop
      vertex 8 0.203556 16.01
      vertex 8 -27.7 0
      vertex 8 9.5 0
    endloop
  endfacet
  facet normal -1 0 0
    outer loop
      vertex 0 4.85647 26.9732
      vertex 0 9.5 25.5
      vertex 0 4.97748 26.4901
    endloop
  endfacet
  facet normal -1 -0 0
    outer loop
      vertex 0 9.5 45.5
      vertex 0 5.05056 45.0026
      vertex 0 5.075 45.5
    endloop
  endfacet
  facet normal -1 0 0
    outer loop
      vertex 0 4.68869 27.4421
      vertex 0 9.5 25.5
      vertex 0 4.85647 26.9732
    endloop
  endfacet
  facet normal -1 0 0
    outer loop
      vertex 0 9.5 45.5
      vertex 0 4.97748 44.5099
      vertex 0 5.05056 45.0026
    endloop
  endfacet
  facet normal -1 0 0
    outer loop
      vertex 0 4.47575 27.8923
      vertex 0 9.5 25.5
      vertex 0 4.68869 27.4421
    endloop
  endfacet
  facet normal -1 0 0
    outer loop
      vertex 0 9.5 45.5
      vertex 0 4.85647 44.0268
      vertex 0 4.97748 44.5099
    endloop
  endfacet
  facet normal -1 0 0
    outer loop
      vertex 0 4.21971 28.3195
      vertex 0 9.5 25.5
      vertex 0 4.47575 27.8923
    endloop
  endfacet
  facet normal -1 0 0
    outer loop
      vertex 0 9.5 45.5
      vertex 0 4.68869 43.5579
      vertex 0 4.85647 44.0268
    endloop
  endfacet
  facet normal -1 0 0
    outer loop
      vertex 0 3.92303 28.7195
      vertex 0 9.5 25.5
      vertex 0 4.21971 28.3195
    endloop
  endfacet
  facet normal -1 0 0
    outer loop
      vertex 0 9.5 45.5
      vertex 0 4.47575 43.1077
      vertex 0 4.68869 43.5579
    endloop
  endfacet
  facet normal -1 0 0
    outer loop
      vertex 0 9.5 25.5
      vertex 0 3.92303 28.7195
      vertex 0 9.5 45.5
    endloop
  endfacet
  facet normal -1 0 0
    outer loop
      vertex 0 9.5 45.5
      vertex 0 4.21971 42.6805
      vertex 0 4.47575 43.1077
    endloop
  endfacet
  facet normal -1 0 0
    outer loop
      vertex 0 3.92303 42.2805
      vertex 0 9.5 45.5
      vertex 0 3.92303 28.7195
    endloop
  endfacet
  facet normal -1 0 0
    outer loop
      vertex 0 9.5 45.5
      vertex 0 3.92303 42.2805
      vertex 0 4.21971 42.6805
    endloop
  endfacet
  facet normal -1 0 0
    outer loop
      vertex 0 3.58857 29.0886
      vertex 0 3.92303 42.2805
      vertex 0 3.92303 28.7195
    endloop
  endfacet
  facet normal -1 0 0
    outer loop
      vertex 0 3.58857 29.0886
      vertex 0 3.58857 41.9114
      vertex 0 3.92303 42.2805
    endloop
  endfacet
  facet normal -1 0 0
    outer loop
      vertex 0 3.21955 29.423
      vertex 0 3.58857 41.9114
      vertex 0 3.58857 29.0886
    endloop
  endfacet
  facet normal -1 0 0
    outer loop
      vertex 0 3.21955 29.423
      vertex 0 3.21955 41.577
      vertex 0 3.58857 41.9114
    endloop
  endfacet
  facet normal -1 0 0
    outer loop
      vertex 0 2.81952 29.7197
      vertex 0 3.21955 41.577
      vertex 0 3.21955 29.423
    endloop
  endfacet
  facet normal -1 0 0
    outer loop
      vertex 0 2.81952 29.7197
      vertex 0 2.81952 41.2803
      vertex 0 3.21955 41.577
    endloop
  endfacet
  facet normal -1 0 0
    outer loop
      vertex 0 2.39234 29.9757
      vertex 0 2.81952 41.2803
      vertex 0 2.81952 29.7197
    endloop
  endfacet
  facet normal -1 0 0
    outer loop
      vertex 0 2.39234 29.9757
      vertex 0 2.39234 41.0243
      vertex 0 2.81952 41.2803
    endloop
  endfacet
  facet normal -1 0 0
    outer loop
      vertex 0 1.94212 30.1887
      vertex 0 2.39234 41.0243
      vertex 0 2.39234 29.9757
    endloop
  endfacet
  facet normal -1 0 0
    outer loop
      vertex 0 1.94212 30.1887
      vertex 0 1.94212 40.8113
      vertex 0 2.39234 41.0243
    endloop
  endfacet
  facet normal -1 0 0
    outer loop
      vertex 0 1.47319 30.3565
      vertex 0 1.94212 40.8113
      vertex 0 1.94212 30.1887
    endloop
  endfacet
  facet normal -1 0 0
    outer loop
      vertex 0 1.47319 30.3565
      vertex 0 1.47319 40.6435
      vertex 0 1.94212 40.8113
    endloop
  endfacet
  facet normal -1 0 0
    outer loop
      vertex 0 0.990083 30.4775
      vertex 0 1.47319 40.6435
      vertex 0 1.47319 30.3565
    endloop
  endfacet
  facet normal -1 0 0
    outer loop
      vertex 0 0.990083 30.4775
      vertex 0 0.990083 40.5225
      vertex 0 1.47319 40.6435
    endloop
  endfacet
  facet normal -1 0 0
    outer loop
      vertex 0 0.497437 30.5506
      vertex 0 0.990083 40.5225
      vertex 0 0.990083 30.4775
    endloop
  endfacet
  facet normal -1 0 0
    outer loop
      vertex 0 0.497437 30.5506
      vertex 0 0.497437 40.4494
      vertex 0 0.990083 40.5225
    endloop
  endfacet
  facet normal -1 0 0
    outer loop
      vertex 0 0 30.575
      vertex 0 0.497437 40.4494
      vertex 0 0.497437 30.5506
    endloop
  endfacet
  facet normal -1 0 0
    outer loop
      vertex 0 0 30.575
      vertex 0 0 40.425
      vertex 0 0.497437 40.4494
    endloop
  endfacet
  facet normal -1 0 0
    outer loop
      vertex 0 -0.497437 30.5506
      vertex 0 0 40.425
      vertex 0 0 30.575
    endloop
  endfacet
  facet normal -1 0 0
    outer loop
      vertex 0 -0.497437 30.5506
      vertex 0 -0.497437 40.4494
      vertex 0 0 40.425
    endloop
  endfacet
  facet normal -1 0 0
    outer loop
      vertex 0 -0.990083 30.4775
      vertex 0 -0.497437 40.4494
      vertex 0 -0.497437 30.5506
    endloop
  endfacet
  facet normal -1 0 0
    outer loop
      vertex 0 -0.990083 30.4775
      vertex 0 -0.990083 40.5225
      vertex 0 -0.497437 40.4494
    endloop
  endfacet
  facet normal -1 0 0
    outer loop
      vertex 0 -1.47319 30.3565
      vertex 0 -0.990083 40.5225
      vertex 0 -0.990083 30.4775
    endloop
  endfacet
  facet normal -1 0 0
    outer loop
      vertex 0 -1.47319 30.3565
      vertex 0 -1.47319 40.6435
      vertex 0 -0.990083 40.5225
    endloop
  endfacet
  facet normal -1 0 0
    outer loop
      vertex 0 -1.94212 30.1887
      vertex 0 -1.47319 40.6435
      vertex 0 -1.47319 30.3565
    endloop
  endfacet
  facet normal -1 0 0
    outer loop
      vertex 0 -1.94212 30.1887
      vertex 0 -1.94212 40.8113
      vertex 0 -1.47319 40.6435
    endloop
  endfacet
  facet normal -1 0 0
    outer loop
      vertex 0 -2.39234 29.9757
      vertex 0 -1.94212 40.8113
      vertex 0 -1.94212 30.1887
    endloop
  endfacet
  facet normal -1 0 0
    outer loop
      vertex 0 -2.39234 29.9757
      vertex 0 -2.39234 41.0243
      vertex 0 -1.94212 40.8113
    endloop
  endfacet
  facet normal -1 0 0
    outer loop
      vertex 0 -2.81952 29.7197
      vertex 0 -2.39234 41.0243
      vertex 0 -2.39234 29.9757
    endloop
  endfacet
  facet normal -1 0 0
    outer loop
      vertex 0 -2.81952 29.7197
      vertex 0 -2.81952 41.2803
      vertex 0 -2.39234 41.0243
    endloop
  endfacet
  facet normal -1 0 0
    outer loop
      vertex 0 -3.21955 29.423
      vertex 0 -2.81952 41.2803
      vertex 0 -2.81952 29.7197
    endloop
  endfacet
  facet normal -1 0 0
    outer loop
      vertex 0 -3.21955 29.423
      vertex 0 -3.21955 41.577
      vertex 0 -2.81952 41.2803
    endloop
  endfacet
  facet normal -1 0 0
    outer loop
      vertex 0 -3.58857 29.0886
      vertex 0 -3.21955 41.577
      vertex 0 -3.21955 29.423
    endloop
  endfacet
  facet normal -1 0 0
    outer loop
      vertex 0 -3.58857 29.0886
      vertex 0 -3.58857 41.9114
      vertex 0 -3.21955 41.577
    endloop
  endfacet
  facet normal -1 0 0
    outer loop
      vertex 0 -3.92303 28.7195
      vertex 0 -3.58857 41.9114
      vertex 0 -3.58857 29.0886
    endloop
  endfacet
  facet normal -1 0 0
    outer loop
      vertex 0 -3.92303 28.7195
      vertex 0 -3.92303 42.2805
      vertex 0 -3.58857 41.9114
    endloop
  endfacet
  facet normal -1 0 0
    outer loop
      vertex 0 -4.21971 28.3195
      vertex 0 -3.92303 42.2805
      vertex 0 -3.92303 28.7195
    endloop
  endfacet
  facet normal -1 0 0
    outer loop
      vertex 0 -4.21971 28.3195
      vertex 0 -4.21971 42.6805
      vertex 0 -3.92303 42.2805
    endloop
  endfacet
  facet normal -1 0 0
    outer loop
      vertex 0 -4.47575 27.8923
      vertex 0 -4.21971 42.6805
      vertex 0 -4.21971 28.3195
    endloop
  endfacet
  facet normal -1 0 0
    outer loop
      vertex 0 -4.47575 27.8923
      vertex 0 -4.47575 43.1077
      vertex 0 -4.21971 42.6805
    endloop
  endfacet
  facet normal -1 0 0
    outer loop
      vertex 0 -4.68869 27.4421
      vertex 0 -4.47575 43.1077
      vertex 0 -4.47575 27.8923
    endloop
  endfacet
  facet normal -1 0 0
    outer loop
      vertex 0 -4.68869 27.4421
      vertex 0 -4.68869 43.5579
      vertex 0 -4.47575 43.1077
    endloop
  endfacet
  facet normal -1 0 0
    outer loop
      vertex 0 -4.85647 26.9732
      vertex 0 -4.68869 43.5579
      vertex 0 -4.68869 27.4421
    endloop
  endfacet
  facet normal -1 0 0
    outer loop
      vertex 0 -4.85647 26.9732
      vertex 0 -4.85647 44.0268
      vertex 0 -4.68869 43.5579
    endloop
  endfacet
  facet normal -1 0 0
    outer loop
      vertex 0 -10 16.01
      vertex 0 -4.85647 26.9732
      vertex 0 -4.97748 26.4901
    endloop
  endfacet
  facet normal -1 -0 0
    outer loop
      vertex 0 -4.85647 26.9732
      vertex 0 -10 16.01
      vertex 0 -4.85647 44.0268
    endloop
  endfacet
  facet normal -1 0 0
    outer loop
      vertex 0 -10 16.01
      vertex 0 -4.97748 26.4901
      vertex 0 -5.05056 25.9974
    endloop
  endfacet
  facet normal -1 0 0
    outer loop
      vertex 0 -10 55
      vertex 0 -4.85647 44.0268
      vertex 0 -10 16.01
    endloop
  endfacet
  facet normal -1 0 0
    outer loop
      vertex 0 -10 16.01
      vertex 0 -5.05056 25.9974
      vertex 0 -5.075 25.5
    endloop
  endfacet
  facet normal -1 0 0
    outer loop
      vertex 0 -4.85647 44.0268
      vertex 0 -10 55
      vertex 0 -4.97748 44.5099
    endloop
  endfacet
  facet normal -1 0 0
    outer loop
      vertex 0 5.075 25.5
      vertex 0 9.5 25.5
      vertex 0 9.45425 24.5688
    endloop
  endfacet
  facet normal -1 0 0
    outer loop
      vertex 0 5.05056 25.9974
      vertex 0 9.5 25.5
      vertex 0 5.075 25.5
    endloop
  endfacet
  facet normal -1 0 0
    outer loop
      vertex 0 5.05056 25.0026
      vertex 0 9.45425 24.5688
      vertex 0 9.31746 23.6466
    endloop
  endfacet
  facet normal -1 0 0
    outer loop
      vertex 0 4.97748 26.4901
      vertex 0 9.5 25.5
      vertex 0 5.05056 25.9974
    endloop
  endfacet
  facet normal -1 0 0
    outer loop
      vertex 0 4.97748 24.5099
      vertex 0 9.31746 23.6466
      vertex 0 9.09093 22.7423
    endloop
  endfacet
  facet normal -1 0 0
    outer loop
      vertex 0 9.5 45.5
      vertex 0 5.075 45.5
      vertex 0 9.45425 46.4312
    endloop
  endfacet
  facet normal -1 0 0
    outer loop
      vertex 0 4.85647 24.0268
      vertex 0 9.09093 22.7423
      vertex 0 8.77686 21.8645
    endloop
  endfacet
  facet normal -1 0 0
    outer loop
      vertex 0 5.05056 45.9974
      vertex 0 9.45425 46.4312
      vertex 0 5.075 45.5
    endloop
  endfacet
  facet normal -1 0 0
    outer loop
      vertex 0 4.68869 23.5579
      vertex 0 8.77686 21.8645
      vertex 0 8.37825 21.0217
    endloop
  endfacet
  facet normal -1 -0 0
    outer loop
      vertex 0 9.45425 46.4312
      vertex 0 5.05056 45.9974
      vertex 0 9.31746 47.3534
    endloop
  endfacet
  facet normal -1 0 0
    outer loop
      vertex 0 4.47575 23.1077
      vertex 0 8.37825 21.0217
      vertex 0 7.89896 20.2221
    endloop
  endfacet
  facet normal -1 0 0
    outer loop
      vertex 0 4.97748 46.4901
      vertex 0 9.31746 47.3534
      vertex 0 5.05056 45.9974
    endloop
  endfacet
  facet normal -1 0 0
    outer loop
      vertex 0 4.21971 22.6805
      vertex 0 7.89896 20.2221
      vertex 0 7.3436 19.4733
    endloop
  endfacet
  facet normal -1 -0 0
    outer loop
      vertex 0 9.31746 47.3534
      vertex 0 4.97748 46.4901
      vertex 0 9.09093 48.2577
    endloop
  endfacet
  facet normal -1 0 0
    outer loop
      vertex 0 3.92303 22.2805
      vertex 0 7.3436 19.4733
      vertex 0 6.71751 18.7825
    endloop
  endfacet
  facet normal -1 0 0
    outer loop
      vertex 0 4.85647 46.9732
      vertex 0 9.09093 48.2577
      vertex 0 4.97748 46.4901
    endloop
  endfacet
  facet normal -1 0 0
    outer loop
      vertex 0 3.58857 21.9114
      vertex 0 6.71751 18.7825
      vertex 0 6.02674 18.1564
    endloop
  endfacet
  facet normal -1 -0 0
    outer loop
      vertex 0 9.09093 48.2577
      vertex 0 4.85647 46.9732
      vertex 0 8.77686 49.1355
    endloop
  endfacet
  facet normal -1 0 0
    outer loop
      vertex 0 3.21955 21.577
      vertex 0 6.02674 18.1564
      vertex 0 5.27792 17.601
    endloop
  endfacet
  facet normal -1 0 0
    outer loop
      vertex 0 4.68869 47.4421
      vertex 0 8.77686 49.1355
      vertex 0 4.85647 46.9732
    endloop
  endfacet
  facet normal -1 -0 0
    outer loop
      vertex 0 8.77686 49.1355
      vertex 0 4.68869 47.4421
      vertex 0 8.37825 49.9783
    endloop
  endfacet
  facet normal -1 0 0
    outer loop
      vertex 0 9.45425 24.5688
      vertex 0 5.05056 25.0026
      vertex 0 5.075 25.5
    endloop
  endfacet
  facet normal -1 0 0
    outer loop
      vertex 0 9.31746 23.6466
      vertex 0 4.97748 24.5099
      vertex 0 5.05056 25.0026
    endloop
  endfacet
  facet normal -1 0 0
    outer loop
      vertex 0 9.09093 22.7423
      vertex 0 4.85647 24.0268
      vertex 0 4.97748 24.5099
    endloop
  endfacet
  facet normal -1 0 0
    outer loop
      vertex 0 8.77686 21.8645
      vertex 0 4.68869 23.5579
      vertex 0 4.85647 24.0268
    endloop
  endfacet
  facet normal -1 0 0
    outer loop
      vertex 0 2.81952 21.2803
      vertex 0 5.27792 17.601
      vertex 0 4.47827 17.1217
    endloop
  endfacet
  facet normal -1 0 0
    outer loop
      vertex 0 8.37825 21.0217
      vertex 0 4.47575 23.1077
      vertex 0 4.68869 23.5579
    endloop
  endfacet
  facet normal -1 0 0
    outer loop
      vertex 0 7.89896 20.2221
      vertex 0 4.21971 22.6805
      vertex 0 4.47575 23.1077
    endloop
  endfacet
  facet normal -1 0 0
    outer loop
      vertex 0 7.3436 19.4733
      vertex 0 3.92303 22.2805
      vertex 0 4.21971 22.6805
    endloop
  endfacet
  facet normal -1 0 0
    outer loop
      vertex 0 2.39234 21.0243
      vertex 0 4.47827 17.1217
      vertex 0 3.63549 16.7231
    endloop
  endfacet
  facet normal -1 0 0
    outer loop
      vertex 0 6.71751 18.7825
      vertex 0 3.58857 21.9114
      vertex 0 3.92303 22.2805
    endloop
  endfacet
  facet normal -1 0 0
    outer loop
      vertex 0 6.02674 18.1564
      vertex 0 3.21955 21.577
      vertex 0 3.58857 21.9114
    endloop
  endfacet
  facet normal -1 0 0
    outer loop
      vertex 0 5.27792 17.601
      vertex 0 2.81952 21.2803
      vertex 0 3.21955 21.577
    endloop
  endfacet
  facet normal -1 0 0
    outer loop
      vertex 0 1.94212 20.8113
      vertex 0 3.63549 16.7231
      vertex 0 2.7577 16.4091
    endloop
  endfacet
  facet normal -1 0 0
    outer loop
      vertex 0 4.47827 17.1217
      vertex 0 2.39234 21.0243
      vertex 0 2.81952 21.2803
    endloop
  endfacet
  facet normal -1 0 0
    outer loop
      vertex 0 3.63549 16.7231
      vertex 0 1.94212 20.8113
      vertex 0 2.39234 21.0243
    endloop
  endfacet
  facet normal -1 0 0
    outer loop
      vertex 0 1.47319 20.6435
      vertex 0 2.7577 16.4091
      vertex 0 1.85336 16.1825
    endloop
  endfacet
  facet normal -1 0 0
    outer loop
      vertex 0 2.7577 16.4091
      vertex 0 1.47319 20.6435
      vertex 0 1.94212 20.8113
    endloop
  endfacet
  facet normal -1 0 0
    outer loop
      vertex 0 1.85336 16.1825
      vertex 0 0.990083 20.5225
      vertex 0 1.47319 20.6435
    endloop
  endfacet
  facet normal -1 0 0
    outer loop
      vertex 0 0.931162 16.0457
      vertex 0 0.990083 20.5225
      vertex 0 1.85336 16.1825
    endloop
  endfacet
  facet normal -1 0 0
    outer loop
      vertex 0 0.931162 16.0457
      vertex 0 0.497437 20.4494
      vertex 0 0.990083 20.5225
    endloop
  endfacet
  facet normal -1 0 0
    outer loop
      vertex 0 0.203556 16.01
      vertex 0 0.497437 20.4494
      vertex 0 0.931162 16.0457
    endloop
  endfacet
  facet normal -1 0 0
    outer loop
      vertex 0 0.203556 16.01
      vertex 0 0 20.425
      vertex 0 0.497437 20.4494
    endloop
  endfacet
  facet normal -1 0 0
    outer loop
      vertex 0 0.203556 16.01
      vertex 0 -0.497437 20.4494
      vertex 0 0 20.425
    endloop
  endfacet
  facet normal -1 0 0
    outer loop
      vertex 0 0.203556 16.01
      vertex 0 -0.990083 20.5225
      vertex 0 -0.497437 20.4494
    endloop
  endfacet
  facet normal -1 0 0
    outer loop
      vertex 0 0.203556 16.01
      vertex 0 -1.47319 20.6435
      vertex 0 -0.990083 20.5225
    endloop
  endfacet
  facet normal -1 0 0
    outer loop
      vertex 0 0.203556 16.01
      vertex 0 -1.94212 20.8113
      vertex 0 -1.47319 20.6435
    endloop
  endfacet
  facet normal -1 0 0
    outer loop
      vertex 0 0.203556 16.01
      vertex 0 -2.39234 21.0243
      vertex 0 -1.94212 20.8113
    endloop
  endfacet
  facet normal -1 0 0
    outer loop
      vertex 0 -10 16.01
      vertex 0 -2.39234 21.0243
      vertex 0 0.203556 16.01
    endloop
  endfacet
  facet normal -1 -0 0
    outer loop
      vertex 0 -2.39234 21.0243
      vertex 0 -10 16.01
      vertex 0 -2.81952 21.2803
    endloop
  endfacet
  facet normal -1 -0 0
    outer loop
      vertex 0 -2.81952 21.2803
      vertex 0 -10 16.01
      vertex 0 -3.21955 21.577
    endloop
  endfacet
  facet normal -1 -0 0
    outer loop
      vertex 0 -3.21955 21.577
      vertex 0 -10 16.01
      vertex 0 -3.58857 21.9114
    endloop
  endfacet
  facet normal -1 -0 0
    outer loop
      vertex 0 -3.58857 21.9114
      vertex 0 -10 16.01
      vertex 0 -3.92303 22.2805
    endloop
  endfacet
  facet normal -1 0 0
    outer loop
      vertex 0 -4.97748 44.5099
      vertex 0 -10 55
      vertex 0 -5.05056 45.0026
    endloop
  endfacet
  facet normal -1 -0 0
    outer loop
      vertex 0 -5.05056 25.0026
      vertex 0 -10 16.01
      vertex 0 -5.075 25.5
    endloop
  endfacet
  facet normal -1 -0 0
    outer loop
      vertex 0 -4.97748 24.5099
      vertex 0 -10 16.01
      vertex 0 -5.05056 25.0026
    endloop
  endfacet
  facet normal -1 -0 0
    outer loop
      vertex 0 -4.85647 24.0268
      vertex 0 -10 16.01
      vertex 0 -4.97748 24.5099
    endloop
  endfacet
  facet normal -1 -0 0
    outer loop
      vertex 0 -4.68869 23.5579
      vertex 0 -10 16.01
      vertex 0 -4.85647 24.0268
    endloop
  endfacet
  facet normal -1 -0 0
    outer loop
      vertex 0 -4.47575 23.1077
      vertex 0 -10 16.01
      vertex 0 -4.68869 23.5579
    endloop
  endfacet
  facet normal -1 -0 0
    outer loop
      vertex 0 -4.21971 22.6805
      vertex 0 -10 16.01
      vertex 0 -4.47575 23.1077
    endloop
  endfacet
  facet normal -1 -0 0
    outer loop
      vertex 0 -3.92303 22.2805
      vertex 0 -10 16.01
      vertex 0 -4.21971 22.6805
    endloop
  endfacet
  facet normal -1 0 0
    outer loop
      vertex 0 4.47575 47.8923
      vertex 0 8.37825 49.9783
      vertex 0 4.68869 47.4421
    endloop
  endfacet
  facet normal -1 -0 0
    outer loop
      vertex 0 8.37825 49.9783
      vertex 0 4.47575 47.8923
      vertex 0 7.89896 50.7779
    endloop
  endfacet
  facet normal -1 0 0
    outer loop
      vertex 0 4.21971 48.3195
      vertex 0 7.89896 50.7779
      vertex 0 4.47575 47.8923
    endloop
  endfacet
  facet normal -1 -0 0
    outer loop
      vertex 0 7.89896 50.7779
      vertex 0 4.21971 48.3195
      vertex 0 7.3436 51.5267
    endloop
  endfacet
  facet normal -1 0 0
    outer loop
      vertex 0 3.92303 48.7195
      vertex 0 7.3436 51.5267
      vertex 0 4.21971 48.3195
    endloop
  endfacet
  facet normal -1 -0 0
    outer loop
      vertex 0 7.3436 51.5267
      vertex 0 3.92303 48.7195
      vertex 0 6.71751 52.2175
    endloop
  endfacet
  facet normal -1 0 0
    outer loop
      vertex 0 3.58857 49.0886
      vertex 0 6.71751 52.2175
      vertex 0 3.92303 48.7195
    endloop
  endfacet
  facet normal -1 -0 0
    outer loop
      vertex 0 6.71751 52.2175
      vertex 0 3.58857 49.0886
      vertex 0 6.02674 52.8436
    endloop
  endfacet
  facet normal -1 0 0
    outer loop
      vertex 0 3.21955 49.423
      vertex 0 6.02674 52.8436
      vertex 0 3.58857 49.0886
    endloop
  endfacet
  facet normal -1 -0 0
    outer loop
      vertex 0 6.02674 52.8436
      vertex 0 3.21955 49.423
      vertex 0 5.27792 53.399
    endloop
  endfacet
  facet normal -1 0 0
    outer loop
      vertex 0 2.81952 49.7197
      vertex 0 5.27792 53.399
      vertex 0 3.21955 49.423
    endloop
  endfacet
  facet normal -1 -0 0
    outer loop
      vertex 0 5.27792 53.399
      vertex 0 2.81952 49.7197
      vertex 0 4.47827 53.8783
    endloop
  endfacet
  facet normal -1 0 0
    outer loop
      vertex 0 2.39234 49.9757
      vertex 0 4.47827 53.8783
      vertex 0 2.81952 49.7197
    endloop
  endfacet
  facet normal -1 -0 0
    outer loop
      vertex 0 4.47827 53.8783
      vertex 0 2.39234 49.9757
      vertex 0 3.63549 54.2769
    endloop
  endfacet
  facet normal -1 0 0
    outer loop
      vertex 0 1.94212 50.1887
      vertex 0 3.63549 54.2769
      vertex 0 2.39234 49.9757
    endloop
  endfacet
  facet normal -1 -0 0
    outer loop
      vertex 0 3.63549 54.2769
      vertex 0 1.94212 50.1887
      vertex 0 2.7577 54.5909
    endloop
  endfacet
  facet normal -1 0 0
    outer loop
      vertex 0 1.47319 50.3565
      vertex 0 2.7577 54.5909
      vertex 0 1.94212 50.1887
    endloop
  endfacet
  facet normal -1 -0 0
    outer loop
      vertex 0 2.7577 54.5909
      vertex 0 1.47319 50.3565
      vertex 0 1.85336 54.8175
    endloop
  endfacet
  facet normal -1 0 0
    outer loop
      vertex 0 0.990083 50.4775
      vertex 0 1.85336 54.8175
      vertex 0 1.47319 50.3565
    endloop
  endfacet
  facet normal -1 0 0
    outer loop
      vertex 0 0.990083 50.4775
      vertex 0 0.931162 54.9543
      vertex 0 1.85336 54.8175
    endloop
  endfacet
  facet normal -1 0 0
    outer loop
      vertex 0 0.497437 50.5506
      vertex 0 0.931162 54.9543
      vertex 0 0.990083 50.4775
    endloop
  endfacet
  facet normal -1 0 0
    outer loop
      vertex 0 0 50.575
      vertex 0 0.931162 54.9543
      vertex 0 0.497437 50.5506
    endloop
  endfacet
  facet normal -1 0 0
    outer loop
      vertex 0 0 50.575
      vertex 0 0 55
      vertex 0 0.931162 54.9543
    endloop
  endfacet
  facet normal -1 0 0
    outer loop
      vertex 0 -0.497437 50.5506
      vertex 0 0 55
      vertex 0 0 50.575
    endloop
  endfacet
  facet normal -1 0 0
    outer loop
      vertex 0 -0.990083 50.4775
      vertex 0 0 55
      vertex 0 -0.497437 50.5506
    endloop
  endfacet
  facet normal -1 0 0
    outer loop
      vertex 0 -1.47319 50.3565
      vertex 0 0 55
      vertex 0 -0.990083 50.4775
    endloop
  endfacet
  facet normal -1 0 0
    outer loop
      vertex 0 -1.94212 50.1887
      vertex 0 0 55
      vertex 0 -1.47319 50.3565
    endloop
  endfacet
  facet normal -1 0 0
    outer loop
      vertex 0 -2.39234 49.9757
      vertex 0 0 55
      vertex 0 -1.94212 50.1887
    endloop
  endfacet
  facet normal -1 0 0
    outer loop
      vertex 0 -10 55
      vertex 0 -2.39234 49.9757
      vertex 0 -2.81952 49.7197
    endloop
  endfacet
  facet normal -1 0 0
    outer loop
      vertex 0 -10 55
      vertex 0 -2.81952 49.7197
      vertex 0 -3.21955 49.423
    endloop
  endfacet
  facet normal -1 0 0
    outer loop
      vertex 0 -10 55
      vertex 0 -3.21955 49.423
      vertex 0 -3.58857 49.0886
    endloop
  endfacet
  facet normal -1 0 0
    outer loop
      vertex 0 -10 55
      vertex 0 -3.58857 49.0886
      vertex 0 -3.92303 48.7195
    endloop
  endfacet
  facet normal -1 0 0
    outer loop
      vertex 0 -10 55
      vertex 0 -3.92303 48.7195
      vertex 0 -4.21971 48.3195
    endloop
  endfacet
  facet normal -1 0 0
    outer loop
      vertex 0 -5.05056 45.0026
      vertex 0 -10 55
      vertex 0 -5.075 45.5
    endloop
  endfacet
  facet normal -1 0 0
    outer loop
      vertex 0 -5.075 45.5
      vertex 0 -10 55
      vertex 0 -5.05056 45.9974
    endloop
  endfacet
  facet normal -1 0 0
    outer loop
      vertex 0 -2.39234 49.9757
      vertex 0 -10 55
      vertex 0 0 55
    endloop
  endfacet
  facet normal -1 0 0
    outer loop
      vertex 0 -4.47575 47.8923
      vertex 0 -10 55
      vertex 0 -4.21971 48.3195
    endloop
  endfacet
  facet normal -1 0 0
    outer loop
      vertex 0 -4.68869 47.4421
      vertex 0 -10 55
      vertex 0 -4.47575 47.8923
    endloop
  endfacet
  facet normal -1 0 0
    outer loop
      vertex 0 -4.85647 46.9732
      vertex 0 -10 55
      vertex 0 -4.68869 47.4421
    endloop
  endfacet
  facet normal -1 0 0
    outer loop
      vertex 0 -4.97748 46.4901
      vertex 0 -10 55
      vertex 0 -4.85647 46.9732
    endloop
  endfacet
  facet normal -1 0 0
    outer loop
      vertex 0 -5.05056 45.9974
      vertex 0 -10 55
      vertex 0 -4.97748 46.4901
    endloop
  endfacet
  facet normal 0 0.970028 -0.242995
    outer loop
      vertex -6.1 9.09093 22.7423
      vertex -11.1 9.31746 23.6466
      vertex -6.1 9.31746 23.6466
    endloop
  endfacet
  facet normal 0 0.970028 -0.242995
    outer loop
      vertex -11.1 9.31746 23.6466
      vertex -6.1 9.09093 22.7423
      vertex -11.1 9.09093 22.7423
    endloop
  endfacet
  facet normal 0 1 -0
    outer loop
      vertex -6.1 9.5 25.5
      vertex -11.1 9.5 45.5
      vertex -6.1 9.5 45.5
    endloop
  endfacet
  facet normal 0 1 0
    outer loop
      vertex -11.1 9.5 45.5
      vertex -6.1 9.5 25.5
      vertex -11.1 9.5 25.5
    endloop
  endfacet
  facet normal 0 0.970028 0.242995
    outer loop
      vertex -6.1 9.31746 47.3534
      vertex -11.1 9.09093 48.2577
      vertex -6.1 9.09093 48.2577
    endloop
  endfacet
  facet normal 0 0.970028 0.242995
    outer loop
      vertex -11.1 9.09093 48.2577
      vertex -6.1 9.31746 47.3534
      vertex -11.1 9.31746 47.3534
    endloop
  endfacet
  facet normal -0 0.595725 0.803188
    outer loop
      vertex -11.1 6.02674 52.8436
      vertex -6.1 5.27792 53.399
      vertex -6.1 6.02674 52.8436
    endloop
  endfacet
  facet normal 0 0.595725 0.803188
    outer loop
      vertex -6.1 5.27792 53.399
      vertex -11.1 6.02674 52.8436
      vertex -11.1 5.27792 53.399
    endloop
  endfacet
  facet normal 0 0.514109 -0.857725
    outer loop
      vertex -11.1 4.47827 17.1217
      vertex -6.1 5.27792 17.601
      vertex -6.1 4.47827 17.1217
    endloop
  endfacet
  facet normal 0 0.514109 -0.857725
    outer loop
      vertex -6.1 5.27792 17.601
      vertex -11.1 4.47827 17.1217
      vertex -11.1 5.27792 17.601
    endloop
  endfacet
  facet normal 0 0.671572 -0.740939
    outer loop
      vertex -11.1 6.02674 18.1564
      vertex -6.1 6.71751 18.7825
      vertex -6.1 6.02674 18.1564
    endloop
  endfacet
  facet normal 0 0.671572 -0.740939
    outer loop
      vertex -6.1 6.71751 18.7825
      vertex -11.1 6.02674 18.1564
      vertex -11.1 6.71751 18.7825
    endloop
  endfacet
  facet normal 0 0.998795 -0.049071
    outer loop
      vertex -6.1 9.45425 24.5688
      vertex -11.1 9.5 25.5
      vertex -6.1 9.5 25.5
    endloop
  endfacet
  facet normal 0 0.998795 -0.049071
    outer loop
      vertex -11.1 9.5 25.5
      vertex -6.1 9.45425 24.5688
      vertex -11.1 9.45425 24.5688
    endloop
  endfacet
  facet normal 0 0.803201 0.595708
    outer loop
      vertex -6.1 7.89896 50.7779
      vertex -11.1 7.3436 51.5267
      vertex -6.1 7.3436 51.5267
    endloop
  endfacet
  facet normal 0 0.803201 0.595708
    outer loop
      vertex -11.1 7.3436 51.5267
      vertex -6.1 7.89896 50.7779
      vertex -11.1 7.89896 50.7779
    endloop
  endfacet
  facet normal -0 0.514109 0.857725
    outer loop
      vertex -11.1 5.27792 53.399
      vertex -6.1 4.47827 53.8783
      vertex -6.1 5.27792 53.399
    endloop
  endfacet
  facet normal 0 0.514109 0.857725
    outer loop
      vertex -6.1 4.47827 53.8783
      vertex -11.1 5.27792 53.399
      vertex -11.1 4.47827 53.8783
    endloop
  endfacet
  facet normal 0 0.740959 0.67155
    outer loop
      vertex -6.1 7.3436 51.5267
      vertex -11.1 6.71751 52.2175
      vertex -6.1 6.71751 52.2175
    endloop
  endfacet
  facet normal 0 0.740959 0.67155
    outer loop
      vertex -11.1 6.71751 52.2175
      vertex -6.1 7.3436 51.5267
      vertex -11.1 7.3436 51.5267
    endloop
  endfacet
  facet normal -0 0.42755 0.903991
    outer loop
      vertex -11.1 4.47827 53.8783
      vertex -6.1 3.63549 54.2769
      vertex -6.1 4.47827 53.8783
    endloop
  endfacet
  facet normal 0 0.42755 0.903991
    outer loop
      vertex -6.1 3.63549 54.2769
      vertex -11.1 4.47827 53.8783
      vertex -11.1 3.63549 54.2769
    endloop
  endfacet
  facet normal 0 0.740959 -0.67155
    outer loop
      vertex -6.1 6.71751 18.7825
      vertex -11.1 7.3436 19.4733
      vertex -6.1 7.3436 19.4733
    endloop
  endfacet
  facet normal 0 0.740959 -0.67155
    outer loop
      vertex -11.1 7.3436 19.4733
      vertex -6.1 6.71751 18.7825
      vertex -11.1 6.71751 18.7825
    endloop
  endfacet
  facet normal 0 0.989177 -0.146725
    outer loop
      vertex -6.1 9.31746 23.6466
      vertex -11.1 9.45425 24.5688
      vertex -6.1 9.45425 24.5688
    endloop
  endfacet
  facet normal 0 0.989177 -0.146725
    outer loop
      vertex -11.1 9.45425 24.5688
      vertex -6.1 9.31746 23.6466
      vertex -11.1 9.31746 23.6466
    endloop
  endfacet
  facet normal 0 0.941548 -0.336879
    outer loop
      vertex -6.1 8.77686 21.8645
      vertex -11.1 9.09093 22.7423
      vertex -6.1 9.09093 22.7423
    endloop
  endfacet
  facet normal 0 0.941548 -0.336879
    outer loop
      vertex -11.1 9.09093 22.7423
      vertex -6.1 8.77686 21.8645
      vertex -11.1 8.77686 21.8645
    endloop
  endfacet
  facet normal 0 0.903991 -0.427551
    outer loop
      vertex -6.1 8.37825 21.0217
      vertex -11.1 8.77686 21.8645
      vertex -6.1 8.77686 21.8645
    endloop
  endfacet
  facet normal 0 0.903991 -0.427551
    outer loop
      vertex -11.1 8.77686 21.8645
      vertex -6.1 8.37825 21.0217
      vertex -11.1 8.37825 21.0217
    endloop
  endfacet
  facet normal 0 0.989177 0.146725
    outer loop
      vertex -6.1 9.45425 46.4312
      vertex -11.1 9.31746 47.3534
      vertex -6.1 9.31746 47.3534
    endloop
  endfacet
  facet normal 0 0.989177 0.146725
    outer loop
      vertex -11.1 9.31746 47.3534
      vertex -6.1 9.45425 46.4312
      vertex -11.1 9.45425 46.4312
    endloop
  endfacet
  facet normal -0 0.146736 0.989176
    outer loop
      vertex -11.1 1.85336 54.8175
      vertex -6.1 0.931162 54.9543
      vertex -6.1 1.85336 54.8175
    endloop
  endfacet
  facet normal 0 0.146736 0.989176
    outer loop
      vertex -6.1 0.931162 54.9543
      vertex -11.1 1.85336 54.8175
      vertex -11.1 0.931162 54.9543
    endloop
  endfacet
  facet normal 0 0.903991 0.427551
    outer loop
      vertex -6.1 8.77686 49.1355
      vertex -11.1 8.37825 49.9783
      vertex -6.1 8.37825 49.9783
    endloop
  endfacet
  facet normal 0 0.903991 0.427551
    outer loop
      vertex -11.1 8.37825 49.9783
      vertex -6.1 8.77686 49.1355
      vertex -11.1 8.77686 49.1355
    endloop
  endfacet
  facet normal -0 0.671572 0.740939
    outer loop
      vertex -11.1 6.71751 52.2175
      vertex -6.1 6.02674 52.8436
      vertex -6.1 6.71751 52.2175
    endloop
  endfacet
  facet normal 0 0.671572 0.740939
    outer loop
      vertex -6.1 6.02674 52.8436
      vertex -11.1 6.71751 52.2175
      vertex -11.1 6.02674 52.8436
    endloop
  endfacet
  facet normal 0 0.857715 0.514125
    outer loop
      vertex -6.1 8.37825 49.9783
      vertex -11.1 7.89896 50.7779
      vertex -6.1 7.89896 50.7779
    endloop
  endfacet
  facet normal 0 0.857715 0.514125
    outer loop
      vertex -11.1 7.89896 50.7779
      vertex -6.1 8.37825 49.9783
      vertex -11.1 8.37825 49.9783
    endloop
  endfacet
  facet normal 0 0.941548 0.336879
    outer loop
      vertex -6.1 9.09093 48.2577
      vertex -11.1 8.77686 49.1355
      vertex -6.1 8.77686 49.1355
    endloop
  endfacet
  facet normal 0 0.941548 0.336879
    outer loop
      vertex -11.1 8.77686 49.1355
      vertex -6.1 9.09093 48.2577
      vertex -11.1 9.09093 48.2577
    endloop
  endfacet
  facet normal 0 0.595725 -0.803188
    outer loop
      vertex -11.1 5.27792 17.601
      vertex -6.1 6.02674 18.1564
      vertex -6.1 5.27792 17.601
    endloop
  endfacet
  facet normal 0 0.595725 -0.803188
    outer loop
      vertex -6.1 6.02674 18.1564
      vertex -11.1 5.27792 17.601
      vertex -11.1 6.02674 18.1564
    endloop
  endfacet
  facet normal 0 0.336815 -0.941571
    outer loop
      vertex -11.1 2.7577 16.4091
      vertex -6.1 3.63549 16.7231
      vertex -6.1 2.7577 16.4091
    endloop
  endfacet
  facet normal 0 0.336815 -0.941571
    outer loop
      vertex -6.1 3.63549 16.7231
      vertex -11.1 2.7577 16.4091
      vertex -11.1 3.63549 16.7231
    endloop
  endfacet
  facet normal 0 0.243055 -0.970012
    outer loop
      vertex -11.1 1.85336 16.1825
      vertex -6.1 2.7577 16.4091
      vertex -6.1 1.85336 16.1825
    endloop
  endfacet
  facet normal 0 0.243055 -0.970012
    outer loop
      vertex -6.1 2.7577 16.4091
      vertex -11.1 1.85336 16.1825
      vertex -11.1 2.7577 16.4091
    endloop
  endfacet
  facet normal 0 0.146736 -0.989176
    outer loop
      vertex -11.1 0.931162 16.0457
      vertex -6.1 1.85336 16.1825
      vertex -6.1 0.931162 16.0457
    endloop
  endfacet
  facet normal 0 0.146736 -0.989176
    outer loop
      vertex -6.1 1.85336 16.1825
      vertex -11.1 0.931162 16.0457
      vertex -11.1 1.85336 16.1825
    endloop
  endfacet
  facet normal 0 0.0490061 -0.998798
    outer loop
      vertex -11.1 0.203556 16.01
      vertex -6.1 0.931162 16.0457
      vertex -6.1 0.203556 16.01
    endloop
  endfacet
  facet normal 0 0.0490061 -0.998798
    outer loop
      vertex -6.1 0.931162 16.0457
      vertex -11.1 0.203556 16.01
      vertex -11.1 0.931162 16.0457
    endloop
  endfacet
  facet normal 0 0.998795 0.049071
    outer loop
      vertex -6.1 9.5 45.5
      vertex -11.1 9.45425 46.4312
      vertex -6.1 9.45425 46.4312
    endloop
  endfacet
  facet normal 0 0.998795 0.049071
    outer loop
      vertex -11.1 9.45425 46.4312
      vertex -6.1 9.5 45.5
      vertex -11.1 9.5 45.5
    endloop
  endfacet
  facet normal 0 0.803201 -0.595708
    outer loop
      vertex -6.1 7.3436 19.4733
      vertex -11.1 7.89896 20.2221
      vertex -6.1 7.89896 20.2221
    endloop
  endfacet
  facet normal 0 0.803201 -0.595708
    outer loop
      vertex -11.1 7.89896 20.2221
      vertex -6.1 7.3436 19.4733
      vertex -11.1 7.3436 19.4733
    endloop
  endfacet
  facet normal -0 0.336815 0.941571
    outer loop
      vertex -11.1 3.63549 54.2769
      vertex -6.1 2.7577 54.5909
      vertex -6.1 3.63549 54.2769
    endloop
  endfacet
  facet normal 0 0.336815 0.941571
    outer loop
      vertex -6.1 2.7577 54.5909
      vertex -11.1 3.63549 54.2769
      vertex -11.1 2.7577 54.5909
    endloop
  endfacet
  facet normal 0 0.857715 -0.514125
    outer loop
      vertex -6.1 7.89896 20.2221
      vertex -11.1 8.37825 21.0217
      vertex -6.1 8.37825 21.0217
    endloop
  endfacet
  facet normal 0 0.857715 -0.514125
    outer loop
      vertex -11.1 8.37825 21.0217
      vertex -6.1 7.89896 20.2221
      vertex -11.1 7.89896 20.2221
    endloop
  endfacet
  facet normal 0 0.42755 -0.903991
    outer loop
      vertex -11.1 3.63549 16.7231
      vertex -6.1 4.47827 17.1217
      vertex -6.1 3.63549 16.7231
    endloop
  endfacet
  facet normal 0 0.42755 -0.903991
    outer loop
      vertex -6.1 4.47827 17.1217
      vertex -11.1 3.63549 16.7231
      vertex -11.1 4.47827 17.1217
    endloop
  endfacet
  facet normal -0 0.243055 0.970012
    outer loop
      vertex -11.1 2.7577 54.5909
      vertex -6.1 1.85336 54.8175
      vertex -6.1 2.7577 54.5909
    endloop
  endfacet
  facet normal 0 0.243055 0.970012
    outer loop
      vertex -6.1 1.85336 54.8175
      vertex -11.1 2.7577 54.5909
      vertex -11.1 1.85336 54.8175
    endloop
  endfacet
  facet normal 1 0 0
    outer loop
      vertex -6.1 4.85647 44.0268
      vertex -6.1 9.5 45.5
      vertex -6.1 4.97748 44.5099
    endloop
  endfacet
  facet normal 1 0 0
    outer loop
      vertex -6.1 9.5 25.5
      vertex -6.1 5.05056 25.9974
      vertex -6.1 5.075 25.5
    endloop
  endfacet
  facet normal 1 0 0
    outer loop
      vertex -6.1 4.68869 43.5579
      vertex -6.1 9.5 45.5
      vertex -6.1 4.85647 44.0268
    endloop
  endfacet
  facet normal 1 0 0
    outer loop
      vertex -6.1 9.5 25.5
      vertex -6.1 4.97748 26.4901
      vertex -6.1 5.05056 25.9974
    endloop
  endfacet
  facet normal 1 0 0
    outer loop
      vertex -6.1 4.47575 43.1077
      vertex -6.1 9.5 45.5
      vertex -6.1 4.68869 43.5579
    endloop
  endfacet
  facet normal 1 0 0
    outer loop
      vertex -6.1 9.5 25.5
      vertex -6.1 4.85647 26.9732
      vertex -6.1 4.97748 26.4901
    endloop
  endfacet
  facet normal 1 0 0
    outer loop
      vertex -6.1 4.21971 42.6805
      vertex -6.1 9.5 45.5
      vertex -6.1 4.47575 43.1077
    endloop
  endfacet
  facet normal 1 0 0
    outer loop
      vertex -6.1 9.5 25.5
      vertex -6.1 4.68869 27.4421
      vertex -6.1 4.85647 26.9732
    endloop
  endfacet
  facet normal 1 0 0
    outer loop
      vertex -6.1 3.92303 42.2805
      vertex -6.1 9.5 45.5
      vertex -6.1 4.21971 42.6805
    endloop
  endfacet
  facet normal 1 0 0
    outer loop
      vertex -6.1 9.5 25.5
      vertex -6.1 4.47575 27.8923
      vertex -6.1 4.68869 27.4421
    endloop
  endfacet
  facet normal 1 0 0
    outer loop
      vertex -6.1 9.5 45.5
      vertex -6.1 3.92303 42.2805
      vertex -6.1 9.5 25.5
    endloop
  endfacet
  facet normal 1 0 0
    outer loop
      vertex -6.1 9.5 25.5
      vertex -6.1 4.21971 28.3195
      vertex -6.1 4.47575 27.8923
    endloop
  endfacet
  facet normal 1 -0 0
    outer loop
      vertex -6.1 3.92303 28.7195
      vertex -6.1 9.5 25.5
      vertex -6.1 3.92303 42.2805
    endloop
  endfacet
  facet normal 1 0 0
    outer loop
      vertex -6.1 9.5 25.5
      vertex -6.1 3.92303 28.7195
      vertex -6.1 4.21971 28.3195
    endloop
  endfacet
  facet normal 1 -0 0
    outer loop
      vertex -6.1 3.58857 41.9114
      vertex -6.1 3.92303 28.7195
      vertex -6.1 3.92303 42.2805
    endloop
  endfacet
  facet normal 1 0 0
    outer loop
      vertex -6.1 3.58857 41.9114
      vertex -6.1 3.58857 29.0886
      vertex -6.1 3.92303 28.7195
    endloop
  endfacet
  facet normal 1 -0 0
    outer loop
      vertex -6.1 3.21955 41.577
      vertex -6.1 3.58857 29.0886
      vertex -6.1 3.58857 41.9114
    endloop
  endfacet
  facet normal 1 0 0
    outer loop
      vertex -6.1 3.21955 41.577
      vertex -6.1 3.21955 29.423
      vertex -6.1 3.58857 29.0886
    endloop
  endfacet
  facet normal 1 -0 0
    outer loop
      vertex -6.1 2.81952 41.2803
      vertex -6.1 3.21955 29.423
      vertex -6.1 3.21955 41.577
    endloop
  endfacet
  facet normal 1 0 0
    outer loop
      vertex -6.1 2.81952 41.2803
      vertex -6.1 2.81952 29.7197
      vertex -6.1 3.21955 29.423
    endloop
  endfacet
  facet normal 1 -0 0
    outer loop
      vertex -6.1 2.39234 41.0243
      vertex -6.1 2.81952 29.7197
      vertex -6.1 2.81952 41.2803
    endloop
  endfacet
  facet normal 1 0 0
    outer loop
      vertex -6.1 2.39234 41.0243
      vertex -6.1 2.39234 29.9757
      vertex -6.1 2.81952 29.7197
    endloop
  endfacet
  facet normal 1 -0 0
    outer loop
      vertex -6.1 1.94212 40.8113
      vertex -6.1 2.39234 29.9757
      vertex -6.1 2.39234 41.0243
    endloop
  endfacet
  facet normal 1 0 0
    outer loop
      vertex -6.1 1.94212 40.8113
      vertex -6.1 1.94212 30.1887
      vertex -6.1 2.39234 29.9757
    endloop
  endfacet
  facet normal 1 -0 0
    outer loop
      vertex -6.1 1.47319 40.6435
      vertex -6.1 1.94212 30.1887
      vertex -6.1 1.94212 40.8113
    endloop
  endfacet
  facet normal 1 0 0
    outer loop
      vertex -6.1 1.47319 40.6435
      vertex -6.1 1.47319 30.3565
      vertex -6.1 1.94212 30.1887
    endloop
  endfacet
  facet normal 1 -0 0
    outer loop
      vertex -6.1 0.990083 40.5225
      vertex -6.1 1.47319 30.3565
      vertex -6.1 1.47319 40.6435
    endloop
  endfacet
  facet normal 1 0 0
    outer loop
      vertex -6.1 0.990083 40.5225
      vertex -6.1 0.990083 30.4775
      vertex -6.1 1.47319 30.3565
    endloop
  endfacet
  facet normal 1 -0 0
    outer loop
      vertex -6.1 0.497437 40.4494
      vertex -6.1 0.990083 30.4775
      vertex -6.1 0.990083 40.5225
    endloop
  endfacet
  facet normal 1 0 0
    outer loop
      vertex -6.1 0.497437 40.4494
      vertex -6.1 0.497437 30.5506
      vertex -6.1 0.990083 30.4775
    endloop
  endfacet
  facet normal 1 -0 0
    outer loop
      vertex -6.1 0 40.425
      vertex -6.1 0.497437 30.5506
      vertex -6.1 0.497437 40.4494
    endloop
  endfacet
  facet normal 1 0 0
    outer loop
      vertex -6.1 0 40.425
      vertex -6.1 0 30.575
      vertex -6.1 0.497437 30.5506
    endloop
  endfacet
  facet normal 1 0 0
    outer loop
      vertex -6.1 -0.497437 40.4494
      vertex -6.1 0 30.575
      vertex -6.1 0 40.425
    endloop
  endfacet
  facet normal 1 0 0
    outer loop
      vertex -6.1 -0.497437 40.4494
      vertex -6.1 -0.497437 30.5506
      vertex -6.1 0 30.575
    endloop
  endfacet
  facet normal 1 0 0
    outer loop
      vertex -6.1 -0.990083 40.5225
      vertex -6.1 -0.497437 30.5506
      vertex -6.1 -0.497437 40.4494
    endloop
  endfacet
  facet normal 1 0 0
    outer loop
      vertex -6.1 -0.990083 40.5225
      vertex -6.1 -0.990083 30.4775
      vertex -6.1 -0.497437 30.5506
    endloop
  endfacet
  facet normal 1 0 0
    outer loop
      vertex -6.1 -1.47319 40.6435
      vertex -6.1 -0.990083 30.4775
      vertex -6.1 -0.990083 40.5225
    endloop
  endfacet
  facet normal 1 0 0
    outer loop
      vertex -6.1 -1.47319 40.6435
      vertex -6.1 -1.47319 30.3565
      vertex -6.1 -0.990083 30.4775
    endloop
  endfacet
  facet normal 1 0 0
    outer loop
      vertex -6.1 -1.94212 40.8113
      vertex -6.1 -1.47319 30.3565
      vertex -6.1 -1.47319 40.6435
    endloop
  endfacet
  facet normal 1 0 0
    outer loop
      vertex -6.1 -1.94212 40.8113
      vertex -6.1 -1.94212 30.1887
      vertex -6.1 -1.47319 30.3565
    endloop
  endfacet
  facet normal 1 0 0
    outer loop
      vertex -6.1 -2.39234 41.0243
      vertex -6.1 -1.94212 30.1887
      vertex -6.1 -1.94212 40.8113
    endloop
  endfacet
  facet normal 1 0 0
    outer loop
      vertex -6.1 -2.39234 41.0243
      vertex -6.1 -2.39234 29.9757
      vertex -6.1 -1.94212 30.1887
    endloop
  endfacet
  facet normal 1 0 0
    outer loop
      vertex -6.1 -2.81952 41.2803
      vertex -6.1 -2.39234 29.9757
      vertex -6.1 -2.39234 41.0243
    endloop
  endfacet
  facet normal 1 0 0
    outer loop
      vertex -6.1 -2.81952 41.2803
      vertex -6.1 -2.81952 29.7197
      vertex -6.1 -2.39234 29.9757
    endloop
  endfacet
  facet normal 1 0 0
    outer loop
      vertex -6.1 -3.21955 41.577
      vertex -6.1 -2.81952 29.7197
      vertex -6.1 -2.81952 41.2803
    endloop
  endfacet
  facet normal 1 0 0
    outer loop
      vertex -6.1 -3.21955 41.577
      vertex -6.1 -3.21955 29.423
      vertex -6.1 -2.81952 29.7197
    endloop
  endfacet
  facet normal 1 0 0
    outer loop
      vertex -6.1 -3.58857 41.9114
      vertex -6.1 -3.21955 29.423
      vertex -6.1 -3.21955 41.577
    endloop
  endfacet
  facet normal 1 0 0
    outer loop
      vertex -6.1 -3.58857 41.9114
      vertex -6.1 -3.58857 29.0886
      vertex -6.1 -3.21955 29.423
    endloop
  endfacet
  facet normal 1 0 0
    outer loop
      vertex -6.1 -3.92303 42.2805
      vertex -6.1 -3.58857 29.0886
      vertex -6.1 -3.58857 41.9114
    endloop
  endfacet
  facet normal 1 0 0
    outer loop
      vertex -6.1 -3.92303 42.2805
      vertex -6.1 -3.92303 28.7195
      vertex -6.1 -3.58857 29.0886
    endloop
  endfacet
  facet normal 1 0 0
    outer loop
      vertex -6.1 -4.21971 42.6805
      vertex -6.1 -3.92303 28.7195
      vertex -6.1 -3.92303 42.2805
    endloop
  endfacet
  facet normal 1 0 0
    outer loop
      vertex -6.1 -4.21971 42.6805
      vertex -6.1 -4.21971 28.3195
      vertex -6.1 -3.92303 28.7195
    endloop
  endfacet
  facet normal 1 0 0
    outer loop
      vertex -6.1 -4.47575 43.1077
      vertex -6.1 -4.21971 28.3195
      vertex -6.1 -4.21971 42.6805
    endloop
  endfacet
  facet normal 1 0 0
    outer loop
      vertex -6.1 -4.47575 43.1077
      vertex -6.1 -4.47575 27.8923
      vertex -6.1 -4.21971 28.3195
    endloop
  endfacet
  facet normal 1 0 0
    outer loop
      vertex -6.1 -4.68869 43.5579
      vertex -6.1 -4.47575 27.8923
      vertex -6.1 -4.47575 43.1077
    endloop
  endfacet
  facet normal 1 0 0
    outer loop
      vertex -6.1 -4.68869 43.5579
      vertex -6.1 -4.68869 27.4421
      vertex -6.1 -4.47575 27.8923
    endloop
  endfacet
  facet normal 1 0 0
    outer loop
      vertex -6.1 -4.85647 44.0268
      vertex -6.1 -4.68869 27.4421
      vertex -6.1 -4.68869 43.5579
    endloop
  endfacet
  facet normal 1 0 0
    outer loop
      vertex -6.1 -4.85647 44.0268
      vertex -6.1 -4.85647 26.9732
      vertex -6.1 -4.68869 27.4421
    endloop
  endfacet
  facet normal 1 0 0
    outer loop
      vertex -6.1 -10 55
      vertex -6.1 -4.85647 44.0268
      vertex -6.1 -4.97748 44.5099
    endloop
  endfacet
  facet normal 1 0 0
    outer loop
      vertex -6.1 -4.85647 44.0268
      vertex -6.1 -10 55
      vertex -6.1 -4.85647 26.9732
    endloop
  endfacet
  facet normal 1 0 0
    outer loop
      vertex -6.1 -10 55
      vertex -6.1 -4.97748 44.5099
      vertex -6.1 -5.05056 45.0026
    endloop
  endfacet
  facet normal 1 0 0
    outer loop
      vertex -6.1 -10 16.01
      vertex -6.1 -4.85647 26.9732
      vertex -6.1 -10 55
    endloop
  endfacet
  facet normal 1 0 0
    outer loop
      vertex -6.1 -10 55
      vertex -6.1 -5.05056 45.0026
      vertex -6.1 -5.075 45.5
    endloop
  endfacet
  facet normal 1 0 0
    outer loop
      vertex -6.1 -4.85647 26.9732
      vertex -6.1 -10 16.01
      vertex -6.1 -4.97748 26.4901
    endloop
  endfacet
  facet normal 1 0 0
    outer loop
      vertex -6.1 5.075 45.5
      vertex -6.1 9.5 45.5
      vertex -6.1 9.45425 46.4312
    endloop
  endfacet
  facet normal 1 0 0
    outer loop
      vertex -6.1 5.05056 45.0026
      vertex -6.1 9.5 45.5
      vertex -6.1 5.075 45.5
    endloop
  endfacet
  facet normal 1 0 0
    outer loop
      vertex -6.1 5.05056 45.9974
      vertex -6.1 9.45425 46.4312
      vertex -6.1 9.31746 47.3534
    endloop
  endfacet
  facet normal 1 0 0
    outer loop
      vertex -6.1 4.97748 44.5099
      vertex -6.1 9.5 45.5
      vertex -6.1 5.05056 45.0026
    endloop
  endfacet
  facet normal 1 0 0
    outer loop
      vertex -6.1 4.97748 46.4901
      vertex -6.1 9.31746 47.3534
      vertex -6.1 9.09093 48.2577
    endloop
  endfacet
  facet normal 1 0 0
    outer loop
      vertex -6.1 9.5 25.5
      vertex -6.1 5.075 25.5
      vertex -6.1 9.45425 24.5688
    endloop
  endfacet
  facet normal 1 0 0
    outer loop
      vertex -6.1 4.85647 46.9732
      vertex -6.1 9.09093 48.2577
      vertex -6.1 8.77686 49.1355
    endloop
  endfacet
  facet normal 1 -0 0
    outer loop
      vertex -6.1 5.05056 25.0026
      vertex -6.1 9.45425 24.5688
      vertex -6.1 5.075 25.5
    endloop
  endfacet
  facet normal 1 0 0
    outer loop
      vertex -6.1 4.68869 47.4421
      vertex -6.1 8.77686 49.1355
      vertex -6.1 8.37825 49.9783
    endloop
  endfacet
  facet normal 1 0 0
    outer loop
      vertex -6.1 9.45425 24.5688
      vertex -6.1 5.05056 25.0026
      vertex -6.1 9.31746 23.6466
    endloop
  endfacet
  facet normal 1 0 0
    outer loop
      vertex -6.1 4.47575 47.8923
      vertex -6.1 8.37825 49.9783
      vertex -6.1 7.89896 50.7779
    endloop
  endfacet
  facet normal 1 -0 0
    outer loop
      vertex -6.1 4.97748 24.5099
      vertex -6.1 9.31746 23.6466
      vertex -6.1 5.05056 25.0026
    endloop
  endfacet
  facet normal 1 0 0
    outer loop
      vertex -6.1 4.21971 48.3195
      vertex -6.1 7.89896 50.7779
      vertex -6.1 7.3436 51.5267
    endloop
  endfacet
  facet normal 1 0 0
    outer loop
      vertex -6.1 9.31746 23.6466
      vertex -6.1 4.97748 24.5099
      vertex -6.1 9.09093 22.7423
    endloop
  endfacet
  facet normal 1 0 0
    outer loop
      vertex -6.1 3.92303 48.7195
      vertex -6.1 7.3436 51.5267
      vertex -6.1 6.71751 52.2175
    endloop
  endfacet
  facet normal 1 -0 0
    outer loop
      vertex -6.1 4.85647 24.0268
      vertex -6.1 9.09093 22.7423
      vertex -6.1 4.97748 24.5099
    endloop
  endfacet
  facet normal 1 0 0
    outer loop
      vertex -6.1 3.58857 49.0886
      vertex -6.1 6.71751 52.2175
      vertex -6.1 6.02674 52.8436
    endloop
  endfacet
  facet normal 1 0 0
    outer loop
      vertex -6.1 9.09093 22.7423
      vertex -6.1 4.85647 24.0268
      vertex -6.1 8.77686 21.8645
    endloop
  endfacet
  facet normal 1 0 0
    outer loop
      vertex -6.1 3.21955 49.423
      vertex -6.1 6.02674 52.8436
      vertex -6.1 5.27792 53.399
    endloop
  endfacet
  facet normal 1 -0 0
    outer loop
      vertex -6.1 4.68869 23.5579
      vertex -6.1 8.77686 21.8645
      vertex -6.1 4.85647 24.0268
    endloop
  endfacet
  facet normal 1 0 0
    outer loop
      vertex -6.1 8.77686 21.8645
      vertex -6.1 4.68869 23.5579
      vertex -6.1 8.37825 21.0217
    endloop
  endfacet
  facet normal 1 0 0
    outer loop
      vertex -6.1 9.45425 46.4312
      vertex -6.1 5.05056 45.9974
      vertex -6.1 5.075 45.5
    endloop
  endfacet
  facet normal 1 0 0
    outer loop
      vertex -6.1 9.31746 47.3534
      vertex -6.1 4.97748 46.4901
      vertex -6.1 5.05056 45.9974
    endloop
  endfacet
  facet normal 1 0 0
    outer loop
      vertex -6.1 9.09093 48.2577
      vertex -6.1 4.85647 46.9732
      vertex -6.1 4.97748 46.4901
    endloop
  endfacet
  facet normal 1 0 0
    outer loop
      vertex -6.1 8.77686 49.1355
      vertex -6.1 4.68869 47.4421
      vertex -6.1 4.85647 46.9732
    endloop
  endfacet
  facet normal 1 0 0
    outer loop
      vertex -6.1 2.81952 49.7197
      vertex -6.1 5.27792 53.399
      vertex -6.1 4.47827 53.8783
    endloop
  endfacet
  facet normal 1 0 0
    outer loop
      vertex -6.1 8.37825 49.9783
      vertex -6.1 4.47575 47.8923
      vertex -6.1 4.68869 47.4421
    endloop
  endfacet
  facet normal 1 0 0
    outer loop
      vertex -6.1 7.89896 50.7779
      vertex -6.1 4.21971 48.3195
      vertex -6.1 4.47575 47.8923
    endloop
  endfacet
  facet normal 1 0 0
    outer loop
      vertex -6.1 7.3436 51.5267
      vertex -6.1 3.92303 48.7195
      vertex -6.1 4.21971 48.3195
    endloop
  endfacet
  facet normal 1 0 0
    outer loop
      vertex -6.1 2.39234 49.9757
      vertex -6.1 4.47827 53.8783
      vertex -6.1 3.63549 54.2769
    endloop
  endfacet
  facet normal 1 0 0
    outer loop
      vertex -6.1 6.71751 52.2175
      vertex -6.1 3.58857 49.0886
      vertex -6.1 3.92303 48.7195
    endloop
  endfacet
  facet normal 1 0 0
    outer loop
      vertex -6.1 6.02674 52.8436
      vertex -6.1 3.21955 49.423
      vertex -6.1 3.58857 49.0886
    endloop
  endfacet
  facet normal 1 0 0
    outer loop
      vertex -6.1 5.27792 53.399
      vertex -6.1 2.81952 49.7197
      vertex -6.1 3.21955 49.423
    endloop
  endfacet
  facet normal 1 0 0
    outer loop
      vertex -6.1 1.94212 50.1887
      vertex -6.1 3.63549 54.2769
      vertex -6.1 2.7577 54.5909
    endloop
  endfacet
  facet normal 1 0 0
    outer loop
      vertex -6.1 4.47827 53.8783
      vertex -6.1 2.39234 49.9757
      vertex -6.1 2.81952 49.7197
    endloop
  endfacet
  facet normal 1 0 0
    outer loop
      vertex -6.1 3.63549 54.2769
      vertex -6.1 1.94212 50.1887
      vertex -6.1 2.39234 49.9757
    endloop
  endfacet
  facet normal 1 0 0
    outer loop
      vertex -6.1 1.47319 50.3565
      vertex -6.1 2.7577 54.5909
      vertex -6.1 1.85336 54.8175
    endloop
  endfacet
  facet normal 1 0 0
    outer loop
      vertex -6.1 2.7577 54.5909
      vertex -6.1 1.47319 50.3565
      vertex -6.1 1.94212 50.1887
    endloop
  endfacet
  facet normal 1 0 0
    outer loop
      vertex -6.1 1.85336 54.8175
      vertex -6.1 0.990083 50.4775
      vertex -6.1 1.47319 50.3565
    endloop
  endfacet
  facet normal 1 0 0
    outer loop
      vertex -6.1 0.931162 54.9543
      vertex -6.1 0.990083 50.4775
      vertex -6.1 1.85336 54.8175
    endloop
  endfacet
  facet normal 1 0 0
    outer loop
      vertex -6.1 0.931162 54.9543
      vertex -6.1 0.497437 50.5506
      vertex -6.1 0.990083 50.4775
    endloop
  endfacet
  facet normal 1 0 0
    outer loop
      vertex -6.1 0 55
      vertex -6.1 0.497437 50.5506
      vertex -6.1 0.931162 54.9543
    endloop
  endfacet
  facet normal 1 0 0
    outer loop
      vertex -6.1 0 55
      vertex -6.1 0 50.575
      vertex -6.1 0.497437 50.5506
    endloop
  endfacet
  facet normal 1 0 0
    outer loop
      vertex -6.1 0 55
      vertex -6.1 -0.497437 50.5506
      vertex -6.1 0 50.575
    endloop
  endfacet
  facet normal 1 0 0
    outer loop
      vertex -6.1 0 55
      vertex -6.1 -0.990083 50.4775
      vertex -6.1 -0.497437 50.5506
    endloop
  endfacet
  facet normal 1 0 0
    outer loop
      vertex -6.1 0 55
      vertex -6.1 -1.47319 50.3565
      vertex -6.1 -0.990083 50.4775
    endloop
  endfacet
  facet normal 1 0 0
    outer loop
      vertex -6.1 0 55
      vertex -6.1 -1.94212 50.1887
      vertex -6.1 -1.47319 50.3565
    endloop
  endfacet
  facet normal 1 0 0
    outer loop
      vertex -6.1 0 55
      vertex -6.1 -2.39234 49.9757
      vertex -6.1 -1.94212 50.1887
    endloop
  endfacet
  facet normal 1 -0 0
    outer loop
      vertex -6.1 -10 55
      vertex -6.1 -2.39234 49.9757
      vertex -6.1 0 55
    endloop
  endfacet
  facet normal 1 0 0
    outer loop
      vertex -6.1 -2.39234 49.9757
      vertex -6.1 -10 55
      vertex -6.1 -2.81952 49.7197
    endloop
  endfacet
  facet normal 1 0 0
    outer loop
      vertex -6.1 -2.81952 49.7197
      vertex -6.1 -10 55
      vertex -6.1 -3.21955 49.423
    endloop
  endfacet
  facet normal 1 0 0
    outer loop
      vertex -6.1 -3.21955 49.423
      vertex -6.1 -10 55
      vertex -6.1 -3.58857 49.0886
    endloop
  endfacet
  facet normal 1 0 0
    outer loop
      vertex -6.1 -3.58857 49.0886
      vertex -6.1 -10 55
      vertex -6.1 -3.92303 48.7195
    endloop
  endfacet
  facet normal 1 0 0
    outer loop
      vertex -6.1 -4.97748 26.4901
      vertex -6.1 -10 16.01
      vertex -6.1 -5.05056 25.9974
    endloop
  endfacet
  facet normal 1 0 0
    outer loop
      vertex -6.1 -5.05056 45.9974
      vertex -6.1 -10 55
      vertex -6.1 -5.075 45.5
    endloop
  endfacet
  facet normal 1 0 0
    outer loop
      vertex -6.1 -4.97748 46.4901
      vertex -6.1 -10 55
      vertex -6.1 -5.05056 45.9974
    endloop
  endfacet
  facet normal 1 0 0
    outer loop
      vertex -6.1 -4.85647 46.9732
      vertex -6.1 -10 55
      vertex -6.1 -4.97748 46.4901
    endloop
  endfacet
  facet normal 1 0 0
    outer loop
      vertex -6.1 -4.68869 47.4421
      vertex -6.1 -10 55
      vertex -6.1 -4.85647 46.9732
    endloop
  endfacet
  facet normal 1 0 0
    outer loop
      vertex -6.1 -4.47575 47.8923
      vertex -6.1 -10 55
      vertex -6.1 -4.68869 47.4421
    endloop
  endfacet
  facet normal 1 0 0
    outer loop
      vertex -6.1 -4.21971 48.3195
      vertex -6.1 -10 55
      vertex -6.1 -4.47575 47.8923
    endloop
  endfacet
  facet normal 1 0 0
    outer loop
      vertex -6.1 -3.92303 48.7195
      vertex -6.1 -10 55
      vertex -6.1 -4.21971 48.3195
    endloop
  endfacet
  facet normal 1 -0 0
    outer loop
      vertex -6.1 4.47575 23.1077
      vertex -6.1 8.37825 21.0217
      vertex -6.1 4.68869 23.5579
    endloop
  endfacet
  facet normal 1 0 0
    outer loop
      vertex -6.1 8.37825 21.0217
      vertex -6.1 4.47575 23.1077
      vertex -6.1 7.89896 20.2221
    endloop
  endfacet
  facet normal 1 -0 0
    outer loop
      vertex -6.1 4.21971 22.6805
      vertex -6.1 7.89896 20.2221
      vertex -6.1 4.47575 23.1077
    endloop
  endfacet
  facet normal 1 0 0
    outer loop
      vertex -6.1 7.89896 20.2221
      vertex -6.1 4.21971 22.6805
      vertex -6.1 7.3436 19.4733
    endloop
  endfacet
  facet normal 1 -0 0
    outer loop
      vertex -6.1 3.92303 22.2805
      vertex -6.1 7.3436 19.4733
      vertex -6.1 4.21971 22.6805
    endloop
  endfacet
  facet normal 1 0 0
    outer loop
      vertex -6.1 7.3436 19.4733
      vertex -6.1 3.92303 22.2805
      vertex -6.1 6.71751 18.7825
    endloop
  endfacet
  facet normal 1 -0 0
    outer loop
      vertex -6.1 3.58857 21.9114
      vertex -6.1 6.71751 18.7825
      vertex -6.1 3.92303 22.2805
    endloop
  endfacet
  facet normal 1 0 0
    outer loop
      vertex -6.1 6.71751 18.7825
      vertex -6.1 3.58857 21.9114
      vertex -6.1 6.02674 18.1564
    endloop
  endfacet
  facet normal 1 -0 0
    outer loop
      vertex -6.1 3.21955 21.577
      vertex -6.1 6.02674 18.1564
      vertex -6.1 3.58857 21.9114
    endloop
  endfacet
  facet normal 1 0 0
    outer loop
      vertex -6.1 6.02674 18.1564
      vertex -6.1 3.21955 21.577
      vertex -6.1 5.27792 17.601
    endloop
  endfacet
  facet normal 1 -0 0
    outer loop
      vertex -6.1 2.81952 21.2803
      vertex -6.1 5.27792 17.601
      vertex -6.1 3.21955 21.577
    endloop
  endfacet
  facet normal 1 0 0
    outer loop
      vertex -6.1 5.27792 17.601
      vertex -6.1 2.81952 21.2803
      vertex -6.1 4.47827 17.1217
    endloop
  endfacet
  facet normal 1 -0 0
    outer loop
      vertex -6.1 2.39234 21.0243
      vertex -6.1 4.47827 17.1217
      vertex -6.1 2.81952 21.2803
    endloop
  endfacet
  facet normal 1 0 0
    outer loop
      vertex -6.1 4.47827 17.1217
      vertex -6.1 2.39234 21.0243
      vertex -6.1 3.63549 16.7231
    endloop
  endfacet
  facet normal 1 -0 0
    outer loop
      vertex -6.1 1.94212 20.8113
      vertex -6.1 3.63549 16.7231
      vertex -6.1 2.39234 21.0243
    endloop
  endfacet
  facet normal 1 0 0
    outer loop
      vertex -6.1 3.63549 16.7231
      vertex -6.1 1.94212 20.8113
      vertex -6.1 2.7577 16.4091
    endloop
  endfacet
  facet normal 1 -0 0
    outer loop
      vertex -6.1 1.47319 20.6435
      vertex -6.1 2.7577 16.4091
      vertex -6.1 1.94212 20.8113
    endloop
  endfacet
  facet normal 1 0 0
    outer loop
      vertex -6.1 2.7577 16.4091
      vertex -6.1 1.47319 20.6435
      vertex -6.1 1.85336 16.1825
    endloop
  endfacet
  facet normal 1 -0 0
    outer loop
      vertex -6.1 0.990083 20.5225
      vertex -6.1 1.85336 16.1825
      vertex -6.1 1.47319 20.6435
    endloop
  endfacet
  facet normal 1 0 0
    outer loop
      vertex -6.1 0.990083 20.5225
      vertex -6.1 0.931162 16.0457
      vertex -6.1 1.85336 16.1825
    endloop
  endfacet
  facet normal 1 -0 0
    outer loop
      vertex -6.1 0.497437 20.4494
      vertex -6.1 0.931162 16.0457
      vertex -6.1 0.990083 20.5225
    endloop
  endfacet
  facet normal 1 0 0
    outer loop
      vertex -6.1 0.497437 20.4494
      vertex -6.1 0.203556 16.01
      vertex -6.1 0.931162 16.0457
    endloop
  endfacet
  facet normal 1 -0 0
    outer loop
      vertex -6.1 0 20.425
      vertex -6.1 0.203556 16.01
      vertex -6.1 0.497437 20.4494
    endloop
  endfacet
  facet normal 1 0 0
    outer loop
      vertex -6.1 -0.497437 20.4494
      vertex -6.1 0.203556 16.01
      vertex -6.1 0 20.425
    endloop
  endfacet
  facet normal 1 0 0
    outer loop
      vertex -6.1 -0.990083 20.5225
      vertex -6.1 0.203556 16.01
      vertex -6.1 -0.497437 20.4494
    endloop
  endfacet
  facet normal 1 0 0
    outer loop
      vertex -6.1 -1.47319 20.6435
      vertex -6.1 0.203556 16.01
      vertex -6.1 -0.990083 20.5225
    endloop
  endfacet
  facet normal 1 0 0
    outer loop
      vertex -6.1 -1.94212 20.8113
      vertex -6.1 0.203556 16.01
      vertex -6.1 -1.47319 20.6435
    endloop
  endfacet
  facet normal 1 0 0
    outer loop
      vertex -6.1 -2.39234 21.0243
      vertex -6.1 0.203556 16.01
      vertex -6.1 -1.94212 20.8113
    endloop
  endfacet
  facet normal 1 0 0
    outer loop
      vertex -6.1 -10 16.01
      vertex -6.1 -2.39234 21.0243
      vertex -6.1 -2.81952 21.2803
    endloop
  endfacet
  facet normal 1 0 0
    outer loop
      vertex -6.1 -10 16.01
      vertex -6.1 -2.81952 21.2803
      vertex -6.1 -3.21955 21.577
    endloop
  endfacet
  facet normal 1 0 0
    outer loop
      vertex -6.1 -10 16.01
      vertex -6.1 -3.21955 21.577
      vertex -6.1 -3.58857 21.9114
    endloop
  endfacet
  facet normal 1 0 0
    outer loop
      vertex -6.1 -10 16.01
      vertex -6.1 -3.58857 21.9114
      vertex -6.1 -3.92303 22.2805
    endloop
  endfacet
  facet normal 1 0 0
    outer loop
      vertex -6.1 -10 16.01
      vertex -6.1 -3.92303 22.2805
      vertex -6.1 -4.21971 22.6805
    endloop
  endfacet
  facet normal 1 0 0
    outer loop
      vertex -6.1 -5.05056 25.9974
      vertex -6.1 -10 16.01
      vertex -6.1 -5.075 25.5
    endloop
  endfacet
  facet normal 1 0 0
    outer loop
      vertex -6.1 -5.075 25.5
      vertex -6.1 -10 16.01
      vertex -6.1 -5.05056 25.0026
    endloop
  endfacet
  facet normal 1 0 0
    outer loop
      vertex -6.1 -2.39234 21.0243
      vertex -6.1 -10 16.01
      vertex -6.1 0.203556 16.01
    endloop
  endfacet
  facet normal 1 0 0
    outer loop
      vertex -6.1 -4.47575 23.1077
      vertex -6.1 -10 16.01
      vertex -6.1 -4.21971 22.6805
    endloop
  endfacet
  facet normal 1 0 0
    outer loop
      vertex -6.1 -4.68869 23.5579
      vertex -6.1 -10 16.01
      vertex -6.1 -4.47575 23.1077
    endloop
  endfacet
  facet normal 1 0 0
    outer loop
      vertex -6.1 -4.85647 24.0268
      vertex -6.1 -10 16.01
      vertex -6.1 -4.68869 23.5579
    endloop
  endfacet
  facet normal 1 0 0
    outer loop
      vertex -6.1 -4.97748 24.5099
      vertex -6.1 -10 16.01
      vertex -6.1 -4.85647 24.0268
    endloop
  endfacet
  facet normal 1 0 0
    outer loop
      vertex -6.1 -5.05056 25.0026
      vertex -6.1 -10 16.01
      vertex -6.1 -4.97748 24.5099
    endloop
  endfacet
  facet normal -0 0.0490195 0.998798
    outer loop
      vertex -11.1 0.931162 54.9543
      vertex -6.1 0 55
      vertex -6.1 0.931162 54.9543
    endloop
  endfacet
  facet normal 0 0.0490195 0.998798
    outer loop
      vertex -6.1 0 55
      vertex -11.1 0.931162 54.9543
      vertex -11.1 0 55
    endloop
  endfacet
  facet normal -1 0 0
    outer loop
      vertex -11.1 9.5 0
      vertex -11.1 0.203556 16.01
      vertex -11.1 9.5 16.01
    endloop
  endfacet
  facet normal -1 0 0
    outer loop
      vertex -11.1 0.203556 16.01
      vertex -11.1 -0.497437 20.4494
      vertex -11.1 0 20.425
    endloop
  endfacet
  facet normal -1 0 0
    outer loop
      vertex -11.1 0.203556 16.01
      vertex -11.1 -0.990083 20.5225
      vertex -11.1 -0.497437 20.4494
    endloop
  endfacet
  facet normal -1 0 0
    outer loop
      vertex -11.1 0.203556 16.01
      vertex -11.1 -1.47319 20.6435
      vertex -11.1 -0.990083 20.5225
    endloop
  endfacet
  facet normal -1 0 0
    outer loop
      vertex -11.1 0.203556 16.01
      vertex -11.1 -1.94212 20.8113
      vertex -11.1 -1.47319 20.6435
    endloop
  endfacet
  facet normal -1 0 0
    outer loop
      vertex -11.1 0.203556 16.01
      vertex -11.1 -2.39234 21.0243
      vertex -11.1 -1.94212 20.8113
    endloop
  endfacet
  facet normal -1 0 0
    outer loop
      vertex -11.1 0.203556 16.01
      vertex -11.1 -2.81952 21.2803
      vertex -11.1 -2.39234 21.0243
    endloop
  endfacet
  facet normal -1 0 0
    outer loop
      vertex -11.1 -12.2599 16.01
      vertex -11.1 -2.81952 21.2803
      vertex -11.1 0.203556 16.01
    endloop
  endfacet
  facet normal -1 0 0
    outer loop
      vertex -11.1 -12.4 0
      vertex -11.1 0.203556 16.01
      vertex -11.1 9.5 0
    endloop
  endfacet
  facet normal -1 -0 0
    outer loop
      vertex -11.1 -2.81952 21.2803
      vertex -11.1 -12.2599 16.01
      vertex -11.1 -3.21955 21.577
    endloop
  endfacet
  facet normal -1 -0 0
    outer loop
      vertex -11.1 -3.21955 21.577
      vertex -11.1 -12.2599 16.01
      vertex -11.1 -3.58857 21.9114
    endloop
  endfacet
  facet normal -1 -0 0
    outer loop
      vertex -11.1 -3.58857 21.9114
      vertex -11.1 -12.2599 16.01
      vertex -11.1 -3.92303 22.2805
    endloop
  endfacet
  facet normal -1 0 0
    outer loop
      vertex -11.1 -4.97748 44.5099
      vertex -11.1 -12.2599 55
      vertex -11.1 -5.05056 45.0026
    endloop
  endfacet
  facet normal -1 -0 0
    outer loop
      vertex -11.1 -5.05056 25.0026
      vertex -11.1 -12.2599 16.01
      vertex -11.1 -5.075 25.5
    endloop
  endfacet
  facet normal -1 -0 0
    outer loop
      vertex -11.1 -4.97748 24.5099
      vertex -11.1 -12.2599 16.01
      vertex -11.1 -5.05056 25.0026
    endloop
  endfacet
  facet normal -1 -0 0
    outer loop
      vertex -11.1 -4.85647 24.0268
      vertex -11.1 -12.2599 16.01
      vertex -11.1 -4.97748 24.5099
    endloop
  endfacet
  facet normal -1 -0 0
    outer loop
      vertex -11.1 -4.68869 23.5579
      vertex -11.1 -12.2599 16.01
      vertex -11.1 -4.85647 24.0268
    endloop
  endfacet
  facet normal -1 -0 0
    outer loop
      vertex -11.1 -4.47575 23.1077
      vertex -11.1 -12.2599 16.01
      vertex -11.1 -4.68869 23.5579
    endloop
  endfacet
  facet normal -1 -0 0
    outer loop
      vertex -11.1 -4.21971 22.6805
      vertex -11.1 -12.2599 16.01
      vertex -11.1 -4.47575 23.1077
    endloop
  endfacet
  facet normal -1 -0 0
    outer loop
      vertex -11.1 -3.92303 22.2805
      vertex -11.1 -12.2599 16.01
      vertex -11.1 -4.21971 22.6805
    endloop
  endfacet
  facet normal -1 -0 0
    outer loop
      vertex -11.1 0.203556 16.01
      vertex -11.1 -12.4 0
      vertex -11.1 -12.2599 16.01
    endloop
  endfacet
  facet normal -1 -0 0
    outer loop
      vertex -11.1 -12.2599 16.01
      vertex -11.1 -12.4 0
      vertex -11.1 -12.4 16.01
    endloop
  endfacet
  facet normal -1 0 0
    outer loop
      vertex -11.1 4.85647 26.9732
      vertex -11.1 9.5 25.5
      vertex -11.1 4.97748 26.4901
    endloop
  endfacet
  facet normal -1 -0 0
    outer loop
      vertex -11.1 9.5 45.5
      vertex -11.1 5.05056 45.0026
      vertex -11.1 5.075 45.5
    endloop
  endfacet
  facet normal -1 0 0
    outer loop
      vertex -11.1 4.68869 27.4421
      vertex -11.1 9.5 25.5
      vertex -11.1 4.85647 26.9732
    endloop
  endfacet
  facet normal -1 0 0
    outer loop
      vertex -11.1 9.5 45.5
      vertex -11.1 4.97748 44.5099
      vertex -11.1 5.05056 45.0026
    endloop
  endfacet
  facet normal -1 0 0
    outer loop
      vertex -11.1 4.47575 27.8923
      vertex -11.1 9.5 25.5
      vertex -11.1 4.68869 27.4421
    endloop
  endfacet
  facet normal -1 0 0
    outer loop
      vertex -11.1 9.5 45.5
      vertex -11.1 4.85647 44.0268
      vertex -11.1 4.97748 44.5099
    endloop
  endfacet
  facet normal -1 0 0
    outer loop
      vertex -11.1 4.21971 28.3195
      vertex -11.1 9.5 25.5
      vertex -11.1 4.47575 27.8923
    endloop
  endfacet
  facet normal -1 0 0
    outer loop
      vertex -11.1 9.5 45.5
      vertex -11.1 4.68869 43.5579
      vertex -11.1 4.85647 44.0268
    endloop
  endfacet
  facet normal -1 0 0
    outer loop
      vertex -11.1 3.92303 28.7195
      vertex -11.1 9.5 25.5
      vertex -11.1 4.21971 28.3195
    endloop
  endfacet
  facet normal -1 0 0
    outer loop
      vertex -11.1 9.5 45.5
      vertex -11.1 4.47575 43.1077
      vertex -11.1 4.68869 43.5579
    endloop
  endfacet
  facet normal -1 0 0
    outer loop
      vertex -11.1 9.5 25.5
      vertex -11.1 3.92303 28.7195
      vertex -11.1 9.5 45.5
    endloop
  endfacet
  facet normal -1 0 0
    outer loop
      vertex -11.1 9.5 45.5
      vertex -11.1 4.21971 42.6805
      vertex -11.1 4.47575 43.1077
    endloop
  endfacet
  facet normal -1 0 0
    outer loop
      vertex -11.1 3.92303 42.2805
      vertex -11.1 9.5 45.5
      vertex -11.1 3.92303 28.7195
    endloop
  endfacet
  facet normal -1 0 0
    outer loop
      vertex -11.1 9.5 45.5
      vertex -11.1 3.92303 42.2805
      vertex -11.1 4.21971 42.6805
    endloop
  endfacet
  facet normal -1 0 0
    outer loop
      vertex -11.1 3.58857 29.0886
      vertex -11.1 3.92303 42.2805
      vertex -11.1 3.92303 28.7195
    endloop
  endfacet
  facet normal -1 0 0
    outer loop
      vertex -11.1 3.58857 29.0886
      vertex -11.1 3.58857 41.9114
      vertex -11.1 3.92303 42.2805
    endloop
  endfacet
  facet normal -1 0 0
    outer loop
      vertex -11.1 3.21955 29.423
      vertex -11.1 3.58857 41.9114
      vertex -11.1 3.58857 29.0886
    endloop
  endfacet
  facet normal -1 0 0
    outer loop
      vertex -11.1 3.21955 29.423
      vertex -11.1 3.21955 41.577
      vertex -11.1 3.58857 41.9114
    endloop
  endfacet
  facet normal -1 0 0
    outer loop
      vertex -11.1 2.81952 29.7197
      vertex -11.1 3.21955 41.577
      vertex -11.1 3.21955 29.423
    endloop
  endfacet
  facet normal -1 0 0
    outer loop
      vertex -11.1 2.81952 29.7197
      vertex -11.1 2.81952 41.2803
      vertex -11.1 3.21955 41.577
    endloop
  endfacet
  facet normal -1 0 0
    outer loop
      vertex -11.1 2.39234 29.9757
      vertex -11.1 2.81952 41.2803
      vertex -11.1 2.81952 29.7197
    endloop
  endfacet
  facet normal -1 0 0
    outer loop
      vertex -11.1 2.39234 29.9757
      vertex -11.1 2.39234 41.0243
      vertex -11.1 2.81952 41.2803
    endloop
  endfacet
  facet normal -1 0 0
    outer loop
      vertex -11.1 1.94212 30.1887
      vertex -11.1 2.39234 41.0243
      vertex -11.1 2.39234 29.9757
    endloop
  endfacet
  facet normal -1 0 0
    outer loop
      vertex -11.1 1.94212 30.1887
      vertex -11.1 1.94212 40.8113
      vertex -11.1 2.39234 41.0243
    endloop
  endfacet
  facet normal -1 0 0
    outer loop
      vertex -11.1 1.47319 30.3565
      vertex -11.1 1.94212 40.8113
      vertex -11.1 1.94212 30.1887
    endloop
  endfacet
  facet normal -1 0 0
    outer loop
      vertex -11.1 1.47319 30.3565
      vertex -11.1 1.47319 40.6435
      vertex -11.1 1.94212 40.8113
    endloop
  endfacet
  facet normal -1 0 0
    outer loop
      vertex -11.1 0.990083 30.4775
      vertex -11.1 1.47319 40.6435
      vertex -11.1 1.47319 30.3565
    endloop
  endfacet
  facet normal -1 0 0
    outer loop
      vertex -11.1 0.990083 30.4775
      vertex -11.1 0.990083 40.5225
      vertex -11.1 1.47319 40.6435
    endloop
  endfacet
  facet normal -1 0 0
    outer loop
      vertex -11.1 0.497437 30.5506
      vertex -11.1 0.990083 40.5225
      vertex -11.1 0.990083 30.4775
    endloop
  endfacet
  facet normal -1 0 0
    outer loop
      vertex -11.1 0.497437 30.5506
      vertex -11.1 0.497437 40.4494
      vertex -11.1 0.990083 40.5225
    endloop
  endfacet
  facet normal -1 0 0
    outer loop
      vertex -11.1 0 30.575
      vertex -11.1 0.497437 40.4494
      vertex -11.1 0.497437 30.5506
    endloop
  endfacet
  facet normal -1 0 0
    outer loop
      vertex -11.1 0 30.575
      vertex -11.1 0 40.425
      vertex -11.1 0.497437 40.4494
    endloop
  endfacet
  facet normal -1 0 0
    outer loop
      vertex -11.1 -0.497437 30.5506
      vertex -11.1 0 40.425
      vertex -11.1 0 30.575
    endloop
  endfacet
  facet normal -1 0 0
    outer loop
      vertex -11.1 -0.497437 30.5506
      vertex -11.1 -0.497437 40.4494
      vertex -11.1 0 40.425
    endloop
  endfacet
  facet normal -1 0 0
    outer loop
      vertex -11.1 -0.990083 30.4775
      vertex -11.1 -0.497437 40.4494
      vertex -11.1 -0.497437 30.5506
    endloop
  endfacet
  facet normal -1 0 0
    outer loop
      vertex -11.1 -0.990083 30.4775
      vertex -11.1 -0.990083 40.5225
      vertex -11.1 -0.497437 40.4494
    endloop
  endfacet
  facet normal -1 0 0
    outer loop
      vertex -11.1 -1.47319 30.3565
      vertex -11.1 -0.990083 40.5225
      vertex -11.1 -0.990083 30.4775
    endloop
  endfacet
  facet normal -1 0 0
    outer loop
      vertex -11.1 -1.47319 30.3565
      vertex -11.1 -1.47319 40.6435
      vertex -11.1 -0.990083 40.5225
    endloop
  endfacet
  facet normal -1 0 0
    outer loop
      vertex -11.1 -1.94212 30.1887
      vertex -11.1 -1.47319 40.6435
      vertex -11.1 -1.47319 30.3565
    endloop
  endfacet
  facet normal -1 0 0
    outer loop
      vertex -11.1 -1.94212 30.1887
      vertex -11.1 -1.94212 40.8113
      vertex -11.1 -1.47319 40.6435
    endloop
  endfacet
  facet normal -1 0 0
    outer loop
      vertex -11.1 -2.39234 29.9757
      vertex -11.1 -1.94212 40.8113
      vertex -11.1 -1.94212 30.1887
    endloop
  endfacet
  facet normal -1 0 0
    outer loop
      vertex -11.1 -2.39234 29.9757
      vertex -11.1 -2.39234 41.0243
      vertex -11.1 -1.94212 40.8113
    endloop
  endfacet
  facet normal -1 0 0
    outer loop
      vertex -11.1 -2.81952 29.7197
      vertex -11.1 -2.39234 41.0243
      vertex -11.1 -2.39234 29.9757
    endloop
  endfacet
  facet normal -1 0 0
    outer loop
      vertex -11.1 -2.81952 29.7197
      vertex -11.1 -2.81952 41.2803
      vertex -11.1 -2.39234 41.0243
    endloop
  endfacet
  facet normal -1 0 0
    outer loop
      vertex -11.1 -3.21955 29.423
      vertex -11.1 -2.81952 41.2803
      vertex -11.1 -2.81952 29.7197
    endloop
  endfacet
  facet normal -1 0 0
    outer loop
      vertex -11.1 -3.21955 29.423
      vertex -11.1 -3.21955 41.577
      vertex -11.1 -2.81952 41.2803
    endloop
  endfacet
  facet normal -1 0 0
    outer loop
      vertex -11.1 -3.58857 29.0886
      vertex -11.1 -3.21955 41.577
      vertex -11.1 -3.21955 29.423
    endloop
  endfacet
  facet normal -1 0 0
    outer loop
      vertex -11.1 -3.58857 29.0886
      vertex -11.1 -3.58857 41.9114
      vertex -11.1 -3.21955 41.577
    endloop
  endfacet
  facet normal -1 0 0
    outer loop
      vertex -11.1 -3.92303 28.7195
      vertex -11.1 -3.58857 41.9114
      vertex -11.1 -3.58857 29.0886
    endloop
  endfacet
  facet normal -1 0 0
    outer loop
      vertex -11.1 -3.92303 28.7195
      vertex -11.1 -3.92303 42.2805
      vertex -11.1 -3.58857 41.9114
    endloop
  endfacet
  facet normal -1 0 0
    outer loop
      vertex -11.1 -4.21971 28.3195
      vertex -11.1 -3.92303 42.2805
      vertex -11.1 -3.92303 28.7195
    endloop
  endfacet
  facet normal -1 0 0
    outer loop
      vertex -11.1 -4.21971 28.3195
      vertex -11.1 -4.21971 42.6805
      vertex -11.1 -3.92303 42.2805
    endloop
  endfacet
  facet normal -1 0 0
    outer loop
      vertex -11.1 -4.47575 27.8923
      vertex -11.1 -4.21971 42.6805
      vertex -11.1 -4.21971 28.3195
    endloop
  endfacet
  facet normal -1 0 0
    outer loop
      vertex -11.1 -4.47575 27.8923
      vertex -11.1 -4.47575 43.1077
      vertex -11.1 -4.21971 42.6805
    endloop
  endfacet
  facet normal -1 0 0
    outer loop
      vertex -11.1 -4.68869 27.4421
      vertex -11.1 -4.47575 43.1077
      vertex -11.1 -4.47575 27.8923
    endloop
  endfacet
  facet normal -1 0 0
    outer loop
      vertex -11.1 -4.68869 27.4421
      vertex -11.1 -4.68869 43.5579
      vertex -11.1 -4.47575 43.1077
    endloop
  endfacet
  facet normal -1 0 0
    outer loop
      vertex -11.1 -4.85647 26.9732
      vertex -11.1 -4.68869 43.5579
      vertex -11.1 -4.68869 27.4421
    endloop
  endfacet
  facet normal -1 0 0
    outer loop
      vertex -11.1 -4.85647 26.9732
      vertex -11.1 -4.85647 44.0268
      vertex -11.1 -4.68869 43.5579
    endloop
  endfacet
  facet normal -1 0 0
    outer loop
      vertex -11.1 -12.2599 16.01
      vertex -11.1 -4.85647 26.9732
      vertex -11.1 -4.97748 26.4901
    endloop
  endfacet
  facet normal -1 -0 0
    outer loop
      vertex -11.1 -4.85647 26.9732
      vertex -11.1 -12.2599 16.01
      vertex -11.1 -4.85647 44.0268
    endloop
  endfacet
  facet normal -1 0 0
    outer loop
      vertex -11.1 -12.2599 16.01
      vertex -11.1 -4.97748 26.4901
      vertex -11.1 -5.05056 25.9974
    endloop
  endfacet
  facet normal -1 0 0
    outer loop
      vertex -11.1 -12.2599 55
      vertex -11.1 -4.85647 44.0268
      vertex -11.1 -12.2599 16.01
    endloop
  endfacet
  facet normal -1 0 0
    outer loop
      vertex -11.1 -12.2599 16.01
      vertex -11.1 -5.05056 25.9974
      vertex -11.1 -5.075 25.5
    endloop
  endfacet
  facet normal -1 0 0
    outer loop
      vertex -11.1 -4.85647 44.0268
      vertex -11.1 -12.2599 55
      vertex -11.1 -4.97748 44.5099
    endloop
  endfacet
  facet normal -1 0 0
    outer loop
      vertex -11.1 5.075 25.5
      vertex -11.1 9.5 25.5
      vertex -11.1 9.45425 24.5688
    endloop
  endfacet
  facet normal -1 0 0
    outer loop
      vertex -11.1 5.05056 25.9974
      vertex -11.1 9.5 25.5
      vertex -11.1 5.075 25.5
    endloop
  endfacet
  facet normal -1 0 0
    outer loop
      vertex -11.1 5.05056 25.0026
      vertex -11.1 9.45425 24.5688
      vertex -11.1 9.31746 23.6466
    endloop
  endfacet
  facet normal -1 0 0
    outer loop
      vertex -11.1 4.97748 26.4901
      vertex -11.1 9.5 25.5
      vertex -11.1 5.05056 25.9974
    endloop
  endfacet
  facet normal -1 0 0
    outer loop
      vertex -11.1 4.97748 24.5099
      vertex -11.1 9.31746 23.6466
      vertex -11.1 9.09093 22.7423
    endloop
  endfacet
  facet normal -1 0 0
    outer loop
      vertex -11.1 9.5 45.5
      vertex -11.1 5.075 45.5
      vertex -11.1 9.45425 46.4312
    endloop
  endfacet
  facet normal -1 0 0
    outer loop
      vertex -11.1 4.85647 24.0268
      vertex -11.1 9.09093 22.7423
      vertex -11.1 8.77686 21.8645
    endloop
  endfacet
  facet normal -1 0 0
    outer loop
      vertex -11.1 5.05056 45.9974
      vertex -11.1 9.45425 46.4312
      vertex -11.1 5.075 45.5
    endloop
  endfacet
  facet normal -1 0 0
    outer loop
      vertex -11.1 4.68869 23.5579
      vertex -11.1 8.77686 21.8645
      vertex -11.1 8.37825 21.0217
    endloop
  endfacet
  facet normal -1 -0 0
    outer loop
      vertex -11.1 9.45425 46.4312
      vertex -11.1 5.05056 45.9974
      vertex -11.1 9.31746 47.3534
    endloop
  endfacet
  facet normal -1 0 0
    outer loop
      vertex -11.1 4.47575 23.1077
      vertex -11.1 8.37825 21.0217
      vertex -11.1 7.89896 20.2221
    endloop
  endfacet
  facet normal -1 0 0
    outer loop
      vertex -11.1 4.97748 46.4901
      vertex -11.1 9.31746 47.3534
      vertex -11.1 5.05056 45.9974
    endloop
  endfacet
  facet normal -1 0 0
    outer loop
      vertex -11.1 4.21971 22.6805
      vertex -11.1 7.89896 20.2221
      vertex -11.1 7.3436 19.4733
    endloop
  endfacet
  facet normal -1 -0 0
    outer loop
      vertex -11.1 9.31746 47.3534
      vertex -11.1 4.97748 46.4901
      vertex -11.1 9.09093 48.2577
    endloop
  endfacet
  facet normal -1 0 0
    outer loop
      vertex -11.1 3.92303 22.2805
      vertex -11.1 7.3436 19.4733
      vertex -11.1 6.71751 18.7825
    endloop
  endfacet
  facet normal -1 0 0
    outer loop
      vertex -11.1 4.85647 46.9732
      vertex -11.1 9.09093 48.2577
      vertex -11.1 4.97748 46.4901
    endloop
  endfacet
  facet normal -1 0 0
    outer loop
      vertex -11.1 3.58857 21.9114
      vertex -11.1 6.71751 18.7825
      vertex -11.1 6.02674 18.1564
    endloop
  endfacet
  facet normal -1 -0 0
    outer loop
      vertex -11.1 9.09093 48.2577
      vertex -11.1 4.85647 46.9732
      vertex -11.1 8.77686 49.1355
    endloop
  endfacet
  facet normal -1 0 0
    outer loop
      vertex -11.1 3.21955 21.577
      vertex -11.1 6.02674 18.1564
      vertex -11.1 5.27792 17.601
    endloop
  endfacet
  facet normal -1 0 0
    outer loop
      vertex -11.1 4.68869 47.4421
      vertex -11.1 8.77686 49.1355
      vertex -11.1 4.85647 46.9732
    endloop
  endfacet
  facet normal -1 -0 0
    outer loop
      vertex -11.1 8.77686 49.1355
      vertex -11.1 4.68869 47.4421
      vertex -11.1 8.37825 49.9783
    endloop
  endfacet
  facet normal -1 0 0
    outer loop
      vertex -11.1 9.45425 24.5688
      vertex -11.1 5.05056 25.0026
      vertex -11.1 5.075 25.5
    endloop
  endfacet
  facet normal -1 0 0
    outer loop
      vertex -11.1 9.31746 23.6466
      vertex -11.1 4.97748 24.5099
      vertex -11.1 5.05056 25.0026
    endloop
  endfacet
  facet normal -1 0 0
    outer loop
      vertex -11.1 9.09093 22.7423
      vertex -11.1 4.85647 24.0268
      vertex -11.1 4.97748 24.5099
    endloop
  endfacet
  facet normal -1 0 0
    outer loop
      vertex -11.1 8.77686 21.8645
      vertex -11.1 4.68869 23.5579
      vertex -11.1 4.85647 24.0268
    endloop
  endfacet
  facet normal -1 0 0
    outer loop
      vertex -11.1 2.81952 21.2803
      vertex -11.1 5.27792 17.601
      vertex -11.1 4.47827 17.1217
    endloop
  endfacet
  facet normal -1 0 0
    outer loop
      vertex -11.1 8.37825 21.0217
      vertex -11.1 4.47575 23.1077
      vertex -11.1 4.68869 23.5579
    endloop
  endfacet
  facet normal -1 0 0
    outer loop
      vertex -11.1 7.89896 20.2221
      vertex -11.1 4.21971 22.6805
      vertex -11.1 4.47575 23.1077
    endloop
  endfacet
  facet normal -1 0 0
    outer loop
      vertex -11.1 7.3436 19.4733
      vertex -11.1 3.92303 22.2805
      vertex -11.1 4.21971 22.6805
    endloop
  endfacet
  facet normal -1 0 0
    outer loop
      vertex -11.1 2.39234 21.0243
      vertex -11.1 4.47827 17.1217
      vertex -11.1 3.63549 16.7231
    endloop
  endfacet
  facet normal -1 0 0
    outer loop
      vertex -11.1 6.71751 18.7825
      vertex -11.1 3.58857 21.9114
      vertex -11.1 3.92303 22.2805
    endloop
  endfacet
  facet normal -1 0 0
    outer loop
      vertex -11.1 6.02674 18.1564
      vertex -11.1 3.21955 21.577
      vertex -11.1 3.58857 21.9114
    endloop
  endfacet
  facet normal -1 0 0
    outer loop
      vertex -11.1 5.27792 17.601
      vertex -11.1 2.81952 21.2803
      vertex -11.1 3.21955 21.577
    endloop
  endfacet
  facet normal -1 0 0
    outer loop
      vertex -11.1 1.94212 20.8113
      vertex -11.1 3.63549 16.7231
      vertex -11.1 2.7577 16.4091
    endloop
  endfacet
  facet normal -1 0 0
    outer loop
      vertex -11.1 4.47827 17.1217
      vertex -11.1 2.39234 21.0243
      vertex -11.1 2.81952 21.2803
    endloop
  endfacet
  facet normal -1 0 0
    outer loop
      vertex -11.1 3.63549 16.7231
      vertex -11.1 1.94212 20.8113
      vertex -11.1 2.39234 21.0243
    endloop
  endfacet
  facet normal -1 0 0
    outer loop
      vertex -11.1 1.47319 20.6435
      vertex -11.1 2.7577 16.4091
      vertex -11.1 1.85336 16.1825
    endloop
  endfacet
  facet normal -1 0 0
    outer loop
      vertex -11.1 2.7577 16.4091
      vertex -11.1 1.47319 20.6435
      vertex -11.1 1.94212 20.8113
    endloop
  endfacet
  facet normal -1 0 0
    outer loop
      vertex -11.1 1.85336 16.1825
      vertex -11.1 0.990083 20.5225
      vertex -11.1 1.47319 20.6435
    endloop
  endfacet
  facet normal -1 0 0
    outer loop
      vertex -11.1 0.931162 16.0457
      vertex -11.1 0.990083 20.5225
      vertex -11.1 1.85336 16.1825
    endloop
  endfacet
  facet normal -1 0 0
    outer loop
      vertex -11.1 0.931162 16.0457
      vertex -11.1 0.497437 20.4494
      vertex -11.1 0.990083 20.5225
    endloop
  endfacet
  facet normal -1 0 0
    outer loop
      vertex -11.1 0.203556 16.01
      vertex -11.1 0.497437 20.4494
      vertex -11.1 0.931162 16.0457
    endloop
  endfacet
  facet normal -1 0 0
    outer loop
      vertex -11.1 0.497437 20.4494
      vertex -11.1 0.203556 16.01
      vertex -11.1 0 20.425
    endloop
  endfacet
  facet normal -1 0 0
    outer loop
      vertex -11.1 4.47575 47.8923
      vertex -11.1 8.37825 49.9783
      vertex -11.1 4.68869 47.4421
    endloop
  endfacet
  facet normal -1 -0 0
    outer loop
      vertex -11.1 8.37825 49.9783
      vertex -11.1 4.47575 47.8923
      vertex -11.1 7.89896 50.7779
    endloop
  endfacet
  facet normal -1 0 0
    outer loop
      vertex -11.1 4.21971 48.3195
      vertex -11.1 7.89896 50.7779
      vertex -11.1 4.47575 47.8923
    endloop
  endfacet
  facet normal -1 -0 0
    outer loop
      vertex -11.1 7.89896 50.7779
      vertex -11.1 4.21971 48.3195
      vertex -11.1 7.3436 51.5267
    endloop
  endfacet
  facet normal -1 0 0
    outer loop
      vertex -11.1 3.92303 48.7195
      vertex -11.1 7.3436 51.5267
      vertex -11.1 4.21971 48.3195
    endloop
  endfacet
  facet normal -1 -0 0
    outer loop
      vertex -11.1 7.3436 51.5267
      vertex -11.1 3.92303 48.7195
      vertex -11.1 6.71751 52.2175
    endloop
  endfacet
  facet normal -1 0 0
    outer loop
      vertex -11.1 3.58857 49.0886
      vertex -11.1 6.71751 52.2175
      vertex -11.1 3.92303 48.7195
    endloop
  endfacet
  facet normal -1 -0 0
    outer loop
      vertex -11.1 6.71751 52.2175
      vertex -11.1 3.58857 49.0886
      vertex -11.1 6.02674 52.8436
    endloop
  endfacet
  facet normal -1 0 0
    outer loop
      vertex -11.1 3.21955 49.423
      vertex -11.1 6.02674 52.8436
      vertex -11.1 3.58857 49.0886
    endloop
  endfacet
  facet normal -1 -0 0
    outer loop
      vertex -11.1 6.02674 52.8436
      vertex -11.1 3.21955 49.423
      vertex -11.1 5.27792 53.399
    endloop
  endfacet
  facet normal -1 0 0
    outer loop
      vertex -11.1 2.81952 49.7197
      vertex -11.1 5.27792 53.399
      vertex -11.1 3.21955 49.423
    endloop
  endfacet
  facet normal -1 -0 0
    outer loop
      vertex -11.1 5.27792 53.399
      vertex -11.1 2.81952 49.7197
      vertex -11.1 4.47827 53.8783
    endloop
  endfacet
  facet normal -1 0 0
    outer loop
      vertex -11.1 2.39234 49.9757
      vertex -11.1 4.47827 53.8783
      vertex -11.1 2.81952 49.7197
    endloop
  endfacet
  facet normal -1 -0 0
    outer loop
      vertex -11.1 4.47827 53.8783
      vertex -11.1 2.39234 49.9757
      vertex -11.1 3.63549 54.2769
    endloop
  endfacet
  facet normal -1 0 0
    outer loop
      vertex -11.1 1.94212 50.1887
      vertex -11.1 3.63549 54.2769
      vertex -11.1 2.39234 49.9757
    endloop
  endfacet
  facet normal -1 -0 0
    outer loop
      vertex -11.1 3.63549 54.2769
      vertex -11.1 1.94212 50.1887
      vertex -11.1 2.7577 54.5909
    endloop
  endfacet
  facet normal -1 0 0
    outer loop
      vertex -11.1 1.47319 50.3565
      vertex -11.1 2.7577 54.5909
      vertex -11.1 1.94212 50.1887
    endloop
  endfacet
  facet normal -1 -0 0
    outer loop
      vertex -11.1 2.7577 54.5909
      vertex -11.1 1.47319 50.3565
      vertex -11.1 1.85336 54.8175
    endloop
  endfacet
  facet normal -1 0 0
    outer loop
      vertex -11.1 0.990083 50.4775
      vertex -11.1 1.85336 54.8175
      vertex -11.1 1.47319 50.3565
    endloop
  endfacet
  facet normal -1 0 0
    outer loop
      vertex -11.1 0.990083 50.4775
      vertex -11.1 0.931162 54.9543
      vertex -11.1 1.85336 54.8175
    endloop
  endfacet
  facet normal -1 0 0
    outer loop
      vertex -11.1 0.497437 50.5506
      vertex -11.1 0.931162 54.9543
      vertex -11.1 0.990083 50.4775
    endloop
  endfacet
  facet normal -1 0 0
    outer loop
      vertex -11.1 0 50.575
      vertex -11.1 0.931162 54.9543
      vertex -11.1 0.497437 50.5506
    endloop
  endfacet
  facet normal -1 0 0
    outer loop
      vertex -11.1 0 50.575
      vertex -11.1 0 55
      vertex -11.1 0.931162 54.9543
    endloop
  endfacet
  facet normal -1 0 0
    outer loop
      vertex -11.1 -0.497437 50.5506
      vertex -11.1 0 55
      vertex -11.1 0 50.575
    endloop
  endfacet
  facet normal -1 0 0
    outer loop
      vertex -11.1 -0.990083 50.4775
      vertex -11.1 0 55
      vertex -11.1 -0.497437 50.5506
    endloop
  endfacet
  facet normal -1 0 0
    outer loop
      vertex -11.1 -1.47319 50.3565
      vertex -11.1 0 55
      vertex -11.1 -0.990083 50.4775
    endloop
  endfacet
  facet normal -1 0 0
    outer loop
      vertex -11.1 -1.94212 50.1887
      vertex -11.1 0 55
      vertex -11.1 -1.47319 50.3565
    endloop
  endfacet
  facet normal -1 0 0
    outer loop
      vertex -11.1 -2.39234 49.9757
      vertex -11.1 0 55
      vertex -11.1 -1.94212 50.1887
    endloop
  endfacet
  facet normal -1 0 0
    outer loop
      vertex -11.1 -2.81952 49.7197
      vertex -11.1 0 55
      vertex -11.1 -2.39234 49.9757
    endloop
  endfacet
  facet normal -1 0 0
    outer loop
      vertex -11.1 -12.2599 55
      vertex -11.1 -2.81952 49.7197
      vertex -11.1 -3.21955 49.423
    endloop
  endfacet
  facet normal -1 0 0
    outer loop
      vertex -11.1 -12.2599 55
      vertex -11.1 -3.21955 49.423
      vertex -11.1 -3.58857 49.0886
    endloop
  endfacet
  facet normal -1 0 0
    outer loop
      vertex -11.1 -12.2599 55
      vertex -11.1 -3.58857 49.0886
      vertex -11.1 -3.92303 48.7195
    endloop
  endfacet
  facet normal -1 0 0
    outer loop
      vertex -11.1 -12.2599 55
      vertex -11.1 -3.92303 48.7195
      vertex -11.1 -4.21971 48.3195
    endloop
  endfacet
  facet normal -1 0 0
    outer loop
      vertex -11.1 -5.05056 45.0026
      vertex -11.1 -12.2599 55
      vertex -11.1 -5.075 45.5
    endloop
  endfacet
  facet normal -1 0 0
    outer loop
      vertex -11.1 -5.075 45.5
      vertex -11.1 -12.2599 55
      vertex -11.1 -5.05056 45.9974
    endloop
  endfacet
  facet normal -1 0 0
    outer loop
      vertex -11.1 -2.81952 49.7197
      vertex -11.1 -12.2599 55
      vertex -11.1 0 55
    endloop
  endfacet
  facet normal -1 0 0
    outer loop
      vertex -11.1 -4.47575 47.8923
      vertex -11.1 -12.2599 55
      vertex -11.1 -4.21971 48.3195
    endloop
  endfacet
  facet normal -1 0 0
    outer loop
      vertex -11.1 -4.68869 47.4421
      vertex -11.1 -12.2599 55
      vertex -11.1 -4.47575 47.8923
    endloop
  endfacet
  facet normal -1 0 0
    outer loop
      vertex -11.1 -4.85647 46.9732
      vertex -11.1 -12.2599 55
      vertex -11.1 -4.68869 47.4421
    endloop
  endfacet
  facet normal -1 0 0
    outer loop
      vertex -11.1 -4.97748 46.4901
      vertex -11.1 -12.2599 55
      vertex -11.1 -4.85647 46.9732
    endloop
  endfacet
  facet normal -1 0 0
    outer loop
      vertex -11.1 -5.05056 45.9974
      vertex -11.1 -12.2599 55
      vertex -11.1 -4.97748 46.4901
    endloop
  endfacet
  facet normal -1 0 0
    outer loop
      vertex -11.1 -22.7 0
      vertex -11.1 -22.8401 16.01
      vertex -11.1 -22.7 16.01
    endloop
  endfacet
  facet normal -1 0 0
    outer loop
      vertex -11.1 -22.8401 16.01
      vertex -11.1 -24.7 16.01
      vertex -11.1 -22.8401 55
    endloop
  endfacet
  facet normal -1 0 0
    outer loop
      vertex -11.1 -22.7 0
      vertex -11.1 -24.7 16.01
      vertex -11.1 -22.8401 16.01
    endloop
  endfacet
  facet normal -1 0 0
    outer loop
      vertex -11.1 -27.7 0
      vertex -11.1 -24.7 16.01
      vertex -11.1 -22.7 0
    endloop
  endfacet
  facet normal -1 -0 0
    outer loop
      vertex -11.1 -24.7 16.01
      vertex -11.1 -27.7 0
      vertex -11.1 -27.7 16.01
    endloop
  endfacet
  facet normal -1 -0 0
    outer loop
      vertex -11.1 -22.8401 55
      vertex -11.1 -24.7 16.01
      vertex -11.1 -24.7 55
    endloop
  endfacet
  facet normal -0 0 1
    outer loop
      vertex -11.1 0 55
      vertex -6.1 -10 55
      vertex -6.1 0 55
    endloop
  endfacet
  facet normal 0 0 1
    outer loop
      vertex -6.1 -10 55
      vertex -6.77087 -12.6218 55
      vertex -6.29501 -12.792 55
    endloop
  endfacet
  facet normal 0 0 1
    outer loop
      vertex -6.1 -10 55
      vertex -7.26112 -12.499 55
      vertex -6.77087 -12.6218 55
    endloop
  endfacet
  facet normal 0 0 1
    outer loop
      vertex -6.1 -10 55
      vertex -7.76104 -12.4248 55
      vertex -7.26112 -12.499 55
    endloop
  endfacet
  facet normal 0 0 1
    outer loop
      vertex -6.1 -10 55
      vertex -8.26583 -12.4 55
      vertex -7.76104 -12.4248 55
    endloop
  endfacet
  facet normal 0 0 1
    outer loop
      vertex -11.1 -12.2599 55
      vertex -6.1 -10 55
      vertex -11.1 0 55
    endloop
  endfacet
  facet normal 0 0 1
    outer loop
      vertex -6.1 -10 55
      vertex -8.77062 -12.4248 55
      vertex -8.26583 -12.4 55
    endloop
  endfacet
  facet normal 0 -0 1
    outer loop
      vertex -9.27055 -12.499 55
      vertex -6.1 -10 55
      vertex -11.1 -12.2599 55
    endloop
  endfacet
  facet normal 0 0 1
    outer loop
      vertex -6.1 -10 55
      vertex -9.27055 -12.499 55
      vertex -8.77062 -12.4248 55
    endloop
  endfacet
  facet normal 0 0 1
    outer loop
      vertex -9.7608 -12.6218 55
      vertex -11.1 -12.2599 55
      vertex -10.2367 -12.792 55
    endloop
  endfacet
  facet normal 0 0 1
    outer loop
      vertex -9.27055 -12.499 55
      vertex -11.1 -12.2599 55
      vertex -9.7608 -12.6218 55
    endloop
  endfacet
  facet normal 0 0 1
    outer loop
      vertex -10.2367 -12.792 55
      vertex -11.1 -12.2599 55
      vertex -10.4572 -12.8963 55
    endloop
  endfacet
  facet normal 0 0 1
    outer loop
      vertex 8 -24.7 55
      vertex -3.14063 -17.0452 55
      vertex -3.11583 -17.55 55
    endloop
  endfacet
  facet normal 0 0 1
    outer loop
      vertex 0 -10 55
      vertex -3.21479 -16.5453 55
      vertex -3.14063 -17.0452 55
    endloop
  endfacet
  facet normal 0 0 1
    outer loop
      vertex 0 -10 55
      vertex -3.33759 -16.055 55
      vertex -3.21479 -16.5453 55
    endloop
  endfacet
  facet normal 0 0 1
    outer loop
      vertex 0 -10 55
      vertex -3.50785 -15.5792 55
      vertex -3.33759 -16.055 55
    endloop
  endfacet
  facet normal 0 0 1
    outer loop
      vertex 0 -10 55
      vertex -3.72394 -15.1223 55
      vertex -3.50785 -15.5792 55
    endloop
  endfacet
  facet normal 0 0 1
    outer loop
      vertex 0 -10 55
      vertex -3.98376 -14.6888 55
      vertex -3.72394 -15.1223 55
    endloop
  endfacet
  facet normal 0 0 1
    outer loop
      vertex 0 -10 55
      vertex -4.28483 -14.2829 55
      vertex -3.98376 -14.6888 55
    endloop
  endfacet
  facet normal 0 0 1
    outer loop
      vertex 0 -10 55
      vertex -4.62423 -13.9084 55
      vertex -4.28483 -14.2829 55
    endloop
  endfacet
  facet normal 0 0 1
    outer loop
      vertex 0 -10 55
      vertex -4.99871 -13.569 55
      vertex -4.62423 -13.9084 55
    endloop
  endfacet
  facet normal -0 0 1
    outer loop
      vertex -6.1 -10 55
      vertex -4.99871 -13.569 55
      vertex 0 -10 55
    endloop
  endfacet
  facet normal 0 0 1
    outer loop
      vertex -4.99871 -13.569 55
      vertex -6.1 -10 55
      vertex -5.40465 -13.2679 55
    endloop
  endfacet
  facet normal 0 0 1
    outer loop
      vertex -5.40465 -13.2679 55
      vertex -6.1 -10 55
      vertex -5.83814 -13.0081 55
    endloop
  endfacet
  facet normal 0 0 1
    outer loop
      vertex -5.83814 -13.0081 55
      vertex -6.1 -10 55
      vertex -6.29501 -12.792 55
    endloop
  endfacet
  facet normal 0 0 1
    outer loop
      vertex 0 -10 55
      vertex 8 0 55
      vertex 0 0 55
    endloop
  endfacet
  facet normal 0 0 1
    outer loop
      vertex 8 0 55
      vertex 0 -10 55
      vertex 8 -24.7 55
    endloop
  endfacet
  facet normal -0 0 1
    outer loop
      vertex -3.14063 -17.0452 55
      vertex 8 -24.7 55
      vertex 0 -10 55
    endloop
  endfacet
  facet normal -0 0 1
    outer loop
      vertex -3.14063 -18.0548 55
      vertex 8 -24.7 55
      vertex -3.11583 -17.55 55
    endloop
  endfacet
  facet normal -0 0 1
    outer loop
      vertex -3.21479 -18.5547 55
      vertex 8 -24.7 55
      vertex -3.14063 -18.0548 55
    endloop
  endfacet
  facet normal -0 0 1
    outer loop
      vertex -3.33759 -19.045 55
      vertex 8 -24.7 55
      vertex -3.21479 -18.5547 55
    endloop
  endfacet
  facet normal -0 0 1
    outer loop
      vertex -3.50785 -19.5208 55
      vertex 8 -24.7 55
      vertex -3.33759 -19.045 55
    endloop
  endfacet
  facet normal -0 0 1
    outer loop
      vertex -3.72394 -19.9777 55
      vertex 8 -24.7 55
      vertex -3.50785 -19.5208 55
    endloop
  endfacet
  facet normal -0 0 1
    outer loop
      vertex -3.98376 -20.4112 55
      vertex 8 -24.7 55
      vertex -3.72394 -19.9777 55
    endloop
  endfacet
  facet normal -0 0 1
    outer loop
      vertex -4.28483 -20.8171 55
      vertex 8 -24.7 55
      vertex -3.98376 -20.4112 55
    endloop
  endfacet
  facet normal -0 0 1
    outer loop
      vertex -4.62423 -21.1916 55
      vertex 8 -24.7 55
      vertex -4.28483 -20.8171 55
    endloop
  endfacet
  facet normal -0 0 1
    outer loop
      vertex -4.99871 -21.531 55
      vertex 8 -24.7 55
      vertex -4.62423 -21.1916 55
    endloop
  endfacet
  facet normal -0 0 1
    outer loop
      vertex -5.40465 -21.8321 55
      vertex 8 -24.7 55
      vertex -4.99871 -21.531 55
    endloop
  endfacet
  facet normal -0 0 1
    outer loop
      vertex -5.83814 -22.0919 55
      vertex 8 -24.7 55
      vertex -5.40465 -21.8321 55
    endloop
  endfacet
  facet normal -0 0 1
    outer loop
      vertex -6.29501 -22.308 55
      vertex 8 -24.7 55
      vertex -5.83814 -22.0919 55
    endloop
  endfacet
  facet normal -0 0 1
    outer loop
      vertex -6.77087 -22.4782 55
      vertex 8 -24.7 55
      vertex -6.29501 -22.308 55
    endloop
  endfacet
  facet normal 0 0 1
    outer loop
      vertex -11.1 -24.7 55
      vertex -6.77087 -22.4782 55
      vertex -7.26112 -22.601 55
    endloop
  endfacet
  facet normal 0 0 1
    outer loop
      vertex -11.1 -24.7 55
      vertex -7.26112 -22.601 55
      vertex -7.76104 -22.6752 55
    endloop
  endfacet
  facet normal 0 0 1
    outer loop
      vertex -11.1 -24.7 55
      vertex -7.76104 -22.6752 55
      vertex -8.26583 -22.7 55
    endloop
  endfacet
  facet normal 0 0 1
    outer loop
      vertex -11.1 -24.7 55
      vertex -8.26583 -22.7 55
      vertex -8.77062 -22.6752 55
    endloop
  endfacet
  facet normal 0 0 1
    outer loop
      vertex -11.1 -22.8401 55
      vertex -10.2367 -22.308 55
      vertex -10.4572 -22.2037 55
    endloop
  endfacet
  facet normal 0 0 1
    outer loop
      vertex -11.1 -22.8401 55
      vertex -9.7608 -22.4782 55
      vertex -10.2367 -22.308 55
    endloop
  endfacet
  facet normal 0 0 1
    outer loop
      vertex -11.1 -24.7 55
      vertex -9.7608 -22.4782 55
      vertex -11.1 -22.8401 55
    endloop
  endfacet
  facet normal 0 0 1
    outer loop
      vertex -9.7608 -22.4782 55
      vertex -11.1 -24.7 55
      vertex -9.27055 -22.601 55
    endloop
  endfacet
  facet normal 0 0 1
    outer loop
      vertex -9.27055 -22.601 55
      vertex -11.1 -24.7 55
      vertex -8.77062 -22.6752 55
    endloop
  endfacet
  facet normal 0 0 1
    outer loop
      vertex -6.77087 -22.4782 55
      vertex -11.1 -24.7 55
      vertex 8 -24.7 55
    endloop
  endfacet
  facet normal 0 1 -0
    outer loop
      vertex 0 -10 16.01
      vertex -6.1 -10 55
      vertex 0 -10 55
    endloop
  endfacet
  facet normal 0 1 0
    outer loop
      vertex -6.1 -10 55
      vertex 0 -10 16.01
      vertex -6.1 -10 16.01
    endloop
  endfacet
  facet normal 0 -1 0
    outer loop
      vertex -11.1 -24.7 16.01
      vertex 8 -24.7 55
      vertex -11.1 -24.7 55
    endloop
  endfacet
  facet normal 0 -1 -0
    outer loop
      vertex 8 -24.7 55
      vertex -11.1 -24.7 16.01
      vertex 8 -24.7 16.01
    endloop
  endfacet
  facet normal 0 -0.146775 -0.98917
    outer loop
      vertex 0 0.497437 30.5506
      vertex 6 0.990083 30.4775
      vertex 6 0.497437 30.5506
    endloop
  endfacet
  facet normal -0 -0.146775 -0.98917
    outer loop
      vertex 6 0.990083 30.4775
      vertex 0 0.497437 30.5506
      vertex 0 0.990083 30.4775
    endloop
  endfacet
  facet normal 0 -0.0489925 -0.998799
    outer loop
      vertex 0 0 30.575
      vertex 6 0.497437 30.5506
      vertex 6 0 30.575
    endloop
  endfacet
  facet normal -0 -0.0489925 -0.998799
    outer loop
      vertex 6 0.497437 30.5506
      vertex 0 0 30.575
      vertex 0 0.497437 30.5506
    endloop
  endfacet
  facet normal 0 -0.242958 -0.970037
    outer loop
      vertex 0 0.990083 30.4775
      vertex 6 1.47319 30.3565
      vertex 6 0.990083 30.4775
    endloop
  endfacet
  facet normal -0 -0.242958 -0.970037
    outer loop
      vertex 6 1.47319 30.3565
      vertex 0 0.990083 30.4775
      vertex 0 1.47319 30.3565
    endloop
  endfacet
  facet normal 0 0.941541 -0.336899
    outer loop
      vertex 6 -4.85647 26.9732
      vertex 0 -4.68869 27.4421
      vertex 6 -4.68869 27.4421
    endloop
  endfacet
  facet normal 0 0.941541 -0.336899
    outer loop
      vertex 0 -4.68869 27.4421
      vertex 6 -4.85647 26.9732
      vertex 0 -4.85647 26.9732
    endloop
  endfacet
  facet normal 0 -0.427656 0.903941
    outer loop
      vertex 0 2.39234 21.0243
      vertex 6 1.94212 20.8113
      vertex 6 2.39234 21.0243
    endloop
  endfacet
  facet normal 0 -0.427656 0.903941
    outer loop
      vertex 6 1.94212 20.8113
      vertex 0 2.39234 21.0243
      vertex 0 1.94212 20.8113
    endloop
  endfacet
  facet normal 0 -0.741024 -0.671479
    outer loop
      vertex 0 3.92303 28.7195
      vertex 6 3.58857 29.0886
      vertex 0 3.58857 29.0886
    endloop
  endfacet
  facet normal 0 -0.741024 -0.671479
    outer loop
      vertex 6 3.58857 29.0886
      vertex 0 3.92303 28.7195
      vertex 6 3.92303 28.7195
    endloop
  endfacet
  facet normal 0 0.989178 0.14672
    outer loop
      vertex 6 -4.97748 24.5099
      vertex 0 -5.05056 25.0026
      vertex 6 -5.05056 25.0026
    endloop
  endfacet
  facet normal 0 0.989178 0.14672
    outer loop
      vertex 0 -5.05056 25.0026
      vertex 6 -4.97748 24.5099
      vertex 0 -4.97748 24.5099
    endloop
  endfacet
  facet normal 0 -0.336915 -0.941535
    outer loop
      vertex 0 1.47319 30.3565
      vertex 6 1.94212 30.1887
      vertex 6 1.47319 30.3565
    endloop
  endfacet
  facet normal -0 -0.336915 -0.941535
    outer loop
      vertex 6 1.94212 30.1887
      vertex 0 1.47319 30.3565
      vertex 0 1.94212 30.1887
    endloop
  endfacet
  facet normal 0 -0.998795 0.0490763
    outer loop
      vertex 0 5.05056 25.0026
      vertex 6 5.075 25.5
      vertex 0 5.075 25.5
    endloop
  endfacet
  facet normal 0 -0.998795 0.0490763
    outer loop
      vertex 6 5.075 25.5
      vertex 0 5.05056 25.0026
      vertex 6 5.05056 25.0026
    endloop
  endfacet
  facet normal 0 0.998795 -0.0490763
    outer loop
      vertex 6 -5.075 25.5
      vertex 0 -5.05056 25.9974
      vertex 6 -5.05056 25.9974
    endloop
  endfacet
  facet normal 0 0.998795 -0.0490763
    outer loop
      vertex 0 -5.05056 25.9974
      vertex 6 -5.075 25.5
      vertex 0 -5.075 25.5
    endloop
  endfacet
  facet normal 0 0.595722 -0.803191
    outer loop
      vertex 0 -3.21955 29.423
      vertex 6 -2.81952 29.7197
      vertex 6 -3.21955 29.423
    endloop
  endfacet
  facet normal 0 0.595722 -0.803191
    outer loop
      vertex 6 -2.81952 29.7197
      vertex 0 -3.21955 29.423
      vertex 0 -2.81952 29.7197
    endloop
  endfacet
  facet normal 0 0.803189 0.595725
    outer loop
      vertex 6 -3.92303 22.2805
      vertex 0 -4.21971 22.6805
      vertex 6 -4.21971 22.6805
    endloop
  endfacet
  facet normal 0 0.803189 0.595725
    outer loop
      vertex 0 -4.21971 22.6805
      vertex 6 -3.92303 22.2805
      vertex 0 -3.92303 22.2805
    endloop
  endfacet
  facet normal 0 -0.336915 0.941535
    outer loop
      vertex 0 1.94212 20.8113
      vertex 6 1.47319 20.6435
      vertex 6 1.94212 20.8113
    endloop
  endfacet
  facet normal 0 -0.336915 0.941535
    outer loop
      vertex 6 1.47319 20.6435
      vertex 0 1.94212 20.8113
      vertex 0 1.47319 20.6435
    endloop
  endfacet
  facet normal 0 -0.514041 -0.857766
    outer loop
      vertex 0 2.39234 29.9757
      vertex 6 2.81952 29.7197
      vertex 6 2.39234 29.9757
    endloop
  endfacet
  facet normal -0 -0.514041 -0.857766
    outer loop
      vertex 6 2.81952 29.7197
      vertex 0 2.39234 29.9757
      vertex 0 2.81952 29.7197
    endloop
  endfacet
  facet normal -0 0.0489925 0.998799
    outer loop
      vertex 0 0 20.425
      vertex 6 -0.497437 20.4494
      vertex 6 0 20.425
    endloop
  endfacet
  facet normal 0 0.0489925 0.998799
    outer loop
      vertex 6 -0.497437 20.4494
      vertex 0 0 20.425
      vertex 0 -0.497437 20.4494
    endloop
  endfacet
  facet normal 0 -0.595722 -0.803191
    outer loop
      vertex 0 2.81952 29.7197
      vertex 6 3.21955 29.423
      vertex 6 2.81952 29.7197
    endloop
  endfacet
  facet normal -0 -0.595722 -0.803191
    outer loop
      vertex 6 3.21955 29.423
      vertex 0 2.81952 29.7197
      vertex 0 3.21955 29.423
    endloop
  endfacet
  facet normal 0 -0.427656 -0.903941
    outer loop
      vertex 0 1.94212 30.1887
      vertex 6 2.39234 29.9757
      vertex 6 1.94212 30.1887
    endloop
  endfacet
  facet normal -0 -0.427656 -0.903941
    outer loop
      vertex 6 2.39234 29.9757
      vertex 0 1.94212 30.1887
      vertex 0 2.39234 29.9757
    endloop
  endfacet
  facet normal 0 0.242958 -0.970037
    outer loop
      vertex 0 -1.47319 30.3565
      vertex 6 -0.990083 30.4775
      vertex 6 -1.47319 30.3565
    endloop
  endfacet
  facet normal 0 0.242958 -0.970037
    outer loop
      vertex 6 -0.990083 30.4775
      vertex 0 -1.47319 30.3565
      vertex 0 -0.990083 30.4775
    endloop
  endfacet
  facet normal 0 -0.242958 0.970037
    outer loop
      vertex 0 1.47319 20.6435
      vertex 6 0.990083 20.5225
      vertex 6 1.47319 20.6435
    endloop
  endfacet
  facet normal 0 -0.242958 0.970037
    outer loop
      vertex 6 0.990083 20.5225
      vertex 0 1.47319 20.6435
      vertex 0 0.990083 20.5225
    endloop
  endfacet
  facet normal 0 0.903981 0.427574
    outer loop
      vertex 6 -4.47575 23.1077
      vertex 0 -4.68869 23.5579
      vertex 6 -4.68869 23.5579
    endloop
  endfacet
  facet normal 0 0.903981 0.427574
    outer loop
      vertex 0 -4.68869 23.5579
      vertex 6 -4.47575 23.1077
      vertex 0 -4.47575 23.1077
    endloop
  endfacet
  facet normal -0 0.242958 0.970037
    outer loop
      vertex 0 -0.990083 20.5225
      vertex 6 -1.47319 20.6435
      vertex 6 -0.990083 20.5225
    endloop
  endfacet
  facet normal 0 0.242958 0.970037
    outer loop
      vertex 6 -1.47319 20.6435
      vertex 0 -0.990083 20.5225
      vertex 0 -1.47319 20.6435
    endloop
  endfacet
  facet normal 0 0.146775 -0.98917
    outer loop
      vertex 0 -0.990083 30.4775
      vertex 6 -0.497437 30.5506
      vertex 6 -0.990083 30.4775
    endloop
  endfacet
  facet normal 0 0.146775 -0.98917
    outer loop
      vertex 6 -0.497437 30.5506
      vertex 0 -0.990083 30.4775
      vertex 0 -0.497437 30.5506
    endloop
  endfacet
  facet normal 0 -0.989178 0.14672
    outer loop
      vertex 0 4.97748 24.5099
      vertex 6 5.05056 25.0026
      vertex 0 5.05056 25.0026
    endloop
  endfacet
  facet normal 0 -0.989178 0.14672
    outer loop
      vertex 6 5.05056 25.0026
      vertex 0 4.97748 24.5099
      vertex 6 4.97748 24.5099
    endloop
  endfacet
  facet normal 0 0.903981 -0.427574
    outer loop
      vertex 6 -4.68869 27.4421
      vertex 0 -4.47575 27.8923
      vertex 6 -4.47575 27.8923
    endloop
  endfacet
  facet normal 0 0.903981 -0.427574
    outer loop
      vertex 0 -4.47575 27.8923
      vertex 6 -4.68869 27.4421
      vertex 0 -4.68869 27.4421
    endloop
  endfacet
  facet normal 0 -0.741024 0.671479
    outer loop
      vertex 0 3.58857 21.9114
      vertex 6 3.92303 22.2805
      vertex 0 3.92303 22.2805
    endloop
  endfacet
  facet normal 0 -0.741024 0.671479
    outer loop
      vertex 6 3.92303 22.2805
      vertex 0 3.58857 21.9114
      vertex 6 3.58857 21.9114
    endloop
  endfacet
  facet normal 0 0.427656 -0.903941
    outer loop
      vertex 0 -2.39234 29.9757
      vertex 6 -1.94212 30.1887
      vertex 6 -2.39234 29.9757
    endloop
  endfacet
  facet normal 0 0.427656 -0.903941
    outer loop
      vertex 6 -1.94212 30.1887
      vertex 0 -2.39234 29.9757
      vertex 0 -1.94212 30.1887
    endloop
  endfacet
  facet normal 0 -0.803189 0.595725
    outer loop
      vertex 0 3.92303 22.2805
      vertex 6 4.21971 22.6805
      vertex 0 4.21971 22.6805
    endloop
  endfacet
  facet normal 0 -0.803189 0.595725
    outer loop
      vertex 6 4.21971 22.6805
      vertex 0 3.92303 22.2805
      vertex 6 3.92303 22.2805
    endloop
  endfacet
  facet normal 0 -0.671493 -0.741011
    outer loop
      vertex 0 3.21955 29.423
      vertex 6 3.58857 29.0886
      vertex 6 3.21955 29.423
    endloop
  endfacet
  facet normal -0 -0.671493 -0.741011
    outer loop
      vertex 6 3.58857 29.0886
      vertex 0 3.21955 29.423
      vertex 0 3.58857 29.0886
    endloop
  endfacet
  facet normal -0 0.427656 0.903941
    outer loop
      vertex 0 -1.94212 20.8113
      vertex 6 -2.39234 21.0243
      vertex 6 -1.94212 20.8113
    endloop
  endfacet
  facet normal 0 0.427656 0.903941
    outer loop
      vertex 6 -2.39234 21.0243
      vertex 0 -1.94212 20.8113
      vertex 0 -2.39234 21.0243
    endloop
  endfacet
  facet normal 0 0.0489925 -0.998799
    outer loop
      vertex 0 -0.497437 30.5506
      vertex 6 0 30.575
      vertex 6 -0.497437 30.5506
    endloop
  endfacet
  facet normal 0 0.0489925 -0.998799
    outer loop
      vertex 6 0 30.575
      vertex 0 -0.497437 30.5506
      vertex 0 0 30.575
    endloop
  endfacet
  facet normal 0 -0.970031 -0.24298
    outer loop
      vertex 0 4.97748 26.4901
      vertex 6 4.85647 26.9732
      vertex 0 4.85647 26.9732
    endloop
  endfacet
  facet normal 0 -0.970031 -0.24298
    outer loop
      vertex 6 4.85647 26.9732
      vertex 0 4.97748 26.4901
      vertex 6 4.97748 26.4901
    endloop
  endfacet
  facet normal -0 0.336915 0.941535
    outer loop
      vertex 0 -1.47319 20.6435
      vertex 6 -1.94212 20.8113
      vertex 6 -1.47319 20.6435
    endloop
  endfacet
  facet normal 0 0.336915 0.941535
    outer loop
      vertex 6 -1.94212 20.8113
      vertex 0 -1.47319 20.6435
      vertex 0 -1.94212 20.8113
    endloop
  endfacet
  facet normal 0 -0.857741 -0.514082
    outer loop
      vertex 0 4.47575 27.8923
      vertex 6 4.21971 28.3195
      vertex 0 4.21971 28.3195
    endloop
  endfacet
  facet normal 0 -0.857741 -0.514082
    outer loop
      vertex 6 4.21971 28.3195
      vertex 0 4.47575 27.8923
      vertex 6 4.47575 27.8923
    endloop
  endfacet
  facet normal 0 -0.803189 -0.595725
    outer loop
      vertex 0 4.21971 28.3195
      vertex 6 3.92303 28.7195
      vertex 0 3.92303 28.7195
    endloop
  endfacet
  facet normal 0 -0.803189 -0.595725
    outer loop
      vertex 6 3.92303 28.7195
      vertex 0 4.21971 28.3195
      vertex 6 4.21971 28.3195
    endloop
  endfacet
  facet normal 0 0.989178 -0.14672
    outer loop
      vertex 6 -5.05056 25.9974
      vertex 0 -4.97748 26.4901
      vertex 6 -4.97748 26.4901
    endloop
  endfacet
  facet normal 0 0.989178 -0.14672
    outer loop
      vertex 0 -4.97748 26.4901
      vertex 6 -5.05056 25.9974
      vertex 0 -5.05056 25.9974
    endloop
  endfacet
  facet normal 0 0.671493 -0.741011
    outer loop
      vertex 0 -3.58857 29.0886
      vertex 6 -3.21955 29.423
      vertex 6 -3.58857 29.0886
    endloop
  endfacet
  facet normal 0 0.671493 -0.741011
    outer loop
      vertex 6 -3.21955 29.423
      vertex 0 -3.58857 29.0886
      vertex 0 -3.21955 29.423
    endloop
  endfacet
  facet normal 0 0.970031 0.24298
    outer loop
      vertex 6 -4.85647 24.0268
      vertex 0 -4.97748 24.5099
      vertex 6 -4.97748 24.5099
    endloop
  endfacet
  facet normal 0 0.970031 0.24298
    outer loop
      vertex 0 -4.97748 24.5099
      vertex 6 -4.85647 24.0268
      vertex 0 -4.85647 24.0268
    endloop
  endfacet
  facet normal 0 0.970031 -0.24298
    outer loop
      vertex 6 -4.97748 26.4901
      vertex 0 -4.85647 26.9732
      vertex 6 -4.85647 26.9732
    endloop
  endfacet
  facet normal 0 0.970031 -0.24298
    outer loop
      vertex 0 -4.85647 26.9732
      vertex 6 -4.97748 26.4901
      vertex 0 -4.97748 26.4901
    endloop
  endfacet
  facet normal 0 0.336915 -0.941535
    outer loop
      vertex 0 -1.94212 30.1887
      vertex 6 -1.47319 30.3565
      vertex 6 -1.94212 30.1887
    endloop
  endfacet
  facet normal 0 0.336915 -0.941535
    outer loop
      vertex 6 -1.47319 30.3565
      vertex 0 -1.94212 30.1887
      vertex 0 -1.47319 30.3565
    endloop
  endfacet
  facet normal 0 -0.514041 0.857766
    outer loop
      vertex 0 2.81952 21.2803
      vertex 6 2.39234 21.0243
      vertex 6 2.81952 21.2803
    endloop
  endfacet
  facet normal 0 -0.514041 0.857766
    outer loop
      vertex 6 2.39234 21.0243
      vertex 0 2.81952 21.2803
      vertex 0 2.39234 21.0243
    endloop
  endfacet
  facet normal 0 -0.970031 0.24298
    outer loop
      vertex 0 4.85647 24.0268
      vertex 6 4.97748 24.5099
      vertex 0 4.97748 24.5099
    endloop
  endfacet
  facet normal 0 -0.970031 0.24298
    outer loop
      vertex 6 4.97748 24.5099
      vertex 0 4.85647 24.0268
      vertex 6 4.85647 24.0268
    endloop
  endfacet
  facet normal 0 -0.989178 -0.14672
    outer loop
      vertex 0 5.05056 25.9974
      vertex 6 4.97748 26.4901
      vertex 0 4.97748 26.4901
    endloop
  endfacet
  facet normal 0 -0.989178 -0.14672
    outer loop
      vertex 6 4.97748 26.4901
      vertex 0 5.05056 25.9974
      vertex 6 5.05056 25.9974
    endloop
  endfacet
  facet normal 0 -0.998795 -0.0490763
    outer loop
      vertex 0 5.075 25.5
      vertex 6 5.05056 25.9974
      vertex 0 5.05056 25.9974
    endloop
  endfacet
  facet normal 0 -0.998795 -0.0490763
    outer loop
      vertex 6 5.05056 25.9974
      vertex 0 5.075 25.5
      vertex 6 5.075 25.5
    endloop
  endfacet
  facet normal 0 -0.146775 0.98917
    outer loop
      vertex 0 0.990083 20.5225
      vertex 6 0.497437 20.4494
      vertex 6 0.990083 20.5225
    endloop
  endfacet
  facet normal 0 -0.146775 0.98917
    outer loop
      vertex 6 0.497437 20.4494
      vertex 0 0.990083 20.5225
      vertex 0 0.497437 20.4494
    endloop
  endfacet
  facet normal 0 -0.857741 0.514082
    outer loop
      vertex 0 4.21971 22.6805
      vertex 6 4.47575 23.1077
      vertex 0 4.47575 23.1077
    endloop
  endfacet
  facet normal 0 -0.857741 0.514082
    outer loop
      vertex 6 4.47575 23.1077
      vertex 0 4.21971 22.6805
      vertex 6 4.21971 22.6805
    endloop
  endfacet
  facet normal 0 -0.903981 -0.427574
    outer loop
      vertex 0 4.68869 27.4421
      vertex 6 4.47575 27.8923
      vertex 0 4.47575 27.8923
    endloop
  endfacet
  facet normal 0 -0.903981 -0.427574
    outer loop
      vertex 6 4.47575 27.8923
      vertex 0 4.68869 27.4421
      vertex 6 4.68869 27.4421
    endloop
  endfacet
  facet normal 0 0.514041 -0.857766
    outer loop
      vertex 0 -2.81952 29.7197
      vertex 6 -2.39234 29.9757
      vertex 6 -2.81952 29.7197
    endloop
  endfacet
  facet normal 0 0.514041 -0.857766
    outer loop
      vertex 6 -2.39234 29.9757
      vertex 0 -2.81952 29.7197
      vertex 0 -2.39234 29.9757
    endloop
  endfacet
  facet normal -0 0.671493 0.741011
    outer loop
      vertex 0 -3.21955 21.577
      vertex 6 -3.58857 21.9114
      vertex 6 -3.21955 21.577
    endloop
  endfacet
  facet normal 0 0.671493 0.741011
    outer loop
      vertex 6 -3.58857 21.9114
      vertex 0 -3.21955 21.577
      vertex 0 -3.58857 21.9114
    endloop
  endfacet
  facet normal -0 0.514041 0.857766
    outer loop
      vertex 0 -2.39234 21.0243
      vertex 6 -2.81952 21.2803
      vertex 6 -2.39234 21.0243
    endloop
  endfacet
  facet normal 0 0.514041 0.857766
    outer loop
      vertex 6 -2.81952 21.2803
      vertex 0 -2.39234 21.0243
      vertex 0 -2.81952 21.2803
    endloop
  endfacet
  facet normal 0 -0.941541 0.336899
    outer loop
      vertex 0 4.68869 23.5579
      vertex 6 4.85647 24.0268
      vertex 0 4.85647 24.0268
    endloop
  endfacet
  facet normal 0 -0.941541 0.336899
    outer loop
      vertex 6 4.85647 24.0268
      vertex 0 4.68869 23.5579
      vertex 6 4.68869 23.5579
    endloop
  endfacet
  facet normal 0 -0.941541 -0.336899
    outer loop
      vertex 0 4.85647 26.9732
      vertex 6 4.68869 27.4421
      vertex 0 4.68869 27.4421
    endloop
  endfacet
  facet normal 0 -0.941541 -0.336899
    outer loop
      vertex 6 4.68869 27.4421
      vertex 0 4.85647 26.9732
      vertex 6 4.85647 26.9732
    endloop
  endfacet
  facet normal 0 0.857741 0.514082
    outer loop
      vertex 6 -4.21971 22.6805
      vertex 0 -4.47575 23.1077
      vertex 6 -4.47575 23.1077
    endloop
  endfacet
  facet normal 0 0.857741 0.514082
    outer loop
      vertex 0 -4.47575 23.1077
      vertex 6 -4.21971 22.6805
      vertex 0 -4.21971 22.6805
    endloop
  endfacet
  facet normal 0 0.803189 -0.595725
    outer loop
      vertex 6 -4.21971 28.3195
      vertex 0 -3.92303 28.7195
      vertex 6 -3.92303 28.7195
    endloop
  endfacet
  facet normal 0 0.803189 -0.595725
    outer loop
      vertex 0 -3.92303 28.7195
      vertex 6 -4.21971 28.3195
      vertex 0 -4.21971 28.3195
    endloop
  endfacet
  facet normal 0 -0.671493 0.741011
    outer loop
      vertex 0 3.58857 21.9114
      vertex 6 3.21955 21.577
      vertex 6 3.58857 21.9114
    endloop
  endfacet
  facet normal 0 -0.671493 0.741011
    outer loop
      vertex 6 3.21955 21.577
      vertex 0 3.58857 21.9114
      vertex 0 3.21955 21.577
    endloop
  endfacet
  facet normal -0 0.595722 0.803191
    outer loop
      vertex 0 -2.81952 21.2803
      vertex 6 -3.21955 21.577
      vertex 6 -2.81952 21.2803
    endloop
  endfacet
  facet normal 0 0.595722 0.803191
    outer loop
      vertex 6 -3.21955 21.577
      vertex 0 -2.81952 21.2803
      vertex 0 -3.21955 21.577
    endloop
  endfacet
  facet normal 0 -0.903981 0.427574
    outer loop
      vertex 0 4.47575 23.1077
      vertex 6 4.68869 23.5579
      vertex 0 4.68869 23.5579
    endloop
  endfacet
  facet normal 0 -0.903981 0.427574
    outer loop
      vertex 6 4.68869 23.5579
      vertex 0 4.47575 23.1077
      vertex 6 4.47575 23.1077
    endloop
  endfacet
  facet normal -0 0.146775 0.98917
    outer loop
      vertex 0 -0.497437 20.4494
      vertex 6 -0.990083 20.5225
      vertex 6 -0.497437 20.4494
    endloop
  endfacet
  facet normal 0 0.146775 0.98917
    outer loop
      vertex 6 -0.990083 20.5225
      vertex 0 -0.497437 20.4494
      vertex 0 -0.990083 20.5225
    endloop
  endfacet
  facet normal 0 0.941541 0.336899
    outer loop
      vertex 6 -4.68869 23.5579
      vertex 0 -4.85647 24.0268
      vertex 6 -4.85647 24.0268
    endloop
  endfacet
  facet normal 0 0.941541 0.336899
    outer loop
      vertex 0 -4.85647 24.0268
      vertex 6 -4.68869 23.5579
      vertex 0 -4.68869 23.5579
    endloop
  endfacet
  facet normal 0 0.857741 -0.514082
    outer loop
      vertex 6 -4.47575 27.8923
      vertex 0 -4.21971 28.3195
      vertex 6 -4.21971 28.3195
    endloop
  endfacet
  facet normal 0 0.857741 -0.514082
    outer loop
      vertex 0 -4.21971 28.3195
      vertex 6 -4.47575 27.8923
      vertex 0 -4.47575 27.8923
    endloop
  endfacet
  facet normal 0 0.741024 0.671479
    outer loop
      vertex 6 -3.58857 21.9114
      vertex 0 -3.92303 22.2805
      vertex 6 -3.92303 22.2805
    endloop
  endfacet
  facet normal 0 0.741024 0.671479
    outer loop
      vertex 0 -3.92303 22.2805
      vertex 6 -3.58857 21.9114
      vertex 0 -3.58857 21.9114
    endloop
  endfacet
  facet normal 0 -0.595722 0.803191
    outer loop
      vertex 0 3.21955 21.577
      vertex 6 2.81952 21.2803
      vertex 6 3.21955 21.577
    endloop
  endfacet
  facet normal 0 -0.595722 0.803191
    outer loop
      vertex 6 2.81952 21.2803
      vertex 0 3.21955 21.577
      vertex 0 2.81952 21.2803
    endloop
  endfacet
  facet normal 0 0.998795 0.0490763
    outer loop
      vertex 6 -5.05056 25.0026
      vertex 0 -5.075 25.5
      vertex 6 -5.075 25.5
    endloop
  endfacet
  facet normal 0 0.998795 0.0490763
    outer loop
      vertex 0 -5.075 25.5
      vertex 6 -5.05056 25.0026
      vertex 0 -5.05056 25.0026
    endloop
  endfacet
  facet normal -1 0 0
    outer loop
      vertex 6 5.05056 25.0026
      vertex 6 5.05056 25.9974
      vertex 6 5.075 25.5
    endloop
  endfacet
  facet normal -1 0 0
    outer loop
      vertex 6 4.97748 24.5099
      vertex 6 5.05056 25.9974
      vertex 6 5.05056 25.0026
    endloop
  endfacet
  facet normal -1 0 0
    outer loop
      vertex 6 4.97748 24.5099
      vertex 6 4.97748 26.4901
      vertex 6 5.05056 25.9974
    endloop
  endfacet
  facet normal -1 0 0
    outer loop
      vertex 6 4.85647 24.0268
      vertex 6 4.97748 26.4901
      vertex 6 4.97748 24.5099
    endloop
  endfacet
  facet normal -1 0 0
    outer loop
      vertex 6 4.85647 24.0268
      vertex 6 4.85647 26.9732
      vertex 6 4.97748 26.4901
    endloop
  endfacet
  facet normal -1 0 0
    outer loop
      vertex 6 4.68869 23.5579
      vertex 6 4.85647 26.9732
      vertex 6 4.85647 24.0268
    endloop
  endfacet
  facet normal -1 0 0
    outer loop
      vertex 6 4.68869 23.5579
      vertex 6 4.68869 27.4421
      vertex 6 4.85647 26.9732
    endloop
  endfacet
  facet normal -1 0 0
    outer loop
      vertex 6 4.47575 23.1077
      vertex 6 4.68869 27.4421
      vertex 6 4.68869 23.5579
    endloop
  endfacet
  facet normal -1 0 0
    outer loop
      vertex 6 4.47575 23.1077
      vertex 6 4.47575 27.8923
      vertex 6 4.68869 27.4421
    endloop
  endfacet
  facet normal -1 0 0
    outer loop
      vertex 6 4.21971 22.6805
      vertex 6 4.47575 27.8923
      vertex 6 4.47575 23.1077
    endloop
  endfacet
  facet normal -1 0 0
    outer loop
      vertex 6 4.21971 22.6805
      vertex 6 4.21971 28.3195
      vertex 6 4.47575 27.8923
    endloop
  endfacet
  facet normal -1 0 0
    outer loop
      vertex 6 3.92303 22.2805
      vertex 6 4.21971 28.3195
      vertex 6 4.21971 22.6805
    endloop
  endfacet
  facet normal -1 0 0
    outer loop
      vertex 6 3.92303 22.2805
      vertex 6 3.92303 28.7195
      vertex 6 4.21971 28.3195
    endloop
  endfacet
  facet normal -1 0 0
    outer loop
      vertex 6 3.58857 21.9114
      vertex 6 3.92303 28.7195
      vertex 6 3.92303 22.2805
    endloop
  endfacet
  facet normal -1 0 0
    outer loop
      vertex 6 3.58857 21.9114
      vertex 6 3.58857 29.0886
      vertex 6 3.92303 28.7195
    endloop
  endfacet
  facet normal -1 0 0
    outer loop
      vertex 6 3.21955 21.577
      vertex 6 3.58857 29.0886
      vertex 6 3.58857 21.9114
    endloop
  endfacet
  facet normal -1 0 0
    outer loop
      vertex 6 3.21955 21.577
      vertex 6 3.21955 29.423
      vertex 6 3.58857 29.0886
    endloop
  endfacet
  facet normal -1 0 0
    outer loop
      vertex 6 2.81952 21.2803
      vertex 6 3.21955 29.423
      vertex 6 3.21955 21.577
    endloop
  endfacet
  facet normal -1 0 0
    outer loop
      vertex 6 2.81952 21.2803
      vertex 6 2.81952 29.7197
      vertex 6 3.21955 29.423
    endloop
  endfacet
  facet normal -1 0 0
    outer loop
      vertex 6 2.39234 21.0243
      vertex 6 2.81952 29.7197
      vertex 6 2.81952 21.2803
    endloop
  endfacet
  facet normal -1 0 0
    outer loop
      vertex 6 2.39234 21.0243
      vertex 6 2.39234 29.9757
      vertex 6 2.81952 29.7197
    endloop
  endfacet
  facet normal -1 0 0
    outer loop
      vertex 6 1.94212 20.8113
      vertex 6 2.39234 29.9757
      vertex 6 2.39234 21.0243
    endloop
  endfacet
  facet normal -1 0 0
    outer loop
      vertex 6 1.94212 20.8113
      vertex 6 1.94212 30.1887
      vertex 6 2.39234 29.9757
    endloop
  endfacet
  facet normal -1 0 0
    outer loop
      vertex 6 1.47319 20.6435
      vertex 6 1.94212 30.1887
      vertex 6 1.94212 20.8113
    endloop
  endfacet
  facet normal -1 0 0
    outer loop
      vertex 6 1.47319 20.6435
      vertex 6 1.47319 30.3565
      vertex 6 1.94212 30.1887
    endloop
  endfacet
  facet normal -1 0 0
    outer loop
      vertex 6 0.990083 20.5225
      vertex 6 1.47319 30.3565
      vertex 6 1.47319 20.6435
    endloop
  endfacet
  facet normal -1 0 0
    outer loop
      vertex 6 0.990083 20.5225
      vertex 6 0.990083 30.4775
      vertex 6 1.47319 30.3565
    endloop
  endfacet
  facet normal -1 0 0
    outer loop
      vertex 6 0.497437 20.4494
      vertex 6 0.990083 30.4775
      vertex 6 0.990083 20.5225
    endloop
  endfacet
  facet normal -1 0 0
    outer loop
      vertex 6 0.497437 20.4494
      vertex 6 0.497437 30.5506
      vertex 6 0.990083 30.4775
    endloop
  endfacet
  facet normal -1 0 0
    outer loop
      vertex 6 0 20.425
      vertex 6 0.497437 30.5506
      vertex 6 0.497437 20.4494
    endloop
  endfacet
  facet normal -1 0 0
    outer loop
      vertex 6 0 20.425
      vertex 6 0 30.575
      vertex 6 0.497437 30.5506
    endloop
  endfacet
  facet normal -1 0 0
    outer loop
      vertex 6 -0.497437 20.4494
      vertex 6 0 30.575
      vertex 6 0 20.425
    endloop
  endfacet
  facet normal -1 0 0
    outer loop
      vertex 6 -0.497437 20.4494
      vertex 6 -0.497437 30.5506
      vertex 6 0 30.575
    endloop
  endfacet
  facet normal -1 0 0
    outer loop
      vertex 6 -0.990083 20.5225
      vertex 6 -0.497437 30.5506
      vertex 6 -0.497437 20.4494
    endloop
  endfacet
  facet normal -1 0 0
    outer loop
      vertex 6 -0.990083 20.5225
      vertex 6 -0.990083 30.4775
      vertex 6 -0.497437 30.5506
    endloop
  endfacet
  facet normal -1 0 0
    outer loop
      vertex 6 -1.47319 20.6435
      vertex 6 -0.990083 30.4775
      vertex 6 -0.990083 20.5225
    endloop
  endfacet
  facet normal -1 0 0
    outer loop
      vertex 6 -1.47319 20.6435
      vertex 6 -1.47319 30.3565
      vertex 6 -0.990083 30.4775
    endloop
  endfacet
  facet normal -1 0 0
    outer loop
      vertex 6 -1.94212 20.8113
      vertex 6 -1.47319 30.3565
      vertex 6 -1.47319 20.6435
    endloop
  endfacet
  facet normal -1 0 0
    outer loop
      vertex 6 -1.94212 20.8113
      vertex 6 -1.94212 30.1887
      vertex 6 -1.47319 30.3565
    endloop
  endfacet
  facet normal -1 0 0
    outer loop
      vertex 6 -2.39234 21.0243
      vertex 6 -1.94212 30.1887
      vertex 6 -1.94212 20.8113
    endloop
  endfacet
  facet normal -1 0 0
    outer loop
      vertex 6 -2.39234 21.0243
      vertex 6 -2.39234 29.9757
      vertex 6 -1.94212 30.1887
    endloop
  endfacet
  facet normal -1 0 0
    outer loop
      vertex 6 -2.81952 21.2803
      vertex 6 -2.39234 29.9757
      vertex 6 -2.39234 21.0243
    endloop
  endfacet
  facet normal -1 0 0
    outer loop
      vertex 6 -2.81952 21.2803
      vertex 6 -2.81952 29.7197
      vertex 6 -2.39234 29.9757
    endloop
  endfacet
  facet normal -1 0 0
    outer loop
      vertex 6 -3.21955 21.577
      vertex 6 -2.81952 29.7197
      vertex 6 -2.81952 21.2803
    endloop
  endfacet
  facet normal -1 0 0
    outer loop
      vertex 6 -3.21955 21.577
      vertex 6 -3.21955 29.423
      vertex 6 -2.81952 29.7197
    endloop
  endfacet
  facet normal -1 0 0
    outer loop
      vertex 6 -3.58857 21.9114
      vertex 6 -3.21955 29.423
      vertex 6 -3.21955 21.577
    endloop
  endfacet
  facet normal -1 0 0
    outer loop
      vertex 6 -3.58857 21.9114
      vertex 6 -3.58857 29.0886
      vertex 6 -3.21955 29.423
    endloop
  endfacet
  facet normal -1 0 0
    outer loop
      vertex 6 -3.92303 22.2805
      vertex 6 -3.58857 29.0886
      vertex 6 -3.58857 21.9114
    endloop
  endfacet
  facet normal -1 0 0
    outer loop
      vertex 6 -3.92303 22.2805
      vertex 6 -3.92303 28.7195
      vertex 6 -3.58857 29.0886
    endloop
  endfacet
  facet normal -1 0 0
    outer loop
      vertex 6 -4.21971 22.6805
      vertex 6 -3.92303 28.7195
      vertex 6 -3.92303 22.2805
    endloop
  endfacet
  facet normal -1 0 0
    outer loop
      vertex 6 -4.21971 22.6805
      vertex 6 -4.21971 28.3195
      vertex 6 -3.92303 28.7195
    endloop
  endfacet
  facet normal -1 0 0
    outer loop
      vertex 6 -4.47575 23.1077
      vertex 6 -4.21971 28.3195
      vertex 6 -4.21971 22.6805
    endloop
  endfacet
  facet normal -1 0 0
    outer loop
      vertex 6 -4.47575 23.1077
      vertex 6 -4.47575 27.8923
      vertex 6 -4.21971 28.3195
    endloop
  endfacet
  facet normal -1 0 0
    outer loop
      vertex 6 -4.68869 23.5579
      vertex 6 -4.47575 27.8923
      vertex 6 -4.47575 23.1077
    endloop
  endfacet
  facet normal -1 0 0
    outer loop
      vertex 6 -4.68869 23.5579
      vertex 6 -4.68869 27.4421
      vertex 6 -4.47575 27.8923
    endloop
  endfacet
  facet normal -1 0 0
    outer loop
      vertex 6 -4.85647 24.0268
      vertex 6 -4.68869 27.4421
      vertex 6 -4.68869 23.5579
    endloop
  endfacet
  facet normal -1 0 0
    outer loop
      vertex 6 -4.85647 24.0268
      vertex 6 -4.85647 26.9732
      vertex 6 -4.68869 27.4421
    endloop
  endfacet
  facet normal -1 0 0
    outer loop
      vertex 6 -4.97748 24.5099
      vertex 6 -4.85647 26.9732
      vertex 6 -4.85647 24.0268
    endloop
  endfacet
  facet normal -1 0 0
    outer loop
      vertex 6 -4.97748 24.5099
      vertex 6 -4.97748 26.4901
      vertex 6 -4.85647 26.9732
    endloop
  endfacet
  facet normal -1 0 0
    outer loop
      vertex 6 -5.05056 25.0026
      vertex 6 -4.97748 26.4901
      vertex 6 -4.97748 24.5099
    endloop
  endfacet
  facet normal -1 0 0
    outer loop
      vertex 6 -5.05056 25.0026
      vertex 6 -5.05056 25.9974
      vertex 6 -4.97748 26.4901
    endloop
  endfacet
  facet normal -1 0 -0
    outer loop
      vertex 6 -5.05056 25.9974
      vertex 6 -5.05056 25.0026
      vertex 6 -5.075 25.5
    endloop
  endfacet
  facet normal 0 -0.0489925 0.998799
    outer loop
      vertex 0 0.497437 20.4494
      vertex 6 0 20.425
      vertex 6 0.497437 20.4494
    endloop
  endfacet
  facet normal 0 -0.0489925 0.998799
    outer loop
      vertex 6 0 20.425
      vertex 0 0.497437 20.4494
      vertex 0 0 20.425
    endloop
  endfacet
  facet normal 0 0.741024 -0.671479
    outer loop
      vertex 6 -3.92303 28.7195
      vertex 0 -3.58857 29.0886
      vertex 6 -3.58857 29.0886
    endloop
  endfacet
  facet normal 0 0.741024 -0.671479
    outer loop
      vertex 0 -3.58857 29.0886
      vertex 6 -3.92303 28.7195
      vertex 0 -3.92303 28.7195
    endloop
  endfacet
  facet normal 0 -0.146775 -0.98917
    outer loop
      vertex 0 0.497437 50.5506
      vertex 6 0.990083 50.4775
      vertex 6 0.497437 50.5506
    endloop
  endfacet
  facet normal -0 -0.146775 -0.98917
    outer loop
      vertex 6 0.990083 50.4775
      vertex 0 0.497437 50.5506
      vertex 0 0.990083 50.4775
    endloop
  endfacet
  facet normal 0 -0.0489925 -0.998799
    outer loop
      vertex 0 0 50.575
      vertex 6 0.497437 50.5506
      vertex 6 0 50.575
    endloop
  endfacet
  facet normal -0 -0.0489925 -0.998799
    outer loop
      vertex 6 0.497437 50.5506
      vertex 0 0 50.575
      vertex 0 0.497437 50.5506
    endloop
  endfacet
  facet normal 0 -0.242958 -0.970037
    outer loop
      vertex 0 0.990083 50.4775
      vertex 6 1.47319 50.3565
      vertex 6 0.990083 50.4775
    endloop
  endfacet
  facet normal -0 -0.242958 -0.970037
    outer loop
      vertex 6 1.47319 50.3565
      vertex 0 0.990083 50.4775
      vertex 0 1.47319 50.3565
    endloop
  endfacet
  facet normal 0 0.941541 -0.336899
    outer loop
      vertex 6 -4.85647 46.9732
      vertex 0 -4.68869 47.4421
      vertex 6 -4.68869 47.4421
    endloop
  endfacet
  facet normal 0 0.941541 -0.336899
    outer loop
      vertex 0 -4.68869 47.4421
      vertex 6 -4.85647 46.9732
      vertex 0 -4.85647 46.9732
    endloop
  endfacet
  facet normal 0 -0.741024 -0.671479
    outer loop
      vertex 0 3.92303 48.7195
      vertex 6 3.58857 49.0886
      vertex 0 3.58857 49.0886
    endloop
  endfacet
  facet normal 0 -0.741024 -0.671479
    outer loop
      vertex 6 3.58857 49.0886
      vertex 0 3.92303 48.7195
      vertex 6 3.92303 48.7195
    endloop
  endfacet
  facet normal 0 0.989178 0.14672
    outer loop
      vertex 6 -4.97748 44.5099
      vertex 0 -5.05056 45.0026
      vertex 6 -5.05056 45.0026
    endloop
  endfacet
  facet normal 0 0.989178 0.14672
    outer loop
      vertex 0 -5.05056 45.0026
      vertex 6 -4.97748 44.5099
      vertex 0 -4.97748 44.5099
    endloop
  endfacet
  facet normal 0 -0.336915 -0.941535
    outer loop
      vertex 0 1.47319 50.3565
      vertex 6 1.94212 50.1887
      vertex 6 1.47319 50.3565
    endloop
  endfacet
  facet normal -0 -0.336915 -0.941535
    outer loop
      vertex 6 1.94212 50.1887
      vertex 0 1.47319 50.3565
      vertex 0 1.94212 50.1887
    endloop
  endfacet
  facet normal 0 -0.998795 0.0490763
    outer loop
      vertex 0 5.05056 45.0026
      vertex 6 5.075 45.5
      vertex 0 5.075 45.5
    endloop
  endfacet
  facet normal 0 -0.998795 0.0490763
    outer loop
      vertex 6 5.075 45.5
      vertex 0 5.05056 45.0026
      vertex 6 5.05056 45.0026
    endloop
  endfacet
  facet normal 0 0.998795 -0.0490763
    outer loop
      vertex 6 -5.075 45.5
      vertex 0 -5.05056 45.9974
      vertex 6 -5.05056 45.9974
    endloop
  endfacet
  facet normal 0 0.998795 -0.0490763
    outer loop
      vertex 0 -5.05056 45.9974
      vertex 6 -5.075 45.5
      vertex 0 -5.075 45.5
    endloop
  endfacet
  facet normal 0 0.595722 -0.803191
    outer loop
      vertex 0 -3.21955 49.423
      vertex 6 -2.81952 49.7197
      vertex 6 -3.21955 49.423
    endloop
  endfacet
  facet normal 0 0.595722 -0.803191
    outer loop
      vertex 6 -2.81952 49.7197
      vertex 0 -3.21955 49.423
      vertex 0 -2.81952 49.7197
    endloop
  endfacet
  facet normal 0 0.803189 0.595725
    outer loop
      vertex 6 -3.92303 42.2805
      vertex 0 -4.21971 42.6805
      vertex 6 -4.21971 42.6805
    endloop
  endfacet
  facet normal 0 0.803189 0.595725
    outer loop
      vertex 0 -4.21971 42.6805
      vertex 6 -3.92303 42.2805
      vertex 0 -3.92303 42.2805
    endloop
  endfacet
  facet normal 0 -0.336915 0.941535
    outer loop
      vertex 0 1.94212 40.8113
      vertex 6 1.47319 40.6435
      vertex 6 1.94212 40.8113
    endloop
  endfacet
  facet normal 0 -0.336915 0.941535
    outer loop
      vertex 6 1.47319 40.6435
      vertex 0 1.94212 40.8113
      vertex 0 1.47319 40.6435
    endloop
  endfacet
  facet normal 0 -0.514041 -0.857766
    outer loop
      vertex 0 2.39234 49.9757
      vertex 6 2.81952 49.7197
      vertex 6 2.39234 49.9757
    endloop
  endfacet
  facet normal -0 -0.514041 -0.857766
    outer loop
      vertex 6 2.81952 49.7197
      vertex 0 2.39234 49.9757
      vertex 0 2.81952 49.7197
    endloop
  endfacet
  facet normal -0 0.0489925 0.998799
    outer loop
      vertex 0 0 40.425
      vertex 6 -0.497437 40.4494
      vertex 6 0 40.425
    endloop
  endfacet
  facet normal 0 0.0489925 0.998799
    outer loop
      vertex 6 -0.497437 40.4494
      vertex 0 0 40.425
      vertex 0 -0.497437 40.4494
    endloop
  endfacet
  facet normal 0 -0.595722 -0.803191
    outer loop
      vertex 0 2.81952 49.7197
      vertex 6 3.21955 49.423
      vertex 6 2.81952 49.7197
    endloop
  endfacet
  facet normal -0 -0.595722 -0.803191
    outer loop
      vertex 6 3.21955 49.423
      vertex 0 2.81952 49.7197
      vertex 0 3.21955 49.423
    endloop
  endfacet
  facet normal 0 -0.427656 -0.903941
    outer loop
      vertex 0 1.94212 50.1887
      vertex 6 2.39234 49.9757
      vertex 6 1.94212 50.1887
    endloop
  endfacet
  facet normal -0 -0.427656 -0.903941
    outer loop
      vertex 6 2.39234 49.9757
      vertex 0 1.94212 50.1887
      vertex 0 2.39234 49.9757
    endloop
  endfacet
  facet normal 0 0.242958 -0.970037
    outer loop
      vertex 0 -1.47319 50.3565
      vertex 6 -0.990083 50.4775
      vertex 6 -1.47319 50.3565
    endloop
  endfacet
  facet normal 0 0.242958 -0.970037
    outer loop
      vertex 6 -0.990083 50.4775
      vertex 0 -1.47319 50.3565
      vertex 0 -0.990083 50.4775
    endloop
  endfacet
  facet normal 0 -0.242958 0.970037
    outer loop
      vertex 0 1.47319 40.6435
      vertex 6 0.990083 40.5225
      vertex 6 1.47319 40.6435
    endloop
  endfacet
  facet normal 0 -0.242958 0.970037
    outer loop
      vertex 6 0.990083 40.5225
      vertex 0 1.47319 40.6435
      vertex 0 0.990083 40.5225
    endloop
  endfacet
  facet normal 0 0.903981 0.427574
    outer loop
      vertex 6 -4.47575 43.1077
      vertex 0 -4.68869 43.5579
      vertex 6 -4.68869 43.5579
    endloop
  endfacet
  facet normal 0 0.903981 0.427574
    outer loop
      vertex 0 -4.68869 43.5579
      vertex 6 -4.47575 43.1077
      vertex 0 -4.47575 43.1077
    endloop
  endfacet
  facet normal -0 0.242958 0.970037
    outer loop
      vertex 0 -0.990083 40.5225
      vertex 6 -1.47319 40.6435
      vertex 6 -0.990083 40.5225
    endloop
  endfacet
  facet normal 0 0.242958 0.970037
    outer loop
      vertex 6 -1.47319 40.6435
      vertex 0 -0.990083 40.5225
      vertex 0 -1.47319 40.6435
    endloop
  endfacet
  facet normal 0 0.146775 -0.98917
    outer loop
      vertex 0 -0.990083 50.4775
      vertex 6 -0.497437 50.5506
      vertex 6 -0.990083 50.4775
    endloop
  endfacet
  facet normal 0 0.146775 -0.98917
    outer loop
      vertex 6 -0.497437 50.5506
      vertex 0 -0.990083 50.4775
      vertex 0 -0.497437 50.5506
    endloop
  endfacet
  facet normal 0 -0.989178 0.14672
    outer loop
      vertex 0 4.97748 44.5099
      vertex 6 5.05056 45.0026
      vertex 0 5.05056 45.0026
    endloop
  endfacet
  facet normal 0 -0.989178 0.14672
    outer loop
      vertex 6 5.05056 45.0026
      vertex 0 4.97748 44.5099
      vertex 6 4.97748 44.5099
    endloop
  endfacet
  facet normal 0 0.903981 -0.427574
    outer loop
      vertex 6 -4.68869 47.4421
      vertex 0 -4.47575 47.8923
      vertex 6 -4.47575 47.8923
    endloop
  endfacet
  facet normal 0 0.903981 -0.427574
    outer loop
      vertex 0 -4.47575 47.8923
      vertex 6 -4.68869 47.4421
      vertex 0 -4.68869 47.4421
    endloop
  endfacet
  facet normal 0 -0.741024 0.671479
    outer loop
      vertex 0 3.58857 41.9114
      vertex 6 3.92303 42.2805
      vertex 0 3.92303 42.2805
    endloop
  endfacet
  facet normal 0 -0.741024 0.671479
    outer loop
      vertex 6 3.92303 42.2805
      vertex 0 3.58857 41.9114
      vertex 6 3.58857 41.9114
    endloop
  endfacet
  facet normal 0 0.427656 -0.903941
    outer loop
      vertex 0 -2.39234 49.9757
      vertex 6 -1.94212 50.1887
      vertex 6 -2.39234 49.9757
    endloop
  endfacet
  facet normal 0 0.427656 -0.903941
    outer loop
      vertex 6 -1.94212 50.1887
      vertex 0 -2.39234 49.9757
      vertex 0 -1.94212 50.1887
    endloop
  endfacet
  facet normal 0 -0.803189 0.595725
    outer loop
      vertex 0 3.92303 42.2805
      vertex 6 4.21971 42.6805
      vertex 0 4.21971 42.6805
    endloop
  endfacet
  facet normal 0 -0.803189 0.595725
    outer loop
      vertex 6 4.21971 42.6805
      vertex 0 3.92303 42.2805
      vertex 6 3.92303 42.2805
    endloop
  endfacet
  facet normal 0 -0.671493 -0.741011
    outer loop
      vertex 0 3.21955 49.423
      vertex 6 3.58857 49.0886
      vertex 6 3.21955 49.423
    endloop
  endfacet
  facet normal -0 -0.671493 -0.741011
    outer loop
      vertex 6 3.58857 49.0886
      vertex 0 3.21955 49.423
      vertex 0 3.58857 49.0886
    endloop
  endfacet
  facet normal -0 0.427656 0.903941
    outer loop
      vertex 0 -1.94212 40.8113
      vertex 6 -2.39234 41.0243
      vertex 6 -1.94212 40.8113
    endloop
  endfacet
  facet normal 0 0.427656 0.903941
    outer loop
      vertex 6 -2.39234 41.0243
      vertex 0 -1.94212 40.8113
      vertex 0 -2.39234 41.0243
    endloop
  endfacet
  facet normal 0 0.0489925 -0.998799
    outer loop
      vertex 0 -0.497437 50.5506
      vertex 6 0 50.575
      vertex 6 -0.497437 50.5506
    endloop
  endfacet
  facet normal 0 0.0489925 -0.998799
    outer loop
      vertex 6 0 50.575
      vertex 0 -0.497437 50.5506
      vertex 0 0 50.575
    endloop
  endfacet
  facet normal 0 -0.970031 -0.24298
    outer loop
      vertex 0 4.97748 46.4901
      vertex 6 4.85647 46.9732
      vertex 0 4.85647 46.9732
    endloop
  endfacet
  facet normal 0 -0.970031 -0.24298
    outer loop
      vertex 6 4.85647 46.9732
      vertex 0 4.97748 46.4901
      vertex 6 4.97748 46.4901
    endloop
  endfacet
  facet normal -0 0.336915 0.941535
    outer loop
      vertex 0 -1.47319 40.6435
      vertex 6 -1.94212 40.8113
      vertex 6 -1.47319 40.6435
    endloop
  endfacet
  facet normal 0 0.336915 0.941535
    outer loop
      vertex 6 -1.94212 40.8113
      vertex 0 -1.47319 40.6435
      vertex 0 -1.94212 40.8113
    endloop
  endfacet
  facet normal 0 -0.857741 -0.514082
    outer loop
      vertex 0 4.47575 47.8923
      vertex 6 4.21971 48.3195
      vertex 0 4.21971 48.3195
    endloop
  endfacet
  facet normal 0 -0.857741 -0.514082
    outer loop
      vertex 6 4.21971 48.3195
      vertex 0 4.47575 47.8923
      vertex 6 4.47575 47.8923
    endloop
  endfacet
  facet normal 0 -0.803189 -0.595725
    outer loop
      vertex 0 4.21971 48.3195
      vertex 6 3.92303 48.7195
      vertex 0 3.92303 48.7195
    endloop
  endfacet
  facet normal 0 -0.803189 -0.595725
    outer loop
      vertex 6 3.92303 48.7195
      vertex 0 4.21971 48.3195
      vertex 6 4.21971 48.3195
    endloop
  endfacet
  facet normal 0 0.989178 -0.14672
    outer loop
      vertex 6 -5.05056 45.9974
      vertex 0 -4.97748 46.4901
      vertex 6 -4.97748 46.4901
    endloop
  endfacet
  facet normal 0 0.989178 -0.14672
    outer loop
      vertex 0 -4.97748 46.4901
      vertex 6 -5.05056 45.9974
      vertex 0 -5.05056 45.9974
    endloop
  endfacet
  facet normal 0 0.671493 -0.741011
    outer loop
      vertex 0 -3.58857 49.0886
      vertex 6 -3.21955 49.423
      vertex 6 -3.58857 49.0886
    endloop
  endfacet
  facet normal 0 0.671493 -0.741011
    outer loop
      vertex 6 -3.21955 49.423
      vertex 0 -3.58857 49.0886
      vertex 0 -3.21955 49.423
    endloop
  endfacet
  facet normal 0 0.970031 0.24298
    outer loop
      vertex 6 -4.85647 44.0268
      vertex 0 -4.97748 44.5099
      vertex 6 -4.97748 44.5099
    endloop
  endfacet
  facet normal 0 0.970031 0.24298
    outer loop
      vertex 0 -4.97748 44.5099
      vertex 6 -4.85647 44.0268
      vertex 0 -4.85647 44.0268
    endloop
  endfacet
  facet normal 0 0.970031 -0.24298
    outer loop
      vertex 6 -4.97748 46.4901
      vertex 0 -4.85647 46.9732
      vertex 6 -4.85647 46.9732
    endloop
  endfacet
  facet normal 0 0.970031 -0.24298
    outer loop
      vertex 0 -4.85647 46.9732
      vertex 6 -4.97748 46.4901
      vertex 0 -4.97748 46.4901
    endloop
  endfacet
  facet normal 0 0.336915 -0.941535
    outer loop
      vertex 0 -1.94212 50.1887
      vertex 6 -1.47319 50.3565
      vertex 6 -1.94212 50.1887
    endloop
  endfacet
  facet normal 0 0.336915 -0.941535
    outer loop
      vertex 6 -1.47319 50.3565
      vertex 0 -1.94212 50.1887
      vertex 0 -1.47319 50.3565
    endloop
  endfacet
  facet normal 0 -0.514041 0.857766
    outer loop
      vertex 0 2.81952 41.2803
      vertex 6 2.39234 41.0243
      vertex 6 2.81952 41.2803
    endloop
  endfacet
  facet normal 0 -0.514041 0.857766
    outer loop
      vertex 6 2.39234 41.0243
      vertex 0 2.81952 41.2803
      vertex 0 2.39234 41.0243
    endloop
  endfacet
  facet normal 0 -0.970031 0.24298
    outer loop
      vertex 0 4.85647 44.0268
      vertex 6 4.97748 44.5099
      vertex 0 4.97748 44.5099
    endloop
  endfacet
  facet normal 0 -0.970031 0.24298
    outer loop
      vertex 6 4.97748 44.5099
      vertex 0 4.85647 44.0268
      vertex 6 4.85647 44.0268
    endloop
  endfacet
  facet normal 0 -0.989178 -0.14672
    outer loop
      vertex 0 5.05056 45.9974
      vertex 6 4.97748 46.4901
      vertex 0 4.97748 46.4901
    endloop
  endfacet
  facet normal 0 -0.989178 -0.14672
    outer loop
      vertex 6 4.97748 46.4901
      vertex 0 5.05056 45.9974
      vertex 6 5.05056 45.9974
    endloop
  endfacet
  facet normal 0 -0.998795 -0.0490763
    outer loop
      vertex 0 5.075 45.5
      vertex 6 5.05056 45.9974
      vertex 0 5.05056 45.9974
    endloop
  endfacet
  facet normal 0 -0.998795 -0.0490763
    outer loop
      vertex 6 5.05056 45.9974
      vertex 0 5.075 45.5
      vertex 6 5.075 45.5
    endloop
  endfacet
  facet normal 0 -0.146775 0.98917
    outer loop
      vertex 0 0.990083 40.5225
      vertex 6 0.497437 40.4494
      vertex 6 0.990083 40.5225
    endloop
  endfacet
  facet normal 0 -0.146775 0.98917
    outer loop
      vertex 6 0.497437 40.4494
      vertex 0 0.990083 40.5225
      vertex 0 0.497437 40.4494
    endloop
  endfacet
  facet normal 0 -0.857741 0.514082
    outer loop
      vertex 0 4.21971 42.6805
      vertex 6 4.47575 43.1077
      vertex 0 4.47575 43.1077
    endloop
  endfacet
  facet normal 0 -0.857741 0.514082
    outer loop
      vertex 6 4.47575 43.1077
      vertex 0 4.21971 42.6805
      vertex 6 4.21971 42.6805
    endloop
  endfacet
  facet normal 0 -0.903981 -0.427574
    outer loop
      vertex 0 4.68869 47.4421
      vertex 6 4.47575 47.8923
      vertex 0 4.47575 47.8923
    endloop
  endfacet
  facet normal 0 -0.903981 -0.427574
    outer loop
      vertex 6 4.47575 47.8923
      vertex 0 4.68869 47.4421
      vertex 6 4.68869 47.4421
    endloop
  endfacet
  facet normal 0 -0.427656 0.903941
    outer loop
      vertex 0 2.39234 41.0243
      vertex 6 1.94212 40.8113
      vertex 6 2.39234 41.0243
    endloop
  endfacet
  facet normal 0 -0.427656 0.903941
    outer loop
      vertex 6 1.94212 40.8113
      vertex 0 2.39234 41.0243
      vertex 0 1.94212 40.8113
    endloop
  endfacet
  facet normal 0 0.514041 -0.857766
    outer loop
      vertex 0 -2.81952 49.7197
      vertex 6 -2.39234 49.9757
      vertex 6 -2.81952 49.7197
    endloop
  endfacet
  facet normal 0 0.514041 -0.857766
    outer loop
      vertex 6 -2.39234 49.9757
      vertex 0 -2.81952 49.7197
      vertex 0 -2.39234 49.9757
    endloop
  endfacet
  facet normal -0 0.671493 0.741011
    outer loop
      vertex 0 -3.21955 41.577
      vertex 6 -3.58857 41.9114
      vertex 6 -3.21955 41.577
    endloop
  endfacet
  facet normal 0 0.671493 0.741011
    outer loop
      vertex 6 -3.58857 41.9114
      vertex 0 -3.21955 41.577
      vertex 0 -3.58857 41.9114
    endloop
  endfacet
  facet normal -0 0.514041 0.857766
    outer loop
      vertex 0 -2.39234 41.0243
      vertex 6 -2.81952 41.2803
      vertex 6 -2.39234 41.0243
    endloop
  endfacet
  facet normal 0 0.514041 0.857766
    outer loop
      vertex 6 -2.81952 41.2803
      vertex 0 -2.39234 41.0243
      vertex 0 -2.81952 41.2803
    endloop
  endfacet
  facet normal 0 -0.941541 0.336899
    outer loop
      vertex 0 4.68869 43.5579
      vertex 6 4.85647 44.0268
      vertex 0 4.85647 44.0268
    endloop
  endfacet
  facet normal 0 -0.941541 0.336899
    outer loop
      vertex 6 4.85647 44.0268
      vertex 0 4.68869 43.5579
      vertex 6 4.68869 43.5579
    endloop
  endfacet
  facet normal 0 -0.941541 -0.336899
    outer loop
      vertex 0 4.85647 46.9732
      vertex 6 4.68869 47.4421
      vertex 0 4.68869 47.4421
    endloop
  endfacet
  facet normal 0 -0.941541 -0.336899
    outer loop
      vertex 6 4.68869 47.4421
      vertex 0 4.85647 46.9732
      vertex 6 4.85647 46.9732
    endloop
  endfacet
  facet normal 0 0.857741 0.514082
    outer loop
      vertex 6 -4.21971 42.6805
      vertex 0 -4.47575 43.1077
      vertex 6 -4.47575 43.1077
    endloop
  endfacet
  facet normal 0 0.857741 0.514082
    outer loop
      vertex 0 -4.47575 43.1077
      vertex 6 -4.21971 42.6805
      vertex 0 -4.21971 42.6805
    endloop
  endfacet
  facet normal 0 0.803189 -0.595725
    outer loop
      vertex 6 -4.21971 48.3195
      vertex 0 -3.92303 48.7195
      vertex 6 -3.92303 48.7195
    endloop
  endfacet
  facet normal 0 0.803189 -0.595725
    outer loop
      vertex 0 -3.92303 48.7195
      vertex 6 -4.21971 48.3195
      vertex 0 -4.21971 48.3195
    endloop
  endfacet
  facet normal 0 -0.671493 0.741011
    outer loop
      vertex 0 3.58857 41.9114
      vertex 6 3.21955 41.577
      vertex 6 3.58857 41.9114
    endloop
  endfacet
  facet normal 0 -0.671493 0.741011
    outer loop
      vertex 6 3.21955 41.577
      vertex 0 3.58857 41.9114
      vertex 0 3.21955 41.577
    endloop
  endfacet
  facet normal -0 0.595722 0.803191
    outer loop
      vertex 0 -2.81952 41.2803
      vertex 6 -3.21955 41.577
      vertex 6 -2.81952 41.2803
    endloop
  endfacet
  facet normal 0 0.595722 0.803191
    outer loop
      vertex 6 -3.21955 41.577
      vertex 0 -2.81952 41.2803
      vertex 0 -3.21955 41.577
    endloop
  endfacet
  facet normal 0 -0.903981 0.427574
    outer loop
      vertex 0 4.47575 43.1077
      vertex 6 4.68869 43.5579
      vertex 0 4.68869 43.5579
    endloop
  endfacet
  facet normal 0 -0.903981 0.427574
    outer loop
      vertex 6 4.68869 43.5579
      vertex 0 4.47575 43.1077
      vertex 6 4.47575 43.1077
    endloop
  endfacet
  facet normal -0 0.146775 0.98917
    outer loop
      vertex 0 -0.497437 40.4494
      vertex 6 -0.990083 40.5225
      vertex 6 -0.497437 40.4494
    endloop
  endfacet
  facet normal 0 0.146775 0.98917
    outer loop
      vertex 6 -0.990083 40.5225
      vertex 0 -0.497437 40.4494
      vertex 0 -0.990083 40.5225
    endloop
  endfacet
  facet normal 0 0.941541 0.336899
    outer loop
      vertex 6 -4.68869 43.5579
      vertex 0 -4.85647 44.0268
      vertex 6 -4.85647 44.0268
    endloop
  endfacet
  facet normal 0 0.941541 0.336899
    outer loop
      vertex 0 -4.85647 44.0268
      vertex 6 -4.68869 43.5579
      vertex 0 -4.68869 43.5579
    endloop
  endfacet
  facet normal 0 0.857741 -0.514082
    outer loop
      vertex 6 -4.47575 47.8923
      vertex 0 -4.21971 48.3195
      vertex 6 -4.21971 48.3195
    endloop
  endfacet
  facet normal 0 0.857741 -0.514082
    outer loop
      vertex 0 -4.21971 48.3195
      vertex 6 -4.47575 47.8923
      vertex 0 -4.47575 47.8923
    endloop
  endfacet
  facet normal 0 0.741024 0.671479
    outer loop
      vertex 6 -3.58857 41.9114
      vertex 0 -3.92303 42.2805
      vertex 6 -3.92303 42.2805
    endloop
  endfacet
  facet normal 0 0.741024 0.671479
    outer loop
      vertex 0 -3.92303 42.2805
      vertex 6 -3.58857 41.9114
      vertex 0 -3.58857 41.9114
    endloop
  endfacet
  facet normal 0 -0.595722 0.803191
    outer loop
      vertex 0 3.21955 41.577
      vertex 6 2.81952 41.2803
      vertex 6 3.21955 41.577
    endloop
  endfacet
  facet normal 0 -0.595722 0.803191
    outer loop
      vertex 6 2.81952 41.2803
      vertex 0 3.21955 41.577
      vertex 0 2.81952 41.2803
    endloop
  endfacet
  facet normal 0 0.998795 0.0490763
    outer loop
      vertex 6 -5.05056 45.0026
      vertex 0 -5.075 45.5
      vertex 6 -5.075 45.5
    endloop
  endfacet
  facet normal 0 0.998795 0.0490763
    outer loop
      vertex 0 -5.075 45.5
      vertex 6 -5.05056 45.0026
      vertex 0 -5.05056 45.0026
    endloop
  endfacet
  facet normal -1 0 0
    outer loop
      vertex 6 5.05056 45.0026
      vertex 6 5.05056 45.9974
      vertex 6 5.075 45.5
    endloop
  endfacet
  facet normal -1 0 0
    outer loop
      vertex 6 4.97748 44.5099
      vertex 6 5.05056 45.9974
      vertex 6 5.05056 45.0026
    endloop
  endfacet
  facet normal -1 0 0
    outer loop
      vertex 6 4.97748 44.5099
      vertex 6 4.97748 46.4901
      vertex 6 5.05056 45.9974
    endloop
  endfacet
  facet normal -1 0 0
    outer loop
      vertex 6 4.85647 44.0268
      vertex 6 4.97748 46.4901
      vertex 6 4.97748 44.5099
    endloop
  endfacet
  facet normal -1 0 0
    outer loop
      vertex 6 4.85647 44.0268
      vertex 6 4.85647 46.9732
      vertex 6 4.97748 46.4901
    endloop
  endfacet
  facet normal -1 0 0
    outer loop
      vertex 6 4.68869 43.5579
      vertex 6 4.85647 46.9732
      vertex 6 4.85647 44.0268
    endloop
  endfacet
  facet normal -1 0 0
    outer loop
      vertex 6 4.68869 43.5579
      vertex 6 4.68869 47.4421
      vertex 6 4.85647 46.9732
    endloop
  endfacet
  facet normal -1 0 0
    outer loop
      vertex 6 4.47575 43.1077
      vertex 6 4.68869 47.4421
      vertex 6 4.68869 43.5579
    endloop
  endfacet
  facet normal -1 0 0
    outer loop
      vertex 6 4.47575 43.1077
      vertex 6 4.47575 47.8923
      vertex 6 4.68869 47.4421
    endloop
  endfacet
  facet normal -1 0 0
    outer loop
      vertex 6 4.21971 42.6805
      vertex 6 4.47575 47.8923
      vertex 6 4.47575 43.1077
    endloop
  endfacet
  facet normal -1 0 0
    outer loop
      vertex 6 4.21971 42.6805
      vertex 6 4.21971 48.3195
      vertex 6 4.47575 47.8923
    endloop
  endfacet
  facet normal -1 0 0
    outer loop
      vertex 6 3.92303 42.2805
      vertex 6 4.21971 48.3195
      vertex 6 4.21971 42.6805
    endloop
  endfacet
  facet normal -1 0 0
    outer loop
      vertex 6 3.92303 42.2805
      vertex 6 3.92303 48.7195
      vertex 6 4.21971 48.3195
    endloop
  endfacet
  facet normal -1 0 0
    outer loop
      vertex 6 3.58857 41.9114
      vertex 6 3.92303 48.7195
      vertex 6 3.92303 42.2805
    endloop
  endfacet
  facet normal -1 0 0
    outer loop
      vertex 6 3.58857 41.9114
      vertex 6 3.58857 49.0886
      vertex 6 3.92303 48.7195
    endloop
  endfacet
  facet normal -1 0 0
    outer loop
      vertex 6 3.21955 41.577
      vertex 6 3.58857 49.0886
      vertex 6 3.58857 41.9114
    endloop
  endfacet
  facet normal -1 0 0
    outer loop
      vertex 6 3.21955 41.577
      vertex 6 3.21955 49.423
      vertex 6 3.58857 49.0886
    endloop
  endfacet
  facet normal -1 0 0
    outer loop
      vertex 6 2.81952 41.2803
      vertex 6 3.21955 49.423
      vertex 6 3.21955 41.577
    endloop
  endfacet
  facet normal -1 0 0
    outer loop
      vertex 6 2.81952 41.2803
      vertex 6 2.81952 49.7197
      vertex 6 3.21955 49.423
    endloop
  endfacet
  facet normal -1 0 0
    outer loop
      vertex 6 2.39234 41.0243
      vertex 6 2.81952 49.7197
      vertex 6 2.81952 41.2803
    endloop
  endfacet
  facet normal -1 0 0
    outer loop
      vertex 6 2.39234 41.0243
      vertex 6 2.39234 49.9757
      vertex 6 2.81952 49.7197
    endloop
  endfacet
  facet normal -1 0 0
    outer loop
      vertex 6 1.94212 40.8113
      vertex 6 2.39234 49.9757
      vertex 6 2.39234 41.0243
    endloop
  endfacet
  facet normal -1 0 0
    outer loop
      vertex 6 1.94212 40.8113
      vertex 6 1.94212 50.1887
      vertex 6 2.39234 49.9757
    endloop
  endfacet
  facet normal -1 0 0
    outer loop
      vertex 6 1.47319 40.6435
      vertex 6 1.94212 50.1887
      vertex 6 1.94212 40.8113
    endloop
  endfacet
  facet normal -1 0 0
    outer loop
      vertex 6 1.47319 40.6435
      vertex 6 1.47319 50.3565
      vertex 6 1.94212 50.1887
    endloop
  endfacet
  facet normal -1 0 0
    outer loop
      vertex 6 0.990083 40.5225
      vertex 6 1.47319 50.3565
      vertex 6 1.47319 40.6435
    endloop
  endfacet
  facet normal -1 0 0
    outer loop
      vertex 6 0.990083 40.5225
      vertex 6 0.990083 50.4775
      vertex 6 1.47319 50.3565
    endloop
  endfacet
  facet normal -1 0 0
    outer loop
      vertex 6 0.497437 40.4494
      vertex 6 0.990083 50.4775
      vertex 6 0.990083 40.5225
    endloop
  endfacet
  facet normal -1 0 0
    outer loop
      vertex 6 0.497437 40.4494
      vertex 6 0.497437 50.5506
      vertex 6 0.990083 50.4775
    endloop
  endfacet
  facet normal -1 0 0
    outer loop
      vertex 6 0 40.425
      vertex 6 0.497437 50.5506
      vertex 6 0.497437 40.4494
    endloop
  endfacet
  facet normal -1 0 0
    outer loop
      vertex 6 0 40.425
      vertex 6 0 50.575
      vertex 6 0.497437 50.5506
    endloop
  endfacet
  facet normal -1 0 0
    outer loop
      vertex 6 -0.497437 40.4494
      vertex 6 0 50.575
      vertex 6 0 40.425
    endloop
  endfacet
  facet normal -1 0 0
    outer loop
      vertex 6 -0.497437 40.4494
      vertex 6 -0.497437 50.5506
      vertex 6 0 50.575
    endloop
  endfacet
  facet normal -1 0 0
    outer loop
      vertex 6 -0.990083 40.5225
      vertex 6 -0.497437 50.5506
      vertex 6 -0.497437 40.4494
    endloop
  endfacet
  facet normal -1 0 0
    outer loop
      vertex 6 -0.990083 40.5225
      vertex 6 -0.990083 50.4775
      vertex 6 -0.497437 50.5506
    endloop
  endfacet
  facet normal -1 0 0
    outer loop
      vertex 6 -1.47319 40.6435
      vertex 6 -0.990083 50.4775
      vertex 6 -0.990083 40.5225
    endloop
  endfacet
  facet normal -1 0 0
    outer loop
      vertex 6 -1.47319 40.6435
      vertex 6 -1.47319 50.3565
      vertex 6 -0.990083 50.4775
    endloop
  endfacet
  facet normal -1 0 0
    outer loop
      vertex 6 -1.94212 40.8113
      vertex 6 -1.47319 50.3565
      vertex 6 -1.47319 40.6435
    endloop
  endfacet
  facet normal -1 0 0
    outer loop
      vertex 6 -1.94212 40.8113
      vertex 6 -1.94212 50.1887
      vertex 6 -1.47319 50.3565
    endloop
  endfacet
  facet normal -1 0 0
    outer loop
      vertex 6 -2.39234 41.0243
      vertex 6 -1.94212 50.1887
      vertex 6 -1.94212 40.8113
    endloop
  endfacet
  facet normal -1 0 0
    outer loop
      vertex 6 -2.39234 41.0243
      vertex 6 -2.39234 49.9757
      vertex 6 -1.94212 50.1887
    endloop
  endfacet
  facet normal -1 0 0
    outer loop
      vertex 6 -2.81952 41.2803
      vertex 6 -2.39234 49.9757
      vertex 6 -2.39234 41.0243
    endloop
  endfacet
  facet normal -1 0 0
    outer loop
      vertex 6 -2.81952 41.2803
      vertex 6 -2.81952 49.7197
      vertex 6 -2.39234 49.9757
    endloop
  endfacet
  facet normal -1 0 0
    outer loop
      vertex 6 -3.21955 41.577
      vertex 6 -2.81952 49.7197
      vertex 6 -2.81952 41.2803
    endloop
  endfacet
  facet normal -1 0 0
    outer loop
      vertex 6 -3.21955 41.577
      vertex 6 -3.21955 49.423
      vertex 6 -2.81952 49.7197
    endloop
  endfacet
  facet normal -1 0 0
    outer loop
      vertex 6 -3.58857 41.9114
      vertex 6 -3.21955 49.423
      vertex 6 -3.21955 41.577
    endloop
  endfacet
  facet normal -1 0 0
    outer loop
      vertex 6 -3.58857 41.9114
      vertex 6 -3.58857 49.0886
      vertex 6 -3.21955 49.423
    endloop
  endfacet
  facet normal -1 0 0
    outer loop
      vertex 6 -3.92303 42.2805
      vertex 6 -3.58857 49.0886
      vertex 6 -3.58857 41.9114
    endloop
  endfacet
  facet normal -1 0 0
    outer loop
      vertex 6 -3.92303 42.2805
      vertex 6 -3.92303 48.7195
      vertex 6 -3.58857 49.0886
    endloop
  endfacet
  facet normal -1 0 0
    outer loop
      vertex 6 -4.21971 42.6805
      vertex 6 -3.92303 48.7195
      vertex 6 -3.92303 42.2805
    endloop
  endfacet
  facet normal -1 0 0
    outer loop
      vertex 6 -4.21971 42.6805
      vertex 6 -4.21971 48.3195
      vertex 6 -3.92303 48.7195
    endloop
  endfacet
  facet normal -1 0 0
    outer loop
      vertex 6 -4.47575 43.1077
      vertex 6 -4.21971 48.3195
      vertex 6 -4.21971 42.6805
    endloop
  endfacet
  facet normal -1 0 0
    outer loop
      vertex 6 -4.47575 43.1077
      vertex 6 -4.47575 47.8923
      vertex 6 -4.21971 48.3195
    endloop
  endfacet
  facet normal -1 0 0
    outer loop
      vertex 6 -4.68869 43.5579
      vertex 6 -4.47575 47.8923
      vertex 6 -4.47575 43.1077
    endloop
  endfacet
  facet normal -1 0 0
    outer loop
      vertex 6 -4.68869 43.5579
      vertex 6 -4.68869 47.4421
      vertex 6 -4.47575 47.8923
    endloop
  endfacet
  facet normal -1 0 0
    outer loop
      vertex 6 -4.85647 44.0268
      vertex 6 -4.68869 47.4421
      vertex 6 -4.68869 43.5579
    endloop
  endfacet
  facet normal -1 0 0
    outer loop
      vertex 6 -4.85647 44.0268
      vertex 6 -4.85647 46.9732
      vertex 6 -4.68869 47.4421
    endloop
  endfacet
  facet normal -1 0 0
    outer loop
      vertex 6 -4.97748 44.5099
      vertex 6 -4.85647 46.9732
      vertex 6 -4.85647 44.0268
    endloop
  endfacet
  facet normal -1 0 0
    outer loop
      vertex 6 -4.97748 44.5099
      vertex 6 -4.97748 46.4901
      vertex 6 -4.85647 46.9732
    endloop
  endfacet
  facet normal -1 0 0
    outer loop
      vertex 6 -5.05056 45.0026
      vertex 6 -4.97748 46.4901
      vertex 6 -4.97748 44.5099
    endloop
  endfacet
  facet normal -1 0 0
    outer loop
      vertex 6 -5.05056 45.0026
      vertex 6 -5.05056 45.9974
      vertex 6 -4.97748 46.4901
    endloop
  endfacet
  facet normal -1 0 -0
    outer loop
      vertex 6 -5.05056 45.9974
      vertex 6 -5.05056 45.0026
      vertex 6 -5.075 45.5
    endloop
  endfacet
  facet normal 0 -0.0489925 0.998799
    outer loop
      vertex 0 0.497437 40.4494
      vertex 6 0 40.425
      vertex 6 0.497437 40.4494
    endloop
  endfacet
  facet normal 0 -0.0489925 0.998799
    outer loop
      vertex 6 0 40.425
      vertex 0 0.497437 40.4494
      vertex 0 0 40.425
    endloop
  endfacet
  facet normal 0 0.741024 -0.671479
    outer loop
      vertex 6 -3.92303 48.7195
      vertex 0 -3.58857 49.0886
      vertex 6 -3.58857 49.0886
    endloop
  endfacet
  facet normal 0 0.741024 -0.671479
    outer loop
      vertex 0 -3.58857 49.0886
      vertex 6 -3.92303 48.7195
      vertex 0 -3.92303 48.7195
    endloop
  endfacet
  facet normal 0 -0.146775 -0.98917
    outer loop
      vertex -11.1 0.497437 30.5506
      vertex -6.1 0.990083 30.4775
      vertex -6.1 0.497437 30.5506
    endloop
  endfacet
  facet normal -0 -0.146775 -0.98917
    outer loop
      vertex -6.1 0.990083 30.4775
      vertex -11.1 0.497437 30.5506
      vertex -11.1 0.990083 30.4775
    endloop
  endfacet
  facet normal 0 -0.0489925 -0.998799
    outer loop
      vertex -11.1 0 30.575
      vertex -6.1 0.497437 30.5506
      vertex -6.1 0 30.575
    endloop
  endfacet
  facet normal -0 -0.0489925 -0.998799
    outer loop
      vertex -6.1 0.497437 30.5506
      vertex -11.1 0 30.575
      vertex -11.1 0.497437 30.5506
    endloop
  endfacet
  facet normal 0 -0.242958 -0.970037
    outer loop
      vertex -11.1 0.990083 30.4775
      vertex -6.1 1.47319 30.3565
      vertex -6.1 0.990083 30.4775
    endloop
  endfacet
  facet normal -0 -0.242958 -0.970037
    outer loop
      vertex -6.1 1.47319 30.3565
      vertex -11.1 0.990083 30.4775
      vertex -11.1 1.47319 30.3565
    endloop
  endfacet
  facet normal 0 0.941541 -0.336899
    outer loop
      vertex -6.1 -4.85647 26.9732
      vertex -11.1 -4.68869 27.4421
      vertex -6.1 -4.68869 27.4421
    endloop
  endfacet
  facet normal 0 0.941541 -0.336899
    outer loop
      vertex -11.1 -4.68869 27.4421
      vertex -6.1 -4.85647 26.9732
      vertex -11.1 -4.85647 26.9732
    endloop
  endfacet
  facet normal 0 -0.741024 -0.671479
    outer loop
      vertex -11.1 3.92303 28.7195
      vertex -6.1 3.58857 29.0886
      vertex -11.1 3.58857 29.0886
    endloop
  endfacet
  facet normal 0 -0.741024 -0.671479
    outer loop
      vertex -6.1 3.58857 29.0886
      vertex -11.1 3.92303 28.7195
      vertex -6.1 3.92303 28.7195
    endloop
  endfacet
  facet normal 0 0.989178 0.14672
    outer loop
      vertex -6.1 -4.97748 24.5099
      vertex -11.1 -5.05056 25.0026
      vertex -6.1 -5.05056 25.0026
    endloop
  endfacet
  facet normal 0 0.989178 0.14672
    outer loop
      vertex -11.1 -5.05056 25.0026
      vertex -6.1 -4.97748 24.5099
      vertex -11.1 -4.97748 24.5099
    endloop
  endfacet
  facet normal 0 -0.336915 -0.941535
    outer loop
      vertex -11.1 1.47319 30.3565
      vertex -6.1 1.94212 30.1887
      vertex -6.1 1.47319 30.3565
    endloop
  endfacet
  facet normal -0 -0.336915 -0.941535
    outer loop
      vertex -6.1 1.94212 30.1887
      vertex -11.1 1.47319 30.3565
      vertex -11.1 1.94212 30.1887
    endloop
  endfacet
  facet normal 0 -0.998795 0.0490763
    outer loop
      vertex -11.1 5.05056 25.0026
      vertex -6.1 5.075 25.5
      vertex -11.1 5.075 25.5
    endloop
  endfacet
  facet normal 0 -0.998795 0.0490763
    outer loop
      vertex -6.1 5.075 25.5
      vertex -11.1 5.05056 25.0026
      vertex -6.1 5.05056 25.0026
    endloop
  endfacet
  facet normal 0 0.998795 -0.0490763
    outer loop
      vertex -6.1 -5.075 25.5
      vertex -11.1 -5.05056 25.9974
      vertex -6.1 -5.05056 25.9974
    endloop
  endfacet
  facet normal 0 0.998795 -0.0490763
    outer loop
      vertex -11.1 -5.05056 25.9974
      vertex -6.1 -5.075 25.5
      vertex -11.1 -5.075 25.5
    endloop
  endfacet
  facet normal 0 0.595722 -0.803191
    outer loop
      vertex -11.1 -3.21955 29.423
      vertex -6.1 -2.81952 29.7197
      vertex -6.1 -3.21955 29.423
    endloop
  endfacet
  facet normal 0 0.595722 -0.803191
    outer loop
      vertex -6.1 -2.81952 29.7197
      vertex -11.1 -3.21955 29.423
      vertex -11.1 -2.81952 29.7197
    endloop
  endfacet
  facet normal 0 0.803189 0.595725
    outer loop
      vertex -6.1 -3.92303 22.2805
      vertex -11.1 -4.21971 22.6805
      vertex -6.1 -4.21971 22.6805
    endloop
  endfacet
  facet normal 0 0.803189 0.595725
    outer loop
      vertex -11.1 -4.21971 22.6805
      vertex -6.1 -3.92303 22.2805
      vertex -11.1 -3.92303 22.2805
    endloop
  endfacet
  facet normal 0 0.857741 -0.514082
    outer loop
      vertex -6.1 -4.47575 27.8923
      vertex -11.1 -4.21971 28.3195
      vertex -6.1 -4.21971 28.3195
    endloop
  endfacet
  facet normal 0 0.857741 -0.514082
    outer loop
      vertex -11.1 -4.21971 28.3195
      vertex -6.1 -4.47575 27.8923
      vertex -11.1 -4.47575 27.8923
    endloop
  endfacet
  facet normal 0 -0.336915 0.941535
    outer loop
      vertex -11.1 1.94212 20.8113
      vertex -6.1 1.47319 20.6435
      vertex -6.1 1.94212 20.8113
    endloop
  endfacet
  facet normal 0 -0.336915 0.941535
    outer loop
      vertex -6.1 1.47319 20.6435
      vertex -11.1 1.94212 20.8113
      vertex -11.1 1.47319 20.6435
    endloop
  endfacet
  facet normal 0 -0.514041 -0.857766
    outer loop
      vertex -11.1 2.39234 29.9757
      vertex -6.1 2.81952 29.7197
      vertex -6.1 2.39234 29.9757
    endloop
  endfacet
  facet normal -0 -0.514041 -0.857766
    outer loop
      vertex -6.1 2.81952 29.7197
      vertex -11.1 2.39234 29.9757
      vertex -11.1 2.81952 29.7197
    endloop
  endfacet
  facet normal -0 0.0489925 0.998799
    outer loop
      vertex -11.1 0 20.425
      vertex -6.1 -0.497437 20.4494
      vertex -6.1 0 20.425
    endloop
  endfacet
  facet normal 0 0.0489925 0.998799
    outer loop
      vertex -6.1 -0.497437 20.4494
      vertex -11.1 0 20.425
      vertex -11.1 -0.497437 20.4494
    endloop
  endfacet
  facet normal 0 -0.595722 -0.803191
    outer loop
      vertex -11.1 2.81952 29.7197
      vertex -6.1 3.21955 29.423
      vertex -6.1 2.81952 29.7197
    endloop
  endfacet
  facet normal -0 -0.595722 -0.803191
    outer loop
      vertex -6.1 3.21955 29.423
      vertex -11.1 2.81952 29.7197
      vertex -11.1 3.21955 29.423
    endloop
  endfacet
  facet normal 0 -0.427656 -0.903941
    outer loop
      vertex -11.1 1.94212 30.1887
      vertex -6.1 2.39234 29.9757
      vertex -6.1 1.94212 30.1887
    endloop
  endfacet
  facet normal -0 -0.427656 -0.903941
    outer loop
      vertex -6.1 2.39234 29.9757
      vertex -11.1 1.94212 30.1887
      vertex -11.1 2.39234 29.9757
    endloop
  endfacet
  facet normal 0 0.242958 -0.970037
    outer loop
      vertex -11.1 -1.47319 30.3565
      vertex -6.1 -0.990083 30.4775
      vertex -6.1 -1.47319 30.3565
    endloop
  endfacet
  facet normal 0 0.242958 -0.970037
    outer loop
      vertex -6.1 -0.990083 30.4775
      vertex -11.1 -1.47319 30.3565
      vertex -11.1 -0.990083 30.4775
    endloop
  endfacet
  facet normal 0 -0.242958 0.970037
    outer loop
      vertex -11.1 1.47319 20.6435
      vertex -6.1 0.990083 20.5225
      vertex -6.1 1.47319 20.6435
    endloop
  endfacet
  facet normal 0 -0.242958 0.970037
    outer loop
      vertex -6.1 0.990083 20.5225
      vertex -11.1 1.47319 20.6435
      vertex -11.1 0.990083 20.5225
    endloop
  endfacet
  facet normal 0 0.903981 0.427574
    outer loop
      vertex -6.1 -4.47575 23.1077
      vertex -11.1 -4.68869 23.5579
      vertex -6.1 -4.68869 23.5579
    endloop
  endfacet
  facet normal 0 0.903981 0.427574
    outer loop
      vertex -11.1 -4.68869 23.5579
      vertex -6.1 -4.47575 23.1077
      vertex -11.1 -4.47575 23.1077
    endloop
  endfacet
  facet normal -0 0.242958 0.970037
    outer loop
      vertex -11.1 -0.990083 20.5225
      vertex -6.1 -1.47319 20.6435
      vertex -6.1 -0.990083 20.5225
    endloop
  endfacet
  facet normal 0 0.242958 0.970037
    outer loop
      vertex -6.1 -1.47319 20.6435
      vertex -11.1 -0.990083 20.5225
      vertex -11.1 -1.47319 20.6435
    endloop
  endfacet
  facet normal 0 0.146775 -0.98917
    outer loop
      vertex -11.1 -0.990083 30.4775
      vertex -6.1 -0.497437 30.5506
      vertex -6.1 -0.990083 30.4775
    endloop
  endfacet
  facet normal 0 0.146775 -0.98917
    outer loop
      vertex -6.1 -0.497437 30.5506
      vertex -11.1 -0.990083 30.4775
      vertex -11.1 -0.497437 30.5506
    endloop
  endfacet
  facet normal 0 -0.989178 0.14672
    outer loop
      vertex -11.1 4.97748 24.5099
      vertex -6.1 5.05056 25.0026
      vertex -11.1 5.05056 25.0026
    endloop
  endfacet
  facet normal 0 -0.989178 0.14672
    outer loop
      vertex -6.1 5.05056 25.0026
      vertex -11.1 4.97748 24.5099
      vertex -6.1 4.97748 24.5099
    endloop
  endfacet
  facet normal 0 0.903981 -0.427574
    outer loop
      vertex -6.1 -4.68869 27.4421
      vertex -11.1 -4.47575 27.8923
      vertex -6.1 -4.47575 27.8923
    endloop
  endfacet
  facet normal 0 0.903981 -0.427574
    outer loop
      vertex -11.1 -4.47575 27.8923
      vertex -6.1 -4.68869 27.4421
      vertex -11.1 -4.68869 27.4421
    endloop
  endfacet
  facet normal 0 -0.741024 0.671479
    outer loop
      vertex -11.1 3.58857 21.9114
      vertex -6.1 3.92303 22.2805
      vertex -11.1 3.92303 22.2805
    endloop
  endfacet
  facet normal 0 -0.741024 0.671479
    outer loop
      vertex -6.1 3.92303 22.2805
      vertex -11.1 3.58857 21.9114
      vertex -6.1 3.58857 21.9114
    endloop
  endfacet
  facet normal 0 0.427656 -0.903941
    outer loop
      vertex -11.1 -2.39234 29.9757
      vertex -6.1 -1.94212 30.1887
      vertex -6.1 -2.39234 29.9757
    endloop
  endfacet
  facet normal 0 0.427656 -0.903941
    outer loop
      vertex -6.1 -1.94212 30.1887
      vertex -11.1 -2.39234 29.9757
      vertex -11.1 -1.94212 30.1887
    endloop
  endfacet
  facet normal 0 -0.803189 0.595725
    outer loop
      vertex -11.1 3.92303 22.2805
      vertex -6.1 4.21971 22.6805
      vertex -11.1 4.21971 22.6805
    endloop
  endfacet
  facet normal 0 -0.803189 0.595725
    outer loop
      vertex -6.1 4.21971 22.6805
      vertex -11.1 3.92303 22.2805
      vertex -6.1 3.92303 22.2805
    endloop
  endfacet
  facet normal 0 -0.671493 -0.741011
    outer loop
      vertex -11.1 3.21955 29.423
      vertex -6.1 3.58857 29.0886
      vertex -6.1 3.21955 29.423
    endloop
  endfacet
  facet normal -0 -0.671493 -0.741011
    outer loop
      vertex -6.1 3.58857 29.0886
      vertex -11.1 3.21955 29.423
      vertex -11.1 3.58857 29.0886
    endloop
  endfacet
  facet normal -0 0.427656 0.903941
    outer loop
      vertex -11.1 -1.94212 20.8113
      vertex -6.1 -2.39234 21.0243
      vertex -6.1 -1.94212 20.8113
    endloop
  endfacet
  facet normal 0 0.427656 0.903941
    outer loop
      vertex -6.1 -2.39234 21.0243
      vertex -11.1 -1.94212 20.8113
      vertex -11.1 -2.39234 21.0243
    endloop
  endfacet
  facet normal 0 0.0489925 -0.998799
    outer loop
      vertex -11.1 -0.497437 30.5506
      vertex -6.1 0 30.575
      vertex -6.1 -0.497437 30.5506
    endloop
  endfacet
  facet normal 0 0.0489925 -0.998799
    outer loop
      vertex -6.1 0 30.575
      vertex -11.1 -0.497437 30.5506
      vertex -11.1 0 30.575
    endloop
  endfacet
  facet normal 0 -0.970031 -0.24298
    outer loop
      vertex -11.1 4.97748 26.4901
      vertex -6.1 4.85647 26.9732
      vertex -11.1 4.85647 26.9732
    endloop
  endfacet
  facet normal 0 -0.970031 -0.24298
    outer loop
      vertex -6.1 4.85647 26.9732
      vertex -11.1 4.97748 26.4901
      vertex -6.1 4.97748 26.4901
    endloop
  endfacet
  facet normal -0 0.336915 0.941535
    outer loop
      vertex -11.1 -1.47319 20.6435
      vertex -6.1 -1.94212 20.8113
      vertex -6.1 -1.47319 20.6435
    endloop
  endfacet
  facet normal 0 0.336915 0.941535
    outer loop
      vertex -6.1 -1.94212 20.8113
      vertex -11.1 -1.47319 20.6435
      vertex -11.1 -1.94212 20.8113
    endloop
  endfacet
  facet normal 0 -0.857741 -0.514082
    outer loop
      vertex -11.1 4.47575 27.8923
      vertex -6.1 4.21971 28.3195
      vertex -11.1 4.21971 28.3195
    endloop
  endfacet
  facet normal 0 -0.857741 -0.514082
    outer loop
      vertex -6.1 4.21971 28.3195
      vertex -11.1 4.47575 27.8923
      vertex -6.1 4.47575 27.8923
    endloop
  endfacet
  facet normal 0 -0.803189 -0.595725
    outer loop
      vertex -11.1 4.21971 28.3195
      vertex -6.1 3.92303 28.7195
      vertex -11.1 3.92303 28.7195
    endloop
  endfacet
  facet normal 0 -0.803189 -0.595725
    outer loop
      vertex -6.1 3.92303 28.7195
      vertex -11.1 4.21971 28.3195
      vertex -6.1 4.21971 28.3195
    endloop
  endfacet
  facet normal 0 0.989178 -0.14672
    outer loop
      vertex -6.1 -5.05056 25.9974
      vertex -11.1 -4.97748 26.4901
      vertex -6.1 -4.97748 26.4901
    endloop
  endfacet
  facet normal 0 0.989178 -0.14672
    outer loop
      vertex -11.1 -4.97748 26.4901
      vertex -6.1 -5.05056 25.9974
      vertex -11.1 -5.05056 25.9974
    endloop
  endfacet
  facet normal 0 0.671493 -0.741011
    outer loop
      vertex -11.1 -3.58857 29.0886
      vertex -6.1 -3.21955 29.423
      vertex -6.1 -3.58857 29.0886
    endloop
  endfacet
  facet normal 0 0.671493 -0.741011
    outer loop
      vertex -6.1 -3.21955 29.423
      vertex -11.1 -3.58857 29.0886
      vertex -11.1 -3.21955 29.423
    endloop
  endfacet
  facet normal 0 0.970031 0.24298
    outer loop
      vertex -6.1 -4.85647 24.0268
      vertex -11.1 -4.97748 24.5099
      vertex -6.1 -4.97748 24.5099
    endloop
  endfacet
  facet normal 0 0.970031 0.24298
    outer loop
      vertex -11.1 -4.97748 24.5099
      vertex -6.1 -4.85647 24.0268
      vertex -11.1 -4.85647 24.0268
    endloop
  endfacet
  facet normal 0 0.970031 -0.24298
    outer loop
      vertex -6.1 -4.97748 26.4901
      vertex -11.1 -4.85647 26.9732
      vertex -6.1 -4.85647 26.9732
    endloop
  endfacet
  facet normal 0 0.970031 -0.24298
    outer loop
      vertex -11.1 -4.85647 26.9732
      vertex -6.1 -4.97748 26.4901
      vertex -11.1 -4.97748 26.4901
    endloop
  endfacet
  facet normal 0 0.336915 -0.941535
    outer loop
      vertex -11.1 -1.94212 30.1887
      vertex -6.1 -1.47319 30.3565
      vertex -6.1 -1.94212 30.1887
    endloop
  endfacet
  facet normal 0 0.336915 -0.941535
    outer loop
      vertex -6.1 -1.47319 30.3565
      vertex -11.1 -1.94212 30.1887
      vertex -11.1 -1.47319 30.3565
    endloop
  endfacet
  facet normal 0 -0.514041 0.857766
    outer loop
      vertex -11.1 2.81952 21.2803
      vertex -6.1 2.39234 21.0243
      vertex -6.1 2.81952 21.2803
    endloop
  endfacet
  facet normal 0 -0.514041 0.857766
    outer loop
      vertex -6.1 2.39234 21.0243
      vertex -11.1 2.81952 21.2803
      vertex -11.1 2.39234 21.0243
    endloop
  endfacet
  facet normal 0 -0.970031 0.24298
    outer loop
      vertex -11.1 4.85647 24.0268
      vertex -6.1 4.97748 24.5099
      vertex -11.1 4.97748 24.5099
    endloop
  endfacet
  facet normal 0 -0.970031 0.24298
    outer loop
      vertex -6.1 4.97748 24.5099
      vertex -11.1 4.85647 24.0268
      vertex -6.1 4.85647 24.0268
    endloop
  endfacet
  facet normal 0 -0.989178 -0.14672
    outer loop
      vertex -11.1 5.05056 25.9974
      vertex -6.1 4.97748 26.4901
      vertex -11.1 4.97748 26.4901
    endloop
  endfacet
  facet normal 0 -0.989178 -0.14672
    outer loop
      vertex -6.1 4.97748 26.4901
      vertex -11.1 5.05056 25.9974
      vertex -6.1 5.05056 25.9974
    endloop
  endfacet
  facet normal 0 -0.998795 -0.0490763
    outer loop
      vertex -11.1 5.075 25.5
      vertex -6.1 5.05056 25.9974
      vertex -11.1 5.05056 25.9974
    endloop
  endfacet
  facet normal 0 -0.998795 -0.0490763
    outer loop
      vertex -6.1 5.05056 25.9974
      vertex -11.1 5.075 25.5
      vertex -6.1 5.075 25.5
    endloop
  endfacet
  facet normal 0 -0.146775 0.98917
    outer loop
      vertex -11.1 0.990083 20.5225
      vertex -6.1 0.497437 20.4494
      vertex -6.1 0.990083 20.5225
    endloop
  endfacet
  facet normal 0 -0.146775 0.98917
    outer loop
      vertex -6.1 0.497437 20.4494
      vertex -11.1 0.990083 20.5225
      vertex -11.1 0.497437 20.4494
    endloop
  endfacet
  facet normal 0 -0.857741 0.514082
    outer loop
      vertex -11.1 4.21971 22.6805
      vertex -6.1 4.47575 23.1077
      vertex -11.1 4.47575 23.1077
    endloop
  endfacet
  facet normal 0 -0.857741 0.514082
    outer loop
      vertex -6.1 4.47575 23.1077
      vertex -11.1 4.21971 22.6805
      vertex -6.1 4.21971 22.6805
    endloop
  endfacet
  facet normal 0 -0.671493 0.741011
    outer loop
      vertex -11.1 3.58857 21.9114
      vertex -6.1 3.21955 21.577
      vertex -6.1 3.58857 21.9114
    endloop
  endfacet
  facet normal 0 -0.671493 0.741011
    outer loop
      vertex -6.1 3.21955 21.577
      vertex -11.1 3.58857 21.9114
      vertex -11.1 3.21955 21.577
    endloop
  endfacet
  facet normal 0 -0.903981 -0.427574
    outer loop
      vertex -11.1 4.68869 27.4421
      vertex -6.1 4.47575 27.8923
      vertex -11.1 4.47575 27.8923
    endloop
  endfacet
  facet normal 0 -0.903981 -0.427574
    outer loop
      vertex -6.1 4.47575 27.8923
      vertex -11.1 4.68869 27.4421
      vertex -6.1 4.68869 27.4421
    endloop
  endfacet
  facet normal 0 -0.427656 0.903941
    outer loop
      vertex -11.1 2.39234 21.0243
      vertex -6.1 1.94212 20.8113
      vertex -6.1 2.39234 21.0243
    endloop
  endfacet
  facet normal 0 -0.427656 0.903941
    outer loop
      vertex -6.1 1.94212 20.8113
      vertex -11.1 2.39234 21.0243
      vertex -11.1 1.94212 20.8113
    endloop
  endfacet
  facet normal 0 0.514041 -0.857766
    outer loop
      vertex -11.1 -2.81952 29.7197
      vertex -6.1 -2.39234 29.9757
      vertex -6.1 -2.81952 29.7197
    endloop
  endfacet
  facet normal 0 0.514041 -0.857766
    outer loop
      vertex -6.1 -2.39234 29.9757
      vertex -11.1 -2.81952 29.7197
      vertex -11.1 -2.39234 29.9757
    endloop
  endfacet
  facet normal -0 0.671493 0.741011
    outer loop
      vertex -11.1 -3.21955 21.577
      vertex -6.1 -3.58857 21.9114
      vertex -6.1 -3.21955 21.577
    endloop
  endfacet
  facet normal 0 0.671493 0.741011
    outer loop
      vertex -6.1 -3.58857 21.9114
      vertex -11.1 -3.21955 21.577
      vertex -11.1 -3.58857 21.9114
    endloop
  endfacet
  facet normal -0 0.514041 0.857766
    outer loop
      vertex -11.1 -2.39234 21.0243
      vertex -6.1 -2.81952 21.2803
      vertex -6.1 -2.39234 21.0243
    endloop
  endfacet
  facet normal 0 0.514041 0.857766
    outer loop
      vertex -6.1 -2.81952 21.2803
      vertex -11.1 -2.39234 21.0243
      vertex -11.1 -2.81952 21.2803
    endloop
  endfacet
  facet normal 0 -0.941541 0.336899
    outer loop
      vertex -11.1 4.68869 23.5579
      vertex -6.1 4.85647 24.0268
      vertex -11.1 4.85647 24.0268
    endloop
  endfacet
  facet normal 0 -0.941541 0.336899
    outer loop
      vertex -6.1 4.85647 24.0268
      vertex -11.1 4.68869 23.5579
      vertex -6.1 4.68869 23.5579
    endloop
  endfacet
  facet normal 0 -0.941541 -0.336899
    outer loop
      vertex -11.1 4.85647 26.9732
      vertex -6.1 4.68869 27.4421
      vertex -11.1 4.68869 27.4421
    endloop
  endfacet
  facet normal 0 -0.941541 -0.336899
    outer loop
      vertex -6.1 4.68869 27.4421
      vertex -11.1 4.85647 26.9732
      vertex -6.1 4.85647 26.9732
    endloop
  endfacet
  facet normal 0 0.857741 0.514082
    outer loop
      vertex -6.1 -4.21971 22.6805
      vertex -11.1 -4.47575 23.1077
      vertex -6.1 -4.47575 23.1077
    endloop
  endfacet
  facet normal 0 0.857741 0.514082
    outer loop
      vertex -11.1 -4.47575 23.1077
      vertex -6.1 -4.21971 22.6805
      vertex -11.1 -4.21971 22.6805
    endloop
  endfacet
  facet normal 0 0.803189 -0.595725
    outer loop
      vertex -6.1 -4.21971 28.3195
      vertex -11.1 -3.92303 28.7195
      vertex -6.1 -3.92303 28.7195
    endloop
  endfacet
  facet normal 0 0.803189 -0.595725
    outer loop
      vertex -11.1 -3.92303 28.7195
      vertex -6.1 -4.21971 28.3195
      vertex -11.1 -4.21971 28.3195
    endloop
  endfacet
  facet normal -0 0.595722 0.803191
    outer loop
      vertex -11.1 -2.81952 21.2803
      vertex -6.1 -3.21955 21.577
      vertex -6.1 -2.81952 21.2803
    endloop
  endfacet
  facet normal 0 0.595722 0.803191
    outer loop
      vertex -6.1 -3.21955 21.577
      vertex -11.1 -2.81952 21.2803
      vertex -11.1 -3.21955 21.577
    endloop
  endfacet
  facet normal 0 -0.903981 0.427574
    outer loop
      vertex -11.1 4.47575 23.1077
      vertex -6.1 4.68869 23.5579
      vertex -11.1 4.68869 23.5579
    endloop
  endfacet
  facet normal 0 -0.903981 0.427574
    outer loop
      vertex -6.1 4.68869 23.5579
      vertex -11.1 4.47575 23.1077
      vertex -6.1 4.47575 23.1077
    endloop
  endfacet
  facet normal -0 0.146775 0.98917
    outer loop
      vertex -11.1 -0.497437 20.4494
      vertex -6.1 -0.990083 20.5225
      vertex -6.1 -0.497437 20.4494
    endloop
  endfacet
  facet normal 0 0.146775 0.98917
    outer loop
      vertex -6.1 -0.990083 20.5225
      vertex -11.1 -0.497437 20.4494
      vertex -11.1 -0.990083 20.5225
    endloop
  endfacet
  facet normal 0 0.941541 0.336899
    outer loop
      vertex -6.1 -4.68869 23.5579
      vertex -11.1 -4.85647 24.0268
      vertex -6.1 -4.85647 24.0268
    endloop
  endfacet
  facet normal 0 0.941541 0.336899
    outer loop
      vertex -11.1 -4.85647 24.0268
      vertex -6.1 -4.68869 23.5579
      vertex -11.1 -4.68869 23.5579
    endloop
  endfacet
  facet normal 0 0.741024 0.671479
    outer loop
      vertex -6.1 -3.58857 21.9114
      vertex -11.1 -3.92303 22.2805
      vertex -6.1 -3.92303 22.2805
    endloop
  endfacet
  facet normal 0 0.741024 0.671479
    outer loop
      vertex -11.1 -3.92303 22.2805
      vertex -6.1 -3.58857 21.9114
      vertex -11.1 -3.58857 21.9114
    endloop
  endfacet
  facet normal 0 -0.595722 0.803191
    outer loop
      vertex -11.1 3.21955 21.577
      vertex -6.1 2.81952 21.2803
      vertex -6.1 3.21955 21.577
    endloop
  endfacet
  facet normal 0 -0.595722 0.803191
    outer loop
      vertex -6.1 2.81952 21.2803
      vertex -11.1 3.21955 21.577
      vertex -11.1 2.81952 21.2803
    endloop
  endfacet
  facet normal 0 0.998795 0.0490763
    outer loop
      vertex -6.1 -5.05056 25.0026
      vertex -11.1 -5.075 25.5
      vertex -6.1 -5.075 25.5
    endloop
  endfacet
  facet normal 0 0.998795 0.0490763
    outer loop
      vertex -11.1 -5.075 25.5
      vertex -6.1 -5.05056 25.0026
      vertex -11.1 -5.05056 25.0026
    endloop
  endfacet
  facet normal 0 -0.0489925 0.998799
    outer loop
      vertex -11.1 0.497437 20.4494
      vertex -6.1 0 20.425
      vertex -6.1 0.497437 20.4494
    endloop
  endfacet
  facet normal 0 -0.0489925 0.998799
    outer loop
      vertex -6.1 0 20.425
      vertex -11.1 0.497437 20.4494
      vertex -11.1 0 20.425
    endloop
  endfacet
  facet normal 0 0.741024 -0.671479
    outer loop
      vertex -6.1 -3.92303 28.7195
      vertex -11.1 -3.58857 29.0886
      vertex -6.1 -3.58857 29.0886
    endloop
  endfacet
  facet normal 0 0.741024 -0.671479
    outer loop
      vertex -11.1 -3.58857 29.0886
      vertex -6.1 -3.92303 28.7195
      vertex -11.1 -3.92303 28.7195
    endloop
  endfacet
  facet normal 0 -0.146775 -0.98917
    outer loop
      vertex -11.1 0.497437 50.5506
      vertex -6.1 0.990083 50.4775
      vertex -6.1 0.497437 50.5506
    endloop
  endfacet
  facet normal -0 -0.146775 -0.98917
    outer loop
      vertex -6.1 0.990083 50.4775
      vertex -11.1 0.497437 50.5506
      vertex -11.1 0.990083 50.4775
    endloop
  endfacet
  facet normal 0 -0.0489925 -0.998799
    outer loop
      vertex -11.1 0 50.575
      vertex -6.1 0.497437 50.5506
      vertex -6.1 0 50.575
    endloop
  endfacet
  facet normal -0 -0.0489925 -0.998799
    outer loop
      vertex -6.1 0.497437 50.5506
      vertex -11.1 0 50.575
      vertex -11.1 0.497437 50.5506
    endloop
  endfacet
  facet normal 0 -0.242958 -0.970037
    outer loop
      vertex -11.1 0.990083 50.4775
      vertex -6.1 1.47319 50.3565
      vertex -6.1 0.990083 50.4775
    endloop
  endfacet
  facet normal -0 -0.242958 -0.970037
    outer loop
      vertex -6.1 1.47319 50.3565
      vertex -11.1 0.990083 50.4775
      vertex -11.1 1.47319 50.3565
    endloop
  endfacet
  facet normal 0 0.941541 -0.336899
    outer loop
      vertex -6.1 -4.85647 46.9732
      vertex -11.1 -4.68869 47.4421
      vertex -6.1 -4.68869 47.4421
    endloop
  endfacet
  facet normal 0 0.941541 -0.336899
    outer loop
      vertex -11.1 -4.68869 47.4421
      vertex -6.1 -4.85647 46.9732
      vertex -11.1 -4.85647 46.9732
    endloop
  endfacet
  facet normal 0 -0.741024 -0.671479
    outer loop
      vertex -11.1 3.92303 48.7195
      vertex -6.1 3.58857 49.0886
      vertex -11.1 3.58857 49.0886
    endloop
  endfacet
  facet normal 0 -0.741024 -0.671479
    outer loop
      vertex -6.1 3.58857 49.0886
      vertex -11.1 3.92303 48.7195
      vertex -6.1 3.92303 48.7195
    endloop
  endfacet
  facet normal 0 0.989178 0.14672
    outer loop
      vertex -6.1 -4.97748 44.5099
      vertex -11.1 -5.05056 45.0026
      vertex -6.1 -5.05056 45.0026
    endloop
  endfacet
  facet normal 0 0.989178 0.14672
    outer loop
      vertex -11.1 -5.05056 45.0026
      vertex -6.1 -4.97748 44.5099
      vertex -11.1 -4.97748 44.5099
    endloop
  endfacet
  facet normal 0 -0.336915 -0.941535
    outer loop
      vertex -11.1 1.47319 50.3565
      vertex -6.1 1.94212 50.1887
      vertex -6.1 1.47319 50.3565
    endloop
  endfacet
  facet normal -0 -0.336915 -0.941535
    outer loop
      vertex -6.1 1.94212 50.1887
      vertex -11.1 1.47319 50.3565
      vertex -11.1 1.94212 50.1887
    endloop
  endfacet
  facet normal 0 -0.998795 0.0490763
    outer loop
      vertex -11.1 5.05056 45.0026
      vertex -6.1 5.075 45.5
      vertex -11.1 5.075 45.5
    endloop
  endfacet
  facet normal 0 -0.998795 0.0490763
    outer loop
      vertex -6.1 5.075 45.5
      vertex -11.1 5.05056 45.0026
      vertex -6.1 5.05056 45.0026
    endloop
  endfacet
  facet normal 0 0.998795 -0.0490763
    outer loop
      vertex -6.1 -5.075 45.5
      vertex -11.1 -5.05056 45.9974
      vertex -6.1 -5.05056 45.9974
    endloop
  endfacet
  facet normal 0 0.998795 -0.0490763
    outer loop
      vertex -11.1 -5.05056 45.9974
      vertex -6.1 -5.075 45.5
      vertex -11.1 -5.075 45.5
    endloop
  endfacet
  facet normal 0 0.595722 -0.803191
    outer loop
      vertex -11.1 -3.21955 49.423
      vertex -6.1 -2.81952 49.7197
      vertex -6.1 -3.21955 49.423
    endloop
  endfacet
  facet normal 0 0.595722 -0.803191
    outer loop
      vertex -6.1 -2.81952 49.7197
      vertex -11.1 -3.21955 49.423
      vertex -11.1 -2.81952 49.7197
    endloop
  endfacet
  facet normal 0 0.803189 0.595725
    outer loop
      vertex -6.1 -3.92303 42.2805
      vertex -11.1 -4.21971 42.6805
      vertex -6.1 -4.21971 42.6805
    endloop
  endfacet
  facet normal 0 0.803189 0.595725
    outer loop
      vertex -11.1 -4.21971 42.6805
      vertex -6.1 -3.92303 42.2805
      vertex -11.1 -3.92303 42.2805
    endloop
  endfacet
  facet normal 0 -0.336915 0.941535
    outer loop
      vertex -11.1 1.94212 40.8113
      vertex -6.1 1.47319 40.6435
      vertex -6.1 1.94212 40.8113
    endloop
  endfacet
  facet normal 0 -0.336915 0.941535
    outer loop
      vertex -6.1 1.47319 40.6435
      vertex -11.1 1.94212 40.8113
      vertex -11.1 1.47319 40.6435
    endloop
  endfacet
  facet normal 0 -0.514041 -0.857766
    outer loop
      vertex -11.1 2.39234 49.9757
      vertex -6.1 2.81952 49.7197
      vertex -6.1 2.39234 49.9757
    endloop
  endfacet
  facet normal -0 -0.514041 -0.857766
    outer loop
      vertex -6.1 2.81952 49.7197
      vertex -11.1 2.39234 49.9757
      vertex -11.1 2.81952 49.7197
    endloop
  endfacet
  facet normal -0 0.0489925 0.998799
    outer loop
      vertex -11.1 0 40.425
      vertex -6.1 -0.497437 40.4494
      vertex -6.1 0 40.425
    endloop
  endfacet
  facet normal 0 0.0489925 0.998799
    outer loop
      vertex -6.1 -0.497437 40.4494
      vertex -11.1 0 40.425
      vertex -11.1 -0.497437 40.4494
    endloop
  endfacet
  facet normal 0 -0.595722 -0.803191
    outer loop
      vertex -11.1 2.81952 49.7197
      vertex -6.1 3.21955 49.423
      vertex -6.1 2.81952 49.7197
    endloop
  endfacet
  facet normal -0 -0.595722 -0.803191
    outer loop
      vertex -6.1 3.21955 49.423
      vertex -11.1 2.81952 49.7197
      vertex -11.1 3.21955 49.423
    endloop
  endfacet
  facet normal 0 -0.427656 -0.903941
    outer loop
      vertex -11.1 1.94212 50.1887
      vertex -6.1 2.39234 49.9757
      vertex -6.1 1.94212 50.1887
    endloop
  endfacet
  facet normal -0 -0.427656 -0.903941
    outer loop
      vertex -6.1 2.39234 49.9757
      vertex -11.1 1.94212 50.1887
      vertex -11.1 2.39234 49.9757
    endloop
  endfacet
  facet normal 0 0.242958 -0.970037
    outer loop
      vertex -11.1 -1.47319 50.3565
      vertex -6.1 -0.990083 50.4775
      vertex -6.1 -1.47319 50.3565
    endloop
  endfacet
  facet normal 0 0.242958 -0.970037
    outer loop
      vertex -6.1 -0.990083 50.4775
      vertex -11.1 -1.47319 50.3565
      vertex -11.1 -0.990083 50.4775
    endloop
  endfacet
  facet normal 0 -0.242958 0.970037
    outer loop
      vertex -11.1 1.47319 40.6435
      vertex -6.1 0.990083 40.5225
      vertex -6.1 1.47319 40.6435
    endloop
  endfacet
  facet normal 0 -0.242958 0.970037
    outer loop
      vertex -6.1 0.990083 40.5225
      vertex -11.1 1.47319 40.6435
      vertex -11.1 0.990083 40.5225
    endloop
  endfacet
  facet normal 0 0.903981 0.427574
    outer loop
      vertex -6.1 -4.47575 43.1077
      vertex -11.1 -4.68869 43.5579
      vertex -6.1 -4.68869 43.5579
    endloop
  endfacet
  facet normal 0 0.903981 0.427574
    outer loop
      vertex -11.1 -4.68869 43.5579
      vertex -6.1 -4.47575 43.1077
      vertex -11.1 -4.47575 43.1077
    endloop
  endfacet
  facet normal -0 0.242958 0.970037
    outer loop
      vertex -11.1 -0.990083 40.5225
      vertex -6.1 -1.47319 40.6435
      vertex -6.1 -0.990083 40.5225
    endloop
  endfacet
  facet normal 0 0.242958 0.970037
    outer loop
      vertex -6.1 -1.47319 40.6435
      vertex -11.1 -0.990083 40.5225
      vertex -11.1 -1.47319 40.6435
    endloop
  endfacet
  facet normal 0 0.146775 -0.98917
    outer loop
      vertex -11.1 -0.990083 50.4775
      vertex -6.1 -0.497437 50.5506
      vertex -6.1 -0.990083 50.4775
    endloop
  endfacet
  facet normal 0 0.146775 -0.98917
    outer loop
      vertex -6.1 -0.497437 50.5506
      vertex -11.1 -0.990083 50.4775
      vertex -11.1 -0.497437 50.5506
    endloop
  endfacet
  facet normal 0 -0.989178 0.14672
    outer loop
      vertex -11.1 4.97748 44.5099
      vertex -6.1 5.05056 45.0026
      vertex -11.1 5.05056 45.0026
    endloop
  endfacet
  facet normal 0 -0.989178 0.14672
    outer loop
      vertex -6.1 5.05056 45.0026
      vertex -11.1 4.97748 44.5099
      vertex -6.1 4.97748 44.5099
    endloop
  endfacet
  facet normal 0 0.903981 -0.427574
    outer loop
      vertex -6.1 -4.68869 47.4421
      vertex -11.1 -4.47575 47.8923
      vertex -6.1 -4.47575 47.8923
    endloop
  endfacet
  facet normal 0 0.903981 -0.427574
    outer loop
      vertex -11.1 -4.47575 47.8923
      vertex -6.1 -4.68869 47.4421
      vertex -11.1 -4.68869 47.4421
    endloop
  endfacet
  facet normal 0 -0.741024 0.671479
    outer loop
      vertex -11.1 3.58857 41.9114
      vertex -6.1 3.92303 42.2805
      vertex -11.1 3.92303 42.2805
    endloop
  endfacet
  facet normal 0 -0.741024 0.671479
    outer loop
      vertex -6.1 3.92303 42.2805
      vertex -11.1 3.58857 41.9114
      vertex -6.1 3.58857 41.9114
    endloop
  endfacet
  facet normal 0 0.427656 -0.903941
    outer loop
      vertex -11.1 -2.39234 49.9757
      vertex -6.1 -1.94212 50.1887
      vertex -6.1 -2.39234 49.9757
    endloop
  endfacet
  facet normal 0 0.427656 -0.903941
    outer loop
      vertex -6.1 -1.94212 50.1887
      vertex -11.1 -2.39234 49.9757
      vertex -11.1 -1.94212 50.1887
    endloop
  endfacet
  facet normal 0 -0.803189 0.595725
    outer loop
      vertex -11.1 3.92303 42.2805
      vertex -6.1 4.21971 42.6805
      vertex -11.1 4.21971 42.6805
    endloop
  endfacet
  facet normal 0 -0.803189 0.595725
    outer loop
      vertex -6.1 4.21971 42.6805
      vertex -11.1 3.92303 42.2805
      vertex -6.1 3.92303 42.2805
    endloop
  endfacet
  facet normal 0 -0.671493 -0.741011
    outer loop
      vertex -11.1 3.21955 49.423
      vertex -6.1 3.58857 49.0886
      vertex -6.1 3.21955 49.423
    endloop
  endfacet
  facet normal -0 -0.671493 -0.741011
    outer loop
      vertex -6.1 3.58857 49.0886
      vertex -11.1 3.21955 49.423
      vertex -11.1 3.58857 49.0886
    endloop
  endfacet
  facet normal -0 0.427656 0.903941
    outer loop
      vertex -11.1 -1.94212 40.8113
      vertex -6.1 -2.39234 41.0243
      vertex -6.1 -1.94212 40.8113
    endloop
  endfacet
  facet normal 0 0.427656 0.903941
    outer loop
      vertex -6.1 -2.39234 41.0243
      vertex -11.1 -1.94212 40.8113
      vertex -11.1 -2.39234 41.0243
    endloop
  endfacet
  facet normal 0 0.0489925 -0.998799
    outer loop
      vertex -11.1 -0.497437 50.5506
      vertex -6.1 0 50.575
      vertex -6.1 -0.497437 50.5506
    endloop
  endfacet
  facet normal 0 0.0489925 -0.998799
    outer loop
      vertex -6.1 0 50.575
      vertex -11.1 -0.497437 50.5506
      vertex -11.1 0 50.575
    endloop
  endfacet
  facet normal 0 -0.970031 -0.24298
    outer loop
      vertex -11.1 4.97748 46.4901
      vertex -6.1 4.85647 46.9732
      vertex -11.1 4.85647 46.9732
    endloop
  endfacet
  facet normal 0 -0.970031 -0.24298
    outer loop
      vertex -6.1 4.85647 46.9732
      vertex -11.1 4.97748 46.4901
      vertex -6.1 4.97748 46.4901
    endloop
  endfacet
  facet normal -0 0.336915 0.941535
    outer loop
      vertex -11.1 -1.47319 40.6435
      vertex -6.1 -1.94212 40.8113
      vertex -6.1 -1.47319 40.6435
    endloop
  endfacet
  facet normal 0 0.336915 0.941535
    outer loop
      vertex -6.1 -1.94212 40.8113
      vertex -11.1 -1.47319 40.6435
      vertex -11.1 -1.94212 40.8113
    endloop
  endfacet
  facet normal 0 -0.857741 -0.514082
    outer loop
      vertex -11.1 4.47575 47.8923
      vertex -6.1 4.21971 48.3195
      vertex -11.1 4.21971 48.3195
    endloop
  endfacet
  facet normal 0 -0.857741 -0.514082
    outer loop
      vertex -6.1 4.21971 48.3195
      vertex -11.1 4.47575 47.8923
      vertex -6.1 4.47575 47.8923
    endloop
  endfacet
  facet normal 0 -0.803189 -0.595725
    outer loop
      vertex -11.1 4.21971 48.3195
      vertex -6.1 3.92303 48.7195
      vertex -11.1 3.92303 48.7195
    endloop
  endfacet
  facet normal 0 -0.803189 -0.595725
    outer loop
      vertex -6.1 3.92303 48.7195
      vertex -11.1 4.21971 48.3195
      vertex -6.1 4.21971 48.3195
    endloop
  endfacet
  facet normal 0 0.989178 -0.14672
    outer loop
      vertex -6.1 -5.05056 45.9974
      vertex -11.1 -4.97748 46.4901
      vertex -6.1 -4.97748 46.4901
    endloop
  endfacet
  facet normal 0 0.989178 -0.14672
    outer loop
      vertex -11.1 -4.97748 46.4901
      vertex -6.1 -5.05056 45.9974
      vertex -11.1 -5.05056 45.9974
    endloop
  endfacet
  facet normal 0 0.671493 -0.741011
    outer loop
      vertex -11.1 -3.58857 49.0886
      vertex -6.1 -3.21955 49.423
      vertex -6.1 -3.58857 49.0886
    endloop
  endfacet
  facet normal 0 0.671493 -0.741011
    outer loop
      vertex -6.1 -3.21955 49.423
      vertex -11.1 -3.58857 49.0886
      vertex -11.1 -3.21955 49.423
    endloop
  endfacet
  facet normal 0 0.970031 0.24298
    outer loop
      vertex -6.1 -4.85647 44.0268
      vertex -11.1 -4.97748 44.5099
      vertex -6.1 -4.97748 44.5099
    endloop
  endfacet
  facet normal 0 0.970031 0.24298
    outer loop
      vertex -11.1 -4.97748 44.5099
      vertex -6.1 -4.85647 44.0268
      vertex -11.1 -4.85647 44.0268
    endloop
  endfacet
  facet normal 0 0.970031 -0.24298
    outer loop
      vertex -6.1 -4.97748 46.4901
      vertex -11.1 -4.85647 46.9732
      vertex -6.1 -4.85647 46.9732
    endloop
  endfacet
  facet normal 0 0.970031 -0.24298
    outer loop
      vertex -11.1 -4.85647 46.9732
      vertex -6.1 -4.97748 46.4901
      vertex -11.1 -4.97748 46.4901
    endloop
  endfacet
  facet normal 0 0.336915 -0.941535
    outer loop
      vertex -11.1 -1.94212 50.1887
      vertex -6.1 -1.47319 50.3565
      vertex -6.1 -1.94212 50.1887
    endloop
  endfacet
  facet normal 0 0.336915 -0.941535
    outer loop
      vertex -6.1 -1.47319 50.3565
      vertex -11.1 -1.94212 50.1887
      vertex -11.1 -1.47319 50.3565
    endloop
  endfacet
  facet normal 0 -0.514041 0.857766
    outer loop
      vertex -11.1 2.81952 41.2803
      vertex -6.1 2.39234 41.0243
      vertex -6.1 2.81952 41.2803
    endloop
  endfacet
  facet normal 0 -0.514041 0.857766
    outer loop
      vertex -6.1 2.39234 41.0243
      vertex -11.1 2.81952 41.2803
      vertex -11.1 2.39234 41.0243
    endloop
  endfacet
  facet normal 0 -0.970031 0.24298
    outer loop
      vertex -11.1 4.85647 44.0268
      vertex -6.1 4.97748 44.5099
      vertex -11.1 4.97748 44.5099
    endloop
  endfacet
  facet normal 0 -0.970031 0.24298
    outer loop
      vertex -6.1 4.97748 44.5099
      vertex -11.1 4.85647 44.0268
      vertex -6.1 4.85647 44.0268
    endloop
  endfacet
  facet normal 0 -0.989178 -0.14672
    outer loop
      vertex -11.1 5.05056 45.9974
      vertex -6.1 4.97748 46.4901
      vertex -11.1 4.97748 46.4901
    endloop
  endfacet
  facet normal 0 -0.989178 -0.14672
    outer loop
      vertex -6.1 4.97748 46.4901
      vertex -11.1 5.05056 45.9974
      vertex -6.1 5.05056 45.9974
    endloop
  endfacet
  facet normal 0 -0.998795 -0.0490763
    outer loop
      vertex -11.1 5.075 45.5
      vertex -6.1 5.05056 45.9974
      vertex -11.1 5.05056 45.9974
    endloop
  endfacet
  facet normal 0 -0.998795 -0.0490763
    outer loop
      vertex -6.1 5.05056 45.9974
      vertex -11.1 5.075 45.5
      vertex -6.1 5.075 45.5
    endloop
  endfacet
  facet normal 0 -0.146775 0.98917
    outer loop
      vertex -11.1 0.990083 40.5225
      vertex -6.1 0.497437 40.4494
      vertex -6.1 0.990083 40.5225
    endloop
  endfacet
  facet normal 0 -0.146775 0.98917
    outer loop
      vertex -6.1 0.497437 40.4494
      vertex -11.1 0.990083 40.5225
      vertex -11.1 0.497437 40.4494
    endloop
  endfacet
  facet normal 0 -0.857741 0.514082
    outer loop
      vertex -11.1 4.21971 42.6805
      vertex -6.1 4.47575 43.1077
      vertex -11.1 4.47575 43.1077
    endloop
  endfacet
  facet normal 0 -0.857741 0.514082
    outer loop
      vertex -6.1 4.47575 43.1077
      vertex -11.1 4.21971 42.6805
      vertex -6.1 4.21971 42.6805
    endloop
  endfacet
  facet normal 0 -0.671493 0.741011
    outer loop
      vertex -11.1 3.58857 41.9114
      vertex -6.1 3.21955 41.577
      vertex -6.1 3.58857 41.9114
    endloop
  endfacet
  facet normal 0 -0.671493 0.741011
    outer loop
      vertex -6.1 3.21955 41.577
      vertex -11.1 3.58857 41.9114
      vertex -11.1 3.21955 41.577
    endloop
  endfacet
  facet normal 0 -0.903981 -0.427574
    outer loop
      vertex -11.1 4.68869 47.4421
      vertex -6.1 4.47575 47.8923
      vertex -11.1 4.47575 47.8923
    endloop
  endfacet
  facet normal 0 -0.903981 -0.427574
    outer loop
      vertex -6.1 4.47575 47.8923
      vertex -11.1 4.68869 47.4421
      vertex -6.1 4.68869 47.4421
    endloop
  endfacet
  facet normal 0 -0.427656 0.903941
    outer loop
      vertex -11.1 2.39234 41.0243
      vertex -6.1 1.94212 40.8113
      vertex -6.1 2.39234 41.0243
    endloop
  endfacet
  facet normal 0 -0.427656 0.903941
    outer loop
      vertex -6.1 1.94212 40.8113
      vertex -11.1 2.39234 41.0243
      vertex -11.1 1.94212 40.8113
    endloop
  endfacet
  facet normal 0 0.514041 -0.857766
    outer loop
      vertex -11.1 -2.81952 49.7197
      vertex -6.1 -2.39234 49.9757
      vertex -6.1 -2.81952 49.7197
    endloop
  endfacet
  facet normal 0 0.514041 -0.857766
    outer loop
      vertex -6.1 -2.39234 49.9757
      vertex -11.1 -2.81952 49.7197
      vertex -11.1 -2.39234 49.9757
    endloop
  endfacet
  facet normal -0 0.671493 0.741011
    outer loop
      vertex -11.1 -3.21955 41.577
      vertex -6.1 -3.58857 41.9114
      vertex -6.1 -3.21955 41.577
    endloop
  endfacet
  facet normal 0 0.671493 0.741011
    outer loop
      vertex -6.1 -3.58857 41.9114
      vertex -11.1 -3.21955 41.577
      vertex -11.1 -3.58857 41.9114
    endloop
  endfacet
  facet normal -0 0.514041 0.857766
    outer loop
      vertex -11.1 -2.39234 41.0243
      vertex -6.1 -2.81952 41.2803
      vertex -6.1 -2.39234 41.0243
    endloop
  endfacet
  facet normal 0 0.514041 0.857766
    outer loop
      vertex -6.1 -2.81952 41.2803
      vertex -11.1 -2.39234 41.0243
      vertex -11.1 -2.81952 41.2803
    endloop
  endfacet
  facet normal 0 -0.941541 0.336899
    outer loop
      vertex -11.1 4.68869 43.5579
      vertex -6.1 4.85647 44.0268
      vertex -11.1 4.85647 44.0268
    endloop
  endfacet
  facet normal 0 -0.941541 0.336899
    outer loop
      vertex -6.1 4.85647 44.0268
      vertex -11.1 4.68869 43.5579
      vertex -6.1 4.68869 43.5579
    endloop
  endfacet
  facet normal 0 -0.941541 -0.336899
    outer loop
      vertex -11.1 4.85647 46.9732
      vertex -6.1 4.68869 47.4421
      vertex -11.1 4.68869 47.4421
    endloop
  endfacet
  facet normal 0 -0.941541 -0.336899
    outer loop
      vertex -6.1 4.68869 47.4421
      vertex -11.1 4.85647 46.9732
      vertex -6.1 4.85647 46.9732
    endloop
  endfacet
  facet normal 0 0.857741 0.514082
    outer loop
      vertex -6.1 -4.21971 42.6805
      vertex -11.1 -4.47575 43.1077
      vertex -6.1 -4.47575 43.1077
    endloop
  endfacet
  facet normal 0 0.857741 0.514082
    outer loop
      vertex -11.1 -4.47575 43.1077
      vertex -6.1 -4.21971 42.6805
      vertex -11.1 -4.21971 42.6805
    endloop
  endfacet
  facet normal 0 0.803189 -0.595725
    outer loop
      vertex -6.1 -4.21971 48.3195
      vertex -11.1 -3.92303 48.7195
      vertex -6.1 -3.92303 48.7195
    endloop
  endfacet
  facet normal 0 0.803189 -0.595725
    outer loop
      vertex -11.1 -3.92303 48.7195
      vertex -6.1 -4.21971 48.3195
      vertex -11.1 -4.21971 48.3195
    endloop
  endfacet
  facet normal -0 0.595722 0.803191
    outer loop
      vertex -11.1 -2.81952 41.2803
      vertex -6.1 -3.21955 41.577
      vertex -6.1 -2.81952 41.2803
    endloop
  endfacet
  facet normal 0 0.595722 0.803191
    outer loop
      vertex -6.1 -3.21955 41.577
      vertex -11.1 -2.81952 41.2803
      vertex -11.1 -3.21955 41.577
    endloop
  endfacet
  facet normal 0 -0.903981 0.427574
    outer loop
      vertex -11.1 4.47575 43.1077
      vertex -6.1 4.68869 43.5579
      vertex -11.1 4.68869 43.5579
    endloop
  endfacet
  facet normal 0 -0.903981 0.427574
    outer loop
      vertex -6.1 4.68869 43.5579
      vertex -11.1 4.47575 43.1077
      vertex -6.1 4.47575 43.1077
    endloop
  endfacet
  facet normal -0 0.146775 0.98917
    outer loop
      vertex -11.1 -0.497437 40.4494
      vertex -6.1 -0.990083 40.5225
      vertex -6.1 -0.497437 40.4494
    endloop
  endfacet
  facet normal 0 0.146775 0.98917
    outer loop
      vertex -6.1 -0.990083 40.5225
      vertex -11.1 -0.497437 40.4494
      vertex -11.1 -0.990083 40.5225
    endloop
  endfacet
  facet normal 0 0.857741 -0.514082
    outer loop
      vertex -6.1 -4.47575 47.8923
      vertex -11.1 -4.21971 48.3195
      vertex -6.1 -4.21971 48.3195
    endloop
  endfacet
  facet normal 0 0.857741 -0.514082
    outer loop
      vertex -11.1 -4.21971 48.3195
      vertex -6.1 -4.47575 47.8923
      vertex -11.1 -4.47575 47.8923
    endloop
  endfacet
  facet normal 0 0.741024 0.671479
    outer loop
      vertex -6.1 -3.58857 41.9114
      vertex -11.1 -3.92303 42.2805
      vertex -6.1 -3.92303 42.2805
    endloop
  endfacet
  facet normal 0 0.741024 0.671479
    outer loop
      vertex -11.1 -3.92303 42.2805
      vertex -6.1 -3.58857 41.9114
      vertex -11.1 -3.58857 41.9114
    endloop
  endfacet
  facet normal 0 -0.595722 0.803191
    outer loop
      vertex -11.1 3.21955 41.577
      vertex -6.1 2.81952 41.2803
      vertex -6.1 3.21955 41.577
    endloop
  endfacet
  facet normal 0 -0.595722 0.803191
    outer loop
      vertex -6.1 2.81952 41.2803
      vertex -11.1 3.21955 41.577
      vertex -11.1 2.81952 41.2803
    endloop
  endfacet
  facet normal 0 0.998795 0.0490763
    outer loop
      vertex -6.1 -5.05056 45.0026
      vertex -11.1 -5.075 45.5
      vertex -6.1 -5.075 45.5
    endloop
  endfacet
  facet normal 0 0.998795 0.0490763
    outer loop
      vertex -11.1 -5.075 45.5
      vertex -6.1 -5.05056 45.0026
      vertex -11.1 -5.05056 45.0026
    endloop
  endfacet
  facet normal 0 -0.0489925 0.998799
    outer loop
      vertex -11.1 0.497437 40.4494
      vertex -6.1 0 40.425
      vertex -6.1 0.497437 40.4494
    endloop
  endfacet
  facet normal 0 -0.0489925 0.998799
    outer loop
      vertex -6.1 0 40.425
      vertex -11.1 0.497437 40.4494
      vertex -11.1 0 40.425
    endloop
  endfacet
  facet normal 0 0.941541 0.336899
    outer loop
      vertex -6.1 -4.68869 43.5579
      vertex -11.1 -4.85647 44.0268
      vertex -6.1 -4.85647 44.0268
    endloop
  endfacet
  facet normal 0 0.941541 0.336899
    outer loop
      vertex -11.1 -4.85647 44.0268
      vertex -6.1 -4.68869 43.5579
      vertex -11.1 -4.68869 43.5579
    endloop
  endfacet
  facet normal 0 0.741024 -0.671479
    outer loop
      vertex -6.1 -3.92303 48.7195
      vertex -11.1 -3.58857 49.0886
      vertex -6.1 -3.58857 49.0886
    endloop
  endfacet
  facet normal 0 0.741024 -0.671479
    outer loop
      vertex -11.1 -3.58857 49.0886
      vertex -6.1 -3.92303 48.7195
      vertex -11.1 -3.92303 48.7195
    endloop
  endfacet
  facet normal -0.857737 0.514088 0
    outer loop
      vertex -3.98376 -20.4112 15.2232
      vertex -3.72394 -19.9777 55
      vertex -3.72394 -19.9777 15.0675
    endloop
  endfacet
  facet normal -0.857737 0.514088 0
    outer loop
      vertex -3.72394 -19.9777 55
      vertex -3.98376 -20.4112 15.2232
      vertex -3.98376 -20.4112 55
    endloop
  endfacet
  facet normal -0.857737 0.514088 0
    outer loop
      vertex -3.98376 -20.4112 0.776775
      vertex -3.72394 -19.9777 0
      vertex -3.98376 -20.4112 0
    endloop
  endfacet
  facet normal -0.857737 0.514088 0
    outer loop
      vertex -3.72394 -19.9777 0
      vertex -3.98376 -20.4112 0.776775
      vertex -3.72394 -19.9777 0.932508
    endloop
  endfacet
  facet normal -0.671549 0.74096 0
    outer loop
      vertex -4.62423 -21.1916 55
      vertex -4.99871 -21.531 15.7436
      vertex -4.99871 -21.531 55
    endloop
  endfacet
  facet normal -0.671549 0.74096 0
    outer loop
      vertex -4.99871 -21.531 15.7436
      vertex -4.62423 -21.1916 55
      vertex -4.62423 -21.1916 15.5665
    endloop
  endfacet
  facet normal -0.671549 0.74096 0
    outer loop
      vertex -4.62423 -21.1916 0
      vertex -4.99871 -21.531 0.256419
      vertex -4.62423 -21.1916 0.433533
    endloop
  endfacet
  facet normal -0.671549 0.74096 0
    outer loop
      vertex -4.99871 -21.531 0.256419
      vertex -4.62423 -21.1916 0
      vertex -4.99871 -21.531 0
    endloop
  endfacet
  facet normal 0.242978 0.970032 -0
    outer loop
      vertex -9.27055 -22.601 16.3398
      vertex -9.7608 -22.4782 55
      vertex -9.27055 -22.601 55
    endloop
  endfacet
  facet normal 0.242978 0.970032 0
    outer loop
      vertex -9.7608 -22.4782 55
      vertex -9.27055 -22.601 16.3398
      vertex -9.7608 -22.4782 16.2671
    endloop
  endfacet
  facet normal 0.0490702 0.998795 -0
    outer loop
      vertex -8.26583 -22.7 16.4071
      vertex -8.77062 -22.6752 55
      vertex -8.26583 -22.7 55
    endloop
  endfacet
  facet normal 0.0490702 0.998795 0
    outer loop
      vertex -8.77062 -22.6752 55
      vertex -8.26583 -22.7 16.4071
      vertex -8.77062 -22.6752 16.3823
    endloop
  endfacet
  facet normal -0.903971 -0.427594 -7.16442e-07
    outer loop
      vertex -3.50785 -15.5792 55
      vertex -3.72394 -15.1223 15.0675
      vertex -3.59509 -15.3947 14.9903
    endloop
  endfacet
  facet normal -0.904031 -0.427467 -0
    outer loop
      vertex -3.50785 -15.5792 55
      vertex -3.59509 -15.3947 14.9903
      vertex -3.50785 -15.5792 14.9256
    endloop
  endfacet
  facet normal -0.903995 -0.427543 0
    outer loop
      vertex -3.72394 -15.1223 15.0675
      vertex -3.50785 -15.5792 55
      vertex -3.72394 -15.1223 55
    endloop
  endfacet
  facet normal -0.903995 -0.427543 0
    outer loop
      vertex -3.50785 -15.5792 0
      vertex -3.72394 -15.1223 0.932508
      vertex -3.72394 -15.1223 0
    endloop
  endfacet
  facet normal -0.903974 -0.427588 2.70252e-05
    outer loop
      vertex -3.72394 -15.1223 0.932508
      vertex -3.50785 -15.5792 0
      vertex -3.59509 -15.3947 1.00974
    endloop
  endfacet
  facet normal -0.904031 -0.427467 0
    outer loop
      vertex -3.59509 -15.3947 1.00974
      vertex -3.50785 -15.5792 0
      vertex -3.50785 -15.5792 1.07444
    endloop
  endfacet
  facet normal 0.427593 0.903971 -0
    outer loop
      vertex -10.2367 -22.308 16.1627
      vertex -10.4572 -22.2037 55
      vertex -10.2367 -22.308 55
    endloop
  endfacet
  facet normal 0.427593 0.903971 0
    outer loop
      vertex -10.4572 -22.2037 55
      vertex -10.2367 -22.308 16.1627
      vertex -10.4572 -22.2037 16.1075
    endloop
  endfacet
  facet normal 0.0490702 -0.998795 0
    outer loop
      vertex -8.77062 -12.4248 55
      vertex -8.26583 -12.4 16.4071
      vertex -8.26583 -12.4 55
    endloop
  endfacet
  facet normal 0.0490702 -0.998795 0
    outer loop
      vertex -8.26583 -12.4 16.4071
      vertex -8.77062 -12.4248 55
      vertex -8.77062 -12.4248 16.3823
    endloop
  endfacet
  facet normal 0.33675 -0.941594 0
    outer loop
      vertex -10.2367 -12.792 55
      vertex -9.7608 -12.6218 16.2671
      vertex -9.7608 -12.6218 55
    endloop
  endfacet
  facet normal 0.336624 -0.941639 -1.74271e-06
    outer loop
      vertex -10.2367 -12.792 55
      vertex -9.90598 -12.6737 16.2456
      vertex -9.7608 -12.6218 16.2671
    endloop
  endfacet
  facet normal 0.336805 -0.941574 0
    outer loop
      vertex -9.90598 -12.6737 16.2456
      vertex -10.2367 -12.792 55
      vertex -10.2367 -12.792 16.1627
    endloop
  endfacet
  facet normal -0.514068 0.857749 0
    outer loop
      vertex -5.40465 -21.8321 55
      vertex -5.83814 -22.0919 16.0483
      vertex -5.83814 -22.0919 55
    endloop
  endfacet
  facet normal -0.516658 0.856192 3.92098e-05
    outer loop
      vertex -5.40465 -21.8321 55
      vertex -5.82538 -22.0842 16.0451
      vertex -5.83814 -22.0919 16.0483
    endloop
  endfacet
  facet normal -0.513989 0.857797 0
    outer loop
      vertex -5.82538 -22.0842 16.0451
      vertex -5.40465 -21.8321 55
      vertex -5.40465 -21.8321 15.8946
    endloop
  endfacet
  facet normal -0.514089 0.857737 0
    outer loop
      vertex -5.6993 -22.0087 0
      vertex -5.40465 -21.8321 0.10543
      vertex -5.40465 -21.8321 0
    endloop
  endfacet
  facet normal -0.989175 0.146744 0
    outer loop
      vertex -3.21479 -18.5547 14.7082
      vertex -3.14063 -18.0548 55
      vertex -3.14063 -18.0548 14.6532
    endloop
  endfacet
  facet normal -0.989175 0.146744 0
    outer loop
      vertex -3.14063 -18.0548 55
      vertex -3.21479 -18.5547 14.7082
      vertex -3.21479 -18.5547 55
    endloop
  endfacet
  facet normal -0.989175 0.146744 0
    outer loop
      vertex -3.21479 -18.5547 1.29179
      vertex -3.14063 -18.0548 0
      vertex -3.21479 -18.5547 0
    endloop
  endfacet
  facet normal -0.989175 0.146744 0
    outer loop
      vertex -3.14063 -18.0548 0
      vertex -3.21479 -18.5547 1.29179
      vertex -3.14063 -18.0548 1.34679
    endloop
  endfacet
  facet normal -0.146815 0.989164 0
    outer loop
      vertex -7.26112 -22.601 55
      vertex -7.76104 -22.6752 16.3823
      vertex -7.76104 -22.6752 55
    endloop
  endfacet
  facet normal -0.146863 0.989157 6.30062e-07
    outer loop
      vertex -7.26112 -22.601 55
      vertex -7.44179 -22.6278 16.3666
      vertex -7.76104 -22.6752 16.3823
    endloop
  endfacet
  facet normal -0.146731 0.989176 0
    outer loop
      vertex -7.44179 -22.6278 16.3666
      vertex -7.26112 -22.601 55
      vertex -7.26112 -22.601 16.3398
    endloop
  endfacet
  facet normal 0.33675 0.941594 -0
    outer loop
      vertex -9.7608 -22.4782 16.2671
      vertex -10.2367 -22.308 55
      vertex -9.7608 -22.4782 55
    endloop
  endfacet
  facet normal 0.336624 0.941639 -1.74271e-06
    outer loop
      vertex -9.90598 -22.4263 16.2456
      vertex -10.2367 -22.308 55
      vertex -9.7608 -22.4782 16.2671
    endloop
  endfacet
  facet normal 0.336805 0.941574 0
    outer loop
      vertex -10.2367 -22.308 55
      vertex -9.90598 -22.4263 16.2456
      vertex -10.2367 -22.308 16.1627
    endloop
  endfacet
  facet normal -0.989175 -0.146744 -0
    outer loop
      vertex -3.14063 -17.0452 55
      vertex -3.21479 -16.5453 14.7082
      vertex -3.14063 -17.0452 14.6532
    endloop
  endfacet
  facet normal -0.989175 -0.146744 0
    outer loop
      vertex -3.21479 -16.5453 14.7082
      vertex -3.14063 -17.0452 55
      vertex -3.21479 -16.5453 55
    endloop
  endfacet
  facet normal -0.989175 -0.146744 0
    outer loop
      vertex -3.14063 -17.0452 0
      vertex -3.21479 -16.5453 1.29179
      vertex -3.21479 -16.5453 0
    endloop
  endfacet
  facet normal -0.989175 -0.146744 0
    outer loop
      vertex -3.21479 -16.5453 1.29179
      vertex -3.14063 -17.0452 0
      vertex -3.14063 -17.0452 1.34679
    endloop
  endfacet
  facet normal 0.242978 -0.970032 0
    outer loop
      vertex -9.7608 -12.6218 55
      vertex -9.27055 -12.499 16.3398
      vertex -9.27055 -12.499 55
    endloop
  endfacet
  facet normal 0.242978 -0.970032 0
    outer loop
      vertex -9.27055 -12.499 16.3398
      vertex -9.7608 -12.6218 55
      vertex -9.7608 -12.6218 16.2671
    endloop
  endfacet
  facet normal -0.970038 0.242955 0
    outer loop
      vertex -3.33759 -19.045 14.7993
      vertex -3.21479 -18.5547 55
      vertex -3.21479 -18.5547 14.7082
    endloop
  endfacet
  facet normal -0.970038 0.242955 0
    outer loop
      vertex -3.21479 -18.5547 55
      vertex -3.33759 -19.045 14.7993
      vertex -3.33759 -19.045 55
    endloop
  endfacet
  facet normal -0.970038 0.242955 0
    outer loop
      vertex -3.33759 -19.045 1.20071
      vertex -3.21479 -18.5547 0
      vertex -3.33759 -19.045 0
    endloop
  endfacet
  facet normal -0.970038 0.242955 0
    outer loop
      vertex -3.21479 -18.5547 0
      vertex -3.33759 -19.045 1.20071
      vertex -3.21479 -18.5547 1.29179
    endloop
  endfacet
  facet normal -0.0490702 0.998795 0
    outer loop
      vertex -7.76104 -22.6752 55
      vertex -8.26583 -22.7 16.4071
      vertex -8.26583 -22.7 55
    endloop
  endfacet
  facet normal -0.0490702 0.998795 0
    outer loop
      vertex -8.26583 -22.7 16.4071
      vertex -7.76104 -22.6752 55
      vertex -7.76104 -22.6752 16.3823
    endloop
  endfacet
  facet normal -0.998795 -0.0490692 -0
    outer loop
      vertex -3.11583 -17.55 55
      vertex -3.14063 -17.0452 14.6532
      vertex -3.11583 -17.55 14.6348
    endloop
  endfacet
  facet normal -0.998795 -0.0490692 0
    outer loop
      vertex -3.14063 -17.0452 14.6532
      vertex -3.11583 -17.55 55
      vertex -3.14063 -17.0452 55
    endloop
  endfacet
  facet normal -0.998795 -0.0490692 0
    outer loop
      vertex -3.11583 -17.55 0
      vertex -3.14063 -17.0452 1.34679
      vertex -3.14063 -17.0452 0
    endloop
  endfacet
  facet normal -0.998795 -0.0490692 0
    outer loop
      vertex -3.14063 -17.0452 1.34679
      vertex -3.11583 -17.55 0
      vertex -3.11583 -17.55 1.36518
    endloop
  endfacet
  facet normal -0.427582 -0.903977 0
    outer loop
      vertex -6.29501 -12.792 16.1627
      vertex -5.83814 -13.0081 55
      vertex -6.29501 -12.792 55
    endloop
  endfacet
  facet normal -0.427582 -0.903977 -0
    outer loop
      vertex -5.83814 -13.0081 55
      vertex -6.29501 -12.792 16.1627
      vertex -5.83814 -13.0081 16.0483
    endloop
  endfacet
  facet normal -0.741429 0.671031 0
    outer loop
      vertex -4.30275 -20.8369 15.4144
      vertex -4.28483 -20.8171 55
      vertex -4.28483 -20.8171 15.4037
    endloop
  endfacet
  facet normal -0.740953 0.671557 -4.79054e-07
    outer loop
      vertex -4.62423 -21.1916 15.5665
      vertex -4.28483 -20.8171 55
      vertex -4.30275 -20.8369 15.4144
    endloop
  endfacet
  facet normal -0.740978 0.67153 0
    outer loop
      vertex -4.28483 -20.8171 55
      vertex -4.62423 -21.1916 15.5665
      vertex -4.62423 -21.1916 55
    endloop
  endfacet
  facet normal -0.741429 0.671031 0
    outer loop
      vertex -4.28483 -20.8171 0
      vertex -4.30275 -20.8369 0.585586
      vertex -4.28483 -20.8171 0.596324
    endloop
  endfacet
  facet normal -0.740978 0.67153 0
    outer loop
      vertex -4.62423 -21.1916 0.433533
      vertex -4.28483 -20.8171 0
      vertex -4.62423 -21.1916 0
    endloop
  endfacet
  facet normal -0.740959 0.67155 3.19285e-05
    outer loop
      vertex -4.28483 -20.8171 0
      vertex -4.62423 -21.1916 0.433533
      vertex -4.30275 -20.8369 0.585586
    endloop
  endfacet
  facet normal -0.146815 -0.989164 0
    outer loop
      vertex -7.76104 -12.4248 16.3823
      vertex -7.26112 -12.499 55
      vertex -7.76104 -12.4248 55
    endloop
  endfacet
  facet normal -0.146863 -0.989157 6.30062e-07
    outer loop
      vertex -7.44179 -12.4722 16.3666
      vertex -7.26112 -12.499 55
      vertex -7.76104 -12.4248 16.3823
    endloop
  endfacet
  facet normal -0.146731 -0.989176 -0
    outer loop
      vertex -7.26112 -12.499 55
      vertex -7.44179 -12.4722 16.3666
      vertex -7.26112 -12.499 16.3398
    endloop
  endfacet
  facet normal -0.595743 0.803175 0
    outer loop
      vertex -4.99871 -21.531 55
      vertex -5.40465 -21.8321 15.8946
      vertex -5.40465 -21.8321 55
    endloop
  endfacet
  facet normal -0.595718 0.803193 -3.98483e-07
    outer loop
      vertex -4.99871 -21.531 55
      vertex -5.04857 -21.568 15.7672
      vertex -5.40465 -21.8321 15.8946
    endloop
  endfacet
  facet normal -0.595921 0.803043 0
    outer loop
      vertex -5.04857 -21.568 15.7672
      vertex -4.99871 -21.531 55
      vertex -4.99871 -21.531 15.7436
    endloop
  endfacet
  facet normal -0.595921 0.803043 0
    outer loop
      vertex -4.99871 -21.531 0
      vertex -5.04857 -21.568 0.232837
      vertex -4.99871 -21.531 0.256419
    endloop
  endfacet
  facet normal -0.595733 0.803183 6.2393e-05
    outer loop
      vertex -4.99871 -21.531 0
      vertex -5.40465 -21.8321 0.10543
      vertex -5.04857 -21.568 0.232837
    endloop
  endfacet
  facet normal -0.595743 0.803175 0
    outer loop
      vertex -5.40465 -21.8321 0.10543
      vertex -4.99871 -21.531 0
      vertex -5.40465 -21.8321 0
    endloop
  endfacet
  facet normal -0.336775 -0.941585 0
    outer loop
      vertex -6.77087 -12.6218 16.2671
      vertex -6.29501 -12.792 55
      vertex -6.77087 -12.6218 55
    endloop
  endfacet
  facet normal -0.336624 -0.941639 -2.08972e-06
    outer loop
      vertex -6.62569 -12.6737 16.2456
      vertex -6.29501 -12.792 55
      vertex -6.77087 -12.6218 16.2671
    endloop
  endfacet
  facet normal -0.336841 -0.941561 -0
    outer loop
      vertex -6.29501 -12.792 55
      vertex -6.62569 -12.6737 16.2456
      vertex -6.29501 -12.792 16.1627
    endloop
  endfacet
  facet normal 0.146813 0.989164 -0
    outer loop
      vertex -8.77062 -22.6752 16.3823
      vertex -9.27055 -22.601 55
      vertex -8.77062 -22.6752 55
    endloop
  endfacet
  facet normal 0.146863 0.989157 6.68068e-07
    outer loop
      vertex -9.08987 -22.6278 16.3666
      vertex -9.27055 -22.601 55
      vertex -8.77062 -22.6752 16.3823
    endloop
  endfacet
  facet normal 0.146723 0.989178 0
    outer loop
      vertex -9.27055 -22.601 55
      vertex -9.08987 -22.6278 16.3666
      vertex -9.27055 -22.601 16.3398
    endloop
  endfacet
  facet normal -0.857737 -0.514088 -0
    outer loop
      vertex -3.72394 -15.1223 55
      vertex -3.98376 -14.6888 15.2232
      vertex -3.72394 -15.1223 15.0675
    endloop
  endfacet
  facet normal -0.857737 -0.514088 0
    outer loop
      vertex -3.98376 -14.6888 15.2232
      vertex -3.72394 -15.1223 55
      vertex -3.98376 -14.6888 55
    endloop
  endfacet
  facet normal -0.857737 -0.514088 0
    outer loop
      vertex -3.72394 -15.1223 0
      vertex -3.98376 -14.6888 0.776775
      vertex -3.98376 -14.6888 0
    endloop
  endfacet
  facet normal -0.857737 -0.514088 0
    outer loop
      vertex -3.98376 -14.6888 0.776775
      vertex -3.72394 -15.1223 0
      vertex -3.72394 -15.1223 0.932508
    endloop
  endfacet
  facet normal -0.998795 0.0490692 0
    outer loop
      vertex -3.14063 -18.0548 14.6532
      vertex -3.11583 -17.55 55
      vertex -3.11583 -17.55 14.6348
    endloop
  endfacet
  facet normal -0.998795 0.0490692 0
    outer loop
      vertex -3.11583 -17.55 55
      vertex -3.14063 -18.0548 14.6532
      vertex -3.14063 -18.0548 55
    endloop
  endfacet
  facet normal -0.998795 0.0490692 0
    outer loop
      vertex -3.14063 -18.0548 1.34679
      vertex -3.11583 -17.55 0
      vertex -3.14063 -18.0548 0
    endloop
  endfacet
  facet normal -0.998795 0.0490692 0
    outer loop
      vertex -3.11583 -17.55 0
      vertex -3.14063 -18.0548 1.34679
      vertex -3.11583 -17.55 1.36518
    endloop
  endfacet
  facet normal -0.514068 -0.857749 0
    outer loop
      vertex -5.83814 -13.0081 16.0483
      vertex -5.40465 -13.2679 55
      vertex -5.83814 -13.0081 55
    endloop
  endfacet
  facet normal -0.516658 -0.856192 3.92098e-05
    outer loop
      vertex -5.82538 -13.0158 16.0451
      vertex -5.40465 -13.2679 55
      vertex -5.83814 -13.0081 16.0483
    endloop
  endfacet
  facet normal -0.513989 -0.857797 -0
    outer loop
      vertex -5.40465 -13.2679 55
      vertex -5.82538 -13.0158 16.0451
      vertex -5.40465 -13.2679 15.8946
    endloop
  endfacet
  facet normal -0.514089 -0.857737 0
    outer loop
      vertex -5.6993 -13.0913 0
      vertex -5.40465 -13.2679 0
      vertex -5.40465 -13.2679 0.10543
    endloop
  endfacet
  facet normal -0.336775 0.941585 0
    outer loop
      vertex -6.29501 -22.308 55
      vertex -6.77087 -22.4782 16.2671
      vertex -6.77087 -22.4782 55
    endloop
  endfacet
  facet normal -0.336624 0.941639 -2.08972e-06
    outer loop
      vertex -6.29501 -22.308 55
      vertex -6.62569 -22.4263 16.2456
      vertex -6.77087 -22.4782 16.2671
    endloop
  endfacet
  facet normal -0.336841 0.941561 0
    outer loop
      vertex -6.62569 -22.4263 16.2456
      vertex -6.29501 -22.308 55
      vertex -6.29501 -22.308 16.1627
    endloop
  endfacet
  facet normal 0.146813 -0.989164 0
    outer loop
      vertex -9.27055 -12.499 55
      vertex -8.77062 -12.4248 16.3823
      vertex -8.77062 -12.4248 55
    endloop
  endfacet
  facet normal 0.146863 -0.989157 6.68068e-07
    outer loop
      vertex -9.27055 -12.499 55
      vertex -9.08987 -12.4722 16.3666
      vertex -8.77062 -12.4248 16.3823
    endloop
  endfacet
  facet normal 0.146723 -0.989178 0
    outer loop
      vertex -9.08987 -12.4722 16.3666
      vertex -9.27055 -12.499 55
      vertex -9.27055 -12.499 16.3398
    endloop
  endfacet
  facet normal 0.427593 -0.903971 0
    outer loop
      vertex -10.4572 -12.8963 55
      vertex -10.2367 -12.792 16.1627
      vertex -10.2367 -12.792 55
    endloop
  endfacet
  facet normal 0.427593 -0.903971 0
    outer loop
      vertex -10.2367 -12.792 16.1627
      vertex -10.4572 -12.8963 55
      vertex -10.4572 -12.8963 16.1075
    endloop
  endfacet
  facet normal -0.595743 -0.803175 0
    outer loop
      vertex -5.40465 -13.2679 15.8946
      vertex -4.99871 -13.569 55
      vertex -5.40465 -13.2679 55
    endloop
  endfacet
  facet normal -0.595718 -0.803193 -3.98483e-07
    outer loop
      vertex -5.04857 -13.532 15.7672
      vertex -4.99871 -13.569 55
      vertex -5.40465 -13.2679 15.8946
    endloop
  endfacet
  facet normal -0.595921 -0.803043 -0
    outer loop
      vertex -4.99871 -13.569 55
      vertex -5.04857 -13.532 15.7672
      vertex -4.99871 -13.569 15.7436
    endloop
  endfacet
  facet normal -0.595743 -0.803175 0
    outer loop
      vertex -4.99871 -13.569 0
      vertex -5.40465 -13.2679 0.10543
      vertex -5.40465 -13.2679 0
    endloop
  endfacet
  facet normal -0.595733 -0.803183 6.2393e-05
    outer loop
      vertex -5.40465 -13.2679 0.10543
      vertex -4.99871 -13.569 0
      vertex -5.04857 -13.532 0.232837
    endloop
  endfacet
  facet normal -0.595921 -0.803043 0
    outer loop
      vertex -5.04857 -13.532 0.232837
      vertex -4.99871 -13.569 0
      vertex -4.99871 -13.569 0.256419
    endloop
  endfacet
  facet normal -0.970038 -0.242955 -0
    outer loop
      vertex -3.21479 -16.5453 55
      vertex -3.33759 -16.055 14.7993
      vertex -3.21479 -16.5453 14.7082
    endloop
  endfacet
  facet normal -0.970038 -0.242955 0
    outer loop
      vertex -3.33759 -16.055 14.7993
      vertex -3.21479 -16.5453 55
      vertex -3.33759 -16.055 55
    endloop
  endfacet
  facet normal -0.970038 -0.242955 0
    outer loop
      vertex -3.21479 -16.5453 0
      vertex -3.33759 -16.055 1.20071
      vertex -3.33759 -16.055 0
    endloop
  endfacet
  facet normal -0.970038 -0.242955 0
    outer loop
      vertex -3.33759 -16.055 1.20071
      vertex -3.21479 -16.5453 0
      vertex -3.21479 -16.5453 1.29179
    endloop
  endfacet
  facet normal -0.941534 0.336918 0
    outer loop
      vertex -3.50785 -19.5208 14.9256
      vertex -3.33759 -19.045 55
      vertex -3.33759 -19.045 14.7993
    endloop
  endfacet
  facet normal -0.941534 0.336918 0
    outer loop
      vertex -3.33759 -19.045 55
      vertex -3.50785 -19.5208 14.9256
      vertex -3.50785 -19.5208 55
    endloop
  endfacet
  facet normal -0.941534 0.336918 0
    outer loop
      vertex -3.50785 -19.5208 1.07444
      vertex -3.33759 -19.045 0
      vertex -3.50785 -19.5208 0
    endloop
  endfacet
  facet normal -0.941534 0.336918 0
    outer loop
      vertex -3.33759 -19.045 0
      vertex -3.50785 -19.5208 1.07444
      vertex -3.33759 -19.045 1.20071
    endloop
  endfacet
  facet normal -0.671549 -0.74096 0
    outer loop
      vertex -4.99871 -13.569 15.7436
      vertex -4.62423 -13.9084 55
      vertex -4.99871 -13.569 55
    endloop
  endfacet
  facet normal -0.671549 -0.74096 -0
    outer loop
      vertex -4.62423 -13.9084 55
      vertex -4.99871 -13.569 15.7436
      vertex -4.62423 -13.9084 15.5665
    endloop
  endfacet
  facet normal -0.671549 -0.74096 0
    outer loop
      vertex -4.62423 -13.9084 0
      vertex -4.99871 -13.569 0.256419
      vertex -4.99871 -13.569 0
    endloop
  endfacet
  facet normal -0.671549 -0.74096 0
    outer loop
      vertex -4.99871 -13.569 0.256419
      vertex -4.62423 -13.9084 0
      vertex -4.62423 -13.9084 0.433533
    endloop
  endfacet
  facet normal -0.242978 -0.970032 0
    outer loop
      vertex -7.26112 -12.499 16.3398
      vertex -6.77087 -12.6218 55
      vertex -7.26112 -12.499 55
    endloop
  endfacet
  facet normal -0.242978 -0.970032 -0
    outer loop
      vertex -6.77087 -12.6218 55
      vertex -7.26112 -12.499 16.3398
      vertex -6.77087 -12.6218 16.2671
    endloop
  endfacet
  facet normal -0.740953 -0.671557 -4.79054e-07
    outer loop
      vertex -4.28483 -14.2829 55
      vertex -4.62423 -13.9084 15.5665
      vertex -4.30275 -14.2631 15.4144
    endloop
  endfacet
  facet normal -0.741429 -0.671031 -0
    outer loop
      vertex -4.28483 -14.2829 55
      vertex -4.30275 -14.2631 15.4144
      vertex -4.28483 -14.2829 15.4037
    endloop
  endfacet
  facet normal -0.740978 -0.67153 0
    outer loop
      vertex -4.62423 -13.9084 15.5665
      vertex -4.28483 -14.2829 55
      vertex -4.62423 -13.9084 55
    endloop
  endfacet
  facet normal -0.740978 -0.67153 0
    outer loop
      vertex -4.28483 -14.2829 0
      vertex -4.62423 -13.9084 0.433533
      vertex -4.62423 -13.9084 0
    endloop
  endfacet
  facet normal -0.740959 -0.67155 3.19285e-05
    outer loop
      vertex -4.62423 -13.9084 0.433533
      vertex -4.28483 -14.2829 0
      vertex -4.30275 -14.2631 0.585586
    endloop
  endfacet
  facet normal -0.741429 -0.671031 0
    outer loop
      vertex -4.30275 -14.2631 0.585586
      vertex -4.28483 -14.2829 0
      vertex -4.28483 -14.2829 0.596324
    endloop
  endfacet
  facet normal -0.242978 0.970032 0
    outer loop
      vertex -6.77087 -22.4782 55
      vertex -7.26112 -22.601 16.3398
      vertex -7.26112 -22.601 55
    endloop
  endfacet
  facet normal -0.242978 0.970032 0
    outer loop
      vertex -7.26112 -22.601 16.3398
      vertex -6.77087 -22.4782 55
      vertex -6.77087 -22.4782 16.2671
    endloop
  endfacet
  facet normal -0.427582 0.903977 0
    outer loop
      vertex -5.83814 -22.0919 55
      vertex -6.29501 -22.308 16.1627
      vertex -6.29501 -22.308 55
    endloop
  endfacet
  facet normal -0.427582 0.903977 0
    outer loop
      vertex -6.29501 -22.308 16.1627
      vertex -5.83814 -22.0919 55
      vertex -5.83814 -22.0919 16.0483
    endloop
  endfacet
  facet normal -0.803175 0.595743 0
    outer loop
      vertex -4.28483 -20.8171 15.4037
      vertex -3.98376 -20.4112 55
      vertex -3.98376 -20.4112 15.2232
    endloop
  endfacet
  facet normal -0.803175 0.595743 0
    outer loop
      vertex -3.98376 -20.4112 55
      vertex -4.28483 -20.8171 15.4037
      vertex -4.28483 -20.8171 55
    endloop
  endfacet
  facet normal -0.803175 0.595743 0
    outer loop
      vertex -4.28483 -20.8171 0.596324
      vertex -3.98376 -20.4112 0
      vertex -4.28483 -20.8171 0
    endloop
  endfacet
  facet normal -0.803175 0.595743 0
    outer loop
      vertex -3.98376 -20.4112 0
      vertex -4.28483 -20.8171 0.596324
      vertex -3.98376 -20.4112 0.776775
    endloop
  endfacet
  facet normal -0.0490702 -0.998795 0
    outer loop
      vertex -8.26583 -12.4 16.4071
      vertex -7.76104 -12.4248 55
      vertex -8.26583 -12.4 55
    endloop
  endfacet
  facet normal -0.0490702 -0.998795 -0
    outer loop
      vertex -7.76104 -12.4248 55
      vertex -8.26583 -12.4 16.4071
      vertex -7.76104 -12.4248 16.3823
    endloop
  endfacet
  facet normal -0.904031 0.427467 0
    outer loop
      vertex -3.59509 -19.7053 14.9903
      vertex -3.50785 -19.5208 55
      vertex -3.50785 -19.5208 14.9256
    endloop
  endfacet
  facet normal -0.903971 0.427594 -7.16442e-07
    outer loop
      vertex -3.72394 -19.9777 15.0675
      vertex -3.50785 -19.5208 55
      vertex -3.59509 -19.7053 14.9903
    endloop
  endfacet
  facet normal -0.903995 0.427543 0
    outer loop
      vertex -3.50785 -19.5208 55
      vertex -3.72394 -19.9777 15.0675
      vertex -3.72394 -19.9777 55
    endloop
  endfacet
  facet normal -0.904031 0.427467 0
    outer loop
      vertex -3.50785 -19.5208 0
      vertex -3.59509 -19.7053 1.00974
      vertex -3.50785 -19.5208 1.07444
    endloop
  endfacet
  facet normal -0.903995 0.427543 0
    outer loop
      vertex -3.72394 -19.9777 0.932508
      vertex -3.50785 -19.5208 0
      vertex -3.72394 -19.9777 0
    endloop
  endfacet
  facet normal -0.903974 0.427588 2.70252e-05
    outer loop
      vertex -3.50785 -19.5208 0
      vertex -3.72394 -19.9777 0.932508
      vertex -3.59509 -19.7053 1.00974
    endloop
  endfacet
  facet normal -0.803175 -0.595743 -0
    outer loop
      vertex -3.98376 -14.6888 55
      vertex -4.28483 -14.2829 15.4037
      vertex -3.98376 -14.6888 15.2232
    endloop
  endfacet
  facet normal -0.803175 -0.595743 0
    outer loop
      vertex -4.28483 -14.2829 15.4037
      vertex -3.98376 -14.6888 55
      vertex -4.28483 -14.2829 55
    endloop
  endfacet
  facet normal -0.803175 -0.595743 0
    outer loop
      vertex -3.98376 -14.6888 0
      vertex -4.28483 -14.2829 0.596324
      vertex -4.28483 -14.2829 0
    endloop
  endfacet
  facet normal -0.803175 -0.595743 0
    outer loop
      vertex -4.28483 -14.2829 0.596324
      vertex -3.98376 -14.6888 0
      vertex -3.98376 -14.6888 0.776775
    endloop
  endfacet
  facet normal -0.941534 -0.336918 -0
    outer loop
      vertex -3.33759 -16.055 55
      vertex -3.50785 -15.5792 14.9256
      vertex -3.33759 -16.055 14.7993
    endloop
  endfacet
  facet normal -0.941534 -0.336918 0
    outer loop
      vertex -3.50785 -15.5792 14.9256
      vertex -3.33759 -16.055 55
      vertex -3.50785 -15.5792 55
    endloop
  endfacet
  facet normal -0.941534 -0.336918 0
    outer loop
      vertex -3.33759 -16.055 0
      vertex -3.50785 -15.5792 1.07444
      vertex -3.50785 -15.5792 0
    endloop
  endfacet
  facet normal -0.941534 -0.336918 0
    outer loop
      vertex -3.50785 -15.5792 1.07444
      vertex -3.33759 -16.055 0
      vertex -3.33759 -16.055 1.20071
    endloop
  endfacet
  facet normal -0.70356 0.710636 0
    outer loop
      vertex -10.4572 -22.2037 16.1075
      vertex -11.1 -22.8401 55
      vertex -10.4572 -22.2037 55
    endloop
  endfacet
  facet normal -0.703604 0.710592 0.000573019
    outer loop
      vertex -11.1 -22.8401 16.01
      vertex -10.4572 -22.2037 16.1075
      vertex -10.7063 -22.4503 16.0451
    endloop
  endfacet
  facet normal -0.70364 0.710556 0.000913006
    outer loop
      vertex -10.9585 -22.7 16.01
      vertex -10.7063 -22.4503 16.0451
      vertex -10.8044 -22.5474 16.01
    endloop
  endfacet
  facet normal -0.703583 0.710613 9.58616e-05
    outer loop
      vertex -11.1 -22.8401 16.01
      vertex -10.7063 -22.4503 16.0451
      vertex -10.9585 -22.7 16.01
    endloop
  endfacet
  facet normal -0.70356 0.710636 0
    outer loop
      vertex -10.4572 -22.2037 16.1075
      vertex -11.1 -22.8401 16.01
      vertex -11.1 -22.8401 55
    endloop
  endfacet
  facet normal -0.70356 -0.710636 0
    outer loop
      vertex -11.1 -12.2599 55
      vertex -10.4572 -12.8963 16.1075
      vertex -10.4572 -12.8963 55
    endloop
  endfacet
  facet normal -0.70356 -0.710636 0
    outer loop
      vertex -11.1 -12.2599 16.01
      vertex -10.4572 -12.8963 16.1075
      vertex -11.1 -12.2599 55
    endloop
  endfacet
  facet normal -0.703604 -0.710592 0.000573019
    outer loop
      vertex -10.4572 -12.8963 16.1075
      vertex -11.1 -12.2599 16.01
      vertex -10.7063 -12.6497 16.0451
    endloop
  endfacet
  facet normal -0.703583 -0.710613 9.58616e-05
    outer loop
      vertex -10.9585 -12.4 16.01
      vertex -10.7063 -12.6497 16.0451
      vertex -11.1 -12.2599 16.01
    endloop
  endfacet
  facet normal -0.70364 -0.710556 0.000913006
    outer loop
      vertex -10.7063 -12.6497 16.0451
      vertex -10.9585 -12.4 16.01
      vertex -10.8044 -12.5526 16.01
    endloop
  endfacet
  facet normal 0 0 1
    outer loop
      vertex 8 9.5 16.01
      vertex 0 0.203556 16.01
      vertex 8 0.203556 16.01
    endloop
  endfacet
  facet normal 0 0 1
    outer loop
      vertex 0 0.203556 16.01
      vertex -6.1 0.203556 16.01
      vertex 0 -10 16.01
    endloop
  endfacet
  facet normal -0 0 1
    outer loop
      vertex -11.1 9.5 16.01
      vertex 0 0.203556 16.01
      vertex 8 9.5 16.01
    endloop
  endfacet
  facet normal 0 0 1
    outer loop
      vertex 0 0.203556 16.01
      vertex -11.1 9.5 16.01
      vertex -6.1 0.203556 16.01
    endloop
  endfacet
  facet normal 0 0 1
    outer loop
      vertex -6.1 0.203556 16.01
      vertex -11.1 9.5 16.01
      vertex -11.1 0.203556 16.01
    endloop
  endfacet
  facet normal 0 0 1
    outer loop
      vertex 0 -10 16.01
      vertex -6.1 0.203556 16.01
      vertex -6.1 -10 16.01
    endloop
  endfacet
  facet normal -0 0 1
    outer loop
      vertex -11.1 -24.7 16.01
      vertex 8 -27.7 16.01
      vertex 8 -24.7 16.01
    endloop
  endfacet
  facet normal 0 0 1
    outer loop
      vertex 8 -27.7 16.01
      vertex -11.1 -24.7 16.01
      vertex -11.1 -27.7 16.01
    endloop
  endfacet
  facet normal 0 0 1
    outer loop
      vertex -11.1 -12.4 16.01
      vertex -10.9585 -12.4 16.01
      vertex -11.1 -12.2599 16.01
    endloop
  endfacet
  facet normal 0 0 1
    outer loop
      vertex -11.1 -22.8401 16.01
      vertex -10.9585 -22.7 16.01
      vertex -11.1 -22.7 16.01
    endloop
  endfacet
  facet normal 0 0 -1
    outer loop
      vertex -10.9585 -22.7 16.01
      vertex -10.8044 -22.5474 16.01
      vertex -10.8044 -22.7 16.01
    endloop
  endfacet
  facet normal 0 0 -1
    outer loop
      vertex -10.9585 -12.4 16.01
      vertex -10.8044 -12.4 16.01
      vertex -10.8044 -12.5526 16.01
    endloop
  endfacet
  facet normal 0 0 -1
    outer loop
      vertex -3.14063 -17.0452 0
      vertex 8 -27.7 0
      vertex -3.11583 -17.55 0
    endloop
  endfacet
  facet normal 0 0 -1
    outer loop
      vertex 8 -27.7 0
      vertex -3.14063 -18.0548 0
      vertex -3.11583 -17.55 0
    endloop
  endfacet
  facet normal 0 0 -1
    outer loop
      vertex 8 -27.7 0
      vertex -3.21479 -18.5547 0
      vertex -3.14063 -18.0548 0
    endloop
  endfacet
  facet normal 0 0 -1
    outer loop
      vertex 8 -27.7 0
      vertex -3.33759 -19.045 0
      vertex -3.21479 -18.5547 0
    endloop
  endfacet
  facet normal 0 0 -1
    outer loop
      vertex 8 -27.7 0
      vertex -3.50785 -19.5208 0
      vertex -3.33759 -19.045 0
    endloop
  endfacet
  facet normal 0 0 -1
    outer loop
      vertex 8 -27.7 0
      vertex -3.72394 -19.9777 0
      vertex -3.50785 -19.5208 0
    endloop
  endfacet
  facet normal 0 0 -1
    outer loop
      vertex 8 -27.7 0
      vertex -3.98376 -20.4112 0
      vertex -3.72394 -19.9777 0
    endloop
  endfacet
  facet normal 0 0 -1
    outer loop
      vertex 8 -27.7 0
      vertex -4.28483 -20.8171 0
      vertex -3.98376 -20.4112 0
    endloop
  endfacet
  facet normal 0 0 -1
    outer loop
      vertex 8 -27.7 0
      vertex -4.62423 -21.1916 0
      vertex -4.28483 -20.8171 0
    endloop
  endfacet
  facet normal 0 0 -1
    outer loop
      vertex -5.6993 -22.7 0
      vertex -4.62423 -21.1916 0
      vertex 8 -27.7 0
    endloop
  endfacet
  facet normal 0 0 -1
    outer loop
      vertex -4.62423 -21.1916 0
      vertex -5.6993 -22.7 0
      vertex -4.99871 -21.531 0
    endloop
  endfacet
  facet normal 0 0 -1
    outer loop
      vertex -4.99871 -21.531 0
      vertex -5.6993 -22.7 0
      vertex -5.40465 -21.8321 0
    endloop
  endfacet
  facet normal 0 0 -1
    outer loop
      vertex -11.1 -27.7 0
      vertex -5.6993 -22.7 0
      vertex 8 -27.7 0
    endloop
  endfacet
  facet normal -0 0 -1
    outer loop
      vertex -5.6993 -22.7 0
      vertex -11.1 -27.7 0
      vertex -11.1 -22.7 0
    endloop
  endfacet
  facet normal 0 0 -1
    outer loop
      vertex -3.21479 -16.5453 0
      vertex 8 -27.7 0
      vertex -3.14063 -17.0452 0
    endloop
  endfacet
  facet normal 0 0 -1
    outer loop
      vertex -3.33759 -16.055 0
      vertex 8 -27.7 0
      vertex -3.21479 -16.5453 0
    endloop
  endfacet
  facet normal 0 0 -1
    outer loop
      vertex 8 -27.7 0
      vertex -3.33759 -16.055 0
      vertex 8 9.5 0
    endloop
  endfacet
  facet normal 0 0 -1
    outer loop
      vertex -3.50785 -15.5792 0
      vertex 8 9.5 0
      vertex -3.33759 -16.055 0
    endloop
  endfacet
  facet normal 0 0 -1
    outer loop
      vertex -3.72394 -15.1223 0
      vertex 8 9.5 0
      vertex -3.50785 -15.5792 0
    endloop
  endfacet
  facet normal 0 0 -1
    outer loop
      vertex -3.98376 -14.6888 0
      vertex 8 9.5 0
      vertex -3.72394 -15.1223 0
    endloop
  endfacet
  facet normal 0 0 -1
    outer loop
      vertex -4.28483 -14.2829 0
      vertex 8 9.5 0
      vertex -3.98376 -14.6888 0
    endloop
  endfacet
  facet normal 0 0 -1
    outer loop
      vertex -5.6993 -12.4 0
      vertex -4.28483 -14.2829 0
      vertex -4.62423 -13.9084 0
    endloop
  endfacet
  facet normal 0 0 -1
    outer loop
      vertex -5.6993 -12.4 0
      vertex -4.62423 -13.9084 0
      vertex -4.99871 -13.569 0
    endloop
  endfacet
  facet normal 0 0 -1
    outer loop
      vertex -5.6993 -12.4 0
      vertex -4.99871 -13.569 0
      vertex -5.40465 -13.2679 0
    endloop
  endfacet
  facet normal 0 0 -1
    outer loop
      vertex -5.6993 -12.4 0
      vertex -5.40465 -13.2679 0
      vertex -5.6993 -13.0913 0
    endloop
  endfacet
  facet normal 0 0 -1
    outer loop
      vertex -4.28483 -14.2829 0
      vertex -5.6993 -12.4 0
      vertex 8 9.5 0
    endloop
  endfacet
  facet normal 0 0 -1
    outer loop
      vertex -11.1 9.5 0
      vertex -5.6993 -12.4 0
      vertex -11.1 -12.4 0
    endloop
  endfacet
  facet normal 0 0 -1
    outer loop
      vertex -5.6993 -12.4 0
      vertex -11.1 9.5 0
      vertex 8 9.5 0
    endloop
  endfacet
  facet normal 0 0 -1
    outer loop
      vertex -5.40465 -21.8321 0
      vertex -5.6993 -22.7 0
      vertex -5.6993 -22.0087 0
    endloop
  endfacet
  facet normal 0 1 -0
    outer loop
      vertex -7.09914 9.5 9.74609
      vertex -11.1 9.5 16.01
      vertex 8 9.5 16.01
    endloop
  endfacet
  facet normal 0 1 0
    outer loop
      vertex -11.1 9.5 16.01
      vertex -8.06 9.5 10.0899
      vertex -8.26583 9.5 10.1
    endloop
  endfacet
  facet normal 0 1 0
    outer loop
      vertex -11.1 9.5 16.01
      vertex -7.85614 9.5 10.0596
      vertex -8.06 9.5 10.0899
    endloop
  endfacet
  facet normal 0 1 0
    outer loop
      vertex -11.1 9.5 16.01
      vertex -7.65623 9.5 10.0096
      vertex -7.85614 9.5 10.0596
    endloop
  endfacet
  facet normal 0 1 0
    outer loop
      vertex -11.1 9.5 16.01
      vertex -7.4622 9.5 9.94015
      vertex -7.65623 9.5 10.0096
    endloop
  endfacet
  facet normal 0 1 0
    outer loop
      vertex -11.1 9.5 16.01
      vertex -7.2759 9.5 9.85204
      vertex -7.4622 9.5 9.94015
    endloop
  endfacet
  facet normal 0 1 0
    outer loop
      vertex -11.1 9.5 16.01
      vertex -7.09914 9.5 9.74609
      vertex -7.2759 9.5 9.85204
    endloop
  endfacet
  facet normal 0 1 0
    outer loop
      vertex 8 9.5 16.01
      vertex -6.93361 9.5 9.62332
      vertex -7.09914 9.5 9.74609
    endloop
  endfacet
  facet normal 0 1 0
    outer loop
      vertex 8 9.5 16.01
      vertex -6.78091 9.5 9.48492
      vertex -6.93361 9.5 9.62332
    endloop
  endfacet
  facet normal 0 1 0
    outer loop
      vertex 8 9.5 16.01
      vertex -6.64251 9.5 9.33223
      vertex -6.78091 9.5 9.48492
    endloop
  endfacet
  facet normal 0 1 0
    outer loop
      vertex 8 9.5 16.01
      vertex -6.51975 9.5 9.1667
      vertex -6.64251 9.5 9.33223
    endloop
  endfacet
  facet normal 0 1 0
    outer loop
      vertex 8 9.5 16.01
      vertex -6.4138 9.5 8.98993
      vertex -6.51975 9.5 9.1667
    endloop
  endfacet
  facet normal 0 1 0
    outer loop
      vertex 8 9.5 16.01
      vertex -6.32569 9.5 8.80364
      vertex -6.4138 9.5 8.98993
    endloop
  endfacet
  facet normal 0 1 0
    outer loop
      vertex 8 9.5 16.01
      vertex -6.25626 9.5 8.6096
      vertex -6.32569 9.5 8.80364
    endloop
  endfacet
  facet normal 0 1 0
    outer loop
      vertex 8 9.5 16.01
      vertex -6.20618 9.5 8.40969
      vertex -6.25626 9.5 8.6096
    endloop
  endfacet
  facet normal 0 1 0
    outer loop
      vertex 8 9.5 16.01
      vertex -6.17595 9.5 8.20584
      vertex -6.20618 9.5 8.40969
    endloop
  endfacet
  facet normal 0 1 0
    outer loop
      vertex 8 9.5 16.01
      vertex -6.16583 9.5 8
      vertex -6.17595 9.5 8.20584
    endloop
  endfacet
  facet normal 0 1 -0
    outer loop
      vertex 8 9.5 0
      vertex -6.16583 9.5 8
      vertex 8 9.5 16.01
    endloop
  endfacet
  facet normal 0 1 0
    outer loop
      vertex -6.16583 9.5 8
      vertex 8 9.5 0
      vertex -6.17595 9.5 7.79416
    endloop
  endfacet
  facet normal 0 1 0
    outer loop
      vertex -6.17595 9.5 7.79416
      vertex 8 9.5 0
      vertex -6.20618 9.5 7.59031
    endloop
  endfacet
  facet normal 0 1 0
    outer loop
      vertex -6.20618 9.5 7.59031
      vertex 8 9.5 0
      vertex -6.25626 9.5 7.3904
    endloop
  endfacet
  facet normal 0 1 0
    outer loop
      vertex -6.25626 9.5 7.3904
      vertex 8 9.5 0
      vertex -6.32569 9.5 7.19637
    endloop
  endfacet
  facet normal 0 1 0
    outer loop
      vertex -6.32569 9.5 7.19637
      vertex 8 9.5 0
      vertex -6.4138 9.5 7.01007
    endloop
  endfacet
  facet normal 0 1 0
    outer loop
      vertex -6.4138 9.5 7.01007
      vertex 8 9.5 0
      vertex -6.51975 9.5 6.8333
    endloop
  endfacet
  facet normal 0 1 0
    outer loop
      vertex -6.51975 9.5 6.8333
      vertex 8 9.5 0
      vertex -6.64251 9.5 6.66777
    endloop
  endfacet
  facet normal 0 1 0
    outer loop
      vertex -6.64251 9.5 6.66777
      vertex 8 9.5 0
      vertex -6.78091 9.5 6.51508
    endloop
  endfacet
  facet normal 0 1 0
    outer loop
      vertex -6.78091 9.5 6.51508
      vertex 8 9.5 0
      vertex -6.93361 9.5 6.37668
    endloop
  endfacet
  facet normal 0 1 0
    outer loop
      vertex -7.85614 9.5 5.94035
      vertex -11.1 9.5 0
      vertex -8.06 9.5 5.91011
    endloop
  endfacet
  facet normal 0 1 0
    outer loop
      vertex -7.65623 9.5 5.99043
      vertex -11.1 9.5 0
      vertex -7.85614 9.5 5.94035
    endloop
  endfacet
  facet normal 0 1 0
    outer loop
      vertex -7.4622 9.5 6.05985
      vertex -11.1 9.5 0
      vertex -7.65623 9.5 5.99043
    endloop
  endfacet
  facet normal 0 1 0
    outer loop
      vertex -7.2759 9.5 6.14797
      vertex -11.1 9.5 0
      vertex -7.4622 9.5 6.05985
    endloop
  endfacet
  facet normal 0 1 0
    outer loop
      vertex -7.09914 9.5 6.25391
      vertex -11.1 9.5 0
      vertex -7.2759 9.5 6.14797
    endloop
  endfacet
  facet normal 0 1 0
    outer loop
      vertex -11.1 9.5 0
      vertex -7.09914 9.5 6.25391
      vertex 8 9.5 0
    endloop
  endfacet
  facet normal 0 1 0
    outer loop
      vertex -6.93361 9.5 6.37668
      vertex 8 9.5 0
      vertex -7.09914 9.5 6.25391
    endloop
  endfacet
  facet normal 0 1 -0
    outer loop
      vertex -8.47167 9.5 10.0899
      vertex -11.1 9.5 16.01
      vertex -8.26583 9.5 10.1
    endloop
  endfacet
  facet normal 0 1 -0
    outer loop
      vertex -8.67552 9.5 10.0596
      vertex -11.1 9.5 16.01
      vertex -8.47167 9.5 10.0899
    endloop
  endfacet
  facet normal 0 1 -0
    outer loop
      vertex -8.87543 9.5 10.0096
      vertex -11.1 9.5 16.01
      vertex -8.67552 9.5 10.0596
    endloop
  endfacet
  facet normal 0 1 -0
    outer loop
      vertex -9.06947 9.5 9.94015
      vertex -11.1 9.5 16.01
      vertex -8.87543 9.5 10.0096
    endloop
  endfacet
  facet normal 0 1 -0
    outer loop
      vertex -9.25577 9.5 9.85204
      vertex -11.1 9.5 16.01
      vertex -9.06947 9.5 9.94015
    endloop
  endfacet
  facet normal 0 1 -0
    outer loop
      vertex -9.43253 9.5 9.74609
      vertex -11.1 9.5 16.01
      vertex -9.25577 9.5 9.85204
    endloop
  endfacet
  facet normal 0 1 -0
    outer loop
      vertex -9.59806 9.5 9.62332
      vertex -11.1 9.5 16.01
      vertex -9.43253 9.5 9.74609
    endloop
  endfacet
  facet normal 0 1 -0
    outer loop
      vertex -9.75076 9.5 9.48492
      vertex -11.1 9.5 16.01
      vertex -9.59806 9.5 9.62332
    endloop
  endfacet
  facet normal 0 1 -0
    outer loop
      vertex -9.88916 9.5 9.33223
      vertex -11.1 9.5 16.01
      vertex -9.75076 9.5 9.48492
    endloop
  endfacet
  facet normal 0 1 -0
    outer loop
      vertex -10.0119 9.5 9.1667
      vertex -11.1 9.5 16.01
      vertex -9.88916 9.5 9.33223
    endloop
  endfacet
  facet normal 0 1 -0
    outer loop
      vertex -10.1179 9.5 8.98993
      vertex -11.1 9.5 16.01
      vertex -10.0119 9.5 9.1667
    endloop
  endfacet
  facet normal 0 1 -0
    outer loop
      vertex -10.206 9.5 8.80364
      vertex -11.1 9.5 16.01
      vertex -10.1179 9.5 8.98993
    endloop
  endfacet
  facet normal 0 1 -0
    outer loop
      vertex -10.2754 9.5 8.6096
      vertex -11.1 9.5 16.01
      vertex -10.206 9.5 8.80364
    endloop
  endfacet
  facet normal 0 1 -0
    outer loop
      vertex -10.3255 9.5 8.40969
      vertex -11.1 9.5 16.01
      vertex -10.2754 9.5 8.6096
    endloop
  endfacet
  facet normal 0 1 -0
    outer loop
      vertex -10.3557 9.5 8.20584
      vertex -11.1 9.5 16.01
      vertex -10.3255 9.5 8.40969
    endloop
  endfacet
  facet normal 0 1 -0
    outer loop
      vertex -10.3658 9.5 8
      vertex -11.1 9.5 16.01
      vertex -10.3557 9.5 8.20584
    endloop
  endfacet
  facet normal 0 1 0
    outer loop
      vertex -11.1 9.5 0
      vertex -10.3658 9.5 8
      vertex -10.3557 9.5 7.79416
    endloop
  endfacet
  facet normal 0 1 0
    outer loop
      vertex -8.06 9.5 5.91011
      vertex -11.1 9.5 0
      vertex -8.26583 9.5 5.9
    endloop
  endfacet
  facet normal 0 1 0
    outer loop
      vertex -8.26583 9.5 5.9
      vertex -11.1 9.5 0
      vertex -8.47167 9.5 5.91011
    endloop
  endfacet
  facet normal 0 1 0
    outer loop
      vertex -8.47167 9.5 5.91011
      vertex -11.1 9.5 0
      vertex -8.67552 9.5 5.94035
    endloop
  endfacet
  facet normal 0 1 0
    outer loop
      vertex -10.3658 9.5 8
      vertex -11.1 9.5 0
      vertex -11.1 9.5 16.01
    endloop
  endfacet
  facet normal 0 1 0
    outer loop
      vertex -10.3255 9.5 7.59031
      vertex -11.1 9.5 0
      vertex -10.3557 9.5 7.79416
    endloop
  endfacet
  facet normal 0 1 0
    outer loop
      vertex -10.2754 9.5 7.3904
      vertex -11.1 9.5 0
      vertex -10.3255 9.5 7.59031
    endloop
  endfacet
  facet normal 0 1 0
    outer loop
      vertex -10.206 9.5 7.19637
      vertex -11.1 9.5 0
      vertex -10.2754 9.5 7.3904
    endloop
  endfacet
  facet normal 0 1 0
    outer loop
      vertex -10.1179 9.5 7.01007
      vertex -11.1 9.5 0
      vertex -10.206 9.5 7.19637
    endloop
  endfacet
  facet normal 0 1 0
    outer loop
      vertex -10.0119 9.5 6.8333
      vertex -11.1 9.5 0
      vertex -10.1179 9.5 7.01007
    endloop
  endfacet
  facet normal 0 1 0
    outer loop
      vertex -9.88916 9.5 6.66777
      vertex -11.1 9.5 0
      vertex -10.0119 9.5 6.8333
    endloop
  endfacet
  facet normal 0 1 0
    outer loop
      vertex -9.75076 9.5 6.51508
      vertex -11.1 9.5 0
      vertex -9.88916 9.5 6.66777
    endloop
  endfacet
  facet normal 0 1 0
    outer loop
      vertex -9.59806 9.5 6.37668
      vertex -11.1 9.5 0
      vertex -9.75076 9.5 6.51508
    endloop
  endfacet
  facet normal 0 1 0
    outer loop
      vertex -9.43253 9.5 6.25391
      vertex -11.1 9.5 0
      vertex -9.59806 9.5 6.37668
    endloop
  endfacet
  facet normal 0 1 0
    outer loop
      vertex -9.25577 9.5 6.14797
      vertex -11.1 9.5 0
      vertex -9.43253 9.5 6.25391
    endloop
  endfacet
  facet normal 0 1 0
    outer loop
      vertex -9.06947 9.5 6.05985
      vertex -11.1 9.5 0
      vertex -9.25577 9.5 6.14797
    endloop
  endfacet
  facet normal 0 1 0
    outer loop
      vertex -8.87543 9.5 5.99043
      vertex -11.1 9.5 0
      vertex -9.06947 9.5 6.05985
    endloop
  endfacet
  facet normal 0 1 0
    outer loop
      vertex -8.67552 9.5 5.94035
      vertex -11.1 9.5 0
      vertex -8.87543 9.5 5.99043
    endloop
  endfacet
  facet normal 0 -1 0
    outer loop
      vertex -8.06 -27.7 10.0899
      vertex -11.1 -27.7 16.01
      vertex -8.26583 -27.7 10.1
    endloop
  endfacet
  facet normal 0 -1 0
    outer loop
      vertex -11.1 -27.7 16.01
      vertex -8.47167 -27.7 10.0899
      vertex -8.26583 -27.7 10.1
    endloop
  endfacet
  facet normal 0 -1 0
    outer loop
      vertex -11.1 -27.7 16.01
      vertex -8.67552 -27.7 10.0596
      vertex -8.47167 -27.7 10.0899
    endloop
  endfacet
  facet normal 0 -1 0
    outer loop
      vertex -11.1 -27.7 16.01
      vertex -8.87543 -27.7 10.0096
      vertex -8.67552 -27.7 10.0596
    endloop
  endfacet
  facet normal 0 -1 0
    outer loop
      vertex -11.1 -27.7 16.01
      vertex -9.06947 -27.7 9.94015
      vertex -8.87543 -27.7 10.0096
    endloop
  endfacet
  facet normal 0 -1 0
    outer loop
      vertex -11.1 -27.7 16.01
      vertex -9.25577 -27.7 9.85204
      vertex -9.06947 -27.7 9.94015
    endloop
  endfacet
  facet normal 0 -1 0
    outer loop
      vertex -11.1 -27.7 16.01
      vertex -9.43253 -27.7 9.74609
      vertex -9.25577 -27.7 9.85204
    endloop
  endfacet
  facet normal 0 -1 0
    outer loop
      vertex -11.1 -27.7 16.01
      vertex -9.59806 -27.7 9.62332
      vertex -9.43253 -27.7 9.74609
    endloop
  endfacet
  facet normal 0 -1 0
    outer loop
      vertex -11.1 -27.7 16.01
      vertex -9.75076 -27.7 9.48492
      vertex -9.59806 -27.7 9.62332
    endloop
  endfacet
  facet normal 0 -1 0
    outer loop
      vertex -11.1 -27.7 16.01
      vertex -9.88916 -27.7 9.33223
      vertex -9.75076 -27.7 9.48492
    endloop
  endfacet
  facet normal 0 -1 0
    outer loop
      vertex -11.1 -27.7 16.01
      vertex -10.0119 -27.7 9.1667
      vertex -9.88916 -27.7 9.33223
    endloop
  endfacet
  facet normal 0 -1 0
    outer loop
      vertex -11.1 -27.7 16.01
      vertex -10.1179 -27.7 8.98993
      vertex -10.0119 -27.7 9.1667
    endloop
  endfacet
  facet normal 0 -1 0
    outer loop
      vertex -11.1 -27.7 16.01
      vertex -10.206 -27.7 8.80364
      vertex -10.1179 -27.7 8.98993
    endloop
  endfacet
  facet normal 0 -1 0
    outer loop
      vertex -11.1 -27.7 16.01
      vertex -10.2754 -27.7 8.6096
      vertex -10.206 -27.7 8.80364
    endloop
  endfacet
  facet normal 0 -1 0
    outer loop
      vertex -11.1 -27.7 16.01
      vertex -10.3255 -27.7 8.40969
      vertex -10.2754 -27.7 8.6096
    endloop
  endfacet
  facet normal 0 -1 0
    outer loop
      vertex -11.1 -27.7 16.01
      vertex -10.3557 -27.7 8.20584
      vertex -10.3255 -27.7 8.40969
    endloop
  endfacet
  facet normal 0 -1 0
    outer loop
      vertex -11.1 -27.7 16.01
      vertex -10.3658 -27.7 8
      vertex -10.3557 -27.7 8.20584
    endloop
  endfacet
  facet normal 0 -1 0
    outer loop
      vertex -11.1 -27.7 0
      vertex -10.3658 -27.7 8
      vertex -11.1 -27.7 16.01
    endloop
  endfacet
  facet normal 0 -1 -0
    outer loop
      vertex -8.47167 -27.7 5.91011
      vertex -11.1 -27.7 0
      vertex -8.26583 -27.7 5.9
    endloop
  endfacet
  facet normal 0 -1 -0
    outer loop
      vertex -8.67552 -27.7 5.94035
      vertex -11.1 -27.7 0
      vertex -8.47167 -27.7 5.91011
    endloop
  endfacet
  facet normal 0 -1 -0
    outer loop
      vertex -8.87543 -27.7 5.99043
      vertex -11.1 -27.7 0
      vertex -8.67552 -27.7 5.94035
    endloop
  endfacet
  facet normal 0 -1 -0
    outer loop
      vertex -9.06947 -27.7 6.05985
      vertex -11.1 -27.7 0
      vertex -8.87543 -27.7 5.99043
    endloop
  endfacet
  facet normal 0 -1 -0
    outer loop
      vertex -9.25577 -27.7 6.14797
      vertex -11.1 -27.7 0
      vertex -9.06947 -27.7 6.05985
    endloop
  endfacet
  facet normal 0 -1 -0
    outer loop
      vertex -9.43253 -27.7 6.25391
      vertex -11.1 -27.7 0
      vertex -9.25577 -27.7 6.14797
    endloop
  endfacet
  facet normal 0 -1 -0
    outer loop
      vertex -9.59806 -27.7 6.37668
      vertex -11.1 -27.7 0
      vertex -9.43253 -27.7 6.25391
    endloop
  endfacet
  facet normal 0 -1 -0
    outer loop
      vertex -9.75076 -27.7 6.51508
      vertex -11.1 -27.7 0
      vertex -9.59806 -27.7 6.37668
    endloop
  endfacet
  facet normal 0 -1 -0
    outer loop
      vertex -9.88916 -27.7 6.66777
      vertex -11.1 -27.7 0
      vertex -9.75076 -27.7 6.51508
    endloop
  endfacet
  facet normal 0 -1 -0
    outer loop
      vertex -10.0119 -27.7 6.8333
      vertex -11.1 -27.7 0
      vertex -9.88916 -27.7 6.66777
    endloop
  endfacet
  facet normal 0 -1 -0
    outer loop
      vertex -10.1179 -27.7 7.01007
      vertex -11.1 -27.7 0
      vertex -10.0119 -27.7 6.8333
    endloop
  endfacet
  facet normal 0 -1 -0
    outer loop
      vertex -10.206 -27.7 7.19637
      vertex -11.1 -27.7 0
      vertex -10.1179 -27.7 7.01007
    endloop
  endfacet
  facet normal 0 -1 -0
    outer loop
      vertex -10.2754 -27.7 7.3904
      vertex -11.1 -27.7 0
      vertex -10.206 -27.7 7.19637
    endloop
  endfacet
  facet normal 0 -1 -0
    outer loop
      vertex -10.3255 -27.7 7.59031
      vertex -11.1 -27.7 0
      vertex -10.2754 -27.7 7.3904
    endloop
  endfacet
  facet normal 0 -1 -0
    outer loop
      vertex -10.3557 -27.7 7.79416
      vertex -11.1 -27.7 0
      vertex -10.3255 -27.7 7.59031
    endloop
  endfacet
  facet normal 0 -1 -0
    outer loop
      vertex -10.3658 -27.7 8
      vertex -11.1 -27.7 0
      vertex -10.3557 -27.7 7.79416
    endloop
  endfacet
  facet normal 0 -1 0
    outer loop
      vertex -7.85614 -27.7 10.0596
      vertex -11.1 -27.7 16.01
      vertex -8.06 -27.7 10.0899
    endloop
  endfacet
  facet normal 0 -1 0
    outer loop
      vertex -7.65623 -27.7 10.0096
      vertex -11.1 -27.7 16.01
      vertex -7.85614 -27.7 10.0596
    endloop
  endfacet
  facet normal 0 -1 0
    outer loop
      vertex -7.4622 -27.7 9.94015
      vertex -11.1 -27.7 16.01
      vertex -7.65623 -27.7 10.0096
    endloop
  endfacet
  facet normal 0 -1 0
    outer loop
      vertex -7.2759 -27.7 9.85204
      vertex -11.1 -27.7 16.01
      vertex -7.4622 -27.7 9.94015
    endloop
  endfacet
  facet normal 0 -1 0
    outer loop
      vertex -7.09914 -27.7 9.74609
      vertex -11.1 -27.7 16.01
      vertex -7.2759 -27.7 9.85204
    endloop
  endfacet
  facet normal 0 -1 0
    outer loop
      vertex -11.1 -27.7 16.01
      vertex -7.09914 -27.7 9.74609
      vertex 8 -27.7 16.01
    endloop
  endfacet
  facet normal 0 -1 0
    outer loop
      vertex -6.93361 -27.7 9.62332
      vertex 8 -27.7 16.01
      vertex -7.09914 -27.7 9.74609
    endloop
  endfacet
  facet normal 0 -1 0
    outer loop
      vertex -6.78091 -27.7 9.48492
      vertex 8 -27.7 16.01
      vertex -6.93361 -27.7 9.62332
    endloop
  endfacet
  facet normal 0 -1 0
    outer loop
      vertex -6.64251 -27.7 9.33223
      vertex 8 -27.7 16.01
      vertex -6.78091 -27.7 9.48492
    endloop
  endfacet
  facet normal 0 -1 0
    outer loop
      vertex -6.51975 -27.7 9.1667
      vertex 8 -27.7 16.01
      vertex -6.64251 -27.7 9.33223
    endloop
  endfacet
  facet normal 0 -1 0
    outer loop
      vertex -6.4138 -27.7 8.98993
      vertex 8 -27.7 16.01
      vertex -6.51975 -27.7 9.1667
    endloop
  endfacet
  facet normal 0 -1 0
    outer loop
      vertex -6.32569 -27.7 8.80364
      vertex 8 -27.7 16.01
      vertex -6.4138 -27.7 8.98993
    endloop
  endfacet
  facet normal 0 -1 0
    outer loop
      vertex -6.25626 -27.7 8.6096
      vertex 8 -27.7 16.01
      vertex -6.32569 -27.7 8.80364
    endloop
  endfacet
  facet normal 0 -1 0
    outer loop
      vertex -6.20618 -27.7 8.40969
      vertex 8 -27.7 16.01
      vertex -6.25626 -27.7 8.6096
    endloop
  endfacet
  facet normal 0 -1 0
    outer loop
      vertex -6.17595 -27.7 8.20584
      vertex 8 -27.7 16.01
      vertex -6.20618 -27.7 8.40969
    endloop
  endfacet
  facet normal 0 -1 0
    outer loop
      vertex -6.16583 -27.7 8
      vertex 8 -27.7 16.01
      vertex -6.17595 -27.7 8.20584
    endloop
  endfacet
  facet normal 0 -1 0
    outer loop
      vertex 8 -27.7 0
      vertex -6.16583 -27.7 8
      vertex -6.17595 -27.7 7.79416
    endloop
  endfacet
  facet normal 0 -1 0
    outer loop
      vertex 8 -27.7 0
      vertex -6.17595 -27.7 7.79416
      vertex -6.20618 -27.7 7.59031
    endloop
  endfacet
  facet normal 0 -1 0
    outer loop
      vertex 8 -27.7 0
      vertex -6.20618 -27.7 7.59031
      vertex -6.25626 -27.7 7.3904
    endloop
  endfacet
  facet normal 0 -1 0
    outer loop
      vertex 8 -27.7 0
      vertex -6.25626 -27.7 7.3904
      vertex -6.32569 -27.7 7.19637
    endloop
  endfacet
  facet normal 0 -1 0
    outer loop
      vertex 8 -27.7 0
      vertex -6.32569 -27.7 7.19637
      vertex -6.4138 -27.7 7.01007
    endloop
  endfacet
  facet normal 0 -1 0
    outer loop
      vertex 8 -27.7 0
      vertex -6.4138 -27.7 7.01007
      vertex -6.51975 -27.7 6.8333
    endloop
  endfacet
  facet normal 0 -1 0
    outer loop
      vertex 8 -27.7 0
      vertex -6.51975 -27.7 6.8333
      vertex -6.64251 -27.7 6.66777
    endloop
  endfacet
  facet normal 0 -1 0
    outer loop
      vertex 8 -27.7 0
      vertex -6.64251 -27.7 6.66777
      vertex -6.78091 -27.7 6.51508
    endloop
  endfacet
  facet normal 0 -1 0
    outer loop
      vertex 8 -27.7 0
      vertex -6.78091 -27.7 6.51508
      vertex -6.93361 -27.7 6.37668
    endloop
  endfacet
  facet normal 0 -1 0
    outer loop
      vertex 8 -27.7 0
      vertex -6.93361 -27.7 6.37668
      vertex -7.09914 -27.7 6.25391
    endloop
  endfacet
  facet normal 0 -1 0
    outer loop
      vertex -11.1 -27.7 0
      vertex -8.06 -27.7 5.91011
      vertex -8.26583 -27.7 5.9
    endloop
  endfacet
  facet normal 0 -1 0
    outer loop
      vertex -11.1 -27.7 0
      vertex -7.85614 -27.7 5.94035
      vertex -8.06 -27.7 5.91011
    endloop
  endfacet
  facet normal 0 -1 0
    outer loop
      vertex -11.1 -27.7 0
      vertex -7.65623 -27.7 5.99043
      vertex -7.85614 -27.7 5.94035
    endloop
  endfacet
  facet normal 0 -1 0
    outer loop
      vertex -11.1 -27.7 0
      vertex -7.4622 -27.7 6.05985
      vertex -7.65623 -27.7 5.99043
    endloop
  endfacet
  facet normal 0 -1 0
    outer loop
      vertex -11.1 -27.7 0
      vertex -7.2759 -27.7 6.14797
      vertex -7.4622 -27.7 6.05985
    endloop
  endfacet
  facet normal 0 -1 0
    outer loop
      vertex -11.1 -27.7 0
      vertex -7.09914 -27.7 6.25391
      vertex -7.2759 -27.7 6.14797
    endloop
  endfacet
  facet normal 0 -1 0
    outer loop
      vertex 8 -27.7 0
      vertex -7.09914 -27.7 6.25391
      vertex -11.1 -27.7 0
    endloop
  endfacet
  facet normal 0 -1 0
    outer loop
      vertex -6.16583 -27.7 8
      vertex 8 -27.7 0
      vertex 8 -27.7 16.01
    endloop
  endfacet
  facet normal 0 -1 0
    outer loop
      vertex -9.25577 -12.4 9.85204
      vertex -10.9585 -12.4 16.01
      vertex -11.1 -12.4 16.01
    endloop
  endfacet
  facet normal 0 -1 0
    outer loop
      vertex -10.9585 -12.4 16.01
      vertex -9.25577 -12.4 9.85204
      vertex -10.8044 -12.4 16.01
    endloop
  endfacet
  facet normal 0 -1 0
    outer loop
      vertex -10.8044 -12.4 16.01
      vertex -8.26583 -12.4 10.1
      vertex -5.04857 -12.4 15.7672
    endloop
  endfacet
  facet normal 0 -1 0
    outer loop
      vertex -7.85614 -12.4 10.0596
      vertex -5.04857 -12.4 15.7672
      vertex -8.06 -12.4 10.0899
    endloop
  endfacet
  facet normal 0 -1 0
    outer loop
      vertex -7.65623 -12.4 10.0096
      vertex -5.04857 -12.4 15.7672
      vertex -7.85614 -12.4 10.0596
    endloop
  endfacet
  facet normal 0 -1 -0
    outer loop
      vertex -5.04857 -12.4 15.7672
      vertex -7.4622 -12.4 9.94015
      vertex -4.30275 -12.4 15.4144
    endloop
  endfacet
  facet normal 0 -1 0
    outer loop
      vertex -7.2759 -12.4 9.85204
      vertex -4.30275 -12.4 15.4144
      vertex -7.4622 -12.4 9.94015
    endloop
  endfacet
  facet normal 0 -1 0
    outer loop
      vertex -7.09914 -12.4 9.74609
      vertex -3.59509 -12.4 14.9903
      vertex -7.2759 -12.4 9.85204
    endloop
  endfacet
  facet normal 0 -1 -0
    outer loop
      vertex -3.59509 -12.4 14.9903
      vertex -7.09914 -12.4 9.74609
      vertex -2.93241 -12.4 14.4988
    endloop
  endfacet
  facet normal 0 -1 -0
    outer loop
      vertex -2.93241 -12.4 14.4988
      vertex -6.93361 -12.4 9.62332
      vertex -2.3211 -12.4 13.9447
    endloop
  endfacet
  facet normal 0 -1 0
    outer loop
      vertex -6.78091 -12.4 9.48492
      vertex -2.3211 -12.4 13.9447
      vertex -6.93361 -12.4 9.62332
    endloop
  endfacet
  facet normal 0 -1 0
    outer loop
      vertex -5.04857 -12.4 15.7672
      vertex -8.26583 -12.4 10.1
      vertex -8.06 -12.4 10.0899
    endloop
  endfacet
  facet normal 0 -1 0
    outer loop
      vertex -10.8044 -12.4 16.01
      vertex -8.47167 -12.4 10.0899
      vertex -8.26583 -12.4 10.1
    endloop
  endfacet
  facet normal 0 -1 0
    outer loop
      vertex -10.8044 -12.4 16.01
      vertex -8.67552 -12.4 10.0596
      vertex -8.47167 -12.4 10.0899
    endloop
  endfacet
  facet normal 0 -1 0
    outer loop
      vertex -10.8044 -12.4 16.01
      vertex -8.87543 -12.4 10.0096
      vertex -8.67552 -12.4 10.0596
    endloop
  endfacet
  facet normal 0 -1 0
    outer loop
      vertex -10.8044 -12.4 16.01
      vertex -9.06947 -12.4 9.94015
      vertex -8.87543 -12.4 10.0096
    endloop
  endfacet
  facet normal 0 -1 0
    outer loop
      vertex -10.8044 -12.4 16.01
      vertex -9.25577 -12.4 9.85204
      vertex -9.06947 -12.4 9.94015
    endloop
  endfacet
  facet normal 0 -1 0
    outer loop
      vertex -11.1 -12.4 16.01
      vertex -9.43253 -12.4 9.74609
      vertex -9.25577 -12.4 9.85204
    endloop
  endfacet
  facet normal 0 -1 0
    outer loop
      vertex -11.1 -12.4 16.01
      vertex -9.59806 -12.4 9.62332
      vertex -9.43253 -12.4 9.74609
    endloop
  endfacet
  facet normal 0 -1 0
    outer loop
      vertex -11.1 -12.4 16.01
      vertex -9.75076 -12.4 9.48492
      vertex -9.59806 -12.4 9.62332
    endloop
  endfacet
  facet normal 0 -1 0
    outer loop
      vertex -11.1 -12.4 16.01
      vertex -9.88916 -12.4 9.33223
      vertex -9.75076 -12.4 9.48492
    endloop
  endfacet
  facet normal 0 -1 0
    outer loop
      vertex -11.1 -12.4 16.01
      vertex -10.0119 -12.4 9.1667
      vertex -9.88916 -12.4 9.33223
    endloop
  endfacet
  facet normal 0 -1 0
    outer loop
      vertex -11.1 -12.4 16.01
      vertex -10.1179 -12.4 8.98993
      vertex -10.0119 -12.4 9.1667
    endloop
  endfacet
  facet normal 0 -1 0
    outer loop
      vertex -11.1 -12.4 16.01
      vertex -10.206 -12.4 8.80364
      vertex -10.1179 -12.4 8.98993
    endloop
  endfacet
  facet normal 0 -1 0
    outer loop
      vertex -11.1 -12.4 16.01
      vertex -10.2754 -12.4 8.6096
      vertex -10.206 -12.4 8.80364
    endloop
  endfacet
  facet normal 0 -1 0
    outer loop
      vertex -11.1 -12.4 16.01
      vertex -10.3255 -12.4 8.40969
      vertex -10.2754 -12.4 8.6096
    endloop
  endfacet
  facet normal 0 -1 0
    outer loop
      vertex -11.1 -12.4 16.01
      vertex -10.3557 -12.4 8.20584
      vertex -10.3255 -12.4 8.40969
    endloop
  endfacet
  facet normal 0 -1 0
    outer loop
      vertex -11.1 -12.4 16.01
      vertex -10.3658 -12.4 8
      vertex -10.3557 -12.4 8.20584
    endloop
  endfacet
  facet normal 0 -1 0
    outer loop
      vertex -11.1 -12.4 0
      vertex -10.3658 -12.4 8
      vertex -11.1 -12.4 16.01
    endloop
  endfacet
  facet normal 0 -1 0
    outer loop
      vertex -6.32569 -12.4 7.19637
      vertex -0.49867 -12.4 4.78274
      vertex -0.220723 -12.4 5.55954
    endloop
  endfacet
  facet normal 0 -1 0
    outer loop
      vertex -11.1 -12.4 0
      vertex -8.26583 -12.4 5.9
      vertex -8.47167 -12.4 5.91011
    endloop
  endfacet
  facet normal 0 -1 0
    outer loop
      vertex -8.06 -12.4 5.91011
      vertex -0.851418 -12.4 4.03691
      vertex -0.49867 -12.4 4.78274
    endloop
  endfacet
  facet normal 0 -1 0
    outer loop
      vertex -11.1 -12.4 0
      vertex -8.47167 -12.4 5.91011
      vertex -8.67552 -12.4 5.94035
    endloop
  endfacet
  facet normal 0 -1 0
    outer loop
      vertex -8.06 -12.4 5.91011
      vertex -1.27557 -12.4 3.32926
      vertex -0.851418 -12.4 4.03691
    endloop
  endfacet
  facet normal 0 -1 0
    outer loop
      vertex -11.1 -12.4 0
      vertex -8.67552 -12.4 5.94035
      vertex -8.87543 -12.4 5.99043
    endloop
  endfacet
  facet normal 0 -1 0
    outer loop
      vertex -8.06 -12.4 5.91011
      vertex -1.76704 -12.4 2.66658
      vertex -1.27557 -12.4 3.32926
    endloop
  endfacet
  facet normal 0 -1 0
    outer loop
      vertex -11.1 -12.4 0
      vertex -8.87543 -12.4 5.99043
      vertex -9.06947 -12.4 6.05985
    endloop
  endfacet
  facet normal 0 -1 0
    outer loop
      vertex -8.06 -12.4 5.91011
      vertex -2.3211 -12.4 2.05527
      vertex -1.76704 -12.4 2.66658
    endloop
  endfacet
  facet normal 0 -1 0
    outer loop
      vertex -11.1 -12.4 0
      vertex -9.06947 -12.4 6.05985
      vertex -9.25577 -12.4 6.14797
    endloop
  endfacet
  facet normal 0 -1 0
    outer loop
      vertex -8.06 -12.4 5.91011
      vertex -2.93241 -12.4 1.50121
      vertex -2.3211 -12.4 2.05527
    endloop
  endfacet
  facet normal 0 -1 0
    outer loop
      vertex -11.1 -12.4 0
      vertex -9.25577 -12.4 6.14797
      vertex -9.43253 -12.4 6.25391
    endloop
  endfacet
  facet normal 0 -1 0
    outer loop
      vertex -8.06 -12.4 5.91011
      vertex -3.59509 -12.4 1.00974
      vertex -2.93241 -12.4 1.50121
    endloop
  endfacet
  facet normal 0 -1 0
    outer loop
      vertex -11.1 -12.4 0
      vertex -9.43253 -12.4 6.25391
      vertex -9.59806 -12.4 6.37668
    endloop
  endfacet
  facet normal 0 -1 0
    outer loop
      vertex -8.06 -12.4 5.91011
      vertex -4.30275 -12.4 0.585586
      vertex -3.59509 -12.4 1.00974
    endloop
  endfacet
  facet normal 0 -1 0
    outer loop
      vertex -11.1 -12.4 0
      vertex -9.59806 -12.4 6.37668
      vertex -9.75076 -12.4 6.51508
    endloop
  endfacet
  facet normal 0 -1 0
    outer loop
      vertex -8.06 -12.4 5.91011
      vertex -5.04857 -12.4 0.232837
      vertex -4.30275 -12.4 0.585586
    endloop
  endfacet
  facet normal 0 -1 0
    outer loop
      vertex -11.1 -12.4 0
      vertex -9.75076 -12.4 6.51508
      vertex -9.88916 -12.4 6.66777
    endloop
  endfacet
  facet normal 0 -1 -0
    outer loop
      vertex -10.3658 -12.4 8
      vertex -11.1 -12.4 0
      vertex -10.3557 -12.4 7.79416
    endloop
  endfacet
  facet normal 0 -1 0
    outer loop
      vertex -11.1 -12.4 0
      vertex -10.3255 -12.4 7.59031
      vertex -10.3557 -12.4 7.79416
    endloop
  endfacet
  facet normal 0 -1 0
    outer loop
      vertex -11.1 -12.4 0
      vertex -10.2754 -12.4 7.3904
      vertex -10.3255 -12.4 7.59031
    endloop
  endfacet
  facet normal 0 -1 0
    outer loop
      vertex -11.1 -12.4 0
      vertex -10.206 -12.4 7.19637
      vertex -10.2754 -12.4 7.3904
    endloop
  endfacet
  facet normal 0 -1 0
    outer loop
      vertex -11.1 -12.4 0
      vertex -10.1179 -12.4 7.01007
      vertex -10.206 -12.4 7.19637
    endloop
  endfacet
  facet normal 0 -1 0
    outer loop
      vertex -11.1 -12.4 0
      vertex -10.0119 -12.4 6.8333
      vertex -10.1179 -12.4 7.01007
    endloop
  endfacet
  facet normal 0 -1 0
    outer loop
      vertex -11.1 -12.4 0
      vertex -9.88916 -12.4 6.66777
      vertex -10.0119 -12.4 6.8333
    endloop
  endfacet
  facet normal 0 -1 -0
    outer loop
      vertex -8.26583 -12.4 5.9
      vertex -11.1 -12.4 0
      vertex -5.6993 -12.4 0
    endloop
  endfacet
  facet normal 0 -1 0
    outer loop
      vertex -8.06 -12.4 5.91011
      vertex -5.6993 -12.4 0
      vertex -5.04857 -12.4 0.232837
    endloop
  endfacet
  facet normal 0 -1 0
    outer loop
      vertex -9.08987 -12.4 16.3666
      vertex -7.44179 -12.4 16.3666
      vertex -8.26583 -12.4 16.4071
    endloop
  endfacet
  facet normal 0 -1 0
    outer loop
      vertex -9.90598 -12.4 16.2456
      vertex -7.44179 -12.4 16.3666
      vertex -9.08987 -12.4 16.3666
    endloop
  endfacet
  facet normal 0 -1 0
    outer loop
      vertex -9.90598 -12.4 16.2456
      vertex -6.62569 -12.4 16.2456
      vertex -7.44179 -12.4 16.3666
    endloop
  endfacet
  facet normal 0 -1 0
    outer loop
      vertex -10.8044 -12.4 16.01
      vertex -9.90598 -12.4 16.2456
      vertex -10.7063 -12.4 16.0451
    endloop
  endfacet
  facet normal 0 -1 -0
    outer loop
      vertex -9.90598 -12.4 16.2456
      vertex -10.8044 -12.4 16.01
      vertex -6.62569 -12.4 16.2456
    endloop
  endfacet
  facet normal 0 -1 -0
    outer loop
      vertex -6.62569 -12.4 16.2456
      vertex -10.8044 -12.4 16.01
      vertex -5.82538 -12.4 16.0451
    endloop
  endfacet
  facet normal 0 -1 -0
    outer loop
      vertex -5.82538 -12.4 16.0451
      vertex -10.8044 -12.4 16.01
      vertex -5.04857 -12.4 15.7672
    endloop
  endfacet
  facet normal 0 -1 0
    outer loop
      vertex -7.4622 -12.4 9.94015
      vertex -5.04857 -12.4 15.7672
      vertex -7.65623 -12.4 10.0096
    endloop
  endfacet
  facet normal 0 -1 -0
    outer loop
      vertex -4.30275 -12.4 15.4144
      vertex -7.2759 -12.4 9.85204
      vertex -3.59509 -12.4 14.9903
    endloop
  endfacet
  facet normal 0 -1 0
    outer loop
      vertex -6.93361 -12.4 9.62332
      vertex -2.93241 -12.4 14.4988
      vertex -7.09914 -12.4 9.74609
    endloop
  endfacet
  facet normal 0 -1 -0
    outer loop
      vertex -2.3211 -12.4 13.9447
      vertex -6.78091 -12.4 9.48492
      vertex -1.76704 -12.4 13.3334
    endloop
  endfacet
  facet normal 0 -1 0
    outer loop
      vertex -6.64251 -12.4 9.33223
      vertex -1.76704 -12.4 13.3334
      vertex -6.78091 -12.4 9.48492
    endloop
  endfacet
  facet normal 0 -1 -0
    outer loop
      vertex -1.76704 -12.4 13.3334
      vertex -6.64251 -12.4 9.33223
      vertex -1.27557 -12.4 12.6707
    endloop
  endfacet
  facet normal 0 -1 0
    outer loop
      vertex -6.51975 -12.4 9.1667
      vertex -1.27557 -12.4 12.6707
      vertex -6.64251 -12.4 9.33223
    endloop
  endfacet
  facet normal 0 -1 -0
    outer loop
      vertex -1.27557 -12.4 12.6707
      vertex -6.51975 -12.4 9.1667
      vertex -0.851418 -12.4 11.9631
    endloop
  endfacet
  facet normal 0 -1 0
    outer loop
      vertex -6.4138 -12.4 8.98993
      vertex -0.851418 -12.4 11.9631
      vertex -6.51975 -12.4 9.1667
    endloop
  endfacet
  facet normal 0 -1 -0
    outer loop
      vertex -0.851418 -12.4 11.9631
      vertex -6.4138 -12.4 8.98993
      vertex -0.49867 -12.4 11.2173
    endloop
  endfacet
  facet normal 0 -1 0
    outer loop
      vertex -6.32569 -12.4 8.80364
      vertex -0.49867 -12.4 11.2173
      vertex -6.4138 -12.4 8.98993
    endloop
  endfacet
  facet normal 0 -1 -0
    outer loop
      vertex -0.49867 -12.4 11.2173
      vertex -6.32569 -12.4 8.80364
      vertex -0.220723 -12.4 10.4405
    endloop
  endfacet
  facet normal 0 -1 0
    outer loop
      vertex -6.25626 -12.4 8.6096
      vertex -0.220723 -12.4 10.4405
      vertex -6.32569 -12.4 8.80364
    endloop
  endfacet
  facet normal 0 -1 -0
    outer loop
      vertex -0.220723 -12.4 10.4405
      vertex -6.25626 -12.4 8.6096
      vertex -0.020256 -12.4 9.64015
    endloop
  endfacet
  facet normal 0 -1 0
    outer loop
      vertex -6.20618 -12.4 8.40969
      vertex -0.020256 -12.4 9.64015
      vertex -6.25626 -12.4 8.6096
    endloop
  endfacet
  facet normal 0 -1 -0
    outer loop
      vertex -0.020256 -12.4 9.64015
      vertex -6.20618 -12.4 8.40969
      vertex 0.100801 -12.4 8.82404
    endloop
  endfacet
  facet normal 0 -1 0
    outer loop
      vertex -6.17595 -12.4 8.20584
      vertex 0.100801 -12.4 8.82404
      vertex -6.20618 -12.4 8.40969
    endloop
  endfacet
  facet normal 0 -1 0
    outer loop
      vertex -6.16583 -12.4 8
      vertex 0.100801 -12.4 8.82404
      vertex -6.17595 -12.4 8.20584
    endloop
  endfacet
  facet normal 0 -1 0
    outer loop
      vertex -6.16583 -12.4 8
      vertex 0.141283 -12.4 8
      vertex 0.100801 -12.4 8.82404
    endloop
  endfacet
  facet normal 0 -1 0
    outer loop
      vertex -6.17595 -12.4 7.79416
      vertex 0.141283 -12.4 8
      vertex -6.16583 -12.4 8
    endloop
  endfacet
  facet normal 0 -1 0
    outer loop
      vertex 0.100801 -12.4 7.17596
      vertex -6.17595 -12.4 7.79416
      vertex -6.20618 -12.4 7.59031
    endloop
  endfacet
  facet normal 0 -1 0
    outer loop
      vertex -0.020256 -12.4 6.35985
      vertex -6.20618 -12.4 7.59031
      vertex -6.25626 -12.4 7.3904
    endloop
  endfacet
  facet normal 0 -1 0
    outer loop
      vertex -0.220723 -12.4 5.55954
      vertex -6.25626 -12.4 7.3904
      vertex -6.32569 -12.4 7.19637
    endloop
  endfacet
  facet normal 0 -1 0
    outer loop
      vertex -6.17595 -12.4 7.79416
      vertex 0.100801 -12.4 7.17596
      vertex 0.141283 -12.4 8
    endloop
  endfacet
  facet normal 0 -1 0
    outer loop
      vertex -0.49867 -12.4 4.78274
      vertex -6.32569 -12.4 7.19637
      vertex -6.4138 -12.4 7.01007
    endloop
  endfacet
  facet normal 0 -1 0
    outer loop
      vertex -0.49867 -12.4 4.78274
      vertex -6.4138 -12.4 7.01007
      vertex -6.51975 -12.4 6.8333
    endloop
  endfacet
  facet normal 0 -1 0
    outer loop
      vertex -0.49867 -12.4 4.78274
      vertex -6.51975 -12.4 6.8333
      vertex -6.64251 -12.4 6.66777
    endloop
  endfacet
  facet normal 0 -1 0
    outer loop
      vertex -0.49867 -12.4 4.78274
      vertex -6.64251 -12.4 6.66777
      vertex -6.78091 -12.4 6.51508
    endloop
  endfacet
  facet normal 0 -1 0
    outer loop
      vertex -0.49867 -12.4 4.78274
      vertex -6.78091 -12.4 6.51508
      vertex -6.93361 -12.4 6.37668
    endloop
  endfacet
  facet normal 0 -1 0
    outer loop
      vertex -6.20618 -12.4 7.59031
      vertex -0.020256 -12.4 6.35985
      vertex 0.100801 -12.4 7.17596
    endloop
  endfacet
  facet normal 0 -1 0
    outer loop
      vertex -0.49867 -12.4 4.78274
      vertex -6.93361 -12.4 6.37668
      vertex -7.09914 -12.4 6.25391
    endloop
  endfacet
  facet normal 0 -1 0
    outer loop
      vertex -0.49867 -12.4 4.78274
      vertex -7.09914 -12.4 6.25391
      vertex -7.2759 -12.4 6.14797
    endloop
  endfacet
  facet normal 0 -1 0
    outer loop
      vertex -0.49867 -12.4 4.78274
      vertex -7.2759 -12.4 6.14797
      vertex -7.4622 -12.4 6.05985
    endloop
  endfacet
  facet normal 0 -1 0
    outer loop
      vertex -0.49867 -12.4 4.78274
      vertex -7.4622 -12.4 6.05985
      vertex -7.65623 -12.4 5.99043
    endloop
  endfacet
  facet normal 0 -1 0
    outer loop
      vertex -0.49867 -12.4 4.78274
      vertex -7.65623 -12.4 5.99043
      vertex -7.85614 -12.4 5.94035
    endloop
  endfacet
  facet normal 0 -1 0
    outer loop
      vertex -0.49867 -12.4 4.78274
      vertex -7.85614 -12.4 5.94035
      vertex -8.06 -12.4 5.91011
    endloop
  endfacet
  facet normal 0 -1 0
    outer loop
      vertex -6.25626 -12.4 7.3904
      vertex -0.220723 -12.4 5.55954
      vertex -0.020256 -12.4 6.35985
    endloop
  endfacet
  facet normal 0 -1 0
    outer loop
      vertex -5.6993 -12.4 0
      vertex -8.06 -12.4 5.91011
      vertex -8.26583 -12.4 5.9
    endloop
  endfacet
  facet normal 0 1 0
    outer loop
      vertex -7.44179 -22.7 16.3666
      vertex -8.06 -22.7 10.0899
      vertex -8.26583 -22.7 10.1
    endloop
  endfacet
  facet normal 0 1 0
    outer loop
      vertex -0.49867 -22.7 11.2173
      vertex -7.85614 -22.7 10.0596
      vertex -8.06 -22.7 10.0899
    endloop
  endfacet
  facet normal 0 1 0
    outer loop
      vertex -0.49867 -22.7 11.2173
      vertex -7.65623 -22.7 10.0096
      vertex -7.85614 -22.7 10.0596
    endloop
  endfacet
  facet normal 0 1 0
    outer loop
      vertex -0.49867 -22.7 11.2173
      vertex -7.4622 -22.7 9.94015
      vertex -7.65623 -22.7 10.0096
    endloop
  endfacet
  facet normal 0 1 0
    outer loop
      vertex -0.49867 -22.7 11.2173
      vertex -7.2759 -22.7 9.85204
      vertex -7.4622 -22.7 9.94015
    endloop
  endfacet
  facet normal 0 1 0
    outer loop
      vertex -0.49867 -22.7 11.2173
      vertex -7.09914 -22.7 9.74609
      vertex -7.2759 -22.7 9.85204
    endloop
  endfacet
  facet normal 0 1 0
    outer loop
      vertex -6.25626 -22.7 8.6096
      vertex -0.220723 -22.7 10.4405
      vertex -0.020256 -22.7 9.64015
    endloop
  endfacet
  facet normal 0 1 0
    outer loop
      vertex -0.49867 -22.7 11.2173
      vertex -6.93361 -22.7 9.62332
      vertex -7.09914 -22.7 9.74609
    endloop
  endfacet
  facet normal 0 1 0
    outer loop
      vertex -0.49867 -22.7 11.2173
      vertex -6.78091 -22.7 9.48492
      vertex -6.93361 -22.7 9.62332
    endloop
  endfacet
  facet normal 0 1 0
    outer loop
      vertex -0.49867 -22.7 11.2173
      vertex -6.64251 -22.7 9.33223
      vertex -6.78091 -22.7 9.48492
    endloop
  endfacet
  facet normal 0 1 0
    outer loop
      vertex -0.49867 -22.7 11.2173
      vertex -6.51975 -22.7 9.1667
      vertex -6.64251 -22.7 9.33223
    endloop
  endfacet
  facet normal 0 1 0
    outer loop
      vertex -0.49867 -22.7 11.2173
      vertex -6.4138 -22.7 8.98993
      vertex -6.51975 -22.7 9.1667
    endloop
  endfacet
  facet normal 0 1 0
    outer loop
      vertex -6.20618 -22.7 8.40969
      vertex -0.020256 -22.7 9.64015
      vertex 0.100801 -22.7 8.82404
    endloop
  endfacet
  facet normal 0 1 0
    outer loop
      vertex -0.49867 -22.7 11.2173
      vertex -6.32569 -22.7 8.80364
      vertex -6.4138 -22.7 8.98993
    endloop
  endfacet
  facet normal 0 1 0
    outer loop
      vertex -0.220723 -22.7 10.4405
      vertex -6.25626 -22.7 8.6096
      vertex -6.32569 -22.7 8.80364
    endloop
  endfacet
  facet normal 0 1 0
    outer loop
      vertex -0.020256 -22.7 9.64015
      vertex -6.20618 -22.7 8.40969
      vertex -6.25626 -22.7 8.6096
    endloop
  endfacet
  facet normal 0 1 0
    outer loop
      vertex 0.100801 -22.7 8.82404
      vertex -6.17595 -22.7 8.20584
      vertex -6.20618 -22.7 8.40969
    endloop
  endfacet
  facet normal 0 1 0
    outer loop
      vertex 0.141283 -22.7 8
      vertex -6.17595 -22.7 8.20584
      vertex 0.100801 -22.7 8.82404
    endloop
  endfacet
  facet normal 0 1 0
    outer loop
      vertex 0.141283 -22.7 8
      vertex -6.16583 -22.7 8
      vertex -6.17595 -22.7 8.20584
    endloop
  endfacet
  facet normal 0 1 0
    outer loop
      vertex 0.141283 -22.7 8
      vertex -6.17595 -22.7 7.79416
      vertex -6.16583 -22.7 8
    endloop
  endfacet
  facet normal 0 1 -0
    outer loop
      vertex 0.100801 -22.7 7.17596
      vertex -6.17595 -22.7 7.79416
      vertex 0.141283 -22.7 8
    endloop
  endfacet
  facet normal 0 1 0
    outer loop
      vertex -6.17595 -22.7 7.79416
      vertex 0.100801 -22.7 7.17596
      vertex -6.20618 -22.7 7.59031
    endloop
  endfacet
  facet normal 0 1 -0
    outer loop
      vertex -0.020256 -22.7 6.35985
      vertex -6.20618 -22.7 7.59031
      vertex 0.100801 -22.7 7.17596
    endloop
  endfacet
  facet normal 0 1 0
    outer loop
      vertex -6.20618 -22.7 7.59031
      vertex -0.020256 -22.7 6.35985
      vertex -6.25626 -22.7 7.3904
    endloop
  endfacet
  facet normal 0 1 -0
    outer loop
      vertex -0.220723 -22.7 5.55954
      vertex -6.25626 -22.7 7.3904
      vertex -0.020256 -22.7 6.35985
    endloop
  endfacet
  facet normal 0 1 0
    outer loop
      vertex -6.25626 -22.7 7.3904
      vertex -0.220723 -22.7 5.55954
      vertex -6.32569 -22.7 7.19637
    endloop
  endfacet
  facet normal 0 1 -0
    outer loop
      vertex -0.49867 -22.7 4.78274
      vertex -6.32569 -22.7 7.19637
      vertex -0.220723 -22.7 5.55954
    endloop
  endfacet
  facet normal 0 1 0
    outer loop
      vertex -6.32569 -22.7 7.19637
      vertex -0.49867 -22.7 4.78274
      vertex -6.4138 -22.7 7.01007
    endloop
  endfacet
  facet normal 0 1 -0
    outer loop
      vertex -0.851418 -22.7 4.03691
      vertex -6.4138 -22.7 7.01007
      vertex -0.49867 -22.7 4.78274
    endloop
  endfacet
  facet normal 0 1 0
    outer loop
      vertex -6.4138 -22.7 7.01007
      vertex -0.851418 -22.7 4.03691
      vertex -6.51975 -22.7 6.8333
    endloop
  endfacet
  facet normal 0 1 -0
    outer loop
      vertex -1.27557 -22.7 3.32926
      vertex -6.51975 -22.7 6.8333
      vertex -0.851418 -22.7 4.03691
    endloop
  endfacet
  facet normal 0 1 0
    outer loop
      vertex -6.51975 -22.7 6.8333
      vertex -1.27557 -22.7 3.32926
      vertex -6.64251 -22.7 6.66777
    endloop
  endfacet
  facet normal 0 1 -0
    outer loop
      vertex -1.76704 -22.7 2.66658
      vertex -6.64251 -22.7 6.66777
      vertex -1.27557 -22.7 3.32926
    endloop
  endfacet
  facet normal 0 1 0
    outer loop
      vertex -6.64251 -22.7 6.66777
      vertex -1.76704 -22.7 2.66658
      vertex -6.78091 -22.7 6.51508
    endloop
  endfacet
  facet normal 0 1 -0
    outer loop
      vertex -2.3211 -22.7 2.05527
      vertex -6.78091 -22.7 6.51508
      vertex -1.76704 -22.7 2.66658
    endloop
  endfacet
  facet normal 0 1 0
    outer loop
      vertex -6.78091 -22.7 6.51508
      vertex -2.3211 -22.7 2.05527
      vertex -6.93361 -22.7 6.37668
    endloop
  endfacet
  facet normal 0 1 0
    outer loop
      vertex -6.93361 -22.7 6.37668
      vertex -2.93241 -22.7 1.50121
      vertex -7.09914 -22.7 6.25391
    endloop
  endfacet
  facet normal 0 1 -0
    outer loop
      vertex -2.93241 -22.7 1.50121
      vertex -6.93361 -22.7 6.37668
      vertex -2.3211 -22.7 2.05527
    endloop
  endfacet
  facet normal 0 1 0
    outer loop
      vertex -8.26583 -22.7 10.1
      vertex -8.26583 -22.7 16.4071
      vertex -7.44179 -22.7 16.3666
    endloop
  endfacet
  facet normal 0 1 0
    outer loop
      vertex -8.06 -22.7 10.0899
      vertex -7.44179 -22.7 16.3666
      vertex -6.62569 -22.7 16.2456
    endloop
  endfacet
  facet normal 0 1 0
    outer loop
      vertex -8.26583 -22.7 16.4071
      vertex -8.26583 -22.7 10.1
      vertex -9.08987 -22.7 16.3666
    endloop
  endfacet
  facet normal 0 1 0
    outer loop
      vertex -8.06 -22.7 10.0899
      vertex -6.62569 -22.7 16.2456
      vertex -5.82538 -22.7 16.0451
    endloop
  endfacet
  facet normal 0 1 -0
    outer loop
      vertex -8.47167 -22.7 10.0899
      vertex -9.08987 -22.7 16.3666
      vertex -8.26583 -22.7 10.1
    endloop
  endfacet
  facet normal 0 1 0
    outer loop
      vertex -9.08987 -22.7 16.3666
      vertex -8.47167 -22.7 10.0899
      vertex -9.90598 -22.7 16.2456
    endloop
  endfacet
  facet normal 0 1 0
    outer loop
      vertex -9.25577 -22.7 9.85204
      vertex -10.9585 -22.7 16.01
      vertex -10.8044 -22.7 16.01
    endloop
  endfacet
  facet normal 0 1 0
    outer loop
      vertex -8.06 -22.7 10.0899
      vertex -5.82538 -22.7 16.0451
      vertex -5.04857 -22.7 15.7672
    endloop
  endfacet
  facet normal 0 1 -0
    outer loop
      vertex -8.67552 -22.7 10.0596
      vertex -9.90598 -22.7 16.2456
      vertex -8.47167 -22.7 10.0899
    endloop
  endfacet
  facet normal 0 1 0
    outer loop
      vertex -8.06 -22.7 10.0899
      vertex -5.04857 -22.7 15.7672
      vertex -4.30275 -22.7 15.4144
    endloop
  endfacet
  facet normal 0 1 0
    outer loop
      vertex -8.06 -22.7 10.0899
      vertex -4.30275 -22.7 15.4144
      vertex -3.59509 -22.7 14.9903
    endloop
  endfacet
  facet normal 0 1 0
    outer loop
      vertex -8.06 -22.7 10.0899
      vertex -3.59509 -22.7 14.9903
      vertex -2.93241 -22.7 14.4988
    endloop
  endfacet
  facet normal 0 1 0
    outer loop
      vertex -8.06 -22.7 10.0899
      vertex -2.93241 -22.7 14.4988
      vertex -2.3211 -22.7 13.9447
    endloop
  endfacet
  facet normal 0 1 0
    outer loop
      vertex -8.06 -22.7 10.0899
      vertex -2.3211 -22.7 13.9447
      vertex -1.76704 -22.7 13.3334
    endloop
  endfacet
  facet normal 0 1 0
    outer loop
      vertex -8.06 -22.7 10.0899
      vertex -1.76704 -22.7 13.3334
      vertex -1.27557 -22.7 12.6707
    endloop
  endfacet
  facet normal 0 1 0
    outer loop
      vertex -8.06 -22.7 10.0899
      vertex -1.27557 -22.7 12.6707
      vertex -0.851418 -22.7 11.9631
    endloop
  endfacet
  facet normal 0 1 0
    outer loop
      vertex -8.06 -22.7 10.0899
      vertex -0.851418 -22.7 11.9631
      vertex -0.49867 -22.7 11.2173
    endloop
  endfacet
  facet normal 0 1 0
    outer loop
      vertex -6.32569 -22.7 8.80364
      vertex -0.49867 -22.7 11.2173
      vertex -0.220723 -22.7 10.4405
    endloop
  endfacet
  facet normal 0 1 0
    outer loop
      vertex -9.90598 -22.7 16.2456
      vertex -8.67552 -22.7 10.0596
      vertex -10.7063 -22.7 16.0451
    endloop
  endfacet
  facet normal 0 1 -0
    outer loop
      vertex -8.87543 -22.7 10.0096
      vertex -10.7063 -22.7 16.0451
      vertex -8.67552 -22.7 10.0596
    endloop
  endfacet
  facet normal 0 1 0
    outer loop
      vertex -10.7063 -22.7 16.0451
      vertex -8.87543 -22.7 10.0096
      vertex -10.8044 -22.7 16.01
    endloop
  endfacet
  facet normal 0 1 -0
    outer loop
      vertex -9.06947 -22.7 9.94015
      vertex -10.8044 -22.7 16.01
      vertex -8.87543 -22.7 10.0096
    endloop
  endfacet
  facet normal 0 1 -0
    outer loop
      vertex -9.25577 -22.7 9.85204
      vertex -10.8044 -22.7 16.01
      vertex -9.06947 -22.7 9.94015
    endloop
  endfacet
  facet normal 0 1 0
    outer loop
      vertex -10.9585 -22.7 16.01
      vertex -9.25577 -22.7 9.85204
      vertex -11.1 -22.7 16.01
    endloop
  endfacet
  facet normal 0 1 -0
    outer loop
      vertex -9.43253 -22.7 9.74609
      vertex -11.1 -22.7 16.01
      vertex -9.25577 -22.7 9.85204
    endloop
  endfacet
  facet normal 0 1 -0
    outer loop
      vertex -9.59806 -22.7 9.62332
      vertex -11.1 -22.7 16.01
      vertex -9.43253 -22.7 9.74609
    endloop
  endfacet
  facet normal 0 1 -0
    outer loop
      vertex -9.75076 -22.7 9.48492
      vertex -11.1 -22.7 16.01
      vertex -9.59806 -22.7 9.62332
    endloop
  endfacet
  facet normal 0 1 -0
    outer loop
      vertex -9.88916 -22.7 9.33223
      vertex -11.1 -22.7 16.01
      vertex -9.75076 -22.7 9.48492
    endloop
  endfacet
  facet normal 0 1 -0
    outer loop
      vertex -10.0119 -22.7 9.1667
      vertex -11.1 -22.7 16.01
      vertex -9.88916 -22.7 9.33223
    endloop
  endfacet
  facet normal 0 1 -0
    outer loop
      vertex -10.1179 -22.7 8.98993
      vertex -11.1 -22.7 16.01
      vertex -10.0119 -22.7 9.1667
    endloop
  endfacet
  facet normal 0 1 -0
    outer loop
      vertex -10.206 -22.7 8.80364
      vertex -11.1 -22.7 16.01
      vertex -10.1179 -22.7 8.98993
    endloop
  endfacet
  facet normal 0 1 -0
    outer loop
      vertex -10.2754 -22.7 8.6096
      vertex -11.1 -22.7 16.01
      vertex -10.206 -22.7 8.80364
    endloop
  endfacet
  facet normal 0 1 -0
    outer loop
      vertex -10.3255 -22.7 8.40969
      vertex -11.1 -22.7 16.01
      vertex -10.2754 -22.7 8.6096
    endloop
  endfacet
  facet normal 0 1 -0
    outer loop
      vertex -10.3557 -22.7 8.20584
      vertex -11.1 -22.7 16.01
      vertex -10.3255 -22.7 8.40969
    endloop
  endfacet
  facet normal 0 1 -0
    outer loop
      vertex -10.3658 -22.7 8
      vertex -11.1 -22.7 16.01
      vertex -10.3557 -22.7 8.20584
    endloop
  endfacet
  facet normal 0 1 0
    outer loop
      vertex -11.1 -22.7 0
      vertex -10.3658 -22.7 8
      vertex -10.3557 -22.7 7.79416
    endloop
  endfacet
  facet normal 0 1 -0
    outer loop
      vertex -3.59509 -22.7 1.00974
      vertex -7.09914 -22.7 6.25391
      vertex -2.93241 -22.7 1.50121
    endloop
  endfacet
  facet normal 0 1 0
    outer loop
      vertex -7.09914 -22.7 6.25391
      vertex -3.59509 -22.7 1.00974
      vertex -7.2759 -22.7 6.14797
    endloop
  endfacet
  facet normal 0 1 -0
    outer loop
      vertex -4.30275 -22.7 0.585586
      vertex -7.2759 -22.7 6.14797
      vertex -3.59509 -22.7 1.00974
    endloop
  endfacet
  facet normal 0 1 0
    outer loop
      vertex -7.2759 -22.7 6.14797
      vertex -4.30275 -22.7 0.585586
      vertex -7.4622 -22.7 6.05985
    endloop
  endfacet
  facet normal 0 1 -0
    outer loop
      vertex -5.04857 -22.7 0.232837
      vertex -7.4622 -22.7 6.05985
      vertex -4.30275 -22.7 0.585586
    endloop
  endfacet
  facet normal 0 1 -0
    outer loop
      vertex -5.6993 -22.7 0
      vertex -7.4622 -22.7 6.05985
      vertex -5.04857 -22.7 0.232837
    endloop
  endfacet
  facet normal 0 1 0
    outer loop
      vertex -7.4622 -22.7 6.05985
      vertex -5.6993 -22.7 0
      vertex -7.65623 -22.7 5.99043
    endloop
  endfacet
  facet normal 0 1 0
    outer loop
      vertex -7.65623 -22.7 5.99043
      vertex -5.6993 -22.7 0
      vertex -7.85614 -22.7 5.94035
    endloop
  endfacet
  facet normal 0 1 0
    outer loop
      vertex -7.85614 -22.7 5.94035
      vertex -5.6993 -22.7 0
      vertex -8.06 -22.7 5.91011
    endloop
  endfacet
  facet normal 0 1 0
    outer loop
      vertex -8.06 -22.7 5.91011
      vertex -5.6993 -22.7 0
      vertex -8.26583 -22.7 5.9
    endloop
  endfacet
  facet normal 0 1 0
    outer loop
      vertex -11.1 -22.7 0
      vertex -8.26583 -22.7 5.9
      vertex -5.6993 -22.7 0
    endloop
  endfacet
  facet normal 0 1 0
    outer loop
      vertex -8.26583 -22.7 5.9
      vertex -11.1 -22.7 0
      vertex -8.47167 -22.7 5.91011
    endloop
  endfacet
  facet normal 0 1 0
    outer loop
      vertex -8.47167 -22.7 5.91011
      vertex -11.1 -22.7 0
      vertex -8.67552 -22.7 5.94035
    endloop
  endfacet
  facet normal 0 1 0
    outer loop
      vertex -8.67552 -22.7 5.94035
      vertex -11.1 -22.7 0
      vertex -8.87543 -22.7 5.99043
    endloop
  endfacet
  facet normal 0 1 0
    outer loop
      vertex -8.87543 -22.7 5.99043
      vertex -11.1 -22.7 0
      vertex -9.06947 -22.7 6.05985
    endloop
  endfacet
  facet normal 0 1 0
    outer loop
      vertex -9.06947 -22.7 6.05985
      vertex -11.1 -22.7 0
      vertex -9.25577 -22.7 6.14797
    endloop
  endfacet
  facet normal 0 1 0
    outer loop
      vertex -9.25577 -22.7 6.14797
      vertex -11.1 -22.7 0
      vertex -9.43253 -22.7 6.25391
    endloop
  endfacet
  facet normal 0 1 0
    outer loop
      vertex -9.43253 -22.7 6.25391
      vertex -11.1 -22.7 0
      vertex -9.59806 -22.7 6.37668
    endloop
  endfacet
  facet normal 0 1 0
    outer loop
      vertex -9.59806 -22.7 6.37668
      vertex -11.1 -22.7 0
      vertex -9.75076 -22.7 6.51508
    endloop
  endfacet
  facet normal 0 1 0
    outer loop
      vertex -9.75076 -22.7 6.51508
      vertex -11.1 -22.7 0
      vertex -9.88916 -22.7 6.66777
    endloop
  endfacet
  facet normal 0 1 0
    outer loop
      vertex -10.3658 -22.7 8
      vertex -11.1 -22.7 0
      vertex -11.1 -22.7 16.01
    endloop
  endfacet
  facet normal 0 1 0
    outer loop
      vertex -10.3255 -22.7 7.59031
      vertex -11.1 -22.7 0
      vertex -10.3557 -22.7 7.79416
    endloop
  endfacet
  facet normal 0 1 0
    outer loop
      vertex -10.2754 -22.7 7.3904
      vertex -11.1 -22.7 0
      vertex -10.3255 -22.7 7.59031
    endloop
  endfacet
  facet normal 0 1 0
    outer loop
      vertex -10.206 -22.7 7.19637
      vertex -11.1 -22.7 0
      vertex -10.2754 -22.7 7.3904
    endloop
  endfacet
  facet normal 0 1 0
    outer loop
      vertex -10.1179 -22.7 7.01007
      vertex -11.1 -22.7 0
      vertex -10.206 -22.7 7.19637
    endloop
  endfacet
  facet normal 0 1 0
    outer loop
      vertex -10.0119 -22.7 6.8333
      vertex -11.1 -22.7 0
      vertex -10.1179 -22.7 7.01007
    endloop
  endfacet
  facet normal 0 1 0
    outer loop
      vertex -9.88916 -22.7 6.66777
      vertex -11.1 -22.7 0
      vertex -10.0119 -22.7 6.8333
    endloop
  endfacet
  facet normal 0.146723 0 -0.989178
    outer loop
      vertex -9.08987 -22.7 16.3666
      vertex -9.27055 -22.601 16.3398
      vertex -9.08987 -22.6278 16.3666
    endloop
  endfacet
  facet normal 0.146661 -0.000115918 -0.989187
    outer loop
      vertex -9.90598 -22.7 16.2456
      vertex -9.27055 -22.601 16.3398
      vertex -9.08987 -22.7 16.3666
    endloop
  endfacet
  facet normal 0.14666 -0.000111068 -0.989187
    outer loop
      vertex -9.27055 -22.601 16.3398
      vertex -9.90598 -22.7 16.2456
      vertex -9.7608 -22.4782 16.2671
    endloop
  endfacet
  facet normal 0.146494 0 -0.989212
    outer loop
      vertex -9.7608 -22.4782 16.2671
      vertex -9.90598 -22.7 16.2456
      vertex -9.90598 -22.4263 16.2456
    endloop
  endfacet
  facet normal 0.146723 0 -0.989178
    outer loop
      vertex -9.27055 -12.499 16.3398
      vertex -9.08987 -12.4 16.3666
      vertex -9.08987 -12.4722 16.3666
    endloop
  endfacet
  facet normal 0.14666 0.000111068 -0.989187
    outer loop
      vertex -9.90598 -12.4 16.2456
      vertex -9.27055 -12.499 16.3398
      vertex -9.7608 -12.6218 16.2671
    endloop
  endfacet
  facet normal 0.146661 0.000115918 -0.989187
    outer loop
      vertex -9.27055 -12.499 16.3398
      vertex -9.90598 -12.4 16.2456
      vertex -9.08987 -12.4 16.3666
    endloop
  endfacet
  facet normal 0.146494 0 -0.989212
    outer loop
      vertex -9.90598 -12.4 16.2456
      vertex -9.7608 -12.6218 16.2671
      vertex -9.90598 -12.6737 16.2456
    endloop
  endfacet
  facet normal 0.0490888 0.000381362 -0.998794
    outer loop
      vertex -9.08987 -22.7 16.3666
      vertex -8.77062 -22.6752 16.3823
      vertex -8.26583 -22.7 16.4071
    endloop
  endfacet
  facet normal 0.0491184 0 -0.998793
    outer loop
      vertex -8.77062 -22.6752 16.3823
      vertex -9.08987 -22.7 16.3666
      vertex -9.08987 -22.6278 16.3666
    endloop
  endfacet
  facet normal 0.0490888 -0.000381362 -0.998794
    outer loop
      vertex -8.77062 -12.4248 16.3823
      vertex -9.08987 -12.4 16.3666
      vertex -8.26583 -12.4 16.4071
    endloop
  endfacet
  facet normal 0.0491184 0 -0.998793
    outer loop
      vertex -9.08987 -12.4 16.3666
      vertex -8.77062 -12.4248 16.3823
      vertex -9.08987 -12.4722 16.3666
    endloop
  endfacet
  facet normal 0.243143 0 -0.96999
    outer loop
      vertex -10.2367 -12.792 16.1627
      vertex -9.90598 -12.4 16.2456
      vertex -9.90598 -12.6737 16.2456
    endloop
  endfacet
  facet normal 0.242894 -0.000107198 -0.970053
    outer loop
      vertex -10.7063 -12.6497 16.0451
      vertex -10.2367 -12.792 16.1627
      vertex -10.4572 -12.8963 16.1075
    endloop
  endfacet
  facet normal 0.242924 0 -0.970045
    outer loop
      vertex -10.2367 -12.792 16.1627
      vertex -10.7063 -12.6497 16.0451
      vertex -10.7063 -12.4 16.0451
    endloop
  endfacet
  facet normal 0.243015 0.000114922 -0.970023
    outer loop
      vertex -10.2367 -12.792 16.1627
      vertex -10.7063 -12.4 16.0451
      vertex -9.90598 -12.4 16.2456
    endloop
  endfacet
  facet normal 0.243143 0 -0.96999
    outer loop
      vertex -9.90598 -22.7 16.2456
      vertex -10.2367 -22.308 16.1627
      vertex -9.90598 -22.4263 16.2456
    endloop
  endfacet
  facet normal 0.243015 -0.000114922 -0.970023
    outer loop
      vertex -10.7063 -22.7 16.0451
      vertex -10.2367 -22.308 16.1627
      vertex -9.90598 -22.7 16.2456
    endloop
  endfacet
  facet normal 0.242924 0 -0.970045
    outer loop
      vertex -10.7063 -22.4503 16.0451
      vertex -10.2367 -22.308 16.1627
      vertex -10.7063 -22.7 16.0451
    endloop
  endfacet
  facet normal 0.242894 0.000107198 -0.970053
    outer loop
      vertex -10.2367 -22.308 16.1627
      vertex -10.7063 -22.4503 16.0451
      vertex -10.4572 -22.2037 16.1075
    endloop
  endfacet
  facet normal -0.0491184 0 -0.998793
    outer loop
      vertex -7.44179 -22.7 16.3666
      vertex -7.76104 -22.6752 16.3823
      vertex -7.44179 -22.6278 16.3666
    endloop
  endfacet
  facet normal -0.0490888 0.000381362 -0.998794
    outer loop
      vertex -7.76104 -22.6752 16.3823
      vertex -7.44179 -22.7 16.3666
      vertex -8.26583 -22.7 16.4071
    endloop
  endfacet
  facet normal -0.0491184 0 -0.998793
    outer loop
      vertex -7.76104 -12.4248 16.3823
      vertex -7.44179 -12.4 16.3666
      vertex -7.44179 -12.4722 16.3666
    endloop
  endfacet
  facet normal -0.0490888 -0.000381362 -0.998794
    outer loop
      vertex -7.44179 -12.4 16.3666
      vertex -7.76104 -12.4248 16.3823
      vertex -8.26583 -12.4 16.4071
    endloop
  endfacet
  facet normal -0.595605 0 -0.803278
    outer loop
      vertex -2.93241 -22.7 14.4988
      vertex -3.11583 -17.55 14.6348
      vertex -2.93241 -12.4 14.4988
    endloop
  endfacet
  facet normal -0.595745 -7.75793e-06 -0.803174
    outer loop
      vertex -2.93241 -22.7 14.4988
      vertex -3.14063 -18.0548 14.6532
      vertex -3.11583 -17.55 14.6348
    endloop
  endfacet
  facet normal -0.59568 -3.21592e-06 -0.803222
    outer loop
      vertex -2.93241 -22.7 14.4988
      vertex -3.21479 -18.5547 14.7082
      vertex -3.14063 -18.0548 14.6532
    endloop
  endfacet
  facet normal -0.595773 -1.30218e-05 -0.803153
    outer loop
      vertex -2.93241 -22.7 14.4988
      vertex -3.33759 -19.045 14.7993
      vertex -3.21479 -18.5547 14.7082
    endloop
  endfacet
  facet normal -0.59576 -1.09416e-05 -0.803162
    outer loop
      vertex -2.93241 -22.7 14.4988
      vertex -3.50785 -19.5208 14.9256
      vertex -3.33759 -19.045 14.7993
    endloop
  endfacet
  facet normal -0.595717 -0 -0.803194
    outer loop
      vertex -3.59509 -19.7053 14.9903
      vertex -2.93241 -22.7 14.4988
      vertex -3.59509 -22.7 14.9903
    endloop
  endfacet
  facet normal -0.595699 6.41692e-06 -0.803208
    outer loop
      vertex -2.93241 -22.7 14.4988
      vertex -3.59509 -19.7053 14.9903
      vertex -3.50785 -19.5208 14.9256
    endloop
  endfacet
  facet normal -0.595745 7.75793e-06 -0.803174
    outer loop
      vertex -3.14063 -17.0452 14.6532
      vertex -2.93241 -12.4 14.4988
      vertex -3.11583 -17.55 14.6348
    endloop
  endfacet
  facet normal -0.59568 3.21592e-06 -0.803222
    outer loop
      vertex -3.21479 -16.5453 14.7082
      vertex -2.93241 -12.4 14.4988
      vertex -3.14063 -17.0452 14.6532
    endloop
  endfacet
  facet normal -0.595773 1.30218e-05 -0.803153
    outer loop
      vertex -3.33759 -16.055 14.7993
      vertex -2.93241 -12.4 14.4988
      vertex -3.21479 -16.5453 14.7082
    endloop
  endfacet
  facet normal -0.59576 1.09416e-05 -0.803162
    outer loop
      vertex -3.50785 -15.5792 14.9256
      vertex -2.93241 -12.4 14.4988
      vertex -3.33759 -16.055 14.7993
    endloop
  endfacet
  facet normal -0.595699 -6.41692e-06 -0.803208
    outer loop
      vertex -3.59509 -15.3947 14.9903
      vertex -2.93241 -12.4 14.4988
      vertex -3.50785 -15.5792 14.9256
    endloop
  endfacet
  facet normal -0.595717 0 -0.803194
    outer loop
      vertex -2.93241 -12.4 14.4988
      vertex -3.59509 -15.3947 14.9903
      vertex -3.59509 -12.4 14.9903
    endloop
  endfacet
  facet normal -0.941543 0 -0.336894
    outer loop
      vertex -0.220723 -22.7 10.4405
      vertex -0.49867 -12.4 11.2173
      vertex -0.220723 -12.4 10.4405
    endloop
  endfacet
  facet normal -0.941543 -0 -0.336894
    outer loop
      vertex -0.49867 -12.4 11.2173
      vertex -0.220723 -22.7 10.4405
      vertex -0.49867 -22.7 11.2173
    endloop
  endfacet
  facet normal -0.595689 0 0.803215
    outer loop
      vertex -2.93241 -12.4 1.50121
      vertex -3.11583 -17.55 1.36518
      vertex -2.93241 -22.7 1.50121
    endloop
  endfacet
  facet normal -0.59566 -1.6414e-06 0.803237
    outer loop
      vertex -2.93241 -12.4 1.50121
      vertex -3.14063 -17.0452 1.34679
      vertex -3.11583 -17.55 1.36518
    endloop
  endfacet
  facet normal -0.595691 5.60094e-07 0.803214
    outer loop
      vertex -2.93241 -12.4 1.50121
      vertex -3.21479 -16.5453 1.29179
      vertex -3.14063 -17.0452 1.34679
    endloop
  endfacet
  facet normal -0.595714 2.97018e-06 0.803197
    outer loop
      vertex -2.93241 -12.4 1.50121
      vertex -3.33759 -16.055 1.20071
      vertex -3.21479 -16.5453 1.29179
    endloop
  endfacet
  facet normal -0.595691 -1.03609e-06 0.803214
    outer loop
      vertex -2.93241 -12.4 1.50121
      vertex -3.50785 -15.5792 1.07444
      vertex -3.33759 -16.055 1.20071
    endloop
  endfacet
  facet normal -0.595694 0 0.803212
    outer loop
      vertex -3.59509 -15.3947 1.00974
      vertex -2.93241 -12.4 1.50121
      vertex -3.59509 -12.4 1.00974
    endloop
  endfacet
  facet normal -0.595691 -9.35737e-07 0.803214
    outer loop
      vertex -2.93241 -12.4 1.50121
      vertex -3.59509 -15.3947 1.00974
      vertex -3.50785 -15.5792 1.07444
    endloop
  endfacet
  facet normal -0.59566 1.6414e-06 0.803237
    outer loop
      vertex -3.14063 -18.0548 1.34679
      vertex -2.93241 -22.7 1.50121
      vertex -3.11583 -17.55 1.36518
    endloop
  endfacet
  facet normal -0.595691 -5.60094e-07 0.803214
    outer loop
      vertex -3.21479 -18.5547 1.29179
      vertex -2.93241 -22.7 1.50121
      vertex -3.14063 -18.0548 1.34679
    endloop
  endfacet
  facet normal -0.595714 -2.97018e-06 0.803197
    outer loop
      vertex -3.33759 -19.045 1.20071
      vertex -2.93241 -22.7 1.50121
      vertex -3.21479 -18.5547 1.29179
    endloop
  endfacet
  facet normal -0.595691 1.03609e-06 0.803214
    outer loop
      vertex -3.50785 -19.5208 1.07444
      vertex -2.93241 -22.7 1.50121
      vertex -3.33759 -19.045 1.20071
    endloop
  endfacet
  facet normal -0.595691 9.35737e-07 0.803214
    outer loop
      vertex -3.59509 -19.7053 1.00974
      vertex -2.93241 -22.7 1.50121
      vertex -3.50785 -19.5208 1.07444
    endloop
  endfacet
  facet normal -0.595694 0 0.803212
    outer loop
      vertex -2.93241 -22.7 1.50121
      vertex -3.59509 -19.7053 1.00974
      vertex -3.59509 -22.7 1.00974
    endloop
  endfacet
  facet normal -0.80322 0 -0.595682
    outer loop
      vertex -1.27557 -22.7 12.6707
      vertex -1.76704 -12.4 13.3334
      vertex -1.27557 -12.4 12.6707
    endloop
  endfacet
  facet normal -0.80322 -0 -0.595682
    outer loop
      vertex -1.76704 -12.4 13.3334
      vertex -1.27557 -22.7 12.6707
      vertex -1.76704 -22.7 13.3334
    endloop
  endfacet
  facet normal 0.336884 0 -0.941546
    outer loop
      vertex -10.8044 -12.5526 16.01
      vertex -10.7063 -12.4 16.0451
      vertex -10.7063 -12.6497 16.0451
    endloop
  endfacet
  facet normal 0.336884 0 -0.941546
    outer loop
      vertex -10.7063 -12.4 16.0451
      vertex -10.8044 -12.5526 16.01
      vertex -10.8044 -12.4 16.01
    endloop
  endfacet
  facet normal 0.336884 0 -0.941546
    outer loop
      vertex -10.8044 -22.5474 16.01
      vertex -10.7063 -22.7 16.0451
      vertex -10.8044 -22.7 16.01
    endloop
  endfacet
  facet normal 0.336884 0 -0.941546
    outer loop
      vertex -10.7063 -22.7 16.0451
      vertex -10.8044 -22.5474 16.01
      vertex -10.7063 -22.4503 16.0451
    endloop
  endfacet
  facet normal -0.67156 0 0.740951
    outer loop
      vertex -2.93241 -12.4 1.50121
      vertex -2.3211 -22.7 2.05527
      vertex -2.3211 -12.4 2.05527
    endloop
  endfacet
  facet normal -0.67156 0 0.740951
    outer loop
      vertex -2.3211 -22.7 2.05527
      vertex -2.93241 -12.4 1.50121
      vertex -2.93241 -22.7 1.50121
    endloop
  endfacet
  facet normal -0.243251 0 -0.969963
    outer loop
      vertex -5.83814 -13.0081 16.0483
      vertex -5.82538 -12.4 16.0451
      vertex -5.82538 -13.0158 16.0451
    endloop
  endfacet
  facet normal -0.242904 -7.74436e-06 -0.97005
    outer loop
      vertex -6.29501 -12.792 16.1627
      vertex -5.82538 -12.4 16.0451
      vertex -5.83814 -13.0081 16.0483
    endloop
  endfacet
  facet normal -0.243171 -0 -0.969984
    outer loop
      vertex -6.62569 -12.4 16.2456
      vertex -6.29501 -12.792 16.1627
      vertex -6.62569 -12.6737 16.2456
    endloop
  endfacet
  facet normal -0.243018 0.000137157 -0.970022
    outer loop
      vertex -6.29501 -12.792 16.1627
      vertex -6.62569 -12.4 16.2456
      vertex -5.82538 -12.4 16.0451
    endloop
  endfacet
  facet normal -0.243251 0 -0.969963
    outer loop
      vertex -5.82538 -22.7 16.0451
      vertex -5.83814 -22.0919 16.0483
      vertex -5.82538 -22.0842 16.0451
    endloop
  endfacet
  facet normal -0.242904 7.74436e-06 -0.97005
    outer loop
      vertex -5.82538 -22.7 16.0451
      vertex -6.29501 -22.308 16.1627
      vertex -5.83814 -22.0919 16.0483
    endloop
  endfacet
  facet normal -0.243018 -0.000137157 -0.970022
    outer loop
      vertex -6.62569 -22.7 16.2456
      vertex -6.29501 -22.308 16.1627
      vertex -5.82538 -22.7 16.0451
    endloop
  endfacet
  facet normal -0.243171 0 -0.969984
    outer loop
      vertex -6.29501 -22.308 16.1627
      vertex -6.62569 -22.7 16.2456
      vertex -6.62569 -22.4263 16.2456
    endloop
  endfacet
  facet normal -0.857711 0 -0.514132
    outer loop
      vertex -0.851418 -22.7 11.9631
      vertex -1.27557 -12.4 12.6707
      vertex -0.851418 -12.4 11.9631
    endloop
  endfacet
  facet normal -0.857711 -0 -0.514132
    outer loop
      vertex -1.27557 -12.4 12.6707
      vertex -0.851418 -22.7 11.9631
      vertex -1.27557 -22.7 12.6707
    endloop
  endfacet
  facet normal -0.740951 0 0.67156
    outer loop
      vertex -2.3211 -22.7 2.05527
      vertex -1.76704 -12.4 2.66658
      vertex -2.3211 -12.4 2.05527
    endloop
  endfacet
  facet normal -0.740951 0 0.67156
    outer loop
      vertex -1.76704 -12.4 2.66658
      vertex -2.3211 -22.7 2.05527
      vertex -1.76704 -22.7 2.66658
    endloop
  endfacet
  facet normal -0.514114 0 0.857722
    outer loop
      vertex -3.59509 -12.4 1.00974
      vertex -3.72394 -15.1223 0.932508
      vertex -3.59509 -15.3947 1.00974
    endloop
  endfacet
  facet normal -0.51411 -2.48597e-07 0.857724
    outer loop
      vertex -3.59509 -12.4 1.00974
      vertex -3.98376 -14.6888 0.776775
      vertex -3.72394 -15.1223 0.932508
    endloop
  endfacet
  facet normal -0.514098 -2.91942e-06 0.857731
    outer loop
      vertex -3.59509 -12.4 1.00974
      vertex -4.28483 -14.2829 0.596324
      vertex -3.98376 -14.6888 0.776775
    endloop
  endfacet
  facet normal -0.514102 0 0.857729
    outer loop
      vertex -4.30275 -14.2631 0.585586
      vertex -3.59509 -12.4 1.00974
      vertex -4.30275 -12.4 0.585586
    endloop
  endfacet
  facet normal -0.514032 -3.59516e-05 0.857771
    outer loop
      vertex -3.59509 -12.4 1.00974
      vertex -4.30275 -14.2631 0.585586
      vertex -4.28483 -14.2829 0.596324
    endloop
  endfacet
  facet normal -0.514114 0 0.857722
    outer loop
      vertex -3.72394 -19.9777 0.932508
      vertex -3.59509 -22.7 1.00974
      vertex -3.59509 -19.7053 1.00974
    endloop
  endfacet
  facet normal -0.51411 2.48597e-07 0.857724
    outer loop
      vertex -3.98376 -20.4112 0.776775
      vertex -3.59509 -22.7 1.00974
      vertex -3.72394 -19.9777 0.932508
    endloop
  endfacet
  facet normal -0.514098 2.91942e-06 0.857731
    outer loop
      vertex -4.28483 -20.8171 0.596324
      vertex -3.59509 -22.7 1.00974
      vertex -3.98376 -20.4112 0.776775
    endloop
  endfacet
  facet normal -0.514032 3.59516e-05 0.857771
    outer loop
      vertex -4.30275 -20.8369 0.585586
      vertex -3.59509 -22.7 1.00974
      vertex -4.28483 -20.8171 0.596324
    endloop
  endfacet
  facet normal -0.514102 0 0.857729
    outer loop
      vertex -3.59509 -22.7 1.00974
      vertex -4.30275 -20.8369 0.585586
      vertex -4.30275 -22.7 0.585586
    endloop
  endfacet
  facet normal -0.336872 0 -0.94155
    outer loop
      vertex -5.40465 -13.2679 15.8946
      vertex -5.04857 -12.4 15.7672
      vertex -5.04857 -13.532 15.7672
    endloop
  endfacet
  facet normal -0.336823 -2.26886e-05 -0.941568
    outer loop
      vertex -5.82538 -13.0158 16.0451
      vertex -5.04857 -12.4 15.7672
      vertex -5.40465 -13.2679 15.8946
    endloop
  endfacet
  facet normal -0.336839 0 -0.941562
    outer loop
      vertex -5.04857 -12.4 15.7672
      vertex -5.82538 -13.0158 16.0451
      vertex -5.82538 -12.4 16.0451
    endloop
  endfacet
  facet normal -0.336872 0 -0.94155
    outer loop
      vertex -5.04857 -22.7 15.7672
      vertex -5.40465 -21.8321 15.8946
      vertex -5.04857 -21.568 15.7672
    endloop
  endfacet
  facet normal -0.336839 -0 -0.941562
    outer loop
      vertex -5.82538 -22.0842 16.0451
      vertex -5.04857 -22.7 15.7672
      vertex -5.82538 -22.7 16.0451
    endloop
  endfacet
  facet normal -0.336823 2.26886e-05 -0.941568
    outer loop
      vertex -5.04857 -22.7 15.7672
      vertex -5.82538 -22.0842 16.0451
      vertex -5.40465 -21.8321 15.8946
    endloop
  endfacet
  facet normal -0.989177 0 -0.146729
    outer loop
      vertex 0.100801 -22.7 8.82404
      vertex -0.020256 -12.4 9.64015
      vertex 0.100801 -12.4 8.82404
    endloop
  endfacet
  facet normal -0.989177 -0 -0.146729
    outer loop
      vertex -0.020256 -12.4 9.64015
      vertex 0.100801 -22.7 8.82404
      vertex -0.020256 -22.7 9.64015
    endloop
  endfacet
  facet normal -0.970031 0 0.24298
    outer loop
      vertex -0.220723 -22.7 5.55954
      vertex -0.020256 -12.4 6.35985
      vertex -0.220723 -12.4 5.55954
    endloop
  endfacet
  facet normal -0.970031 0 0.24298
    outer loop
      vertex -0.020256 -12.4 6.35985
      vertex -0.220723 -22.7 5.55954
      vertex -0.020256 -22.7 6.35985
    endloop
  endfacet
  facet normal -0.903984 0 -0.427566
    outer loop
      vertex -0.49867 -22.7 11.2173
      vertex -0.851418 -12.4 11.9631
      vertex -0.49867 -12.4 11.2173
    endloop
  endfacet
  facet normal -0.903984 -0 -0.427566
    outer loop
      vertex -0.851418 -12.4 11.9631
      vertex -0.49867 -22.7 11.2173
      vertex -0.851418 -22.7 11.9631
    endloop
  endfacet
  facet normal -0.336889 0 0.941544
    outer loop
      vertex -5.40465 -21.8321 0.10543
      vertex -5.04857 -22.7 0.232837
      vertex -5.04857 -21.568 0.232837
    endloop
  endfacet
  facet normal -0.336895 -3.07882e-06 0.941542
    outer loop
      vertex -5.6993 -22.0087 0
      vertex -5.04857 -22.7 0.232837
      vertex -5.40465 -21.8321 0.10543
    endloop
  endfacet
  facet normal -0.336893 0 0.941543
    outer loop
      vertex -5.04857 -22.7 0.232837
      vertex -5.6993 -22.0087 0
      vertex -5.6993 -22.7 0
    endloop
  endfacet
  facet normal -0.336889 0 0.941544
    outer loop
      vertex -5.04857 -12.4 0.232837
      vertex -5.40465 -13.2679 0.10543
      vertex -5.04857 -13.532 0.232837
    endloop
  endfacet
  facet normal -0.336893 0 0.941543
    outer loop
      vertex -5.6993 -13.0913 0
      vertex -5.04857 -12.4 0.232837
      vertex -5.6993 -12.4 0
    endloop
  endfacet
  facet normal -0.336895 3.07882e-06 0.941542
    outer loop
      vertex -5.04857 -12.4 0.232837
      vertex -5.6993 -13.0913 0
      vertex -5.40465 -13.2679 0.10543
    endloop
  endfacet
  facet normal -0.513957 0 -0.857816
    outer loop
      vertex -3.59509 -22.7 14.9903
      vertex -3.72394 -19.9777 15.0675
      vertex -3.59509 -19.7053 14.9903
    endloop
  endfacet
  facet normal -0.514024 -4.31718e-06 -0.857776
    outer loop
      vertex -3.59509 -22.7 14.9903
      vertex -3.98376 -20.4112 15.2232
      vertex -3.72394 -19.9777 15.0675
    endloop
  endfacet
  facet normal -0.514162 -3.61895e-05 -0.857693
    outer loop
      vertex -3.59509 -22.7 14.9903
      vertex -4.28483 -20.8171 15.4037
      vertex -3.98376 -20.4112 15.2232
    endloop
  endfacet
  facet normal -0.514054 -0 -0.857758
    outer loop
      vertex -4.30275 -20.8369 15.4144
      vertex -3.59509 -22.7 14.9903
      vertex -4.30275 -22.7 15.4144
    endloop
  endfacet
  facet normal -0.513074 0.000505426 -0.858344
    outer loop
      vertex -3.59509 -22.7 14.9903
      vertex -4.30275 -20.8369 15.4144
      vertex -4.28483 -20.8171 15.4037
    endloop
  endfacet
  facet normal -0.513957 0 -0.857816
    outer loop
      vertex -3.72394 -15.1223 15.0675
      vertex -3.59509 -12.4 14.9903
      vertex -3.59509 -15.3947 14.9903
    endloop
  endfacet
  facet normal -0.514024 4.31718e-06 -0.857776
    outer loop
      vertex -3.98376 -14.6888 15.2232
      vertex -3.59509 -12.4 14.9903
      vertex -3.72394 -15.1223 15.0675
    endloop
  endfacet
  facet normal -0.514162 3.61895e-05 -0.857693
    outer loop
      vertex -4.28483 -14.2829 15.4037
      vertex -3.59509 -12.4 14.9903
      vertex -3.98376 -14.6888 15.2232
    endloop
  endfacet
  facet normal -0.513074 -0.000505426 -0.858344
    outer loop
      vertex -4.30275 -14.2631 15.4144
      vertex -3.59509 -12.4 14.9903
      vertex -4.28483 -14.2829 15.4037
    endloop
  endfacet
  facet normal -0.514054 0 -0.857758
    outer loop
      vertex -3.59509 -12.4 14.9903
      vertex -4.30275 -14.2631 15.4144
      vertex -4.30275 -12.4 15.4144
    endloop
  endfacet
  facet normal -0.998795 0 0.0490671
    outer loop
      vertex 0.100801 -22.7 7.17596
      vertex 0.141283 -12.4 8
      vertex 0.100801 -12.4 7.17596
    endloop
  endfacet
  facet normal -0.998795 0 0.0490671
    outer loop
      vertex 0.141283 -12.4 8
      vertex 0.100801 -22.7 7.17596
      vertex 0.141283 -22.7 8
    endloop
  endfacet
  facet normal -0.427565 0 0.903985
    outer loop
      vertex -4.62423 -21.1916 0.433533
      vertex -4.30275 -22.7 0.585586
      vertex -4.30275 -20.8369 0.585586
    endloop
  endfacet
  facet normal -0.427554 2.9491e-06 0.90399
    outer loop
      vertex -4.99871 -21.531 0.256419
      vertex -4.30275 -22.7 0.585586
      vertex -4.62423 -21.1916 0.433533
    endloop
  endfacet
  facet normal -0.427556 1.4834e-06 0.903989
    outer loop
      vertex -5.04857 -21.568 0.232837
      vertex -4.30275 -22.7 0.585586
      vertex -4.99871 -21.531 0.256419
    endloop
  endfacet
  facet normal -0.427557 0 0.903988
    outer loop
      vertex -4.30275 -22.7 0.585586
      vertex -5.04857 -21.568 0.232837
      vertex -5.04857 -22.7 0.232837
    endloop
  endfacet
  facet normal -0.427565 0 0.903985
    outer loop
      vertex -4.30275 -12.4 0.585586
      vertex -4.62423 -13.9084 0.433533
      vertex -4.30275 -14.2631 0.585586
    endloop
  endfacet
  facet normal -0.427554 -2.9491e-06 0.90399
    outer loop
      vertex -4.30275 -12.4 0.585586
      vertex -4.99871 -13.569 0.256419
      vertex -4.62423 -13.9084 0.433533
    endloop
  endfacet
  facet normal -0.427557 0 0.903988
    outer loop
      vertex -5.04857 -13.532 0.232837
      vertex -4.30275 -12.4 0.585586
      vertex -5.04857 -12.4 0.232837
    endloop
  endfacet
  facet normal -0.427556 -1.4834e-06 0.903989
    outer loop
      vertex -4.30275 -12.4 0.585586
      vertex -5.04857 -13.532 0.232837
      vertex -4.99871 -13.569 0.256419
    endloop
  endfacet
  facet normal -0.146494 0 -0.989212
    outer loop
      vertex -6.62569 -22.7 16.2456
      vertex -6.77087 -22.4782 16.2671
      vertex -6.62569 -22.4263 16.2456
    endloop
  endfacet
  facet normal -0.14666 -0.000111068 -0.989187
    outer loop
      vertex -6.62569 -22.7 16.2456
      vertex -7.26112 -22.601 16.3398
      vertex -6.77087 -22.4782 16.2671
    endloop
  endfacet
  facet normal -0.146663 -0.000127453 -0.989187
    outer loop
      vertex -7.44179 -22.7 16.3666
      vertex -7.26112 -22.601 16.3398
      vertex -6.62569 -22.7 16.2456
    endloop
  endfacet
  facet normal -0.146731 0 -0.989176
    outer loop
      vertex -7.26112 -22.601 16.3398
      vertex -7.44179 -22.7 16.3666
      vertex -7.44179 -22.6278 16.3666
    endloop
  endfacet
  facet normal -0.146494 0 -0.989212
    outer loop
      vertex -6.77087 -12.6218 16.2671
      vertex -6.62569 -12.4 16.2456
      vertex -6.62569 -12.6737 16.2456
    endloop
  endfacet
  facet normal -0.14666 0.000111068 -0.989187
    outer loop
      vertex -7.26112 -12.499 16.3398
      vertex -6.62569 -12.4 16.2456
      vertex -6.77087 -12.6218 16.2671
    endloop
  endfacet
  facet normal -0.146731 -0 -0.989176
    outer loop
      vertex -7.44179 -12.4 16.3666
      vertex -7.26112 -12.499 16.3398
      vertex -7.44179 -12.4722 16.3666
    endloop
  endfacet
  facet normal -0.146663 0.000127453 -0.989187
    outer loop
      vertex -7.26112 -12.499 16.3398
      vertex -7.44179 -12.4 16.3666
      vertex -6.62569 -12.4 16.2456
    endloop
  endfacet
  facet normal -0.970034 0 -0.242969
    outer loop
      vertex -0.020256 -22.7 9.64015
      vertex -0.220723 -12.4 10.4405
      vertex -0.020256 -12.4 9.64015
    endloop
  endfacet
  facet normal -0.970034 -0 -0.242969
    outer loop
      vertex -0.220723 -12.4 10.4405
      vertex -0.020256 -22.7 9.64015
      vertex -0.220723 -22.7 10.4405
    endloop
  endfacet
  facet normal -0.989177 0 0.146729
    outer loop
      vertex -0.020256 -22.7 6.35985
      vertex 0.100801 -12.4 7.17596
      vertex -0.020256 -12.4 6.35985
    endloop
  endfacet
  facet normal -0.989177 0 0.146729
    outer loop
      vertex 0.100801 -12.4 7.17596
      vertex -0.020256 -22.7 6.35985
      vertex 0.100801 -22.7 7.17596
    endloop
  endfacet
  facet normal -0.941543 0 0.336894
    outer loop
      vertex -0.49867 -22.7 4.78274
      vertex -0.220723 -12.4 5.55954
      vertex -0.49867 -12.4 4.78274
    endloop
  endfacet
  facet normal -0.941543 0 0.336894
    outer loop
      vertex -0.220723 -12.4 5.55954
      vertex -0.49867 -22.7 4.78274
      vertex -0.220723 -22.7 5.55954
    endloop
  endfacet
  facet normal -0.671586 0 -0.740926
    outer loop
      vertex -2.93241 -22.7 14.4988
      vertex -2.3211 -12.4 13.9447
      vertex -2.3211 -22.7 13.9447
    endloop
  endfacet
  facet normal -0.671586 0 -0.740926
    outer loop
      vertex -2.3211 -12.4 13.9447
      vertex -2.93241 -22.7 14.4988
      vertex -2.93241 -12.4 14.4988
    endloop
  endfacet
  facet normal -0.740945 0 -0.671566
    outer loop
      vertex -1.76704 -22.7 13.3334
      vertex -2.3211 -12.4 13.9447
      vertex -1.76704 -12.4 13.3334
    endloop
  endfacet
  facet normal -0.740945 -0 -0.671566
    outer loop
      vertex -2.3211 -12.4 13.9447
      vertex -1.76704 -22.7 13.3334
      vertex -2.3211 -22.7 13.9447
    endloop
  endfacet
  facet normal -0.998795 0 -0.0490671
    outer loop
      vertex 0.141283 -22.7 8
      vertex 0.100801 -12.4 8.82404
      vertex 0.141283 -12.4 8
    endloop
  endfacet
  facet normal -0.998795 -0 -0.0490671
    outer loop
      vertex 0.100801 -12.4 8.82404
      vertex 0.141283 -22.7 8
      vertex 0.100801 -22.7 8.82404
    endloop
  endfacet
  facet normal -0.803212 0 0.595694
    outer loop
      vertex -1.76704 -22.7 2.66658
      vertex -1.27557 -12.4 3.32926
      vertex -1.76704 -12.4 2.66658
    endloop
  endfacet
  facet normal -0.803212 0 0.595694
    outer loop
      vertex -1.27557 -12.4 3.32926
      vertex -1.76704 -22.7 2.66658
      vertex -1.27557 -22.7 3.32926
    endloop
  endfacet
  facet normal -0.857727 0 0.514105
    outer loop
      vertex -1.27557 -22.7 3.32926
      vertex -0.851418 -12.4 4.03691
      vertex -1.27557 -12.4 3.32926
    endloop
  endfacet
  facet normal -0.857727 0 0.514105
    outer loop
      vertex -0.851418 -12.4 4.03691
      vertex -1.27557 -22.7 3.32926
      vertex -0.851418 -22.7 4.03691
    endloop
  endfacet
  facet normal -0.427673 0 -0.903934
    outer loop
      vertex -4.30275 -22.7 15.4144
      vertex -4.62423 -21.1916 15.5665
      vertex -4.30275 -20.8369 15.4144
    endloop
  endfacet
  facet normal -0.427548 3.25932e-05 -0.903993
    outer loop
      vertex -4.30275 -22.7 15.4144
      vertex -4.99871 -21.531 15.7436
      vertex -4.62423 -21.1916 15.5665
    endloop
  endfacet
  facet normal -0.427608 -0 -0.903964
    outer loop
      vertex -5.04857 -21.568 15.7672
      vertex -4.30275 -22.7 15.4144
      vertex -5.04857 -22.7 15.7672
    endloop
  endfacet
  facet normal -0.427751 -0.000115562 -0.903896
    outer loop
      vertex -4.30275 -22.7 15.4144
      vertex -5.04857 -21.568 15.7672
      vertex -4.99871 -21.531 15.7436
    endloop
  endfacet
  facet normal -0.427673 0 -0.903934
    outer loop
      vertex -4.62423 -13.9084 15.5665
      vertex -4.30275 -12.4 15.4144
      vertex -4.30275 -14.2631 15.4144
    endloop
  endfacet
  facet normal -0.427548 -3.25932e-05 -0.903993
    outer loop
      vertex -4.99871 -13.569 15.7436
      vertex -4.30275 -12.4 15.4144
      vertex -4.62423 -13.9084 15.5665
    endloop
  endfacet
  facet normal -0.427751 0.000115562 -0.903896
    outer loop
      vertex -5.04857 -13.532 15.7672
      vertex -4.30275 -12.4 15.4144
      vertex -4.99871 -13.569 15.7436
    endloop
  endfacet
  facet normal -0.427608 0 -0.903964
    outer loop
      vertex -4.30275 -12.4 15.4144
      vertex -5.04857 -13.532 15.7672
      vertex -5.04857 -12.4 15.7672
    endloop
  endfacet
  facet normal -0.903991 0 0.427552
    outer loop
      vertex -0.851418 -22.7 4.03691
      vertex -0.49867 -12.4 4.78274
      vertex -0.851418 -12.4 4.03691
    endloop
  endfacet
  facet normal -0.903991 0 0.427552
    outer loop
      vertex -0.49867 -12.4 4.78274
      vertex -0.851418 -22.7 4.03691
      vertex -0.49867 -22.7 4.78274
    endloop
  endfacet
  facet normal 0.146739 0 0.989175
    outer loop
      vertex -8.67552 -22.7 5.94035
      vertex -8.47167 -27.7 5.91011
      vertex -8.47167 -22.7 5.91011
    endloop
  endfacet
  facet normal 0.146739 0 0.989175
    outer loop
      vertex -8.47167 -27.7 5.91011
      vertex -8.67552 -22.7 5.94035
      vertex -8.67552 -27.7 5.94035
    endloop
  endfacet
  facet normal 0.146739 0 0.989175
    outer loop
      vertex -8.67552 9.5 5.94035
      vertex -8.47167 -12.4 5.91011
      vertex -8.47167 9.5 5.91011
    endloop
  endfacet
  facet normal 0.146739 0 0.989175
    outer loop
      vertex -8.47167 -12.4 5.91011
      vertex -8.67552 9.5 5.94035
      vertex -8.67552 -12.4 5.94035
    endloop
  endfacet
  facet normal 0.0490083 0 -0.998798
    outer loop
      vertex -8.47167 -27.7 10.0899
      vertex -8.26583 -22.7 10.1
      vertex -8.26583 -27.7 10.1
    endloop
  endfacet
  facet normal 0.0490083 0 -0.998798
    outer loop
      vertex -8.26583 -22.7 10.1
      vertex -8.47167 -27.7 10.0899
      vertex -8.47167 -22.7 10.0899
    endloop
  endfacet
  facet normal 0.0490083 0 -0.998798
    outer loop
      vertex -8.47167 -12.4 10.0899
      vertex -8.26583 9.5 10.1
      vertex -8.26583 -12.4 10.1
    endloop
  endfacet
  facet normal 0.0490083 0 -0.998798
    outer loop
      vertex -8.26583 9.5 10.1
      vertex -8.47167 -12.4 10.0899
      vertex -8.47167 9.5 10.0899
    endloop
  endfacet
  facet normal 0.147023 0 -0.989133
    outer loop
      vertex -8.67552 -27.7 10.0596
      vertex -8.47167 -22.7 10.0899
      vertex -8.47167 -27.7 10.0899
    endloop
  endfacet
  facet normal 0.147023 0 -0.989133
    outer loop
      vertex -8.47167 -22.7 10.0899
      vertex -8.67552 -27.7 10.0596
      vertex -8.67552 -22.7 10.0596
    endloop
  endfacet
  facet normal 0.147023 0 -0.989133
    outer loop
      vertex -8.67552 -12.4 10.0596
      vertex -8.47167 9.5 10.0899
      vertex -8.47167 -12.4 10.0899
    endloop
  endfacet
  facet normal 0.147023 0 -0.989133
    outer loop
      vertex -8.47167 9.5 10.0899
      vertex -8.67552 -12.4 10.0596
      vertex -8.67552 9.5 10.0596
    endloop
  endfacet
  facet normal -0.998794 0 0.0491051
    outer loop
      vertex -6.17595 -12.4 7.79416
      vertex -6.16583 9.5 8
      vertex -6.17595 9.5 7.79416
    endloop
  endfacet
  facet normal -0.998794 0 0.0491051
    outer loop
      vertex -6.16583 9.5 8
      vertex -6.17595 -12.4 7.79416
      vertex -6.16583 -12.4 8
    endloop
  endfacet
  facet normal -0.998794 0 0.0491051
    outer loop
      vertex -6.17595 -27.7 7.79416
      vertex -6.16583 -22.7 8
      vertex -6.17595 -22.7 7.79416
    endloop
  endfacet
  facet normal -0.998794 0 0.0491051
    outer loop
      vertex -6.16583 -22.7 8
      vertex -6.17595 -27.7 7.79416
      vertex -6.16583 -27.7 8
    endloop
  endfacet
  facet normal 0.857626 0 -0.514275
    outer loop
      vertex -10.0119 -27.7 9.1667
      vertex -10.1179 -22.7 8.98993
      vertex -10.0119 -22.7 9.1667
    endloop
  endfacet
  facet normal 0.857626 0 -0.514275
    outer loop
      vertex -10.1179 -22.7 8.98993
      vertex -10.0119 -27.7 9.1667
      vertex -10.1179 -27.7 8.98993
    endloop
  endfacet
  facet normal 0.857626 0 -0.514275
    outer loop
      vertex -10.0119 -12.4 9.1667
      vertex -10.1179 9.5 8.98993
      vertex -10.0119 9.5 9.1667
    endloop
  endfacet
  facet normal 0.857626 0 -0.514275
    outer loop
      vertex -10.1179 9.5 8.98993
      vertex -10.0119 -12.4 9.1667
      vertex -10.1179 -12.4 8.98993
    endloop
  endfacet
  facet normal 0.336853 0 0.941557
    outer loop
      vertex -9.06947 -22.7 6.05985
      vertex -8.87543 -27.7 5.99043
      vertex -8.87543 -22.7 5.99043
    endloop
  endfacet
  facet normal 0.336853 0 0.941557
    outer loop
      vertex -8.87543 -27.7 5.99043
      vertex -9.06947 -22.7 6.05985
      vertex -9.06947 -27.7 6.05985
    endloop
  endfacet
  facet normal 0.336853 0 0.941557
    outer loop
      vertex -9.06947 9.5 6.05985
      vertex -8.87543 -12.4 5.99043
      vertex -8.87543 9.5 5.99043
    endloop
  endfacet
  facet normal 0.336853 0 0.941557
    outer loop
      vertex -8.87543 -12.4 5.99043
      vertex -9.06947 9.5 6.05985
      vertex -9.06947 -12.4 6.05985
    endloop
  endfacet
  facet normal 0.740927 0 -0.671585
    outer loop
      vertex -9.75076 -27.7 9.48492
      vertex -9.88916 -22.7 9.33223
      vertex -9.75076 -22.7 9.48492
    endloop
  endfacet
  facet normal 0.740927 0 -0.671585
    outer loop
      vertex -9.88916 -22.7 9.33223
      vertex -9.75076 -27.7 9.48492
      vertex -9.88916 -27.7 9.33223
    endloop
  endfacet
  facet normal 0.740927 0 -0.671585
    outer loop
      vertex -9.75076 -12.4 9.48492
      vertex -9.88916 9.5 9.33223
      vertex -9.75076 9.5 9.48492
    endloop
  endfacet
  facet normal 0.740927 0 -0.671585
    outer loop
      vertex -9.88916 9.5 9.33223
      vertex -9.75076 -12.4 9.48492
      vertex -9.88916 -12.4 9.33223
    endloop
  endfacet
  facet normal -0.903987 0 -0.427561
    outer loop
      vertex -6.32569 -27.7 8.80364
      vertex -6.4138 -22.7 8.98993
      vertex -6.32569 -22.7 8.80364
    endloop
  endfacet
  facet normal -0.903987 -0 -0.427561
    outer loop
      vertex -6.4138 -22.7 8.98993
      vertex -6.32569 -27.7 8.80364
      vertex -6.4138 -27.7 8.98993
    endloop
  endfacet
  facet normal -0.903987 0 -0.427561
    outer loop
      vertex -6.32569 -12.4 8.80364
      vertex -6.4138 9.5 8.98993
      vertex -6.32569 9.5 8.80364
    endloop
  endfacet
  facet normal -0.903987 -0 -0.427561
    outer loop
      vertex -6.4138 9.5 8.98993
      vertex -6.32569 -12.4 8.80364
      vertex -6.4138 -12.4 8.98993
    endloop
  endfacet
  facet normal -0.147016 0 -0.989134
    outer loop
      vertex -8.06 -27.7 10.0899
      vertex -7.85614 -22.7 10.0596
      vertex -7.85614 -27.7 10.0596
    endloop
  endfacet
  facet normal -0.147016 0 -0.989134
    outer loop
      vertex -7.85614 -22.7 10.0596
      vertex -8.06 -27.7 10.0899
      vertex -8.06 -22.7 10.0899
    endloop
  endfacet
  facet normal -0.147016 0 -0.989134
    outer loop
      vertex -8.06 -12.4 10.0899
      vertex -7.85614 9.5 10.0596
      vertex -7.85614 -12.4 10.0596
    endloop
  endfacet
  facet normal -0.147016 0 -0.989134
    outer loop
      vertex -7.85614 9.5 10.0596
      vertex -8.06 -12.4 10.0899
      vertex -8.06 9.5 10.0899
    endloop
  endfacet
  facet normal -0.336997 0 -0.941506
    outer loop
      vertex -7.65623 -27.7 10.0096
      vertex -7.4622 -22.7 9.94015
      vertex -7.4622 -27.7 9.94015
    endloop
  endfacet
  facet normal -0.336997 0 -0.941506
    outer loop
      vertex -7.4622 -22.7 9.94015
      vertex -7.65623 -27.7 10.0096
      vertex -7.65623 -22.7 10.0096
    endloop
  endfacet
  facet normal -0.336997 0 -0.941506
    outer loop
      vertex -7.65623 -12.4 10.0096
      vertex -7.4622 9.5 9.94015
      vertex -7.4622 -12.4 9.94015
    endloop
  endfacet
  facet normal -0.336997 0 -0.941506
    outer loop
      vertex -7.4622 9.5 9.94015
      vertex -7.65623 -12.4 10.0096
      vertex -7.65623 9.5 10.0096
    endloop
  endfacet
  facet normal -0.242638 0 -0.970117
    outer loop
      vertex -7.85614 -27.7 10.0596
      vertex -7.65623 -22.7 10.0096
      vertex -7.65623 -27.7 10.0096
    endloop
  endfacet
  facet normal -0.242638 0 -0.970117
    outer loop
      vertex -7.65623 -22.7 10.0096
      vertex -7.85614 -27.7 10.0596
      vertex -7.85614 -22.7 10.0596
    endloop
  endfacet
  facet normal -0.242638 0 -0.970117
    outer loop
      vertex -7.85614 -12.4 10.0596
      vertex -7.65623 9.5 10.0096
      vertex -7.65623 -12.4 10.0096
    endloop
  endfacet
  facet normal -0.242638 0 -0.970117
    outer loop
      vertex -7.65623 9.5 10.0096
      vertex -7.85614 -12.4 10.0596
      vertex -7.85614 9.5 10.0596
    endloop
  endfacet
  facet normal 0.989203 0 -0.146549
    outer loop
      vertex -10.3255 -12.4 8.40969
      vertex -10.3557 9.5 8.20584
      vertex -10.3255 9.5 8.40969
    endloop
  endfacet
  facet normal 0.989203 0 -0.146549
    outer loop
      vertex -10.3557 9.5 8.20584
      vertex -10.3255 -12.4 8.40969
      vertex -10.3557 -12.4 8.20584
    endloop
  endfacet
  facet normal 0.989203 0 -0.146549
    outer loop
      vertex -10.3255 -27.7 8.40969
      vertex -10.3557 -22.7 8.20584
      vertex -10.3255 -22.7 8.40969
    endloop
  endfacet
  facet normal 0.989203 0 -0.146549
    outer loop
      vertex -10.3557 -22.7 8.20584
      vertex -10.3255 -27.7 8.40969
      vertex -10.3557 -27.7 8.20584
    endloop
  endfacet
  facet normal -0.514117 0 -0.85772
    outer loop
      vertex -7.2759 -27.7 9.85204
      vertex -7.09914 -22.7 9.74609
      vertex -7.09914 -27.7 9.74609
    endloop
  endfacet
  facet normal -0.514117 0 -0.85772
    outer loop
      vertex -7.09914 -22.7 9.74609
      vertex -7.2759 -27.7 9.85204
      vertex -7.2759 -22.7 9.85204
    endloop
  endfacet
  facet normal -0.514117 0 -0.85772
    outer loop
      vertex -7.2759 -12.4 9.85204
      vertex -7.09914 9.5 9.74609
      vertex -7.09914 -12.4 9.74609
    endloop
  endfacet
  facet normal -0.514117 0 -0.85772
    outer loop
      vertex -7.09914 9.5 9.74609
      vertex -7.2759 -12.4 9.85204
      vertex -7.2759 9.5 9.85204
    endloop
  endfacet
  facet normal 0.514117 0 -0.85772
    outer loop
      vertex -9.43253 -27.7 9.74609
      vertex -9.25577 -22.7 9.85204
      vertex -9.25577 -27.7 9.85204
    endloop
  endfacet
  facet normal 0.514117 0 -0.85772
    outer loop
      vertex -9.25577 -22.7 9.85204
      vertex -9.43253 -27.7 9.74609
      vertex -9.43253 -22.7 9.74609
    endloop
  endfacet
  facet normal 0.514117 0 -0.85772
    outer loop
      vertex -9.43253 -12.4 9.74609
      vertex -9.25577 9.5 9.85204
      vertex -9.25577 -12.4 9.85204
    endloop
  endfacet
  facet normal 0.514117 0 -0.85772
    outer loop
      vertex -9.25577 9.5 9.85204
      vertex -9.43253 -12.4 9.74609
      vertex -9.43253 9.5 9.74609
    endloop
  endfacet
  facet normal -0.0490107 0 -0.998798
    outer loop
      vertex -8.26583 -27.7 10.1
      vertex -8.06 -22.7 10.0899
      vertex -8.06 -27.7 10.0899
    endloop
  endfacet
  facet normal -0.0490107 0 -0.998798
    outer loop
      vertex -8.06 -22.7 10.0899
      vertex -8.26583 -27.7 10.1
      vertex -8.26583 -22.7 10.1
    endloop
  endfacet
  facet normal -0.0490107 0 -0.998798
    outer loop
      vertex -8.26583 -12.4 10.1
      vertex -8.06 9.5 10.0899
      vertex -8.06 -12.4 10.0899
    endloop
  endfacet
  facet normal -0.0490107 0 -0.998798
    outer loop
      vertex -8.06 9.5 10.0899
      vertex -8.26583 -12.4 10.1
      vertex -8.26583 9.5 10.1
    endloop
  endfacet
  facet normal 0.671561 0 0.740949
    outer loop
      vertex -9.75076 -22.7 6.51508
      vertex -9.59806 -27.7 6.37668
      vertex -9.59806 -22.7 6.37668
    endloop
  endfacet
  facet normal 0.671561 0 0.740949
    outer loop
      vertex -9.59806 -27.7 6.37668
      vertex -9.75076 -22.7 6.51508
      vertex -9.75076 -27.7 6.51508
    endloop
  endfacet
  facet normal 0.671561 0 0.740949
    outer loop
      vertex -9.75076 9.5 6.51508
      vertex -9.59806 -12.4 6.37668
      vertex -9.59806 9.5 6.37668
    endloop
  endfacet
  facet normal 0.671561 0 0.740949
    outer loop
      vertex -9.59806 -12.4 6.37668
      vertex -9.75076 9.5 6.51508
      vertex -9.75076 -12.4 6.51508
    endloop
  endfacet
  facet normal -0.427582 0 0.903977
    outer loop
      vertex -7.4622 -22.7 6.05985
      vertex -7.2759 -27.7 6.14797
      vertex -7.2759 -22.7 6.14797
    endloop
  endfacet
  facet normal -0.427582 0 0.903977
    outer loop
      vertex -7.2759 -27.7 6.14797
      vertex -7.4622 -22.7 6.05985
      vertex -7.4622 -27.7 6.05985
    endloop
  endfacet
  facet normal -0.427582 0 0.903977
    outer loop
      vertex -7.4622 9.5 6.05985
      vertex -7.2759 -12.4 6.14797
      vertex -7.2759 9.5 6.14797
    endloop
  endfacet
  facet normal -0.427582 0 0.903977
    outer loop
      vertex -7.2759 -12.4 6.14797
      vertex -7.4622 9.5 6.05985
      vertex -7.4622 -12.4 6.05985
    endloop
  endfacet
  facet normal -0.740927 0 0.671585
    outer loop
      vertex -6.78091 -27.7 6.51508
      vertex -6.64251 -22.7 6.66777
      vertex -6.78091 -22.7 6.51508
    endloop
  endfacet
  facet normal -0.740927 0 0.671585
    outer loop
      vertex -6.64251 -22.7 6.66777
      vertex -6.78091 -27.7 6.51508
      vertex -6.64251 -27.7 6.66777
    endloop
  endfacet
  facet normal -0.740927 0 0.671585
    outer loop
      vertex -6.78091 -12.4 6.51508
      vertex -6.64251 9.5 6.66777
      vertex -6.78091 9.5 6.51508
    endloop
  endfacet
  facet normal -0.740927 0 0.671585
    outer loop
      vertex -6.64251 9.5 6.66777
      vertex -6.78091 -12.4 6.51508
      vertex -6.64251 -12.4 6.66777
    endloop
  endfacet
  facet normal 0.336982 0 -0.941511
    outer loop
      vertex -9.06947 -27.7 9.94015
      vertex -8.87543 -22.7 10.0096
      vertex -8.87543 -27.7 10.0096
    endloop
  endfacet
  facet normal 0.336982 0 -0.941511
    outer loop
      vertex -8.87543 -22.7 10.0096
      vertex -9.06947 -27.7 9.94015
      vertex -9.06947 -22.7 9.94015
    endloop
  endfacet
  facet normal 0.336982 0 -0.941511
    outer loop
      vertex -9.06947 -12.4 9.94015
      vertex -8.87543 9.5 10.0096
      vertex -8.87543 -12.4 10.0096
    endloop
  endfacet
  facet normal 0.336982 0 -0.941511
    outer loop
      vertex -8.87543 9.5 10.0096
      vertex -9.06947 -12.4 9.94015
      vertex -9.06947 9.5 9.94015
    endloop
  endfacet
  facet normal -0.80322 0 -0.595682
    outer loop
      vertex -6.51975 -27.7 9.1667
      vertex -6.64251 -22.7 9.33223
      vertex -6.51975 -22.7 9.1667
    endloop
  endfacet
  facet normal -0.80322 -0 -0.595682
    outer loop
      vertex -6.64251 -22.7 9.33223
      vertex -6.51975 -27.7 9.1667
      vertex -6.64251 -27.7 9.33223
    endloop
  endfacet
  facet normal -0.80322 0 -0.595682
    outer loop
      vertex -6.51975 -12.4 9.1667
      vertex -6.64251 9.5 9.33223
      vertex -6.51975 9.5 9.1667
    endloop
  endfacet
  facet normal -0.80322 -0 -0.595682
    outer loop
      vertex -6.64251 9.5 9.33223
      vertex -6.51975 -12.4 9.1667
      vertex -6.64251 -12.4 9.33223
    endloop
  endfacet
  facet normal 0.803267 -0 0.59562
    outer loop
      vertex -10.0119 -27.7 6.8333
      vertex -9.88916 -22.7 6.66777
      vertex -10.0119 -22.7 6.8333
    endloop
  endfacet
  facet normal 0.803267 0 0.59562
    outer loop
      vertex -9.88916 -22.7 6.66777
      vertex -10.0119 -27.7 6.8333
      vertex -9.88916 -27.7 6.66777
    endloop
  endfacet
  facet normal 0.803267 -0 0.59562
    outer loop
      vertex -10.0119 -12.4 6.8333
      vertex -9.88916 9.5 6.66777
      vertex -10.0119 9.5 6.8333
    endloop
  endfacet
  facet normal 0.803267 0 0.59562
    outer loop
      vertex -9.88916 9.5 6.66777
      vertex -10.0119 -12.4 6.8333
      vertex -9.88916 -12.4 6.66777
    endloop
  endfacet
  facet normal 0.514082 0 0.857741
    outer loop
      vertex -9.43253 -22.7 6.25391
      vertex -9.25577 -27.7 6.14797
      vertex -9.25577 -22.7 6.14797
    endloop
  endfacet
  facet normal 0.514082 0 0.857741
    outer loop
      vertex -9.25577 -27.7 6.14797
      vertex -9.43253 -22.7 6.25391
      vertex -9.43253 -27.7 6.25391
    endloop
  endfacet
  facet normal 0.514082 0 0.857741
    outer loop
      vertex -9.43253 9.5 6.25391
      vertex -9.25577 -12.4 6.14797
      vertex -9.25577 9.5 6.14797
    endloop
  endfacet
  facet normal 0.514082 0 0.857741
    outer loop
      vertex -9.25577 -12.4 6.14797
      vertex -9.43253 9.5 6.25391
      vertex -9.43253 -12.4 6.25391
    endloop
  endfacet
  facet normal -0.857733 0 -0.514096
    outer loop
      vertex -6.4138 -27.7 8.98993
      vertex -6.51975 -22.7 9.1667
      vertex -6.4138 -22.7 8.98993
    endloop
  endfacet
  facet normal -0.857733 -0 -0.514096
    outer loop
      vertex -6.51975 -22.7 9.1667
      vertex -6.4138 -27.7 8.98993
      vertex -6.51975 -27.7 9.1667
    endloop
  endfacet
  facet normal -0.857733 0 -0.514096
    outer loop
      vertex -6.4138 -12.4 8.98993
      vertex -6.51975 9.5 9.1667
      vertex -6.4138 9.5 8.98993
    endloop
  endfacet
  facet normal -0.857733 -0 -0.514096
    outer loop
      vertex -6.51975 9.5 9.1667
      vertex -6.4138 -12.4 8.98993
      vertex -6.51975 -12.4 9.1667
    endloop
  endfacet
  facet normal 0.595714 0 0.803197
    outer loop
      vertex -9.59806 -22.7 6.37668
      vertex -9.43253 -27.7 6.25391
      vertex -9.43253 -22.7 6.25391
    endloop
  endfacet
  facet normal 0.595714 0 0.803197
    outer loop
      vertex -9.43253 -27.7 6.25391
      vertex -9.59806 -22.7 6.37668
      vertex -9.59806 -27.7 6.37668
    endloop
  endfacet
  facet normal 0.595714 0 0.803197
    outer loop
      vertex -9.59806 9.5 6.37668
      vertex -9.43253 -12.4 6.25391
      vertex -9.43253 9.5 6.25391
    endloop
  endfacet
  facet normal 0.595714 0 0.803197
    outer loop
      vertex -9.43253 -12.4 6.25391
      vertex -9.59806 9.5 6.37668
      vertex -9.59806 -12.4 6.37668
    endloop
  endfacet
  facet normal 0.242638 0 -0.970117
    outer loop
      vertex -8.87543 -27.7 10.0096
      vertex -8.67552 -22.7 10.0596
      vertex -8.67552 -27.7 10.0596
    endloop
  endfacet
  facet normal 0.242638 0 -0.970117
    outer loop
      vertex -8.67552 -22.7 10.0596
      vertex -8.87543 -27.7 10.0096
      vertex -8.87543 -22.7 10.0096
    endloop
  endfacet
  facet normal 0.242638 0 -0.970117
    outer loop
      vertex -8.87543 -12.4 10.0096
      vertex -8.67552 9.5 10.0596
      vertex -8.67552 -12.4 10.0596
    endloop
  endfacet
  facet normal 0.242638 0 -0.970117
    outer loop
      vertex -8.67552 9.5 10.0596
      vertex -8.87543 -12.4 10.0096
      vertex -8.87543 9.5 10.0096
    endloop
  endfacet
  facet normal -0.989182 0 -0.146691
    outer loop
      vertex -6.17595 -12.4 8.20584
      vertex -6.20618 9.5 8.40969
      vertex -6.17595 9.5 8.20584
    endloop
  endfacet
  facet normal -0.989182 -0 -0.146691
    outer loop
      vertex -6.20618 9.5 8.40969
      vertex -6.17595 -12.4 8.20584
      vertex -6.20618 -12.4 8.40969
    endloop
  endfacet
  facet normal -0.989182 0 -0.146691
    outer loop
      vertex -6.17595 -27.7 8.20584
      vertex -6.20618 -22.7 8.40969
      vertex -6.17595 -22.7 8.20584
    endloop
  endfacet
  facet normal -0.989182 -0 -0.146691
    outer loop
      vertex -6.20618 -22.7 8.40969
      vertex -6.17595 -27.7 8.20584
      vertex -6.20618 -27.7 8.40969
    endloop
  endfacet
  facet normal 0.740927 -0 0.671585
    outer loop
      vertex -9.88916 -27.7 6.66777
      vertex -9.75076 -22.7 6.51508
      vertex -9.88916 -22.7 6.66777
    endloop
  endfacet
  facet normal 0.740927 0 0.671585
    outer loop
      vertex -9.75076 -22.7 6.51508
      vertex -9.88916 -27.7 6.66777
      vertex -9.75076 -27.7 6.51508
    endloop
  endfacet
  facet normal 0.740927 -0 0.671585
    outer loop
      vertex -9.88916 -12.4 6.66777
      vertex -9.75076 9.5 6.51508
      vertex -9.88916 9.5 6.66777
    endloop
  endfacet
  facet normal 0.740927 0 0.671585
    outer loop
      vertex -9.75076 9.5 6.51508
      vertex -9.88916 -12.4 6.66777
      vertex -9.75076 -12.4 6.51508
    endloop
  endfacet
  facet normal -0.941536 0 0.336911
    outer loop
      vertex -6.32569 -12.4 7.19637
      vertex -6.25626 9.5 7.3904
      vertex -6.32569 9.5 7.19637
    endloop
  endfacet
  facet normal -0.941536 0 0.336911
    outer loop
      vertex -6.25626 9.5 7.3904
      vertex -6.32569 -12.4 7.19637
      vertex -6.25626 -12.4 7.3904
    endloop
  endfacet
  facet normal -0.941536 0 0.336911
    outer loop
      vertex -6.32569 -27.7 7.19637
      vertex -6.25626 -22.7 7.3904
      vertex -6.32569 -22.7 7.19637
    endloop
  endfacet
  facet normal -0.941536 0 0.336911
    outer loop
      vertex -6.25626 -22.7 7.3904
      vertex -6.32569 -27.7 7.19637
      vertex -6.25626 -27.7 7.3904
    endloop
  endfacet
  facet normal 0.904005 0 -0.427521
    outer loop
      vertex -10.1179 -27.7 8.98993
      vertex -10.206 -22.7 8.80364
      vertex -10.1179 -22.7 8.98993
    endloop
  endfacet
  facet normal 0.904005 0 -0.427521
    outer loop
      vertex -10.206 -22.7 8.80364
      vertex -10.1179 -27.7 8.98993
      vertex -10.206 -27.7 8.80364
    endloop
  endfacet
  facet normal 0.904005 0 -0.427521
    outer loop
      vertex -10.1179 -12.4 8.98993
      vertex -10.206 9.5 8.80364
      vertex -10.1179 9.5 8.98993
    endloop
  endfacet
  facet normal 0.904005 0 -0.427521
    outer loop
      vertex -10.206 9.5 8.80364
      vertex -10.1179 -12.4 8.98993
      vertex -10.206 -12.4 8.80364
    endloop
  endfacet
  facet normal 0.970002 0 -0.243095
    outer loop
      vertex -10.2754 -27.7 8.6096
      vertex -10.3255 -22.7 8.40969
      vertex -10.2754 -22.7 8.6096
    endloop
  endfacet
  facet normal 0.970002 0 -0.243095
    outer loop
      vertex -10.3255 -22.7 8.40969
      vertex -10.2754 -27.7 8.6096
      vertex -10.3255 -27.7 8.40969
    endloop
  endfacet
  facet normal 0.970002 0 -0.243095
    outer loop
      vertex -10.2754 -12.4 8.6096
      vertex -10.3255 9.5 8.40969
      vertex -10.2754 9.5 8.6096
    endloop
  endfacet
  facet normal 0.970002 0 -0.243095
    outer loop
      vertex -10.3255 9.5 8.40969
      vertex -10.2754 -12.4 8.6096
      vertex -10.3255 -12.4 8.40969
    endloop
  endfacet
  facet normal -0.595714 0 -0.803197
    outer loop
      vertex -7.09914 -27.7 9.74609
      vertex -6.93361 -22.7 9.62332
      vertex -6.93361 -27.7 9.62332
    endloop
  endfacet
  facet normal -0.595714 0 -0.803197
    outer loop
      vertex -6.93361 -22.7 9.62332
      vertex -7.09914 -27.7 9.74609
      vertex -7.09914 -22.7 9.74609
    endloop
  endfacet
  facet normal -0.595714 0 -0.803197
    outer loop
      vertex -7.09914 -12.4 9.74609
      vertex -6.93361 9.5 9.62332
      vertex -6.93361 -12.4 9.62332
    endloop
  endfacet
  facet normal -0.595714 0 -0.803197
    outer loop
      vertex -6.93361 9.5 9.62332
      vertex -7.09914 -12.4 9.74609
      vertex -7.09914 9.5 9.74609
    endloop
  endfacet
  facet normal -0.336868 0 0.941552
    outer loop
      vertex -7.65623 -22.7 5.99043
      vertex -7.4622 -27.7 6.05985
      vertex -7.4622 -22.7 6.05985
    endloop
  endfacet
  facet normal -0.336868 0 0.941552
    outer loop
      vertex -7.4622 -27.7 6.05985
      vertex -7.65623 -22.7 5.99043
      vertex -7.65623 -27.7 5.99043
    endloop
  endfacet
  facet normal -0.336868 0 0.941552
    outer loop
      vertex -7.65623 9.5 5.99043
      vertex -7.4622 -12.4 6.05985
      vertex -7.4622 9.5 6.05985
    endloop
  endfacet
  facet normal -0.336868 0 0.941552
    outer loop
      vertex -7.4622 -12.4 6.05985
      vertex -7.65623 9.5 5.99043
      vertex -7.65623 -12.4 5.99043
    endloop
  endfacet
  facet normal -0.80322 0 0.595682
    outer loop
      vertex -6.64251 -27.7 6.66777
      vertex -6.51975 -22.7 6.8333
      vertex -6.64251 -22.7 6.66777
    endloop
  endfacet
  facet normal -0.80322 0 0.595682
    outer loop
      vertex -6.51975 -22.7 6.8333
      vertex -6.64251 -27.7 6.66777
      vertex -6.51975 -27.7 6.8333
    endloop
  endfacet
  facet normal -0.80322 0 0.595682
    outer loop
      vertex -6.64251 -12.4 6.66777
      vertex -6.51975 9.5 6.8333
      vertex -6.64251 9.5 6.66777
    endloop
  endfacet
  facet normal -0.80322 0 0.595682
    outer loop
      vertex -6.51975 9.5 6.8333
      vertex -6.64251 -12.4 6.66777
      vertex -6.51975 -12.4 6.8333
    endloop
  endfacet
  facet normal -0.671561 0 0.740949
    outer loop
      vertex -6.93361 -22.7 6.37668
      vertex -6.78091 -27.7 6.51508
      vertex -6.78091 -22.7 6.51508
    endloop
  endfacet
  facet normal -0.671561 0 0.740949
    outer loop
      vertex -6.78091 -27.7 6.51508
      vertex -6.93361 -22.7 6.37668
      vertex -6.93361 -27.7 6.37668
    endloop
  endfacet
  facet normal -0.671561 0 0.740949
    outer loop
      vertex -6.93361 9.5 6.37668
      vertex -6.78091 -12.4 6.51508
      vertex -6.78091 9.5 6.51508
    endloop
  endfacet
  facet normal -0.671561 0 0.740949
    outer loop
      vertex -6.78091 -12.4 6.51508
      vertex -6.93361 9.5 6.37668
      vertex -6.93361 -12.4 6.37668
    endloop
  endfacet
  facet normal 0.427542 0 -0.903996
    outer loop
      vertex -9.25577 -27.7 9.85204
      vertex -9.06947 -22.7 9.94015
      vertex -9.06947 -27.7 9.94015
    endloop
  endfacet
  facet normal 0.427542 0 -0.903996
    outer loop
      vertex -9.06947 -22.7 9.94015
      vertex -9.25577 -27.7 9.85204
      vertex -9.25577 -22.7 9.85204
    endloop
  endfacet
  facet normal 0.427542 0 -0.903996
    outer loop
      vertex -9.25577 -12.4 9.85204
      vertex -9.06947 9.5 9.94015
      vertex -9.06947 -12.4 9.94015
    endloop
  endfacet
  facet normal 0.427542 0 -0.903996
    outer loop
      vertex -9.06947 9.5 9.94015
      vertex -9.25577 -12.4 9.85204
      vertex -9.25577 9.5 9.85204
    endloop
  endfacet
  facet normal -0.514082 0 0.857741
    outer loop
      vertex -7.2759 -22.7 6.14797
      vertex -7.09914 -27.7 6.25391
      vertex -7.09914 -22.7 6.25391
    endloop
  endfacet
  facet normal -0.514082 0 0.857741
    outer loop
      vertex -7.09914 -27.7 6.25391
      vertex -7.2759 -22.7 6.14797
      vertex -7.2759 -27.7 6.14797
    endloop
  endfacet
  facet normal -0.514082 0 0.857741
    outer loop
      vertex -7.2759 9.5 6.14797
      vertex -7.09914 -12.4 6.25391
      vertex -7.09914 9.5 6.25391
    endloop
  endfacet
  facet normal -0.514082 0 0.857741
    outer loop
      vertex -7.09914 -12.4 6.25391
      vertex -7.2759 9.5 6.14797
      vertex -7.2759 -12.4 6.14797
    endloop
  endfacet
  facet normal -0.740927 0 -0.671585
    outer loop
      vertex -6.64251 -27.7 9.33223
      vertex -6.78091 -22.7 9.48492
      vertex -6.64251 -22.7 9.33223
    endloop
  endfacet
  facet normal -0.740927 -0 -0.671585
    outer loop
      vertex -6.78091 -22.7 9.48492
      vertex -6.64251 -27.7 9.33223
      vertex -6.78091 -27.7 9.48492
    endloop
  endfacet
  facet normal -0.740927 0 -0.671585
    outer loop
      vertex -6.64251 -12.4 9.33223
      vertex -6.78091 9.5 9.48492
      vertex -6.64251 9.5 9.33223
    endloop
  endfacet
  facet normal -0.740927 -0 -0.671585
    outer loop
      vertex -6.78091 9.5 9.48492
      vertex -6.64251 -12.4 9.33223
      vertex -6.78091 -12.4 9.48492
    endloop
  endfacet
  facet normal -0.903996 0 0.427542
    outer loop
      vertex -6.4138 -27.7 7.01007
      vertex -6.32569 -22.7 7.19637
      vertex -6.4138 -22.7 7.01007
    endloop
  endfacet
  facet normal -0.903996 0 0.427542
    outer loop
      vertex -6.32569 -22.7 7.19637
      vertex -6.4138 -27.7 7.01007
      vertex -6.32569 -27.7 7.19637
    endloop
  endfacet
  facet normal -0.903996 0 0.427542
    outer loop
      vertex -6.4138 -12.4 7.01007
      vertex -6.32569 9.5 7.19637
      vertex -6.4138 9.5 7.01007
    endloop
  endfacet
  facet normal -0.903996 0 0.427542
    outer loop
      vertex -6.32569 9.5 7.19637
      vertex -6.4138 -12.4 7.01007
      vertex -6.32569 -12.4 7.19637
    endloop
  endfacet
  facet normal 0.803267 0 -0.59562
    outer loop
      vertex -9.88916 -27.7 9.33223
      vertex -10.0119 -22.7 9.1667
      vertex -9.88916 -22.7 9.33223
    endloop
  endfacet
  facet normal 0.803267 0 -0.59562
    outer loop
      vertex -10.0119 -22.7 9.1667
      vertex -9.88916 -27.7 9.33223
      vertex -10.0119 -27.7 9.1667
    endloop
  endfacet
  facet normal 0.803267 0 -0.59562
    outer loop
      vertex -9.88916 -12.4 9.33223
      vertex -10.0119 9.5 9.1667
      vertex -9.88916 9.5 9.33223
    endloop
  endfacet
  facet normal 0.803267 0 -0.59562
    outer loop
      vertex -10.0119 9.5 9.1667
      vertex -9.88916 -12.4 9.33223
      vertex -10.0119 -12.4 9.1667
    endloop
  endfacet
  facet normal -0.671561 0 -0.740949
    outer loop
      vertex -6.93361 -27.7 9.62332
      vertex -6.78091 -22.7 9.48492
      vertex -6.78091 -27.7 9.48492
    endloop
  endfacet
  facet normal -0.671561 0 -0.740949
    outer loop
      vertex -6.78091 -22.7 9.48492
      vertex -6.93361 -27.7 9.62332
      vertex -6.93361 -22.7 9.62332
    endloop
  endfacet
  facet normal -0.671561 0 -0.740949
    outer loop
      vertex -6.93361 -12.4 9.62332
      vertex -6.78091 9.5 9.48492
      vertex -6.78091 -12.4 9.48492
    endloop
  endfacet
  facet normal -0.671561 0 -0.740949
    outer loop
      vertex -6.78091 9.5 9.48492
      vertex -6.93361 -12.4 9.62332
      vertex -6.93361 9.5 9.62332
    endloop
  endfacet
  facet normal -0.243004 0 0.970025
    outer loop
      vertex -7.85614 -22.7 5.94035
      vertex -7.65623 -27.7 5.99043
      vertex -7.65623 -22.7 5.99043
    endloop
  endfacet
  facet normal -0.243004 0 0.970025
    outer loop
      vertex -7.65623 -27.7 5.99043
      vertex -7.85614 -22.7 5.94035
      vertex -7.85614 -27.7 5.94035
    endloop
  endfacet
  facet normal -0.243004 0 0.970025
    outer loop
      vertex -7.85614 9.5 5.94035
      vertex -7.65623 -12.4 5.99043
      vertex -7.65623 9.5 5.99043
    endloop
  endfacet
  facet normal -0.243004 0 0.970025
    outer loop
      vertex -7.65623 -12.4 5.99043
      vertex -7.85614 9.5 5.94035
      vertex -7.85614 -12.4 5.94035
    endloop
  endfacet
  facet normal 0.595714 0 -0.803197
    outer loop
      vertex -9.59806 -27.7 9.62332
      vertex -9.43253 -22.7 9.74609
      vertex -9.43253 -27.7 9.74609
    endloop
  endfacet
  facet normal 0.595714 0 -0.803197
    outer loop
      vertex -9.43253 -22.7 9.74609
      vertex -9.59806 -27.7 9.62332
      vertex -9.59806 -22.7 9.62332
    endloop
  endfacet
  facet normal 0.595714 0 -0.803197
    outer loop
      vertex -9.59806 -12.4 9.62332
      vertex -9.43253 9.5 9.74609
      vertex -9.43253 -12.4 9.74609
    endloop
  endfacet
  facet normal 0.595714 0 -0.803197
    outer loop
      vertex -9.43253 9.5 9.74609
      vertex -9.59806 -12.4 9.62332
      vertex -9.59806 9.5 9.62332
    endloop
  endfacet
  facet normal -0.998794 0 -0.0491051
    outer loop
      vertex -6.16583 -12.4 8
      vertex -6.17595 9.5 8.20584
      vertex -6.16583 9.5 8
    endloop
  endfacet
  facet normal -0.998794 -0 -0.0491051
    outer loop
      vertex -6.17595 9.5 8.20584
      vertex -6.16583 -12.4 8
      vertex -6.17595 -12.4 8.20584
    endloop
  endfacet
  facet normal -0.998794 0 -0.0491051
    outer loop
      vertex -6.16583 -27.7 8
      vertex -6.17595 -22.7 8.20584
      vertex -6.16583 -22.7 8
    endloop
  endfacet
  facet normal -0.998794 -0 -0.0491051
    outer loop
      vertex -6.17595 -22.7 8.20584
      vertex -6.16583 -27.7 8
      vertex -6.17595 -27.7 8.20584
    endloop
  endfacet
  facet normal 0.941583 -0 0.336782
    outer loop
      vertex -10.2754 -27.7 7.3904
      vertex -10.206 -22.7 7.19637
      vertex -10.2754 -22.7 7.3904
    endloop
  endfacet
  facet normal 0.941583 0 0.336782
    outer loop
      vertex -10.206 -22.7 7.19637
      vertex -10.2754 -27.7 7.3904
      vertex -10.206 -27.7 7.19637
    endloop
  endfacet
  facet normal 0.941583 -0 0.336782
    outer loop
      vertex -10.2754 -12.4 7.3904
      vertex -10.206 9.5 7.19637
      vertex -10.2754 9.5 7.3904
    endloop
  endfacet
  facet normal 0.941583 0 0.336782
    outer loop
      vertex -10.206 9.5 7.19637
      vertex -10.2754 -12.4 7.3904
      vertex -10.206 -12.4 7.19637
    endloop
  endfacet
  facet normal 0.0490567 0 0.998796
    outer loop
      vertex -8.47167 -22.7 5.91011
      vertex -8.26583 -27.7 5.9
      vertex -8.26583 -22.7 5.9
    endloop
  endfacet
  facet normal 0.0490567 0 0.998796
    outer loop
      vertex -8.26583 -27.7 5.9
      vertex -8.47167 -22.7 5.91011
      vertex -8.47167 -27.7 5.91011
    endloop
  endfacet
  facet normal 0.0490567 0 0.998796
    outer loop
      vertex -8.47167 9.5 5.91011
      vertex -8.26583 -12.4 5.9
      vertex -8.26583 9.5 5.9
    endloop
  endfacet
  facet normal 0.0490567 0 0.998796
    outer loop
      vertex -8.26583 -12.4 5.9
      vertex -8.47167 9.5 5.91011
      vertex -8.47167 -12.4 5.91011
    endloop
  endfacet
  facet normal 0.998798 0 -0.0490083
    outer loop
      vertex -10.3557 -12.4 8.20584
      vertex -10.3658 9.5 8
      vertex -10.3557 9.5 8.20584
    endloop
  endfacet
  facet normal 0.998798 0 -0.0490083
    outer loop
      vertex -10.3658 9.5 8
      vertex -10.3557 -12.4 8.20584
      vertex -10.3658 -12.4 8
    endloop
  endfacet
  facet normal 0.998798 0 -0.0490083
    outer loop
      vertex -10.3557 -27.7 8.20584
      vertex -10.3658 -22.7 8
      vertex -10.3557 -22.7 8.20584
    endloop
  endfacet
  facet normal 0.998798 0 -0.0490083
    outer loop
      vertex -10.3658 -22.7 8
      vertex -10.3557 -27.7 8.20584
      vertex -10.3658 -27.7 8
    endloop
  endfacet
  facet normal -0.857733 0 0.514096
    outer loop
      vertex -6.51975 -27.7 6.8333
      vertex -6.4138 -22.7 7.01007
      vertex -6.51975 -22.7 6.8333
    endloop
  endfacet
  facet normal -0.857733 0 0.514096
    outer loop
      vertex -6.4138 -22.7 7.01007
      vertex -6.51975 -27.7 6.8333
      vertex -6.4138 -27.7 7.01007
    endloop
  endfacet
  facet normal -0.857733 0 0.514096
    outer loop
      vertex -6.51975 -12.4 6.8333
      vertex -6.4138 9.5 7.01007
      vertex -6.51975 9.5 6.8333
    endloop
  endfacet
  facet normal -0.857733 0 0.514096
    outer loop
      vertex -6.4138 9.5 7.01007
      vertex -6.51975 -12.4 6.8333
      vertex -6.4138 -12.4 7.01007
    endloop
  endfacet
  facet normal -0.146732 0 0.989176
    outer loop
      vertex -8.06 -22.7 5.91011
      vertex -7.85614 -27.7 5.94035
      vertex -7.85614 -22.7 5.94035
    endloop
  endfacet
  facet normal -0.146732 0 0.989176
    outer loop
      vertex -7.85614 -27.7 5.94035
      vertex -8.06 -22.7 5.91011
      vertex -8.06 -27.7 5.91011
    endloop
  endfacet
  facet normal -0.146732 0 0.989176
    outer loop
      vertex -8.06 9.5 5.91011
      vertex -7.85614 -12.4 5.94035
      vertex -7.85614 9.5 5.94035
    endloop
  endfacet
  facet normal -0.146732 0 0.989176
    outer loop
      vertex -7.85614 -12.4 5.94035
      vertex -8.06 9.5 5.91011
      vertex -8.06 -12.4 5.91011
    endloop
  endfacet
  facet normal 0.998798 -0 0.0490083
    outer loop
      vertex -10.3658 -12.4 8
      vertex -10.3557 9.5 7.79416
      vertex -10.3658 9.5 8
    endloop
  endfacet
  facet normal 0.998798 0 0.0490083
    outer loop
      vertex -10.3557 9.5 7.79416
      vertex -10.3658 -12.4 8
      vertex -10.3557 -12.4 7.79416
    endloop
  endfacet
  facet normal 0.998798 -0 0.0490083
    outer loop
      vertex -10.3658 -27.7 8
      vertex -10.3557 -22.7 7.79416
      vertex -10.3658 -22.7 8
    endloop
  endfacet
  facet normal 0.998798 0 0.0490083
    outer loop
      vertex -10.3557 -22.7 7.79416
      vertex -10.3658 -27.7 8
      vertex -10.3557 -27.7 7.79416
    endloop
  endfacet
  facet normal -0.970025 0 0.243004
    outer loop
      vertex -6.25626 -12.4 7.3904
      vertex -6.20618 9.5 7.59031
      vertex -6.25626 9.5 7.3904
    endloop
  endfacet
  facet normal -0.970025 0 0.243004
    outer loop
      vertex -6.20618 9.5 7.59031
      vertex -6.25626 -12.4 7.3904
      vertex -6.20618 -12.4 7.59031
    endloop
  endfacet
  facet normal -0.970025 0 0.243004
    outer loop
      vertex -6.25626 -27.7 7.3904
      vertex -6.20618 -22.7 7.59031
      vertex -6.25626 -22.7 7.3904
    endloop
  endfacet
  facet normal -0.970025 0 0.243004
    outer loop
      vertex -6.20618 -22.7 7.59031
      vertex -6.25626 -27.7 7.3904
      vertex -6.20618 -27.7 7.59031
    endloop
  endfacet
  facet normal 0.970002 -0 0.243095
    outer loop
      vertex -10.3255 -27.7 7.59031
      vertex -10.2754 -22.7 7.3904
      vertex -10.3255 -22.7 7.59031
    endloop
  endfacet
  facet normal 0.970002 0 0.243095
    outer loop
      vertex -10.2754 -22.7 7.3904
      vertex -10.3255 -27.7 7.59031
      vertex -10.2754 -27.7 7.3904
    endloop
  endfacet
  facet normal 0.970002 -0 0.243095
    outer loop
      vertex -10.3255 -12.4 7.59031
      vertex -10.2754 9.5 7.3904
      vertex -10.3255 9.5 7.59031
    endloop
  endfacet
  facet normal 0.970002 0 0.243095
    outer loop
      vertex -10.2754 9.5 7.3904
      vertex -10.3255 -12.4 7.59031
      vertex -10.2754 -12.4 7.3904
    endloop
  endfacet
  facet normal 0.989203 -0 0.146549
    outer loop
      vertex -10.3557 -12.4 7.79416
      vertex -10.3255 9.5 7.59031
      vertex -10.3557 9.5 7.79416
    endloop
  endfacet
  facet normal 0.989203 0 0.146549
    outer loop
      vertex -10.3255 9.5 7.59031
      vertex -10.3557 -12.4 7.79416
      vertex -10.3255 -12.4 7.59031
    endloop
  endfacet
  facet normal 0.989203 -0 0.146549
    outer loop
      vertex -10.3557 -27.7 7.79416
      vertex -10.3255 -22.7 7.59031
      vertex -10.3557 -22.7 7.79416
    endloop
  endfacet
  facet normal 0.989203 0 0.146549
    outer loop
      vertex -10.3255 -22.7 7.59031
      vertex -10.3557 -27.7 7.79416
      vertex -10.3255 -27.7 7.59031
    endloop
  endfacet
  facet normal -0.989182 0 0.146691
    outer loop
      vertex -6.20618 -12.4 7.59031
      vertex -6.17595 9.5 7.79416
      vertex -6.20618 9.5 7.59031
    endloop
  endfacet
  facet normal -0.989182 0 0.146691
    outer loop
      vertex -6.17595 9.5 7.79416
      vertex -6.20618 -12.4 7.59031
      vertex -6.17595 -12.4 7.79416
    endloop
  endfacet
  facet normal -0.989182 0 0.146691
    outer loop
      vertex -6.20618 -27.7 7.59031
      vertex -6.17595 -22.7 7.79416
      vertex -6.20618 -22.7 7.59031
    endloop
  endfacet
  facet normal -0.989182 0 0.146691
    outer loop
      vertex -6.17595 -22.7 7.79416
      vertex -6.20618 -27.7 7.59031
      vertex -6.17595 -27.7 7.79416
    endloop
  endfacet
  facet normal -0.595714 0 0.803197
    outer loop
      vertex -7.09914 -22.7 6.25391
      vertex -6.93361 -27.7 6.37668
      vertex -6.93361 -22.7 6.37668
    endloop
  endfacet
  facet normal -0.595714 0 0.803197
    outer loop
      vertex -6.93361 -27.7 6.37668
      vertex -7.09914 -22.7 6.25391
      vertex -7.09914 -27.7 6.25391
    endloop
  endfacet
  facet normal -0.595714 0 0.803197
    outer loop
      vertex -7.09914 9.5 6.25391
      vertex -6.93361 -12.4 6.37668
      vertex -6.93361 9.5 6.37668
    endloop
  endfacet
  facet normal -0.595714 0 0.803197
    outer loop
      vertex -6.93361 -12.4 6.37668
      vertex -7.09914 9.5 6.25391
      vertex -7.09914 -12.4 6.25391
    endloop
  endfacet
  facet normal 0.941588 0 -0.336767
    outer loop
      vertex -10.206 -27.7 8.80364
      vertex -10.2754 -22.7 8.6096
      vertex -10.206 -22.7 8.80364
    endloop
  endfacet
  facet normal 0.941588 0 -0.336767
    outer loop
      vertex -10.2754 -22.7 8.6096
      vertex -10.206 -27.7 8.80364
      vertex -10.2754 -27.7 8.6096
    endloop
  endfacet
  facet normal 0.941588 0 -0.336767
    outer loop
      vertex -10.206 -12.4 8.80364
      vertex -10.2754 9.5 8.6096
      vertex -10.206 9.5 8.80364
    endloop
  endfacet
  facet normal 0.941588 0 -0.336767
    outer loop
      vertex -10.2754 9.5 8.6096
      vertex -10.206 -12.4 8.80364
      vertex -10.2754 -12.4 8.6096
    endloop
  endfacet
  facet normal -0.0490591 0 0.998796
    outer loop
      vertex -8.26583 -22.7 5.9
      vertex -8.06 -27.7 5.91011
      vertex -8.06 -22.7 5.91011
    endloop
  endfacet
  facet normal -0.0490591 0 0.998796
    outer loop
      vertex -8.06 -27.7 5.91011
      vertex -8.26583 -22.7 5.9
      vertex -8.26583 -27.7 5.9
    endloop
  endfacet
  facet normal -0.0490591 0 0.998796
    outer loop
      vertex -8.26583 9.5 5.9
      vertex -8.06 -12.4 5.91011
      vertex -8.06 9.5 5.91011
    endloop
  endfacet
  facet normal -0.0490591 0 0.998796
    outer loop
      vertex -8.06 -12.4 5.91011
      vertex -8.26583 9.5 5.9
      vertex -8.26583 -12.4 5.9
    endloop
  endfacet
  facet normal -0.941542 0 -0.336896
    outer loop
      vertex -6.25626 -12.4 8.6096
      vertex -6.32569 9.5 8.80364
      vertex -6.25626 9.5 8.6096
    endloop
  endfacet
  facet normal -0.941542 -0 -0.336896
    outer loop
      vertex -6.32569 9.5 8.80364
      vertex -6.25626 -12.4 8.6096
      vertex -6.32569 -12.4 8.80364
    endloop
  endfacet
  facet normal -0.941542 0 -0.336896
    outer loop
      vertex -6.25626 -27.7 8.6096
      vertex -6.32569 -22.7 8.80364
      vertex -6.25626 -22.7 8.6096
    endloop
  endfacet
  facet normal -0.941542 -0 -0.336896
    outer loop
      vertex -6.32569 -22.7 8.80364
      vertex -6.25626 -27.7 8.6096
      vertex -6.32569 -27.7 8.80364
    endloop
  endfacet
  facet normal 0.671561 0 -0.740949
    outer loop
      vertex -9.75076 -27.7 9.48492
      vertex -9.59806 -22.7 9.62332
      vertex -9.59806 -27.7 9.62332
    endloop
  endfacet
  facet normal 0.671561 0 -0.740949
    outer loop
      vertex -9.59806 -22.7 9.62332
      vertex -9.75076 -27.7 9.48492
      vertex -9.75076 -22.7 9.48492
    endloop
  endfacet
  facet normal 0.671561 0 -0.740949
    outer loop
      vertex -9.75076 -12.4 9.48492
      vertex -9.59806 9.5 9.62332
      vertex -9.59806 -12.4 9.62332
    endloop
  endfacet
  facet normal 0.671561 0 -0.740949
    outer loop
      vertex -9.59806 9.5 9.62332
      vertex -9.75076 -12.4 9.48492
      vertex -9.75076 9.5 9.48492
    endloop
  endfacet
  facet normal -0.970025 0 -0.243004
    outer loop
      vertex -6.20618 -12.4 8.40969
      vertex -6.25626 9.5 8.6096
      vertex -6.20618 9.5 8.40969
    endloop
  endfacet
  facet normal -0.970025 -0 -0.243004
    outer loop
      vertex -6.25626 9.5 8.6096
      vertex -6.20618 -12.4 8.40969
      vertex -6.25626 -12.4 8.6096
    endloop
  endfacet
  facet normal -0.970025 0 -0.243004
    outer loop
      vertex -6.20618 -27.7 8.40969
      vertex -6.25626 -22.7 8.6096
      vertex -6.20618 -22.7 8.40969
    endloop
  endfacet
  facet normal -0.970025 -0 -0.243004
    outer loop
      vertex -6.25626 -22.7 8.6096
      vertex -6.20618 -27.7 8.40969
      vertex -6.25626 -27.7 8.6096
    endloop
  endfacet
  facet normal -0.427542 0 -0.903996
    outer loop
      vertex -7.4622 -27.7 9.94015
      vertex -7.2759 -22.7 9.85204
      vertex -7.2759 -27.7 9.85204
    endloop
  endfacet
  facet normal -0.427542 0 -0.903996
    outer loop
      vertex -7.2759 -22.7 9.85204
      vertex -7.4622 -27.7 9.94015
      vertex -7.4622 -22.7 9.94015
    endloop
  endfacet
  facet normal -0.427542 0 -0.903996
    outer loop
      vertex -7.4622 -12.4 9.94015
      vertex -7.2759 9.5 9.85204
      vertex -7.2759 -12.4 9.85204
    endloop
  endfacet
  facet normal -0.427542 0 -0.903996
    outer loop
      vertex -7.2759 9.5 9.85204
      vertex -7.4622 -12.4 9.94015
      vertex -7.4622 9.5 9.94015
    endloop
  endfacet
  facet normal 0.857626 -0 0.514275
    outer loop
      vertex -10.1179 -27.7 7.01007
      vertex -10.0119 -22.7 6.8333
      vertex -10.1179 -22.7 7.01007
    endloop
  endfacet
  facet normal 0.857626 0 0.514275
    outer loop
      vertex -10.0119 -22.7 6.8333
      vertex -10.1179 -27.7 7.01007
      vertex -10.0119 -27.7 6.8333
    endloop
  endfacet
  facet normal 0.857626 -0 0.514275
    outer loop
      vertex -10.1179 -12.4 7.01007
      vertex -10.0119 9.5 6.8333
      vertex -10.1179 9.5 7.01007
    endloop
  endfacet
  facet normal 0.857626 0 0.514275
    outer loop
      vertex -10.0119 9.5 6.8333
      vertex -10.1179 -12.4 7.01007
      vertex -10.0119 -12.4 6.8333
    endloop
  endfacet
  facet normal 0.904014 -0 0.427502
    outer loop
      vertex -10.206 -27.7 7.19637
      vertex -10.1179 -22.7 7.01007
      vertex -10.206 -22.7 7.19637
    endloop
  endfacet
  facet normal 0.904014 0 0.427502
    outer loop
      vertex -10.1179 -22.7 7.01007
      vertex -10.206 -27.7 7.19637
      vertex -10.1179 -27.7 7.01007
    endloop
  endfacet
  facet normal 0.904014 -0 0.427502
    outer loop
      vertex -10.206 -12.4 7.19637
      vertex -10.1179 9.5 7.01007
      vertex -10.206 9.5 7.19637
    endloop
  endfacet
  facet normal 0.904014 0 0.427502
    outer loop
      vertex -10.1179 9.5 7.01007
      vertex -10.206 -12.4 7.19637
      vertex -10.1179 -12.4 7.01007
    endloop
  endfacet
  facet normal 0.243004 0 0.970025
    outer loop
      vertex -8.87543 -22.7 5.99043
      vertex -8.67552 -27.7 5.94035
      vertex -8.67552 -22.7 5.94035
    endloop
  endfacet
  facet normal 0.243004 0 0.970025
    outer loop
      vertex -8.67552 -27.7 5.94035
      vertex -8.87543 -22.7 5.99043
      vertex -8.87543 -27.7 5.99043
    endloop
  endfacet
  facet normal 0.243004 0 0.970025
    outer loop
      vertex -8.87543 9.5 5.99043
      vertex -8.67552 -12.4 5.94035
      vertex -8.67552 9.5 5.94035
    endloop
  endfacet
  facet normal 0.243004 0 0.970025
    outer loop
      vertex -8.67552 -12.4 5.94035
      vertex -8.87543 9.5 5.99043
      vertex -8.87543 -12.4 5.99043
    endloop
  endfacet
  facet normal 0.427582 0 0.903977
    outer loop
      vertex -9.25577 -22.7 6.14797
      vertex -9.06947 -27.7 6.05985
      vertex -9.06947 -22.7 6.05985
    endloop
  endfacet
  facet normal 0.427582 0 0.903977
    outer loop
      vertex -9.06947 -27.7 6.05985
      vertex -9.25577 -22.7 6.14797
      vertex -9.25577 -27.7 6.14797
    endloop
  endfacet
  facet normal 0.427582 0 0.903977
    outer loop
      vertex -9.25577 9.5 6.14797
      vertex -9.06947 -12.4 6.05985
      vertex -9.06947 9.5 6.05985
    endloop
  endfacet
  facet normal 0.427582 0 0.903977
    outer loop
      vertex -9.06947 -12.4 6.05985
      vertex -9.25577 9.5 6.14797
      vertex -9.25577 -12.4 6.14797
    endloop
  endfacet
endsolid OpenSCAD_Model
